time,tmax,tmin,baselineTmax,baselineTmin,p90Tmax,tmaxAnomaly,isHotSpellDay
2006-01-01,11.1,9.5,10.531398,5.955806,13.2,0.568602,False
2006-01-02,12.6,10.1,10.490968,5.933441,13.2,2.109032,False
2006-01-03,11.5,10.0,10.449677,5.900323,13.2,1.050323,False
2006-01-04,11.1,7.0,10.397097,5.880108,13.1,0.702903,False
2006-01-05,7.3,4.8,10.357419,5.856022,13.1,-3.057419,False
2006-01-06,5.7,3.4,10.316774,5.836022,13.1,-4.616774,False
2006-01-07,6.6,3.9,10.296774,5.791613,13.2,-3.696774,False
2006-01-08,9.1,2.9,10.280538,5.771398,13.2,-1.180538,False
2006-01-09,10.0,2.4,10.244624,5.745591,13.2,-0.244624,False
2006-01-10,9.8,3.3,10.239355,5.709462,13.2,-0.439355,False
2006-01-11,7.6,3.9,10.222581,5.679462,13.3,-2.622581,False
2006-01-12,8.4,6.2,10.253118,5.646774,13.31,-1.853118,False
2006-01-13,7.6,7.0,10.280323,5.639462,13.4,-2.680323,False
2006-01-14,10.7,7.6,10.333226,5.621828,13.5,0.366774,False
2006-01-15,10.1,5.2,10.382366,5.611075,13.61,-0.282366,False
2006-01-16,9.8,6.2,10.413871,5.635591,13.8,-0.613871,False
2006-01-17,9.5,8.2,10.446452,5.647634,13.9,-0.946452,False
2006-01-18,8.9,7.9,10.468065,5.657527,13.9,-1.568065,False
2006-01-19,9.0,7.2,10.492043,5.669462,14.0,-1.492043,False
2006-01-20,7.9,6.7,10.559462,5.676129,14.2,-2.659462,False
2006-01-21,7.7,5.9,10.650753,5.699032,14.4,-2.950753,False
2006-01-22,8.4,4.8,10.740323,5.731828,14.51,-2.340323,False
2006-01-23,9.3,4.5,10.840215,5.76957,14.7,-1.540215,False
2006-01-24,9.9,6.2,10.928387,5.823226,14.9,-1.028387,False
2006-01-25,11.7,3.0,11.005914,5.880538,15.2,0.694086,False
2006-01-26,12.1,2.0,11.101183,5.932151,15.5,0.998817,False
2006-01-27,13.2,2.0,11.203978,5.985161,15.7,1.996022,False
2006-01-28,16.4,6.4,11.302688,6.039785,15.9,5.097312,False
2006-01-29,16.1,5.4,11.404624,6.109032,16.1,4.695376,False
2006-01-30,14.4,7.1,11.502581,6.170538,16.2,2.897419,False
2006-01-31,17.2,7.5,11.607419,6.230538,16.3,5.592581,False
2006-02-01,13.9,7.6,11.711398,6.290108,16.5,2.188602,False
2006-02-02,12.9,11.6,11.795376,6.343763,16.6,1.104624,False
2006-02-03,11.9,7.8,11.896559,6.408065,16.7,0.003441,False
2006-02-04,8.4,5.9,12.0,6.472903,16.81,-3.6,False
2006-02-05,9.8,4.5,12.109462,6.547527,17.0,-2.309462,False
2006-02-06,12.1,5.3,12.214516,6.631398,17.1,-0.114516,False
2006-02-07,12.7,8.0,12.305376,6.732258,17.11,0.394624,False
2006-02-08,9.9,7.5,12.415054,6.811935,17.2,-2.515054,False
2006-02-09,9.2,7.3,12.553656,6.913871,17.4,-3.353656,False
2006-02-10,11.8,6.2,12.684946,7.035914,17.5,-0.884946,False
2006-02-11,14.9,5.9,12.823763,7.156667,17.7,2.076237,False
2006-02-12,12.5,6.2,12.940538,7.29129,17.9,-0.440538,False
2006-02-13,11.2,8.3,13.062258,7.40043,18.2,-1.862258,False
2006-02-14,12.4,8.6,13.207634,7.52043,18.41,-0.807634,False
2006-02-15,15.7,7.1,13.328172,7.639247,18.61,2.371828,False
2006-02-16,7.1,4.2,13.475591,7.718065,18.81,-6.375591,False
2006-02-17,4.6,3.2,13.65043,7.793871,19.1,-9.05043,False
2006-02-18,7.8,3.9,13.819677,7.911613,19.2,-6.019677,False
2006-02-19,9.5,5.0,13.98086,8.026344,19.3,-4.48086,False
2006-02-20,13.3,5.4,14.112903,8.141828,19.4,-0.812903,False
2006-02-21,10.2,8.0,14.218817,8.23914,19.51,-4.018817,False
2006-02-22,12.1,8.0,14.32914,8.310323,19.7,-2.22914,False
2006-02-23,11.4,8.0,14.452581,8.406882,19.81,-3.052581,False
2006-02-24,10.8,6.3,14.584301,8.511613,20.1,-3.784301,False
2006-02-25,14.4,6.9,14.741613,8.615161,20.21,-0.341613,False
2006-02-26,12.4,8.5,14.878495,8.736022,20.5,-2.478495,False
2006-02-27,10.5,6.4,15.007742,8.846882,20.8,-4.507742,False
2006-02-28,6.3,4.3,15.140968,8.973333,20.9,-8.840968,False
2006-03-01,10.2,4.1,15.284194,9.08914,21.0,-5.084194,False
2006-03-02,15.8,3.6,15.464301,9.185699,21.5,0.335699,False
2006-03-03,15.7,5.3,15.657849,9.316129,22.01,0.042151,False
2006-03-04,17.9,10.3,15.843441,9.445161,22.41,2.056559,False
2006-03-05,19.6,11.1,16.049032,9.578602,22.71,3.550968,False
2006-03-06,15.6,11.6,16.247419,9.706344,22.91,-0.647419,False
2006-03-07,15.1,11.8,16.402903,9.832043,23.1,-1.302903,False
2006-03-08,20.4,10.5,16.513978,9.936237,23.2,3.886022,False
2006-03-09,23.1,10.8,16.626129,10.040538,23.4,6.473871,False
2006-03-10,19.9,15.5,16.775054,10.15172,23.5,3.124946,False
2006-03-11,16.4,13.3,16.966882,10.280645,23.7,-0.566882,False
2006-03-12,13.1,5.4,17.127849,10.397742,23.71,-4.027849,False
2006-03-13,7.9,4.9,17.291828,10.504946,23.91,-9.391828,False
2006-03-14,9.1,5.5,17.490215,10.63129,24.1,-8.390215,False
2006-03-15,12.2,4.4,17.692366,10.783333,24.3,-5.492366,False
2006-03-16,17.6,5.1,17.895914,10.949355,24.6,-0.295914,False
2006-03-17,18.2,10.4,18.066667,11.096989,24.71,0.133333,False
2006-03-18,20.8,12.4,18.238602,11.237419,24.81,2.561398,False
2006-03-19,16.6,9.9,18.404516,11.412581,25.3,-1.804516,False
2006-03-20,20.2,10.6,18.554194,11.583763,25.51,1.645806,False
2006-03-21,21.0,11.1,18.685054,11.695699,25.6,2.314946,False
2006-03-22,14.6,11.0,18.86,11.817742,25.9,-4.26,False
2006-03-23,13.3,10.2,19.047204,11.972258,26.1,-5.747204,False
2006-03-24,17.6,10.5,19.22957,12.143978,26.11,-1.62957,False
2006-03-25,18.1,12.2,19.396237,12.312903,26.2,-1.296237,False
2006-03-26,18.4,13.0,19.510323,12.453978,26.3,-1.110323,False
2006-03-27,20.8,13.6,19.627312,12.57828,26.4,1.172688,False
2006-03-28,23.6,14.0,19.76172,12.698495,26.5,3.83828,False
2006-03-29,19.8,13.2,19.892043,12.79129,26.8,-0.092043,False
2006-03-30,20.7,13.4,20.033226,12.909892,27.0,0.666774,False
2006-03-31,21.9,15.0,20.223548,13.032043,27.2,1.676452,False
2006-04-01,27.5,15.7,20.439247,13.179032,27.51,7.060753,False
2006-04-02,29.7,17.6,20.643333,13.354731,27.81,9.056667,False
2006-04-03,29.7,19.3,20.817097,13.514624,28.11,8.882903,False
2006-04-04,20.7,14.5,21.004086,13.687204,28.3,-0.304086,False
2006-04-05,20.0,13.4,21.162796,13.848817,28.4,-1.162796,False
2006-04-06,22.8,14.6,21.317527,13.995054,28.5,1.482473,False
2006-04-07,28.3,16.5,21.526559,14.166452,28.71,6.773441,False
2006-04-08,25.2,16.6,21.752581,14.348387,29.0,3.447419,False
2006-04-09,25.2,16.1,21.951398,14.521828,29.01,3.248602,False
2006-04-10,31.0,17.2,22.103333,14.683226,29.1,8.896667,False
2006-04-11,30.5,11.6,22.245161,14.830538,29.2,8.254839,False
2006-04-12,12.4,7.5,22.436237,14.988387,29.4,-10.036237,False
2006-04-13,10.7,7.5,22.63871,15.160968,29.61,-11.93871,False
2006-04-14,13.0,9.6,22.844946,15.325269,29.72,-9.844946,False
2006-04-15,14.5,9.6,23.052903,15.472366,30.1,-8.552903,False
2006-04-16,21.1,10.5,23.249462,15.607957,30.3,-2.149462,False
2006-04-17,22.5,12.2,23.416022,15.755591,30.4,-0.916022,False
2006-04-18,23.3,13.5,23.559462,15.902473,30.4,-0.259462,False
2006-04-19,26.5,14.9,23.715914,16.036989,30.5,2.784086,False
2006-04-20,24.7,19.1,23.876989,16.173871,30.6,0.823011,False
2006-04-21,24.7,18.1,24.061613,16.342151,30.7,0.638387,False
2006-04-22,27.1,18.8,24.187527,16.507419,30.8,2.912473,False
2006-04-23,26.3,18.6,24.275591,16.632688,30.9,2.024409,False
2006-04-24,28.2,20.1,24.390968,16.73957,30.9,3.809032,False
2006-04-25,28.3,19.5,24.554731,16.870323,31.0,3.745269,False
2006-04-26,26.3,18.4,24.738817,17.014624,31.11,1.561183,False
2006-04-27,23.2,16.9,24.925699,17.162581,31.5,-1.725699,False
2006-04-28,24.7,14.6,25.074194,17.314301,31.51,-0.374194,False
2006-04-29,29.5,16.6,25.20043,17.487312,31.6,4.29957,False
2006-04-30,29.7,18.3,25.322581,17.623333,31.61,4.377419,False
2006-05-01,32.0,18.6,25.40828,17.746882,31.71,6.59172,True
2006-05-02,35.2,20.3,25.473656,17.863871,31.81,9.726344,True
2006-05-03,34.7,24.6,25.537419,17.964624,31.9,9.162581,True
2006-05-04,30.7,21.3,25.628387,18.070968,32.0,5.071613,False
2006-05-05,29.2,21.8,25.694194,18.166237,32.1,3.505806,False
2006-05-06,29.1,22.1,25.762903,18.243656,32.2,3.337097,False
2006-05-07,25.2,21.4,25.814731,18.337312,32.3,-0.614731,False
2006-05-08,28.4,22.1,25.896344,18.431183,32.31,2.503656,False
2006-05-09,29.9,20.0,25.955914,18.517312,32.4,3.944086,False
2006-05-10,19.6,16.7,26.055591,18.615699,32.4,-6.455591,False
2006-05-11,22.3,17.4,26.166452,18.728925,32.4,-3.866452,False
2006-05-12,18.5,14.8,26.227849,18.832151,32.4,-7.727849,False
2006-05-13,17.6,14.4,26.269247,18.919892,32.4,-8.669247,False
2006-05-14,23.7,14.8,26.290645,19.001183,32.4,-2.590645,False
2006-05-15,26.3,15.0,26.297634,19.073871,32.4,0.002366,False
2006-05-16,29.6,15.8,26.296129,19.148065,32.3,3.303871,False
2006-05-17,31.1,18.1,26.297204,19.231828,32.3,4.802796,False
2006-05-18,32.6,18.8,26.341613,19.313441,32.21,6.258387,True
2006-05-19,33.7,21.5,26.416129,19.394946,32.21,7.283871,True
2006-05-20,33.4,17.4,26.505269,19.497849,32.4,6.894731,True
2006-05-21,21.8,17.5,26.583118,19.608602,32.4,-4.783118,False
2006-05-22,26.2,18.6,26.637634,19.710753,32.4,-0.437634,False
2006-05-23,30.5,20.6,26.705699,19.800753,32.41,3.794301,False
2006-05-24,24.8,20.8,26.793763,19.897742,32.41,-1.993763,False
2006-05-25,29.6,21.8,26.847204,20.006882,32.6,2.752796,False
2006-05-26,31.7,21.7,26.87914,20.106344,32.51,4.82086,False
2006-05-27,25.9,17.4,26.921398,20.191613,32.51,-1.021398,False
2006-05-28,21.6,16.6,26.962581,20.276559,32.4,-5.362581,False
2006-05-29,25.4,17.8,27.02086,20.366344,32.6,-1.62086,False
2006-05-30,27.7,18.4,27.151828,20.465484,32.6,0.548172,False
2006-05-31,30.0,20.0,27.270323,20.586667,32.7,2.729677,False
2006-06-01,32.2,23.0,27.358495,20.710108,32.71,4.841505,False
2006-06-02,25.7,21.6,27.453118,20.823441,32.9,-1.753118,False
2006-06-03,22.1,20.8,27.540645,20.943441,32.9,-5.440645,False
2006-06-04,26.3,21.9,27.578817,21.043011,32.9,-1.278817,False
2006-06-05,23.8,21.4,27.612688,21.140968,32.9,-3.812688,False
2006-06-06,23.2,20.9,27.707634,21.264086,32.9,-4.507634,False
2006-06-07,26.7,20.8,27.81914,21.381398,32.81,-1.11914,False
2006-06-08,28.6,21.3,27.88871,21.487527,32.8,0.71129,False
2006-06-09,24.5,18.0,28.00828,21.586882,32.9,-3.50828,False
2006-06-10,32.4,19.4,28.106237,21.701183,33.0,4.293763,False
2006-06-11,27.8,22.0,28.225054,21.829892,33.2,-0.425054,False
2006-06-12,25.1,21.1,28.365806,21.963871,33.4,-3.265806,False
2006-06-13,25.2,20.6,28.508495,22.105591,33.5,-3.308495,False
2006-06-14,27.9,21.4,28.620645,22.230753,33.7,-0.720645,False
2006-06-15,28.0,21.8,28.703441,22.354194,33.8,-0.703441,False
2006-06-16,30.5,23.2,28.806882,22.470645,34.0,1.693118,False
2006-06-17,32.9,22.1,28.922796,22.592473,34.1,3.977204,False
2006-06-18,36.1,24.7,29.007527,22.703226,34.2,7.092473,False
2006-06-19,35.3,27.0,29.079785,22.810538,34.3,6.220215,False
2006-06-20,33.9,24.8,29.12914,22.898065,34.3,4.77086,False
2006-06-21,29.7,23.7,29.214516,22.993978,34.3,0.485484,False
2006-06-22,25.4,22.1,29.329785,23.079677,34.4,-3.929785,False
2006-06-23,29.9,23.1,29.45914,23.185161,34.6,0.44086,False
2006-06-24,31.4,24.0,29.589677,23.290538,34.7,1.810323,False
2006-06-25,34.6,24.4,29.742581,23.395161,34.71,4.857419,False
2006-06-26,35.4,25.7,29.877527,23.493226,34.81,5.522473,False
2006-06-27,33.0,25.4,30.011935,23.599677,35.0,2.988065,False
2006-06-28,33.3,25.3,30.165269,23.72086,35.0,3.134731,False
2006-06-29,31.7,25.2,30.32172,23.84086,35.3,1.37828,False
2006-06-30,31.5,26.2,30.428065,23.94043,35.31,1.071935,False
2006-07-01,34.7,27.7,30.529032,24.03828,35.4,4.170968,False
2006-07-02,36.2,29.0,30.659355,24.132151,35.5,5.540645,False
2006-07-03,36.1,27.4,30.783978,24.222258,35.6,5.316022,False
2006-07-04,33.4,26.4,30.886344,24.304194,35.7,2.513656,False
2006-07-05,34.3,26.7,31.033226,24.406882,35.8,3.266774,False
2006-07-06,33.6,26.5,31.204086,24.514301,35.9,2.395914,False
2006-07-07,30.0,25.4,31.322258,24.597312,36.0,-1.322258,False
2006-07-08,29.7,24.7,31.47129,24.690323,36.1,-1.77129,False
2006-07-09,32.7,24.7,31.640753,24.787419,36.2,1.059247,False
2006-07-10,35.0,27.2,31.807849,24.89914,36.4,3.192151,False
2006-07-11,36.2,27.7,31.996237,25.009032,36.6,4.203763,False
2006-07-12,36.6,28.8,32.177204,25.109677,36.8,4.422796,False
2006-07-13,37.1,28.9,32.34,25.19871,36.9,4.76,True
2006-07-14,37.8,28.3,32.449677,25.255161,37.0,5.350323,True
2006-07-15,37.1,27.0,32.573118,25.321613,37.0,4.526882,True
2006-07-16,36.7,29.0,32.719247,25.386559,37.1,3.980753,False
2006-07-17,37.4,28.5,32.815054,25.433656,37.2,4.584946,False
2006-07-18,34.7,27.6,32.891183,25.473763,37.3,1.808817,False
2006-07-19,36.8,28.8,33.009247,25.524409,37.4,3.790753,False
2006-07-20,37.5,30.3,33.152043,25.586559,37.4,4.347957,False
2006-07-21,38.8,30.7,33.286774,25.656344,37.5,5.513226,False
2006-07-22,37.5,26.3,33.393226,25.716559,37.5,4.106774,False
2006-07-23,29.9,24.4,33.494301,25.757204,37.6,-3.594301,False
2006-07-24,29.4,22.8,33.548065,25.793656,37.61,-4.148065,False
2006-07-25,36.6,25.5,33.607097,25.829785,37.8,2.992903,False
2006-07-26,39.1,26.3,33.653548,25.86957,37.9,5.446452,True
2006-07-27,39.9,26.9,33.69,25.895914,38.0,6.21,True
2006-07-28,40.8,29.1,33.732581,25.905054,38.2,7.067419,True
2006-07-29,38.8,30.1,33.758925,25.914624,38.21,5.041075,True
2006-07-30,39.6,30.7,33.807527,25.921075,38.3,5.792473,True
2006-07-31,38.4,28.3,33.844194,25.927097,38.3,4.555806,True
2006-08-01,34.2,26.9,33.874086,25.921398,38.31,0.325914,False
2006-08-02,39.0,27.9,33.893656,25.908495,38.4,5.106344,False
2006-08-03,38.4,27.6,33.891505,25.909462,38.4,4.508495,False
2006-08-04,37.2,28.1,33.916882,25.901183,38.4,3.283118,False
2006-08-05,34.8,26.5,33.883978,25.859785,38.4,0.916022,False
2006-08-06,37.0,27.0,33.842903,25.807419,38.4,3.157097,False
2006-08-07,39.0,28.3,33.810108,25.770538,38.4,5.189892,True
2006-08-08,40.3,29.0,33.783871,25.73129,38.41,6.516129,True
2006-08-09,40.6,30.2,33.734731,25.677204,38.4,6.865269,True
2006-08-10,40.9,30.1,33.647634,25.626774,38.4,7.252366,True
2006-08-11,41.6,31.3,33.550538,25.553333,38.4,8.049462,True
2006-08-12,41.9,30.2,33.433441,25.474516,38.4,8.466559,True
2006-08-13,38.8,28.9,33.29828,25.392258,38.4,5.50172,True
2006-08-14,42.5,30.9,33.196452,25.323118,38.4,9.303548,True
2006-08-15,43.1,31.1,33.134624,25.250753,38.41,9.965376,True
2006-08-16,40.1,30.3,33.042688,25.17043,38.51,7.057312,True
2006-08-17,40.7,30.7,32.971935,25.089462,38.6,7.728065,True
2006-08-18,40.3,31.3,32.877957,24.997097,38.6,7.422043,True
2006-08-19,40.3,30.0,32.75086,24.912796,38.6,7.54914,True
2006-08-20,36.3,26.1,32.632903,24.820753,38.6,3.667097,False
2006-08-21,28.7,24.4,32.507527,24.709892,38.61,-3.807527,False
2006-08-22,27.0,22.3,32.359785,24.581828,38.6,-5.359785,False
2006-08-23,32.0,23.6,32.200753,24.468602,38.51,-0.200753,False
2006-08-24,32.8,24.7,32.058065,24.356667,38.5,0.741935,False
2006-08-25,33.8,26.3,31.909032,24.238817,38.4,1.890968,False
2006-08-26,35.9,26.9,31.744946,24.1,38.31,4.155054,False
2006-08-27,38.7,29.5,31.612043,23.982796,38.1,7.087957,True
2006-08-28,39.1,29.8,31.45957,23.861075,37.81,7.64043,True
2006-08-29,41.0,30.3,31.298817,23.72172,37.8,9.701183,True
2006-08-30,42.1,31.0,31.084624,23.573333,37.61,11.015376,True
2006-08-31,42.0,31.9,30.898602,23.440753,37.6,11.101398,True
2006-09-01,42.4,30.8,30.753548,23.322796,37.5,11.646452,True
2006-09-02,38.7,30.2,30.581183,23.203226,37.4,8.118817,True
2006-09-03,39.9,30.8,30.387742,23.06172,37.31,9.512258,True
2006-09-04,36.8,25.6,30.173871,22.908065,37.21,6.626129,False
2006-09-05,25.2,21.2,29.986989,22.757527,36.91,-4.786989,False
2006-09-06,29.9,22.2,29.808495,22.61086,36.81,0.091505,False
2006-09-07,23.9,22.0,29.632796,22.46871,36.8,-5.732796,False
2006-09-08,24.6,20.7,29.436774,22.325161,36.5,-4.836774,False
2006-09-09,27.6,21.0,29.224409,22.175699,36.2,-1.624409,False
2006-09-10,23.4,17.7,29.017204,22.02086,36.0,-5.617204,False
2006-09-11,27.1,17.8,28.806667,21.882796,35.7,-1.706667,False
2006-09-12,27.7,20.8,28.587527,21.732473,35.4,-0.887527,False
2006-09-13,28.3,21.8,28.394839,21.59086,35.11,-0.094839,False
2006-09-14,23.4,20.3,28.242581,21.454946,34.7,-4.842581,False
2006-09-15,27.4,19.9,28.083548,21.318817,34.4,-0.683548,False
2006-09-16,29.4,20.2,27.882903,21.177634,34.2,1.517097,False
2006-09-17,29.6,22.4,27.687419,21.031828,33.9,1.912581,False
2006-09-18,23.7,17.3,27.451183,20.872581,33.71,-3.751183,False
2006-09-19,26.4,17.2,27.215806,20.696989,33.6,-0.815806,False
2006-09-20,30.6,18.2,26.974946,20.507527,33.32,3.625054,False
2006-09-21,32.3,20.7,26.748172,20.326667,33.01,5.551828,False
2006-09-22,32.8,22.9,26.546022,20.165054,32.9,6.253978,False
2006-09-23,31.8,22.7,26.350108,20.016667,32.7,5.449892,False
2006-09-24,31.9,23.3,26.170108,19.863871,32.51,5.729892,False
2006-09-25,30.2,22.5,25.973226,19.707849,32.3,4.226774,False
2006-09-26,30.4,22.2,25.783548,19.564194,32.2,4.616452,False
2006-09-27,25.9,20.9,25.556022,19.414624,31.8,0.343978,False
2006-09-28,25.0,21.1,25.312581,19.256774,31.5,-0.312581,False
2006-09-29,23.3,20.6,25.093333,19.102688,31.21,-1.793333,False
2006-09-30,26.4,21.3,24.894946,18.959785,31.1,1.505054,False
2006-10-01,23.2,20.8,24.676344,18.797742,31.0,-1.476344,False
2006-10-02,24.8,19.9,24.430323,18.619892,30.71,0.369677,False
2006-10-03,22.9,18.9,24.222581,18.46,30.6,-1.322581,False
2006-10-04,21.4,19.0,24.027312,18.302473,30.5,-2.627312,False
2006-10-05,20.6,18.1,23.849032,18.158387,30.3,-3.249032,False
2006-10-06,19.7,17.8,23.66957,18.019032,30.1,-3.96957,False
2006-10-07,22.4,18.2,23.477957,17.878925,29.81,-1.077957,False
2006-10-08,25.6,18.1,23.303763,17.73172,29.61,2.296237,False
2006-10-09,27.3,17.2,23.119785,17.575591,29.41,4.180215,False
2006-10-10,28.2,17.6,22.927634,17.423763,29.1,5.272366,False
2006-10-11,29.2,17.9,22.746774,17.276667,28.9,6.453226,False
2006-10-12,22.6,19.2,22.560753,17.116667,28.7,0.039247,False
2006-10-13,27.2,19.3,22.379032,16.952366,28.6,4.820968,False
2006-10-14,28.7,19.4,22.18172,16.785269,28.4,6.51828,False
2006-10-15,27.1,20.9,21.961828,16.600753,28.2,5.138172,False
2006-10-16,22.9,21.0,21.729677,16.420108,27.7,1.170323,False
2006-10-17,25.2,20.5,21.545484,16.239247,27.5,3.654516,False
2006-10-18,24.6,20.2,21.375699,16.066344,27.0,3.224301,False
2006-10-19,25.4,18.8,21.281183,15.907742,26.9,4.118817,False
2006-10-20,26.2,19.4,21.20129,15.757634,26.6,4.99871,False
2006-10-21,24.1,21.4,21.097097,15.628817,26.31,3.002903,False
2006-10-22,24.4,20.3,20.980215,15.506559,26.0,3.419785,False
2006-10-23,24.7,18.7,20.849462,15.369677,25.71,3.850538,False
2006-10-24,21.3,17.3,20.703548,15.227957,25.4,0.596452,False
2006-10-25,18.0,16.3,20.571828,15.085806,25.2,-2.571828,False
2006-10-26,22.3,16.3,20.450215,14.939677,24.9,1.849785,False
2006-10-27,21.7,17.4,20.327527,14.799032,24.7,1.372473,False
2006-10-28,21.4,17.2,20.207419,14.65828,24.6,1.192581,False
2006-10-29,21.0,17.6,20.115269,14.53,24.6,0.884731,False
2006-10-30,21.7,17.4,20.004409,14.390538,24.41,1.695591,False
2006-10-31,20.0,16.6,19.867527,14.255054,24.4,0.132473,False
2006-11-01,22.9,13.2,19.71828,14.106344,24.3,3.18172,False
2006-11-02,23.7,13.5,19.572151,13.958925,24.1,4.127849,False
2006-11-03,23.0,13.3,19.390538,13.790108,23.91,3.609462,False
2006-11-04,23.4,14.3,19.188495,13.620108,23.71,4.211505,False
2006-11-05,17.9,16.3,18.987204,13.452688,23.51,-1.087204,False
2006-11-06,21.3,11.9,18.803871,13.281828,23.4,2.496129,False
2006-11-07,23.4,12.2,18.635269,13.104516,23.3,4.764731,False
2006-11-08,22.5,13.1,18.443871,12.935806,23.1,4.056129,False
2006-11-09,23.1,15.6,18.252366,12.759677,23.0,4.847634,False
2006-11-10,24.1,15.3,18.09129,12.593763,22.9,6.00871,False
2006-11-11,25.0,14.6,17.930538,12.427097,22.9,7.069462,False
2006-11-12,25.2,16.8,17.757742,12.261828,22.8,7.442258,False
2006-11-13,23.2,17.5,17.592688,12.113871,22.7,5.607312,False
2006-11-14,19.8,12.9,17.432581,11.971075,22.6,2.367419,False
2006-11-15,14.1,12.6,17.26043,11.838925,22.5,-3.16043,False
2006-11-16,15.6,12.8,17.063656,11.696882,22.4,-1.463656,False
2006-11-17,14.7,12.9,16.886344,11.563763,22.2,-2.186344,False
2006-11-18,19.1,11.2,16.692688,11.422366,22.0,2.407312,False
2006-11-19,19.0,11.9,16.474839,11.272903,21.8,2.525161,False
2006-11-20,15.3,14.0,16.224194,11.121505,21.6,-0.924194,False
2006-11-21,14.5,12.8,15.999677,10.944516,21.3,-1.499677,False
2006-11-22,17.2,12.8,15.767419,10.748817,21.0,1.432581,False
2006-11-23,14.7,12.2,15.536559,10.572366,20.4,-0.836559,False
2006-11-24,13.6,11.3,15.328817,10.401183,20.0,-1.728817,False
2006-11-25,13.7,11.6,15.091828,10.239785,19.61,-1.391828,False
2006-11-26,12.6,11.2,14.854516,10.072366,19.1,-2.254516,False
2006-11-27,12.2,10.5,14.624624,9.890753,18.91,-2.424624,False
2006-11-28,12.1,10.8,14.43,9.724516,18.6,-2.33,False
2006-11-29,12.6,10.9,14.207634,9.563333,18.4,-1.607634,False
2006-11-30,12.8,8.7,13.97957,9.402581,18.2,-1.17957,False
2006-12-01,13.3,8.4,13.793118,9.216559,17.9,-0.493118,False
2006-12-02,14.0,10.2,13.63086,9.051935,17.7,0.36914,False
2006-12-03,12.8,9.0,13.456022,8.900968,17.4,-0.656022,False
2006-12-04,13.4,9.9,13.309892,8.745054,17.2,0.090108,False
2006-12-05,12.3,10.0,13.189462,8.603871,17.0,-0.889462,False
2006-12-06,11.2,9.8,13.079677,8.447957,16.8,-1.879677,False
2006-12-07,12.1,10.8,12.94957,8.302581,16.6,-0.84957,False
2006-12-08,11.7,8.3,12.800753,8.175054,16.3,-1.100753,False
2006-12-09,8.4,7.8,12.678387,8.050645,16.11,-4.278387,False
2006-12-10,9.1,7.7,12.540645,7.939677,16.0,-3.440645,False
2006-12-11,10.4,8.5,12.396344,7.814839,15.8,-1.996344,False
2006-12-12,10.4,8.4,12.239677,7.681505,15.5,-1.839677,False
2006-12-13,11.3,5.4,12.104516,7.546882,15.4,-0.804516,False
2006-12-14,12.4,5.5,11.955054,7.416774,15.3,0.444946,False
2006-12-15,11.0,5.7,11.820215,7.287097,15.1,-0.820215,False
2006-12-16,13.4,4.5,11.690645,7.149677,14.9,1.709355,False
2006-12-17,11.2,5.2,11.573656,7.028925,14.71,-0.373656,False
2006-12-18,11.0,7.7,11.459677,6.920323,14.6,-0.459677,False
2006-12-19,12.2,4.7,11.352688,6.822151,14.4,0.847312,False
2006-12-20,13.2,5.1,11.252796,6.741398,14.3,1.947204,False
2006-12-21,11.9,5.0,11.180323,6.653011,14.2,0.719677,False
2006-12-22,13.1,7.0,11.091935,6.589677,14.1,2.008065,False
2006-12-23,11.6,7.2,11.00871,6.537957,13.9,0.59129,False
2006-12-24,13.6,5.6,10.932043,6.464946,13.81,2.667957,False
2006-12-25,13.5,5.4,10.845591,6.385161,13.7,2.654409,False
2006-12-26,12.6,7.6,10.783656,6.294946,13.5,1.816344,False
2006-12-27,9.8,7.8,10.726129,6.23129,13.41,-0.926129,False
2006-12-28,11.0,8.7,10.678925,6.175269,13.4,0.321075,False
2006-12-29,9.2,8.5,10.622581,6.097634,13.3,-1.422581,False
2006-12-30,10.6,9.0,10.58086,6.037419,13.3,0.01914,False
2006-12-31,10.9,8.7,10.557419,5.989355,13.2,0.342581,False
2007-01-01,9.5,8.7,10.531398,5.955806,13.2,-1.031398,False
2007-01-02,9.1,7.7,10.490968,5.933441,13.2,-1.390968,False
2007-01-03,8.7,7.2,10.449677,5.900323,13.2,-1.749677,False
2007-01-04,8.7,7.3,10.397097,5.880108,13.1,-1.697097,False
2007-01-05,8.3,7.0,10.357419,5.856022,13.1,-2.057419,False
2007-01-06,9.2,7.2,10.316774,5.836022,13.1,-1.116774,False
2007-01-07,7.9,6.1,10.296774,5.791613,13.2,-2.396774,False
2007-01-08,7.7,3.8,10.280538,5.771398,13.2,-2.580538,False
2007-01-09,10.9,2.9,10.244624,5.745591,13.2,0.655376,False
2007-01-10,7.2,4.6,10.239355,5.709462,13.2,-3.039355,False
2007-01-11,6.0,4.4,10.222581,5.679462,13.3,-4.222581,False
2007-01-12,7.5,5.7,10.253118,5.646774,13.31,-2.753118,False
2007-01-13,7.5,5.8,10.280323,5.639462,13.4,-2.780323,False
2007-01-14,7.6,5.6,10.333226,5.621828,13.5,-2.733226,False
2007-01-15,8.6,5.3,10.382366,5.611075,13.61,-1.782366,False
2007-01-16,9.7,5.4,10.413871,5.635591,13.8,-0.713871,False
2007-01-17,10.6,4.4,10.446452,5.647634,13.9,0.153548,False
2007-01-18,8.8,2.0,10.468065,5.657527,13.9,-1.668065,False
2007-01-19,10.7,1.7,10.492043,5.669462,14.0,0.207957,False
2007-01-20,9.5,6.5,10.559462,5.676129,14.2,-1.059462,False
2007-01-21,9.9,6.8,10.650753,5.699032,14.4,-0.750753,False
2007-01-22,8.1,6.5,10.740323,5.731828,14.51,-2.640323,False
2007-01-23,10.9,6.2,10.840215,5.76957,14.7,0.059785,False
2007-01-24,12.6,6.6,10.928387,5.823226,14.9,1.671613,False
2007-01-25,11.4,5.6,11.005914,5.880538,15.2,0.394086,False
2007-01-26,13.4,2.7,11.101183,5.932151,15.5,2.298817,False
2007-01-27,15.9,2.4,11.203978,5.985161,15.7,4.696022,False
2007-01-28,17.0,3.7,11.302688,6.039785,15.9,5.697312,False
2007-01-29,17.2,3.9,11.404624,6.109032,16.1,5.795376,False
2007-01-30,18.3,7.2,11.502581,6.170538,16.2,6.797419,False
2007-01-31,17.9,6.4,11.607419,6.230538,16.3,6.292581,False
2007-02-01,16.9,4.2,11.711398,6.290108,16.5,5.188602,False
2007-02-02,17.1,4.3,11.795376,6.343763,16.6,5.304624,False
2007-02-03,17.8,6.0,11.896559,6.408065,16.7,5.903441,False
2007-02-04,19.6,6.3,12.0,6.472903,16.81,7.6,False
2007-02-05,17.5,9.7,12.109462,6.547527,17.0,5.390538,False
2007-02-06,14.9,10.8,12.214516,6.631398,17.1,2.685484,False
2007-02-07,17.0,11.3,12.305376,6.732258,17.11,4.694624,False
2007-02-08,17.3,11.6,12.415054,6.811935,17.2,4.884946,False
2007-02-09,13.4,11.7,12.553656,6.913871,17.4,0.846344,False
2007-02-10,16.4,8.7,12.684946,7.035914,17.5,3.715054,False
2007-02-11,15.2,9.1,12.823763,7.156667,17.7,2.376237,False
2007-02-12,16.2,11.3,12.940538,7.29129,17.9,3.259462,False
2007-02-13,13.3,10.0,13.062258,7.40043,18.2,0.237742,False
2007-02-14,14.4,10.0,13.207634,7.52043,18.41,1.192366,False
2007-02-15,14.3,10.3,13.328172,7.639247,18.61,0.971828,False
2007-02-16,14.4,9.4,13.475591,7.718065,18.81,0.924409,False
2007-02-17,14.0,8.2,13.65043,7.793871,19.1,0.34957,False
2007-02-18,15.2,8.0,13.819677,7.911613,19.2,1.380323,False
2007-02-19,14.8,8.5,13.98086,8.026344,19.3,0.81914,False
2007-02-20,20.0,7.6,14.112903,8.141828,19.4,5.887097,False
2007-02-21,18.1,11.3,14.218817,8.23914,19.51,3.881183,False
2007-02-22,20.3,10.4,14.32914,8.310323,19.7,5.97086,False
2007-02-23,21.5,11.6,14.452581,8.406882,19.81,7.047419,False
2007-02-24,19.2,10.2,14.584301,8.511613,20.1,4.615699,False
2007-02-25,19.7,10.4,14.741613,8.615161,20.21,4.958387,False
2007-02-26,18.8,12.8,14.878495,8.736022,20.5,3.921505,False
2007-02-27,18.0,13.1,15.007742,8.846882,20.8,2.992258,False
2007-02-28,19.1,13.1,15.140968,8.973333,20.9,3.959032,False
2007-03-01,18.7,14.2,15.284194,9.08914,21.0,3.415806,False
2007-03-02,17.7,15.0,15.464301,9.185699,21.5,2.235699,False
2007-03-03,17.0,8.4,15.657849,9.316129,22.01,1.342151,False
2007-03-04,18.2,9.5,15.843441,9.445161,22.41,2.356559,False
2007-03-05,11.7,7.8,16.049032,9.578602,22.71,-4.349032,False
2007-03-06,9.7,7.2,16.247419,9.706344,22.91,-6.547419,False
2007-03-07,10.8,7.2,16.402903,9.832043,23.1,-5.602903,False
2007-03-08,12.2,8.0,16.513978,9.936237,23.2,-4.313978,False
2007-03-09,15.2,9.1,16.626129,10.040538,23.4,-1.426129,False
2007-03-10,14.6,11.3,16.775054,10.15172,23.5,-2.175054,False
2007-03-11,14.7,11.1,16.966882,10.280645,23.7,-2.266882,False
2007-03-12,15.5,7.4,17.127849,10.397742,23.71,-1.627849,False
2007-03-13,18.8,9.5,17.291828,10.504946,23.91,1.508172,False
2007-03-14,16.9,13.1,17.490215,10.63129,24.1,-0.590215,False
2007-03-15,16.1,12.6,17.692366,10.783333,24.3,-1.592366,False
2007-03-16,12.8,10.2,17.895914,10.949355,24.6,-5.095914,False
2007-03-17,11.4,10.0,18.066667,11.096989,24.71,-6.666667,False
2007-03-18,13.5,8.0,18.238602,11.237419,24.81,-4.738602,False
2007-03-19,16.0,8.0,18.404516,11.412581,25.3,-2.404516,False
2007-03-20,21.5,8.5,18.554194,11.583763,25.51,2.945806,False
2007-03-21,20.5,12.2,18.685054,11.695699,25.6,1.814946,False
2007-03-22,20.4,13.1,18.86,11.817742,25.9,1.54,False
2007-03-23,19.3,13.2,19.047204,11.972258,26.1,0.252796,False
2007-03-24,22.8,14.1,19.22957,12.143978,26.11,3.57043,False
2007-03-25,18.1,14.6,19.396237,12.312903,26.2,-1.296237,False
2007-03-26,17.1,14.3,19.510323,12.453978,26.3,-2.410323,False
2007-03-27,22.4,14.3,19.627312,12.57828,26.4,2.772688,False
2007-03-28,26.2,14.3,19.76172,12.698495,26.5,6.43828,False
2007-03-29,30.0,14.9,19.892043,12.79129,26.8,10.107957,False
2007-03-30,32.0,18.1,20.033226,12.909892,27.0,11.966774,False
2007-03-31,31.4,22.0,20.223548,13.032043,27.2,11.176452,False
2007-04-01,27.8,14.2,20.439247,13.179032,27.51,7.360753,False
2007-04-02,14.1,10.2,20.643333,13.354731,27.81,-6.543333,False
2007-04-03,10.9,9.2,20.817097,13.514624,28.11,-9.917097,False
2007-04-04,13.8,10.0,21.004086,13.687204,28.3,-7.204086,False
2007-04-05,16.7,10.7,21.162796,13.848817,28.4,-4.462796,False
2007-04-06,15.0,11.6,21.317527,13.995054,28.5,-6.317527,False
2007-04-07,15.0,9.7,21.526559,14.166452,28.71,-6.526559,False
2007-04-08,18.5,9.8,21.752581,14.348387,29.0,-3.252581,False
2007-04-09,17.2,12.6,21.951398,14.521828,29.01,-4.751398,False
2007-04-10,22.0,12.4,22.103333,14.683226,29.1,-0.103333,False
2007-04-11,27.5,13.7,22.245161,14.830538,29.2,5.254839,False
2007-04-12,24.3,14.6,22.436237,14.988387,29.4,1.863763,False
2007-04-13,26.8,14.7,22.63871,15.160968,29.61,4.16129,False
2007-04-14,29.2,18.1,22.844946,15.325269,29.72,6.355054,False
2007-04-15,29.3,19.7,23.052903,15.472366,30.1,6.247097,False
2007-04-16,29.5,17.7,23.249462,15.607957,30.3,6.250538,False
2007-04-17,24.8,14.1,23.416022,15.755591,30.4,1.383978,False
2007-04-18,29.4,15.5,23.559462,15.902473,30.4,5.840538,False
2007-04-19,31.5,17.4,23.715914,16.036989,30.5,7.784086,False
2007-04-20,29.3,20.4,23.876989,16.173871,30.6,5.423011,False
2007-04-21,23.8,19.6,24.061613,16.342151,30.7,-0.261613,False
2007-04-22,24.5,18.9,24.187527,16.507419,30.8,0.312473,False
2007-04-23,19.9,16.8,24.275591,16.632688,30.9,-4.375591,False
2007-04-24,19.9,16.2,24.390968,16.73957,30.9,-4.490968,False
2007-04-25,18.5,16.0,24.554731,16.870323,31.0,-6.054731,False
2007-04-26,16.6,14.7,24.738817,17.014624,31.11,-8.138817,False
2007-04-27,19.1,14.9,24.925699,17.162581,31.5,-5.825699,False
2007-04-28,17.9,14.0,25.074194,17.314301,31.51,-7.174194,False
2007-04-29,21.4,13.0,25.20043,17.487312,31.6,-3.80043,False
2007-04-30,25.8,13.3,25.322581,17.623333,31.61,0.477419,False
2007-05-01,28.7,16.9,25.40828,17.746882,31.71,3.29172,False
2007-05-02,32.9,19.8,25.473656,17.863871,31.81,7.426344,False
2007-05-03,22.3,15.2,25.537419,17.964624,31.9,-3.237419,False
2007-05-04,27.3,15.1,25.628387,18.070968,32.0,1.671613,False
2007-05-05,30.4,16.1,25.694194,18.166237,32.1,4.705806,False
2007-05-06,33.6,19.1,25.762903,18.243656,32.2,7.837097,False
2007-05-07,30.9,20.7,25.814731,18.337312,32.3,5.085269,False
2007-05-08,31.6,21.8,25.896344,18.431183,32.31,5.703656,False
2007-05-09,29.3,22.5,25.955914,18.517312,32.4,3.344086,False
2007-05-10,33.8,20.0,26.055591,18.615699,32.4,7.744409,False
2007-05-11,18.4,15.4,26.166452,18.728925,32.4,-7.766452,False
2007-05-12,25.1,16.7,26.227849,18.832151,32.4,-1.127849,False
2007-05-13,28.8,19.4,26.269247,18.919892,32.4,2.530753,False
2007-05-14,23.7,19.5,26.290645,19.001183,32.4,-2.590645,False
2007-05-15,23.7,19.3,26.297634,19.073871,32.4,-2.597634,False
2007-05-16,25.5,19.0,26.296129,19.148065,32.3,-0.796129,False
2007-05-17,27.8,20.6,26.297204,19.231828,32.3,1.502796,False
2007-05-18,30.7,19.1,26.341613,19.313441,32.21,4.358387,False
2007-05-19,34.1,20.9,26.416129,19.394946,32.21,7.683871,True
2007-05-20,33.4,23.8,26.505269,19.497849,32.4,6.894731,True
2007-05-21,33.3,25.3,26.583118,19.608602,32.4,6.716882,True
2007-05-22,32.5,25.9,26.637634,19.710753,32.4,5.862366,True
2007-05-23,30.6,19.2,26.705699,19.800753,32.41,3.894301,False
2007-05-24,21.4,19.3,26.793763,19.897742,32.41,-5.393763,False
2007-05-25,24.3,20.0,26.847204,20.006882,32.6,-2.547204,False
2007-05-26,28.2,21.3,26.87914,20.106344,32.51,1.32086,False
2007-05-27,28.7,21.1,26.921398,20.191613,32.51,1.778602,False
2007-05-28,31.3,22.7,26.962581,20.276559,32.4,4.337419,False
2007-05-29,34.4,24.7,27.02086,20.366344,32.6,7.37914,False
2007-05-30,32.7,23.9,27.151828,20.465484,32.6,5.548172,False
2007-05-31,24.3,21.0,27.270323,20.586667,32.7,-2.970323,False
2007-06-01,28.2,20.8,27.358495,20.710108,32.71,0.841505,False
2007-06-02,31.0,23.3,27.453118,20.823441,32.9,3.546882,False
2007-06-03,25.6,21.4,27.540645,20.943441,32.9,-1.940645,False
2007-06-04,28.5,21.6,27.578817,21.043011,32.9,0.921183,False
2007-06-05,31.4,23.6,27.612688,21.140968,32.9,3.787312,False
2007-06-06,25.7,22.1,27.707634,21.264086,32.9,-2.007634,False
2007-06-07,25.0,21.1,27.81914,21.381398,32.81,-2.81914,False
2007-06-08,22.9,20.0,27.88871,21.487527,32.8,-4.98871,False
2007-06-09,22.1,19.3,28.00828,21.586882,32.9,-5.90828,False
2007-06-10,21.9,18.6,28.106237,21.701183,33.0,-6.206237,False
2007-06-11,23.2,19.7,28.225054,21.829892,33.2,-5.025054,False
2007-06-12,23.6,20.0,28.365806,21.963871,33.4,-4.765806,False
2007-06-13,28.3,19.9,28.508495,22.105591,33.5,-0.208495,False
2007-06-14,31.1,21.4,28.620645,22.230753,33.7,2.479355,False
2007-06-15,31.3,24.4,28.703441,22.354194,33.8,2.596559,False
2007-06-16,26.7,22.2,28.806882,22.470645,34.0,-2.106882,False
2007-06-17,27.2,22.1,28.922796,22.592473,34.1,-1.722796,False
2007-06-18,26.0,22.0,29.007527,22.703226,34.2,-3.007527,False
2007-06-19,25.4,21.2,29.079785,22.810538,34.3,-3.679785,False
2007-06-20,25.4,21.5,29.12914,22.898065,34.3,-3.72914,False
2007-06-21,27.4,22.1,29.214516,22.993978,34.3,-1.814516,False
2007-06-22,28.1,21.8,29.329785,23.079677,34.4,-1.229785,False
2007-06-23,28.4,22.2,29.45914,23.185161,34.6,-1.05914,False
2007-06-24,31.9,24.0,29.589677,23.290538,34.7,2.310323,False
2007-06-25,32.8,22.4,29.742581,23.395161,34.71,3.057419,False
2007-06-26,30.2,21.9,29.877527,23.493226,34.81,0.322473,False
2007-06-27,33.6,23.7,30.011935,23.599677,35.0,3.588065,False
2007-06-28,36.0,24.9,30.165269,23.72086,35.0,5.834731,False
2007-06-29,27.1,23.6,30.32172,23.84086,35.3,-3.22172,False
2007-06-30,32.3,24.0,30.428065,23.94043,35.31,1.871935,False
2007-07-01,33.7,26.3,30.529032,24.03828,35.4,3.170968,False
2007-07-02,33.9,27.7,30.659355,24.132151,35.5,3.240645,False
2007-07-03,32.0,26.0,30.783978,24.222258,35.6,1.216022,False
2007-07-04,34.3,28.0,30.886344,24.304194,35.7,3.413656,False
2007-07-05,33.4,25.9,31.033226,24.406882,35.8,2.366774,False
2007-07-06,30.9,24.9,31.204086,24.514301,35.9,-0.304086,False
2007-07-07,35.0,27.0,31.322258,24.597312,36.0,3.677742,False
2007-07-08,34.5,27.4,31.47129,24.690323,36.1,3.02871,False
2007-07-09,30.0,25.6,31.640753,24.787419,36.2,-1.640753,False
2007-07-10,29.8,24.8,31.807849,24.89914,36.4,-2.007849,False
2007-07-11,29.1,24.0,31.996237,25.009032,36.6,-2.896237,False
2007-07-12,27.0,23.6,32.177204,25.109677,36.8,-5.177204,False
2007-07-13,31.6,24.3,32.34,25.19871,36.9,-0.74,False
2007-07-14,33.8,25.4,32.449677,25.255161,37.0,1.350323,False
2007-07-15,36.1,27.1,32.573118,25.321613,37.0,3.526882,False
2007-07-16,31.5,26.4,32.719247,25.386559,37.1,-1.219247,False
2007-07-17,29.8,26.2,32.815054,25.433656,37.2,-3.015054,False
2007-07-18,30.0,25.0,32.891183,25.473763,37.3,-2.891183,False
2007-07-19,26.2,23.1,33.009247,25.524409,37.4,-6.809247,False
2007-07-20,26.6,22.9,33.152043,25.586559,37.4,-6.552043,False
2007-07-21,27.3,23.7,33.286774,25.656344,37.5,-5.986774,False
2007-07-22,28.7,24.2,33.393226,25.716559,37.5,-4.693226,False
2007-07-23,27.4,22.8,33.494301,25.757204,37.6,-6.094301,False
2007-07-24,29.5,22.9,33.548065,25.793656,37.61,-4.048065,False
2007-07-25,31.2,24.0,33.607097,25.829785,37.8,-2.407097,False
2007-07-26,32.5,23.5,33.653548,25.86957,37.9,-1.153548,False
2007-07-27,33.1,26.1,33.69,25.895914,38.0,-0.59,False
2007-07-28,28.2,23.9,33.732581,25.905054,38.2,-5.532581,False
2007-07-29,28.7,23.7,33.758925,25.914624,38.21,-5.058925,False
2007-07-30,31.4,24.9,33.807527,25.921075,38.3,-2.407527,False
2007-07-31,31.9,24.8,33.844194,25.927097,38.3,-1.944194,False
2007-08-01,27.1,23.9,33.874086,25.921398,38.31,-6.774086,False
2007-08-02,30.0,23.5,33.893656,25.908495,38.4,-3.893656,False
2007-08-03,33.4,24.6,33.891505,25.909462,38.4,-0.491505,False
2007-08-04,34.7,25.8,33.916882,25.901183,38.4,0.783118,False
2007-08-05,35.7,27.4,33.883978,25.859785,38.4,1.816022,False
2007-08-06,34.3,26.8,33.842903,25.807419,38.4,0.457097,False
2007-08-07,35.6,27.1,33.810108,25.770538,38.4,1.789892,False
2007-08-08,36.8,27.1,33.783871,25.73129,38.41,3.016129,False
2007-08-09,36.0,27.2,33.734731,25.677204,38.4,2.265269,False
2007-08-10,33.4,26.1,33.647634,25.626774,38.4,-0.247634,False
2007-08-11,32.2,25.1,33.550538,25.553333,38.4,-1.350538,False
2007-08-12,32.6,23.7,33.433441,25.474516,38.4,-0.833441,False
2007-08-13,33.3,24.8,33.29828,25.392258,38.4,0.00172,False
2007-08-14,34.9,24.4,33.196452,25.323118,38.4,1.703548,False
2007-08-15,35.3,23.5,33.134624,25.250753,38.41,2.165376,False
2007-08-16,34.1,24.2,33.042688,25.17043,38.51,1.057312,False
2007-08-17,33.7,25.6,32.971935,25.089462,38.6,0.728065,False
2007-08-18,35.1,25.8,32.877957,24.997097,38.6,2.222043,False
2007-08-19,36.5,26.8,32.75086,24.912796,38.6,3.74914,False
2007-08-20,35.2,25.8,32.632903,24.820753,38.6,2.567097,False
2007-08-21,34.0,25.3,32.507527,24.709892,38.61,1.492473,False
2007-08-22,35.0,26.2,32.359785,24.581828,38.6,2.640215,False
2007-08-23,31.8,25.1,32.200753,24.468602,38.51,-0.400753,False
2007-08-24,31.7,25.6,32.058065,24.356667,38.5,-0.358065,False
2007-08-25,34.2,25.8,31.909032,24.238817,38.4,2.290968,False
2007-08-26,33.8,24.9,31.744946,24.1,38.31,2.055054,False
2007-08-27,32.9,26.1,31.612043,23.982796,38.1,1.287957,False
2007-08-28,35.2,26.6,31.45957,23.861075,37.81,3.74043,False
2007-08-29,35.9,26.5,31.298817,23.72172,37.8,4.601183,False
2007-08-30,35.5,26.9,31.084624,23.573333,37.61,4.415376,False
2007-08-31,30.4,22.1,30.898602,23.440753,37.6,-0.498602,False
2007-09-01,23.7,21.7,30.753548,23.322796,37.5,-7.053548,False
2007-09-02,26.5,21.9,30.581183,23.203226,37.4,-4.081183,False
2007-09-03,26.1,21.0,30.387742,23.06172,37.31,-4.287742,False
2007-09-04,29.0,21.5,30.173871,22.908065,37.21,-1.173871,False
2007-09-05,30.0,22.1,29.986989,22.757527,36.91,0.013011,False
2007-09-06,29.8,22.9,29.808495,22.61086,36.81,-0.008495,False
2007-09-07,23.1,20.0,29.632796,22.46871,36.8,-6.532796,False
2007-09-08,21.7,20.2,29.436774,22.325161,36.5,-7.736774,False
2007-09-09,22.8,20.6,29.224409,22.175699,36.2,-6.424409,False
2007-09-10,25.1,21.0,29.017204,22.02086,36.0,-3.917204,False
2007-09-11,26.0,21.4,28.806667,21.882796,35.7,-2.806667,False
2007-09-12,26.2,21.5,28.587527,21.732473,35.4,-2.387527,False
2007-09-13,22.2,20.3,28.394839,21.59086,35.11,-6.194839,False
2007-09-14,28.0,18.3,28.242581,21.454946,34.7,-0.242581,False
2007-09-15,31.1,19.9,28.083548,21.318817,34.4,3.016452,False
2007-09-16,25.6,20.1,27.882903,21.177634,34.2,-2.282903,False
2007-09-17,25.8,19.7,27.687419,21.031828,33.9,-1.887419,False
2007-09-18,28.4,18.2,27.451183,20.872581,33.71,0.948817,False
2007-09-19,29.1,16.9,27.215806,20.696989,33.6,1.884194,False
2007-09-20,30.7,19.7,26.974946,20.507527,33.32,3.725054,False
2007-09-21,31.6,18.0,26.748172,20.326667,33.01,4.851828,False
2007-09-22,29.2,17.5,26.546022,20.165054,32.9,2.653978,False
2007-09-23,29.3,18.0,26.350108,20.016667,32.7,2.949892,False
2007-09-24,29.6,19.2,26.170108,19.863871,32.51,3.429892,False
2007-09-25,27.5,22.6,25.973226,19.707849,32.3,1.526774,False
2007-09-26,31.1,23.2,25.783548,19.564194,32.2,5.316452,False
2007-09-27,31.7,23.8,25.556022,19.414624,31.8,6.143978,False
2007-09-28,32.5,24.1,25.312581,19.256774,31.5,7.187419,True
2007-09-29,32.3,22.7,25.093333,19.102688,31.21,7.206667,True
2007-09-30,31.5,22.5,24.894946,18.959785,31.1,6.605054,True
2007-10-01,30.6,20.5,24.676344,18.797742,31.0,5.923656,False
2007-10-02,29.8,21.1,24.430323,18.619892,30.71,5.369677,False
2007-10-03,30.8,21.7,24.222581,18.46,30.6,6.577419,False
2007-10-04,32.7,23.0,24.027312,18.302473,30.5,8.672688,False
2007-10-05,34.0,23.3,23.849032,18.158387,30.3,10.150968,False
2007-10-06,34.1,24.2,23.66957,18.019032,30.1,10.43043,False
2007-10-07,29.0,19.9,23.477957,17.878925,29.81,5.522043,False
2007-10-08,23.5,17.4,23.303763,17.73172,29.61,0.196237,False
2007-10-09,22.2,18.0,23.119785,17.575591,29.41,-0.919785,False
2007-10-10,17.7,16.5,22.927634,17.423763,29.1,-5.227634,False
2007-10-11,17.1,15.6,22.746774,17.276667,28.9,-5.646774,False
2007-10-12,16.1,15.2,22.560753,17.116667,28.7,-6.460753,False
2007-10-13,16.2,14.9,22.379032,16.952366,28.6,-6.179032,False
2007-10-14,16.1,14.6,22.18172,16.785269,28.4,-6.08172,False
2007-10-15,16.6,14.7,21.961828,16.600753,28.2,-5.361828,False
2007-10-16,19.5,15.4,21.729677,16.420108,27.7,-2.229677,False
2007-10-17,18.3,15.6,21.545484,16.239247,27.5,-3.245484,False
2007-10-18,18.3,15.5,21.375699,16.066344,27.0,-3.075699,False
2007-10-19,20.7,15.7,21.281183,15.907742,26.9,-0.581183,False
2007-10-20,21.6,16.5,21.20129,15.757634,26.6,0.39871,False
2007-10-21,19.4,15.8,21.097097,15.628817,26.31,-1.697097,False
2007-10-22,19.9,15.7,20.980215,15.506559,26.0,-1.080215,False
2007-10-23,18.6,15.9,20.849462,15.369677,25.71,-2.249462,False
2007-10-24,19.4,14.9,20.703548,15.227957,25.4,-1.303548,False
2007-10-25,23.5,15.4,20.571828,15.085806,25.2,2.928172,False
2007-10-26,22.7,18.5,20.450215,14.939677,24.9,2.249785,False
2007-10-27,22.8,18.7,20.327527,14.799032,24.7,2.472473,False
2007-10-28,20.8,12.2,20.207419,14.65828,24.6,0.592581,False
2007-10-29,13.1,12.2,20.115269,14.53,24.6,-7.015269,False
2007-10-30,14.2,12.6,20.004409,14.390538,24.41,-5.804409,False
2007-10-31,14.7,13.5,19.867527,14.255054,24.4,-5.167527,False
2007-11-01,15.4,11.3,19.71828,14.106344,24.3,-4.31828,False
2007-11-02,19.4,10.5,19.572151,13.958925,24.1,-0.172151,False
2007-11-03,19.2,11.2,19.390538,13.790108,23.91,-0.190538,False
2007-11-04,21.7,10.1,19.188495,13.620108,23.71,2.511505,False
2007-11-05,22.4,10.8,18.987204,13.452688,23.51,3.412796,False
2007-11-06,21.3,12.6,18.803871,13.281828,23.4,2.496129,False
2007-11-07,19.4,12.7,18.635269,13.104516,23.3,0.764731,False
2007-11-08,19.6,12.0,18.443871,12.935806,23.1,1.156129,False
2007-11-09,21.0,10.7,18.252366,12.759677,23.0,2.747634,False
2007-11-10,18.9,13.6,18.09129,12.593763,22.9,0.80871,False
2007-11-11,19.9,14.7,17.930538,12.427097,22.9,1.969462,False
2007-11-12,16.6,14.3,17.757742,12.261828,22.8,-1.157742,False
2007-11-13,16.1,13.6,17.592688,12.113871,22.7,-1.492688,False
2007-11-14,16.4,14.0,17.432581,11.971075,22.6,-1.032581,False
2007-11-15,16.0,14.5,17.26043,11.838925,22.5,-1.26043,False
2007-11-16,16.4,15.2,17.063656,11.696882,22.4,-0.663656,False
2007-11-17,15.6,13.4,16.886344,11.563763,22.2,-1.286344,False
2007-11-18,14.1,12.3,16.692688,11.422366,22.0,-2.592688,False
2007-11-19,15.0,10.4,16.474839,11.272903,21.8,-1.474839,False
2007-11-20,15.6,11.1,16.224194,11.121505,21.6,-0.624194,False
2007-11-21,15.5,12.9,15.999677,10.944516,21.3,-0.499677,False
2007-11-22,17.3,11.5,15.767419,10.748817,21.0,1.532581,False
2007-11-23,16.5,9.5,15.536559,10.572366,20.4,0.963441,False
2007-11-24,17.3,9.4,15.328817,10.401183,20.0,1.971183,False
2007-11-25,17.6,9.9,15.091828,10.239785,19.61,2.508172,False
2007-11-26,14.9,8.5,14.854516,10.072366,19.1,0.045484,False
2007-11-27,17.3,5.8,14.624624,9.890753,18.91,2.675376,False
2007-11-28,17.9,6.2,14.43,9.724516,18.6,3.47,False
2007-11-29,17.2,11.2,14.207634,9.563333,18.4,2.992366,False
2007-11-30,18.7,11.4,13.97957,9.402581,18.2,4.72043,False
2007-12-01,16.1,10.2,13.793118,9.216559,17.9,2.306882,False
2007-12-02,16.5,8.6,13.63086,9.051935,17.7,2.86914,False
2007-12-03,12.5,10.1,13.456022,8.900968,17.4,-0.956022,False
2007-12-04,12.4,7.8,13.309892,8.745054,17.2,-0.909892,False
2007-12-05,9.8,8.0,13.189462,8.603871,17.0,-3.389462,False
2007-12-06,11.3,6.7,13.079677,8.447957,16.8,-1.779677,False
2007-12-07,10.7,7.6,12.94957,8.302581,16.6,-2.24957,False
2007-12-08,9.9,8.2,12.800753,8.175054,16.3,-2.900753,False
2007-12-09,10.5,8.5,12.678387,8.050645,16.11,-2.178387,False
2007-12-10,13.8,9.5,12.540645,7.939677,16.0,1.259355,False
2007-12-11,13.0,9.3,12.396344,7.814839,15.8,0.603656,False
2007-12-12,14.5,7.8,12.239677,7.681505,15.5,2.260323,False
2007-12-13,14.2,7.9,12.104516,7.546882,15.4,2.095484,False
2007-12-14,12.5,10.0,11.955054,7.416774,15.3,0.544946,False
2007-12-15,11.9,9.6,11.820215,7.287097,15.1,0.079785,False
2007-12-16,10.7,8.2,11.690645,7.149677,14.9,-0.990645,False
2007-12-17,12.1,8.8,11.573656,7.028925,14.71,0.526344,False
2007-12-18,12.4,7.2,11.459677,6.920323,14.6,0.940323,False
2007-12-19,13.6,7.2,11.352688,6.822151,14.4,2.247312,False
2007-12-20,11.8,9.6,11.252796,6.741398,14.3,0.547204,False
2007-12-21,14.2,8.3,11.180323,6.653011,14.2,3.019677,False
2007-12-22,13.9,7.6,11.091935,6.589677,14.1,2.808065,False
2007-12-23,11.6,10.2,11.00871,6.537957,13.9,0.59129,False
2007-12-24,14.2,9.9,10.932043,6.464946,13.81,3.267957,False
2007-12-25,12.0,9.4,10.845591,6.385161,13.7,1.154409,False
2007-12-26,10.2,9.2,10.783656,6.294946,13.5,-0.583656,False
2007-12-27,11.3,9.4,10.726129,6.23129,13.41,0.573871,False
2007-12-28,9.7,7.2,10.678925,6.175269,13.4,-0.978925,False
2007-12-29,10.8,7.3,10.622581,6.097634,13.3,0.177419,False
2007-12-30,8.9,7.5,10.58086,6.037419,13.3,-1.68086,False
2007-12-31,7.9,6.0,10.557419,5.989355,13.2,-2.657419,False
2008-01-01,9.3,6.1,10.531398,5.955806,13.2,-1.231398,False
2008-01-02,10.4,7.2,10.490968,5.933441,13.2,-0.090968,False
2008-01-03,10.5,7.0,10.449677,5.900323,13.2,0.050323,False
2008-01-04,11.3,5.4,10.397097,5.880108,13.1,0.902903,False
2008-01-05,12.8,5.5,10.357419,5.856022,13.1,2.442581,False
2008-01-06,14.5,6.1,10.316774,5.836022,13.1,4.183226,False
2008-01-07,11.3,6.1,10.296774,5.791613,13.2,1.003226,False
2008-01-08,15.0,4.5,10.280538,5.771398,13.2,4.719462,False
2008-01-09,15.3,4.3,10.244624,5.745591,13.2,5.055376,False
2008-01-10,12.9,9.6,10.239355,5.709462,13.2,2.660645,False
2008-01-11,13.4,10.5,10.222581,5.679462,13.3,3.177419,False
2008-01-12,10.5,6.9,10.253118,5.646774,13.31,0.246882,False
2008-01-13,7.3,4.7,10.280323,5.639462,13.4,-2.980323,False
2008-01-14,6.4,4.2,10.333226,5.621828,13.5,-3.933226,False
2008-01-15,6.1,4.3,10.382366,5.611075,13.61,-4.282366,False
2008-01-16,7.2,4.6,10.413871,5.635591,13.8,-3.213871,False
2008-01-17,8.3,4.9,10.446452,5.647634,13.9,-2.146452,False
2008-01-18,5.4,4.0,10.468065,5.657527,13.9,-5.068065,False
2008-01-19,5.6,3.4,10.492043,5.669462,14.0,-4.892043,False
2008-01-20,6.2,3.3,10.559462,5.676129,14.2,-4.359462,False
2008-01-21,5.5,3.5,10.650753,5.699032,14.4,-5.150753,False
2008-01-22,5.3,3.5,10.740323,5.731828,14.51,-5.440323,False
2008-01-23,5.7,3.8,10.840215,5.76957,14.7,-5.140215,False
2008-01-24,5.0,2.5,10.928387,5.823226,14.9,-5.928387,False
2008-01-25,4.2,2.5,11.005914,5.880538,15.2,-6.805914,False
2008-01-26,4.0,1.8,11.101183,5.932151,15.5,-7.101183,False
2008-01-27,2.6,1.5,11.203978,5.985161,15.7,-8.603978,False
2008-01-28,3.3,-0.2,11.302688,6.039785,15.9,-8.002688,False
2008-01-29,4.2,0.6,11.404624,6.109032,16.1,-7.204624,False
2008-01-30,4.4,1.9,11.502581,6.170538,16.2,-7.102581,False
2008-01-31,3.5,1.6,11.607419,6.230538,16.3,-8.107419,False
2008-02-01,4.3,1.6,11.711398,6.290108,16.5,-7.411398,False
2008-02-02,5.8,1.6,11.795376,6.343763,16.6,-5.995376,False
2008-02-03,7.2,2.6,11.896559,6.408065,16.7,-4.696559,False
2008-02-04,7.3,2.9,12.0,6.472903,16.81,-4.7,False
2008-02-05,9.1,3.9,12.109462,6.547527,17.0,-3.009462,False
2008-02-06,9.2,2.0,12.214516,6.631398,17.1,-3.014516,False
2008-02-07,11.2,2.1,12.305376,6.732258,17.11,-1.105376,False
2008-02-08,11.4,5.2,12.415054,6.811935,17.2,-1.015054,False
2008-02-09,7.6,3.5,12.553656,6.913871,17.4,-4.953656,False
2008-02-10,7.6,3.4,12.684946,7.035914,17.5,-5.084946,False
2008-02-11,7.6,4.7,12.823763,7.156667,17.7,-5.223763,False
2008-02-12,9.6,4.3,12.940538,7.29129,17.9,-3.340538,False
2008-02-13,10.4,3.3,13.062258,7.40043,18.2,-2.662258,False
2008-02-14,10.2,0.0,13.207634,7.52043,18.41,-3.007634,False
2008-02-15,15.0,0.2,13.328172,7.639247,18.61,1.671828,False
2008-02-16,10.3,7.7,13.475591,7.718065,18.81,-3.175591,False
2008-02-17,9.7,6.9,13.65043,7.793871,19.1,-3.95043,False
2008-02-18,10.8,7.1,13.819677,7.911613,19.2,-3.019677,False
2008-02-19,8.7,6.2,13.98086,8.026344,19.3,-5.28086,False
2008-02-20,10.8,6.6,14.112903,8.141828,19.4,-3.312903,False
2008-02-21,13.4,4.5,14.218817,8.23914,19.51,-0.818817,False
2008-02-22,16.6,5.1,14.32914,8.310323,19.7,2.27086,False
2008-02-23,14.1,9.3,14.452581,8.406882,19.81,-0.352581,False
2008-02-24,12.0,9.7,14.584301,8.511613,20.1,-2.584301,False
2008-02-25,9.3,6.1,14.741613,8.615161,20.21,-5.441613,False
2008-02-26,8.9,5.1,14.878495,8.736022,20.5,-5.978495,False
2008-02-27,10.9,6.3,15.007742,8.846882,20.8,-4.107742,False
2008-02-28,14.8,4.2,15.140968,8.973333,20.9,-0.340968,False
2008-02-29,19.7,3.9,15.212581,9.031237,20.95,4.487419,False
2008-03-01,18.7,6.4,15.284194,9.08914,21.0,3.415806,False
2008-03-02,21.6,7.7,15.464301,9.185699,21.5,6.135699,False
2008-03-03,16.5,10.0,15.657849,9.316129,22.01,0.842151,False
2008-03-04,17.6,10.1,15.843441,9.445161,22.41,1.756559,False
2008-03-05,16.1,11.5,16.049032,9.578602,22.71,0.050968,False
2008-03-06,13.1,11.3,16.247419,9.706344,22.91,-3.147419,False
2008-03-07,13.8,7.8,16.402903,9.832043,23.1,-2.602903,False
2008-03-08,17.1,8.1,16.513978,9.936237,23.2,0.586022,False
2008-03-09,12.6,8.6,16.626129,10.040538,23.4,-4.026129,False
2008-03-10,19.6,8.9,16.775054,10.15172,23.5,2.824946,False
2008-03-11,20.5,10.3,16.966882,10.280645,23.7,3.533118,False
2008-03-12,14.4,13.4,17.127849,10.397742,23.71,-2.727849,False
2008-03-13,20.8,12.2,17.291828,10.504946,23.91,3.508172,False
2008-03-14,23.1,13.2,17.490215,10.63129,24.1,5.609785,False
2008-03-15,17.9,14.3,17.692366,10.783333,24.3,0.207634,False
2008-03-16,16.6,13.1,17.895914,10.949355,24.6,-1.295914,False
2008-03-17,18.7,11.3,18.066667,11.096989,24.71,0.633333,False
2008-03-18,22.9,11.8,18.238602,11.237419,24.81,4.661398,False
2008-03-19,25.9,12.4,18.404516,11.412581,25.3,7.495484,False
2008-03-20,21.3,14.4,18.554194,11.583763,25.51,2.745806,False
2008-03-21,14.2,11.7,18.685054,11.695699,25.6,-4.485054,False
2008-03-22,21.5,9.0,18.86,11.817742,25.9,2.64,False
2008-03-23,25.2,10.4,19.047204,11.972258,26.1,6.152796,False
2008-03-24,24.5,14.4,19.22957,12.143978,26.11,5.27043,False
2008-03-25,21.7,12.5,19.396237,12.312903,26.2,2.303763,False
2008-03-26,27.2,13.2,19.510323,12.453978,26.3,7.689677,False
2008-03-27,22.6,15.0,19.627312,12.57828,26.4,2.972688,False
2008-03-28,23.4,15.7,19.76172,12.698495,26.5,3.63828,False
2008-03-29,18.0,11.5,19.892043,12.79129,26.8,-1.892043,False
2008-03-30,13.4,11.8,20.033226,12.909892,27.0,-6.633226,False
2008-03-31,16.9,12.8,20.223548,13.032043,27.2,-3.323548,False
2008-04-01,18.6,13.3,20.439247,13.179032,27.51,-1.839247,False
2008-04-02,16.2,12.0,20.643333,13.354731,27.81,-4.443333,False
2008-04-03,15.6,12.1,20.817097,13.514624,28.11,-5.217097,False
2008-04-04,18.3,12.7,21.004086,13.687204,28.3,-2.704086,False
2008-04-05,22.5,13.3,21.162796,13.848817,28.4,1.337204,False
2008-04-06,24.4,14.9,21.317527,13.995054,28.5,3.082473,False
2008-04-07,26.4,16.2,21.526559,14.166452,28.71,4.873441,False
2008-04-08,29.4,19.8,21.752581,14.348387,29.0,7.647419,False
2008-04-09,30.5,20.6,21.951398,14.521828,29.01,8.548602,False
2008-04-10,23.9,17.4,22.103333,14.683226,29.1,1.796667,False
2008-04-11,19.8,17.7,22.245161,14.830538,29.2,-2.445161,False
2008-04-12,18.2,15.1,22.436237,14.988387,29.4,-4.236237,False
2008-04-13,17.8,14.8,22.63871,15.160968,29.61,-4.83871,False
2008-04-14,18.0,15.0,22.844946,15.325269,29.72,-4.844946,False
2008-04-15,23.3,15.1,23.052903,15.472366,30.1,0.247097,False
2008-04-16,27.2,16.6,23.249462,15.607957,30.3,3.950538,False
2008-04-17,28.1,18.2,23.416022,15.755591,30.4,4.683978,False
2008-04-18,26.4,19.7,23.559462,15.902473,30.4,2.840538,False
2008-04-19,24.8,18.1,23.715914,16.036989,30.5,1.084086,False
2008-04-20,26.9,19.4,23.876989,16.173871,30.6,3.023011,False
2008-04-21,22.6,13.8,24.061613,16.342151,30.7,-1.461613,False
2008-04-22,18.7,13.4,24.187527,16.507419,30.8,-5.487527,False
2008-04-23,18.0,11.8,24.275591,16.632688,30.9,-6.275591,False
2008-04-24,19.6,12.6,24.390968,16.73957,30.9,-4.790968,False
2008-04-25,24.9,13.4,24.554731,16.870323,31.0,0.345269,False
2008-04-26,24.1,15.4,24.738817,17.014624,31.11,-0.638817,False
2008-04-27,22.5,14.8,24.925699,17.162581,31.5,-2.425699,False
2008-04-28,28.7,17.0,25.074194,17.314301,31.51,3.625806,False
2008-04-29,28.2,17.3,25.20043,17.487312,31.6,2.99957,False
2008-04-30,30.7,17.8,25.322581,17.623333,31.61,5.377419,False
2008-05-01,34.3,19.8,25.40828,17.746882,31.71,8.89172,False
2008-05-02,27.9,21.9,25.473656,17.863871,31.81,2.426344,False
2008-05-03,24.9,18.1,25.537419,17.964624,31.9,-0.637419,False
2008-05-04,23.7,17.0,25.628387,18.070968,32.0,-1.928387,False
2008-05-05,28.5,17.2,25.694194,18.166237,32.1,2.805806,False
2008-05-06,30.9,20.2,25.762903,18.243656,32.2,5.137097,False
2008-05-07,29.1,21.0,25.814731,18.337312,32.3,3.285269,False
2008-05-08,24.8,19.8,25.896344,18.431183,32.31,-1.096344,False
2008-05-09,26.0,19.0,25.955914,18.517312,32.4,0.044086,False
2008-05-10,27.8,16.8,26.055591,18.615699,32.4,1.744409,False
2008-05-11,30.8,19.0,26.166452,18.728925,32.4,4.633548,False
2008-05-12,32.3,20.5,26.227849,18.832151,32.4,6.072151,False
2008-05-13,27.4,18.3,26.269247,18.919892,32.4,1.130753,False
2008-05-14,19.2,17.4,26.290645,19.001183,32.4,-7.090645,False
2008-05-15,25.6,18.5,26.297634,19.073871,32.4,-0.697634,False
2008-05-16,26.1,18.1,26.296129,19.148065,32.3,-0.196129,False
2008-05-17,29.5,20.0,26.297204,19.231828,32.3,3.202796,False
2008-05-18,29.8,20.1,26.341613,19.313441,32.21,3.458387,False
2008-05-19,30.9,19.0,26.416129,19.394946,32.21,4.483871,False
2008-05-20,30.9,21.7,26.505269,19.497849,32.4,4.394731,False
2008-05-21,25.0,19.4,26.583118,19.608602,32.4,-1.583118,False
2008-05-22,21.1,18.8,26.637634,19.710753,32.4,-5.537634,False
2008-05-23,25.6,19.4,26.705699,19.800753,32.41,-1.105699,False
2008-05-24,29.4,20.2,26.793763,19.897742,32.41,2.606237,False
2008-05-25,33.3,23.5,26.847204,20.006882,32.6,6.452796,False
2008-05-26,27.3,23.2,26.87914,20.106344,32.51,0.42086,False
2008-05-27,29.6,23.5,26.921398,20.191613,32.51,2.678602,False
2008-05-28,27.1,22.5,26.962581,20.276559,32.4,0.137419,False
2008-05-29,27.4,19.7,27.02086,20.366344,32.6,0.37914,False
2008-05-30,20.8,18.0,27.151828,20.465484,32.6,-6.351828,False
2008-05-31,28.0,20.2,27.270323,20.586667,32.7,0.729677,False
2008-06-01,28.3,20.7,27.358495,20.710108,32.71,0.941505,False
2008-06-02,31.1,20.0,27.453118,20.823441,32.9,3.646882,False
2008-06-03,34.1,21.5,27.540645,20.943441,32.9,6.559355,True
2008-06-04,33.1,23.2,27.578817,21.043011,32.9,5.521183,True
2008-06-05,35.4,21.7,27.612688,21.140968,32.9,7.787312,True
2008-06-06,34.2,22.8,27.707634,21.264086,32.9,6.492366,True
2008-06-07,22.5,20.3,27.81914,21.381398,32.81,-5.31914,False
2008-06-08,24.1,20.5,27.88871,21.487527,32.8,-3.78871,False
2008-06-09,27.9,21.3,28.00828,21.586882,32.9,-0.10828,False
2008-06-10,31.9,23.8,28.106237,21.701183,33.0,3.793763,False
2008-06-11,28.3,22.0,28.225054,21.829892,33.2,0.074946,False
2008-06-12,30.0,22.0,28.365806,21.963871,33.4,1.634194,False
2008-06-13,32.8,23.0,28.508495,22.105591,33.5,4.291505,False
2008-06-14,31.7,22.6,28.620645,22.230753,33.7,3.079355,False
2008-06-15,22.5,20.9,28.703441,22.354194,33.8,-6.203441,False
2008-06-16,27.1,21.4,28.806882,22.470645,34.0,-1.706882,False
2008-06-17,31.1,21.5,28.922796,22.592473,34.1,2.177204,False
2008-06-18,31.8,24.0,29.007527,22.703226,34.2,2.792473,False
2008-06-19,23.9,21.9,29.079785,22.810538,34.3,-5.179785,False
2008-06-20,23.9,22.0,29.12914,22.898065,34.3,-5.22914,False
2008-06-21,28.1,23.0,29.214516,22.993978,34.3,-1.114516,False
2008-06-22,28.8,21.9,29.329785,23.079677,34.4,-0.529785,False
2008-06-23,29.7,22.6,29.45914,23.185161,34.6,0.24086,False
2008-06-24,28.6,22.6,29.589677,23.290538,34.7,-0.989677,False
2008-06-25,33.4,24.6,29.742581,23.395161,34.71,3.657419,False
2008-06-26,29.5,22.5,29.877527,23.493226,34.81,-0.377527,False
2008-06-27,31.0,21.3,30.011935,23.599677,35.0,0.988065,False
2008-06-28,34.0,22.4,30.165269,23.72086,35.0,3.834731,False
2008-06-29,36.0,24.9,30.32172,23.84086,35.3,5.67828,False
2008-06-30,34.3,24.3,30.428065,23.94043,35.31,3.871935,False
2008-07-01,25.2,22.7,30.529032,24.03828,35.4,-5.329032,False
2008-07-02,29.2,23.1,30.659355,24.132151,35.5,-1.459355,False
2008-07-03,29.9,24.3,30.783978,24.222258,35.6,-0.883978,False
2008-07-04,24.6,22.4,30.886344,24.304194,35.7,-6.286344,False
2008-07-05,28.4,22.1,31.033226,24.406882,35.8,-2.633226,False
2008-07-06,34.1,23.1,31.204086,24.514301,35.9,2.895914,False
2008-07-07,34.9,22.9,31.322258,24.597312,36.0,3.577742,False
2008-07-08,34.7,24.1,31.47129,24.690323,36.1,3.22871,False
2008-07-09,35.0,24.5,31.640753,24.787419,36.2,3.359247,False
2008-07-10,35.9,25.9,31.807849,24.89914,36.4,4.092151,False
2008-07-11,34.3,24.0,31.996237,25.009032,36.6,2.303763,False
2008-07-12,34.1,25.0,32.177204,25.109677,36.8,1.922796,False
2008-07-13,35.0,26.5,32.34,25.19871,36.9,2.66,False
2008-07-14,35.2,27.1,32.449677,25.255161,37.0,2.750323,False
2008-07-15,28.5,23.6,32.573118,25.321613,37.0,-4.073118,False
2008-07-16,32.6,24.2,32.719247,25.386559,37.1,-0.119247,False
2008-07-17,32.4,26.0,32.815054,25.433656,37.2,-0.415054,False
2008-07-18,33.0,25.8,32.891183,25.473763,37.3,0.108817,False
2008-07-19,35.3,27.5,33.009247,25.524409,37.4,2.290753,False
2008-07-20,37.4,28.8,33.152043,25.586559,37.4,4.247957,False
2008-07-21,32.4,24.7,33.286774,25.656344,37.5,-0.886774,False
2008-07-22,31.6,25.1,33.393226,25.716559,37.5,-1.793226,False
2008-07-23,35.1,26.5,33.494301,25.757204,37.6,1.605699,False
2008-07-24,35.5,27.0,33.548065,25.793656,37.61,1.951935,False
2008-07-25,36.1,26.5,33.607097,25.829785,37.8,2.492903,False
2008-07-26,37.3,27.9,33.653548,25.86957,37.9,3.646452,False
2008-07-27,38.3,27.5,33.69,25.895914,38.0,4.61,False
2008-07-28,37.8,25.5,33.732581,25.905054,38.2,4.067419,False
2008-07-29,35.4,26.3,33.758925,25.914624,38.21,1.641075,False
2008-07-30,36.4,28.0,33.807527,25.921075,38.3,2.592473,False
2008-07-31,39.4,26.8,33.844194,25.927097,38.3,5.555806,False
2008-08-01,31.0,24.8,33.874086,25.921398,38.31,-2.874086,False
2008-08-02,28.4,24.8,33.893656,25.908495,38.4,-5.493656,False
2008-08-03,31.4,25.0,33.891505,25.909462,38.4,-2.491505,False
2008-08-04,31.7,25.5,33.916882,25.901183,38.4,-2.216882,False
2008-08-05,33.6,26.2,33.883978,25.859785,38.4,-0.283978,False
2008-08-06,34.4,25.8,33.842903,25.807419,38.4,0.557097,False
2008-08-07,33.3,25.9,33.810108,25.770538,38.4,-0.510108,False
2008-08-08,32.9,26.0,33.783871,25.73129,38.41,-0.883871,False
2008-08-09,33.5,24.3,33.734731,25.677204,38.4,-0.234731,False
2008-08-10,26.2,23.1,33.647634,25.626774,38.4,-7.447634,False
2008-08-11,27.2,22.9,33.550538,25.553333,38.4,-6.350538,False
2008-08-12,29.7,23.2,33.433441,25.474516,38.4,-3.733441,False
2008-08-13,28.7,22.6,33.29828,25.392258,38.4,-4.59828,False
2008-08-14,27.5,23.5,33.196452,25.323118,38.4,-5.696452,False
2008-08-15,27.2,22.8,33.134624,25.250753,38.41,-5.934624,False
2008-08-16,27.3,22.9,33.042688,25.17043,38.51,-5.742688,False
2008-08-17,32.5,24.4,32.971935,25.089462,38.6,-0.471935,False
2008-08-18,34.8,26.0,32.877957,24.997097,38.6,1.922043,False
2008-08-19,36.4,27.5,32.75086,24.912796,38.6,3.64914,False
2008-08-20,37.5,28.1,32.632903,24.820753,38.6,4.867097,False
2008-08-21,32.2,24.9,32.507527,24.709892,38.61,-0.307527,False
2008-08-22,30.2,24.2,32.359785,24.581828,38.6,-2.159785,False
2008-08-23,33.5,25.3,32.200753,24.468602,38.51,1.299247,False
2008-08-24,33.8,23.3,32.058065,24.356667,38.5,1.741935,False
2008-08-25,23.3,22.0,31.909032,24.238817,38.4,-8.609032,False
2008-08-26,27.4,22.6,31.744946,24.1,38.31,-4.344946,False
2008-08-27,25.1,21.9,31.612043,23.982796,38.1,-6.512043,False
2008-08-28,23.1,21.6,31.45957,23.861075,37.81,-8.35957,False
2008-08-29,25.6,21.1,31.298817,23.72172,37.8,-5.698817,False
2008-08-30,23.2,20.5,31.084624,23.573333,37.61,-7.884624,False
2008-08-31,25.8,20.4,30.898602,23.440753,37.6,-5.098602,False
2008-09-01,28.7,21.1,30.753548,23.322796,37.5,-2.053548,False
2008-09-02,25.5,20.0,30.581183,23.203226,37.4,-5.081183,False
2008-09-03,25.0,20.3,30.387742,23.06172,37.31,-5.387742,False
2008-09-04,28.7,21.4,30.173871,22.908065,37.21,-1.473871,False
2008-09-05,30.8,21.0,29.986989,22.757527,36.91,0.813011,False
2008-09-06,32.0,22.6,29.808495,22.61086,36.81,2.191505,False
2008-09-07,31.5,24.0,29.632796,22.46871,36.8,1.867204,False
2008-09-08,32.3,24.8,29.436774,22.325161,36.5,2.863226,False
2008-09-09,34.6,24.3,29.224409,22.175699,36.2,5.375591,False
2008-09-10,25.9,20.6,29.017204,22.02086,36.0,-3.117204,False
2008-09-11,27.8,21.3,28.806667,21.882796,35.7,-1.006667,False
2008-09-12,29.5,22.5,28.587527,21.732473,35.4,0.912473,False
2008-09-13,27.6,22.3,28.394839,21.59086,35.11,-0.794839,False
2008-09-14,27.9,22.2,28.242581,21.454946,34.7,-0.342581,False
2008-09-15,30.5,22.7,28.083548,21.318817,34.4,2.416452,False
2008-09-16,30.1,22.7,27.882903,21.177634,34.2,2.217097,False
2008-09-17,25.4,21.7,27.687419,21.031828,33.9,-2.287419,False
2008-09-18,28.9,22.2,27.451183,20.872581,33.71,1.448817,False
2008-09-19,31.3,23.3,27.215806,20.696989,33.6,4.084194,False
2008-09-20,34.0,25.1,26.974946,20.507527,33.32,7.025054,True
2008-09-21,36.1,26.6,26.748172,20.326667,33.01,9.351828,True
2008-09-22,36.2,27.4,26.546022,20.165054,32.9,9.653978,True
2008-09-23,36.0,26.9,26.350108,20.016667,32.7,9.649892,True
2008-09-24,35.4,26.4,26.170108,19.863871,32.51,9.229892,True
2008-09-25,29.7,23.8,25.973226,19.707849,32.3,3.726774,False
2008-09-26,31.0,23.3,25.783548,19.564194,32.2,5.216452,False
2008-09-27,30.5,21.8,25.556022,19.414624,31.8,4.943978,False
2008-09-28,24.5,19.5,25.312581,19.256774,31.5,-0.812581,False
2008-09-29,23.3,19.6,25.093333,19.102688,31.21,-1.793333,False
2008-09-30,25.3,19.8,24.894946,18.959785,31.1,0.405054,False
2008-10-01,28.9,20.7,24.676344,18.797742,31.0,4.223656,False
2008-10-02,27.8,21.8,24.430323,18.619892,30.71,3.369677,False
2008-10-03,21.9,20.9,24.222581,18.46,30.6,-2.322581,False
2008-10-04,28.3,20.0,24.027312,18.302473,30.5,4.272688,False
2008-10-05,28.5,18.6,23.849032,18.158387,30.3,4.650968,False
2008-10-06,30.5,19.4,23.66957,18.019032,30.1,6.83043,False
2008-10-07,30.8,20.3,23.477957,17.878925,29.81,7.322043,False
2008-10-08,20.3,18.2,23.303763,17.73172,29.61,-3.003763,False
2008-10-09,19.8,18.0,23.119785,17.575591,29.41,-3.319785,False
2008-10-10,21.2,18.2,22.927634,17.423763,29.1,-1.727634,False
2008-10-11,19.7,17.6,22.746774,17.276667,28.9,-3.046774,False
2008-10-12,20.0,17.7,22.560753,17.116667,28.7,-2.560753,False
2008-10-13,23.9,15.3,22.379032,16.952366,28.6,1.520968,False
2008-10-14,27.5,16.5,22.18172,16.785269,28.4,5.31828,False
2008-10-15,28.1,18.0,21.961828,16.600753,28.2,6.138172,False
2008-10-16,28.6,19.2,21.729677,16.420108,27.7,6.870323,False
2008-10-17,28.0,19.2,21.545484,16.239247,27.5,6.454516,False
2008-10-18,27.6,18.9,21.375699,16.066344,27.0,6.224301,False
2008-10-19,23.1,18.1,21.281183,15.907742,26.9,1.818817,False
2008-10-20,19.8,18.3,21.20129,15.757634,26.6,-1.40129,False
2008-10-21,22.4,18.5,21.097097,15.628817,26.31,1.302903,False
2008-10-22,24.1,16.8,20.980215,15.506559,26.0,3.119785,False
2008-10-23,23.4,17.3,20.849462,15.369677,25.71,2.550538,False
2008-10-24,18.4,15.4,20.703548,15.227957,25.4,-2.303548,False
2008-10-25,15.8,14.7,20.571828,15.085806,25.2,-4.771828,False
2008-10-26,17.3,15.4,20.450215,14.939677,24.9,-3.150215,False
2008-10-27,17.3,15.5,20.327527,14.799032,24.7,-3.027527,False
2008-10-28,18.1,15.6,20.207419,14.65828,24.6,-2.107419,False
2008-10-29,16.5,15.4,20.115269,14.53,24.6,-3.615269,False
2008-10-30,17.5,15.9,20.004409,14.390538,24.41,-2.504409,False
2008-10-31,18.5,17.1,19.867527,14.255054,24.4,-1.367527,False
2008-11-01,18.5,15.1,19.71828,14.106344,24.3,-1.21828,False
2008-11-02,21.3,16.1,19.572151,13.958925,24.1,1.727849,False
2008-11-03,24.5,17.0,19.390538,13.790108,23.91,5.109462,False
2008-11-04,23.0,18.2,19.188495,13.620108,23.71,3.811505,False
2008-11-05,18.9,13.6,18.987204,13.452688,23.51,-0.087204,False
2008-11-06,14.9,10.6,18.803871,13.281828,23.4,-3.903871,False
2008-11-07,20.6,10.0,18.635269,13.104516,23.3,1.964731,False
2008-11-08,22.1,11.0,18.443871,12.935806,23.1,3.656129,False
2008-11-09,21.6,14.4,18.252366,12.759677,23.0,3.347634,False
2008-11-10,19.5,14.0,18.09129,12.593763,22.9,1.40871,False
2008-11-11,18.6,13.2,17.930538,12.427097,22.9,0.669462,False
2008-11-12,19.9,14.1,17.757742,12.261828,22.8,2.142258,False
2008-11-13,17.0,15.0,17.592688,12.113871,22.7,-0.592688,False
2008-11-14,18.2,14.3,17.432581,11.971075,22.6,0.767419,False
2008-11-15,16.2,13.9,17.26043,11.838925,22.5,-1.06043,False
2008-11-16,15.9,14.0,17.063656,11.696882,22.4,-1.163656,False
2008-11-17,13.8,12.1,16.886344,11.563763,22.2,-3.086344,False
2008-11-18,12.8,10.7,16.692688,11.422366,22.0,-3.892688,False
2008-11-19,13.7,10.0,16.474839,11.272903,21.8,-2.774839,False
2008-11-20,13.5,9.9,16.224194,11.121505,21.6,-2.724194,False
2008-11-21,12.7,10.4,15.999677,10.944516,21.3,-3.299677,False
2008-11-22,12.6,10.6,15.767419,10.748817,21.0,-3.167419,False
2008-11-23,16.0,7.7,15.536559,10.572366,20.4,0.463441,False
2008-11-24,15.8,8.2,15.328817,10.401183,20.0,0.471183,False
2008-11-25,14.6,9.7,15.091828,10.239785,19.61,-0.491828,False
2008-11-26,16.4,6.8,14.854516,10.072366,19.1,1.545484,False
2008-11-27,17.3,7.5,14.624624,9.890753,18.91,2.675376,False
2008-11-28,15.7,6.6,14.43,9.724516,18.6,1.27,False
2008-11-29,16.5,6.5,14.207634,9.563333,18.4,2.292366,False
2008-11-30,17.3,5.9,13.97957,9.402581,18.2,3.32043,False
2008-12-01,14.1,8.0,13.793118,9.216559,17.9,0.306882,False
2008-12-02,16.7,10.3,13.63086,9.051935,17.7,3.06914,False
2008-12-03,15.7,10.7,13.456022,8.900968,17.4,2.243978,False
2008-12-04,12.1,7.1,13.309892,8.745054,17.2,-1.209892,False
2008-12-05,9.8,6.9,13.189462,8.603871,17.0,-3.389462,False
2008-12-06,10.4,8.4,13.079677,8.447957,16.8,-2.679677,False
2008-12-07,9.7,6.8,12.94957,8.302581,16.6,-3.24957,False
2008-12-08,13.3,4.5,12.800753,8.175054,16.3,0.499247,False
2008-12-09,12.8,4.4,12.678387,8.050645,16.11,0.121613,False
2008-12-10,10.5,6.5,12.540645,7.939677,16.0,-2.040645,False
2008-12-11,15.2,7.8,12.396344,7.814839,15.8,2.803656,False
2008-12-12,10.6,9.4,12.239677,7.681505,15.5,-1.639677,False
2008-12-13,13.9,10.6,12.104516,7.546882,15.4,1.795484,False
2008-12-14,12.9,8.5,11.955054,7.416774,15.3,0.944946,False
2008-12-15,14.4,8.5,11.820215,7.287097,15.1,2.579785,False
2008-12-16,15.5,8.2,11.690645,7.149677,14.9,3.809355,False
2008-12-17,15.3,9.2,11.573656,7.028925,14.71,3.726344,False
2008-12-18,15.1,9.7,11.459677,6.920323,14.6,3.640323,False
2008-12-19,17.9,8.8,11.352688,6.822151,14.4,6.547312,False
2008-12-20,18.1,8.9,11.252796,6.741398,14.3,6.847204,False
2008-12-21,11.5,4.6,11.180323,6.653011,14.2,0.319677,False
2008-12-22,5.9,4.4,11.091935,6.589677,14.1,-5.191935,False
2008-12-23,5.4,4.3,11.00871,6.537957,13.9,-5.60871,False
2008-12-24,8.3,4.3,10.932043,6.464946,13.81,-2.632043,False
2008-12-25,9.5,4.4,10.845591,6.385161,13.7,-1.345591,False
2008-12-26,9.0,5.9,10.783656,6.294946,13.5,-1.783656,False
2008-12-27,8.6,7.0,10.726129,6.23129,13.41,-2.126129,False
2008-12-28,9.1,7.1,10.678925,6.175269,13.4,-1.578925,False
2008-12-29,9.6,7.3,10.622581,6.097634,13.3,-1.022581,False
2008-12-30,9.2,7.0,10.58086,6.037419,13.3,-1.38086,False
2008-12-31,10.0,6.9,10.557419,5.989355,13.2,-0.557419,False
2009-01-01,8.8,6.5,10.531398,5.955806,13.2,-1.731398,False
2009-01-02,8.5,6.0,10.490968,5.933441,13.2,-1.990968,False
2009-01-03,8.3,6.1,10.449677,5.900323,13.2,-2.149677,False
2009-01-04,9.0,6.9,10.397097,5.880108,13.1,-1.397097,False
2009-01-05,7.6,6.9,10.357419,5.856022,13.1,-2.757419,False
2009-01-06,7.9,6.7,10.316774,5.836022,13.1,-2.416774,False
2009-01-07,8.8,4.7,10.296774,5.791613,13.2,-1.496774,False
2009-01-08,10.5,3.5,10.280538,5.771398,13.2,0.219462,False
2009-01-09,11.4,2.8,10.244624,5.745591,13.2,1.155376,False
2009-01-10,12.7,2.5,10.239355,5.709462,13.2,2.460645,False
2009-01-11,12.4,5.6,10.222581,5.679462,13.3,2.177419,False
2009-01-12,10.1,7.6,10.253118,5.646774,13.31,-0.153118,False
2009-01-13,10.5,5.8,10.280323,5.639462,13.4,0.219677,False
2009-01-14,9.4,5.3,10.333226,5.621828,13.5,-0.933226,False
2009-01-15,14.6,5.1,10.382366,5.611075,13.61,4.217634,False
2009-01-16,12.8,6.0,10.413871,5.635591,13.8,2.386129,False
2009-01-17,11.5,8.6,10.446452,5.647634,13.9,1.053548,False
2009-01-18,9.2,8.0,10.468065,5.657527,13.9,-1.268065,False
2009-01-19,10.2,8.5,10.492043,5.669462,14.0,-0.292043,False
2009-01-20,9.9,8.2,10.559462,5.676129,14.2,-0.659462,False
2009-01-21,10.8,4.2,10.650753,5.699032,14.4,0.149247,False
2009-01-22,13.8,3.9,10.740323,5.731828,14.51,3.059677,False
2009-01-23,9.0,4.5,10.840215,5.76957,14.7,-1.840215,False
2009-01-24,6.9,4.5,10.928387,5.823226,14.9,-4.028387,False
2009-01-25,6.3,4.5,11.005914,5.880538,15.2,-4.705914,False
2009-01-26,6.3,1.5,11.101183,5.932151,15.5,-4.801183,False
2009-01-27,10.3,2.3,11.203978,5.985161,15.7,-0.903978,False
2009-01-28,8.0,6.5,11.302688,6.039785,15.9,-3.302688,False
2009-01-29,14.2,4.0,11.404624,6.109032,16.1,2.795376,False
2009-01-30,16.5,4.2,11.502581,6.170538,16.2,4.997419,False
2009-01-31,11.7,9.7,11.607419,6.230538,16.3,0.092581,False
2009-02-01,10.4,9.5,11.711398,6.290108,16.5,-1.311398,False
2009-02-02,12.6,10.0,11.795376,6.343763,16.6,0.804624,False
2009-02-03,12.1,9.6,11.896559,6.408065,16.7,0.203441,False
2009-02-04,16.6,10.4,12.0,6.472903,16.81,4.6,False
2009-02-05,16.3,11.8,12.109462,6.547527,17.0,4.190538,False
2009-02-06,15.9,12.4,12.214516,6.631398,17.1,3.685484,False
2009-02-07,13.6,12.4,12.305376,6.732258,17.11,1.294624,False
2009-02-08,14.8,12.7,12.415054,6.811935,17.2,2.384946,False
2009-02-09,15.7,11.5,12.553656,6.913871,17.4,3.146344,False
2009-02-10,19.8,10.0,12.684946,7.035914,17.5,7.115054,False
2009-02-11,21.6,10.0,12.823763,7.156667,17.7,8.776237,False
2009-02-12,23.9,11.2,12.940538,7.29129,17.9,10.959462,False
2009-02-13,23.9,14.1,13.062258,7.40043,18.2,10.837742,False
2009-02-14,21.9,14.1,13.207634,7.52043,18.41,8.692366,False
2009-02-15,16.3,11.8,13.328172,7.639247,18.61,2.971828,False
2009-02-16,14.6,11.5,13.475591,7.718065,18.81,1.124409,False
2009-02-17,13.2,10.6,13.65043,7.793871,19.1,-0.45043,False
2009-02-18,14.0,11.0,13.819677,7.911613,19.2,0.180323,False
2009-02-19,15.2,10.7,13.98086,8.026344,19.3,1.21914,False
2009-02-20,14.0,9.0,14.112903,8.141828,19.4,-0.112903,False
2009-02-21,16.4,9.2,14.218817,8.23914,19.51,2.181183,False
2009-02-22,16.0,10.0,14.32914,8.310323,19.7,1.67086,False
2009-02-23,19.1,10.3,14.452581,8.406882,19.81,4.647419,False
2009-02-24,20.2,12.0,14.584301,8.511613,20.1,5.615699,False
2009-02-25,19.5,12.0,14.741613,8.615161,20.21,4.758387,False
2009-02-26,11.9,8.8,14.878495,8.736022,20.5,-2.978495,False
2009-02-27,10.0,8.8,15.007742,8.846882,20.8,-5.007742,False
2009-02-28,11.1,9.0,15.140968,8.973333,20.9,-4.040968,False
2009-03-01,10.1,7.6,15.284194,9.08914,21.0,-5.184194,False
2009-03-02,12.1,7.9,15.464301,9.185699,21.5,-3.364301,False
2009-03-03,12.4,8.3,15.657849,9.316129,22.01,-3.257849,False
2009-03-04,13.1,8.9,15.843441,9.445161,22.41,-2.743441,False
2009-03-05,14.7,9.3,16.049032,9.578602,22.71,-1.349032,False
2009-03-06,16.8,8.0,16.247419,9.706344,22.91,0.552581,False
2009-03-07,17.1,8.6,16.402903,9.832043,23.1,0.697097,False
2009-03-08,11.7,7.8,16.513978,9.936237,23.2,-4.813978,False
2009-03-09,19.8,7.6,16.626129,10.040538,23.4,3.173871,False
2009-03-10,17.4,12.1,16.775054,10.15172,23.5,0.624946,False
2009-03-11,15.2,12.3,16.966882,10.280645,23.7,-1.766882,False
2009-03-12,13.0,6.9,17.127849,10.397742,23.71,-4.127849,False
2009-03-13,13.2,3.9,17.291828,10.504946,23.91,-4.091828,False
2009-03-14,19.2,5.1,17.490215,10.63129,24.1,1.709785,False
2009-03-15,19.4,8.6,17.692366,10.783333,24.3,1.707634,False
2009-03-16,22.3,8.9,17.895914,10.949355,24.6,4.404086,False
2009-03-17,23.3,10.2,18.066667,11.096989,24.71,5.233333,False
2009-03-18,23.9,13.8,18.238602,11.237419,24.81,5.661398,False
2009-03-19,26.8,13.9,18.404516,11.412581,25.3,8.395484,False
2009-03-20,30.9,16.5,18.554194,11.583763,25.51,12.345806,False
2009-03-21,27.0,17.3,18.685054,11.695699,25.6,8.314946,False
2009-03-22,25.4,16.8,18.86,11.817742,25.9,6.54,False
2009-03-23,20.8,14.4,19.047204,11.972258,26.1,1.752796,False
2009-03-24,24.2,14.6,19.22957,12.143978,26.11,4.97043,False
2009-03-25,24.6,16.2,19.396237,12.312903,26.2,5.203763,False
2009-03-26,24.0,16.5,19.510323,12.453978,26.3,4.489677,False
2009-03-27,19.9,12.8,19.627312,12.57828,26.4,0.272688,False
2009-03-28,12.8,11.5,19.76172,12.698495,26.5,-6.96172,False
2009-03-29,17.0,11.1,19.892043,12.79129,26.8,-2.892043,False
2009-03-30,17.1,11.0,20.033226,12.909892,27.0,-2.933226,False
2009-03-31,16.6,11.2,20.223548,13.032043,27.2,-3.623548,False
2009-04-01,13.9,10.3,20.439247,13.179032,27.51,-6.539247,False
2009-04-02,16.7,10.5,20.643333,13.354731,27.81,-3.943333,False
2009-04-03,14.7,11.4,20.817097,13.514624,28.11,-6.117097,False
2009-04-04,18.8,11.7,21.004086,13.687204,28.3,-2.204086,False
2009-04-05,20.0,13.2,21.162796,13.848817,28.4,-1.162796,False
2009-04-06,20.0,10.0,21.317527,13.995054,28.5,-1.317527,False
2009-04-07,24.9,10.8,21.526559,14.166452,28.71,3.373441,False
2009-04-08,20.4,15.6,21.752581,14.348387,29.0,-1.352581,False
2009-04-09,17.9,15.8,21.951398,14.521828,29.01,-4.051398,False
2009-04-10,17.3,15.3,22.103333,14.683226,29.1,-4.803333,False
2009-04-11,20.0,15.1,22.245161,14.830538,29.2,-2.245161,False
2009-04-12,20.4,16.3,22.436237,14.988387,29.4,-2.036237,False
2009-04-13,24.3,14.2,22.63871,15.160968,29.61,1.66129,False
2009-04-14,30.1,15.8,22.844946,15.325269,29.72,7.255054,False
2009-04-15,30.3,17.7,23.052903,15.472366,30.1,7.247097,False
2009-04-16,30.7,18.6,23.249462,15.607957,30.3,7.450538,False
2009-04-17,25.5,17.5,23.416022,15.755591,30.4,2.083978,False
2009-04-18,19.2,17.6,23.559462,15.902473,30.4,-4.359462,False
2009-04-19,25.9,17.3,23.715914,16.036989,30.5,2.184086,False
2009-04-20,29.5,17.9,23.876989,16.173871,30.6,5.623011,False
2009-04-21,24.3,17.5,24.061613,16.342151,30.7,0.238387,False
2009-04-22,27.7,18.8,24.187527,16.507419,30.8,3.512473,False
2009-04-23,21.5,18.0,24.275591,16.632688,30.9,-2.775591,False
2009-04-24,21.4,17.4,24.390968,16.73957,30.9,-2.990968,False
2009-04-25,21.0,17.1,24.554731,16.870323,31.0,-3.554731,False
2009-04-26,22.1,16.9,24.738817,17.014624,31.11,-2.638817,False
2009-04-27,17.9,15.2,24.925699,17.162581,31.5,-7.025699,False
2009-04-28,21.2,14.0,25.074194,17.314301,31.51,-3.874194,False
2009-04-29,24.3,15.3,25.20043,17.487312,31.6,-0.90043,False
2009-04-30,22.2,17.0,25.322581,17.623333,31.61,-3.122581,False
2009-05-01,18.8,16.1,25.40828,17.746882,31.71,-6.60828,False
2009-05-02,24.5,15.5,25.473656,17.863871,31.81,-0.973656,False
2009-05-03,28.4,16.1,25.537419,17.964624,31.9,2.862581,False
2009-05-04,30.9,18.5,25.628387,18.070968,32.0,5.271613,False
2009-05-05,20.8,18.8,25.694194,18.166237,32.1,-4.894194,False
2009-05-06,21.5,17.8,25.762903,18.243656,32.2,-4.262903,False
2009-05-07,25.1,19.8,25.814731,18.337312,32.3,-0.714731,False
2009-05-08,26.1,20.6,25.896344,18.431183,32.31,0.203656,False
2009-05-09,27.7,21.6,25.955914,18.517312,32.4,1.744086,False
2009-05-10,26.7,22.3,26.055591,18.615699,32.4,0.644409,False
2009-05-11,28.2,22.2,26.166452,18.728925,32.4,2.033548,False
2009-05-12,26.2,21.6,26.227849,18.832151,32.4,-0.027849,False
2009-05-13,24.1,20.1,26.269247,18.919892,32.4,-2.169247,False
2009-05-14,22.1,19.5,26.290645,19.001183,32.4,-4.190645,False
2009-05-15,22.5,19.4,26.297634,19.073871,32.4,-3.797634,False
2009-05-16,28.0,19.5,26.296129,19.148065,32.3,1.703871,False
2009-05-17,24.6,19.8,26.297204,19.231828,32.3,-1.697204,False
2009-05-18,25.9,18.8,26.341613,19.313441,32.21,-0.441613,False
2009-05-19,22.5,17.1,26.416129,19.394946,32.21,-3.916129,False
2009-05-20,29.4,17.9,26.505269,19.497849,32.4,2.894731,False
2009-05-21,33.3,20.2,26.583118,19.608602,32.4,6.716882,False
2009-05-22,24.8,17.1,26.637634,19.710753,32.4,-1.837634,False
2009-05-23,24.5,18.7,26.705699,19.800753,32.41,-2.205699,False
2009-05-24,23.1,19.2,26.793763,19.897742,32.41,-3.693763,False
2009-05-25,22.4,18.8,26.847204,20.006882,32.6,-4.447204,False
2009-05-26,21.7,20.1,26.87914,20.106344,32.51,-5.17914,False
2009-05-27,24.9,18.7,26.921398,20.191613,32.51,-2.021398,False
2009-05-28,22.0,18.6,26.962581,20.276559,32.4,-4.962581,False
2009-05-29,25.1,19.5,27.02086,20.366344,32.6,-1.92086,False
2009-05-30,24.6,18.1,27.151828,20.465484,32.6,-2.551828,False
2009-05-31,27.1,20.0,27.270323,20.586667,32.7,-0.170323,False
2009-06-01,22.1,18.4,27.358495,20.710108,32.71,-5.258495,False
2009-06-02,27.5,18.2,27.453118,20.823441,32.9,0.046882,False
2009-06-03,31.1,18.2,27.540645,20.943441,32.9,3.559355,False
2009-06-04,33.3,21.2,27.578817,21.043011,32.9,5.721183,True
2009-06-05,34.4,22.8,27.612688,21.140968,32.9,6.787312,True
2009-06-06,34.7,23.7,27.707634,21.264086,32.9,6.992366,True
2009-06-07,26.0,21.8,27.81914,21.381398,32.81,-1.81914,False
2009-06-08,24.2,21.0,27.88871,21.487527,32.8,-3.68871,False
2009-06-09,24.2,21.5,28.00828,21.586882,32.9,-3.80828,False
2009-06-10,22.1,20.1,28.106237,21.701183,33.0,-6.006237,False
2009-06-11,24.3,19.0,28.225054,21.829892,33.2,-3.925054,False
2009-06-12,27.8,19.6,28.365806,21.963871,33.4,-0.565806,False
2009-06-13,31.8,21.8,28.508495,22.105591,33.5,3.291505,False
2009-06-14,31.5,23.4,28.620645,22.230753,33.7,2.879355,False
2009-06-15,31.2,22.0,28.703441,22.354194,33.8,2.496559,False
2009-06-16,25.4,21.3,28.806882,22.470645,34.0,-3.406882,False
2009-06-17,30.9,23.1,28.922796,22.592473,34.1,1.977204,False
2009-06-18,33.5,26.4,29.007527,22.703226,34.2,4.492473,False
2009-06-19,31.1,22.3,29.079785,22.810538,34.3,2.020215,False
2009-06-20,25.9,22.1,29.12914,22.898065,34.3,-3.22914,False
2009-06-21,28.3,22.8,29.214516,22.993978,34.3,-0.914516,False
2009-06-22,26.5,23.6,29.329785,23.079677,34.4,-2.829785,False
2009-06-23,30.6,24.2,29.45914,23.185161,34.6,1.14086,False
2009-06-24,33.5,24.7,29.589677,23.290538,34.7,3.910323,False
2009-06-25,30.8,24.9,29.742581,23.395161,34.71,1.057419,False
2009-06-26,33.2,25.3,29.877527,23.493226,34.81,3.322473,False
2009-06-27,34.5,26.5,30.011935,23.599677,35.0,4.488065,False
2009-06-28,31.3,22.9,30.165269,23.72086,35.0,1.134731,False
2009-06-29,23.7,21.6,30.32172,23.84086,35.3,-6.62172,False
2009-06-30,29.8,22.8,30.428065,23.94043,35.31,-0.628065,False
2009-07-01,28.9,24.2,30.529032,24.03828,35.4,-1.629032,False
2009-07-02,25.5,20.3,30.659355,24.132151,35.5,-5.159355,False
2009-07-03,23.8,20.5,30.783978,24.222258,35.6,-6.983978,False
2009-07-04,24.3,21.7,30.886344,24.304194,35.7,-6.586344,False
2009-07-05,27.9,22.5,31.033226,24.406882,35.8,-3.133226,False
2009-07-06,30.7,24.5,31.204086,24.514301,35.9,-0.504086,False
2009-07-07,33.8,26.6,31.322258,24.597312,36.0,2.477742,False
2009-07-08,34.7,27.4,31.47129,24.690323,36.1,3.22871,False
2009-07-09,28.1,23.0,31.640753,24.787419,36.2,-3.540753,False
2009-07-10,30.7,24.7,31.807849,24.89914,36.4,-1.107849,False
2009-07-11,27.0,24.0,31.996237,25.009032,36.6,-4.996237,False
2009-07-12,32.7,25.6,32.177204,25.109677,36.8,0.522796,False
2009-07-13,34.6,26.5,32.34,25.19871,36.9,2.26,False
2009-07-14,35.7,27.2,32.449677,25.255161,37.0,3.250323,False
2009-07-15,36.2,28.5,32.573118,25.321613,37.0,3.626882,False
2009-07-16,36.9,29.3,32.719247,25.386559,37.1,4.180753,False
2009-07-17,37.0,27.7,32.815054,25.433656,37.2,4.184946,False
2009-07-18,35.5,28.0,32.891183,25.473763,37.3,2.608817,False
2009-07-19,39.0,29.5,33.009247,25.524409,37.4,5.990753,False
2009-07-20,36.5,27.7,33.152043,25.586559,37.4,3.347957,False
2009-07-21,36.9,28.1,33.286774,25.656344,37.5,3.613226,False
2009-07-22,36.6,29.1,33.393226,25.716559,37.5,3.206774,False
2009-07-23,32.5,25.3,33.494301,25.757204,37.6,-0.994301,False
2009-07-24,31.6,25.8,33.548065,25.793656,37.61,-1.948065,False
2009-07-25,34.5,24.8,33.607097,25.829785,37.8,0.892903,False
2009-07-26,30.3,22.4,33.653548,25.86957,37.9,-3.353548,False
2009-07-27,25.7,21.7,33.69,25.895914,38.0,-7.99,False
2009-07-28,31.9,22.9,33.732581,25.905054,38.2,-1.832581,False
2009-07-29,34.2,25.3,33.758925,25.914624,38.21,0.441075,False
2009-07-30,34.0,27.0,33.807527,25.921075,38.3,0.192473,False
2009-07-31,33.8,24.9,33.844194,25.927097,38.3,-0.044194,False
2009-08-01,32.6,25.5,33.874086,25.921398,38.31,-1.274086,False
2009-08-02,34.0,27.2,33.893656,25.908495,38.4,0.106344,False
2009-08-03,33.8,25.9,33.891505,25.909462,38.4,-0.091505,False
2009-08-04,26.7,23.7,33.916882,25.901183,38.4,-7.216882,False
2009-08-05,29.0,23.8,33.883978,25.859785,38.4,-4.883978,False
2009-08-06,33.1,24.3,33.842903,25.807419,38.4,-0.742903,False
2009-08-07,34.1,25.5,33.810108,25.770538,38.4,0.289892,False
2009-08-08,33.4,25.7,33.783871,25.73129,38.41,-0.383871,False
2009-08-09,32.9,23.4,33.734731,25.677204,38.4,-0.834731,False
2009-08-10,25.5,22.5,33.647634,25.626774,38.4,-8.147634,False
2009-08-11,26.4,23.3,33.550538,25.553333,38.4,-7.150538,False
2009-08-12,27.7,24.0,33.433441,25.474516,38.4,-5.733441,False
2009-08-13,31.1,24.6,33.29828,25.392258,38.4,-2.19828,False
2009-08-14,34.5,25.6,33.196452,25.323118,38.4,1.303548,False
2009-08-15,36.3,26.8,33.134624,25.250753,38.41,3.165376,False
2009-08-16,34.1,27.1,33.042688,25.17043,38.51,1.057312,False
2009-08-17,32.7,26.2,32.971935,25.089462,38.6,-0.271935,False
2009-08-18,36.0,27.7,32.877957,24.997097,38.6,3.122043,False
2009-08-19,33.9,24.1,32.75086,24.912796,38.6,1.14914,False
2009-08-20,31.4,24.2,32.632903,24.820753,38.6,-1.232903,False
2009-08-21,34.1,25.9,32.507527,24.709892,38.61,1.592473,False
2009-08-22,33.2,25.5,32.359785,24.581828,38.6,0.840215,False
2009-08-23,35.0,26.1,32.200753,24.468602,38.51,2.799247,False
2009-08-24,37.6,26.6,32.058065,24.356667,38.5,5.541935,False
2009-08-25,37.7,27.7,31.909032,24.238817,38.4,5.790968,False
2009-08-26,33.4,24.1,31.744946,24.1,38.31,1.655054,False
2009-08-27,29.7,23.8,31.612043,23.982796,38.1,-1.912043,False
2009-08-28,33.6,24.8,31.45957,23.861075,37.81,2.14043,False
2009-08-29,27.4,23.1,31.298817,23.72172,37.8,-3.898817,False
2009-08-30,30.7,21.5,31.084624,23.573333,37.61,-0.384624,False
2009-08-31,32.3,21.3,30.898602,23.440753,37.6,1.401398,False
2009-09-01,32.8,21.4,30.753548,23.322796,37.5,2.046452,False
2009-09-02,33.2,22.9,30.581183,23.203226,37.4,2.618817,False
2009-09-03,33.6,25.0,30.387742,23.06172,37.31,3.212258,False
2009-09-04,33.6,25.2,30.173871,22.908065,37.21,3.426129,False
2009-09-05,35.8,26.1,29.986989,22.757527,36.91,5.813011,False
2009-09-06,37.3,27.1,29.808495,22.61086,36.81,7.491505,True
2009-09-07,38.8,27.3,29.632796,22.46871,36.8,9.167204,True
2009-09-08,38.7,28.3,29.436774,22.325161,36.5,9.263226,True
2009-09-09,38.2,28.7,29.224409,22.175699,36.2,8.975591,True
2009-09-10,36.7,27.4,29.017204,22.02086,36.0,7.682796,True
2009-09-11,36.1,28.1,28.806667,21.882796,35.7,7.293333,True
2009-09-12,35.3,26.4,28.587527,21.732473,35.4,6.712473,False
2009-09-13,34.1,23.3,28.394839,21.59086,35.11,5.705161,False
2009-09-14,23.0,20.7,28.242581,21.454946,34.7,-5.242581,False
2009-09-15,27.8,21.3,28.083548,21.318817,34.4,-0.283548,False
2009-09-16,28.4,23.1,27.882903,21.177634,34.2,0.517097,False
2009-09-17,28.2,24.0,27.687419,21.031828,33.9,0.512581,False
2009-09-18,31.1,24.5,27.451183,20.872581,33.71,3.648817,False
2009-09-19,28.1,20.8,27.215806,20.696989,33.6,0.884194,False
2009-09-20,20.4,18.6,26.974946,20.507527,33.32,-6.574946,False
2009-09-21,24.3,19.3,26.748172,20.326667,33.01,-2.448172,False
2009-09-22,30.1,18.9,26.546022,20.165054,32.9,3.553978,False
2009-09-23,31.0,20.5,26.350108,20.016667,32.7,4.649892,False
2009-09-24,24.6,19.9,26.170108,19.863871,32.51,-1.570108,False
2009-09-25,25.5,19.6,25.973226,19.707849,32.3,-0.473226,False
2009-09-26,21.6,19.7,25.783548,19.564194,32.2,-4.183548,False
2009-09-27,25.4,19.3,25.556022,19.414624,31.8,-0.156022,False
2009-09-28,28.4,18.9,25.312581,19.256774,31.5,3.087419,False
2009-09-29,30.5,18.9,25.093333,19.102688,31.21,5.406667,False
2009-09-30,30.6,18.8,24.894946,18.959785,31.1,5.705054,False
2009-10-01,31.0,20.2,24.676344,18.797742,31.0,6.323656,False
2009-10-02,29.5,20.9,24.430323,18.619892,30.71,5.069677,False
2009-10-03,26.7,19.0,24.222581,18.46,30.6,2.477419,False
2009-10-04,26.5,18.6,24.027312,18.302473,30.5,2.472688,False
2009-10-05,29.6,18.2,23.849032,18.158387,30.3,5.750968,False
2009-10-06,26.2,19.3,23.66957,18.019032,30.1,2.53043,False
2009-10-07,23.4,19.4,23.477957,17.878925,29.81,-0.077957,False
2009-10-08,21.0,18.0,23.303763,17.73172,29.61,-2.303763,False
2009-10-09,18.8,16.5,23.119785,17.575591,29.41,-4.319785,False
2009-10-10,17.6,16.6,22.927634,17.423763,29.1,-5.327634,False
2009-10-11,18.9,16.8,22.746774,17.276667,28.9,-3.846774,False
2009-10-12,18.3,17.0,22.560753,17.116667,28.7,-4.260753,False
2009-10-13,18.1,16.9,22.379032,16.952366,28.6,-4.279032,False
2009-10-14,21.2,16.8,22.18172,16.785269,28.4,-0.98172,False
2009-10-15,22.2,17.8,21.961828,16.600753,28.2,0.238172,False
2009-10-16,21.4,15.3,21.729677,16.420108,27.7,-0.329677,False
2009-10-17,24.3,16.0,21.545484,16.239247,27.5,2.754516,False
2009-10-18,20.7,17.7,21.375699,16.066344,27.0,-0.675699,False
2009-10-19,18.6,15.5,21.281183,15.907742,26.9,-2.681183,False
2009-10-20,17.6,15.4,21.20129,15.757634,26.6,-3.60129,False
2009-10-21,18.9,14.9,21.097097,15.628817,26.31,-2.197097,False
2009-10-22,22.5,13.4,20.980215,15.506559,26.0,1.519785,False
2009-10-23,24.4,14.6,20.849462,15.369677,25.71,3.550538,False
2009-10-24,20.2,17.9,20.703548,15.227957,25.4,-0.503548,False
2009-10-25,20.7,17.3,20.571828,15.085806,25.2,0.128172,False
2009-10-26,18.3,17.2,20.450215,14.939677,24.9,-2.150215,False
2009-10-27,19.3,16.7,20.327527,14.799032,24.7,-1.027527,False
2009-10-28,20.4,17.1,20.207419,14.65828,24.6,0.192581,False
2009-10-29,20.6,18.3,20.115269,14.53,24.6,0.484731,False
2009-10-30,23.1,19.1,20.004409,14.390538,24.41,3.095591,False
2009-10-31,19.5,15.6,19.867527,14.255054,24.4,-0.367527,False
2009-11-01,19.3,15.2,19.71828,14.106344,24.3,-0.41828,False
2009-11-02,21.6,13.5,19.572151,13.958925,24.1,2.027849,False
2009-11-03,21.8,12.4,19.390538,13.790108,23.91,2.409462,False
2009-11-04,21.8,12.3,19.188495,13.620108,23.71,2.611505,False
2009-11-05,22.8,12.5,18.987204,13.452688,23.51,3.812796,False
2009-11-06,22.0,15.5,18.803871,13.281828,23.4,3.196129,False
2009-11-07,23.3,14.2,18.635269,13.104516,23.3,4.664731,False
2009-11-08,21.9,15.4,18.443871,12.935806,23.1,3.456129,False
2009-11-09,23.4,16.8,18.252366,12.759677,23.0,5.147634,False
2009-11-10,24.4,17.1,18.09129,12.593763,22.9,6.30871,False
2009-11-11,21.4,10.7,17.930538,12.427097,22.9,3.469462,False
2009-11-12,11.3,9.1,17.757742,12.261828,22.8,-6.457742,False
2009-11-13,15.5,10.5,17.592688,12.113871,22.7,-2.092688,False
2009-11-14,13.2,11.2,17.432581,11.971075,22.6,-4.232581,False
2009-11-15,12.1,8.5,17.26043,11.838925,22.5,-5.16043,False
2009-11-16,8.9,6.6,17.063656,11.696882,22.4,-8.163656,False
2009-11-17,7.0,4.8,16.886344,11.563763,22.2,-9.886344,False
2009-11-18,6.7,5.0,16.692688,11.422366,22.0,-9.992688,False
2009-11-19,7.8,6.1,16.474839,11.272903,21.8,-8.674839,False
2009-11-20,10.5,5.2,16.224194,11.121505,21.6,-5.724194,False
2009-11-21,12.8,2.6,15.999677,10.944516,21.3,-3.199677,False
2009-11-22,14.9,3.8,15.767419,10.748817,21.0,-0.867419,False
2009-11-23,15.4,4.6,15.536559,10.572366,20.4,-0.136559,False
2009-11-24,15.7,6.4,15.328817,10.401183,20.0,0.371183,False
2009-11-25,15.7,9.5,15.091828,10.239785,19.61,0.608172,False
2009-11-26,11.5,10.8,14.854516,10.072366,19.1,-3.354516,False
2009-11-27,12.1,11.0,14.624624,9.890753,18.91,-2.524624,False
2009-11-28,12.6,11.0,14.43,9.724516,18.6,-1.83,False
2009-11-29,12.7,10.9,14.207634,9.563333,18.4,-1.507634,False
2009-11-30,12.4,10.8,13.97957,9.402581,18.2,-1.57957,False
2009-12-01,13.8,10.9,13.793118,9.216559,17.9,0.006882,False
2009-12-02,15.0,9.8,13.63086,9.051935,17.7,1.36914,False
2009-12-03,16.1,9.9,13.456022,8.900968,17.4,2.643978,False
2009-12-04,15.3,8.0,13.309892,8.745054,17.2,1.990108,False
2009-12-05,13.3,8.3,13.189462,8.603871,17.0,0.110538,False
2009-12-06,12.4,10.3,13.079677,8.447957,16.8,-0.679677,False
2009-12-07,11.0,10.3,12.94957,8.302581,16.6,-1.94957,False
2009-12-08,13.0,10.8,12.800753,8.175054,16.3,0.199247,False
2009-12-09,11.9,9.5,12.678387,8.050645,16.11,-0.778387,False
2009-12-10,15.3,9.1,12.540645,7.939677,16.0,2.759355,False
2009-12-11,13.0,10.9,12.396344,7.814839,15.8,0.603656,False
2009-12-12,12.3,10.9,12.239677,7.681505,15.5,0.060323,False
2009-12-13,12.8,10.0,12.104516,7.546882,15.4,0.695484,False
2009-12-14,11.2,9.1,11.955054,7.416774,15.3,-0.755054,False
2009-12-15,12.0,8.5,11.820215,7.287097,15.1,0.179785,False
2009-12-16,9.6,6.2,11.690645,7.149677,14.9,-2.090645,False
2009-12-17,11.1,6.6,11.573656,7.028925,14.71,-0.473656,False
2009-12-18,9.3,7.4,11.459677,6.920323,14.6,-2.159677,False
2009-12-19,9.8,4.6,11.352688,6.822151,14.4,-1.552688,False
2009-12-20,12.9,4.8,11.252796,6.741398,14.3,1.647204,False
2009-12-21,13.4,4.9,11.180323,6.653011,14.2,2.219677,False
2009-12-22,11.2,5.4,11.091935,6.589677,14.1,0.108065,False
2009-12-23,10.9,8.0,11.00871,6.537957,13.9,-0.10871,False
2009-12-24,13.1,8.1,10.932043,6.464946,13.81,2.167957,False
2009-12-25,10.8,6.9,10.845591,6.385161,13.7,-0.045591,False
2009-12-26,13.5,6.9,10.783656,6.294946,13.5,2.716344,False
2009-12-27,8.4,3.1,10.726129,6.23129,13.41,-2.326129,False
2009-12-28,11.1,3.7,10.678925,6.175269,13.4,0.421075,False
2009-12-29,10.5,5.5,10.622581,6.097634,13.3,-0.122581,False
2009-12-30,10.1,5.4,10.58086,6.037419,13.3,-0.48086,False
2009-12-31,9.6,7.2,10.557419,5.989355,13.2,-0.957419,False
2010-01-01,11.1,6.1,10.531398,5.955806,13.2,0.568602,False
2010-01-02,11.5,3.1,10.490968,5.933441,13.2,1.009032,False
2010-01-03,13.4,3.3,10.449677,5.900323,13.2,2.950323,False
2010-01-04,8.1,5.8,10.397097,5.880108,13.1,-2.297097,False
2010-01-05,9.7,7.3,10.357419,5.856022,13.1,-0.657419,False
2010-01-06,11.8,7.9,10.316774,5.836022,13.1,1.483226,False
2010-01-07,11.8,5.4,10.296774,5.791613,13.2,1.503226,False
2010-01-08,14.1,5.8,10.280538,5.771398,13.2,3.819462,False
2010-01-09,10.0,9.0,10.244624,5.745591,13.2,-0.244624,False
2010-01-10,12.3,9.4,10.239355,5.709462,13.2,2.060645,False
2010-01-11,10.2,7.2,10.222581,5.679462,13.3,-0.022581,False
2010-01-12,10.1,5.3,10.253118,5.646774,13.31,-0.153118,False
2010-01-13,11.3,2.3,10.280323,5.639462,13.4,1.019677,False
2010-01-14,11.2,2.6,10.333226,5.621828,13.5,0.866774,False
2010-01-15,10.4,3.3,10.382366,5.611075,13.61,0.017634,False
2010-01-16,14.6,3.3,10.413871,5.635591,13.8,4.186129,False
2010-01-17,15.0,5.1,10.446452,5.647634,13.9,4.553548,False
2010-01-18,13.4,5.2,10.468065,5.657527,13.9,2.931935,False
2010-01-19,12.4,10.0,10.492043,5.669462,14.0,1.907957,False
2010-01-20,12.7,8.8,10.559462,5.676129,14.2,2.140538,False
2010-01-21,13.7,9.3,10.650753,5.699032,14.4,3.049247,False
2010-01-22,11.2,7.1,10.740323,5.731828,14.51,0.459677,False
2010-01-23,11.0,7.0,10.840215,5.76957,14.7,0.159785,False
2010-01-24,9.5,6.2,10.928387,5.823226,14.9,-1.428387,False
2010-01-25,13.0,5.5,11.005914,5.880538,15.2,1.994086,False
2010-01-26,13.6,6.5,11.101183,5.932151,15.5,2.498817,False
2010-01-27,15.3,6.2,11.203978,5.985161,15.7,4.096022,False
2010-01-28,14.3,7.2,11.302688,6.039785,15.9,2.997312,False
2010-01-29,15.9,10.0,11.404624,6.109032,16.1,4.495376,False
2010-01-30,13.3,8.6,11.502581,6.170538,16.2,1.797419,False
2010-01-31,16.6,8.2,11.607419,6.230538,16.3,4.992581,False
2010-02-01,14.4,9.7,11.711398,6.290108,16.5,2.688602,False
2010-02-02,12.6,9.5,11.795376,6.343763,16.6,0.804624,False
2010-02-03,12.6,8.7,11.896559,6.408065,16.7,0.703441,False
2010-02-04,13.2,8.1,12.0,6.472903,16.81,1.2,False
2010-02-05,13.4,8.8,12.109462,6.547527,17.0,1.290538,False
2010-02-06,14.9,6.4,12.214516,6.631398,17.1,2.685484,False
2010-02-07,18.5,7.0,12.305376,6.732258,17.11,6.194624,False
2010-02-08,17.8,11.1,12.415054,6.811935,17.2,5.384946,False
2010-02-09,19.3,11.8,12.553656,6.913871,17.4,6.746344,False
2010-02-10,17.5,10.1,12.684946,7.035914,17.5,4.815054,False
2010-02-11,9.8,7.3,12.823763,7.156667,17.7,-3.023763,False
2010-02-12,8.5,6.7,12.940538,7.29129,17.9,-4.440538,False
2010-02-13,7.5,5.5,13.062258,7.40043,18.2,-5.562258,False
2010-02-14,9.1,5.7,13.207634,7.52043,18.41,-4.107634,False
2010-02-15,9.0,5.6,13.328172,7.639247,18.61,-4.328172,False
2010-02-16,9.1,5.4,13.475591,7.718065,18.81,-4.375591,False
2010-02-17,10.3,6.0,13.65043,7.793871,19.1,-3.35043,False
2010-02-18,6.9,5.2,13.819677,7.911613,19.2,-6.919677,False
2010-02-19,11.0,3.5,13.98086,8.026344,19.3,-2.98086,False
2010-02-20,12.6,4.4,14.112903,8.141828,19.4,-1.512903,False
2010-02-21,11.6,5.5,14.218817,8.23914,19.51,-2.618817,False
2010-02-22,15.0,5.4,14.32914,8.310323,19.7,0.67086,False
2010-02-23,14.4,8.4,14.452581,8.406882,19.81,-0.052581,False
2010-02-24,16.4,9.0,14.584301,8.511613,20.1,1.815699,False
2010-02-25,17.5,8.6,14.741613,8.615161,20.21,2.758387,False
2010-02-26,21.0,8.5,14.878495,8.736022,20.5,6.121505,False
2010-02-27,24.0,9.1,15.007742,8.846882,20.8,8.992258,False
2010-02-28,25.4,14.7,15.140968,8.973333,20.9,10.259032,False
2010-03-01,24.7,14.5,15.284194,9.08914,21.0,9.415806,False
2010-03-02,19.4,11.8,15.464301,9.185699,21.5,3.935699,False
2010-03-03,12.4,10.3,15.657849,9.316129,22.01,-3.257849,False
2010-03-04,14.5,10.8,15.843441,9.445161,22.41,-1.343441,False
2010-03-05,15.2,11.6,16.049032,9.578602,22.71,-0.849032,False
2010-03-06,14.3,9.9,16.247419,9.706344,22.91,-1.947419,False
2010-03-07,13.7,7.8,16.402903,9.832043,23.1,-2.702903,False
2010-03-08,9.8,8.1,16.513978,9.936237,23.2,-6.713978,False
2010-03-09,11.4,6.5,16.626129,10.040538,23.4,-5.226129,False
2010-03-10,15.7,4.6,16.775054,10.15172,23.5,-1.075054,False
2010-03-11,20.5,6.2,16.966882,10.280645,23.7,3.533118,False
2010-03-12,21.8,9.4,17.127849,10.397742,23.71,4.672151,False
2010-03-13,21.9,10.7,17.291828,10.504946,23.91,4.608172,False
2010-03-14,18.4,12.9,17.490215,10.63129,24.1,0.909785,False
2010-03-15,13.0,10.1,17.692366,10.783333,24.3,-4.692366,False
2010-03-16,20.1,9.7,17.895914,10.949355,24.6,2.204086,False
2010-03-17,22.9,9.6,18.066667,11.096989,24.71,4.833333,False
2010-03-18,27.4,10.2,18.238602,11.237419,24.81,9.161398,False
2010-03-19,29.2,13.6,18.404516,11.412581,25.3,10.795484,False
2010-03-20,30.8,16.0,18.554194,11.583763,25.51,12.245806,False
2010-03-21,31.8,19.7,18.685054,11.695699,25.6,13.114946,False
2010-03-22,27.9,12.4,18.86,11.817742,25.9,9.04,False
2010-03-23,14.2,11.5,19.047204,11.972258,26.1,-4.847204,False
2010-03-24,11.3,9.1,19.22957,12.143978,26.11,-7.92957,False
2010-03-25,12.9,7.5,19.396237,12.312903,26.2,-6.496237,False
2010-03-26,20.3,8.3,19.510323,12.453978,26.3,0.789677,False
2010-03-27,19.6,11.1,19.627312,12.57828,26.4,-0.027312,False
2010-03-28,19.9,13.1,19.76172,12.698495,26.5,0.13828,False
2010-03-29,15.5,13.0,19.892043,12.79129,26.8,-4.392043,False
2010-03-30,16.4,12.7,20.033226,12.909892,27.0,-3.633226,False
2010-03-31,14.5,12.5,20.223548,13.032043,27.2,-5.723548,False
2010-04-01,13.0,10.8,20.439247,13.179032,27.51,-7.439247,False
2010-04-02,14.9,11.5,20.643333,13.354731,27.81,-5.743333,False
2010-04-03,17.8,12.6,20.817097,13.514624,28.11,-3.017097,False
2010-04-04,19.7,11.1,21.004086,13.687204,28.3,-1.304086,False
2010-04-05,21.0,13.4,21.162796,13.848817,28.4,-0.162796,False
2010-04-06,16.7,14.1,21.317527,13.995054,28.5,-4.617527,False
2010-04-07,16.0,13.6,21.526559,14.166452,28.71,-5.526559,False
2010-04-08,21.9,12.7,21.752581,14.348387,29.0,0.147419,False
2010-04-09,20.3,12.8,21.951398,14.521828,29.01,-1.651398,False
2010-04-10,17.9,14.7,22.103333,14.683226,29.1,-4.203333,False
2010-04-11,18.1,14.4,22.245161,14.830538,29.2,-4.145161,False
2010-04-12,23.3,13.4,22.436237,14.988387,29.4,0.863763,False
2010-04-13,15.1,9.2,22.63871,15.160968,29.61,-7.53871,False
2010-04-14,12.0,9.6,22.844946,15.325269,29.72,-10.844946,False
2010-04-15,16.7,10.8,23.052903,15.472366,30.1,-6.352903,False
2010-04-16,19.9,12.4,23.249462,15.607957,30.3,-3.349462,False
2010-04-17,20.5,14.7,23.416022,15.755591,30.4,-2.916022,False
2010-04-18,19.8,12.2,23.559462,15.902473,30.4,-3.759462,False
2010-04-19,24.5,14.1,23.715914,16.036989,30.5,0.784086,False
2010-04-20,18.5,17.1,23.876989,16.173871,30.6,-5.376989,False
2010-04-21,22.6,15.1,24.061613,16.342151,30.7,-1.461613,False
2010-04-22,15.4,13.3,24.187527,16.507419,30.8,-8.787527,False
2010-04-23,21.8,13.8,24.275591,16.632688,30.9,-2.475591,False
2010-04-24,19.6,13.7,24.390968,16.73957,30.9,-4.790968,False
2010-04-25,16.5,13.9,24.554731,16.870323,31.0,-8.054731,False
2010-04-26,22.6,12.4,24.738817,17.014624,31.11,-2.138817,False
2010-04-27,26.4,15.7,24.925699,17.162581,31.5,1.474301,False
2010-04-28,28.0,17.3,25.074194,17.314301,31.51,2.925806,False
2010-04-29,31.9,19.7,25.20043,17.487312,31.6,6.69957,False
2010-04-30,27.9,20.1,25.322581,17.623333,31.61,2.577419,False
2010-05-01,29.7,19.2,25.40828,17.746882,31.71,4.29172,False
2010-05-02,33.2,21.8,25.473656,17.863871,31.81,7.726344,False
2010-05-03,28.8,21.3,25.537419,17.964624,31.9,3.262581,False
2010-05-04,28.6,21.0,25.628387,18.070968,32.0,2.971613,False
2010-05-05,32.6,19.0,25.694194,18.166237,32.1,6.905806,False
2010-05-06,18.5,16.4,25.762903,18.243656,32.2,-7.262903,False
2010-05-07,20.5,17.1,25.814731,18.337312,32.3,-5.314731,False
2010-05-08,24.5,18.3,25.896344,18.431183,32.31,-1.396344,False
2010-05-09,22.5,17.2,25.955914,18.517312,32.4,-3.455914,False
2010-05-10,20.0,15.9,26.055591,18.615699,32.4,-6.055591,False
2010-05-11,21.5,17.4,26.166452,18.728925,32.4,-4.666452,False
2010-05-12,19.5,17.6,26.227849,18.832151,32.4,-6.727849,False
2010-05-13,20.0,17.9,26.269247,18.919892,32.4,-6.269247,False
2010-05-14,20.7,17.8,26.290645,19.001183,32.4,-5.590645,False
2010-05-15,22.6,18.4,26.297634,19.073871,32.4,-3.697634,False
2010-05-16,22.3,18.6,26.296129,19.148065,32.3,-3.996129,False
2010-05-17,25.9,19.8,26.297204,19.231828,32.3,-0.397204,False
2010-05-18,25.3,16.5,26.341613,19.313441,32.21,-1.041613,False
2010-05-19,18.0,16.4,26.416129,19.394946,32.21,-8.416129,False
2010-05-20,19.3,16.4,26.505269,19.497849,32.4,-7.205269,False
2010-05-21,21.7,18.3,26.583118,19.608602,32.4,-4.883118,False
2010-05-22,26.5,17.5,26.637634,19.710753,32.4,-0.137634,False
2010-05-23,31.5,18.5,26.705699,19.800753,32.41,4.794301,False
2010-05-24,35.4,21.5,26.793763,19.897742,32.41,8.606237,False
2010-05-25,29.9,22.8,26.847204,20.006882,32.6,3.052796,False
2010-05-26,25.1,20.2,26.87914,20.106344,32.51,-1.77914,False
2010-05-27,22.6,19.8,26.921398,20.191613,32.51,-4.321398,False
2010-05-28,25.1,19.8,26.962581,20.276559,32.4,-1.862581,False
2010-05-29,29.4,22.1,27.02086,20.366344,32.6,2.37914,False
2010-05-30,28.6,21.7,27.151828,20.465484,32.6,1.448172,False
2010-05-31,20.6,17.9,27.270323,20.586667,32.7,-6.670323,False
2010-06-01,19.4,18.1,27.358495,20.710108,32.71,-7.958495,False
2010-06-02,20.9,18.2,27.453118,20.823441,32.9,-6.553118,False
2010-06-03,27.4,18.1,27.540645,20.943441,32.9,-0.140645,False
2010-06-04,29.5,20.3,27.578817,21.043011,32.9,1.921183,False
2010-06-05,26.9,20.1,27.612688,21.140968,32.9,-0.712688,False
2010-06-06,22.1,19.2,27.707634,21.264086,32.9,-5.607634,False
2010-06-07,21.0,19.5,27.81914,21.381398,32.81,-6.81914,False
2010-06-08,26.1,20.2,27.88871,21.487527,32.8,-1.78871,False
2010-06-09,25.6,20.7,28.00828,21.586882,32.9,-2.40828,False
2010-06-10,24.2,20.4,28.106237,21.701183,33.0,-3.906237,False
2010-06-11,23.0,19.6,28.225054,21.829892,33.2,-5.225054,False
2010-06-12,23.6,18.8,28.365806,21.963871,33.4,-4.765806,False
2010-06-13,24.7,19.1,28.508495,22.105591,33.5,-3.808495,False
2010-06-14,29.5,20.9,28.620645,22.230753,33.7,0.879355,False
2010-06-15,30.5,22.9,28.703441,22.354194,33.8,1.796559,False
2010-06-16,29.4,22.6,28.806882,22.470645,34.0,0.593118,False
2010-06-17,31.6,22.6,28.922796,22.592473,34.1,2.677204,False
2010-06-18,34.0,24.9,29.007527,22.703226,34.2,4.992473,False
2010-06-19,25.8,23.0,29.079785,22.810538,34.3,-3.279785,False
2010-06-20,28.1,21.8,29.12914,22.898065,34.3,-1.02914,False
2010-06-21,30.2,22.1,29.214516,22.993978,34.3,0.985484,False
2010-06-22,31.2,23.5,29.329785,23.079677,34.4,1.870215,False
2010-06-23,25.5,22.2,29.45914,23.185161,34.6,-3.95914,False
2010-06-24,28.3,22.3,29.589677,23.290538,34.7,-1.289677,False
2010-06-25,28.7,23.4,29.742581,23.395161,34.71,-1.042581,False
2010-06-26,28.4,24.3,29.877527,23.493226,34.81,-1.477527,False
2010-06-27,27.6,23.3,30.011935,23.599677,35.0,-2.411935,False
2010-06-28,27.7,23.6,30.165269,23.72086,35.0,-2.465269,False
2010-06-29,29.1,23.4,30.32172,23.84086,35.3,-1.22172,False
2010-06-30,33.5,26.2,30.428065,23.94043,35.31,3.071935,False
2010-07-01,34.0,27.1,30.529032,24.03828,35.4,3.470968,False
2010-07-02,36.9,28.7,30.659355,24.132151,35.5,6.240645,False
2010-07-03,34.8,27.3,30.783978,24.222258,35.6,4.016022,False
2010-07-04,29.7,24.7,30.886344,24.304194,35.7,-1.186344,False
2010-07-05,24.7,23.3,31.033226,24.406882,35.8,-6.333226,False
2010-07-06,31.3,25.0,31.204086,24.514301,35.9,0.095914,False
2010-07-07,34.5,26.9,31.322258,24.597312,36.0,3.177742,False
2010-07-08,32.3,26.5,31.47129,24.690323,36.1,0.82871,False
2010-07-09,27.8,22.7,31.640753,24.787419,36.2,-3.840753,False
2010-07-10,23.8,21.4,31.807849,24.89914,36.4,-8.007849,False
2010-07-11,29.5,23.2,31.996237,25.009032,36.6,-2.496237,False
2010-07-12,31.3,25.3,32.177204,25.109677,36.8,-0.877204,False
2010-07-13,28.2,25.2,32.34,25.19871,36.9,-4.14,False
2010-07-14,34.0,25.5,32.449677,25.255161,37.0,1.550323,False
2010-07-15,34.8,27.8,32.573118,25.321613,37.0,2.226882,False
2010-07-16,34.1,28.0,32.719247,25.386559,37.1,1.380753,False
2010-07-17,31.8,24.6,32.815054,25.433656,37.2,-1.015054,False
2010-07-18,30.9,25.0,32.891183,25.473763,37.3,-1.991183,False
2010-07-19,31.1,24.8,33.009247,25.524409,37.4,-1.909247,False
2010-07-20,32.4,26.0,33.152043,25.586559,37.4,-0.752043,False
2010-07-21,34.2,27.1,33.286774,25.656344,37.5,0.913226,False
2010-07-22,35.0,26.4,33.393226,25.716559,37.5,1.606774,False
2010-07-23,35.0,27.1,33.494301,25.757204,37.6,1.505699,False
2010-07-24,34.0,26.9,33.548065,25.793656,37.61,0.451935,False
2010-07-25,30.5,25.4,33.607097,25.829785,37.8,-3.107097,False
2010-07-26,33.8,25.8,33.653548,25.86957,37.9,0.146452,False
2010-07-27,35.5,27.3,33.69,25.895914,38.0,1.81,False
2010-07-28,37.3,28.3,33.732581,25.905054,38.2,3.567419,False
2010-07-29,37.5,28.2,33.758925,25.914624,38.21,3.741075,False
2010-07-30,38.3,29.3,33.807527,25.921075,38.3,4.492473,False
2010-07-31,37.8,28.8,33.844194,25.927097,38.3,3.955806,False
2010-08-01,34.9,25.8,33.874086,25.921398,38.31,1.025914,False
2010-08-02,35.6,26.8,33.893656,25.908495,38.4,1.706344,False
2010-08-03,37.7,27.9,33.891505,25.909462,38.4,3.808495,False
2010-08-04,38.4,28.5,33.916882,25.901183,38.4,4.483118,False
2010-08-05,35.0,27.3,33.883978,25.859785,38.4,1.116022,False
2010-08-06,34.1,25.9,33.842903,25.807419,38.4,0.257097,False
2010-08-07,36.2,26.8,33.810108,25.770538,38.4,2.389892,False
2010-08-08,36.9,27.2,33.783871,25.73129,38.41,3.116129,False
2010-08-09,38.9,29.0,33.734731,25.677204,38.4,5.165269,True
2010-08-10,39.9,30.1,33.647634,25.626774,38.4,6.252366,True
2010-08-11,41.4,30.9,33.550538,25.553333,38.4,7.849462,True
2010-08-12,41.1,31.1,33.433441,25.474516,38.4,7.666559,True
2010-08-13,40.3,30.6,33.29828,25.392258,38.4,7.00172,True
2010-08-14,36.8,24.7,33.196452,25.323118,38.4,3.603548,False
2010-08-15,27.6,23.2,33.134624,25.250753,38.41,-5.534624,False
2010-08-16,32.8,25.3,33.042688,25.17043,38.51,-0.242688,False
2010-08-17,36.0,27.9,32.971935,25.089462,38.6,3.028065,False
2010-08-18,37.4,28.6,32.877957,24.997097,38.6,4.522043,False
2010-08-19,36.9,27.2,32.75086,24.912796,38.6,4.14914,False
2010-08-20,35.9,28.2,32.632903,24.820753,38.6,3.267097,False
2010-08-21,34.7,21.4,32.507527,24.709892,38.61,2.192473,False
2010-08-22,26.8,22.3,32.359785,24.581828,38.6,-5.559785,False
2010-08-23,28.6,21.1,32.200753,24.468602,38.51,-3.600753,False
2010-08-24,27.0,21.9,32.058065,24.356667,38.5,-5.058065,False
2010-08-25,26.6,21.3,31.909032,24.238817,38.4,-5.309032,False
2010-08-26,21.6,20.6,31.744946,24.1,38.31,-10.144946,False
2010-08-27,30.2,21.7,31.612043,23.982796,38.1,-1.412043,False
2010-08-28,33.0,21.6,31.45957,23.861075,37.81,1.54043,False
2010-08-29,35.1,21.9,31.298817,23.72172,37.8,3.801183,False
2010-08-30,34.7,23.8,31.084624,23.573333,37.61,3.615376,False
2010-08-31,26.1,21.7,30.898602,23.440753,37.6,-4.798602,False
2010-09-01,22.8,21.0,30.753548,23.322796,37.5,-7.953548,False
2010-09-02,26.3,21.4,30.581183,23.203226,37.4,-4.281183,False
2010-09-03,30.9,22.2,30.387742,23.06172,37.31,0.512258,False
2010-09-04,31.8,23.8,30.173871,22.908065,37.21,1.626129,False
2010-09-05,25.5,22.7,29.986989,22.757527,36.91,-4.486989,False
2010-09-06,25.1,22.6,29.808495,22.61086,36.81,-4.708495,False
2010-09-07,29.8,23.2,29.632796,22.46871,36.8,0.167204,False
2010-09-08,32.5,24.6,29.436774,22.325161,36.5,3.063226,False
2010-09-09,26.3,21.6,29.224409,22.175699,36.2,-2.924409,False
2010-09-10,26.1,22.1,29.017204,22.02086,36.0,-2.917204,False
2010-09-11,28.3,22.3,28.806667,21.882796,35.7,-0.506667,False
2010-09-12,30.1,23.2,28.587527,21.732473,35.4,1.512473,False
2010-09-13,30.3,23.5,28.394839,21.59086,35.11,1.905161,False
2010-09-14,32.6,24.7,28.242581,21.454946,34.7,4.357419,False
2010-09-15,35.1,24.9,28.083548,21.318817,34.4,7.016452,True
2010-09-16,36.9,26.3,27.882903,21.177634,34.2,9.017097,True
2010-09-17,37.4,27.9,27.687419,21.031828,33.9,9.712581,True
2010-09-18,37.8,28.3,27.451183,20.872581,33.71,10.348817,True
2010-09-19,39.2,27.9,27.215806,20.696989,33.6,11.984194,True
2010-09-20,40.5,27.6,26.974946,20.507527,33.32,13.525054,True
2010-09-21,37.5,23.3,26.748172,20.326667,33.01,10.751828,True
2010-09-22,25.0,19.9,26.546022,20.165054,32.9,-1.546022,False
2010-09-23,26.5,20.7,26.350108,20.016667,32.7,0.149892,False
2010-09-24,28.7,19.9,26.170108,19.863871,32.51,2.529892,False
2010-09-25,20.4,18.1,25.973226,19.707849,32.3,-5.573226,False
2010-09-26,20.7,18.3,25.783548,19.564194,32.2,-5.083548,False
2010-09-27,23.7,19.5,25.556022,19.414624,31.8,-1.856022,False
2010-09-28,20.9,19.6,25.312581,19.256774,31.5,-4.412581,False
2010-09-29,23.5,19.8,25.093333,19.102688,31.21,-1.593333,False
2010-09-30,22.8,19.8,24.894946,18.959785,31.1,-2.094946,False
2010-10-01,19.9,18.7,24.676344,18.797742,31.0,-4.776344,False
2010-10-02,25.2,16.7,24.430323,18.619892,30.71,0.769677,False
2010-10-03,26.1,17.2,24.222581,18.46,30.6,1.877419,False
2010-10-04,26.5,18.6,24.027312,18.302473,30.5,2.472688,False
2010-10-05,26.6,19.4,23.849032,18.158387,30.3,2.750968,False
2010-10-06,21.8,19.1,23.66957,18.019032,30.1,-1.86957,False
2010-10-07,22.6,16.9,23.477957,17.878925,29.81,-0.877957,False
2010-10-08,26.9,18.2,23.303763,17.73172,29.61,3.596237,False
2010-10-09,25.5,19.5,23.119785,17.575591,29.41,2.380215,False
2010-10-10,21.6,17.0,22.927634,17.423763,29.1,-1.327634,False
2010-10-11,20.9,17.2,22.746774,17.276667,28.9,-1.846774,False
2010-10-12,19.4,17.6,22.560753,17.116667,28.7,-3.160753,False
2010-10-13,19.0,18.1,22.379032,16.952366,28.6,-3.379032,False
2010-10-14,19.8,17.9,22.18172,16.785269,28.4,-2.38172,False
2010-10-15,23.4,16.0,21.961828,16.600753,28.2,1.438172,False
2010-10-16,26.8,17.5,21.729677,16.420108,27.7,5.070323,False
2010-10-17,24.7,18.5,21.545484,16.239247,27.5,3.154516,False
2010-10-18,23.9,18.6,21.375699,16.066344,27.0,2.524301,False
2010-10-19,26.0,17.8,21.281183,15.907742,26.9,4.718817,False
2010-10-20,27.4,17.7,21.20129,15.757634,26.6,6.19871,False
2010-10-21,28.9,15.7,21.097097,15.628817,26.31,7.802903,False
2010-10-22,27.0,15.9,20.980215,15.506559,26.0,6.019785,False
2010-10-23,26.1,16.9,20.849462,15.369677,25.71,5.250538,False
2010-10-24,21.2,16.5,20.703548,15.227957,25.4,0.496452,False
2010-10-25,16.3,12.6,20.571828,15.085806,25.2,-4.271828,False
2010-10-26,13.0,11.4,20.450215,14.939677,24.9,-7.450215,False
2010-10-27,13.4,11.4,20.327527,14.799032,24.7,-6.927527,False
2010-10-28,13.7,12.0,20.207419,14.65828,24.6,-6.507419,False
2010-10-29,17.2,10.9,20.115269,14.53,24.6,-2.915269,False
2010-10-30,19.3,9.3,20.004409,14.390538,24.41,-0.704409,False
2010-10-31,21.9,10.3,19.867527,14.255054,24.4,2.032473,False
2010-11-01,18.7,12.3,19.71828,14.106344,24.3,-1.01828,False
2010-11-02,14.7,13.7,19.572151,13.958925,24.1,-4.872151,False
2010-11-03,16.7,11.2,19.390538,13.790108,23.91,-2.690538,False
2010-11-04,19.4,9.3,19.188495,13.620108,23.71,0.211505,False
2010-11-05,20.2,10.2,18.987204,13.452688,23.51,1.212796,False
2010-11-06,22.3,11.9,18.803871,13.281828,23.4,3.496129,False
2010-11-07,17.6,14.6,18.635269,13.104516,23.3,-1.035269,False
2010-11-08,20.5,12.5,18.443871,12.935806,23.1,2.056129,False
2010-11-09,22.8,11.6,18.252366,12.759677,23.0,4.547634,False
2010-11-10,23.0,12.4,18.09129,12.593763,22.9,4.90871,False
2010-11-11,23.1,12.0,17.930538,12.427097,22.9,5.169462,False
2010-11-12,23.8,12.7,17.757742,12.261828,22.8,6.042258,False
2010-11-13,19.6,15.8,17.592688,12.113871,22.7,2.007312,False
2010-11-14,17.6,12.3,17.432581,11.971075,22.6,0.167419,False
2010-11-15,13.6,11.7,17.26043,11.838925,22.5,-3.66043,False
2010-11-16,15.7,11.0,17.063656,11.696882,22.4,-1.363656,False
2010-11-17,17.4,11.6,16.886344,11.563763,22.2,0.513656,False
2010-11-18,16.6,10.3,16.692688,11.422366,22.0,-0.092688,False
2010-11-19,16.7,9.8,16.474839,11.272903,21.8,0.225161,False
2010-11-20,17.0,10.5,16.224194,11.121505,21.6,0.775806,False
2010-11-21,15.9,11.4,15.999677,10.944516,21.3,-0.099677,False
2010-11-22,18.9,9.1,15.767419,10.748817,21.0,3.132581,False
2010-11-23,17.7,10.2,15.536559,10.572366,20.4,2.163441,False
2010-11-24,16.3,11.1,15.328817,10.401183,20.0,0.971183,False
2010-11-25,17.4,11.6,15.091828,10.239785,19.61,2.308172,False
2010-11-26,18.3,11.9,14.854516,10.072366,19.1,3.445484,False
2010-11-27,15.2,12.2,14.624624,9.890753,18.91,0.575376,False
2010-11-28,14.1,12.6,14.43,9.724516,18.6,-0.33,False
2010-11-29,13.3,12.1,14.207634,9.563333,18.4,-0.907634,False
2010-11-30,15.7,11.3,13.97957,9.402581,18.2,1.72043,False
2010-12-01,15.9,8.6,13.793118,9.216559,17.9,2.106882,False
2010-12-02,14.2,7.9,13.63086,9.051935,17.7,0.56914,False
2010-12-03,16.4,8.4,13.456022,8.900968,17.4,2.943978,False
2010-12-04,16.0,9.4,13.309892,8.745054,17.2,2.690108,False
2010-12-05,15.1,10.3,13.189462,8.603871,17.0,1.910538,False
2010-12-06,14.7,7.3,13.079677,8.447957,16.8,1.620323,False
2010-12-07,14.3,4.0,12.94957,8.302581,16.6,1.35043,False
2010-12-08,16.0,4.1,12.800753,8.175054,16.3,3.199247,False
2010-12-09,14.8,5.8,12.678387,8.050645,16.11,2.121613,False
2010-12-10,12.7,10.1,12.540645,7.939677,16.0,0.159355,False
2010-12-11,12.5,10.2,12.396344,7.814839,15.8,0.103656,False
2010-12-12,11.0,10.3,12.239677,7.681505,15.5,-1.239677,False
2010-12-13,14.5,10.4,12.104516,7.546882,15.4,2.395484,False
2010-12-14,12.9,9.3,11.955054,7.416774,15.3,0.944946,False
2010-12-15,9.1,2.4,11.820215,7.287097,15.1,-2.720215,False
2010-12-16,7.0,1.0,11.690645,7.149677,14.9,-4.690645,False
2010-12-17,9.6,1.3,11.573656,7.028925,14.71,-1.973656,False
2010-12-18,8.0,4.1,11.459677,6.920323,14.6,-3.459677,False
2010-12-19,11.9,3.8,11.352688,6.822151,14.4,0.547312,False
2010-12-20,12.5,4.2,11.252796,6.741398,14.3,1.247204,False
2010-12-21,13.8,4.0,11.180323,6.653011,14.2,2.619677,False
2010-12-22,12.8,3.7,11.091935,6.589677,14.1,1.708065,False
2010-12-23,10.7,9.5,11.00871,6.537957,13.9,-0.30871,False
2010-12-24,10.9,7.9,10.932043,6.464946,13.81,-0.032043,False
2010-12-25,8.6,3.3,10.845591,6.385161,13.7,-2.245591,False
2010-12-26,9.6,2.9,10.783656,6.294946,13.5,-1.183656,False
2010-12-27,10.5,2.6,10.726129,6.23129,13.41,-0.226129,False
2010-12-28,8.7,4.1,10.678925,6.175269,13.4,-1.978925,False
2010-12-29,8.9,7.2,10.622581,6.097634,13.3,-1.722581,False
2010-12-30,10.9,7.9,10.58086,6.037419,13.3,0.31914,False
2010-12-31,9.0,5.5,10.557419,5.989355,13.2,-1.557419,False
2011-01-01,5.7,2.4,10.531398,5.955806,13.2,-4.831398,False
2011-01-02,5.0,2.8,10.490968,5.933441,13.2,-5.490968,False
2011-01-03,5.7,3.4,10.449677,5.900323,13.2,-4.749677,False
2011-01-04,6.4,4.5,10.397097,5.880108,13.1,-3.997097,False
2011-01-05,6.3,5.1,10.357419,5.856022,13.1,-4.057419,False
2011-01-06,6.0,2.6,10.316774,5.836022,13.1,-4.316774,False
2011-01-07,8.6,2.8,10.296774,5.791613,13.2,-1.696774,False
2011-01-08,7.6,3.6,10.280538,5.771398,13.2,-2.680538,False
2011-01-09,7.1,4.2,10.244624,5.745591,13.2,-3.144624,False
2011-01-10,5.8,2.7,10.239355,5.709462,13.2,-4.439355,False
2011-01-11,7.0,-0.4,10.222581,5.679462,13.3,-3.222581,False
2011-01-12,8.7,0.1,10.253118,5.646774,13.31,-1.553118,False
2011-01-13,6.6,5.0,10.280323,5.639462,13.4,-3.680323,False
2011-01-14,6.7,5.3,10.333226,5.621828,13.5,-3.633226,False
2011-01-15,7.2,3.9,10.382366,5.611075,13.61,-3.182366,False
2011-01-16,6.9,2.7,10.413871,5.635591,13.8,-3.513871,False
2011-01-17,3.3,1.6,10.446452,5.647634,13.9,-7.146452,False
2011-01-18,5.7,2.7,10.468065,5.657527,13.9,-4.768065,False
2011-01-19,3.2,2.4,10.492043,5.669462,14.0,-7.292043,False
2011-01-20,5.4,0.2,10.559462,5.676129,14.2,-5.159462,False
2011-01-21,7.4,0.9,10.650753,5.699032,14.4,-3.250753,False
2011-01-22,6.3,3.3,10.740323,5.731828,14.51,-4.440323,False
2011-01-23,7.5,3.4,10.840215,5.76957,14.7,-3.340215,False
2011-01-24,9.4,3.7,10.928387,5.823226,14.9,-1.528387,False
2011-01-25,8.4,4.0,11.005914,5.880538,15.2,-2.605914,False
2011-01-26,8.2,4.3,11.101183,5.932151,15.5,-2.901183,False
2011-01-27,7.0,4.5,11.203978,5.985161,15.7,-4.203978,False
2011-01-28,8.9,4.4,11.302688,6.039785,15.9,-2.402688,False
2011-01-29,7.7,4.0,11.404624,6.109032,16.1,-3.704624,False
2011-01-30,8.4,3.3,11.502581,6.170538,16.2,-3.102581,False
2011-01-31,7.3,1.9,11.607419,6.230538,16.3,-4.307419,False
2011-02-01,9.6,-1.1,11.711398,6.290108,16.5,-2.111398,False
2011-02-02,12.6,-0.7,11.795376,6.343763,16.6,0.804624,False
2011-02-03,12.0,4.0,11.896559,6.408065,16.7,0.103441,False
2011-02-04,10.4,2.4,12.0,6.472903,16.81,-1.6,False
2011-02-05,15.9,2.8,12.109462,6.547527,17.0,3.790538,False
2011-02-06,10.8,7.6,12.214516,6.631398,17.1,-1.414516,False
2011-02-07,12.6,8.7,12.305376,6.732258,17.11,0.294624,False
2011-02-08,15.8,9.5,12.415054,6.811935,17.2,3.384946,False
2011-02-09,13.5,10.5,12.553656,6.913871,17.4,0.946344,False
2011-02-10,11.0,9.6,12.684946,7.035914,17.5,-1.684946,False
2011-02-11,10.5,5.7,12.823763,7.156667,17.7,-2.323763,False
2011-02-12,9.3,5.7,12.940538,7.29129,17.9,-3.640538,False
2011-02-13,10.8,5.8,13.062258,7.40043,18.2,-2.262258,False
2011-02-14,11.0,5.9,13.207634,7.52043,18.41,-2.207634,False
2011-02-15,9.3,6.3,13.328172,7.639247,18.61,-4.028172,False
2011-02-16,10.3,6.7,13.475591,7.718065,18.81,-3.175591,False
2011-02-17,12.8,7.3,13.65043,7.793871,19.1,-0.85043,False
2011-02-18,12.1,7.1,13.819677,7.911613,19.2,-1.719677,False
2011-02-19,10.7,6.9,13.98086,8.026344,19.3,-3.28086,False
2011-02-20,12.7,7.4,14.112903,8.141828,19.4,-1.412903,False
2011-02-21,13.8,8.6,14.218817,8.23914,19.51,-0.418817,False
2011-02-22,12.1,7.3,14.32914,8.310323,19.7,-2.22914,False
2011-02-23,19.7,6.8,14.452581,8.406882,19.81,5.247419,False
2011-02-24,22.4,7.8,14.584301,8.511613,20.1,7.815699,False
2011-02-25,20.9,14.7,14.741613,8.615161,20.21,6.158387,False
2011-02-26,23.8,12.9,14.878495,8.736022,20.5,8.921505,False
2011-02-27,22.3,13.6,15.007742,8.846882,20.8,7.292258,False
2011-02-28,16.1,10.4,15.140968,8.973333,20.9,0.959032,False
2011-03-01,15.9,9.6,15.284194,9.08914,21.0,0.615806,False
2011-03-02,13.6,10.3,15.464301,9.185699,21.5,-1.864301,False
2011-03-03,13.6,8.4,15.657849,9.316129,22.01,-2.057849,False
2011-03-04,12.2,8.4,15.843441,9.445161,22.41,-3.643441,False
2011-03-05,14.7,9.2,16.049032,9.578602,22.71,-1.349032,False
2011-03-06,17.1,10.2,16.247419,9.706344,22.91,0.852581,False
2011-03-07,18.3,10.2,16.402903,9.832043,23.1,1.897097,False
2011-03-08,20.7,11.3,16.513978,9.936237,23.2,4.186022,False
2011-03-09,17.0,11.4,16.626129,10.040538,23.4,0.373871,False
2011-03-10,13.5,10.2,16.775054,10.15172,23.5,-3.275054,False
2011-03-11,14.7,10.2,16.966882,10.280645,23.7,-2.266882,False
2011-03-12,19.9,10.2,17.127849,10.397742,23.71,2.772151,False
2011-03-13,20.8,13.0,17.291828,10.504946,23.91,3.508172,False
2011-03-14,15.2,4.0,17.490215,10.63129,24.1,-2.290215,False
2011-03-15,11.6,5.4,17.692366,10.783333,24.3,-6.092366,False
2011-03-16,16.6,6.8,17.895914,10.949355,24.6,-1.295914,False
2011-03-17,19.5,7.7,18.066667,11.096989,24.71,1.433333,False
2011-03-18,19.4,10.9,18.238602,11.237419,24.81,1.161398,False
2011-03-19,16.5,11.8,18.404516,11.412581,25.3,-1.904516,False
2011-03-20,12.6,8.3,18.554194,11.583763,25.51,-5.954194,False
2011-03-21,8.9,5.5,18.685054,11.695699,25.6,-9.785054,False
2011-03-22,7.1,5.2,18.86,11.817742,25.9,-11.76,False
2011-03-23,7.7,6.2,19.047204,11.972258,26.1,-11.347204,False
2011-03-24,9.6,6.6,19.22957,12.143978,26.11,-9.62957,False
2011-03-25,11.4,6.9,19.396237,12.312903,26.2,-7.996237,False
2011-03-26,12.8,7.0,19.510323,12.453978,26.3,-6.710323,False
2011-03-27,18.4,7.2,19.627312,12.57828,26.4,-1.227312,False
2011-03-28,19.7,8.2,19.76172,12.698495,26.5,-0.06172,False
2011-03-29,22.6,9.4,19.892043,12.79129,26.8,2.707957,False
2011-03-30,21.8,12.5,20.033226,12.909892,27.0,1.766774,False
2011-03-31,21.9,13.7,20.223548,13.032043,27.2,1.676452,False
2011-04-01,17.0,13.3,20.439247,13.179032,27.51,-3.439247,False
2011-04-02,16.0,13.6,20.643333,13.354731,27.81,-4.643333,False
2011-04-03,16.1,12.0,20.817097,13.514624,28.11,-4.717097,False
2011-04-04,16.4,11.2,21.004086,13.687204,28.3,-4.604086,False
2011-04-05,16.6,11.8,21.162796,13.848817,28.4,-4.562796,False
2011-04-06,17.2,12.0,21.317527,13.995054,28.5,-4.117527,False
2011-04-07,16.9,12.5,21.526559,14.166452,28.71,-4.626559,False
2011-04-08,16.0,12.9,21.752581,14.348387,29.0,-5.752581,False
2011-04-09,18.8,11.6,21.951398,14.521828,29.01,-3.151398,False
2011-04-10,22.4,12.6,22.103333,14.683226,29.1,0.296667,False
2011-04-11,18.7,14.6,22.245161,14.830538,29.2,-3.545161,False
2011-04-12,19.5,13.7,22.436237,14.988387,29.4,-2.936237,False
2011-04-13,23.9,15.1,22.63871,15.160968,29.61,1.26129,False
2011-04-14,23.0,17.6,22.844946,15.325269,29.72,0.155054,False
2011-04-15,19.4,17.1,23.052903,15.472366,30.1,-3.652903,False
2011-04-16,19.2,15.5,23.249462,15.607957,30.3,-4.049462,False
2011-04-17,25.4,15.6,23.416022,15.755591,30.4,1.983978,False
2011-04-18,29.0,17.0,23.559462,15.902473,30.4,5.440538,False
2011-04-19,26.5,18.9,23.715914,16.036989,30.5,2.784086,False
2011-04-20,26.2,17.6,23.876989,16.173871,30.6,2.323011,False
2011-04-21,19.8,16.8,24.061613,16.342151,30.7,-4.261613,False
2011-04-22,25.8,17.6,24.187527,16.507419,30.8,1.612473,False
2011-04-23,26.5,17.0,24.275591,16.632688,30.9,2.224409,False
2011-04-24,28.0,16.2,24.390968,16.73957,30.9,3.609032,False
2011-04-25,30.1,15.5,24.554731,16.870323,31.0,5.545269,False
2011-04-26,32.3,17.2,24.738817,17.014624,31.11,7.561183,False
2011-04-27,33.5,20.3,24.925699,17.162581,31.5,8.574301,False
2011-04-28,33.7,22.2,25.074194,17.314301,31.51,8.625806,False
2011-04-29,33.1,21.7,25.20043,17.487312,31.6,7.89957,False
2011-04-30,33.7,23.4,25.322581,17.623333,31.61,8.377419,False
2011-05-01,31.6,13.8,25.40828,17.746882,31.71,6.19172,False
2011-05-02,16.6,13.5,25.473656,17.863871,31.81,-8.873656,False
2011-05-03,23.1,16.2,25.537419,17.964624,31.9,-2.437419,False
2011-05-04,27.3,16.6,25.628387,18.070968,32.0,1.671613,False
2011-05-05,31.2,19.3,25.694194,18.166237,32.1,5.505806,False
2011-05-06,33.5,22.0,25.762903,18.243656,32.2,7.737097,True
2011-05-07,35.6,24.4,25.814731,18.337312,32.3,9.785269,True
2011-05-08,36.8,27.3,25.896344,18.431183,32.31,10.903656,True
2011-05-09,36.9,21.9,25.955914,18.517312,32.4,10.944086,True
2011-05-10,23.7,21.5,26.055591,18.615699,32.4,-2.355591,False
2011-05-11,29.1,21.8,26.166452,18.728925,32.4,2.933548,False
2011-05-12,24.0,19.2,26.227849,18.832151,32.4,-2.227849,False
2011-05-13,25.7,17.4,26.269247,18.919892,32.4,-0.569247,False
2011-05-14,19.4,17.3,26.290645,19.001183,32.4,-6.890645,False
2011-05-15,20.0,17.4,26.297634,19.073871,32.4,-6.297634,False
2011-05-16,29.4,17.2,26.296129,19.148065,32.3,3.103871,False
2011-05-17,34.6,16.4,26.297204,19.231828,32.3,8.302796,True
2011-05-18,37.3,19.2,26.341613,19.313441,32.21,10.958387,True
2011-05-19,37.9,23.7,26.416129,19.394946,32.21,11.483871,True
2011-05-20,33.6,22.2,26.505269,19.497849,32.4,7.094731,True
2011-05-21,22.4,13.9,26.583118,19.608602,32.4,-4.183118,False
2011-05-22,17.4,13.9,26.637634,19.710753,32.4,-9.237634,False
2011-05-23,22.4,16.1,26.705699,19.800753,32.41,-4.305699,False
2011-05-24,20.7,16.9,26.793763,19.897742,32.41,-6.093763,False
2011-05-25,27.8,16.8,26.847204,20.006882,32.6,0.952796,False
2011-05-26,30.1,18.3,26.87914,20.106344,32.51,3.22086,False
2011-05-27,33.8,21.2,26.921398,20.191613,32.51,6.878602,False
2011-05-28,34.1,22.9,26.962581,20.276559,32.4,7.137419,False
2011-05-29,30.7,21.6,27.02086,20.366344,32.6,3.67914,False
2011-05-30,24.0,17.3,27.151828,20.465484,32.6,-3.151828,False
2011-05-31,23.2,18.1,27.270323,20.586667,32.7,-4.070323,False
2011-06-01,27.6,20.5,27.358495,20.710108,32.71,0.241505,False
2011-06-02,24.7,18.3,27.453118,20.823441,32.9,-2.753118,False
2011-06-03,24.0,19.7,27.540645,20.943441,32.9,-3.540645,False
2011-06-04,27.9,20.9,27.578817,21.043011,32.9,0.321183,False
2011-06-05,24.4,21.2,27.612688,21.140968,32.9,-3.212688,False
2011-06-06,28.4,21.6,27.707634,21.264086,32.9,0.692366,False
2011-06-07,32.7,21.8,27.81914,21.381398,32.81,4.88086,False
2011-06-08,36.3,24.0,27.88871,21.487527,32.8,8.41129,False
2011-06-09,29.4,22.2,28.00828,21.586882,32.9,1.39172,False
2011-06-10,28.6,21.7,28.106237,21.701183,33.0,0.493763,False
2011-06-11,27.9,22.3,28.225054,21.829892,33.2,-0.325054,False
2011-06-12,30.7,23.8,28.365806,21.963871,33.4,2.334194,False
2011-06-13,25.5,22.3,28.508495,22.105591,33.5,-3.008495,False
2011-06-14,28.3,21.7,28.620645,22.230753,33.7,-0.320645,False
2011-06-15,32.2,22.9,28.703441,22.354194,33.8,3.496559,False
2011-06-16,32.9,23.6,28.806882,22.470645,34.0,4.093118,False
2011-06-17,25.3,23.0,28.922796,22.592473,34.1,-3.622796,False
2011-06-18,29.0,23.3,29.007527,22.703226,34.2,-0.007527,False
2011-06-19,32.0,24.9,29.079785,22.810538,34.3,2.920215,False
2011-06-20,31.4,25.5,29.12914,22.898065,34.3,2.27086,False
2011-06-21,32.7,25.5,29.214516,22.993978,34.3,3.485484,False
2011-06-22,28.2,23.6,29.329785,23.079677,34.4,-1.129785,False
2011-06-23,25.5,22.9,29.45914,23.185161,34.6,-3.95914,False
2011-06-24,34.1,25.1,29.589677,23.290538,34.7,4.510323,False
2011-06-25,35.1,26.5,29.742581,23.395161,34.71,5.357419,False
2011-06-26,32.9,24.8,29.877527,23.493226,34.81,3.022473,False
2011-06-27,28.4,21.1,30.011935,23.599677,35.0,-1.611935,False
2011-06-28,34.3,24.1,30.165269,23.72086,35.0,4.134731,False
2011-06-29,35.6,26.0,30.32172,23.84086,35.3,5.27828,True
2011-06-30,35.6,26.9,30.428065,23.94043,35.31,5.171935,True
2011-07-01,35.7,28.4,30.529032,24.03828,35.4,5.170968,True
2011-07-02,36.6,29.4,30.659355,24.132151,35.5,5.940645,True
2011-07-03,36.8,28.4,30.783978,24.222258,35.6,6.016022,True
2011-07-04,38.6,30.2,30.886344,24.304194,35.7,7.713656,True
2011-07-05,38.4,29.6,31.033226,24.406882,35.8,7.366774,True
2011-07-06,34.2,23.1,31.204086,24.514301,35.9,2.995914,False
2011-07-07,29.8,20.3,31.322258,24.597312,36.0,-1.522258,False
2011-07-08,34.8,22.6,31.47129,24.690323,36.1,3.32871,False
2011-07-09,36.3,25.8,31.640753,24.787419,36.2,4.659247,False
2011-07-10,34.5,23.5,31.807849,24.89914,36.4,2.692151,False
2011-07-11,25.7,21.7,31.996237,25.009032,36.6,-6.296237,False
2011-07-12,24.4,21.2,32.177204,25.109677,36.8,-7.777204,False
2011-07-13,22.3,20.9,32.34,25.19871,36.9,-10.04,False
2011-07-14,27.5,22.2,32.449677,25.255161,37.0,-4.949677,False
2011-07-15,31.4,23.5,32.573118,25.321613,37.0,-1.173118,False
2011-07-16,33.4,25.5,32.719247,25.386559,37.1,0.680753,False
2011-07-17,32.5,22.4,32.815054,25.433656,37.2,-0.315054,False
2011-07-18,35.1,23.5,32.891183,25.473763,37.3,2.208817,False
2011-07-19,37.5,24.4,33.009247,25.524409,37.4,4.490753,True
2011-07-20,39.7,26.9,33.152043,25.586559,37.4,6.547957,True
2011-07-21,37.9,24.7,33.286774,25.656344,37.5,4.613226,True
2011-07-22,33.0,24.6,33.393226,25.716559,37.5,-0.393226,False
2011-07-23,34.2,25.4,33.494301,25.757204,37.6,0.705699,False
2011-07-24,36.3,27.3,33.548065,25.793656,37.61,2.751935,False
2011-07-25,39.0,28.9,33.607097,25.829785,37.8,5.392903,False
2011-07-26,39.0,27.2,33.653548,25.86957,37.9,5.346452,False
2011-07-27,35.8,27.6,33.69,25.895914,38.0,2.11,False
2011-07-28,40.7,30.6,33.732581,25.905054,38.2,6.967419,False
2011-07-29,38.9,24.7,33.758925,25.914624,38.21,5.141075,False
2011-07-30,33.7,25.0,33.807527,25.921075,38.3,-0.107527,False
2011-07-31,34.9,24.4,33.844194,25.927097,38.3,1.055806,False
2011-08-01,30.3,23.9,33.874086,25.921398,38.31,-3.574086,False
2011-08-02,32.3,24.2,33.893656,25.908495,38.4,-1.593656,False
2011-08-03,31.9,22.7,33.891505,25.909462,38.4,-1.991505,False
2011-08-04,26.1,21.6,33.916882,25.901183,38.4,-7.816882,False
2011-08-05,28.1,21.6,33.883978,25.859785,38.4,-5.783978,False
2011-08-06,32.7,24.6,33.842903,25.807419,38.4,-1.142903,False
2011-08-07,32.2,26.0,33.810108,25.770538,38.4,-1.610108,False
2011-08-08,36.0,25.0,33.783871,25.73129,38.41,2.216129,False
2011-08-09,36.9,26.1,33.734731,25.677204,38.4,3.165269,False
2011-08-10,38.4,27.2,33.647634,25.626774,38.4,4.752366,False
2011-08-11,38.5,29.2,33.550538,25.553333,38.4,4.949462,True
2011-08-12,39.8,29.6,33.433441,25.474516,38.4,6.366559,True
2011-08-13,40.3,31.0,33.29828,25.392258,38.4,7.00172,True
2011-08-14,41.3,31.9,33.196452,25.323118,38.4,8.103548,True
2011-08-15,41.9,32.2,33.134624,25.250753,38.41,8.765376,True
2011-08-16,43.3,32.4,33.042688,25.17043,38.51,10.257312,True
2011-08-17,43.5,31.7,32.971935,25.089462,38.6,10.528065,True
2011-08-18,42.8,30.7,32.877957,24.997097,38.6,9.922043,True
2011-08-19,40.5,29.3,32.75086,24.912796,38.6,7.74914,True
2011-08-20,40.3,30.6,32.632903,24.820753,38.6,7.667097,True
2011-08-21,38.1,27.2,32.507527,24.709892,38.61,5.592473,False
2011-08-22,34.9,21.5,32.359785,24.581828,38.6,2.540215,False
2011-08-23,33.2,23.2,32.200753,24.468602,38.51,0.999247,False
2011-08-24,35.3,24.2,32.058065,24.356667,38.5,3.241935,False
2011-08-25,35.8,25.5,31.909032,24.238817,38.4,3.890968,False
2011-08-26,35.6,24.5,31.744946,24.1,38.31,3.855054,False
2011-08-27,37.0,24.9,31.612043,23.982796,38.1,5.387957,False
2011-08-28,38.9,26.1,31.45957,23.861075,37.81,7.44043,True
2011-08-29,39.9,25.6,31.298817,23.72172,37.8,8.601183,True
2011-08-30,40.3,26.4,31.084624,23.573333,37.61,9.215376,True
2011-08-31,40.3,27.6,30.898602,23.440753,37.6,9.401398,True
2011-09-01,39.3,27.6,30.753548,23.322796,37.5,8.546452,True
2011-09-02,39.9,29.2,30.581183,23.203226,37.4,9.318817,True
2011-09-03,38.5,29.8,30.387742,23.06172,37.31,8.112258,True
2011-09-04,39.2,30.2,30.173871,22.908065,37.21,9.026129,True
2011-09-05,39.8,31.1,29.986989,22.757527,36.91,9.813011,True
2011-09-06,39.5,23.6,29.808495,22.61086,36.81,9.691505,True
2011-09-07,26.1,21.3,29.632796,22.46871,36.8,-3.532796,False
2011-09-08,24.0,21.6,29.436774,22.325161,36.5,-5.436774,False
2011-09-09,23.2,21.2,29.224409,22.175699,36.2,-6.024409,False
2011-09-10,24.8,21.9,29.017204,22.02086,36.0,-4.217204,False
2011-09-11,33.0,23.4,28.806667,21.882796,35.7,4.193333,False
2011-09-12,30.0,23.7,28.587527,21.732473,35.4,1.412473,False
2011-09-13,32.3,23.7,28.394839,21.59086,35.11,3.905161,False
2011-09-14,31.6,24.0,28.242581,21.454946,34.7,3.357419,False
2011-09-15,31.7,24.5,28.083548,21.318817,34.4,3.616452,False
2011-09-16,37.5,26.1,27.882903,21.177634,34.2,9.617097,False
2011-09-17,35.7,21.4,27.687419,21.031828,33.9,8.012581,False
2011-09-18,21.6,15.3,27.451183,20.872581,33.71,-5.851183,False
2011-09-19,17.9,15.7,27.215806,20.696989,33.6,-9.315806,False
2011-09-20,17.2,16.4,26.974946,20.507527,33.32,-9.774946,False
2011-09-21,18.5,16.9,26.748172,20.326667,33.01,-8.248172,False
2011-09-22,18.1,16.8,26.546022,20.165054,32.9,-8.446022,False
2011-09-23,20.4,16.0,26.350108,20.016667,32.7,-5.950108,False
2011-09-24,25.4,16.5,26.170108,19.863871,32.51,-0.770108,False
2011-09-25,27.5,19.6,25.973226,19.707849,32.3,1.526774,False
2011-09-26,26.8,20.3,25.783548,19.564194,32.2,1.016452,False
2011-09-27,27.8,18.9,25.556022,19.414624,31.8,2.243978,False
2011-09-28,20.3,18.8,25.312581,19.256774,31.5,-5.012581,False
2011-09-29,21.4,19.1,25.093333,19.102688,31.21,-3.693333,False
2011-09-30,22.4,19.5,24.894946,18.959785,31.1,-2.494946,False
2011-10-01,20.0,17.8,24.676344,18.797742,31.0,-4.676344,False
2011-10-02,19.0,17.4,24.430323,18.619892,30.71,-5.430323,False
2011-10-03,21.2,17.4,24.222581,18.46,30.6,-3.022581,False
2011-10-04,22.0,16.8,24.027312,18.302473,30.5,-2.027312,False
2011-10-05,23.7,15.4,23.849032,18.158387,30.3,-0.149032,False
2011-10-06,26.0,17.0,23.66957,18.019032,30.1,2.33043,False
2011-10-07,28.2,18.4,23.477957,17.878925,29.81,4.722043,False
2011-10-08,30.5,19.1,23.303763,17.73172,29.61,7.196237,False
2011-10-09,28.4,21.7,23.119785,17.575591,29.41,5.280215,False
2011-10-10,26.8,21.8,22.927634,17.423763,29.1,3.872366,False
2011-10-11,26.0,21.2,22.746774,17.276667,28.9,3.253226,False
2011-10-12,24.9,20.8,22.560753,17.116667,28.7,2.339247,False
2011-10-13,21.0,16.4,22.379032,16.952366,28.6,-1.379032,False
2011-10-14,23.9,17.0,22.18172,16.785269,28.4,1.71828,False
2011-10-15,20.8,16.8,21.961828,16.600753,28.2,-1.161828,False
2011-10-16,23.3,14.3,21.729677,16.420108,27.7,1.570323,False
2011-10-17,25.2,14.8,21.545484,16.239247,27.5,3.654516,False
2011-10-18,23.9,17.4,21.375699,16.066344,27.0,2.524301,False
2011-10-19,17.3,15.8,21.281183,15.907742,26.9,-3.981183,False
2011-10-20,18.6,15.9,21.20129,15.757634,26.6,-2.60129,False
2011-10-21,18.9,16.5,21.097097,15.628817,26.31,-2.197097,False
2011-10-22,18.6,16.8,20.980215,15.506559,26.0,-2.380215,False
2011-10-23,18.2,17.0,20.849462,15.369677,25.71,-2.649462,False
2011-10-24,20.7,16.3,20.703548,15.227957,25.4,-0.003548,False
2011-10-25,22.4,15.4,20.571828,15.085806,25.2,1.828172,False
2011-10-26,15.9,14.4,20.450215,14.939677,24.9,-4.550215,False
2011-10-27,15.7,13.7,20.327527,14.799032,24.7,-4.627527,False
2011-10-28,18.6,11.0,20.207419,14.65828,24.6,-1.607419,False
2011-10-29,20.6,12.6,20.115269,14.53,24.6,0.484731,False
2011-10-30,16.8,13.4,20.004409,14.390538,24.41,-3.204409,False
2011-10-31,18.2,15.3,19.867527,14.255054,24.4,-1.667527,False
2011-11-01,17.2,14.9,19.71828,14.106344,24.3,-2.51828,False
2011-11-02,17.8,15.5,19.572151,13.958925,24.1,-1.772151,False
2011-11-03,19.3,16.2,19.390538,13.790108,23.91,-0.090538,False
2011-11-04,21.0,16.4,19.188495,13.620108,23.71,1.811505,False
2011-11-05,21.4,16.7,18.987204,13.452688,23.51,2.412796,False
2011-11-06,20.9,17.3,18.803871,13.281828,23.4,2.096129,False
2011-11-07,20.9,14.7,18.635269,13.104516,23.3,2.264731,False
2011-11-08,14.9,12.7,18.443871,12.935806,23.1,-3.543871,False
2011-11-09,19.9,10.4,18.252366,12.759677,23.0,1.647634,False
2011-11-10,21.4,9.9,18.09129,12.593763,22.9,3.30871,False
2011-11-11,21.6,10.7,17.930538,12.427097,22.9,3.669462,False
2011-11-12,16.6,14.1,17.757742,12.261828,22.8,-1.157742,False
2011-11-13,14.9,12.8,17.592688,12.113871,22.7,-2.692688,False
2011-11-14,14.5,14.0,17.432581,11.971075,22.6,-2.932581,False
2011-11-15,14.9,13.9,17.26043,11.838925,22.5,-2.36043,False
2011-11-16,15.4,14.0,17.063656,11.696882,22.4,-1.663656,False
2011-11-17,16.9,14.6,16.886344,11.563763,22.2,0.013656,False
2011-11-18,18.7,12.1,16.692688,11.422366,22.0,2.007312,False
2011-11-19,19.7,11.6,16.474839,11.272903,21.8,3.225161,False
2011-11-20,21.3,12.5,16.224194,11.121505,21.6,5.075806,False
2011-11-21,19.1,14.7,15.999677,10.944516,21.3,3.100323,False
2011-11-22,18.8,14.2,15.767419,10.748817,21.0,3.032581,False
2011-11-23,20.2,12.7,15.536559,10.572366,20.4,4.663441,False
2011-11-24,22.6,13.5,15.328817,10.401183,20.0,7.271183,False
2011-11-25,20.6,14.7,15.091828,10.239785,19.61,5.508172,False
2011-11-26,20.8,15.2,14.854516,10.072366,19.1,5.945484,False
2011-11-27,21.3,16.2,14.624624,9.890753,18.91,6.675376,False
2011-11-28,22.6,16.2,14.43,9.724516,18.6,8.17,False
2011-11-29,23.5,13.0,14.207634,9.563333,18.4,9.292366,False
2011-11-30,13.9,10.8,13.97957,9.402581,18.2,-0.07957,False
2011-12-01,11.5,7.2,13.793118,9.216559,17.9,-2.293118,False
2011-12-02,14.6,7.4,13.63086,9.051935,17.7,0.96914,False
2011-12-03,12.3,8.5,13.456022,8.900968,17.4,-1.156022,False
2011-12-04,11.9,10.3,13.309892,8.745054,17.2,-1.409892,False
2011-12-05,12.1,10.7,13.189462,8.603871,17.0,-1.089462,False
2011-12-06,11.3,10.3,13.079677,8.447957,16.8,-1.779677,False
2011-12-07,10.4,9.2,12.94957,8.302581,16.6,-2.54957,False
2011-12-08,9.6,7.8,12.800753,8.175054,16.3,-3.200753,False
2011-12-09,10.0,6.9,12.678387,8.050645,16.11,-2.678387,False
2011-12-10,9.5,5.8,12.540645,7.939677,16.0,-3.040645,False
2011-12-11,9.9,4.8,12.396344,7.814839,15.8,-2.496344,False
2011-12-12,11.6,4.6,12.239677,7.681505,15.5,-0.639677,False
2011-12-13,10.5,5.9,12.104516,7.546882,15.4,-1.604516,False
2011-12-14,8.9,7.7,11.955054,7.416774,15.3,-3.055054,False
2011-12-15,10.6,7.3,11.820215,7.287097,15.1,-1.220215,False
2011-12-16,11.8,7.3,11.690645,7.149677,14.9,0.109355,False
2011-12-17,8.7,4.5,11.573656,7.028925,14.71,-2.873656,False
2011-12-18,10.1,4.4,11.459677,6.920323,14.6,-1.359677,False
2011-12-19,8.1,6.2,11.352688,6.822151,14.4,-3.252688,False
2011-12-20,8.8,7.0,11.252796,6.741398,14.3,-2.452796,False
2011-12-21,8.9,8.0,11.180323,6.653011,14.2,-2.280323,False
2011-12-22,10.6,7.0,11.091935,6.589677,14.1,-0.491935,False
2011-12-23,9.8,5.0,11.00871,6.537957,13.9,-1.20871,False
2011-12-24,9.2,5.8,10.932043,6.464946,13.81,-1.732043,False
2011-12-25,9.5,6.7,10.845591,6.385161,13.7,-1.345591,False
2011-12-26,9.6,6.7,10.783656,6.294946,13.5,-1.183656,False
2011-12-27,10.3,7.2,10.726129,6.23129,13.41,-0.426129,False
2011-12-28,9.8,7.5,10.678925,6.175269,13.4,-0.878925,False
2011-12-29,10.3,7.4,10.622581,6.097634,13.3,-0.322581,False
2011-12-30,10.0,6.1,10.58086,6.037419,13.3,-0.58086,False
2011-12-31,12.2,5.2,10.557419,5.989355,13.2,1.642581,False
2012-01-01,9.0,6.3,10.531398,5.955806,13.2,-1.531398,False
2012-01-02,8.1,7.4,10.490968,5.933441,13.2,-2.390968,False
2012-01-03,8.3,5.2,10.449677,5.900323,13.2,-2.149677,False
2012-01-04,7.2,3.8,10.397097,5.880108,13.1,-3.197097,False
2012-01-05,7.7,4.1,10.357419,5.856022,13.1,-2.657419,False
2012-01-06,8.5,4.6,10.316774,5.836022,13.1,-1.816774,False
2012-01-07,8.4,5.9,10.296774,5.791613,13.2,-1.896774,False
2012-01-08,9.4,6.2,10.280538,5.771398,13.2,-0.880538,False
2012-01-09,10.5,7.0,10.244624,5.745591,13.2,0.255376,False
2012-01-10,8.6,7.3,10.239355,5.709462,13.2,-1.639355,False
2012-01-11,7.8,5.4,10.222581,5.679462,13.3,-2.422581,False
2012-01-12,7.6,5.5,10.253118,5.646774,13.31,-2.653118,False
2012-01-13,8.0,6.2,10.280323,5.639462,13.4,-2.280323,False
2012-01-14,8.8,6.9,10.333226,5.621828,13.5,-1.533226,False
2012-01-15,8.9,4.9,10.382366,5.611075,13.61,-1.482366,False
2012-01-16,11.3,5.0,10.413871,5.635591,13.8,0.886129,False
2012-01-17,9.5,5.6,10.446452,5.647634,13.9,-0.946452,False
2012-01-18,10.3,6.0,10.468065,5.657527,13.9,-0.168065,False
2012-01-19,9.4,6.8,10.492043,5.669462,14.0,-1.092043,False
2012-01-20,8.6,5.8,10.559462,5.676129,14.2,-1.959462,False
2012-01-21,7.1,5.1,10.650753,5.699032,14.4,-3.550753,False
2012-01-22,7.0,2.7,10.740323,5.731828,14.51,-3.740323,False
2012-01-23,7.1,3.0,10.840215,5.76957,14.7,-3.740215,False
2012-01-24,6.8,2.0,10.928387,5.823226,14.9,-4.128387,False
2012-01-25,9.1,2.4,11.005914,5.880538,15.2,-1.905914,False
2012-01-26,8.2,4.3,11.101183,5.932151,15.5,-2.901183,False
2012-01-27,9.0,5.2,11.203978,5.985161,15.7,-2.203978,False
2012-01-28,10.2,5.7,11.302688,6.039785,15.9,-1.102688,False
2012-01-29,10.6,5.5,11.404624,6.109032,16.1,-0.804624,False
2012-01-30,12.2,3.7,11.502581,6.170538,16.2,0.697419,False
2012-01-31,14.0,4.0,11.607419,6.230538,16.3,2.392581,False
2012-02-01,11.9,6.6,11.711398,6.290108,16.5,0.188602,False
2012-02-02,9.7,5.8,11.795376,6.343763,16.6,-2.095376,False
2012-02-03,12.0,6.7,11.896559,6.408065,16.7,0.103441,False
2012-02-04,13.3,7.8,12.0,6.472903,16.81,1.3,False
2012-02-05,10.4,8.4,12.109462,6.547527,17.0,-1.709462,False
2012-02-06,12.6,8.4,12.214516,6.631398,17.1,0.385484,False
2012-02-07,13.6,8.4,12.305376,6.732258,17.11,1.294624,False
2012-02-08,8.7,4.1,12.415054,6.811935,17.2,-3.715054,False
2012-02-09,5.9,4.1,12.553656,6.913871,17.4,-6.653656,False
2012-02-10,7.4,3.7,12.684946,7.035914,17.5,-5.284946,False
2012-02-11,9.5,3.7,12.823763,7.156667,17.7,-3.323763,False
2012-02-12,9.3,6.2,12.940538,7.29129,17.9,-3.640538,False
2012-02-13,9.6,6.6,13.062258,7.40043,18.2,-3.462258,False
2012-02-14,10.0,6.9,13.207634,7.52043,18.41,-3.207634,False
2012-02-15,11.7,6.9,13.328172,7.639247,18.61,-1.628172,False
2012-02-16,11.3,7.5,13.475591,7.718065,18.81,-2.175591,False
2012-02-17,10.7,7.0,13.65043,7.793871,19.1,-2.95043,False
2012-02-18,8.5,1.9,13.819677,7.911613,19.2,-5.319677,False
2012-02-19,11.3,2.7,13.98086,8.026344,19.3,-2.68086,False
2012-02-20,11.4,7.2,14.112903,8.141828,19.4,-2.712903,False
2012-02-21,10.5,8.3,14.218817,8.23914,19.51,-3.718817,False
2012-02-22,11.5,8.6,14.32914,8.310323,19.7,-2.82914,False
2012-02-23,13.0,8.8,14.452581,8.406882,19.81,-1.452581,False
2012-02-24,11.8,9.0,14.584301,8.511613,20.1,-2.784301,False
2012-02-25,9.7,7.0,14.741613,8.615161,20.21,-5.041613,False
2012-02-26,7.1,4.8,14.878495,8.736022,20.5,-7.778495,False
2012-02-27,8.0,4.5,15.007742,8.846882,20.8,-7.007742,False
2012-02-28,9.7,6.1,15.140968,8.973333,20.9,-5.440968,False
2012-02-29,11.0,7.0,15.212581,9.031237,20.95,-4.212581,False
2012-03-01,13.5,7.5,15.284194,9.08914,21.0,-1.784194,False
2012-03-02,14.5,8.7,15.464301,9.185699,21.5,-0.964301,False
2012-03-03,11.5,9.0,15.657849,9.316129,22.01,-4.157849,False
2012-03-04,13.0,8.3,15.843441,9.445161,22.41,-2.843441,False
2012-03-05,16.5,8.7,16.049032,9.578602,22.71,0.450968,False
2012-03-06,11.9,9.0,16.247419,9.706344,22.91,-4.347419,False
2012-03-07,9.0,7.1,16.402903,9.832043,23.1,-7.402903,False
2012-03-08,9.5,7.1,16.513978,9.936237,23.2,-7.013978,False
2012-03-09,9.8,7.6,16.626129,10.040538,23.4,-6.826129,False
2012-03-10,11.8,7.5,16.775054,10.15172,23.5,-4.975054,False
2012-03-11,13.7,8.0,16.966882,10.280645,23.7,-3.266882,False
2012-03-12,15.0,7.6,17.127849,10.397742,23.71,-2.127849,False
2012-03-13,19.1,8.3,17.291828,10.504946,23.91,1.808172,False
2012-03-14,16.4,11.6,17.490215,10.63129,24.1,-1.090215,False
2012-03-15,18.3,12.5,17.692366,10.783333,24.3,0.607634,False
2012-03-16,20.3,12.5,17.895914,10.949355,24.6,2.404086,False
2012-03-17,22.9,11.3,18.066667,11.096989,24.71,4.833333,False
2012-03-18,25.4,11.9,18.238602,11.237419,24.81,7.161398,False
2012-03-19,26.1,16.0,18.404516,11.412581,25.3,7.695484,False
2012-03-20,26.4,15.2,18.554194,11.583763,25.51,7.845806,False
2012-03-21,24.2,15.0,18.685054,11.695699,25.6,5.514946,False
2012-03-22,14.9,9.7,18.86,11.817742,25.9,-3.96,False
2012-03-23,14.4,8.1,19.047204,11.972258,26.1,-4.647204,False
2012-03-24,20.0,9.1,19.22957,12.143978,26.11,0.77043,False
2012-03-25,23.5,11.0,19.396237,12.312903,26.2,4.103763,False
2012-03-26,23.1,14.6,19.510323,12.453978,26.3,3.589677,False
2012-03-27,20.5,13.9,19.627312,12.57828,26.4,0.872688,False
2012-03-28,17.1,13.8,19.76172,12.698495,26.5,-2.66172,False
2012-03-29,15.9,14.1,19.892043,12.79129,26.8,-3.992043,False
2012-03-30,16.2,10.1,20.033226,12.909892,27.0,-3.833226,False
2012-03-31,21.3,9.5,20.223548,13.032043,27.2,1.076452,False
2012-04-01,27.8,11.0,20.439247,13.179032,27.51,7.360753,False
2012-04-02,29.4,13.3,20.643333,13.354731,27.81,8.756667,False
2012-04-03,26.3,16.7,20.817097,13.514624,28.11,5.482903,False
2012-04-04,22.6,14.6,21.004086,13.687204,28.3,1.595914,False
2012-04-05,21.5,16.0,21.162796,13.848817,28.4,0.337204,False
2012-04-06,22.4,14.5,21.317527,13.995054,28.5,1.082473,False
2012-04-07,18.3,13.3,21.526559,14.166452,28.71,-3.226559,False
2012-04-08,19.1,13.8,21.752581,14.348387,29.0,-2.652581,False
2012-04-09,19.3,15.4,21.951398,14.521828,29.01,-2.651398,False
2012-04-10,22.1,15.7,22.103333,14.683226,29.1,-0.003333,False
2012-04-11,21.7,16.3,22.245161,14.830538,29.2,-0.545161,False
2012-04-12,17.8,12.5,22.436237,14.988387,29.4,-4.636237,False
2012-04-13,16.1,12.0,22.63871,15.160968,29.61,-6.53871,False
2012-04-14,23.6,13.1,22.844946,15.325269,29.72,0.755054,False
2012-04-15,23.5,16.1,23.052903,15.472366,30.1,0.447097,False
2012-04-16,22.7,15.7,23.249462,15.607957,30.3,-0.549462,False
2012-04-17,18.2,14.6,23.416022,15.755591,30.4,-5.216022,False
2012-04-18,23.5,15.7,23.559462,15.902473,30.4,-0.059462,False
2012-04-19,20.9,16.6,23.715914,16.036989,30.5,-2.815914,False
2012-04-20,25.1,15.5,23.876989,16.173871,30.6,1.223011,False
2012-04-21,29.7,16.3,24.061613,16.342151,30.7,5.638387,False
2012-04-22,32.9,19.6,24.187527,16.507419,30.8,8.712473,False
2012-04-23,30.4,21.0,24.275591,16.632688,30.9,6.124409,False
2012-04-24,27.9,17.3,24.390968,16.73957,30.9,3.509032,False
2012-04-25,23.7,16.7,24.554731,16.870323,31.0,-0.854731,False
2012-04-26,28.6,16.4,24.738817,17.014624,31.11,3.861183,False
2012-04-27,31.0,18.9,24.925699,17.162581,31.5,6.074301,False
2012-04-28,21.9,18.7,25.074194,17.314301,31.51,-3.174194,False
2012-04-29,26.7,19.5,25.20043,17.487312,31.6,1.49957,False
2012-04-30,26.4,19.3,25.322581,17.623333,31.61,1.077419,False
2012-05-01,24.7,18.2,25.40828,17.746882,31.71,-0.70828,False
2012-05-02,23.3,19.2,25.473656,17.863871,31.81,-2.173656,False
2012-05-03,24.6,19.7,25.537419,17.964624,31.9,-0.937419,False
2012-05-04,27.0,21.0,25.628387,18.070968,32.0,1.371613,False
2012-05-05,29.3,21.5,25.694194,18.166237,32.1,3.605806,False
2012-05-06,28.3,22.4,25.762903,18.243656,32.2,2.537097,False
2012-05-07,29.8,23.3,25.814731,18.337312,32.3,3.985269,False
2012-05-08,28.5,22.5,25.896344,18.431183,32.31,2.603656,False
2012-05-09,29.8,22.8,25.955914,18.517312,32.4,3.844086,False
2012-05-10,33.3,24.4,26.055591,18.615699,32.4,7.244409,False
2012-05-11,25.8,21.3,26.166452,18.728925,32.4,-0.366452,False
2012-05-12,21.9,19.0,26.227849,18.832151,32.4,-4.327849,False
2012-05-13,23.0,16.2,26.269247,18.919892,32.4,-3.269247,False
2012-05-14,21.4,16.3,26.290645,19.001183,32.4,-4.890645,False
2012-05-15,25.2,17.3,26.297634,19.073871,32.4,-1.097634,False
2012-05-16,26.7,19.4,26.296129,19.148065,32.3,0.403871,False
2012-05-17,28.3,20.7,26.297204,19.231828,32.3,2.002796,False
2012-05-18,26.7,18.9,26.341613,19.313441,32.21,0.358387,False
2012-05-19,31.2,20.6,26.416129,19.394946,32.21,4.783871,False
2012-05-20,32.6,23.0,26.505269,19.497849,32.4,6.094731,False
2012-05-21,25.0,19.2,26.583118,19.608602,32.4,-1.583118,False
2012-05-22,19.4,17.1,26.637634,19.710753,32.4,-7.237634,False
2012-05-23,19.5,17.6,26.705699,19.800753,32.41,-7.205699,False
2012-05-24,19.3,18.0,26.793763,19.897742,32.41,-7.493763,False
2012-05-25,19.6,17.0,26.847204,20.006882,32.6,-7.247204,False
2012-05-26,25.4,18.4,26.87914,20.106344,32.51,-1.47914,False
2012-05-27,24.3,20.1,26.921398,20.191613,32.51,-2.621398,False
2012-05-28,25.0,20.6,26.962581,20.276559,32.4,-1.962581,False
2012-05-29,24.0,18.8,27.02086,20.366344,32.6,-3.02086,False
2012-05-30,28.6,19.1,27.151828,20.465484,32.6,1.448172,False
2012-05-31,25.3,18.8,27.270323,20.586667,32.7,-1.970323,False
2012-06-01,24.1,17.8,27.358495,20.710108,32.71,-3.258495,False
2012-06-02,27.7,19.7,27.453118,20.823441,32.9,0.246882,False
2012-06-03,20.7,19.7,27.540645,20.943441,32.9,-6.840645,False
2012-06-04,23.7,19.7,27.578817,21.043011,32.9,-3.878817,False
2012-06-05,23.8,21.1,27.612688,21.140968,32.9,-3.812688,False
2012-06-06,22.7,20.3,27.707634,21.264086,32.9,-5.007634,False
2012-06-07,25.8,19.8,27.81914,21.381398,32.81,-2.01914,False
2012-06-08,27.1,21.3,27.88871,21.487527,32.8,-0.78871,False
2012-06-09,27.1,21.6,28.00828,21.586882,32.9,-0.90828,False
2012-06-10,26.7,22.5,28.106237,21.701183,33.0,-1.406237,False
2012-06-11,27.6,22.8,28.225054,21.829892,33.2,-0.625054,False
2012-06-12,26.1,21.9,28.365806,21.963871,33.4,-2.265806,False
2012-06-13,28.7,22.8,28.508495,22.105591,33.5,0.191505,False
2012-06-14,29.9,23.0,28.620645,22.230753,33.7,1.279355,False
2012-06-15,32.3,22.2,28.703441,22.354194,33.8,3.596559,False
2012-06-16,27.6,21.3,28.806882,22.470645,34.0,-1.206882,False
2012-06-17,24.3,21.0,28.922796,22.592473,34.1,-4.622796,False
2012-06-18,24.1,20.3,29.007527,22.703226,34.2,-4.907527,False
2012-06-19,29.2,20.6,29.079785,22.810538,34.3,0.120215,False
2012-06-20,30.5,23.0,29.12914,22.898065,34.3,1.37086,False
2012-06-21,27.6,22.4,29.214516,22.993978,34.3,-1.614516,False
2012-06-22,28.3,22.0,29.329785,23.079677,34.4,-1.029785,False
2012-06-23,31.8,23.1,29.45914,23.185161,34.6,2.34086,False
2012-06-24,32.8,24.0,29.589677,23.290538,34.7,3.210323,False
2012-06-25,27.7,23.0,29.742581,23.395161,34.71,-2.042581,False
2012-06-26,24.7,22.8,29.877527,23.493226,34.81,-5.177527,False
2012-06-27,26.2,22.9,30.011935,23.599677,35.0,-3.811935,False
2012-06-28,30.8,24.9,30.165269,23.72086,35.0,0.634731,False
2012-06-29,31.5,25.2,30.32172,23.84086,35.3,1.17828,False
2012-06-30,28.2,23.5,30.428065,23.94043,35.31,-2.228065,False
2012-07-01,31.3,24.9,30.529032,24.03828,35.4,0.770968,False
2012-07-02,33.4,26.5,30.659355,24.132151,35.5,2.740645,False
2012-07-03,31.4,24.9,30.783978,24.222258,35.6,0.616022,False
2012-07-04,28.0,23.2,30.886344,24.304194,35.7,-2.886344,False
2012-07-05,33.0,25.6,31.033226,24.406882,35.8,1.966774,False
2012-07-06,36.1,27.7,31.204086,24.514301,35.9,4.895914,False
2012-07-07,33.6,27.1,31.322258,24.597312,36.0,2.277742,False
2012-07-08,34.9,28.2,31.47129,24.690323,36.1,3.42871,False
2012-07-09,34.4,26.2,31.640753,24.787419,36.2,2.759247,False
2012-07-10,29.5,26.0,31.807849,24.89914,36.4,-2.307849,False
2012-07-11,30.5,24.9,31.996237,25.009032,36.6,-1.496237,False
2012-07-12,27.0,24.1,32.177204,25.109677,36.8,-5.177204,False
2012-07-13,31.6,24.0,32.34,25.19871,36.9,-0.74,False
2012-07-14,33.2,25.1,32.449677,25.255161,37.0,0.750323,False
2012-07-15,29.4,24.4,32.573118,25.321613,37.0,-3.173118,False
2012-07-16,26.5,23.2,32.719247,25.386559,37.1,-6.219247,False
2012-07-17,27.9,23.7,32.815054,25.433656,37.2,-4.915054,False
2012-07-18,29.9,24.5,32.891183,25.473763,37.3,-2.991183,False
2012-07-19,31.2,24.7,33.009247,25.524409,37.4,-1.809247,False
2012-07-20,35.1,27.6,33.152043,25.586559,37.4,1.947957,False
2012-07-21,34.7,26.7,33.286774,25.656344,37.5,1.413226,False
2012-07-22,31.2,22.0,33.393226,25.716559,37.5,-2.193226,False
2012-07-23,26.3,22.3,33.494301,25.757204,37.6,-7.194301,False
2012-07-24,29.7,24.4,33.548065,25.793656,37.61,-3.848065,False
2012-07-25,32.0,25.3,33.607097,25.829785,37.8,-1.607097,False
2012-07-26,34.9,26.2,33.653548,25.86957,37.9,1.246452,False
2012-07-27,34.9,25.9,33.69,25.895914,38.0,1.21,False
2012-07-28,34.1,25.5,33.732581,25.905054,38.2,0.367419,False
2012-07-29,35.1,26.5,33.758925,25.914624,38.21,1.341075,False
2012-07-30,36.7,28.3,33.807527,25.921075,38.3,2.892473,False
2012-07-31,33.7,25.0,33.844194,25.927097,38.3,-0.144194,False
2012-08-01,30.6,25.0,33.874086,25.921398,38.31,-3.274086,False
2012-08-02,33.3,25.5,33.893656,25.908495,38.4,-0.593656,False
2012-08-03,34.6,25.9,33.891505,25.909462,38.4,0.708495,False
2012-08-04,35.6,27.8,33.916882,25.901183,38.4,1.683118,False
2012-08-05,34.7,25.7,33.883978,25.859785,38.4,0.816022,False
2012-08-06,31.4,25.2,33.842903,25.807419,38.4,-2.442903,False
2012-08-07,34.6,26.1,33.810108,25.770538,38.4,0.789892,False
2012-08-08,35.3,26.4,33.783871,25.73129,38.41,1.516129,False
2012-08-09,36.1,27.0,33.734731,25.677204,38.4,2.365269,False
2012-08-10,37.1,26.9,33.647634,25.626774,38.4,3.452366,False
2012-08-11,38.4,27.4,33.550538,25.553333,38.4,4.849462,False
2012-08-12,38.6,28.4,33.433441,25.474516,38.4,5.166559,False
2012-08-13,37.5,29.1,33.29828,25.392258,38.4,4.20172,False
2012-08-14,36.9,28.4,33.196452,25.323118,38.4,3.703548,False
2012-08-15,34.5,28.4,33.134624,25.250753,38.41,1.365376,False
2012-08-16,36.9,27.7,33.042688,25.17043,38.51,3.857312,False
2012-08-17,37.9,27.8,32.971935,25.089462,38.6,4.928065,False
2012-08-18,37.3,27.6,32.877957,24.997097,38.6,4.422043,False
2012-08-19,36.5,27.3,32.75086,24.912796,38.6,3.74914,False
2012-08-20,32.9,24.9,32.632903,24.820753,38.6,0.267097,False
2012-08-21,29.9,21.9,32.507527,24.709892,38.61,-2.607527,False
2012-08-22,27.4,22.1,32.359785,24.581828,38.6,-4.959785,False
2012-08-23,29.2,22.5,32.200753,24.468602,38.51,-3.000753,False
2012-08-24,32.2,23.7,32.058065,24.356667,38.5,0.141935,False
2012-08-25,30.8,24.6,31.909032,24.238817,38.4,-1.109032,False
2012-08-26,33.2,24.0,31.744946,24.1,38.31,1.455054,False
2012-08-27,34.8,25.3,31.612043,23.982796,38.1,3.187957,False
2012-08-28,32.6,25.7,31.45957,23.861075,37.81,1.14043,False
2012-08-29,28.8,24.4,31.298817,23.72172,37.8,-2.498817,False
2012-08-30,26.4,23.2,31.084624,23.573333,37.61,-4.684624,False
2012-08-31,25.4,23.1,30.898602,23.440753,37.6,-5.498602,False
2012-09-01,28.2,19.8,30.753548,23.322796,37.5,-2.553548,False
2012-09-02,27.8,20.9,30.581183,23.203226,37.4,-2.781183,False
2012-09-03,28.2,20.1,30.387742,23.06172,37.31,-2.187742,False
2012-09-04,31.3,20.7,30.173871,22.908065,37.21,1.126129,False
2012-09-05,31.3,22.1,29.986989,22.757527,36.91,1.313011,False
2012-09-06,32.6,23.2,29.808495,22.61086,36.81,2.791505,False
2012-09-07,34.0,25.1,29.632796,22.46871,36.8,4.367204,False
2012-09-08,28.6,24.5,29.436774,22.325161,36.5,-0.836774,False
2012-09-09,31.0,25.7,29.224409,22.175699,36.2,1.775591,False
2012-09-10,30.1,23.2,29.017204,22.02086,36.0,1.082796,False
2012-09-11,25.6,21.9,28.806667,21.882796,35.7,-3.206667,False
2012-09-12,22.2,18.7,28.587527,21.732473,35.4,-6.387527,False
2012-09-13,26.1,17.9,28.394839,21.59086,35.11,-2.294839,False
2012-09-14,27.5,18.5,28.242581,21.454946,34.7,-0.742581,False
2012-09-15,28.0,18.4,28.083548,21.318817,34.4,-0.083548,False
2012-09-16,19.9,17.9,27.882903,21.177634,34.2,-7.982903,False
2012-09-17,23.6,16.6,27.687419,21.031828,33.9,-4.087419,False
2012-09-18,25.2,17.7,27.451183,20.872581,33.71,-2.251183,False
2012-09-19,27.9,18.7,27.215806,20.696989,33.6,0.684194,False
2012-09-20,22.7,19.4,26.974946,20.507527,33.32,-4.274946,False
2012-09-21,21.8,18.3,26.748172,20.326667,33.01,-4.948172,False
2012-09-22,23.4,19.4,26.546022,20.165054,32.9,-3.146022,False
2012-09-23,22.7,20.6,26.350108,20.016667,32.7,-3.650108,False
2012-09-24,24.4,21.0,26.170108,19.863871,32.51,-1.770108,False
2012-09-25,22.4,19.5,25.973226,19.707849,32.3,-3.573226,False
2012-09-26,21.3,19.8,25.783548,19.564194,32.2,-4.483548,False
2012-09-27,24.3,20.5,25.556022,19.414624,31.8,-1.256022,False
2012-09-28,24.2,19.9,25.312581,19.256774,31.5,-1.112581,False
2012-09-29,25.6,20.3,25.093333,19.102688,31.21,0.506667,False
2012-09-30,22.7,17.9,24.894946,18.959785,31.1,-2.194946,False
2012-10-01,27.0,18.3,24.676344,18.797742,31.0,2.323656,False
2012-10-02,22.3,17.2,24.430323,18.619892,30.71,-2.130323,False
2012-10-03,19.2,17.3,24.222581,18.46,30.6,-5.022581,False
2012-10-04,18.9,17.4,24.027312,18.302473,30.5,-5.127312,False
2012-10-05,20.2,17.8,23.849032,18.158387,30.3,-3.649032,False
2012-10-06,19.9,16.8,23.66957,18.019032,30.1,-3.76957,False
2012-10-07,17.5,16.2,23.477957,17.878925,29.81,-5.977957,False
2012-10-08,18.0,16.7,23.303763,17.73172,29.61,-5.303763,False
2012-10-09,19.2,16.9,23.119785,17.575591,29.41,-3.919785,False
2012-10-10,18.9,17.1,22.927634,17.423763,29.1,-4.027634,False
2012-10-11,19.0,16.0,22.746774,17.276667,28.9,-3.746774,False
2012-10-12,17.5,16.2,22.560753,17.116667,28.7,-5.060753,False
2012-10-13,19.3,16.3,22.379032,16.952366,28.6,-3.079032,False
2012-10-14,21.5,17.2,22.18172,16.785269,28.4,-0.68172,False
2012-10-15,18.9,17.9,21.961828,16.600753,28.2,-3.061828,False
2012-10-16,22.9,16.9,21.729677,16.420108,27.7,1.170323,False
2012-10-17,21.3,13.5,21.545484,16.239247,27.5,-0.245484,False
2012-10-18,24.6,14.3,21.375699,16.066344,27.0,3.224301,False
2012-10-19,22.6,16.7,21.281183,15.907742,26.9,1.318817,False
2012-10-20,22.6,17.3,21.20129,15.757634,26.6,1.39871,False
2012-10-21,23.1,17.3,21.097097,15.628817,26.31,2.002903,False
2012-10-22,20.2,15.9,20.980215,15.506559,26.0,-0.780215,False
2012-10-23,20.4,15.3,20.849462,15.369677,25.71,-0.449462,False
2012-10-24,17.8,14.0,20.703548,15.227957,25.4,-2.903548,False
2012-10-25,19.2,14.8,20.571828,15.085806,25.2,-1.371828,False
2012-10-26,22.0,15.0,20.450215,14.939677,24.9,1.549785,False
2012-10-27,22.8,15.6,20.327527,14.799032,24.7,2.472473,False
2012-10-28,23.1,17.8,20.207419,14.65828,24.6,2.892581,False
2012-10-29,21.0,16.0,20.115269,14.53,24.6,0.884731,False
2012-10-30,19.8,11.9,20.004409,14.390538,24.41,-0.204409,False
2012-10-31,23.0,11.5,19.867527,14.255054,24.4,3.132473,False
2012-11-01,23.9,14.8,19.71828,14.106344,24.3,4.18172,False
2012-11-02,23.0,16.3,19.572151,13.958925,24.1,3.427849,False
2012-11-03,18.9,13.1,19.390538,13.790108,23.91,-0.490538,False
2012-11-04,13.9,11.1,19.188495,13.620108,23.71,-5.288495,False
2012-11-05,12.2,10.3,18.987204,13.452688,23.51,-6.787204,False
2012-11-06,13.6,11.9,18.803871,13.281828,23.4,-5.203871,False
2012-11-07,13.1,12.5,18.635269,13.104516,23.3,-5.535269,False
2012-11-08,14.8,13.3,18.443871,12.935806,23.1,-3.643871,False
2012-11-09,15.0,12.4,18.252366,12.759677,23.0,-3.252366,False
2012-11-10,17.7,12.4,18.09129,12.593763,22.9,-0.39129,False
2012-11-11,16.9,12.0,17.930538,12.427097,22.9,-1.030538,False
2012-11-12,14.2,8.9,17.757742,12.261828,22.8,-3.557742,False
2012-11-13,15.8,9.3,17.592688,12.113871,22.7,-1.792688,False
2012-11-14,15.1,13.6,17.432581,11.971075,22.6,-2.332581,False
2012-11-15,15.2,12.6,17.26043,11.838925,22.5,-2.06043,False
2012-11-16,16.6,8.0,17.063656,11.696882,22.4,-0.463656,False
2012-11-17,19.3,8.5,16.886344,11.563763,22.2,2.413656,False
2012-11-18,18.1,9.3,16.692688,11.422366,22.0,1.407312,False
2012-11-19,16.8,13.5,16.474839,11.272903,21.8,0.325161,False
2012-11-20,14.9,12.7,16.224194,11.121505,21.6,-1.324194,False
2012-11-21,16.9,13.2,15.999677,10.944516,21.3,0.900323,False
2012-11-22,15.3,10.5,15.767419,10.748817,21.0,-0.467419,False
2012-11-23,10.8,9.5,15.536559,10.572366,20.4,-4.736559,False
2012-11-24,11.4,9.5,15.328817,10.401183,20.0,-3.928817,False
2012-11-25,11.1,7.6,15.091828,10.239785,19.61,-3.991828,False
2012-11-26,11.7,6.7,14.854516,10.072366,19.1,-3.154516,False
2012-11-27,11.3,8.3,14.624624,9.890753,18.91,-3.324624,False
2012-11-28,13.4,7.1,14.43,9.724516,18.6,-1.03,False
2012-11-29,11.1,8.2,14.207634,9.563333,18.4,-3.107634,False
2012-11-30,10.9,8.8,13.97957,9.402581,18.2,-3.07957,False
2012-12-01,11.9,7.3,13.793118,9.216559,17.9,-1.893118,False
2012-12-02,14.2,6.5,13.63086,9.051935,17.7,0.56914,False
2012-12-03,14.1,6.9,13.456022,8.900968,17.4,0.643978,False
2012-12-04,11.1,6.1,13.309892,8.745054,17.2,-2.209892,False
2012-12-05,14.9,4.5,13.189462,8.603871,17.0,1.710538,False
2012-12-06,15.3,5.4,13.079677,8.447957,16.8,2.220323,False
2012-12-07,12.0,8.4,12.94957,8.302581,16.6,-0.94957,False
2012-12-08,11.6,9.7,12.800753,8.175054,16.3,-1.200753,False
2012-12-09,11.2,9.7,12.678387,8.050645,16.11,-1.478387,False
2012-12-10,10.9,8.4,12.540645,7.939677,16.0,-1.640645,False
2012-12-11,13.4,8.9,12.396344,7.814839,15.8,1.003656,False
2012-12-12,11.8,9.3,12.239677,7.681505,15.5,-0.439677,False
2012-12-13,13.1,9.7,12.104516,7.546882,15.4,0.995484,False
2012-12-14,12.7,8.9,11.955054,7.416774,15.3,0.744946,False
2012-12-15,13.9,9.2,11.820215,7.287097,15.1,2.079785,False
2012-12-16,14.0,10.6,11.690645,7.149677,14.9,2.309355,False
2012-12-17,12.0,9.4,11.573656,7.028925,14.71,0.426344,False
2012-12-18,10.0,6.1,11.459677,6.920323,14.6,-1.459677,False
2012-12-19,7.7,6.5,11.352688,6.822151,14.4,-3.652688,False
2012-12-20,7.9,6.7,11.252796,6.741398,14.3,-3.352796,False
2012-12-21,9.8,7.4,11.180323,6.653011,14.2,-1.380323,False
2012-12-22,11.1,6.6,11.091935,6.589677,14.1,0.008065,False
2012-12-23,10.5,2.5,11.00871,6.537957,13.9,-0.50871,False
2012-12-24,11.1,2.8,10.932043,6.464946,13.81,0.167957,False
2012-12-25,7.9,7.0,10.845591,6.385161,13.7,-2.945591,False
2012-12-26,8.0,6.0,10.783656,6.294946,13.5,-2.783656,False
2012-12-27,9.8,4.1,10.726129,6.23129,13.41,-0.926129,False
2012-12-28,8.3,5.4,10.678925,6.175269,13.4,-2.378925,False
2012-12-29,5.6,1.3,10.622581,6.097634,13.3,-5.022581,False
2012-12-30,8.7,-0.9,10.58086,6.037419,13.3,-1.88086,False
2012-12-31,11.0,0.3,10.557419,5.989355,13.2,0.442581,False
2013-01-01,12.9,0.9,10.531398,5.955806,13.2,2.368602,False
2013-01-02,7.8,3.5,10.490968,5.933441,13.2,-2.690968,False
2013-01-03,6.3,2.6,10.449677,5.900323,13.2,-4.149677,False
2013-01-04,5.2,2.9,10.397097,5.880108,13.1,-5.197097,False
2013-01-05,5.6,3.4,10.357419,5.856022,13.1,-4.757419,False
2013-01-06,6.1,2.6,10.316774,5.836022,13.1,-4.216774,False
2013-01-07,7.3,2.7,10.296774,5.791613,13.2,-2.996774,False
2013-01-08,8.1,3.4,10.280538,5.771398,13.2,-2.180538,False
2013-01-09,10.3,1.2,10.244624,5.745591,13.2,0.055376,False
2013-01-10,9.1,1.2,10.239355,5.709462,13.2,-1.139355,False
2013-01-11,11.0,3.7,10.222581,5.679462,13.3,0.777419,False
2013-01-12,13.0,1.9,10.253118,5.646774,13.31,2.746882,False
2013-01-13,12.5,2.3,10.280323,5.639462,13.4,2.219677,False
2013-01-14,9.2,7.1,10.333226,5.621828,13.5,-1.133226,False
2013-01-15,10.1,6.5,10.382366,5.611075,13.61,-0.282366,False
2013-01-16,8.6,7.1,10.413871,5.635591,13.8,-1.813871,False
2013-01-17,11.9,5.5,10.446452,5.647634,13.9,1.453548,False
2013-01-18,13.3,6.1,10.468065,5.657527,13.9,2.831935,False
2013-01-19,10.3,7.3,10.492043,5.669462,14.0,-0.192043,False
2013-01-20,10.9,7.4,10.559462,5.676129,14.2,0.340538,False
2013-01-21,11.9,8.0,10.650753,5.699032,14.4,1.249247,False
2013-01-22,13.3,4.7,10.740323,5.731828,14.51,2.559677,False
2013-01-23,13.7,5.0,10.840215,5.76957,14.7,2.859785,False
2013-01-24,14.6,4.9,10.928387,5.823226,14.9,3.671613,False
2013-01-25,15.5,5.5,11.005914,5.880538,15.2,4.494086,False
2013-01-26,17.0,6.9,11.101183,5.932151,15.5,5.898817,False
2013-01-27,18.1,7.2,11.203978,5.985161,15.7,6.896022,False
2013-01-28,16.7,5.6,11.302688,6.039785,15.9,5.397312,False
2013-01-29,13.9,5.8,11.404624,6.109032,16.1,2.495376,False
2013-01-30,14.3,10.1,11.502581,6.170538,16.2,2.797419,False
2013-01-31,15.7,9.1,11.607419,6.230538,16.3,4.092581,False
2013-02-01,17.2,9.3,11.711398,6.290108,16.5,5.488602,False
2013-02-02,16.1,11.1,11.795376,6.343763,16.6,4.304624,False
2013-02-03,19.4,9.4,11.896559,6.408065,16.7,7.503441,False
2013-02-04,18.9,9.5,12.0,6.472903,16.81,6.9,False
2013-02-05,20.1,11.0,12.109462,6.547527,17.0,7.990538,False
2013-02-06,17.2,13.5,12.214516,6.631398,17.1,4.985484,False
2013-02-07,14.9,7.8,12.305376,6.732258,17.11,2.594624,False
2013-02-08,7.7,5.6,12.415054,6.811935,17.2,-4.715054,False
2013-02-09,8.8,4.6,12.553656,6.913871,17.4,-3.753656,False
2013-02-10,13.6,5.4,12.684946,7.035914,17.5,0.915054,False
2013-02-11,10.7,8.9,12.823763,7.156667,17.7,-2.123763,False
2013-02-12,9.5,6.9,12.940538,7.29129,17.9,-3.440538,False
2013-02-13,10.4,7.2,13.062258,7.40043,18.2,-2.662258,False
2013-02-14,11.7,7.9,13.207634,7.52043,18.41,-1.507634,False
2013-02-15,14.9,6.7,13.328172,7.639247,18.61,1.571828,False
2013-02-16,16.7,8.1,13.475591,7.718065,18.81,3.224409,False
2013-02-17,16.7,11.0,13.65043,7.793871,19.1,3.04957,False
2013-02-18,13.0,8.2,13.819677,7.911613,19.2,-0.819677,False
2013-02-19,9.7,7.5,13.98086,8.026344,19.3,-4.28086,False
2013-02-20,12.1,8.1,14.112903,8.141828,19.4,-2.012903,False
2013-02-21,11.8,7.9,14.218817,8.23914,19.51,-2.418817,False
2013-02-22,15.3,6.5,14.32914,8.310323,19.7,0.97086,False
2013-02-23,17.4,7.0,14.452581,8.406882,19.81,2.947419,False
2013-02-24,17.9,11.9,14.584301,8.511613,20.1,3.315699,False
2013-02-25,13.8,10.5,14.741613,8.615161,20.21,-0.941613,False
2013-02-26,20.1,8.7,14.878495,8.736022,20.5,5.221505,False
2013-02-27,20.9,10.1,15.007742,8.846882,20.8,5.892258,False
2013-02-28,17.4,14.4,15.140968,8.973333,20.9,2.259032,False
2013-03-01,15.0,9.7,15.284194,9.08914,21.0,-0.284194,False
2013-03-02,10.9,9.1,15.464301,9.185699,21.5,-4.564301,False
2013-03-03,15.5,7.3,15.657849,9.316129,22.01,-0.157849,False
2013-03-04,19.2,8.3,15.843441,9.445161,22.41,3.356559,False
2013-03-05,24.0,8.1,16.049032,9.578602,22.71,7.950968,False
2013-03-06,24.1,10.0,16.247419,9.706344,22.91,7.852581,False
2013-03-07,26.5,10.8,16.402903,9.832043,23.1,10.097097,False
2013-03-08,28.5,11.9,16.513978,9.936237,23.2,11.986022,False
2013-03-09,28.4,13.5,16.626129,10.040538,23.4,11.773871,False
2013-03-10,25.9,17.1,16.775054,10.15172,23.5,9.124946,False
2013-03-11,24.8,16.1,16.966882,10.280645,23.7,7.833118,False
2013-03-12,19.2,12.5,17.127849,10.397742,23.71,2.072151,False
2013-03-13,23.4,13.6,17.291828,10.504946,23.91,6.108172,False
2013-03-14,22.3,14.6,17.490215,10.63129,24.1,4.809785,False
2013-03-15,21.9,15.6,17.692366,10.783333,24.3,4.207634,False
2013-03-16,20.4,15.8,17.895914,10.949355,24.6,2.504086,False
2013-03-17,23.7,14.6,18.066667,11.096989,24.71,5.633333,False
2013-03-18,21.7,15.1,18.238602,11.237419,24.81,3.461398,False
2013-03-19,19.5,12.6,18.404516,11.412581,25.3,1.095484,False
2013-03-20,24.1,13.7,18.554194,11.583763,25.51,5.545806,False
2013-03-21,27.6,15.7,18.685054,11.695699,25.6,8.914946,False
2013-03-22,23.3,15.6,18.86,11.817742,25.9,4.44,False
2013-03-23,21.8,13.1,19.047204,11.972258,26.1,2.752796,False
2013-03-24,26.2,13.6,19.22957,12.143978,26.11,6.97043,False
2013-03-25,18.4,14.2,19.396237,12.312903,26.2,-0.996237,False
2013-03-26,22.4,14.1,19.510323,12.453978,26.3,2.889677,False
2013-03-27,23.8,14.6,19.627312,12.57828,26.4,4.172688,False
2013-03-28,24.8,13.7,19.76172,12.698495,26.5,5.03828,False
2013-03-29,23.9,14.6,19.892043,12.79129,26.8,4.007957,False
2013-03-30,25.0,15.5,20.033226,12.909892,27.0,4.966774,False
2013-03-31,24.5,14.4,20.223548,13.032043,27.2,4.276452,False
2013-04-01,24.1,15.1,20.439247,13.179032,27.51,3.660753,False
2013-04-02,22.5,15.1,20.643333,13.354731,27.81,1.856667,False
2013-04-03,24.1,15.9,20.817097,13.514624,28.11,3.282903,False
2013-04-04,20.6,15.9,21.004086,13.687204,28.3,-0.404086,False
2013-04-05,15.9,9.3,21.162796,13.848817,28.4,-5.262796,False
2013-04-06,18.3,9.7,21.317527,13.995054,28.5,-3.017527,False
2013-04-07,21.0,12.1,21.526559,14.166452,28.71,-0.526559,False
2013-04-08,24.2,13.5,21.752581,14.348387,29.0,2.447419,False
2013-04-09,16.8,12.6,21.951398,14.521828,29.01,-5.151398,False
2013-04-10,18.7,13.0,22.103333,14.683226,29.1,-3.403333,False
2013-04-11,19.4,13.4,22.245161,14.830538,29.2,-2.845161,False
2013-04-12,18.6,13.5,22.436237,14.988387,29.4,-3.836237,False
2013-04-13,22.3,12.7,22.63871,15.160968,29.61,-0.33871,False
2013-04-14,26.4,14.9,22.844946,15.325269,29.72,3.555054,False
2013-04-15,27.6,16.9,23.052903,15.472366,30.1,4.547097,False
2013-04-16,28.3,15.6,23.249462,15.607957,30.3,5.050538,False
2013-04-17,30.4,18.4,23.416022,15.755591,30.4,6.983978,False
2013-04-18,32.2,20.5,23.559462,15.902473,30.4,8.640538,False
2013-04-19,31.6,16.3,23.715914,16.036989,30.5,7.884086,False
2013-04-20,21.0,15.1,23.876989,16.173871,30.6,-2.876989,False
2013-04-21,23.8,16.4,24.061613,16.342151,30.7,-0.261613,False
2013-04-22,24.8,16.7,24.187527,16.507419,30.8,0.612473,False
2013-04-23,27.8,18.9,24.275591,16.632688,30.9,3.524409,False
2013-04-24,25.8,19.3,24.390968,16.73957,30.9,1.409032,False
2013-04-25,26.0,16.7,24.554731,16.870323,31.0,1.445269,False
2013-04-26,29.0,17.4,24.738817,17.014624,31.11,4.261183,False
2013-04-27,32.1,19.9,24.925699,17.162581,31.5,7.174301,False
2013-04-28,32.0,20.9,25.074194,17.314301,31.51,6.925806,False
2013-04-29,24.9,19.2,25.20043,17.487312,31.6,-0.30043,False
2013-04-30,22.7,18.1,25.322581,17.623333,31.61,-2.622581,False
2013-05-01,23.3,17.0,25.40828,17.746882,31.71,-2.10828,False
2013-05-02,19.9,17.1,25.473656,17.863871,31.81,-5.573656,False
2013-05-03,24.8,17.1,25.537419,17.964624,31.9,-0.737419,False
2013-05-04,28.0,19.5,25.628387,18.070968,32.0,2.371613,False
2013-05-05,23.2,19.1,25.694194,18.166237,32.1,-2.494194,False
2013-05-06,21.2,19.3,25.762903,18.243656,32.2,-4.562903,False
2013-05-07,24.6,20.0,25.814731,18.337312,32.3,-1.214731,False
2013-05-08,25.8,18.5,25.896344,18.431183,32.31,-0.096344,False
2013-05-09,22.2,16.0,25.955914,18.517312,32.4,-3.755914,False
2013-05-10,27.0,14.8,26.055591,18.615699,32.4,0.944409,False
2013-05-11,29.3,17.3,26.166452,18.728925,32.4,3.133548,False
2013-05-12,32.8,18.0,26.227849,18.832151,32.4,6.572151,False
2013-05-13,32.4,21.1,26.269247,18.919892,32.4,6.130753,False
2013-05-14,24.2,20.1,26.290645,19.001183,32.4,-2.090645,False
2013-05-15,24.9,20.9,26.297634,19.073871,32.4,-1.397634,False
2013-05-16,24.1,20.1,26.296129,19.148065,32.3,-2.196129,False
2013-05-17,20.8,17.6,26.297204,19.231828,32.3,-5.497204,False
2013-05-18,22.6,17.6,26.341613,19.313441,32.21,-3.741613,False
2013-05-19,24.9,19.5,26.416129,19.394946,32.21,-1.516129,False
2013-05-20,29.3,18.2,26.505269,19.497849,32.4,2.794731,False
2013-05-21,33.6,18.3,26.583118,19.608602,32.4,7.016882,True
2013-05-22,34.9,21.2,26.637634,19.710753,32.4,8.262366,True
2013-05-23,36.0,24.5,26.705699,19.800753,32.41,9.294301,True
2013-05-24,26.2,21.0,26.793763,19.897742,32.41,-0.593763,False
2013-05-25,22.7,20.3,26.847204,20.006882,32.6,-4.147204,False
2013-05-26,30.3,20.2,26.87914,20.106344,32.51,3.42086,False
2013-05-27,34.4,23.5,26.921398,20.191613,32.51,7.478602,False
2013-05-28,34.2,17.4,26.962581,20.276559,32.4,7.237419,False
2013-05-29,17.9,16.7,27.02086,20.366344,32.6,-9.12086,False
2013-05-30,23.1,18.1,27.151828,20.465484,32.6,-4.051828,False
2013-05-31,22.4,18.9,27.270323,20.586667,32.7,-4.870323,False
2013-06-01,25.4,18.8,27.358495,20.710108,32.71,-1.958495,False
2013-06-02,31.4,19.0,27.453118,20.823441,32.9,3.946882,False
2013-06-03,32.8,22.1,27.540645,20.943441,32.9,5.259355,False
2013-06-04,32.2,24.1,27.578817,21.043011,32.9,4.621183,False
2013-06-05,30.8,22.7,27.612688,21.140968,32.9,3.187312,False
2013-06-06,26.4,21.7,27.707634,21.264086,32.9,-1.307634,False
2013-06-07,31.6,22.7,27.81914,21.381398,32.81,3.78086,False
2013-06-08,30.1,22.8,27.88871,21.487527,32.8,2.21129,False
2013-06-09,22.8,19.9,28.00828,21.586882,32.9,-5.20828,False
2013-06-10,28.1,18.7,28.106237,21.701183,33.0,-0.006237,False
2013-06-11,30.4,19.3,28.225054,21.829892,33.2,2.174946,False
2013-06-12,32.3,22.8,28.365806,21.963871,33.4,3.934194,False
2013-06-13,32.6,23.8,28.508495,22.105591,33.5,4.091505,False
2013-06-14,33.7,24.0,28.620645,22.230753,33.7,5.079355,False
2013-06-15,34.7,22.7,28.703441,22.354194,33.8,5.996559,True
2013-06-16,35.6,25.6,28.806882,22.470645,34.0,6.793118,True
2013-06-17,36.7,27.8,28.922796,22.592473,34.1,7.777204,True
2013-06-18,37.0,29.0,29.007527,22.703226,34.2,7.992473,True
2013-06-19,36.9,30.6,29.079785,22.810538,34.3,7.820215,True
2013-06-20,37.4,26.8,29.12914,22.898065,34.3,8.27086,True
2013-06-21,36.4,26.0,29.214516,22.993978,34.3,7.185484,True
2013-06-22,31.3,25.4,29.329785,23.079677,34.4,1.970215,False
2013-06-23,30.4,25.3,29.45914,23.185161,34.6,0.94086,False
2013-06-24,31.2,23.6,29.589677,23.290538,34.7,1.610323,False
2013-06-25,28.7,22.8,29.742581,23.395161,34.71,-1.042581,False
2013-06-26,27.6,23.9,29.877527,23.493226,34.81,-2.277527,False
2013-06-27,31.6,24.6,30.011935,23.599677,35.0,1.588065,False
2013-06-28,35.0,25.6,30.165269,23.72086,35.0,4.834731,False
2013-06-29,34.1,27.7,30.32172,23.84086,35.3,3.77828,False
2013-06-30,31.5,26.3,30.428065,23.94043,35.31,1.071935,False
2013-07-01,31.9,26.6,30.529032,24.03828,35.4,1.370968,False
2013-07-02,35.6,27.1,30.659355,24.132151,35.5,4.940645,False
2013-07-03,35.9,29.5,30.783978,24.222258,35.6,5.116022,False
2013-07-04,35.5,25.5,30.886344,24.304194,35.7,4.613656,False
2013-07-05,26.7,24.1,31.033226,24.406882,35.8,-4.333226,False
2013-07-06,32.8,25.8,31.204086,24.514301,35.9,1.595914,False
2013-07-07,36.6,28.5,31.322258,24.597312,36.0,5.277742,False
2013-07-08,36.5,29.6,31.47129,24.690323,36.1,5.02871,False
2013-07-09,35.2,28.9,31.640753,24.787419,36.2,3.559247,False
2013-07-10,34.4,26.5,31.807849,24.89914,36.4,2.592151,False
2013-07-11,36.0,27.4,31.996237,25.009032,36.6,4.003763,False
2013-07-12,37.6,27.8,32.177204,25.109677,36.8,5.422796,True
2013-07-13,38.1,28.4,32.34,25.19871,36.9,5.76,True
2013-07-14,39.4,29.6,32.449677,25.255161,37.0,6.950323,True
2013-07-15,40.4,29.3,32.573118,25.321613,37.0,7.826882,True
2013-07-16,35.1,27.3,32.719247,25.386559,37.1,2.380753,False
2013-07-17,36.7,28.3,32.815054,25.433656,37.2,3.884946,False
2013-07-18,33.1,24.8,32.891183,25.473763,37.3,0.208817,False
2013-07-19,29.6,24.9,33.009247,25.524409,37.4,-3.409247,False
2013-07-20,31.6,25.9,33.152043,25.586559,37.4,-1.552043,False
2013-07-21,37.4,28.2,33.286774,25.656344,37.5,4.113226,False
2013-07-22,35.4,26.3,33.393226,25.716559,37.5,2.006774,False
2013-07-23,36.0,27.0,33.494301,25.757204,37.6,2.505699,False
2013-07-24,39.3,29.6,33.548065,25.793656,37.61,5.751935,True
2013-07-25,40.7,28.4,33.607097,25.829785,37.8,7.092903,True
2013-07-26,40.2,30.1,33.653548,25.86957,37.9,6.546452,True
2013-07-27,39.7,30.6,33.69,25.895914,38.0,6.01,True
2013-07-28,40.0,28.9,33.732581,25.905054,38.2,6.267419,True
2013-07-29,36.6,27.4,33.758925,25.914624,38.21,2.841075,False
2013-07-30,38.6,28.5,33.807527,25.921075,38.3,4.792473,False
2013-07-31,41.6,29.2,33.844194,25.927097,38.3,7.755806,False
2013-08-01,32.5,25.0,33.874086,25.921398,38.31,-1.374086,False
2013-08-02,32.7,25.6,33.893656,25.908495,38.4,-1.193656,False
2013-08-03,35.7,27.1,33.891505,25.909462,38.4,1.808495,False
2013-08-04,36.1,27.8,33.916882,25.901183,38.4,2.183118,False
2013-08-05,39.4,30.2,33.883978,25.859785,38.4,5.516022,True
2013-08-06,41.1,32.0,33.842903,25.807419,38.4,7.257097,True
2013-08-07,41.1,23.9,33.810108,25.770538,38.4,7.289892,True
2013-08-08,32.9,24.5,33.783871,25.73129,38.41,-0.883871,False
2013-08-09,38.2,28.2,33.734731,25.677204,38.4,4.465269,False
2013-08-10,40.7,30.6,33.647634,25.626774,38.4,7.052366,False
2013-08-11,40.1,25.7,33.550538,25.553333,38.4,6.549462,False
2013-08-12,34.6,26.5,33.433441,25.474516,38.4,1.166559,False
2013-08-13,38.7,28.0,33.29828,25.392258,38.4,5.40172,True
2013-08-14,40.3,29.2,33.196452,25.323118,38.4,7.103548,True
2013-08-15,40.4,29.6,33.134624,25.250753,38.41,7.265376,True
2013-08-16,38.6,26.7,33.042688,25.17043,38.51,5.557312,True
2013-08-17,40.0,26.6,32.971935,25.089462,38.6,7.028065,True
2013-08-18,40.5,27.2,32.877957,24.997097,38.6,7.622043,True
2013-08-19,37.6,27.9,32.75086,24.912796,38.6,4.84914,False
2013-08-20,36.2,25.7,32.632903,24.820753,38.6,3.567097,False
2013-08-21,35.5,26.0,32.507527,24.709892,38.61,2.992473,False
2013-08-22,37.8,29.2,32.359785,24.581828,38.6,5.440215,False
2013-08-23,41.0,30.8,32.200753,24.468602,38.51,8.799247,False
2013-08-24,33.3,25.3,32.058065,24.356667,38.5,1.241935,False
2013-08-25,34.1,25.8,31.909032,24.238817,38.4,2.190968,False
2013-08-26,38.4,28.5,31.744946,24.1,38.31,6.655054,True
2013-08-27,41.3,30.7,31.612043,23.982796,38.1,9.687957,True
2013-08-28,39.2,23.3,31.45957,23.861075,37.81,7.74043,True
2013-08-29,25.4,23.6,31.298817,23.72172,37.8,-5.898817,False
2013-08-30,26.1,22.9,31.084624,23.573333,37.61,-4.984624,False
2013-08-31,23.5,21.4,30.898602,23.440753,37.6,-7.398602,False
2013-09-01,27.3,20.0,30.753548,23.322796,37.5,-3.453548,False
2013-09-02,20.9,19.9,30.581183,23.203226,37.4,-9.681183,False
2013-09-03,22.6,19.3,30.387742,23.06172,37.31,-7.787742,False
2013-09-04,20.7,19.1,30.173871,22.908065,37.21,-9.473871,False
2013-09-05,20.6,18.9,29.986989,22.757527,36.91,-9.386989,False
2013-09-06,21.3,18.8,29.808495,22.61086,36.81,-8.508495,False
2013-09-07,23.6,19.1,29.632796,22.46871,36.8,-6.032796,False
2013-09-08,22.2,19.9,29.436774,22.325161,36.5,-7.236774,False
2013-09-09,24.5,20.2,29.224409,22.175699,36.2,-4.724409,False
2013-09-10,27.1,20.5,29.017204,22.02086,36.0,-1.917204,False
2013-09-11,23.4,20.6,28.806667,21.882796,35.7,-5.406667,False
2013-09-12,25.1,19.7,28.587527,21.732473,35.4,-3.487527,False
2013-09-13,29.3,19.1,28.394839,21.59086,35.11,0.905161,False
2013-09-14,31.3,22.2,28.242581,21.454946,34.7,3.057419,False
2013-09-15,35.2,23.4,28.083548,21.318817,34.4,7.116452,False
2013-09-16,34.4,25.1,27.882903,21.177634,34.2,6.517097,False
2013-09-17,32.3,24.9,27.687419,21.031828,33.9,4.612581,False
2013-09-18,34.0,25.4,27.451183,20.872581,33.71,6.548817,False
2013-09-19,31.3,22.5,27.215806,20.696989,33.6,4.084194,False
2013-09-20,31.2,22.4,26.974946,20.507527,33.32,4.225054,False
2013-09-21,30.6,23.0,26.748172,20.326667,33.01,3.851828,False
2013-09-22,32.7,22.2,26.546022,20.165054,32.9,6.153978,False
2013-09-23,31.8,22.5,26.350108,20.016667,32.7,5.449892,False
2013-09-24,27.3,22.9,26.170108,19.863871,32.51,1.129892,False
2013-09-25,25.8,19.4,25.973226,19.707849,32.3,-0.173226,False
2013-09-26,20.8,17.5,25.783548,19.564194,32.2,-4.983548,False
2013-09-27,20.8,17.6,25.556022,19.414624,31.8,-4.756022,False
2013-09-28,23.7,18.2,25.312581,19.256774,31.5,-1.612581,False
2013-09-29,26.4,16.9,25.093333,19.102688,31.21,1.306667,False
2013-09-30,31.1,18.0,24.894946,18.959785,31.1,6.205054,False
2013-10-01,27.6,19.6,24.676344,18.797742,31.0,2.923656,False
2013-10-02,26.0,19.9,24.430323,18.619892,30.71,1.569677,False
2013-10-03,22.2,18.9,24.222581,18.46,30.6,-2.022581,False
2013-10-04,21.8,18.7,24.027312,18.302473,30.5,-2.227312,False
2013-10-05,21.9,17.7,23.849032,18.158387,30.3,-1.949032,False
2013-10-06,27.1,17.8,23.66957,18.019032,30.1,3.43043,False
2013-10-07,27.6,18.3,23.477957,17.878925,29.81,4.122043,False
2013-10-08,29.1,16.4,23.303763,17.73172,29.61,5.796237,False
2013-10-09,31.4,16.1,23.119785,17.575591,29.41,8.280215,False
2013-10-10,30.7,16.9,22.927634,17.423763,29.1,7.772366,False
2013-10-11,32.3,16.0,22.746774,17.276667,28.9,9.553226,False
2013-10-12,32.9,18.1,22.560753,17.116667,28.7,10.339247,False
2013-10-13,32.4,19.6,22.379032,16.952366,28.6,10.020968,False
2013-10-14,30.6,17.7,22.18172,16.785269,28.4,8.41828,False
2013-10-15,18.2,15.9,21.961828,16.600753,28.2,-3.761828,False
2013-10-16,15.9,14.0,21.729677,16.420108,27.7,-5.829677,False
2013-10-17,15.9,14.4,21.545484,16.239247,27.5,-5.645484,False
2013-10-18,16.6,14.8,21.375699,16.066344,27.0,-4.775699,False
2013-10-19,19.2,15.1,21.281183,15.907742,26.9,-2.081183,False
2013-10-20,17.9,15.4,21.20129,15.757634,26.6,-3.30129,False
2013-10-21,18.9,16.2,21.097097,15.628817,26.31,-2.197097,False
2013-10-22,19.6,15.0,20.980215,15.506559,26.0,-1.380215,False
2013-10-23,22.7,14.6,20.849462,15.369677,25.71,1.850538,False
2013-10-24,25.3,11.7,20.703548,15.227957,25.4,4.596452,False
2013-10-25,26.8,12.9,20.571828,15.085806,25.2,6.228172,False
2013-10-26,22.3,15.8,20.450215,14.939677,24.9,1.849785,False
2013-10-27,18.6,14.8,20.327527,14.799032,24.7,-1.727527,False
2013-10-28,16.7,15.1,20.207419,14.65828,24.6,-3.507419,False
2013-10-29,16.1,15.4,20.115269,14.53,24.6,-4.015269,False
2013-10-30,16.7,14.4,20.004409,14.390538,24.41,-3.304409,False
2013-10-31,18.8,15.3,19.867527,14.255054,24.4,-1.067527,False
2013-11-01,18.5,14.8,19.71828,14.106344,24.3,-1.21828,False
2013-11-02,19.7,15.4,19.572151,13.958925,24.1,0.127849,False
2013-11-03,16.7,15.6,19.390538,13.790108,23.91,-2.690538,False
2013-11-04,19.1,15.3,19.188495,13.620108,23.71,-0.088495,False
2013-11-05,16.3,14.0,18.987204,13.452688,23.51,-2.687204,False
2013-11-06,19.7,15.3,18.803871,13.281828,23.4,0.896129,False
2013-11-07,18.7,15.0,18.635269,13.104516,23.3,0.064731,False
2013-11-08,19.7,15.7,18.443871,12.935806,23.1,1.256129,False
2013-11-09,20.9,16.7,18.252366,12.759677,23.0,2.647634,False
2013-11-10,18.2,14.8,18.09129,12.593763,22.9,0.10871,False
2013-11-11,15.2,13.8,17.930538,12.427097,22.9,-2.730538,False
2013-11-12,15.0,12.8,17.757742,12.261828,22.8,-2.757742,False
2013-11-13,15.1,13.3,17.592688,12.113871,22.7,-2.492688,False
2013-11-14,17.9,12.5,17.432581,11.971075,22.6,0.467419,False
2013-11-15,17.4,12.9,17.26043,11.838925,22.5,0.13957,False
2013-11-16,18.5,9.5,17.063656,11.696882,22.4,1.436344,False
2013-11-17,18.7,9.2,16.886344,11.563763,22.2,1.813656,False
2013-11-18,17.3,11.4,16.692688,11.422366,22.0,0.607312,False
2013-11-19,18.9,12.4,16.474839,11.272903,21.8,2.425161,False
2013-11-20,16.9,13.5,16.224194,11.121505,21.6,0.675806,False
2013-11-21,16.9,13.7,15.999677,10.944516,21.3,0.900323,False
2013-11-22,16.4,14.0,15.767419,10.748817,21.0,0.632581,False
2013-11-23,15.9,8.6,15.536559,10.572366,20.4,0.363441,False
2013-11-24,15.1,6.4,15.328817,10.401183,20.0,-0.228817,False
2013-11-25,15.5,7.4,15.091828,10.239785,19.61,0.408172,False
2013-11-26,14.7,11.5,14.854516,10.072366,19.1,-0.154516,False
2013-11-27,13.2,8.2,14.624624,9.890753,18.91,-1.424624,False
2013-11-28,15.6,7.9,14.43,9.724516,18.6,1.17,False
2013-11-29,15.0,8.6,14.207634,9.563333,18.4,0.792366,False
2013-11-30,15.9,6.9,13.97957,9.402581,18.2,1.92043,False
2013-12-01,17.6,5.6,13.793118,9.216559,17.9,3.806882,False
2013-12-02,17.9,6.3,13.63086,9.051935,17.7,4.26914,False
2013-12-03,16.7,7.2,13.456022,8.900968,17.4,3.243978,False
2013-12-04,18.1,8.8,13.309892,8.745054,17.2,4.790108,False
2013-12-05,14.7,10.5,13.189462,8.603871,17.0,1.510538,False
2013-12-06,17.0,7.5,13.079677,8.447957,16.8,3.920323,False
2013-12-07,16.1,7.8,12.94957,8.302581,16.6,3.15043,False
2013-12-08,12.6,10.9,12.800753,8.175054,16.3,-0.200753,False
2013-12-09,12.4,10.0,12.678387,8.050645,16.11,-0.278387,False
2013-12-10,11.3,9.6,12.540645,7.939677,16.0,-1.240645,False
2013-12-11,12.4,8.5,12.396344,7.814839,15.8,0.003656,False
2013-12-12,13.7,7.4,12.239677,7.681505,15.5,1.460323,False
2013-12-13,14.1,7.9,12.104516,7.546882,15.4,1.995484,False
2013-12-14,10.8,8.4,11.955054,7.416774,15.3,-1.155054,False
2013-12-15,9.6,7.1,11.820215,7.287097,15.1,-2.220215,False
2013-12-16,12.1,4.1,11.690645,7.149677,14.9,0.409355,False
2013-12-17,11.6,2.6,11.573656,7.028925,14.71,0.026344,False
2013-12-18,9.8,2.6,11.459677,6.920323,14.6,-1.659677,False
2013-12-19,10.5,3.0,11.352688,6.822151,14.4,-0.852688,False
2013-12-20,9.8,4.2,11.252796,6.741398,14.3,-1.452796,False
2013-12-21,10.1,2.2,11.180323,6.653011,14.2,-1.080323,False
2013-12-22,9.9,2.4,11.091935,6.589677,14.1,-1.191935,False
2013-12-23,10.3,7.3,11.00871,6.537957,13.9,-0.70871,False
2013-12-24,10.1,7.6,10.932043,6.464946,13.81,-0.832043,False
2013-12-25,9.5,7.2,10.845591,6.385161,13.7,-1.345591,False
2013-12-26,8.7,6.9,10.783656,6.294946,13.5,-2.083656,False
2013-12-27,9.9,6.2,10.726129,6.23129,13.41,-0.826129,False
2013-12-28,9.4,6.1,10.678925,6.175269,13.4,-1.278925,False
2013-12-29,9.0,4.6,10.622581,6.097634,13.3,-1.622581,False
2013-12-30,10.0,3.5,10.58086,6.037419,13.3,-0.58086,False
2013-12-31,9.2,2.9,10.557419,5.989355,13.2,-1.357419,False
2014-01-01,7.7,3.5,10.531398,5.955806,13.2,-2.831398,False
2014-01-02,8.7,5.9,10.490968,5.933441,13.2,-1.790968,False
2014-01-03,13.3,3.8,10.449677,5.900323,13.2,2.850323,False
2014-01-04,14.2,3.7,10.397097,5.880108,13.1,3.802903,False
2014-01-05,9.1,7.0,10.357419,5.856022,13.1,-1.257419,False
2014-01-06,9.8,7.4,10.316774,5.836022,13.1,-0.516774,False
2014-01-07,10.4,5.7,10.296774,5.791613,13.2,0.103226,False
2014-01-08,8.6,6.5,10.280538,5.771398,13.2,-1.680538,False
2014-01-09,9.9,6.5,10.244624,5.745591,13.2,-0.344624,False
2014-01-10,7.8,6.6,10.239355,5.709462,13.2,-2.439355,False
2014-01-11,9.0,7.2,10.222581,5.679462,13.3,-1.222581,False
2014-01-12,10.8,5.5,10.253118,5.646774,13.31,0.546882,False
2014-01-13,11.4,1.1,10.280323,5.639462,13.4,1.119677,False
2014-01-14,11.9,1.4,10.333226,5.621828,13.5,1.566774,False
2014-01-15,10.5,7.0,10.382366,5.611075,13.61,0.117634,False
2014-01-16,9.7,4.8,10.413871,5.635591,13.8,-0.713871,False
2014-01-17,12.6,2.6,10.446452,5.647634,13.9,2.153548,False
2014-01-18,15.4,2.9,10.468065,5.657527,13.9,4.931935,False
2014-01-19,10.5,5.2,10.492043,5.669462,14.0,0.007957,False
2014-01-20,15.1,1.2,10.559462,5.676129,14.2,4.540538,False
2014-01-21,17.2,1.4,10.650753,5.699032,14.4,6.549247,False
2014-01-22,18.2,2.2,10.740323,5.731828,14.51,7.459677,False
2014-01-23,17.9,4.0,10.840215,5.76957,14.7,7.059785,False
2014-01-24,16.2,5.0,10.928387,5.823226,14.9,5.271613,False
2014-01-25,17.8,6.8,11.005914,5.880538,15.2,6.794086,False
2014-01-26,11.9,4.3,11.101183,5.932151,15.5,0.798817,False
2014-01-27,13.4,5.0,11.203978,5.985161,15.7,2.196022,False
2014-01-28,11.4,7.3,11.302688,6.039785,15.9,0.097312,False
2014-01-29,13.9,6.6,11.404624,6.109032,16.1,2.495376,False
2014-01-30,13.9,6.7,11.502581,6.170538,16.2,2.397419,False
2014-01-31,14.8,8.2,11.607419,6.230538,16.3,3.192581,False
2014-02-01,14.2,9.5,11.711398,6.290108,16.5,2.488602,False
2014-02-02,16.3,9.2,11.795376,6.343763,16.6,4.504624,False
2014-02-03,15.3,9.5,11.896559,6.408065,16.7,3.403441,False
2014-02-04,18.2,11.5,12.0,6.472903,16.81,6.2,False
2014-02-05,13.9,8.5,12.109462,6.547527,17.0,1.790538,False
2014-02-06,9.8,6.7,12.214516,6.631398,17.1,-2.414516,False
2014-02-07,7.9,5.1,12.305376,6.732258,17.11,-4.405376,False
2014-02-08,7.7,6.5,12.415054,6.811935,17.2,-4.715054,False
2014-02-09,6.6,3.1,12.553656,6.913871,17.4,-5.953656,False
2014-02-10,7.0,3.3,12.684946,7.035914,17.5,-5.684946,False
2014-02-11,7.8,3.5,12.823763,7.156667,17.7,-5.023763,False
2014-02-12,6.1,1.9,12.940538,7.29129,17.9,-6.840538,False
2014-02-13,9.6,2.7,13.062258,7.40043,18.2,-3.462258,False
2014-02-14,10.8,4.6,13.207634,7.52043,18.41,-2.407634,False
2014-02-15,9.3,5.4,13.328172,7.639247,18.61,-4.028172,False
2014-02-16,9.7,6.0,13.475591,7.718065,18.81,-3.775591,False
2014-02-17,8.4,6.0,13.65043,7.793871,19.1,-5.25043,False
2014-02-18,9.2,3.9,13.819677,7.911613,19.2,-4.619677,False
2014-02-19,13.0,3.1,13.98086,8.026344,19.3,-0.98086,False
2014-02-20,14.8,3.8,14.112903,8.141828,19.4,0.687097,False
2014-02-21,13.9,8.6,14.218817,8.23914,19.51,-0.318817,False
2014-02-22,14.1,9.7,14.32914,8.310323,19.7,-0.22914,False
2014-02-23,11.5,9.2,14.452581,8.406882,19.81,-2.952581,False
2014-02-24,11.8,9.5,14.584301,8.511613,20.1,-2.784301,False
2014-02-25,15.7,10.1,14.741613,8.615161,20.21,0.958387,False
2014-02-26,14.0,11.0,14.878495,8.736022,20.5,-0.878495,False
2014-02-27,12.8,10.9,15.007742,8.846882,20.8,-2.207742,False
2014-02-28,12.5,10.8,15.140968,8.973333,20.9,-2.640968,False
2014-03-01,13.3,10.2,15.284194,9.08914,21.0,-1.984194,False
2014-03-02,11.9,8.9,15.464301,9.185699,21.5,-3.564301,False
2014-03-03,13.5,9.0,15.657849,9.316129,22.01,-2.157849,False
2014-03-04,15.4,8.1,15.843441,9.445161,22.41,-0.443441,False
2014-03-05,15.7,10.0,16.049032,9.578602,22.71,-0.349032,False
2014-03-06,14.4,10.0,16.247419,9.706344,22.91,-1.847419,False
2014-03-07,13.0,8.7,16.402903,9.832043,23.1,-3.402903,False
2014-03-08,14.9,9.5,16.513978,9.936237,23.2,-1.613978,False
2014-03-09,18.1,10.3,16.626129,10.040538,23.4,1.473871,False
2014-03-10,21.0,11.9,16.775054,10.15172,23.5,4.224946,False
2014-03-11,20.9,13.8,16.966882,10.280645,23.7,3.933118,False
2014-03-12,20.8,14.0,17.127849,10.397742,23.71,3.672151,False
2014-03-13,14.0,11.1,17.291828,10.504946,23.91,-3.291828,False
2014-03-14,15.9,9.3,17.490215,10.63129,24.1,-1.590215,False
2014-03-15,17.8,8.2,17.692366,10.783333,24.3,0.107634,False
2014-03-16,24.7,9.1,17.895914,10.949355,24.6,6.804086,False
2014-03-17,25.6,11.1,18.066667,11.096989,24.71,7.533333,False
2014-03-18,27.1,17.6,18.238602,11.237419,24.81,8.861398,False
2014-03-19,27.2,15.2,18.404516,11.412581,25.3,8.795484,False
2014-03-20,14.9,10.4,18.554194,11.583763,25.51,-3.654194,False
2014-03-21,14.4,10.6,18.685054,11.695699,25.6,-4.285054,False
2014-03-22,14.0,11.1,18.86,11.817742,25.9,-4.86,False
2014-03-23,14.0,11.5,19.047204,11.972258,26.1,-5.047204,False
2014-03-24,12.4,9.6,19.22957,12.143978,26.11,-6.82957,False
2014-03-25,19.5,10.2,19.396237,12.312903,26.2,0.103763,False
2014-03-26,23.6,12.3,19.510323,12.453978,26.3,4.089677,False
2014-03-27,20.8,15.3,19.627312,12.57828,26.4,1.172688,False
2014-03-28,18.2,13.4,19.76172,12.698495,26.5,-1.56172,False
2014-03-29,25.6,13.6,19.892043,12.79129,26.8,5.707957,False
2014-03-30,19.1,15.3,20.033226,12.909892,27.0,-0.933226,False
2014-03-31,16.7,14.0,20.223548,13.032043,27.2,-3.523548,False
2014-04-01,15.6,12.1,20.439247,13.179032,27.51,-4.839247,False
2014-04-02,21.7,13.5,20.643333,13.354731,27.81,1.056667,False
2014-04-03,21.9,14.6,20.817097,13.514624,28.11,1.082903,False
2014-04-04,20.6,14.9,21.004086,13.687204,28.3,-0.404086,False
2014-04-05,15.6,14.3,21.162796,13.848817,28.4,-5.562796,False
2014-04-06,20.9,14.4,21.317527,13.995054,28.5,-0.417527,False
2014-04-07,22.5,14.7,21.526559,14.166452,28.71,0.973441,False
2014-04-08,26.0,15.9,21.752581,14.348387,29.0,4.247419,False
2014-04-09,25.4,17.8,21.951398,14.521828,29.01,3.448602,False
2014-04-10,22.1,18.6,22.103333,14.683226,29.1,-0.003333,False
2014-04-11,22.0,18.9,22.245161,14.830538,29.2,-0.245161,False
2014-04-12,27.8,18.9,22.436237,14.988387,29.4,5.363763,False
2014-04-13,24.9,18.5,22.63871,15.160968,29.61,2.26129,False
2014-04-14,26.2,18.3,22.844946,15.325269,29.72,3.355054,False
2014-04-15,26.2,19.1,23.052903,15.472366,30.1,3.147097,False
2014-04-16,28.3,19.2,23.249462,15.607957,30.3,5.050538,False
2014-04-17,30.3,21.0,23.416022,15.755591,30.4,6.883978,False
2014-04-18,28.0,19.2,23.559462,15.902473,30.4,4.440538,False
2014-04-19,22.8,18.4,23.715914,16.036989,30.5,-0.915914,False
2014-04-20,18.4,16.0,23.876989,16.173871,30.6,-5.476989,False
2014-04-21,20.1,15.9,24.061613,16.342151,30.7,-3.961613,False
2014-04-22,22.9,16.9,24.187527,16.507419,30.8,-1.287527,False
2014-04-23,23.2,17.4,24.275591,16.632688,30.9,-1.075591,False
2014-04-24,24.5,18.4,24.390968,16.73957,30.9,0.109032,False
2014-04-25,21.5,16.3,24.554731,16.870323,31.0,-3.054731,False
2014-04-26,19.7,14.7,24.738817,17.014624,31.11,-5.038817,False
2014-04-27,21.7,16.2,24.925699,17.162581,31.5,-3.225699,False
2014-04-28,18.7,15.0,25.074194,17.314301,31.51,-6.374194,False
2014-04-29,22.7,13.3,25.20043,17.487312,31.6,-2.50043,False
2014-04-30,28.8,14.6,25.322581,17.623333,31.61,3.477419,False
2014-05-01,30.6,17.6,25.40828,17.746882,31.71,5.19172,False
2014-05-02,20.3,16.5,25.473656,17.863871,31.81,-5.173656,False
2014-05-03,16.8,15.3,25.537419,17.964624,31.9,-8.737419,False
2014-05-04,19.8,15.7,25.628387,18.070968,32.0,-5.828387,False
2014-05-05,24.0,11.3,25.694194,18.166237,32.1,-1.694194,False
2014-05-06,25.5,15.0,25.762903,18.243656,32.2,-0.262903,False
2014-05-07,28.0,18.3,25.814731,18.337312,32.3,2.185269,False
2014-05-08,22.3,18.4,25.896344,18.431183,32.31,-3.596344,False
2014-05-09,21.9,18.2,25.955914,18.517312,32.4,-4.055914,False
2014-05-10,21.1,17.6,26.055591,18.615699,32.4,-4.955591,False
2014-05-11,26.2,17.9,26.166452,18.728925,32.4,0.033548,False
2014-05-12,25.1,18.4,26.227849,18.832151,32.4,-1.127849,False
2014-05-13,21.9,18.1,26.269247,18.919892,32.4,-4.369247,False
2014-05-14,23.9,16.9,26.290645,19.001183,32.4,-2.390645,False
2014-05-15,18.8,16.0,26.297634,19.073871,32.4,-7.497634,False
2014-05-16,20.7,16.3,26.296129,19.148065,32.3,-5.596129,False
2014-05-17,25.6,17.5,26.297204,19.231828,32.3,-0.697204,False
2014-05-18,28.0,19.9,26.341613,19.313441,32.21,1.658387,False
2014-05-19,28.3,19.4,26.416129,19.394946,32.21,1.883871,False
2014-05-20,25.8,18.5,26.505269,19.497849,32.4,-0.705269,False
2014-05-21,22.1,18.6,26.583118,19.608602,32.4,-4.483118,False
2014-05-22,24.7,20.6,26.637634,19.710753,32.4,-1.937634,False
2014-05-23,25.2,21.7,26.705699,19.800753,32.41,-1.505699,False
2014-05-24,27.0,22.0,26.793763,19.897742,32.41,0.206237,False
2014-05-25,23.6,17.2,26.847204,20.006882,32.6,-3.247204,False
2014-05-26,21.8,17.2,26.87914,20.106344,32.51,-5.07914,False
2014-05-27,23.7,18.4,26.921398,20.191613,32.51,-3.221398,False
2014-05-28,26.9,19.5,26.962581,20.276559,32.4,-0.062581,False
2014-05-29,26.5,20.5,27.02086,20.366344,32.6,-0.52086,False
2014-05-30,28.5,22.5,27.151828,20.465484,32.6,1.348172,False
2014-05-31,29.1,22.7,27.270323,20.586667,32.7,1.829677,False
2014-06-01,33.1,23.5,27.358495,20.710108,32.71,5.741505,False
2014-06-02,33.2,23.7,27.453118,20.823441,32.9,5.746882,False
2014-06-03,29.9,23.4,27.540645,20.943441,32.9,2.359355,False
2014-06-04,27.0,22.9,27.578817,21.043011,32.9,-0.578817,False
2014-06-05,25.6,22.5,27.612688,21.140968,32.9,-2.012688,False
2014-06-06,27.1,22.6,27.707634,21.264086,32.9,-0.607634,False
2014-06-07,29.4,23.4,27.81914,21.381398,32.81,1.58086,False
2014-06-08,26.4,22.5,27.88871,21.487527,32.8,-1.48871,False
2014-06-09,23.8,21.9,28.00828,21.586882,32.9,-4.20828,False
2014-06-10,25.9,21.3,28.106237,21.701183,33.0,-2.206237,False
2014-06-11,27.7,21.3,28.225054,21.829892,33.2,-0.525054,False
2014-06-12,24.3,19.6,28.365806,21.963871,33.4,-4.065806,False
2014-06-13,21.8,19.4,28.508495,22.105591,33.5,-6.708495,False
2014-06-14,22.2,19.5,28.620645,22.230753,33.7,-6.420645,False
2014-06-15,25.0,20.9,28.703441,22.354194,33.8,-3.703441,False
2014-06-16,26.4,20.7,28.806882,22.470645,34.0,-2.406882,False
2014-06-17,32.4,22.7,28.922796,22.592473,34.1,3.477204,False
2014-06-18,35.6,25.6,29.007527,22.703226,34.2,6.592473,False
2014-06-19,29.6,23.3,29.079785,22.810538,34.3,0.520215,False
2014-06-20,23.4,20.4,29.12914,22.898065,34.3,-5.72914,False
2014-06-21,23.9,20.5,29.214516,22.993978,34.3,-5.314516,False
2014-06-22,24.9,21.4,29.329785,23.079677,34.4,-4.429785,False
2014-06-23,23.0,20.5,29.45914,23.185161,34.6,-6.45914,False
2014-06-24,23.9,20.8,29.589677,23.290538,34.7,-5.689677,False
2014-06-25,24.7,21.1,29.742581,23.395161,34.71,-5.042581,False
2014-06-26,27.1,22.4,29.877527,23.493226,34.81,-2.777527,False
2014-06-27,29.1,23.9,30.011935,23.599677,35.0,-0.911935,False
2014-06-28,27.7,22.3,30.165269,23.72086,35.0,-2.465269,False
2014-06-29,23.1,22.2,30.32172,23.84086,35.3,-7.22172,False
2014-06-30,25.7,21.2,30.428065,23.94043,35.31,-4.728065,False
2014-07-01,24.4,21.3,30.529032,24.03828,35.4,-6.129032,False
2014-07-02,29.6,21.9,30.659355,24.132151,35.5,-1.059355,False
2014-07-03,24.8,22.8,30.783978,24.222258,35.6,-5.983978,False
2014-07-04,30.5,22.8,30.886344,24.304194,35.7,-0.386344,False
2014-07-05,33.2,24.9,31.033226,24.406882,35.8,2.166774,False
2014-07-06,32.4,25.2,31.204086,24.514301,35.9,1.195914,False
2014-07-07,32.9,25.6,31.322258,24.597312,36.0,1.577742,False
2014-07-08,36.4,27.5,31.47129,24.690323,36.1,4.92871,False
2014-07-09,37.4,27.9,31.640753,24.787419,36.2,5.759247,False
2014-07-10,32.7,23.7,31.807849,24.89914,36.4,0.892151,False
2014-07-11,30.6,24.3,31.996237,25.009032,36.6,-1.396237,False
2014-07-12,26.7,24.1,32.177204,25.109677,36.8,-5.477204,False
2014-07-13,31.7,24.4,32.34,25.19871,36.9,-0.64,False
2014-07-14,25.8,22.6,32.449677,25.255161,37.0,-6.649677,False
2014-07-15,27.2,22.4,32.573118,25.321613,37.0,-5.373118,False
2014-07-16,31.2,23.8,32.719247,25.386559,37.1,-1.519247,False
2014-07-17,33.7,25.6,32.815054,25.433656,37.2,0.884946,False
2014-07-18,33.4,26.0,32.891183,25.473763,37.3,0.508817,False
2014-07-19,34.2,26.7,33.009247,25.524409,37.4,1.190753,False
2014-07-20,33.9,26.2,33.152043,25.586559,37.4,0.747957,False
2014-07-21,37.0,26.6,33.286774,25.656344,37.5,3.713226,False
2014-07-22,37.5,27.2,33.393226,25.716559,37.5,4.106774,False
2014-07-23,38.6,26.9,33.494301,25.757204,37.6,5.105699,False
2014-07-24,31.4,25.2,33.548065,25.793656,37.61,-2.148065,False
2014-07-25,36.4,25.3,33.607097,25.829785,37.8,2.792903,False
2014-07-26,36.9,26.5,33.653548,25.86957,37.9,3.246452,False
2014-07-27,36.9,26.8,33.69,25.895914,38.0,3.21,False
2014-07-28,37.2,27.2,33.732581,25.905054,38.2,3.467419,False
2014-07-29,38.3,28.4,33.758925,25.914624,38.21,4.541075,False
2014-07-30,38.3,29.5,33.807527,25.921075,38.3,4.492473,False
2014-07-31,36.5,26.1,33.844194,25.927097,38.3,2.655806,False
2014-08-01,33.4,26.1,33.874086,25.921398,38.31,-0.474086,False
2014-08-02,35.2,26.7,33.893656,25.908495,38.4,1.306344,False
2014-08-03,36.9,27.1,33.891505,25.909462,38.4,3.008495,False
2014-08-04,36.9,26.7,33.916882,25.901183,38.4,2.983118,False
2014-08-05,38.4,28.6,33.883978,25.859785,38.4,4.516022,False
2014-08-06,39.8,29.7,33.842903,25.807419,38.4,5.957097,False
2014-08-07,38.4,28.0,33.810108,25.770538,38.4,4.589892,False
2014-08-08,37.2,28.0,33.783871,25.73129,38.41,3.416129,False
2014-08-09,32.8,24.3,33.734731,25.677204,38.4,-0.934731,False
2014-08-10,31.6,25.1,33.647634,25.626774,38.4,-2.047634,False
2014-08-11,26.3,23.1,33.550538,25.553333,38.4,-7.250538,False
2014-08-12,24.7,21.5,33.433441,25.474516,38.4,-8.733441,False
2014-08-13,30.7,22.3,33.29828,25.392258,38.4,-2.59828,False
2014-08-14,33.9,24.6,33.196452,25.323118,38.4,0.703548,False
2014-08-15,33.4,25.4,33.134624,25.250753,38.41,0.265376,False
2014-08-16,29.9,24.7,33.042688,25.17043,38.51,-3.142688,False
2014-08-17,26.1,23.8,32.971935,25.089462,38.6,-6.871935,False
2014-08-18,30.8,23.4,32.877957,24.997097,38.6,-2.077957,False
2014-08-19,32.0,23.4,32.75086,24.912796,38.6,-0.75086,False
2014-08-20,33.4,22.2,32.632903,24.820753,38.6,0.767097,False
2014-08-21,32.7,23.4,32.507527,24.709892,38.61,0.192473,False
2014-08-22,23.9,20.8,32.359785,24.581828,38.6,-8.459785,False
2014-08-23,23.9,20.9,32.200753,24.468602,38.51,-8.300753,False
2014-08-24,28.2,22.1,32.058065,24.356667,38.5,-3.858065,False
2014-08-25,30.8,23.2,31.909032,24.238817,38.4,-1.109032,False
2014-08-26,26.7,22.0,31.744946,24.1,38.31,-5.044946,False
2014-08-27,24.3,21.6,31.612043,23.982796,38.1,-7.312043,False
2014-08-28,26.7,22.8,31.45957,23.861075,37.81,-4.75957,False
2014-08-29,30.7,23.5,31.298817,23.72172,37.8,-0.598817,False
2014-08-30,33.2,24.4,31.084624,23.573333,37.61,2.115376,False
2014-08-31,30.2,23.6,30.898602,23.440753,37.6,-0.698602,False
2014-09-01,28.0,22.1,30.753548,23.322796,37.5,-2.753548,False
2014-09-02,27.1,21.4,30.581183,23.203226,37.4,-3.481183,False
2014-09-03,28.0,21.4,30.387742,23.06172,37.31,-2.387742,False
2014-09-04,23.5,20.7,30.173871,22.908065,37.21,-6.673871,False
2014-09-05,28.8,22.3,29.986989,22.757527,36.91,-1.186989,False
2014-09-06,30.3,23.6,29.808495,22.61086,36.81,0.491505,False
2014-09-07,29.3,24.2,29.632796,22.46871,36.8,-0.332796,False
2014-09-08,32.8,25.1,29.436774,22.325161,36.5,3.363226,False
2014-09-09,32.1,25.3,29.224409,22.175699,36.2,2.875591,False
2014-09-10,34.4,25.9,29.017204,22.02086,36.0,5.382796,False
2014-09-11,34.2,26.5,28.806667,21.882796,35.7,5.393333,False
2014-09-12,31.6,24.9,28.587527,21.732473,35.4,3.012473,False
2014-09-13,29.7,24.2,28.394839,21.59086,35.11,1.305161,False
2014-09-14,27.0,20.8,28.242581,21.454946,34.7,-1.242581,False
2014-09-15,23.2,21.0,28.083548,21.318817,34.4,-4.883548,False
2014-09-16,25.5,21.8,27.882903,21.177634,34.2,-2.382903,False
2014-09-17,22.5,20.4,27.687419,21.031828,33.9,-5.187419,False
2014-09-18,21.5,20.2,27.451183,20.872581,33.71,-5.951183,False
2014-09-19,24.6,20.2,27.215806,20.696989,33.6,-2.615806,False
2014-09-20,29.7,19.7,26.974946,20.507527,33.32,2.725054,False
2014-09-21,31.4,17.6,26.748172,20.326667,33.01,4.651828,False
2014-09-22,30.0,20.0,26.546022,20.165054,32.9,3.453978,False
2014-09-23,26.3,19.5,26.350108,20.016667,32.7,-0.050108,False
2014-09-24,25.1,19.0,26.170108,19.863871,32.51,-1.070108,False
2014-09-25,28.1,20.5,25.973226,19.707849,32.3,2.126774,False
2014-09-26,25.6,21.1,25.783548,19.564194,32.2,-0.183548,False
2014-09-27,24.1,21.1,25.556022,19.414624,31.8,-1.456022,False
2014-09-28,26.8,21.4,25.312581,19.256774,31.5,1.487419,False
2014-09-29,29.0,21.5,25.093333,19.102688,31.21,3.906667,False
2014-09-30,28.3,21.3,24.894946,18.959785,31.1,3.405054,False
2014-10-01,23.6,20.0,24.676344,18.797742,31.0,-1.076344,False
2014-10-02,27.1,19.7,24.430323,18.619892,30.71,2.669677,False
2014-10-03,28.4,20.5,24.222581,18.46,30.6,4.177419,False
2014-10-04,23.5,17.3,24.027312,18.302473,30.5,-0.527312,False
2014-10-05,27.6,17.8,23.849032,18.158387,30.3,3.750968,False
2014-10-06,29.5,17.4,23.66957,18.019032,30.1,5.83043,False
2014-10-07,29.0,16.5,23.477957,17.878925,29.81,5.522043,False
2014-10-08,28.4,17.6,23.303763,17.73172,29.61,5.096237,False
2014-10-09,28.9,19.4,23.119785,17.575591,29.41,5.780215,False
2014-10-10,27.7,17.8,22.927634,17.423763,29.1,4.772366,False
2014-10-11,27.9,16.1,22.746774,17.276667,28.9,5.153226,False
2014-10-12,18.1,14.6,22.560753,17.116667,28.7,-4.460753,False
2014-10-13,15.7,14.5,22.379032,16.952366,28.6,-6.679032,False
2014-10-14,18.5,15.4,22.18172,16.785269,28.4,-3.68172,False
2014-10-15,19.0,16.1,21.961828,16.600753,28.2,-2.961828,False
2014-10-16,16.8,16.1,21.729677,16.420108,27.7,-4.929677,False
2014-10-17,17.0,15.9,21.545484,16.239247,27.5,-4.545484,False
2014-10-18,19.2,16.4,21.375699,16.066344,27.0,-2.175699,False
2014-10-19,19.5,17.2,21.281183,15.907742,26.9,-1.781183,False
2014-10-20,22.4,16.0,21.20129,15.757634,26.6,1.19871,False
2014-10-21,25.3,14.9,21.097097,15.628817,26.31,4.202903,False
2014-10-22,25.8,15.8,20.980215,15.506559,26.0,4.819785,False
2014-10-23,23.4,14.3,20.849462,15.369677,25.71,2.550538,False
2014-10-24,24.5,14.5,20.703548,15.227957,25.4,3.796452,False
2014-10-25,25.9,17.4,20.571828,15.085806,25.2,5.328172,False
2014-10-26,26.6,18.1,20.450215,14.939677,24.9,6.149785,False
2014-10-27,25.8,19.5,20.327527,14.799032,24.7,5.472473,False
2014-10-28,19.9,18.8,20.207419,14.65828,24.6,-0.307419,False
2014-10-29,20.9,17.9,20.115269,14.53,24.6,0.784731,False
2014-10-30,22.2,17.4,20.004409,14.390538,24.41,2.195591,False
2014-10-31,21.8,17.5,19.867527,14.255054,24.4,1.932473,False
2014-11-01,19.1,12.3,19.71828,14.106344,24.3,-0.61828,False
2014-11-02,14.1,11.4,19.572151,13.958925,24.1,-5.472151,False
2014-11-03,17.1,10.3,19.390538,13.790108,23.91,-2.290538,False
2014-11-04,17.3,11.3,19.188495,13.620108,23.71,-1.888495,False
2014-11-05,19.7,11.3,18.987204,13.452688,23.51,0.712796,False
2014-11-06,18.6,12.9,18.803871,13.281828,23.4,-0.203871,False
2014-11-07,14.4,12.3,18.635269,13.104516,23.3,-4.235269,False
2014-11-08,18.3,12.8,18.443871,12.935806,23.1,-0.143871,False
2014-11-09,15.0,13.3,18.252366,12.759677,23.0,-3.252366,False
2014-11-10,14.4,13.0,18.09129,12.593763,22.9,-3.69129,False
2014-11-11,16.8,13.4,17.930538,12.427097,22.9,-1.130538,False
2014-11-12,15.3,13.2,17.757742,12.261828,22.8,-2.457742,False
2014-11-13,15.7,9.1,17.592688,12.113871,22.7,-1.892688,False
2014-11-14,17.5,9.8,17.432581,11.971075,22.6,0.067419,False
2014-11-15,14.5,13.2,17.26043,11.838925,22.5,-2.76043,False
2014-11-16,14.6,12.4,17.063656,11.696882,22.4,-2.463656,False
2014-11-17,13.7,11.2,16.886344,11.563763,22.2,-3.186344,False
2014-11-18,14.1,10.1,16.692688,11.422366,22.0,-2.592688,False
2014-11-19,17.0,9.4,16.474839,11.272903,21.8,0.525161,False
2014-11-20,15.0,10.4,16.224194,11.121505,21.6,-1.224194,False
2014-11-21,13.8,12.4,15.999677,10.944516,21.3,-2.199677,False
2014-11-22,14.7,12.7,15.767419,10.748817,21.0,-1.067419,False
2014-11-23,14.3,13.2,15.536559,10.572366,20.4,-1.236559,False
2014-11-24,14.0,10.0,15.328817,10.401183,20.0,-1.328817,False
2014-11-25,16.2,10.7,15.091828,10.239785,19.61,1.108172,False
2014-11-26,16.1,11.5,14.854516,10.072366,19.1,1.245484,False
2014-11-27,16.8,13.2,14.624624,9.890753,18.91,2.175376,False
2014-11-28,17.1,13.5,14.43,9.724516,18.6,2.67,False
2014-11-29,16.2,13.5,14.207634,9.563333,18.4,1.992366,False
2014-11-30,17.8,13.0,13.97957,9.402581,18.2,3.82043,False
2014-12-01,13.4,11.5,13.793118,9.216559,17.9,-0.393118,False
2014-12-02,13.3,9.8,13.63086,9.051935,17.7,-0.33086,False
2014-12-03,12.8,11.4,13.456022,8.900968,17.4,-0.656022,False
2014-12-04,12.7,9.4,13.309892,8.745054,17.2,-0.609892,False
2014-12-05,15.8,9.6,13.189462,8.603871,17.0,2.610538,False
2014-12-06,12.7,8.4,13.079677,8.447957,16.8,-0.379677,False
2014-12-07,14.7,9.0,12.94957,8.302581,16.6,1.75043,False
2014-12-08,15.3,9.7,12.800753,8.175054,16.3,2.499247,False
2014-12-09,11.3,8.2,12.678387,8.050645,16.11,-1.378387,False
2014-12-10,8.6,6.5,12.540645,7.939677,16.0,-3.940645,False
2014-12-11,7.4,6.3,12.396344,7.814839,15.8,-4.996344,False
2014-12-12,9.7,3.6,12.239677,7.681505,15.5,-2.539677,False
2014-12-13,10.5,4.0,12.104516,7.546882,15.4,-1.604516,False
2014-12-14,10.9,8.2,11.955054,7.416774,15.3,-1.055054,False
2014-12-15,11.4,6.8,11.820215,7.287097,15.1,-0.420215,False
2014-12-16,6.9,3.5,11.690645,7.149677,14.9,-4.790645,False
2014-12-17,10.7,4.6,11.573656,7.028925,14.71,-0.873656,False
2014-12-18,9.5,3.7,11.459677,6.920323,14.6,-1.959677,False
2014-12-19,12.5,3.2,11.352688,6.822151,14.4,1.147312,False
2014-12-20,11.7,2.8,11.252796,6.741398,14.3,0.447204,False
2014-12-21,12.6,3.1,11.180323,6.653011,14.2,1.419677,False
2014-12-22,12.6,3.3,11.091935,6.589677,14.1,1.508065,False
2014-12-23,12.0,3.0,11.00871,6.537957,13.9,0.99129,False
2014-12-24,11.7,3.5,10.932043,6.464946,13.81,0.767957,False
2014-12-25,11.0,8.8,10.845591,6.385161,13.7,0.154409,False
2014-12-26,9.6,7.5,10.783656,6.294946,13.5,-1.183656,False
2014-12-27,9.4,6.2,10.726129,6.23129,13.41,-1.326129,False
2014-12-28,13.2,2.7,10.678925,6.175269,13.4,2.521075,False
2014-12-29,13.2,2.9,10.622581,6.097634,13.3,2.577419,False
2014-12-30,10.5,5.2,10.58086,6.037419,13.3,-0.08086,False
2014-12-31,11.3,6.1,10.557419,5.989355,13.2,0.742581,False
2015-01-01,9.8,8.0,10.531398,5.955806,13.2,-0.731398,False
2015-01-02,10.5,6.7,10.490968,5.933441,13.2,0.009032,False
2015-01-03,12.9,7.1,10.449677,5.900323,13.2,2.450323,False
2015-01-04,11.2,7.7,10.397097,5.880108,13.1,0.802903,False
2015-01-05,9.1,7.1,10.357419,5.856022,13.1,-1.257419,False
2015-01-06,12.0,6.0,10.316774,5.836022,13.1,1.683226,False
2015-01-07,12.1,6.2,10.296774,5.791613,13.2,1.803226,False
2015-01-08,8.8,7.8,10.280538,5.771398,13.2,-1.480538,False
2015-01-09,10.5,6.0,10.244624,5.745591,13.2,0.255376,False
2015-01-10,12.4,6.1,10.239355,5.709462,13.2,2.160645,False
2015-01-11,11.7,7.4,10.222581,5.679462,13.3,1.477419,False
2015-01-12,14.6,3.0,10.253118,5.646774,13.31,4.346882,False
2015-01-13,16.0,3.1,10.280323,5.639462,13.4,5.719677,False
2015-01-14,12.7,7.7,10.333226,5.621828,13.5,2.366774,False
2015-01-15,11.9,7.4,10.382366,5.611075,13.61,1.517634,False
2015-01-16,13.4,8.3,10.413871,5.635591,13.8,2.986129,False
2015-01-17,12.6,8.7,10.446452,5.647634,13.9,2.153548,False
2015-01-18,13.2,8.4,10.468065,5.657527,13.9,2.731935,False
2015-01-19,12.8,6.5,10.492043,5.669462,14.0,2.307957,False
2015-01-20,15.8,7.1,10.559462,5.676129,14.2,5.240538,False
2015-01-21,17.2,5.2,10.650753,5.699032,14.4,6.549247,False
2015-01-22,18.1,5.4,10.740323,5.731828,14.51,7.359677,False
2015-01-23,16.8,11.0,10.840215,5.76957,14.7,5.959785,False
2015-01-24,13.5,11.4,10.928387,5.823226,14.9,2.571613,False
2015-01-25,15.6,10.7,11.005914,5.880538,15.2,4.594086,False
2015-01-26,13.6,11.5,11.101183,5.932151,15.5,2.498817,False
2015-01-27,13.1,8.3,11.203978,5.985161,15.7,1.896022,False
2015-01-28,9.4,7.2,11.302688,6.039785,15.9,-1.902688,False
2015-01-29,7.3,5.1,11.404624,6.109032,16.1,-4.104624,False
2015-01-30,7.2,5.1,11.502581,6.170538,16.2,-4.302581,False
2015-01-31,7.1,5.0,11.607419,6.230538,16.3,-4.507419,False
2015-02-01,9.2,5.0,11.711398,6.290108,16.5,-2.511398,False
2015-02-02,11.2,6.5,11.795376,6.343763,16.6,-0.595376,False
2015-02-03,10.5,7.1,11.896559,6.408065,16.7,-1.396559,False
2015-02-04,10.9,7.4,12.0,6.472903,16.81,-1.1,False
2015-02-05,10.8,2.5,12.109462,6.547527,17.0,-1.309462,False
2015-02-06,13.4,2.9,12.214516,6.631398,17.1,1.185484,False
2015-02-07,12.7,7.2,12.305376,6.732258,17.11,0.394624,False
2015-02-08,11.5,7.9,12.415054,6.811935,17.2,-0.915054,False
2015-02-09,10.5,7.2,12.553656,6.913871,17.4,-2.053656,False
2015-02-10,11.7,6.0,12.684946,7.035914,17.5,-0.984946,False
2015-02-11,15.4,3.8,12.823763,7.156667,17.7,2.576237,False
2015-02-12,19.2,4.5,12.940538,7.29129,17.9,6.259462,False
2015-02-13,16.1,9.0,13.062258,7.40043,18.2,3.037742,False
2015-02-14,15.5,11.6,13.207634,7.52043,18.41,2.292366,False
2015-02-15,19.0,12.0,13.328172,7.639247,18.61,5.671828,False
2015-02-16,16.5,8.8,13.475591,7.718065,18.81,3.024409,False
2015-02-17,21.2,9.0,13.65043,7.793871,19.1,7.54957,False
2015-02-18,21.5,12.6,13.819677,7.911613,19.2,7.680323,False
2015-02-19,20.2,13.3,13.98086,8.026344,19.3,6.21914,False
2015-02-20,17.7,13.6,14.112903,8.141828,19.4,3.587097,False
2015-02-21,18.8,12.8,14.218817,8.23914,19.51,4.581183,False
2015-02-22,13.3,9.6,14.32914,8.310323,19.7,-1.02914,False
2015-02-23,13.3,9.8,14.452581,8.406882,19.81,-1.152581,False
2015-02-24,16.7,11.1,14.584301,8.511613,20.1,2.115699,False
2015-02-25,17.2,12.7,14.741613,8.615161,20.21,2.458387,False
2015-02-26,15.3,11.4,14.878495,8.736022,20.5,0.421505,False
2015-02-27,13.2,11.4,15.007742,8.846882,20.8,-1.807742,False
2015-02-28,11.6,7.9,15.140968,8.973333,20.9,-3.540968,False
2015-03-01,10.5,7.3,15.284194,9.08914,21.0,-4.784194,False
2015-03-02,12.4,8.2,15.464301,9.185699,21.5,-3.064301,False
2015-03-03,14.3,10.2,15.657849,9.316129,22.01,-1.357849,False
2015-03-04,12.8,8.1,15.843441,9.445161,22.41,-3.043441,False
2015-03-05,11.8,7.7,16.049032,9.578602,22.71,-4.249032,False
2015-03-06,14.6,7.7,16.247419,9.706344,22.91,-1.647419,False
2015-03-07,16.4,8.6,16.402903,9.832043,23.1,-0.002903,False
2015-03-08,20.5,8.5,16.513978,9.936237,23.2,3.986022,False
2015-03-09,17.9,10.7,16.626129,10.040538,23.4,1.273871,False
2015-03-10,17.0,10.3,16.775054,10.15172,23.5,0.224946,False
2015-03-11,16.9,7.9,16.966882,10.280645,23.7,-0.066882,False
2015-03-12,22.2,9.6,17.127849,10.397742,23.71,5.072151,False
2015-03-13,20.1,14.2,17.291828,10.504946,23.91,2.808172,False
2015-03-14,17.0,13.0,17.490215,10.63129,24.1,-0.490215,False
2015-03-15,22.1,13.7,17.692366,10.783333,24.3,4.407634,False
2015-03-16,21.2,14.8,17.895914,10.949355,24.6,3.304086,False
2015-03-17,23.9,16.5,18.066667,11.096989,24.71,5.833333,False
2015-03-18,24.1,17.2,18.238602,11.237419,24.81,5.861398,False
2015-03-19,19.6,14.3,18.404516,11.412581,25.3,1.195484,False
2015-03-20,18.6,12.3,18.554194,11.583763,25.51,0.045806,False
2015-03-21,22.5,12.5,18.685054,11.695699,25.6,3.814946,False
2015-03-22,17.6,15.0,18.86,11.817742,25.9,-1.26,False
2015-03-23,23.1,16.1,19.047204,11.972258,26.1,4.052796,False
2015-03-24,21.1,12.7,19.22957,12.143978,26.11,1.87043,False
2015-03-25,24.8,14.0,19.396237,12.312903,26.2,5.403763,False
2015-03-26,25.5,16.8,19.510323,12.453978,26.3,5.989677,False
2015-03-27,21.0,16.0,19.627312,12.57828,26.4,1.372688,False
2015-03-28,23.5,16.7,19.76172,12.698495,26.5,3.73828,False
2015-03-29,26.1,15.5,19.892043,12.79129,26.8,6.207957,False
2015-03-30,29.9,16.8,20.033226,12.909892,27.0,9.866774,False
2015-03-31,32.6,19.6,20.223548,13.032043,27.2,12.376452,False
2015-04-01,34.3,21.2,20.439247,13.179032,27.51,13.860753,False
2015-04-02,28.9,19.9,20.643333,13.354731,27.81,8.256667,False
2015-04-03,30.8,20.8,20.817097,13.514624,28.11,9.982903,False
2015-04-04,29.9,16.0,21.004086,13.687204,28.3,8.895914,False
2015-04-05,17.2,15.4,21.162796,13.848817,28.4,-3.962796,False
2015-04-06,17.3,13.3,21.317527,13.995054,28.5,-4.017527,False
2015-04-07,14.3,12.5,21.526559,14.166452,28.71,-7.226559,False
2015-04-08,17.5,12.6,21.752581,14.348387,29.0,-4.252581,False
2015-04-09,18.2,13.3,21.951398,14.521828,29.01,-3.751398,False
2015-04-10,20.9,14.5,22.103333,14.683226,29.1,-1.203333,False
2015-04-11,19.9,12.1,22.245161,14.830538,29.2,-2.345161,False
2015-04-12,24.6,12.6,22.436237,14.988387,29.4,2.163763,False
2015-04-13,27.0,11.3,22.63871,15.160968,29.61,4.36129,False
2015-04-14,27.8,13.8,22.844946,15.325269,29.72,4.955054,False
2015-04-15,26.7,15.0,23.052903,15.472366,30.1,3.647097,False
2015-04-16,31.5,16.8,23.249462,15.607957,30.3,8.250538,False
2015-04-17,30.6,21.4,23.416022,15.755591,30.4,7.183978,False
2015-04-18,26.5,15.9,23.559462,15.902473,30.4,2.940538,False
2015-04-19,20.5,14.6,23.715914,16.036989,30.5,-3.215914,False
2015-04-20,25.2,16.1,23.876989,16.173871,30.6,1.323011,False
2015-04-21,25.0,15.3,24.061613,16.342151,30.7,0.938387,False
2015-04-22,16.9,14.4,24.187527,16.507419,30.8,-7.287527,False
2015-04-23,19.3,15.3,24.275591,16.632688,30.9,-4.975591,False
2015-04-24,22.7,14.9,24.390968,16.73957,30.9,-1.690968,False
2015-04-25,25.9,16.2,24.554731,16.870323,31.0,1.345269,False
2015-04-26,27.6,17.8,24.738817,17.014624,31.11,2.861183,False
2015-04-27,28.4,19.2,24.925699,17.162581,31.5,3.474301,False
2015-04-28,31.4,18.8,25.074194,17.314301,31.51,6.325806,False
2015-04-29,34.0,21.0,25.20043,17.487312,31.6,8.79957,False
2015-04-30,31.8,20.4,25.322581,17.623333,31.61,6.477419,False
2015-05-01,20.5,17.0,25.40828,17.746882,31.71,-4.90828,False
2015-05-02,27.0,18.3,25.473656,17.863871,31.81,1.526344,False
2015-05-03,21.1,18.1,25.537419,17.964624,31.9,-4.437419,False
2015-05-04,21.4,16.9,25.628387,18.070968,32.0,-4.228387,False
2015-05-05,21.6,16.1,25.694194,18.166237,32.1,-4.094194,False
2015-05-06,27.3,17.3,25.762903,18.243656,32.2,1.537097,False
2015-05-07,28.2,19.7,25.814731,18.337312,32.3,2.385269,False
2015-05-08,28.9,16.3,25.896344,18.431183,32.31,3.003656,False
2015-05-09,31.5,19.3,25.955914,18.517312,32.4,5.544086,False
2015-05-10,31.9,16.7,26.055591,18.615699,32.4,5.844409,False
2015-05-11,25.4,17.4,26.166452,18.728925,32.4,-0.766452,False
2015-05-12,26.8,19.0,26.227849,18.832151,32.4,0.572151,False
2015-05-13,27.2,20.3,26.269247,18.919892,32.4,0.930753,False
2015-05-14,28.7,21.8,26.290645,19.001183,32.4,2.409355,False
2015-05-15,22.6,19.8,26.297634,19.073871,32.4,-3.697634,False
2015-05-16,24.0,19.8,26.296129,19.148065,32.3,-2.296129,False
2015-05-17,22.2,20.0,26.297204,19.231828,32.3,-4.097204,False
2015-05-18,29.4,20.4,26.341613,19.313441,32.21,3.058387,False
2015-05-19,30.8,22.2,26.416129,19.394946,32.21,4.383871,False
2015-05-20,30.7,23.1,26.505269,19.497849,32.4,4.194731,False
2015-05-21,28.4,19.9,26.583118,19.608602,32.4,1.816882,False
2015-05-22,19.8,18.5,26.637634,19.710753,32.4,-6.837634,False
2015-05-23,24.0,19.3,26.705699,19.800753,32.41,-2.705699,False
2015-05-24,27.7,21.1,26.793763,19.897742,32.41,0.906237,False
2015-05-25,22.3,19.9,26.847204,20.006882,32.6,-4.547204,False
2015-05-26,23.5,19.6,26.87914,20.106344,32.51,-3.37914,False
2015-05-27,27.0,21.5,26.921398,20.191613,32.51,0.078602,False
2015-05-28,26.7,21.1,26.962581,20.276559,32.4,-0.262581,False
2015-05-29,26.2,19.7,27.02086,20.366344,32.6,-0.82086,False
2015-05-30,28.6,20.4,27.151828,20.465484,32.6,1.448172,False
2015-05-31,32.3,22.5,27.270323,20.586667,32.7,5.029677,False
2015-06-01,26.8,22.7,27.358495,20.710108,32.71,-0.558495,False
2015-06-02,27.4,22.0,27.453118,20.823441,32.9,-0.053118,False
2015-06-03,25.7,21.5,27.540645,20.943441,32.9,-1.840645,False
2015-06-04,25.2,21.4,27.578817,21.043011,32.9,-2.378817,False
2015-06-05,27.1,21.0,27.612688,21.140968,32.9,-0.512688,False
2015-06-06,26.3,20.5,27.707634,21.264086,32.9,-1.407634,False
2015-06-07,24.1,20.4,27.81914,21.381398,32.81,-3.71914,False
2015-06-08,26.2,20.8,27.88871,21.487527,32.8,-1.68871,False
2015-06-09,30.0,22.4,28.00828,21.586882,32.9,1.99172,False
2015-06-10,32.0,24.0,28.106237,21.701183,33.0,3.893763,False
2015-06-11,32.6,23.4,28.225054,21.829892,33.2,4.374946,False
2015-06-12,30.9,19.0,28.365806,21.963871,33.4,2.534194,False
2015-06-13,22.6,19.0,28.508495,22.105591,33.5,-5.908495,False
2015-06-14,26.8,21.3,28.620645,22.230753,33.7,-1.820645,False
2015-06-15,25.0,22.7,28.703441,22.354194,33.8,-3.703441,False
2015-06-16,27.3,22.8,28.806882,22.470645,34.0,-1.506882,False
2015-06-17,29.3,23.1,28.922796,22.592473,34.1,0.377204,False
2015-06-18,28.6,22.7,29.007527,22.703226,34.2,-0.407527,False
2015-06-19,30.9,24.3,29.079785,22.810538,34.3,1.820215,False
2015-06-20,26.8,21.8,29.12914,22.898065,34.3,-2.32914,False
2015-06-21,28.2,22.6,29.214516,22.993978,34.3,-1.014516,False
2015-06-22,32.1,24.8,29.329785,23.079677,34.4,2.770215,False
2015-06-23,31.4,25.1,29.45914,23.185161,34.6,1.94086,False
2015-06-24,29.7,25.0,29.589677,23.290538,34.7,0.110323,False
2015-06-25,31.3,25.0,29.742581,23.395161,34.71,1.557419,False
2015-06-26,34.8,27.6,29.877527,23.493226,34.81,4.922473,False
2015-06-27,36.0,30.2,30.011935,23.599677,35.0,5.988065,False
2015-06-28,37.0,30.0,30.165269,23.72086,35.0,6.834731,False
2015-06-29,33.3,25.8,30.32172,23.84086,35.3,2.97828,False
2015-06-30,26.3,24.2,30.428065,23.94043,35.31,-4.128065,False
2015-07-01,29.2,24.2,30.529032,24.03828,35.4,-1.329032,False
2015-07-02,26.4,23.1,30.659355,24.132151,35.5,-4.259355,False
2015-07-03,25.2,21.0,30.783978,24.222258,35.6,-5.583978,False
2015-07-04,22.6,20.5,30.886344,24.304194,35.7,-8.286344,False
2015-07-05,25.2,19.6,31.033226,24.406882,35.8,-5.833226,False
2015-07-06,30.3,21.1,31.204086,24.514301,35.9,-0.904086,False
2015-07-07,32.8,22.4,31.322258,24.597312,36.0,1.477742,False
2015-07-08,33.4,23.2,31.47129,24.690323,36.1,1.92871,False
2015-07-09,31.6,23.5,31.640753,24.787419,36.2,-0.040753,False
2015-07-10,32.3,24.2,31.807849,24.89914,36.4,0.492151,False
2015-07-11,34.1,24.4,31.996237,25.009032,36.6,2.103763,False
2015-07-12,36.4,25.7,32.177204,25.109677,36.8,4.222796,False
2015-07-13,33.6,26.2,32.34,25.19871,36.9,1.26,False
2015-07-14,28.2,22.7,32.449677,25.255161,37.0,-4.249677,False
2015-07-15,31.1,22.8,32.573118,25.321613,37.0,-1.473118,False
2015-07-16,33.7,24.9,32.719247,25.386559,37.1,0.980753,False
2015-07-17,34.6,24.5,32.815054,25.433656,37.2,1.784946,False
2015-07-18,35.7,25.4,32.891183,25.473763,37.3,2.808817,False
2015-07-19,34.7,25.4,33.009247,25.524409,37.4,1.690753,False
2015-07-20,35.3,26.5,33.152043,25.586559,37.4,2.147957,False
2015-07-21,33.3,24.5,33.286774,25.656344,37.5,0.013226,False
2015-07-22,27.0,24.2,33.393226,25.716559,37.5,-6.393226,False
2015-07-23,32.2,24.5,33.494301,25.757204,37.6,-1.294301,False
2015-07-24,32.8,25.2,33.548065,25.793656,37.61,-0.748065,False
2015-07-25,33.9,26.3,33.607097,25.829785,37.8,0.292903,False
2015-07-26,33.1,24.4,33.653548,25.86957,37.9,-0.553548,False
2015-07-27,34.6,24.9,33.69,25.895914,38.0,0.91,False
2015-07-28,34.9,25.3,33.732581,25.905054,38.2,1.167419,False
2015-07-29,34.8,27.0,33.758925,25.914624,38.21,1.041075,False
2015-07-30,35.1,26.7,33.807527,25.921075,38.3,1.292473,False
2015-07-31,36.1,27.0,33.844194,25.927097,38.3,2.255806,False
2015-08-01,36.0,27.5,33.874086,25.921398,38.31,2.125914,False
2015-08-02,37.1,28.2,33.893656,25.908495,38.4,3.206344,False
2015-08-03,36.8,27.1,33.891505,25.909462,38.4,2.908495,False
2015-08-04,33.7,24.5,33.916882,25.901183,38.4,-0.216882,False
2015-08-05,31.3,23.1,33.883978,25.859785,38.4,-2.583978,False
2015-08-06,34.7,26.2,33.842903,25.807419,38.4,0.857097,False
2015-08-07,32.0,23.3,33.810108,25.770538,38.4,-1.810108,False
2015-08-08,25.7,22.9,33.783871,25.73129,38.41,-8.083871,False
2015-08-09,27.8,23.3,33.734731,25.677204,38.4,-5.934731,False
2015-08-10,30.4,23.8,33.647634,25.626774,38.4,-3.247634,False
2015-08-11,29.2,24.5,33.550538,25.553333,38.4,-4.350538,False
2015-08-12,33.3,25.0,33.433441,25.474516,38.4,-0.133441,False
2015-08-13,34.0,25.7,33.29828,25.392258,38.4,0.70172,False
2015-08-14,33.5,25.7,33.196452,25.323118,38.4,0.303548,False
2015-08-15,32.5,25.9,33.134624,25.250753,38.41,-0.634624,False
2015-08-16,32.7,25.3,33.042688,25.17043,38.51,-0.342688,False
2015-08-17,26.5,22.3,32.971935,25.089462,38.6,-6.471935,False
2015-08-18,23.9,21.5,32.877957,24.997097,38.6,-8.977957,False
2015-08-19,23.7,21.7,32.75086,24.912796,38.6,-9.05086,False
2015-08-20,28.3,21.4,32.632903,24.820753,38.6,-4.332903,False
2015-08-21,32.7,23.0,32.507527,24.709892,38.61,0.192473,False
2015-08-22,32.6,24.4,32.359785,24.581828,38.6,0.240215,False
2015-08-23,33.6,23.9,32.200753,24.468602,38.51,1.399247,False
2015-08-24,32.8,23.8,32.058065,24.356667,38.5,0.741935,False
2015-08-25,25.1,23.0,31.909032,24.238817,38.4,-6.809032,False
2015-08-26,29.7,23.2,31.744946,24.1,38.31,-2.044946,False
2015-08-27,25.0,22.5,31.612043,23.982796,38.1,-6.612043,False
2015-08-28,29.4,22.8,31.45957,23.861075,37.81,-2.05957,False
2015-08-29,30.8,23.1,31.298817,23.72172,37.8,-0.498817,False
2015-08-30,32.8,23.4,31.084624,23.573333,37.61,1.715376,False
2015-08-31,33.4,24.3,30.898602,23.440753,37.6,2.501398,False
2015-09-01,32.9,24.0,30.753548,23.322796,37.5,2.146452,False
2015-09-02,31.7,24.8,30.581183,23.203226,37.4,1.118817,False
2015-09-03,32.9,25.2,30.387742,23.06172,37.31,2.512258,False
2015-09-04,30.8,24.3,30.173871,22.908065,37.21,0.626129,False
2015-09-05,28.7,23.8,29.986989,22.757527,36.91,-1.286989,False
2015-09-06,28.5,21.6,29.808495,22.61086,36.81,-1.308495,False
2015-09-07,33.2,22.4,29.632796,22.46871,36.8,3.567204,False
2015-09-08,30.7,25.5,29.436774,22.325161,36.5,1.263226,False
2015-09-09,31.1,24.6,29.224409,22.175699,36.2,1.875591,False
2015-09-10,30.7,22.6,29.017204,22.02086,36.0,1.682796,False
2015-09-11,22.3,18.8,28.806667,21.882796,35.7,-6.506667,False
2015-09-12,23.9,19.2,28.587527,21.732473,35.4,-4.687527,False
2015-09-13,23.9,20.4,28.394839,21.59086,35.11,-4.494839,False
2015-09-14,28.1,21.7,28.242581,21.454946,34.7,-0.142581,False
2015-09-15,28.1,21.4,28.083548,21.318817,34.4,0.016452,False
2015-09-16,26.6,20.4,27.882903,21.177634,34.2,-1.282903,False
2015-09-17,21.0,19.9,27.687419,21.031828,33.9,-6.687419,False
2015-09-18,22.3,20.0,27.451183,20.872581,33.71,-5.151183,False
2015-09-19,22.3,19.6,27.215806,20.696989,33.6,-4.915806,False
2015-09-20,26.4,19.9,26.974946,20.507527,33.32,-0.574946,False
2015-09-21,26.2,21.4,26.748172,20.326667,33.01,-0.548172,False
2015-09-22,22.1,20.8,26.546022,20.165054,32.9,-4.446022,False
2015-09-23,27.7,20.6,26.350108,20.016667,32.7,1.349892,False
2015-09-24,21.6,19.8,26.170108,19.863871,32.51,-4.570108,False
2015-09-25,22.0,19.9,25.973226,19.707849,32.3,-3.973226,False
2015-09-26,21.7,19.5,25.783548,19.564194,32.2,-4.083548,False
2015-09-27,21.6,19.8,25.556022,19.414624,31.8,-3.956022,False
2015-09-28,22.3,20.4,25.312581,19.256774,31.5,-3.012581,False
2015-09-29,25.2,21.2,25.093333,19.102688,31.21,0.106667,False
2015-09-30,28.2,20.0,24.894946,18.959785,31.1,3.305054,False
2015-10-01,20.9,17.1,24.676344,18.797742,31.0,-3.776344,False
2015-10-02,26.3,17.6,24.430323,18.619892,30.71,1.869677,False
2015-10-03,19.9,17.8,24.222581,18.46,30.6,-4.322581,False
2015-10-04,20.2,17.7,24.027312,18.302473,30.5,-3.827312,False
2015-10-05,22.2,18.0,23.849032,18.158387,30.3,-1.649032,False
2015-10-06,23.1,19.4,23.66957,18.019032,30.1,-0.56957,False
2015-10-07,26.2,19.3,23.477957,17.878925,29.81,2.722043,False
2015-10-08,25.7,18.9,23.303763,17.73172,29.61,2.396237,False
2015-10-09,22.4,17.0,23.119785,17.575591,29.41,-0.719785,False
2015-10-10,23.9,16.9,22.927634,17.423763,29.1,0.972366,False
2015-10-11,26.6,16.2,22.746774,17.276667,28.9,3.853226,False
2015-10-12,27.5,16.8,22.560753,17.116667,28.7,4.939247,False
2015-10-13,25.9,14.9,22.379032,16.952366,28.6,3.520968,False
2015-10-14,27.7,15.9,22.18172,16.785269,28.4,5.51828,False
2015-10-15,28.5,16.4,21.961828,16.600753,28.2,6.538172,False
2015-10-16,30.1,17.1,21.729677,16.420108,27.7,8.370323,False
2015-10-17,23.8,19.3,21.545484,16.239247,27.5,2.254516,False
2015-10-18,22.9,19.6,21.375699,16.066344,27.0,1.524301,False
2015-10-19,25.6,16.7,21.281183,15.907742,26.9,4.318817,False
2015-10-20,27.6,16.4,21.20129,15.757634,26.6,6.39871,False
2015-10-21,30.0,17.0,21.097097,15.628817,26.31,8.902903,False
2015-10-22,28.6,19.3,20.980215,15.506559,26.0,7.619785,False
2015-10-23,24.6,19.0,20.849462,15.369677,25.71,3.750538,False
2015-10-24,25.4,19.6,20.703548,15.227957,25.4,4.696452,False
2015-10-25,24.4,19.8,20.571828,15.085806,25.2,3.828172,False
2015-10-26,21.6,15.8,20.450215,14.939677,24.9,1.149785,False
2015-10-27,18.9,15.6,20.327527,14.799032,24.7,-1.427527,False
2015-10-28,18.8,15.8,20.207419,14.65828,24.6,-1.407419,False
2015-10-29,21.4,16.7,20.115269,14.53,24.6,1.284731,False
2015-10-30,18.3,14.0,20.004409,14.390538,24.41,-1.704409,False
2015-10-31,15.6,14.2,19.867527,14.255054,24.4,-4.267527,False
2015-11-01,17.4,11.5,19.71828,14.106344,24.3,-2.31828,False
2015-11-02,21.2,12.3,19.572151,13.958925,24.1,1.627849,False
2015-11-03,18.6,15.4,19.390538,13.790108,23.91,-0.790538,False
2015-11-04,18.2,14.8,19.188495,13.620108,23.71,-0.988495,False
2015-11-05,17.3,14.8,18.987204,13.452688,23.51,-1.687204,False
2015-11-06,19.3,15.2,18.803871,13.281828,23.4,0.496129,False
2015-11-07,23.3,16.0,18.635269,13.104516,23.3,4.664731,False
2015-11-08,21.0,14.4,18.443871,12.935806,23.1,2.556129,False
2015-11-09,19.8,15.2,18.252366,12.759677,23.0,1.547634,False
2015-11-10,17.7,14.8,18.09129,12.593763,22.9,-0.39129,False
2015-11-11,19.1,14.0,17.930538,12.427097,22.9,1.169462,False
2015-11-12,17.2,13.6,17.757742,12.261828,22.8,-0.557742,False
2015-11-13,19.8,11.7,17.592688,12.113871,22.7,2.207312,False
2015-11-14,19.2,12.6,17.432581,11.971075,22.6,1.767419,False
2015-11-15,18.4,13.4,17.26043,11.838925,22.5,1.13957,False
2015-11-16,18.8,14.5,17.063656,11.696882,22.4,1.736344,False
2015-11-17,18.0,15.8,16.886344,11.563763,22.2,1.113656,False
2015-11-18,17.8,15.4,16.692688,11.422366,22.0,1.107312,False
2015-11-19,17.3,14.7,16.474839,11.272903,21.8,0.825161,False
2015-11-20,21.7,15.1,16.224194,11.121505,21.6,5.475806,False
2015-11-21,22.8,16.3,15.999677,10.944516,21.3,6.800323,False
2015-11-22,19.9,16.3,15.767419,10.748817,21.0,4.132581,False
2015-11-23,23.9,16.7,15.536559,10.572366,20.4,8.363441,False
2015-11-24,18.3,12.4,15.328817,10.401183,20.0,2.971183,False
2015-11-25,14.7,11.1,15.091828,10.239785,19.61,-0.391828,False
2015-11-26,15.9,11.9,14.854516,10.072366,19.1,1.045484,False
2015-11-27,13.4,10.7,14.624624,9.890753,18.91,-1.224624,False
2015-11-28,14.0,11.1,14.43,9.724516,18.6,-0.43,False
2015-11-29,16.0,8.9,14.207634,9.563333,18.4,1.792366,False
2015-11-30,14.9,9.4,13.97957,9.402581,18.2,0.92043,False
2015-12-01,12.8,12.0,13.793118,9.216559,17.9,-0.993118,False
2015-12-02,14.1,11.2,13.63086,9.051935,17.7,0.46914,False
2015-12-03,14.9,10.6,13.456022,8.900968,17.4,1.443978,False
2015-12-04,12.9,9.2,13.309892,8.745054,17.2,-0.409892,False
2015-12-05,12.8,8.1,13.189462,8.603871,17.0,-0.389462,False
2015-12-06,15.2,7.5,13.079677,8.447957,16.8,2.120323,False
2015-12-07,15.2,7.7,12.94957,8.302581,16.6,2.25043,False
2015-12-08,14.9,9.1,12.800753,8.175054,16.3,2.099247,False
2015-12-09,15.7,10.9,12.678387,8.050645,16.11,3.021613,False
2015-12-10,14.6,11.5,12.540645,7.939677,16.0,2.059355,False
2015-12-11,12.8,9.8,12.396344,7.814839,15.8,0.403656,False
2015-12-12,10.9,9.7,12.239677,7.681505,15.5,-1.339677,False
2015-12-13,11.7,9.9,12.104516,7.546882,15.4,-0.404516,False
2015-12-14,9.9,6.6,11.955054,7.416774,15.3,-2.055054,False
2015-12-15,7.5,4.4,11.820215,7.287097,15.1,-4.320215,False
2015-12-16,12.0,2.3,11.690645,7.149677,14.9,0.309355,False
2015-12-17,13.0,2.6,11.573656,7.028925,14.71,1.426344,False
2015-12-18,9.5,6.2,11.459677,6.920323,14.6,-1.959677,False
2015-12-19,7.4,5.2,11.352688,6.822151,14.4,-3.952688,False
2015-12-20,10.0,5.3,11.252796,6.741398,14.3,-1.252796,False
2015-12-21,8.8,7.5,11.180323,6.653011,14.2,-2.380323,False
2015-12-22,10.8,7.6,11.091935,6.589677,14.1,-0.291935,False
2015-12-23,10.2,8.2,11.00871,6.537957,13.9,-0.80871,False
2015-12-24,11.6,7.2,10.932043,6.464946,13.81,0.667957,False
2015-12-25,12.0,4.5,10.845591,6.385161,13.7,1.154409,False
2015-12-26,12.6,4.6,10.783656,6.294946,13.5,1.816344,False
2015-12-27,11.8,4.3,10.726129,6.23129,13.41,1.073871,False
2015-12-28,9.8,7.8,10.678925,6.175269,13.4,-0.878925,False
2015-12-29,10.8,8.8,10.622581,6.097634,13.3,0.177419,False
2015-12-30,10.2,7.2,10.58086,6.037419,13.3,-0.38086,False
2015-12-31,13.0,7.7,10.557419,5.989355,13.2,2.442581,False
2016-01-01,13.2,5.4,10.531398,5.955806,13.2,2.668602,False
2016-01-02,14.4,5.8,10.490968,5.933441,13.2,3.909032,False
2016-01-03,10.9,6.5,10.449677,5.900323,13.2,0.450323,False
2016-01-04,14.0,5.9,10.397097,5.880108,13.1,3.602903,False
2016-01-05,13.7,6.4,10.357419,5.856022,13.1,3.342581,False
2016-01-06,11.3,10.2,10.316774,5.836022,13.1,0.983226,False
2016-01-07,10.9,8.3,10.296774,5.791613,13.2,0.603226,False
2016-01-08,10.7,7.8,10.280538,5.771398,13.2,0.419462,False
2016-01-09,9.5,8.1,10.244624,5.745591,13.2,-0.744624,False
2016-01-10,11.6,8.7,10.239355,5.709462,13.2,1.360645,False
2016-01-11,12.4,8.8,10.222581,5.679462,13.3,2.177419,False
2016-01-12,10.0,7.9,10.253118,5.646774,13.31,-0.253118,False
2016-01-13,10.0,7.2,10.280323,5.639462,13.4,-0.280323,False
2016-01-14,9.6,7.7,10.333226,5.621828,13.5,-0.733226,False
2016-01-15,12.3,8.3,10.382366,5.611075,13.61,1.917634,False
2016-01-16,9.8,8.3,10.413871,5.635591,13.8,-0.613871,False
2016-01-17,14.0,6.2,10.446452,5.647634,13.9,3.553548,False
2016-01-18,11.2,7.1,10.468065,5.657527,13.9,0.731935,False
2016-01-19,10.2,6.5,10.492043,5.669462,14.0,-0.292043,False
2016-01-20,8.5,7.0,10.559462,5.676129,14.2,-2.059462,False
2016-01-21,7.5,5.4,10.650753,5.699032,14.4,-3.150753,False
2016-01-22,6.2,1.4,10.740323,5.731828,14.51,-4.540323,False
2016-01-23,2.7,1.0,10.840215,5.76957,14.7,-8.140215,False
2016-01-24,6.0,-0.8,10.928387,5.823226,14.9,-4.928387,False
2016-01-25,6.4,-0.7,11.005914,5.880538,15.2,-4.605914,False
2016-01-26,7.3,2.6,11.101183,5.932151,15.5,-3.801183,False
2016-01-27,7.1,4.9,11.203978,5.985161,15.7,-4.103978,False
2016-01-28,6.7,4.6,11.302688,6.039785,15.9,-4.602688,False
2016-01-29,9.4,3.2,11.404624,6.109032,16.1,-2.004624,False
2016-01-30,12.3,3.2,11.502581,6.170538,16.2,0.797419,False
2016-01-31,8.8,7.2,11.607419,6.230538,16.3,-2.807419,False
2016-02-01,7.4,4.7,11.711398,6.290108,16.5,-4.311398,False
2016-02-02,9.4,4.5,11.795376,6.343763,16.6,-2.395376,False
2016-02-03,7.4,4.8,11.896559,6.408065,16.7,-4.496559,False
2016-02-04,9.1,5.1,12.0,6.472903,16.81,-2.9,False
2016-02-05,11.6,3.8,12.109462,6.547527,17.0,-0.509462,False
2016-02-06,14.5,3.6,12.214516,6.631398,17.1,2.285484,False
2016-02-07,17.2,2.9,12.305376,6.732258,17.11,4.894624,False
2016-02-08,15.2,2.8,12.415054,6.811935,17.2,2.784946,False
2016-02-09,16.8,7.6,12.553656,6.913871,17.4,4.246344,False
2016-02-10,18.6,9.2,12.684946,7.035914,17.5,5.915054,False
2016-02-11,17.7,11.4,12.823763,7.156667,17.7,4.876237,False
2016-02-12,19.8,11.1,12.940538,7.29129,17.9,6.859462,False
2016-02-13,11.6,2.7,13.062258,7.40043,18.2,-1.462258,False
2016-02-14,5.3,2.8,13.207634,7.52043,18.41,-7.907634,False
2016-02-15,7.8,4.4,13.328172,7.639247,18.61,-5.528172,False
2016-02-16,10.2,5.0,13.475591,7.718065,18.81,-3.275591,False
2016-02-17,13.0,5.2,13.65043,7.793871,19.1,-0.65043,False
2016-02-18,15.8,5.5,13.819677,7.911613,19.2,1.980323,False
2016-02-19,15.5,7.7,13.98086,8.026344,19.3,1.51914,False
2016-02-20,14.8,9.3,14.112903,8.141828,19.4,0.687097,False
2016-02-21,11.5,7.7,14.218817,8.23914,19.51,-2.718817,False
2016-02-22,11.8,7.7,14.32914,8.310323,19.7,-2.52914,False
2016-02-23,10.4,6.5,14.452581,8.406882,19.81,-4.052581,False
2016-02-24,13.5,7.3,14.584301,8.511613,20.1,-1.084301,False
2016-02-25,13.3,6.2,14.741613,8.615161,20.21,-1.441613,False
2016-02-26,17.3,5.2,14.878495,8.736022,20.5,2.421505,False
2016-02-27,21.0,5.7,15.007742,8.846882,20.8,5.992258,False
2016-02-28,22.2,7.2,15.140968,8.973333,20.9,7.059032,False
2016-02-29,25.6,8.0,15.212581,9.031237,20.95,10.387419,False
2016-03-01,25.2,10.1,15.284194,9.08914,21.0,9.915806,False
2016-03-02,21.6,12.7,15.464301,9.185699,21.5,6.135699,False
2016-03-03,23.5,11.9,15.657849,9.316129,22.01,7.842151,False
2016-03-04,21.9,12.0,15.843441,9.445161,22.41,6.056559,False
2016-03-05,24.0,14.4,16.049032,9.578602,22.71,7.950968,False
2016-03-06,26.7,15.1,16.247419,9.706344,22.91,10.452581,False
2016-03-07,23.7,16.8,16.402903,9.832043,23.1,7.297097,False
2016-03-08,19.8,13.3,16.513978,9.936237,23.2,3.286022,False
2016-03-09,13.3,7.9,16.626129,10.040538,23.4,-3.326129,False
2016-03-10,9.8,7.8,16.775054,10.15172,23.5,-6.975054,False
2016-03-11,14.1,8.7,16.966882,10.280645,23.7,-2.866882,False
2016-03-12,14.5,10.2,17.127849,10.397742,23.71,-2.627849,False
2016-03-13,15.3,10.7,17.291828,10.504946,23.91,-1.991828,False
2016-03-14,18.2,11.2,17.490215,10.63129,24.1,0.709785,False
2016-03-15,18.0,12.7,17.692366,10.783333,24.3,0.307634,False
2016-03-16,19.5,13.3,17.895914,10.949355,24.6,1.604086,False
2016-03-17,17.9,10.6,18.066667,11.096989,24.71,-0.166667,False
2016-03-18,23.7,11.1,18.238602,11.237419,24.81,5.461398,False
2016-03-19,23.5,13.4,18.404516,11.412581,25.3,5.095484,False
2016-03-20,21.4,16.4,18.554194,11.583763,25.51,2.845806,False
2016-03-21,19.6,13.9,18.685054,11.695699,25.6,0.914946,False
2016-03-22,15.7,13.8,18.86,11.817742,25.9,-3.16,False
2016-03-23,14.2,11.1,19.047204,11.972258,26.1,-4.847204,False
2016-03-24,14.4,8.3,19.22957,12.143978,26.11,-4.82957,False
2016-03-25,20.3,8.7,19.396237,12.312903,26.2,0.903763,False
2016-03-26,19.8,10.6,19.510323,12.453978,26.3,0.289677,False
2016-03-27,21.8,12.0,19.627312,12.57828,26.4,2.172688,False
2016-03-28,19.6,13.0,19.76172,12.698495,26.5,-0.16172,False
2016-03-29,14.7,12.9,19.892043,12.79129,26.8,-5.192043,False
2016-03-30,19.5,10.9,20.033226,12.909892,27.0,-0.533226,False
2016-03-31,20.2,12.7,20.223548,13.032043,27.2,-0.023548,False
2016-04-01,22.2,15.1,20.439247,13.179032,27.51,1.760753,False
2016-04-02,22.5,16.4,20.643333,13.354731,27.81,1.856667,False
2016-04-03,26.3,17.0,20.817097,13.514624,28.11,5.482903,False
2016-04-04,27.5,18.2,21.004086,13.687204,28.3,6.495914,False
2016-04-05,23.7,17.7,21.162796,13.848817,28.4,2.537204,False
2016-04-06,19.1,15.6,21.317527,13.995054,28.5,-2.217527,False
2016-04-07,22.9,16.2,21.526559,14.166452,28.71,1.373441,False
2016-04-08,18.5,16.6,21.752581,14.348387,29.0,-3.252581,False
2016-04-09,18.9,16.4,21.951398,14.521828,29.01,-3.051398,False
2016-04-10,23.5,15.9,22.103333,14.683226,29.1,1.396667,False
2016-04-11,27.4,17.5,22.245161,14.830538,29.2,5.154839,False
2016-04-12,21.6,17.5,22.436237,14.988387,29.4,-0.836237,False
2016-04-13,28.0,17.8,22.63871,15.160968,29.61,5.36129,False
2016-04-14,21.2,18.2,22.844946,15.325269,29.72,-1.644946,False
2016-04-15,22.1,14.6,23.052903,15.472366,30.1,-0.952903,False
2016-04-16,25.3,15.5,23.249462,15.607957,30.3,2.050538,False
2016-04-17,21.0,13.6,23.416022,15.755591,30.4,-2.416022,False
2016-04-18,26.0,14.8,23.559462,15.902473,30.4,2.440538,False
2016-04-19,25.1,16.3,23.715914,16.036989,30.5,1.384086,False
2016-04-20,21.7,14.8,23.876989,16.173871,30.6,-2.176989,False
2016-04-21,20.5,15.3,24.061613,16.342151,30.7,-3.561613,False
2016-04-22,16.9,15.1,24.187527,16.507419,30.8,-7.287527,False
2016-04-23,19.8,15.6,24.275591,16.632688,30.9,-4.475591,False
2016-04-24,17.8,15.9,24.390968,16.73957,30.9,-6.590968,False
2016-04-25,19.6,16.5,24.554731,16.870323,31.0,-4.954731,False
2016-04-26,23.3,16.8,24.738817,17.014624,31.11,-1.438817,False
2016-04-27,27.2,18.0,24.925699,17.162581,31.5,2.274301,False
2016-04-28,26.4,18.6,25.074194,17.314301,31.51,1.325806,False
2016-04-29,22.7,18.8,25.20043,17.487312,31.6,-2.50043,False
2016-04-30,26.5,18.9,25.322581,17.623333,31.61,1.177419,False
2016-05-01,28.8,20.3,25.40828,17.746882,31.71,3.39172,False
2016-05-02,30.4,20.4,25.473656,17.863871,31.81,4.926344,False
2016-05-03,32.2,20.6,25.537419,17.964624,31.9,6.662581,False
2016-05-04,31.6,20.9,25.628387,18.070968,32.0,5.971613,False
2016-05-05,34.1,22.9,25.694194,18.166237,32.1,8.405806,False
2016-05-06,27.9,21.3,25.762903,18.243656,32.2,2.137097,False
2016-05-07,22.8,17.9,25.814731,18.337312,32.3,-3.014731,False
2016-05-08,20.9,17.2,25.896344,18.431183,32.31,-4.996344,False
2016-05-09,24.0,16.9,25.955914,18.517312,32.4,-1.955914,False
2016-05-10,30.5,17.8,26.055591,18.615699,32.4,4.444409,False
2016-05-11,34.9,20.9,26.166452,18.728925,32.4,8.733548,False
2016-05-12,35.1,20.7,26.227849,18.832151,32.4,8.872151,False
2016-05-13,22.8,20.3,26.269247,18.919892,32.4,-3.469247,False
2016-05-14,21.9,15.1,26.290645,19.001183,32.4,-4.390645,False
2016-05-15,24.9,15.6,26.297634,19.073871,32.4,-1.397634,False
2016-05-16,28.5,18.1,26.296129,19.148065,32.3,2.203871,False
2016-05-17,27.4,19.7,26.297204,19.231828,32.3,1.102796,False
2016-05-18,25.4,19.3,26.341613,19.313441,32.21,-0.941613,False
2016-05-19,22.3,19.5,26.416129,19.394946,32.21,-4.116129,False
2016-05-20,25.6,19.7,26.505269,19.497849,32.4,-0.905269,False
2016-05-21,27.1,21.3,26.583118,19.608602,32.4,0.516882,False
2016-05-22,23.0,19.0,26.637634,19.710753,32.4,-3.637634,False
2016-05-23,24.5,19.1,26.705699,19.800753,32.41,-2.205699,False
2016-05-24,29.6,19.8,26.793763,19.897742,32.41,2.806237,False
2016-05-25,28.4,15.8,26.847204,20.006882,32.6,1.552796,False
2016-05-26,16.3,15.8,26.87914,20.106344,32.51,-10.57914,False
2016-05-27,18.3,15.9,26.921398,20.191613,32.51,-8.621398,False
2016-05-28,22.4,17.3,26.962581,20.276559,32.4,-4.562581,False
2016-05-29,27.8,19.5,27.02086,20.366344,32.6,0.77914,False
2016-05-30,29.0,21.9,27.151828,20.465484,32.6,1.848172,False
2016-05-31,30.3,24.4,27.270323,20.586667,32.7,3.029677,False
2016-06-01,32.0,24.2,27.358495,20.710108,32.71,4.641505,False
2016-06-02,24.8,21.4,27.453118,20.823441,32.9,-2.653118,False
2016-06-03,30.4,20.8,27.540645,20.943441,32.9,2.859355,False
2016-06-04,32.9,22.6,27.578817,21.043011,32.9,5.321183,False
2016-06-05,32.8,20.4,27.612688,21.140968,32.9,5.187312,False
2016-06-06,35.0,24.0,27.707634,21.264086,32.9,7.292366,False
2016-06-07,30.8,21.6,27.81914,21.381398,32.81,2.98086,False
2016-06-08,32.4,23.2,27.88871,21.487527,32.8,4.51129,False
2016-06-09,27.7,20.8,28.00828,21.586882,32.9,-0.30828,False
2016-06-10,21.3,19.9,28.106237,21.701183,33.0,-6.806237,False
2016-06-11,25.9,21.3,28.225054,21.829892,33.2,-2.325054,False
2016-06-12,30.3,22.2,28.365806,21.963871,33.4,1.934194,False
2016-06-13,33.0,24.1,28.508495,22.105591,33.5,4.491505,False
2016-06-14,32.9,22.5,28.620645,22.230753,33.7,4.279355,False
2016-06-15,26.7,20.5,28.703441,22.354194,33.8,-2.003441,False
2016-06-16,32.6,20.2,28.806882,22.470645,34.0,3.793118,False
2016-06-17,34.3,23.8,28.922796,22.592473,34.1,5.377204,False
2016-06-18,33.0,24.5,29.007527,22.703226,34.2,3.992473,False
2016-06-19,27.4,24.2,29.079785,22.810538,34.3,-1.679785,False
2016-06-20,33.3,25.0,29.12914,22.898065,34.3,4.17086,False
2016-06-21,31.8,26.0,29.214516,22.993978,34.3,2.585484,False
2016-06-22,32.2,26.4,29.329785,23.079677,34.4,2.870215,False
2016-06-23,34.8,25.6,29.45914,23.185161,34.6,5.34086,False
2016-06-24,25.0,21.1,29.589677,23.290538,34.7,-4.589677,False
2016-06-25,24.6,21.0,29.742581,23.395161,34.71,-5.142581,False
2016-06-26,24.3,21.7,29.877527,23.493226,34.81,-5.577527,False
2016-06-27,23.7,21.6,30.011935,23.599677,35.0,-6.311935,False
2016-06-28,27.3,21.4,30.165269,23.72086,35.0,-2.865269,False
2016-06-29,31.4,23.9,30.32172,23.84086,35.3,1.07828,False
2016-06-30,27.4,23.1,30.428065,23.94043,35.31,-3.028065,False
2016-07-01,31.1,23.8,30.529032,24.03828,35.4,0.570968,False
2016-07-02,32.7,25.8,30.659355,24.132151,35.5,2.040645,False
2016-07-03,31.3,24.2,30.783978,24.222258,35.6,0.516022,False
2016-07-04,33.4,24.8,30.886344,24.304194,35.7,2.513656,False
2016-07-05,32.9,25.0,31.033226,24.406882,35.8,1.866774,False
2016-07-06,30.3,25.6,31.204086,24.514301,35.9,-0.904086,False
2016-07-07,34.4,26.6,31.322258,24.597312,36.0,3.077742,False
2016-07-08,36.8,27.7,31.47129,24.690323,36.1,5.32871,False
2016-07-09,37.1,27.1,31.640753,24.787419,36.2,5.459247,False
2016-07-10,36.3,27.4,31.807849,24.89914,36.4,4.492151,False
2016-07-11,36.9,29.5,31.996237,25.009032,36.6,4.903763,False
2016-07-12,32.8,25.8,32.177204,25.109677,36.8,0.622796,False
2016-07-13,31.0,25.3,32.34,25.19871,36.9,-1.34,False
2016-07-14,26.6,22.5,32.449677,25.255161,37.0,-5.849677,False
2016-07-15,31.8,22.7,32.573118,25.321613,37.0,-0.773118,False
2016-07-16,35.4,25.4,32.719247,25.386559,37.1,2.680753,False
2016-07-17,34.7,27.7,32.815054,25.433656,37.2,1.884946,False
2016-07-18,34.0,25.9,32.891183,25.473763,37.3,1.108817,False
2016-07-19,28.8,25.4,33.009247,25.524409,37.4,-4.209247,False
2016-07-20,36.7,27.7,33.152043,25.586559,37.4,3.547957,False
2016-07-21,37.0,29.1,33.286774,25.656344,37.5,3.713226,False
2016-07-22,35.8,27.0,33.393226,25.716559,37.5,2.406774,False
2016-07-23,36.0,27.9,33.494301,25.757204,37.6,2.505699,False
2016-07-24,38.0,28.3,33.548065,25.793656,37.61,4.451935,False
2016-07-25,37.3,29.0,33.607097,25.829785,37.8,3.692903,False
2016-07-26,36.9,25.5,33.653548,25.86957,37.9,3.246452,False
2016-07-27,31.2,25.8,33.69,25.895914,38.0,-2.49,False
2016-07-28,34.3,25.7,33.732581,25.905054,38.2,0.567419,False
2016-07-29,35.7,27.1,33.758925,25.914624,38.21,1.941075,False
2016-07-30,35.1,27.1,33.807527,25.921075,38.3,1.292473,False
2016-07-31,33.8,26.0,33.844194,25.927097,38.3,-0.044194,False
2016-08-01,34.5,25.2,33.874086,25.921398,38.31,0.625914,False
2016-08-02,33.4,25.9,33.893656,25.908495,38.4,-0.493656,False
2016-08-03,32.9,26.0,33.891505,25.909462,38.4,-0.991505,False
2016-08-04,32.5,26.3,33.916882,25.901183,38.4,-1.416882,False
2016-08-05,28.0,25.8,33.883978,25.859785,38.4,-5.883978,False
2016-08-06,31.1,24.6,33.842903,25.807419,38.4,-2.742903,False
2016-08-07,31.3,24.4,33.810108,25.770538,38.4,-2.510108,False
2016-08-08,31.2,24.9,33.783871,25.73129,38.41,-2.583871,False
2016-08-09,33.1,26.1,33.734731,25.677204,38.4,-0.634731,False
2016-08-10,33.6,26.1,33.647634,25.626774,38.4,-0.047634,False
2016-08-11,33.3,26.6,33.550538,25.553333,38.4,-0.250538,False
2016-08-12,35.1,27.4,33.433441,25.474516,38.4,1.666559,False
2016-08-13,36.4,28.0,33.29828,25.392258,38.4,3.10172,False
2016-08-14,35.9,26.3,33.196452,25.323118,38.4,2.703548,False
2016-08-15,35.6,27.3,33.134624,25.250753,38.41,2.465376,False
2016-08-16,36.8,26.9,33.042688,25.17043,38.51,3.757312,False
2016-08-17,38.1,26.7,32.971935,25.089462,38.6,5.128065,False
2016-08-18,37.4,28.2,32.877957,24.997097,38.6,4.522043,False
2016-08-19,38.2,29.1,32.75086,24.912796,38.6,5.44914,False
2016-08-20,37.8,28.6,32.632903,24.820753,38.6,5.167097,False
2016-08-21,38.2,29.4,32.507527,24.709892,38.61,5.692473,False
2016-08-22,37.6,28.7,32.359785,24.581828,38.6,5.240215,False
2016-08-23,38.9,28.9,32.200753,24.468602,38.51,6.699247,True
2016-08-24,39.4,28.3,32.058065,24.356667,38.5,7.341935,True
2016-08-25,40.2,29.0,31.909032,24.238817,38.4,8.290968,True
2016-08-26,29.6,24.7,31.744946,24.1,38.31,-2.144946,False
2016-08-27,26.0,23.3,31.612043,23.982796,38.1,-5.612043,False
2016-08-28,27.0,22.5,31.45957,23.861075,37.81,-4.45957,False
2016-08-29,30.7,21.1,31.298817,23.72172,37.8,-0.598817,False
2016-08-30,23.1,20.4,31.084624,23.573333,37.61,-7.984624,False
2016-08-31,23.5,20.8,30.898602,23.440753,37.6,-7.398602,False
2016-09-01,28.0,20.5,30.753548,23.322796,37.5,-2.753548,False
2016-09-02,32.6,21.3,30.581183,23.203226,37.4,2.018817,False
2016-09-03,32.3,24.5,30.387742,23.06172,37.31,1.912258,False
2016-09-04,24.4,22.1,30.173871,22.908065,37.21,-5.773871,False
2016-09-05,23.2,20.8,29.986989,22.757527,36.91,-6.786989,False
2016-09-06,23.0,19.7,29.808495,22.61086,36.81,-6.808495,False
2016-09-07,25.3,20.6,29.632796,22.46871,36.8,-4.332796,False
2016-09-08,22.9,20.8,29.436774,22.325161,36.5,-6.536774,False
2016-09-09,22.6,19.7,29.224409,22.175699,36.2,-6.624409,False
2016-09-10,29.8,20.9,29.017204,22.02086,36.0,0.782796,False
2016-09-11,32.3,20.8,28.806667,21.882796,35.7,3.493333,False
2016-09-12,32.2,21.6,28.587527,21.732473,35.4,3.612473,False
2016-09-13,29.8,22.2,28.394839,21.59086,35.11,1.405161,False
2016-09-14,28.5,20.9,28.242581,21.454946,34.7,0.257419,False
2016-09-15,21.9,19.9,28.083548,21.318817,34.4,-6.183548,False
2016-09-16,27.6,20.1,27.882903,21.177634,34.2,-0.282903,False
2016-09-17,30.7,22.2,27.687419,21.031828,33.9,3.012581,False
2016-09-18,29.8,21.6,27.451183,20.872581,33.71,2.348817,False
2016-09-19,24.4,20.5,27.215806,20.696989,33.6,-2.815806,False
2016-09-20,23.9,20.6,26.974946,20.507527,33.32,-3.074946,False
2016-09-21,26.5,18.8,26.748172,20.326667,33.01,-0.248172,False
2016-09-22,29.4,19.8,26.546022,20.165054,32.9,2.853978,False
2016-09-23,23.4,20.0,26.350108,20.016667,32.7,-2.950108,False
2016-09-24,24.3,20.4,26.170108,19.863871,32.51,-1.870108,False
2016-09-25,26.0,21.0,25.973226,19.707849,32.3,0.026774,False
2016-09-26,25.3,21.6,25.783548,19.564194,32.2,-0.483548,False
2016-09-27,26.3,21.1,25.556022,19.414624,31.8,0.743978,False
2016-09-28,25.5,21.8,25.312581,19.256774,31.5,0.187419,False
2016-09-29,25.7,21.8,25.093333,19.102688,31.21,0.606667,False
2016-09-30,28.3,21.8,24.894946,18.959785,31.1,3.405054,False
2016-10-01,31.1,22.2,24.676344,18.797742,31.0,6.423656,False
2016-10-02,32.2,21.1,24.430323,18.619892,30.71,7.769677,False
2016-10-03,33.9,19.2,24.222581,18.46,30.6,9.677419,False
2016-10-04,34.5,19.6,24.027312,18.302473,30.5,10.472688,False
2016-10-05,29.6,19.1,23.849032,18.158387,30.3,5.750968,False
2016-10-06,29.4,20.6,23.66957,18.019032,30.1,5.73043,False
2016-10-07,23.3,19.8,23.477957,17.878925,29.81,-0.177957,False
2016-10-08,20.3,18.1,23.303763,17.73172,29.61,-3.003763,False
2016-10-09,19.7,16.1,23.119785,17.575591,29.41,-3.419785,False
2016-10-10,17.6,15.9,22.927634,17.423763,29.1,-5.327634,False
2016-10-11,17.6,16.3,22.746774,17.276667,28.9,-5.146774,False
2016-10-12,17.6,16.8,22.560753,17.116667,28.7,-4.960753,False
2016-10-13,18.3,16.8,22.379032,16.952366,28.6,-4.079032,False
2016-10-14,18.7,16.6,22.18172,16.785269,28.4,-3.48172,False
2016-10-15,18.6,17.0,21.961828,16.600753,28.2,-3.361828,False
2016-10-16,20.5,17.8,21.729677,16.420108,27.7,-1.229677,False
2016-10-17,20.5,16.7,21.545484,16.239247,27.5,-1.045484,False
2016-10-18,24.7,17.6,21.375699,16.066344,27.0,3.324301,False
2016-10-19,26.6,19.1,21.281183,15.907742,26.9,5.318817,False
2016-10-20,26.1,20.3,21.20129,15.757634,26.6,4.89871,False
2016-10-21,26.1,19.7,21.097097,15.628817,26.31,5.002903,False
2016-10-22,29.1,20.6,20.980215,15.506559,26.0,8.119785,False
2016-10-23,24.5,20.3,20.849462,15.369677,25.71,3.650538,False
2016-10-24,22.9,20.0,20.703548,15.227957,25.4,2.196452,False
2016-10-25,22.2,18.6,20.571828,15.085806,25.2,1.628172,False
2016-10-26,21.5,18.9,20.450215,14.939677,24.9,1.049785,False
2016-10-27,20.5,15.4,20.327527,14.799032,24.7,0.172473,False
2016-10-28,15.7,11.8,20.207419,14.65828,24.6,-4.507419,False
2016-10-29,12.4,11.7,20.115269,14.53,24.6,-7.715269,False
2016-10-30,14.5,12.3,20.004409,14.390538,24.41,-5.504409,False
2016-10-31,17.0,13.8,19.867527,14.255054,24.4,-2.867527,False
2016-11-01,18.4,14.3,19.71828,14.106344,24.3,-1.31828,False
2016-11-02,17.3,14.0,19.572151,13.958925,24.1,-2.272151,False
2016-11-03,19.7,14.6,19.390538,13.790108,23.91,0.309462,False
2016-11-04,21.9,15.1,19.188495,13.620108,23.71,2.711505,False
2016-11-05,19.1,16.5,18.987204,13.452688,23.51,0.112796,False
2016-11-06,16.8,14.7,18.803871,13.281828,23.4,-2.003871,False
2016-11-07,14.6,10.3,18.635269,13.104516,23.3,-4.035269,False
2016-11-08,11.3,10.1,18.443871,12.935806,23.1,-7.143871,False
2016-11-09,13.1,10.5,18.252366,12.759677,23.0,-5.152366,False
2016-11-10,15.8,8.7,18.09129,12.593763,22.9,-2.29129,False
2016-11-11,17.1,9.5,17.930538,12.427097,22.9,-0.830538,False
2016-11-12,15.5,12.6,17.757742,12.261828,22.8,-2.257742,False
2016-11-13,16.2,13.2,17.592688,12.113871,22.7,-1.392688,False
2016-11-14,16.2,13.7,17.432581,11.971075,22.6,-1.232581,False
2016-11-15,19.0,14.2,17.26043,11.838925,22.5,1.73957,False
2016-11-16,18.4,15.3,17.063656,11.696882,22.4,1.336344,False
2016-11-17,20.0,15.8,16.886344,11.563763,22.2,3.113656,False
2016-11-18,21.4,14.8,16.692688,11.422366,22.0,4.707312,False
2016-11-19,19.5,15.4,16.474839,11.272903,21.8,3.025161,False
2016-11-20,21.0,14.1,16.224194,11.121505,21.6,4.775806,False
2016-11-21,21.8,15.5,15.999677,10.944516,21.3,5.800323,False
2016-11-22,16.8,8.6,15.767419,10.748817,21.0,1.032581,False
2016-11-23,9.5,7.9,15.536559,10.572366,20.4,-6.036559,False
2016-11-24,9.1,7.7,15.328817,10.401183,20.0,-6.228817,False
2016-11-25,10.6,7.6,15.091828,10.239785,19.61,-4.491828,False
2016-11-26,13.2,4.9,14.854516,10.072366,19.1,-1.654516,False
2016-11-27,15.1,5.9,14.624624,9.890753,18.91,0.475376,False
2016-11-28,13.7,9.7,14.43,9.724516,18.6,-0.73,False
2016-11-29,13.2,10.1,14.207634,9.563333,18.4,-1.007634,False
2016-11-30,14.4,7.9,13.97957,9.402581,18.2,0.42043,False
2016-12-01,14.0,7.7,13.793118,9.216559,17.9,0.206882,False
2016-12-02,13.7,8.7,13.63086,9.051935,17.7,0.06914,False
2016-12-03,13.7,8.5,13.456022,8.900968,17.4,0.243978,False
2016-12-04,14.3,6.9,13.309892,8.745054,17.2,0.990108,False
2016-12-05,13.0,7.1,13.189462,8.603871,17.0,-0.189462,False
2016-12-06,17.6,8.5,13.079677,8.447957,16.8,4.520323,False
2016-12-07,15.5,8.7,12.94957,8.302581,16.6,2.55043,False
2016-12-08,15.5,8.0,12.800753,8.175054,16.3,2.699247,False
2016-12-09,15.1,8.7,12.678387,8.050645,16.11,2.421613,False
2016-12-10,13.3,11.1,12.540645,7.939677,16.0,0.759355,False
2016-12-11,14.1,11.3,12.396344,7.814839,15.8,1.703656,False
2016-12-12,12.7,11.7,12.239677,7.681505,15.5,0.460323,False
2016-12-13,15.5,12.4,12.104516,7.546882,15.4,3.395484,False
2016-12-14,13.2,10.5,11.955054,7.416774,15.3,1.244946,False
2016-12-15,12.6,9.4,11.820215,7.287097,15.1,0.779785,False
2016-12-16,15.2,8.2,11.690645,7.149677,14.9,3.509355,False
2016-12-17,12.8,8.7,11.573656,7.028925,14.71,1.226344,False
2016-12-18,12.2,9.7,11.459677,6.920323,14.6,0.740323,False
2016-12-19,11.4,9.7,11.352688,6.822151,14.4,0.047312,False
2016-12-20,10.9,10.0,11.252796,6.741398,14.3,-0.352796,False
2016-12-21,13.1,8.7,11.180323,6.653011,14.2,1.919677,False
2016-12-22,13.8,9.1,11.091935,6.589677,14.1,2.708065,False
2016-12-23,10.6,9.7,11.00871,6.537957,13.9,-0.40871,False
2016-12-24,10.9,8.8,10.932043,6.464946,13.81,-0.032043,False
2016-12-25,10.4,8.8,10.845591,6.385161,13.7,-0.445591,False
2016-12-26,10.5,8.1,10.783656,6.294946,13.5,-0.283656,False
2016-12-27,13.0,6.3,10.726129,6.23129,13.41,2.273871,False
2016-12-28,14.1,6.5,10.678925,6.175269,13.4,3.421075,False
2016-12-29,13.5,7.6,10.622581,6.097634,13.3,2.877419,False
2016-12-30,14.7,9.4,10.58086,6.037419,13.3,4.11914,False
2016-12-31,11.7,10.5,10.557419,5.989355,13.2,1.142581,False
2017-01-01,13.5,9.8,10.531398,5.955806,13.2,2.968602,False
2017-01-02,13.8,9.9,10.490968,5.933441,13.2,3.309032,False
2017-01-03,12.1,9.7,10.449677,5.900323,13.2,1.650323,False
2017-01-04,12.6,11.0,10.397097,5.880108,13.1,2.202903,False
2017-01-05,14.3,9.1,10.357419,5.856022,13.1,3.942581,False
2017-01-06,13.6,9.9,10.316774,5.836022,13.1,3.283226,False
2017-01-07,15.0,9.3,10.296774,5.791613,13.2,4.703226,False
2017-01-08,13.0,10.4,10.280538,5.771398,13.2,2.719462,False
2017-01-09,12.0,9.1,10.244624,5.745591,13.2,1.755376,False
2017-01-10,10.7,7.3,10.239355,5.709462,13.2,0.460645,False
2017-01-11,7.6,6.5,10.222581,5.679462,13.3,-2.622581,False
2017-01-12,8.5,5.0,10.253118,5.646774,13.31,-1.753118,False
2017-01-13,11.2,5.0,10.280323,5.639462,13.4,0.919677,False
2017-01-14,9.3,6.8,10.333226,5.621828,13.5,-1.033226,False
2017-01-15,13.2,7.1,10.382366,5.611075,13.61,2.817634,False
2017-01-16,10.2,6.2,10.413871,5.635591,13.8,-0.213871,False
2017-01-17,12.2,6.1,10.446452,5.647634,13.9,1.753548,False
2017-01-18,12.1,8.3,10.468065,5.657527,13.9,1.631935,False
2017-01-19,12.6,8.7,10.492043,5.669462,14.0,2.107957,False
2017-01-20,12.2,7.4,10.559462,5.676129,14.2,1.640538,False
2017-01-21,13.8,3.5,10.650753,5.699032,14.4,3.149247,False
2017-01-22,14.6,4.0,10.740323,5.731828,14.51,3.859677,False
2017-01-23,11.5,8.7,10.840215,5.76957,14.7,0.659785,False
2017-01-24,13.1,6.4,10.928387,5.823226,14.9,2.171613,False
2017-01-25,16.6,6.4,11.005914,5.880538,15.2,5.594086,False
2017-01-26,11.6,9.1,11.101183,5.932151,15.5,0.498817,False
2017-01-27,12.7,9.7,11.203978,5.985161,15.7,1.496022,False
2017-01-28,12.3,10.2,11.302688,6.039785,15.9,0.997312,False
2017-01-29,14.5,7.6,11.404624,6.109032,16.1,3.095376,False
2017-01-30,13.2,8.0,11.502581,6.170538,16.2,1.697419,False
2017-01-31,9.7,8.3,11.607419,6.230538,16.3,-1.907419,False
2017-02-01,10.6,7.3,11.711398,6.290108,16.5,-1.111398,False
2017-02-02,9.3,7.4,11.795376,6.343763,16.6,-2.495376,False
2017-02-03,12.3,7.6,11.896559,6.408065,16.7,0.403441,False
2017-02-04,14.7,6.8,12.0,6.472903,16.81,2.7,False
2017-02-05,15.5,7.8,12.109462,6.547527,17.0,3.390538,False
2017-02-06,12.0,10.2,12.214516,6.631398,17.1,-0.214516,False
2017-02-07,11.2,6.8,12.305376,6.732258,17.11,-1.105376,False
2017-02-08,11.9,6.4,12.415054,6.811935,17.2,-0.515054,False
2017-02-09,11.3,6.0,12.553656,6.913871,17.4,-1.253656,False
2017-02-10,10.3,7.1,12.684946,7.035914,17.5,-2.384946,False
2017-02-11,12.9,4.5,12.823763,7.156667,17.7,0.076237,False
2017-02-12,16.3,4.4,12.940538,7.29129,17.9,3.359462,False
2017-02-13,14.7,6.1,13.062258,7.40043,18.2,1.637742,False
2017-02-14,11.3,8.2,13.207634,7.52043,18.41,-1.907634,False
2017-02-15,14.2,5.9,13.328172,7.639247,18.61,0.871828,False
2017-02-16,19.3,6.0,13.475591,7.718065,18.81,5.824409,False
2017-02-17,17.2,10.2,13.65043,7.793871,19.1,3.54957,False
2017-02-18,17.4,11.6,13.819677,7.911613,19.2,3.580323,False
2017-02-19,21.9,12.1,13.98086,8.026344,19.3,7.91914,False
2017-02-20,17.1,12.4,14.112903,8.141828,19.4,2.987097,False
2017-02-21,14.9,6.0,14.218817,8.23914,19.51,0.681183,False
2017-02-22,8.0,6.4,14.32914,8.310323,19.7,-6.32914,False
2017-02-23,7.2,6.1,14.452581,8.406882,19.81,-7.252581,False
2017-02-24,9.3,5.8,14.584301,8.511613,20.1,-5.284301,False
2017-02-25,12.0,2.9,14.741613,8.615161,20.21,-2.741613,False
2017-02-26,14.4,4.5,14.878495,8.736022,20.5,-0.478495,False
2017-02-27,14.6,7.9,15.007742,8.846882,20.8,-0.407742,False
2017-02-28,17.6,8.6,15.140968,8.973333,20.9,2.459032,False
2017-03-01,19.5,9.4,15.284194,9.08914,21.0,4.215806,False
2017-03-02,16.1,10.0,15.464301,9.185699,21.5,0.635699,False
2017-03-03,14.5,10.2,15.657849,9.316129,22.01,-1.157849,False
2017-03-04,16.3,10.5,15.843441,9.445161,22.41,0.456559,False
2017-03-05,13.7,10.7,16.049032,9.578602,22.71,-2.349032,False
2017-03-06,12.0,10.0,16.247419,9.706344,22.91,-4.247419,False
2017-03-07,11.9,9.4,16.402903,9.832043,23.1,-4.502903,False
2017-03-08,14.8,7.8,16.513978,9.936237,23.2,-1.713978,False
2017-03-09,13.7,8.7,16.626129,10.040538,23.4,-2.926129,False
2017-03-10,14.9,11.1,16.775054,10.15172,23.5,-1.875054,False
2017-03-11,16.6,11.5,16.966882,10.280645,23.7,-0.366882,False
2017-03-12,13.9,12.1,17.127849,10.397742,23.71,-3.227849,False
2017-03-13,13.5,10.1,17.291828,10.504946,23.91,-3.791828,False
2017-03-14,11.3,8.9,17.490215,10.63129,24.1,-6.190215,False
2017-03-15,12.6,9.4,17.692366,10.783333,24.3,-5.092366,False
2017-03-16,15.1,9.4,17.895914,10.949355,24.6,-2.795914,False
2017-03-17,14.6,11.2,18.066667,11.096989,24.71,-3.466667,False
2017-03-18,17.5,11.7,18.238602,11.237419,24.81,-0.738602,False
2017-03-19,16.7,12.4,18.404516,11.412581,25.3,-1.704516,False
2017-03-20,20.6,12.7,18.554194,11.583763,25.51,2.045806,False
2017-03-21,15.3,11.9,18.685054,11.695699,25.6,-3.385054,False
2017-03-22,18.1,11.8,18.86,11.817742,25.9,-0.76,False
2017-03-23,17.6,12.8,19.047204,11.972258,26.1,-1.447204,False
2017-03-24,12.8,10.0,19.22957,12.143978,26.11,-6.42957,False
2017-03-25,13.4,8.6,19.396237,12.312903,26.2,-5.996237,False
2017-03-26,19.7,9.3,19.510323,12.453978,26.3,0.189677,False
2017-03-27,21.5,12.3,19.627312,12.57828,26.4,1.872688,False
2017-03-28,24.3,13.5,19.76172,12.698495,26.5,4.53828,False
2017-03-29,20.8,15.0,19.892043,12.79129,26.8,0.907957,False
2017-03-30,19.2,14.3,20.033226,12.909892,27.0,-0.833226,False
2017-03-31,23.6,12.2,20.223548,13.032043,27.2,3.376452,False
2017-04-01,25.1,14.0,20.439247,13.179032,27.51,4.660753,False
2017-04-02,22.8,14.7,20.643333,13.354731,27.81,2.156667,False
2017-04-03,20.1,15.4,20.817097,13.514624,28.11,-0.717097,False
2017-04-04,21.2,15.0,21.004086,13.687204,28.3,0.195914,False
2017-04-05,19.9,13.4,21.162796,13.848817,28.4,-1.262796,False
2017-04-06,26.1,15.3,21.317527,13.995054,28.5,4.782473,False
2017-04-07,27.6,18.9,21.526559,14.166452,28.71,6.073441,False
2017-04-08,24.7,19.3,21.752581,14.348387,29.0,2.947419,False
2017-04-09,20.7,15.0,21.951398,14.521828,29.01,-1.251398,False
2017-04-10,18.8,15.3,22.103333,14.683226,29.1,-3.303333,False
2017-04-11,18.7,13.5,22.245161,14.830538,29.2,-3.545161,False
2017-04-12,21.9,13.5,22.436237,14.988387,29.4,-0.536237,False
2017-04-13,27.2,15.0,22.63871,15.160968,29.61,4.56129,False
2017-04-14,30.1,18.1,22.844946,15.325269,29.72,7.255054,False
2017-04-15,29.0,19.8,23.052903,15.472366,30.1,5.947097,False
2017-04-16,21.7,15.4,23.249462,15.607957,30.3,-1.549462,False
2017-04-17,22.4,14.1,23.416022,15.755591,30.4,-1.016022,False
2017-04-18,29.3,15.9,23.559462,15.902473,30.4,5.740538,False
2017-04-19,30.8,17.7,23.715914,16.036989,30.5,7.084086,False
2017-04-20,19.1,14.6,23.876989,16.173871,30.6,-4.776989,False
2017-04-21,20.3,13.3,24.061613,16.342151,30.7,-3.761613,False
2017-04-22,26.2,15.9,24.187527,16.507419,30.8,2.012473,False
2017-04-23,27.9,17.4,24.275591,16.632688,30.9,3.624409,False
2017-04-24,23.0,17.7,24.390968,16.73957,30.9,-1.390968,False
2017-04-25,18.6,17.5,24.554731,16.870323,31.0,-5.954731,False
2017-04-26,19.0,15.9,24.738817,17.014624,31.11,-5.738817,False
2017-04-27,18.5,14.7,24.925699,17.162581,31.5,-6.425699,False
2017-04-28,23.0,15.0,25.074194,17.314301,31.51,-2.074194,False
2017-04-29,27.4,16.8,25.20043,17.487312,31.6,2.19957,False
2017-04-30,26.0,17.9,25.322581,17.623333,31.61,0.677419,False
2017-05-01,29.7,20.1,25.40828,17.746882,31.71,4.29172,False
2017-05-02,29.2,19.8,25.473656,17.863871,31.81,3.726344,False
2017-05-03,22.1,16.3,25.537419,17.964624,31.9,-3.437419,False
2017-05-04,27.2,17.6,25.628387,18.070968,32.0,1.571613,False
2017-05-05,20.9,13.9,25.694194,18.166237,32.1,-4.794194,False
2017-05-06,14.8,13.5,25.762903,18.243656,32.2,-10.962903,False
2017-05-07,18.8,14.4,25.814731,18.337312,32.3,-7.014731,False
2017-05-08,24.6,13.7,25.896344,18.431183,32.31,-1.296344,False
2017-05-09,29.2,16.6,25.955914,18.517312,32.4,3.244086,False
2017-05-10,25.7,18.0,26.055591,18.615699,32.4,-0.355591,False
2017-05-11,24.3,16.7,26.166452,18.728925,32.4,-1.866452,False
2017-05-12,30.0,15.9,26.227849,18.832151,32.4,3.772151,False
2017-05-13,34.4,19.3,26.269247,18.919892,32.4,8.130753,False
2017-05-14,24.1,18.3,26.290645,19.001183,32.4,-2.190645,False
2017-05-15,26.9,18.0,26.297634,19.073871,32.4,0.602366,False
2017-05-16,29.3,16.2,26.296129,19.148065,32.3,3.003871,False
2017-05-17,32.2,19.8,26.297204,19.231828,32.3,5.902796,False
2017-05-18,27.3,21.1,26.341613,19.313441,32.21,0.958387,False
2017-05-19,30.8,22.5,26.416129,19.394946,32.21,4.383871,False
2017-05-20,30.1,21.6,26.505269,19.497849,32.4,3.594731,False
2017-05-21,25.9,21.8,26.583118,19.608602,32.4,-0.683118,False
2017-05-22,24.3,19.9,26.637634,19.710753,32.4,-2.337634,False
2017-05-23,23.9,19.2,26.705699,19.800753,32.41,-2.805699,False
2017-05-24,19.8,17.5,26.793763,19.897742,32.41,-6.993763,False
2017-05-25,26.8,18.1,26.847204,20.006882,32.6,-0.047204,False
2017-05-26,30.0,18.5,26.87914,20.106344,32.51,3.12086,False
2017-05-27,31.5,18.8,26.921398,20.191613,32.51,4.578602,False
2017-05-28,33.6,22.3,26.962581,20.276559,32.4,6.637419,False
2017-05-29,30.7,22.2,27.02086,20.366344,32.6,3.67914,False
2017-05-30,26.5,21.8,27.151828,20.465484,32.6,-0.651828,False
2017-05-31,27.6,21.6,27.270323,20.586667,32.7,0.329677,False
2017-06-01,26.1,20.5,27.358495,20.710108,32.71,-1.258495,False
2017-06-02,30.7,21.7,27.453118,20.823441,32.9,3.246882,False
2017-06-03,25.9,22.1,27.540645,20.943441,32.9,-1.640645,False
2017-06-04,22.4,21.3,27.578817,21.043011,32.9,-5.178817,False
2017-06-05,29.6,21.5,27.612688,21.140968,32.9,1.987312,False
2017-06-06,31.6,20.3,27.707634,21.264086,32.9,3.892366,False
2017-06-07,35.2,24.2,27.81914,21.381398,32.81,7.38086,False
2017-06-08,31.5,23.6,27.88871,21.487527,32.8,3.61129,False
2017-06-09,30.0,23.8,28.00828,21.586882,32.9,1.99172,False
2017-06-10,26.9,22.5,28.106237,21.701183,33.0,-1.206237,False
2017-06-11,25.5,22.1,28.225054,21.829892,33.2,-2.725054,False
2017-06-12,24.5,21.9,28.365806,21.963871,33.4,-3.865806,False
2017-06-13,23.4,21.6,28.508495,22.105591,33.5,-5.108495,False
2017-06-14,23.8,19.3,28.620645,22.230753,33.7,-4.820645,False
2017-06-15,21.1,19.6,28.703441,22.354194,33.8,-7.603441,False
2017-06-16,25.2,19.7,28.806882,22.470645,34.0,-3.606882,False
2017-06-17,28.8,22.5,28.922796,22.592473,34.1,-0.122796,False
2017-06-18,25.8,21.7,29.007527,22.703226,34.2,-3.207527,False
2017-06-19,24.8,21.3,29.079785,22.810538,34.3,-4.279785,False
2017-06-20,30.4,22.5,29.12914,22.898065,34.3,1.27086,False
2017-06-21,33.7,24.5,29.214516,22.993978,34.3,4.485484,False
2017-06-22,28.4,24.3,29.329785,23.079677,34.4,-0.929785,False
2017-06-23,30.1,23.1,29.45914,23.185161,34.6,0.64086,False
2017-06-24,24.7,21.4,29.589677,23.290538,34.7,-4.889677,False
2017-06-25,22.5,20.7,29.742581,23.395161,34.71,-7.242581,False
2017-06-26,23.4,19.3,29.877527,23.493226,34.81,-6.477527,False
2017-06-27,28.9,20.4,30.011935,23.599677,35.0,-1.111935,False
2017-06-28,31.3,22.9,30.165269,23.72086,35.0,1.134731,False
2017-06-29,29.5,22.5,30.32172,23.84086,35.3,-0.82172,False
2017-06-30,29.5,23.7,30.428065,23.94043,35.31,-0.928065,False
2017-07-01,32.6,23.7,30.529032,24.03828,35.4,2.070968,False
2017-07-02,34.7,25.1,30.659355,24.132151,35.5,4.040645,False
2017-07-03,33.5,25.0,30.783978,24.222258,35.6,2.716022,False
2017-07-04,34.5,25.8,30.886344,24.304194,35.7,3.613656,False
2017-07-05,33.5,25.7,31.033226,24.406882,35.8,2.466774,False
2017-07-06,28.2,24.4,31.204086,24.514301,35.9,-3.004086,False
2017-07-07,27.9,24.0,31.322258,24.597312,36.0,-3.422258,False
2017-07-08,30.4,22.5,31.47129,24.690323,36.1,-1.07129,False
2017-07-09,30.5,22.4,31.640753,24.787419,36.2,-1.140753,False
2017-07-10,35.5,24.6,31.807849,24.89914,36.4,3.692151,False
2017-07-11,37.5,26.7,31.996237,25.009032,36.6,5.503763,False
2017-07-12,34.9,26.9,32.177204,25.109677,36.8,2.722796,False
2017-07-13,34.5,25.7,32.34,25.19871,36.9,2.16,False
2017-07-14,32.9,24.1,32.449677,25.255161,37.0,0.450323,False
2017-07-15,33.0,25.7,32.573118,25.321613,37.0,0.426882,False
2017-07-16,34.6,26.5,32.719247,25.386559,37.1,1.880753,False
2017-07-17,35.9,27.6,32.815054,25.433656,37.2,3.084946,False
2017-07-18,36.4,27.8,32.891183,25.473763,37.3,3.508817,False
2017-07-19,32.5,26.3,33.009247,25.524409,37.4,-0.509247,False
2017-07-20,34.5,27.7,33.152043,25.586559,37.4,1.347957,False
2017-07-21,37.0,27.0,33.286774,25.656344,37.5,3.713226,False
2017-07-22,37.6,27.0,33.393226,25.716559,37.5,4.206774,True
2017-07-23,38.4,26.9,33.494301,25.757204,37.6,4.905699,True
2017-07-24,38.1,28.0,33.548065,25.793656,37.61,4.551935,True
2017-07-25,37.5,28.6,33.607097,25.829785,37.8,3.892903,False
2017-07-26,40.6,28.9,33.653548,25.86957,37.9,6.946452,True
2017-07-27,41.1,28.9,33.69,25.895914,38.0,7.41,True
2017-07-28,40.2,28.7,33.732581,25.905054,38.2,6.467419,True
2017-07-29,37.5,26.7,33.758925,25.914624,38.21,3.741075,False
2017-07-30,36.7,27.1,33.807527,25.921075,38.3,2.892473,False
2017-07-31,37.1,28.4,33.844194,25.927097,38.3,3.255806,False
2017-08-01,37.6,28.4,33.874086,25.921398,38.31,3.725914,False
2017-08-02,36.5,28.2,33.893656,25.908495,38.4,2.606344,False
2017-08-03,36.5,27.7,33.891505,25.909462,38.4,2.608495,False
2017-08-04,37.7,27.6,33.916882,25.901183,38.4,3.783118,False
2017-08-05,37.2,28.6,33.883978,25.859785,38.4,3.316022,False
2017-08-06,39.6,29.9,33.842903,25.807419,38.4,5.757097,False
2017-08-07,38.7,25.1,33.810108,25.770538,38.4,4.889892,False
2017-08-08,25.4,22.8,33.783871,25.73129,38.41,-8.383871,False
2017-08-09,33.3,24.3,33.734731,25.677204,38.4,-0.434731,False
2017-08-10,35.4,25.7,33.647634,25.626774,38.4,1.752366,False
2017-08-11,27.0,22.1,33.550538,25.553333,38.4,-6.550538,False
2017-08-12,28.3,22.2,33.433441,25.474516,38.4,-5.133441,False
2017-08-13,32.9,24.7,33.29828,25.392258,38.4,-0.39828,False
2017-08-14,35.2,26.2,33.196452,25.323118,38.4,2.003548,False
2017-08-15,36.0,27.6,33.134624,25.250753,38.41,2.865376,False
2017-08-16,36.1,27.4,33.042688,25.17043,38.51,3.057312,False
2017-08-17,38.1,28.5,32.971935,25.089462,38.6,5.128065,False
2017-08-18,38.6,29.1,32.877957,24.997097,38.6,5.722043,False
2017-08-19,40.4,30.2,32.75086,24.912796,38.6,7.64914,True
2017-08-20,41.0,30.4,32.632903,24.820753,38.6,8.367097,True
2017-08-21,40.2,30.9,32.507527,24.709892,38.61,7.692473,True
2017-08-22,42.0,32.2,32.359785,24.581828,38.6,9.640215,True
2017-08-23,39.3,28.1,32.200753,24.468602,38.51,7.099247,True
2017-08-24,33.4,25.9,32.058065,24.356667,38.5,1.341935,False
2017-08-25,31.6,26.1,31.909032,24.238817,38.4,-0.309032,False
2017-08-26,37.7,27.8,31.744946,24.1,38.31,5.955054,False
2017-08-27,38.6,27.5,31.612043,23.982796,38.1,6.987957,False
2017-08-28,36.8,26.6,31.45957,23.861075,37.81,5.34043,False
2017-08-29,33.0,25.6,31.298817,23.72172,37.8,1.701183,False
2017-08-30,33.5,24.5,31.084624,23.573333,37.61,2.415376,False
2017-08-31,28.7,22.3,30.898602,23.440753,37.6,-2.198602,False
2017-09-01,27.4,21.6,30.753548,23.322796,37.5,-3.353548,False
2017-09-02,24.1,21.6,30.581183,23.203226,37.4,-6.481183,False
2017-09-03,27.5,23.1,30.387742,23.06172,37.31,-2.887742,False
2017-09-04,26.5,22.0,30.173871,22.908065,37.21,-3.673871,False
2017-09-05,23.3,21.6,29.986989,22.757527,36.91,-6.686989,False
2017-09-06,28.2,20.5,29.808495,22.61086,36.81,-1.608495,False
2017-09-07,31.4,22.2,29.632796,22.46871,36.8,1.767204,False
2017-09-08,31.6,23.8,29.436774,22.325161,36.5,2.163226,False
2017-09-09,28.4,23.4,29.224409,22.175699,36.2,-0.824409,False
2017-09-10,28.4,20.8,29.017204,22.02086,36.0,-0.617204,False
2017-09-11,30.8,21.3,28.806667,21.882796,35.7,1.993333,False
2017-09-12,32.6,21.6,28.587527,21.732473,35.4,4.012473,False
2017-09-13,32.3,22.9,28.394839,21.59086,35.11,3.905161,False
2017-09-14,30.8,23.5,28.242581,21.454946,34.7,2.557419,False
2017-09-15,31.8,23.9,28.083548,21.318817,34.4,3.716452,False
2017-09-16,32.6,24.3,27.882903,21.177634,34.2,4.717097,False
2017-09-17,31.5,23.8,27.687419,21.031828,33.9,3.812581,False
2017-09-18,28.1,23.3,27.451183,20.872581,33.71,0.648817,False
2017-09-19,24.5,20.8,27.215806,20.696989,33.6,-2.715806,False
2017-09-20,24.5,20.8,26.974946,20.507527,33.32,-2.474946,False
2017-09-21,26.6,21.7,26.748172,20.326667,33.01,-0.148172,False
2017-09-22,27.1,22.3,26.546022,20.165054,32.9,0.553978,False
2017-09-23,26.3,22.0,26.350108,20.016667,32.7,-0.050108,False
2017-09-24,26.4,22.2,26.170108,19.863871,32.51,0.229892,False
2017-09-25,28.6,23.0,25.973226,19.707849,32.3,2.626774,False
2017-09-26,31.4,22.9,25.783548,19.564194,32.2,5.616452,False
2017-09-27,23.0,19.5,25.556022,19.414624,31.8,-2.556022,False
2017-09-28,23.3,19.3,25.312581,19.256774,31.5,-2.012581,False
2017-09-29,21.3,19.4,25.093333,19.102688,31.21,-3.793333,False
2017-09-30,25.4,20.0,24.894946,18.959785,31.1,0.505054,False
2017-10-01,24.8,20.5,24.676344,18.797742,31.0,0.123656,False
2017-10-02,28.0,21.9,24.430323,18.619892,30.71,3.569677,False
2017-10-03,23.8,17.5,24.222581,18.46,30.6,-0.422581,False
2017-10-04,18.8,17.1,24.027312,18.302473,30.5,-5.227312,False
2017-10-05,21.6,17.3,23.849032,18.158387,30.3,-2.249032,False
2017-10-06,21.8,19.2,23.66957,18.019032,30.1,-1.86957,False
2017-10-07,24.1,19.9,23.477957,17.878925,29.81,0.622043,False
2017-10-08,27.7,21.0,23.303763,17.73172,29.61,4.396237,False
2017-10-09,31.5,17.2,23.119785,17.575591,29.41,8.380215,False
2017-10-10,17.1,15.0,22.927634,17.423763,29.1,-5.827634,False
2017-10-11,17.1,15.5,22.746774,17.276667,28.9,-5.646774,False
2017-10-12,16.4,15.5,22.560753,17.116667,28.7,-6.160753,False
2017-10-13,18.0,15.8,22.379032,16.952366,28.6,-4.379032,False
2017-10-14,18.7,16.3,22.18172,16.785269,28.4,-3.48172,False
2017-10-15,19.9,16.6,21.961828,16.600753,28.2,-2.061828,False
2017-10-16,21.2,16.8,21.729677,16.420108,27.7,-0.529677,False
2017-10-17,18.2,16.0,21.545484,16.239247,27.5,-3.345484,False
2017-10-18,19.3,16.3,21.375699,16.066344,27.0,-2.075699,False
2017-10-19,21.8,17.2,21.281183,15.907742,26.9,0.518817,False
2017-10-20,21.3,17.7,21.20129,15.757634,26.6,0.09871,False
2017-10-21,19.0,16.5,21.097097,15.628817,26.31,-2.097097,False
2017-10-22,17.5,14.7,20.980215,15.506559,26.0,-3.480215,False
2017-10-23,17.8,15.0,20.849462,15.369677,25.71,-3.049462,False
2017-10-24,21.1,16.2,20.703548,15.227957,25.4,0.396452,False
2017-10-25,17.8,16.1,20.571828,15.085806,25.2,-2.771828,False
2017-10-26,18.9,13.1,20.450215,14.939677,24.9,-1.550215,False
2017-10-27,21.8,12.8,20.327527,14.799032,24.7,1.472473,False
2017-10-28,23.3,13.7,20.207419,14.65828,24.6,3.092581,False
2017-10-29,20.4,15.7,20.115269,14.53,24.6,0.284731,False
2017-10-30,21.8,11.5,20.004409,14.390538,24.41,1.795591,False
2017-10-31,23.0,12.4,19.867527,14.255054,24.4,3.132473,False
2017-11-01,20.8,15.5,19.71828,14.106344,24.3,1.08172,False
2017-11-02,21.6,13.6,19.572151,13.958925,24.1,2.027849,False
2017-11-03,22.0,13.2,19.390538,13.790108,23.91,2.609462,False
2017-11-04,22.5,12.5,19.188495,13.620108,23.71,3.311505,False
2017-11-05,23.3,12.2,18.987204,13.452688,23.51,4.312796,False
2017-11-06,22.4,12.6,18.803871,13.281828,23.4,3.596129,False
2017-11-07,23.3,13.1,18.635269,13.104516,23.3,4.664731,False
2017-11-08,25.4,13.6,18.443871,12.935806,23.1,6.956129,False
2017-11-09,23.8,14.7,18.252366,12.759677,23.0,5.547634,False
2017-11-10,20.0,14.1,18.09129,12.593763,22.9,1.90871,False
2017-11-11,17.7,14.4,17.930538,12.427097,22.9,-0.230538,False
2017-11-12,15.7,14.4,17.757742,12.261828,22.8,-2.057742,False
2017-11-13,19.3,14.7,17.592688,12.113871,22.7,1.707312,False
2017-11-14,20.6,15.1,17.432581,11.971075,22.6,3.167419,False
2017-11-15,19.5,15.8,17.26043,11.838925,22.5,2.23957,False
2017-11-16,18.6,16.0,17.063656,11.696882,22.4,1.536344,False
2017-11-17,17.7,15.5,16.886344,11.563763,22.2,0.813656,False
2017-11-18,17.6,12.1,16.692688,11.422366,22.0,0.907312,False
2017-11-19,12.4,10.4,16.474839,11.272903,21.8,-4.074839,False
2017-11-20,12.4,10.4,16.224194,11.121505,21.6,-3.824194,False
2017-11-21,11.4,9.9,15.999677,10.944516,21.3,-4.599677,False
2017-11-22,11.2,9.9,15.767419,10.748817,21.0,-4.567419,False
2017-11-23,11.4,8.2,15.536559,10.572366,20.4,-4.136559,False
2017-11-24,13.1,7.0,15.328817,10.401183,20.0,-2.228817,False
2017-11-25,14.8,8.0,15.091828,10.239785,19.61,-0.291828,False
2017-11-26,16.1,7.9,14.854516,10.072366,19.1,1.245484,False
2017-11-27,14.2,11.1,14.624624,9.890753,18.91,-0.424624,False
2017-11-28,13.0,11.4,14.43,9.724516,18.6,-1.43,False
2017-11-29,14.0,11.4,14.207634,9.563333,18.4,-0.207634,False
2017-11-30,14.4,11.0,13.97957,9.402581,18.2,0.42043,False
2017-12-01,12.9,9.7,13.793118,9.216559,17.9,-0.893118,False
2017-12-02,14.6,10.1,13.63086,9.051935,17.7,0.96914,False
2017-12-03,13.6,10.4,13.456022,8.900968,17.4,0.143978,False
2017-12-04,13.5,10.2,13.309892,8.745054,17.2,0.190108,False
2017-12-05,13.3,10.4,13.189462,8.603871,17.0,0.110538,False
2017-12-06,12.9,10.7,13.079677,8.447957,16.8,-0.179677,False
2017-12-07,11.9,10.4,12.94957,8.302581,16.6,-1.04957,False
2017-12-08,10.8,7.1,12.800753,8.175054,16.3,-2.000753,False
2017-12-09,15.4,6.8,12.678387,8.050645,16.11,2.721613,False
2017-12-10,13.3,8.7,12.540645,7.939677,16.0,0.759355,False
2017-12-11,13.0,9.1,12.396344,7.814839,15.8,0.603656,False
2017-12-12,12.6,8.5,12.239677,7.681505,15.5,0.360323,False
2017-12-13,9.9,8.5,12.104516,7.546882,15.4,-2.204516,False
2017-12-14,11.0,8.9,11.955054,7.416774,15.3,-0.955054,False
2017-12-15,11.1,9.1,11.820215,7.287097,15.1,-0.720215,False
2017-12-16,12.2,8.5,11.690645,7.149677,14.9,0.509355,False
2017-12-17,9.6,6.8,11.573656,7.028925,14.71,-1.973656,False
2017-12-18,11.6,4.3,11.459677,6.920323,14.6,0.140323,False
2017-12-19,13.1,3.5,11.352688,6.822151,14.4,1.747312,False
2017-12-20,12.7,1.8,11.252796,6.741398,14.3,1.447204,False
2017-12-21,13.3,2.6,11.180323,6.653011,14.2,2.119677,False
2017-12-22,11.9,3.9,11.091935,6.589677,14.1,0.808065,False
2017-12-23,11.3,4.1,11.00871,6.537957,13.9,0.29129,False
2017-12-24,13.9,3.9,10.932043,6.464946,13.81,2.967957,False
2017-12-25,13.9,4.5,10.845591,6.385161,13.7,3.054409,False
2017-12-26,12.6,5.8,10.783656,6.294946,13.5,1.816344,False
2017-12-27,12.7,6.1,10.726129,6.23129,13.41,1.973871,False
2017-12-28,13.6,6.4,10.678925,6.175269,13.4,2.921075,False
2017-12-29,9.6,7.1,10.622581,6.097634,13.3,-1.022581,False
2017-12-30,11.8,4.2,10.58086,6.037419,13.3,1.21914,False
2017-12-31,13.9,5.1,10.557419,5.989355,13.2,3.342581,False
2018-01-01,11.9,8.0,10.531398,5.955806,13.2,1.368602,False
2018-01-02,10.3,8.5,10.490968,5.933441,13.2,-0.190968,False
2018-01-03,10.2,7.0,10.449677,5.900323,13.2,-0.249677,False
2018-01-04,8.9,7.1,10.397097,5.880108,13.1,-1.497097,False
2018-01-05,8.1,5.9,10.357419,5.856022,13.1,-2.257419,False
2018-01-06,8.9,6.0,10.316774,5.836022,13.1,-1.416774,False
2018-01-07,7.5,4.3,10.296774,5.791613,13.2,-2.796774,False
2018-01-08,8.4,1.7,10.280538,5.771398,13.2,-1.880538,False
2018-01-09,10.3,1.3,10.244624,5.745591,13.2,0.055376,False
2018-01-10,11.6,1.8,10.239355,5.709462,13.2,1.360645,False
2018-01-11,11.9,2.3,10.222581,5.679462,13.3,1.677419,False
2018-01-12,13.2,2.4,10.253118,5.646774,13.31,2.946882,False
2018-01-13,10.1,1.9,10.280323,5.639462,13.4,-0.180323,False
2018-01-14,13.8,2.0,10.333226,5.621828,13.5,3.466774,False
2018-01-15,9.0,5.5,10.382366,5.611075,13.61,-1.382366,False
2018-01-16,11.8,3.2,10.413871,5.635591,13.8,1.386129,False
2018-01-17,13.0,3.5,10.446452,5.647634,13.9,2.553548,False
2018-01-18,10.3,8.8,10.468065,5.657527,13.9,-0.168065,False
2018-01-19,12.0,8.3,10.492043,5.669462,14.0,1.507957,False
2018-01-20,10.5,8.5,10.559462,5.676129,14.2,-0.059462,False
2018-01-21,13.4,5.6,10.650753,5.699032,14.4,2.749247,False
2018-01-22,14.2,5.7,10.740323,5.731828,14.51,3.459677,False
2018-01-23,12.4,9.9,10.840215,5.76957,14.7,1.559785,False
2018-01-24,10.7,6.9,10.928387,5.823226,14.9,-0.228387,False
2018-01-25,8.1,5.8,11.005914,5.880538,15.2,-2.905914,False
2018-01-26,5.9,2.5,11.101183,5.932151,15.5,-5.201183,False
2018-01-27,5.1,2.9,11.203978,5.985161,15.7,-6.103978,False
2018-01-28,6.2,4.0,11.302688,6.039785,15.9,-5.102688,False
2018-01-29,6.9,2.2,11.404624,6.109032,16.1,-4.504624,False
2018-01-30,8.0,2.5,11.502581,6.170538,16.2,-3.502581,False
2018-01-31,8.6,2.3,11.607419,6.230538,16.3,-3.007419,False
2018-02-01,8.1,3.0,11.711398,6.290108,16.5,-3.611398,False
2018-02-02,9.2,3.1,11.795376,6.343763,16.6,-2.595376,False
2018-02-03,10.9,3.2,11.896559,6.408065,16.7,-0.996559,False
2018-02-04,8.6,2.8,12.0,6.472903,16.81,-3.4,False
2018-02-05,8.6,2.1,12.109462,6.547527,17.0,-3.509462,False
2018-02-06,10.1,2.3,12.214516,6.631398,17.1,-2.114516,False
2018-02-07,8.3,3.4,12.305376,6.732258,17.11,-4.005376,False
2018-02-08,14.1,4.3,12.415054,6.811935,17.2,1.684946,False
2018-02-09,11.3,7.4,12.553656,6.913871,17.4,-1.253656,False
2018-02-10,7.9,5.2,12.684946,7.035914,17.5,-4.784946,False
2018-02-11,9.3,5.7,12.823763,7.156667,17.7,-3.523763,False
2018-02-12,9.7,5.7,12.940538,7.29129,17.9,-3.240538,False
2018-02-13,13.4,5.7,13.062258,7.40043,18.2,0.337742,False
2018-02-14,13.6,8.4,13.207634,7.52043,18.41,0.392366,False
2018-02-15,13.7,5.1,13.328172,7.639247,18.61,0.371828,False
2018-02-16,19.3,6.1,13.475591,7.718065,18.81,5.824409,False
2018-02-17,15.7,7.4,13.65043,7.793871,19.1,2.04957,False
2018-02-18,15.7,9.2,13.819677,7.911613,19.2,1.880323,False
2018-02-19,13.9,9.1,13.98086,8.026344,19.3,-0.08086,False
2018-02-20,15.5,9.6,14.112903,8.141828,19.4,1.387097,False
2018-02-21,13.7,8.4,14.218817,8.23914,19.51,-0.518817,False
2018-02-22,9.9,6.3,14.32914,8.310323,19.7,-4.42914,False
2018-02-23,15.2,6.7,14.452581,8.406882,19.81,0.747419,False
2018-02-24,15.5,8.9,14.584301,8.511613,20.1,0.915699,False
2018-02-25,19.8,8.6,14.741613,8.615161,20.21,5.058387,False
2018-02-26,14.1,9.3,14.878495,8.736022,20.5,-0.778495,False
2018-02-27,15.9,8.3,15.007742,8.846882,20.8,0.892258,False
2018-02-28,21.8,8.6,15.140968,8.973333,20.9,6.659032,False
2018-03-01,23.2,12.3,15.284194,9.08914,21.0,7.915806,False
2018-03-02,22.7,12.6,15.464301,9.185699,21.5,7.235699,False
2018-03-03,24.9,13.7,15.657849,9.316129,22.01,9.242151,False
2018-03-04,19.3,10.0,15.843441,9.445161,22.41,3.456559,False
2018-03-05,15.9,11.5,16.049032,9.578602,22.71,-0.149032,False
2018-03-06,13.1,11.1,16.247419,9.706344,22.91,-3.147419,False
2018-03-07,15.8,8.1,16.402903,9.832043,23.1,-0.602903,False
2018-03-08,21.0,7.4,16.513978,9.936237,23.2,4.486022,False
2018-03-09,24.4,8.3,16.626129,10.040538,23.4,7.773871,False
2018-03-10,22.1,11.1,16.775054,10.15172,23.5,5.324946,False
2018-03-11,19.0,10.9,16.966882,10.280645,23.7,2.033118,False
2018-03-12,19.2,12.0,17.127849,10.397742,23.71,2.072151,False
2018-03-13,19.6,12.2,17.291828,10.504946,23.91,2.308172,False
2018-03-14,24.6,10.8,17.490215,10.63129,24.1,7.109785,False
2018-03-15,27.9,12.0,17.692366,10.783333,24.3,10.207634,False
2018-03-16,26.2,16.7,17.895914,10.949355,24.6,8.304086,False
2018-03-17,24.0,15.8,18.066667,11.096989,24.71,5.933333,False
2018-03-18,16.2,12.4,18.238602,11.237419,24.81,-2.038602,False
2018-03-19,17.5,9.4,18.404516,11.412581,25.3,-0.904516,False
2018-03-20,21.5,10.6,18.554194,11.583763,25.51,2.945806,False
2018-03-21,21.4,10.6,18.685054,11.695699,25.6,2.714946,False
2018-03-22,24.0,11.0,18.86,11.817742,25.9,5.14,False
2018-03-23,18.9,14.4,19.047204,11.972258,26.1,-0.147204,False
2018-03-24,16.1,14.0,19.22957,12.143978,26.11,-3.12957,False
2018-03-25,21.3,13.2,19.396237,12.312903,26.2,1.903763,False
2018-03-26,22.6,13.8,19.510323,12.453978,26.3,3.089677,False
2018-03-27,21.2,15.2,19.627312,12.57828,26.4,1.572688,False
2018-03-28,16.6,14.2,19.76172,12.698495,26.5,-3.16172,False
2018-03-29,23.7,14.6,19.892043,12.79129,26.8,3.807957,False
2018-03-30,23.4,15.9,20.033226,12.909892,27.0,3.366774,False
2018-03-31,20.5,16.9,20.223548,13.032043,27.2,0.276452,False
2018-04-01,25.5,14.2,20.439247,13.179032,27.51,5.060753,False
2018-04-02,29.4,14.5,20.643333,13.354731,27.81,8.756667,False
2018-04-03,32.4,16.3,20.817097,13.514624,28.11,11.582903,False
2018-04-04,32.8,18.0,21.004086,13.687204,28.3,11.795914,False
2018-04-05,18.1,12.5,21.162796,13.848817,28.4,-3.062796,False
2018-04-06,18.4,11.1,21.317527,13.995054,28.5,-2.917527,False
2018-04-07,22.1,12.1,21.526559,14.166452,28.71,0.573441,False
2018-04-08,25.5,13.3,21.752581,14.348387,29.0,3.747419,False
2018-04-09,29.5,14.5,21.951398,14.521828,29.01,7.548602,False
2018-04-10,28.4,18.7,22.103333,14.683226,29.1,6.296667,False
2018-04-11,27.0,20.1,22.245161,14.830538,29.2,4.754839,False
2018-04-12,26.6,20.1,22.436237,14.988387,29.4,4.163763,False
2018-04-13,21.7,12.5,22.63871,15.160968,29.61,-0.93871,False
2018-04-14,13.9,11.9,22.844946,15.325269,29.72,-8.944946,False
2018-04-15,18.5,12.0,23.052903,15.472366,30.1,-4.552903,False
2018-04-16,24.6,12.0,23.249462,15.607957,30.3,1.350538,False
2018-04-17,30.2,14.3,23.416022,15.755591,30.4,6.783978,False
2018-04-18,32.6,16.9,23.559462,15.902473,30.4,9.040538,False
2018-04-19,31.8,21.2,23.715914,16.036989,30.5,8.084086,False
2018-04-20,27.6,19.5,23.876989,16.173871,30.6,3.723011,False
2018-04-21,27.8,20.0,24.061613,16.342151,30.7,3.738387,False
2018-04-22,25.9,20.0,24.187527,16.507419,30.8,1.712473,False
2018-04-23,24.1,20.5,24.275591,16.632688,30.9,-0.175591,False
2018-04-24,21.8,17.5,24.390968,16.73957,30.9,-2.590968,False
2018-04-25,18.8,17.4,24.554731,16.870323,31.0,-5.754731,False
2018-04-26,25.1,17.3,24.738817,17.014624,31.11,0.361183,False
2018-04-27,26.3,18.2,24.925699,17.162581,31.5,1.374301,False
2018-04-28,28.6,19.5,25.074194,17.314301,31.51,3.525806,False
2018-04-29,29.9,19.7,25.20043,17.487312,31.6,4.69957,False
2018-04-30,30.5,20.9,25.322581,17.623333,31.61,5.177419,False
2018-05-01,27.1,20.4,25.40828,17.746882,31.71,1.69172,False
2018-05-02,25.7,19.8,25.473656,17.863871,31.81,0.226344,False
2018-05-03,23.9,19.2,25.537419,17.964624,31.9,-1.637419,False
2018-05-04,26.6,19.9,25.628387,18.070968,32.0,0.971613,False
2018-05-05,26.0,16.0,25.694194,18.166237,32.1,0.305806,False
2018-05-06,24.5,16.9,25.762903,18.243656,32.2,-1.262903,False
2018-05-07,27.9,18.8,25.814731,18.337312,32.3,2.085269,False
2018-05-08,28.4,19.4,25.896344,18.431183,32.31,2.503656,False
2018-05-09,19.7,17.6,25.955914,18.517312,32.4,-6.255914,False
2018-05-10,22.1,17.9,26.055591,18.615699,32.4,-3.955591,False
2018-05-11,23.3,17.5,26.166452,18.728925,32.4,-2.866452,False
2018-05-12,27.7,17.4,26.227849,18.832151,32.4,1.472151,False
2018-05-13,31.4,20.2,26.269247,18.919892,32.4,5.130753,False
2018-05-14,34.1,21.5,26.290645,19.001183,32.4,7.809355,True
2018-05-15,35.7,23.3,26.297634,19.073871,32.4,9.402366,True
2018-05-16,36.8,26.0,26.296129,19.148065,32.3,10.503871,True
2018-05-17,32.1,21.9,26.297204,19.231828,32.3,5.802796,False
2018-05-18,29.5,22.5,26.341613,19.313441,32.21,3.158387,False
2018-05-19,31.6,23.5,26.416129,19.394946,32.21,5.183871,False
2018-05-20,33.4,25.5,26.505269,19.497849,32.4,6.894731,False
2018-05-21,34.9,20.6,26.583118,19.608602,32.4,8.316882,False
2018-05-22,20.3,16.1,26.637634,19.710753,32.4,-6.337634,False
2018-05-23,24.4,18.5,26.705699,19.800753,32.41,-2.305699,False
2018-05-24,24.1,20.3,26.793763,19.897742,32.41,-2.693763,False
2018-05-25,27.0,21.4,26.847204,20.006882,32.6,0.152796,False
2018-05-26,23.7,18.1,26.87914,20.106344,32.51,-3.17914,False
2018-05-27,22.4,18.0,26.921398,20.191613,32.51,-4.521398,False
2018-05-28,27.1,20.6,26.962581,20.276559,32.4,0.137419,False
2018-05-29,24.6,19.6,27.02086,20.366344,32.6,-2.42086,False
2018-05-30,23.1,18.7,27.151828,20.465484,32.6,-4.051828,False
2018-05-31,23.2,18.8,27.270323,20.586667,32.7,-4.070323,False
2018-06-01,22.9,19.5,27.358495,20.710108,32.71,-4.458495,False
2018-06-02,25.2,19.1,27.453118,20.823441,32.9,-2.253118,False
2018-06-03,26.9,19.9,27.540645,20.943441,32.9,-0.640645,False
2018-06-04,27.1,20.0,27.578817,21.043011,32.9,-0.478817,False
2018-06-05,31.5,19.9,27.612688,21.140968,32.9,3.887312,False
2018-06-06,34.1,21.9,27.707634,21.264086,32.9,6.392366,False
2018-06-07,34.2,23.5,27.81914,21.381398,32.81,6.38086,False
2018-06-08,27.1,20.2,27.88871,21.487527,32.8,-0.78871,False
2018-06-09,29.5,21.4,28.00828,21.586882,32.9,1.49172,False
2018-06-10,31.8,22.2,28.106237,21.701183,33.0,3.693763,False
2018-06-11,27.4,20.9,28.225054,21.829892,33.2,-0.825054,False
2018-06-12,25.3,20.3,28.365806,21.963871,33.4,-3.065806,False
2018-06-13,27.9,21.0,28.508495,22.105591,33.5,-0.608495,False
2018-06-14,25.7,20.9,28.620645,22.230753,33.7,-2.920645,False
2018-06-15,25.8,20.8,28.703441,22.354194,33.8,-2.903441,False
2018-06-16,23.9,20.8,28.806882,22.470645,34.0,-4.906882,False
2018-06-17,26.0,21.1,28.922796,22.592473,34.1,-2.922796,False
2018-06-18,26.1,22.5,29.007527,22.703226,34.2,-2.907527,False
2018-06-19,29.1,23.0,29.079785,22.810538,34.3,0.020215,False
2018-06-20,28.2,23.7,29.12914,22.898065,34.3,-0.92914,False
2018-06-21,26.0,22.5,29.214516,22.993978,34.3,-3.214516,False
2018-06-22,28.6,22.6,29.329785,23.079677,34.4,-0.729785,False
2018-06-23,30.8,25.2,29.45914,23.185161,34.6,1.34086,False
2018-06-24,33.3,26.1,29.589677,23.290538,34.7,3.710323,False
2018-06-25,35.5,27.4,29.742581,23.395161,34.71,5.757419,True
2018-06-26,35.3,27.3,29.877527,23.493226,34.81,5.422473,True
2018-06-27,35.7,27.3,30.011935,23.599677,35.0,5.688065,True
2018-06-28,35.0,27.4,30.165269,23.72086,35.0,4.834731,False
2018-06-29,34.9,27.3,30.32172,23.84086,35.3,4.57828,False
2018-06-30,31.0,25.8,30.428065,23.94043,35.31,0.571935,False
2018-07-01,33.3,26.6,30.529032,24.03828,35.4,2.770968,False
2018-07-02,32.8,26.3,30.659355,24.132151,35.5,2.140645,False
2018-07-03,27.8,24.6,30.783978,24.222258,35.6,-2.983978,False
2018-07-04,27.9,25.5,30.886344,24.304194,35.7,-2.986344,False
2018-07-05,29.8,25.7,31.033226,24.406882,35.8,-1.233226,False
2018-07-06,28.9,25.1,31.204086,24.514301,35.9,-2.304086,False
2018-07-07,30.0,24.6,31.322258,24.597312,36.0,-1.322258,False
2018-07-08,31.8,25.0,31.47129,24.690323,36.1,0.32871,False
2018-07-09,31.2,26.1,31.640753,24.787419,36.2,-0.440753,False
2018-07-10,35.8,27.8,31.807849,24.89914,36.4,3.992151,False
2018-07-11,34.8,24.3,31.996237,25.009032,36.6,2.803763,False
2018-07-12,31.7,24.8,32.177204,25.109677,36.8,-0.477204,False
2018-07-13,34.9,26.7,32.34,25.19871,36.9,2.56,False
2018-07-14,36.3,27.1,32.449677,25.255161,37.0,3.850323,False
2018-07-15,36.7,27.6,32.573118,25.321613,37.0,4.126882,False
2018-07-16,36.7,27.2,32.719247,25.386559,37.1,3.980753,False
2018-07-17,35.9,27.0,32.815054,25.433656,37.2,3.084946,False
2018-07-18,39.0,28.4,32.891183,25.473763,37.3,6.108817,True
2018-07-19,38.7,28.8,33.009247,25.524409,37.4,5.690753,True
2018-07-20,39.9,28.2,33.152043,25.586559,37.4,6.747957,True
2018-07-21,38.7,29.1,33.286774,25.656344,37.5,5.413226,True
2018-07-22,38.5,27.5,33.393226,25.716559,37.5,5.106774,True
2018-07-23,38.3,27.3,33.494301,25.757204,37.6,4.805699,True
2018-07-24,37.5,28.3,33.548065,25.793656,37.61,3.951935,False
2018-07-25,36.1,26.8,33.607097,25.829785,37.8,2.492903,False
2018-07-26,37.0,28.1,33.653548,25.86957,37.9,3.346452,False
2018-07-27,38.0,28.4,33.69,25.895914,38.0,4.31,False
2018-07-28,38.4,29.7,33.732581,25.905054,38.2,4.667419,False
2018-07-29,39.0,27.6,33.758925,25.914624,38.21,5.241075,False
2018-07-30,32.1,25.0,33.807527,25.921075,38.3,-1.707527,False
2018-07-31,32.6,24.8,33.844194,25.927097,38.3,-1.244194,False
2018-08-01,33.8,26.1,33.874086,25.921398,38.31,-0.074086,False
2018-08-02,34.3,26.6,33.893656,25.908495,38.4,0.406344,False
2018-08-03,34.5,25.5,33.891505,25.909462,38.4,0.608495,False
2018-08-04,34.6,26.0,33.916882,25.901183,38.4,0.683118,False
2018-08-05,34.3,26.3,33.883978,25.859785,38.4,0.416022,False
2018-08-06,32.9,25.8,33.842903,25.807419,38.4,-0.942903,False
2018-08-07,33.7,25.0,33.810108,25.770538,38.4,-0.110108,False
2018-08-08,32.9,25.5,33.783871,25.73129,38.41,-0.883871,False
2018-08-09,33.8,26.5,33.734731,25.677204,38.4,0.065269,False
2018-08-10,34.6,26.5,33.647634,25.626774,38.4,0.952366,False
2018-08-11,32.7,24.8,33.550538,25.553333,38.4,-0.850538,False
2018-08-12,34.1,25.9,33.433441,25.474516,38.4,0.666559,False
2018-08-13,35.9,27.1,33.29828,25.392258,38.4,2.60172,False
2018-08-14,36.6,27.1,33.196452,25.323118,38.4,3.403548,False
2018-08-15,33.7,26.0,33.134624,25.250753,38.41,0.565376,False
2018-08-16,33.1,24.6,33.042688,25.17043,38.51,0.057312,False
2018-08-17,31.5,24.0,32.971935,25.089462,38.6,-1.471935,False
2018-08-18,32.4,23.9,32.877957,24.997097,38.6,-0.477957,False
2018-08-19,36.8,26.7,32.75086,24.912796,38.6,4.04914,False
2018-08-20,38.4,27.7,32.632903,24.820753,38.6,5.767097,False
2018-08-21,37.8,26.2,32.507527,24.709892,38.61,5.292473,False
2018-08-22,29.2,24.6,32.359785,24.581828,38.6,-3.159785,False
2018-08-23,31.2,24.5,32.200753,24.468602,38.51,-1.000753,False
2018-08-24,34.7,25.4,32.058065,24.356667,38.5,2.641935,False
2018-08-25,35.3,23.8,31.909032,24.238817,38.4,3.390968,False
2018-08-26,36.0,26.0,31.744946,24.1,38.31,4.255054,False
2018-08-27,36.5,26.9,31.612043,23.982796,38.1,4.887957,False
2018-08-28,37.5,28.2,31.45957,23.861075,37.81,6.04043,False
2018-08-29,37.6,28.6,31.298817,23.72172,37.8,6.301183,False
2018-08-30,38.8,28.3,31.084624,23.573333,37.61,7.715376,True
2018-08-31,37.8,29.2,30.898602,23.440753,37.6,6.901398,True
2018-09-01,38.6,29.6,30.753548,23.322796,37.5,7.846452,True
2018-09-02,38.3,28.3,30.581183,23.203226,37.4,7.718817,True
2018-09-03,37.3,28.3,30.387742,23.06172,37.31,6.912258,False
2018-09-04,39.6,29.5,30.173871,22.908065,37.21,9.426129,False
2018-09-05,38.8,22.6,29.986989,22.757527,36.91,8.813011,False
2018-09-06,24.3,20.1,29.808495,22.61086,36.81,-5.508495,False
2018-09-07,21.6,20.0,29.632796,22.46871,36.8,-8.032796,False
2018-09-08,25.6,18.9,29.436774,22.325161,36.5,-3.836774,False
2018-09-09,26.8,19.2,29.224409,22.175699,36.2,-2.424409,False
2018-09-10,20.1,18.8,29.017204,22.02086,36.0,-8.917204,False
2018-09-11,20.4,18.9,28.806667,21.882796,35.7,-8.406667,False
2018-09-12,21.0,19.3,28.587527,21.732473,35.4,-7.587527,False
2018-09-13,22.0,20.0,28.394839,21.59086,35.11,-6.394839,False
2018-09-14,23.3,20.3,28.242581,21.454946,34.7,-4.942581,False
2018-09-15,23.0,20.7,28.083548,21.318817,34.4,-5.083548,False
2018-09-16,23.3,20.8,27.882903,21.177634,34.2,-4.582903,False
2018-09-17,23.2,20.9,27.687419,21.031828,33.9,-4.487419,False
2018-09-18,23.2,21.2,27.451183,20.872581,33.71,-4.251183,False
2018-09-19,32.6,23.2,27.215806,20.696989,33.6,5.384194,False
2018-09-20,27.5,21.0,26.974946,20.507527,33.32,0.525054,False
2018-09-21,24.3,21.4,26.748172,20.326667,33.01,-2.448172,False
2018-09-22,26.3,20.8,26.546022,20.165054,32.9,-0.246022,False
2018-09-23,28.5,21.5,26.350108,20.016667,32.7,2.149892,False
2018-09-24,23.2,20.5,26.170108,19.863871,32.51,-2.970108,False
2018-09-25,21.7,20.1,25.973226,19.707849,32.3,-4.273226,False
2018-09-26,22.4,19.6,25.783548,19.564194,32.2,-3.383548,False
2018-09-27,20.8,18.3,25.556022,19.414624,31.8,-4.756022,False
2018-09-28,20.8,18.0,25.312581,19.256774,31.5,-4.512581,False
2018-09-29,24.9,18.3,25.093333,19.102688,31.21,-0.193333,False
2018-09-30,22.7,18.0,24.894946,18.959785,31.1,-2.194946,False
2018-10-01,19.7,16.9,24.676344,18.797742,31.0,-4.976344,False
2018-10-02,18.8,16.2,24.430323,18.619892,30.71,-5.630323,False
2018-10-03,17.4,15.7,24.222581,18.46,30.6,-6.822581,False
2018-10-04,21.3,15.9,24.027312,18.302473,30.5,-2.727312,False
2018-10-05,23.0,17.1,23.849032,18.158387,30.3,-0.849032,False
2018-10-06,19.5,17.5,23.66957,18.019032,30.1,-4.16957,False
2018-10-07,18.3,16.8,23.477957,17.878925,29.81,-5.177957,False
2018-10-08,18.0,16.3,23.303763,17.73172,29.61,-5.303763,False
2018-10-09,19.0,15.0,23.119785,17.575591,29.41,-4.119785,False
2018-10-10,23.7,15.0,22.927634,17.423763,29.1,0.772366,False
2018-10-11,23.7,15.4,22.746774,17.276667,28.9,0.953226,False
2018-10-12,21.8,15.9,22.560753,17.116667,28.7,-0.760753,False
2018-10-13,15.9,14.5,22.379032,16.952366,28.6,-6.479032,False
2018-10-14,17.8,15.0,22.18172,16.785269,28.4,-4.38172,False
2018-10-15,20.8,15.5,21.961828,16.600753,28.2,-1.161828,False
2018-10-16,18.8,14.0,21.729677,16.420108,27.7,-2.929677,False
2018-10-17,22.5,15.5,21.545484,16.239247,27.5,0.954516,False
2018-10-18,18.3,15.3,21.375699,16.066344,27.0,-3.075699,False
2018-10-19,16.9,15.2,21.281183,15.907742,26.9,-4.381183,False
2018-10-20,17.2,14.9,21.20129,15.757634,26.6,-4.00129,False
2018-10-21,19.1,15.6,21.097097,15.628817,26.31,-1.997097,False
2018-10-22,19.0,16.1,20.980215,15.506559,26.0,-1.980215,False
2018-10-23,18.8,15.9,20.849462,15.369677,25.71,-2.049462,False
2018-10-24,19.6,16.4,20.703548,15.227957,25.4,-1.103548,False
2018-10-25,18.7,16.2,20.571828,15.085806,25.2,-1.871828,False
2018-10-26,21.4,16.2,20.450215,14.939677,24.9,0.949785,False
2018-10-27,19.7,15.8,20.327527,14.799032,24.7,-0.627527,False
2018-10-28,21.3,14.6,20.207419,14.65828,24.6,1.092581,False
2018-10-29,21.6,14.7,20.115269,14.53,24.6,1.484731,False
2018-10-30,21.8,13.2,20.004409,14.390538,24.41,1.795591,False
2018-10-31,24.0,11.8,19.867527,14.255054,24.4,4.132473,False
2018-11-01,24.7,11.5,19.71828,14.106344,24.3,4.98172,False
2018-11-02,25.2,11.4,19.572151,13.958925,24.1,5.627849,False
2018-11-03,25.2,11.4,19.390538,13.790108,23.91,5.809462,False
2018-11-04,20.2,13.7,19.188495,13.620108,23.71,1.011505,False
2018-11-05,13.8,11.2,18.987204,13.452688,23.51,-5.187204,False
2018-11-06,11.8,10.4,18.803871,13.281828,23.4,-7.003871,False
2018-11-07,11.4,8.6,18.635269,13.104516,23.3,-7.235269,False
2018-11-08,16.7,9.7,18.443871,12.935806,23.1,-1.743871,False
2018-11-09,12.6,10.4,18.252366,12.759677,23.0,-5.652366,False
2018-11-10,13.2,11.1,18.09129,12.593763,22.9,-4.89129,False
2018-11-11,16.0,11.5,17.930538,12.427097,22.9,-1.930538,False
2018-11-12,18.2,11.5,17.757742,12.261828,22.8,0.442258,False
2018-11-13,16.3,13.5,17.592688,12.113871,22.7,-1.292688,False
2018-11-14,16.4,12.4,17.432581,11.971075,22.6,-1.032581,False
2018-11-15,16.7,13.6,17.26043,11.838925,22.5,-0.56043,False
2018-11-16,14.9,10.8,17.063656,11.696882,22.4,-2.163656,False
2018-11-17,11.1,8.9,16.886344,11.563763,22.2,-5.786344,False
2018-11-18,10.3,7.0,16.692688,11.422366,22.0,-6.392688,False
2018-11-19,12.6,8.4,16.474839,11.272903,21.8,-3.874839,False
2018-11-20,12.6,10.1,16.224194,11.121505,21.6,-3.624194,False
2018-11-21,12.1,8.7,15.999677,10.944516,21.3,-3.899677,False
2018-11-22,13.8,7.6,15.767419,10.748817,21.0,-1.967419,False
2018-11-23,16.0,8.3,15.536559,10.572366,20.4,0.463441,False
2018-11-24,12.1,9.0,15.328817,10.401183,20.0,-3.228817,False
2018-11-25,16.5,8.3,15.091828,10.239785,19.61,1.408172,False
2018-11-26,16.3,8.6,14.854516,10.072366,19.1,1.445484,False
2018-11-27,14.3,9.0,14.624624,9.890753,18.91,-0.324624,False
2018-11-28,15.4,9.6,14.43,9.724516,18.6,0.97,False
2018-11-29,14.0,12.1,14.207634,9.563333,18.4,-0.207634,False
2018-11-30,13.3,12.0,13.97957,9.402581,18.2,-0.67957,False
2018-12-01,16.1,12.7,13.793118,9.216559,17.9,2.306882,False
2018-12-02,17.7,13.3,13.63086,9.051935,17.7,4.06914,False
2018-12-03,17.7,11.4,13.456022,8.900968,17.4,4.243978,False
2018-12-04,16.2,11.0,13.309892,8.745054,17.2,2.890108,False
2018-12-05,11.9,10.7,13.189462,8.603871,17.0,-1.289462,False
2018-12-06,11.0,7.6,13.079677,8.447957,16.8,-2.079677,False
2018-12-07,9.3,6.5,12.94957,8.302581,16.6,-3.64957,False
2018-12-08,8.0,5.8,12.800753,8.175054,16.3,-4.800753,False
2018-12-09,8.4,6.2,12.678387,8.050645,16.11,-4.278387,False
2018-12-10,8.8,6.5,12.540645,7.939677,16.0,-3.740645,False
2018-12-11,9.3,5.2,12.396344,7.814839,15.8,-3.096344,False
2018-12-12,9.8,5.7,12.239677,7.681505,15.5,-2.439677,False
2018-12-13,10.5,7.6,12.104516,7.546882,15.4,-1.604516,False
2018-12-14,10.3,7.6,11.955054,7.416774,15.3,-1.655054,False
2018-12-15,9.8,7.2,11.820215,7.287097,15.1,-2.020215,False
2018-12-16,13.1,3.4,11.690645,7.149677,14.9,1.409355,False
2018-12-17,13.1,3.5,11.573656,7.028925,14.71,1.526344,False
2018-12-18,10.5,6.7,11.459677,6.920323,14.6,-0.959677,False
2018-12-19,9.5,6.1,11.352688,6.822151,14.4,-1.852688,False
2018-12-20,13.7,6.7,11.252796,6.741398,14.3,2.447204,False
2018-12-21,10.7,9.8,11.180323,6.653011,14.2,-0.480323,False
2018-12-22,12.8,8.9,11.091935,6.589677,14.1,1.708065,False
2018-12-23,11.7,8.9,11.00871,6.537957,13.9,0.69129,False
2018-12-24,9.6,7.6,10.932043,6.464946,13.81,-1.332043,False
2018-12-25,9.8,8.1,10.845591,6.385161,13.7,-1.045591,False
2018-12-26,10.8,8.8,10.783656,6.294946,13.5,0.016344,False
2018-12-27,9.5,7.5,10.726129,6.23129,13.41,-1.226129,False
2018-12-28,8.3,3.7,10.678925,6.175269,13.4,-2.378925,False
2018-12-29,4.4,3.1,10.622581,6.097634,13.3,-6.222581,False
2018-12-30,6.3,2.6,10.58086,6.037419,13.3,-4.28086,False
2018-12-31,7.4,2.6,10.557419,5.989355,13.2,-3.157419,False
2019-01-01,7.7,4.2,10.531398,5.955806,13.2,-2.831398,False
2019-01-02,9.9,4.7,10.490968,5.933441,13.2,-0.590968,False
2019-01-03,7.2,5.7,10.449677,5.900323,13.2,-3.249677,False
2019-01-04,8.3,5.9,10.397097,5.880108,13.1,-2.097097,False
2019-01-05,11.8,5.1,10.357419,5.856022,13.1,1.442581,False
2019-01-06,9.2,6.9,10.316774,5.836022,13.1,-1.116774,False
2019-01-07,11.6,7.0,10.296774,5.791613,13.2,1.303226,False
2019-01-08,9.6,5.9,10.280538,5.771398,13.2,-0.680538,False
2019-01-09,7.6,6.0,10.244624,5.745591,13.2,-2.644624,False
2019-01-10,8.2,5.9,10.239355,5.709462,13.2,-2.039355,False
2019-01-11,11.0,5.0,10.222581,5.679462,13.3,0.777419,False
2019-01-12,9.5,6.6,10.253118,5.646774,13.31,-0.753118,False
2019-01-13,10.3,7.3,10.280323,5.639462,13.4,0.019677,False
2019-01-14,10.5,7.1,10.333226,5.621828,13.5,0.166774,False
2019-01-15,9.9,5.8,10.382366,5.611075,13.61,-0.482366,False
2019-01-16,11.6,6.2,10.413871,5.635591,13.8,1.186129,False
2019-01-17,11.6,7.6,10.446452,5.647634,13.9,1.153548,False
2019-01-18,9.5,8.0,10.468065,5.657527,13.9,-0.968065,False
2019-01-19,10.7,7.5,10.492043,5.669462,14.0,0.207957,False
2019-01-20,10.7,8.2,10.559462,5.676129,14.2,0.140538,False
2019-01-21,9.6,4.5,10.650753,5.699032,14.4,-1.050753,False
2019-01-22,12.3,3.5,10.740323,5.731828,14.51,1.559677,False
2019-01-23,11.9,7.0,10.840215,5.76957,14.7,1.059785,False
2019-01-24,11.4,8.8,10.928387,5.823226,14.9,0.471613,False
2019-01-25,11.7,9.2,11.005914,5.880538,15.2,0.694086,False
2019-01-26,12.3,9.4,11.101183,5.932151,15.5,1.198817,False
2019-01-27,10.4,7.8,11.203978,5.985161,15.7,-0.803978,False
2019-01-28,12.0,7.9,11.302688,6.039785,15.9,0.697312,False
2019-01-29,10.9,8.6,11.404624,6.109032,16.1,-0.504624,False
2019-01-30,9.2,7.4,11.502581,6.170538,16.2,-2.302581,False
2019-01-31,10.6,7.4,11.607419,6.230538,16.3,-1.007419,False
2019-02-01,12.1,7.9,11.711398,6.290108,16.5,0.388602,False
2019-02-02,12.4,8.2,11.795376,6.343763,16.6,0.604624,False
2019-02-03,15.1,9.0,11.896559,6.408065,16.7,3.203441,False
2019-02-04,16.2,7.5,12.0,6.472903,16.81,4.2,False
2019-02-05,19.9,7.0,12.109462,6.547527,17.0,7.790538,False
2019-02-06,19.1,6.6,12.214516,6.631398,17.1,6.885484,False
2019-02-07,19.1,10.9,12.305376,6.732258,17.11,6.794624,False
2019-02-08,13.2,9.6,12.415054,6.811935,17.2,0.784946,False
2019-02-09,10.1,5.5,12.553656,6.913871,17.4,-2.453656,False
2019-02-10,7.9,5.7,12.684946,7.035914,17.5,-4.784946,False
2019-02-11,10.8,6.8,12.823763,7.156667,17.7,-2.023763,False
2019-02-12,11.4,7.8,12.940538,7.29129,17.9,-1.540538,False
2019-02-13,13.5,8.6,13.062258,7.40043,18.2,0.437742,False
2019-02-14,10.6,8.5,13.207634,7.52043,18.41,-2.607634,False
2019-02-15,14.1,8.8,13.328172,7.639247,18.61,0.771828,False
2019-02-16,12.5,8.0,13.475591,7.718065,18.81,-0.975591,False
2019-02-17,9.4,5.8,13.65043,7.793871,19.1,-4.25043,False
2019-02-18,11.0,6.1,13.819677,7.911613,19.2,-2.819677,False
2019-02-19,11.7,7.2,13.98086,8.026344,19.3,-2.28086,False
2019-02-20,12.6,9.0,14.112903,8.141828,19.4,-1.512903,False
2019-02-21,14.8,6.8,14.218817,8.23914,19.51,0.581183,False
2019-02-22,14.9,7.0,14.32914,8.310323,19.7,0.57086,False
2019-02-23,13.1,7.6,14.452581,8.406882,19.81,-1.352581,False
2019-02-24,12.5,8.5,14.584301,8.511613,20.1,-2.084301,False
2019-02-25,14.9,8.8,14.741613,8.615161,20.21,0.158387,False
2019-02-26,13.1,10.0,14.878495,8.736022,20.5,-1.778495,False
2019-02-27,12.6,10.1,15.007742,8.846882,20.8,-2.407742,False
2019-02-28,13.3,10.0,15.140968,8.973333,20.9,-1.840968,False
2019-03-01,14.6,10.4,15.284194,9.08914,21.0,-0.684194,False
2019-03-02,13.9,8.7,15.464301,9.185699,21.5,-1.564301,False
2019-03-03,19.0,8.8,15.657849,9.316129,22.01,3.342151,False
2019-03-04,12.6,10.8,15.843441,9.445161,22.41,-3.243441,False
2019-03-05,14.8,11.5,16.049032,9.578602,22.71,-1.249032,False
2019-03-06,14.5,9.8,16.247419,9.706344,22.91,-1.747419,False
2019-03-07,13.2,8.4,16.402903,9.832043,23.1,-3.202903,False
2019-03-08,11.8,9.3,16.513978,9.936237,23.2,-4.713978,False
2019-03-09,14.9,6.7,16.626129,10.040538,23.4,-1.726129,False
2019-03-10,20.4,7.8,16.775054,10.15172,23.5,3.624946,False
2019-03-11,22.5,12.0,16.966882,10.280645,23.7,5.533118,False
2019-03-12,16.2,12.3,17.127849,10.397742,23.71,-0.927849,False
2019-03-13,13.9,11.8,17.291828,10.504946,23.91,-3.391828,False
2019-03-14,14.3,11.1,17.490215,10.63129,24.1,-3.190215,False
2019-03-15,14.7,10.6,17.692366,10.783333,24.3,-2.992366,False
2019-03-16,17.4,11.1,17.895914,10.949355,24.6,-0.495914,False
2019-03-17,17.4,8.5,18.066667,11.096989,24.71,-0.666667,False
2019-03-18,21.6,9.9,18.238602,11.237419,24.81,3.361398,False
2019-03-19,22.7,12.4,18.404516,11.412581,25.3,4.295484,False
2019-03-20,26.4,13.6,18.554194,11.583763,25.51,7.845806,False
2019-03-21,20.9,11.1,18.685054,11.695699,25.6,2.214946,False
2019-03-22,13.0,10.9,18.86,11.817742,25.9,-5.86,False
2019-03-23,11.9,9.9,19.047204,11.972258,26.1,-7.147204,False
2019-03-24,13.8,7.5,19.22957,12.143978,26.11,-5.42957,False
2019-03-25,19.3,8.6,19.396237,12.312903,26.2,-0.096237,False
2019-03-26,19.9,13.6,19.510323,12.453978,26.3,0.389677,False
2019-03-27,20.0,13.7,19.627312,12.57828,26.4,0.372688,False
2019-03-28,25.3,11.8,19.76172,12.698495,26.5,5.53828,False
2019-03-29,30.3,13.4,19.892043,12.79129,26.8,10.407957,False
2019-03-30,20.3,15.3,20.033226,12.909892,27.0,0.266774,False
2019-03-31,15.7,12.7,20.223548,13.032043,27.2,-4.523548,False
2019-04-01,18.7,12.6,20.439247,13.179032,27.51,-1.739247,False
2019-04-02,15.4,13.7,20.643333,13.354731,27.81,-5.243333,False
2019-04-03,19.6,13.6,20.817097,13.514624,28.11,-1.217097,False
2019-04-04,19.9,13.2,21.004086,13.687204,28.3,-1.104086,False
2019-04-05,25.3,12.5,21.162796,13.848817,28.4,4.137204,False
2019-04-06,28.3,12.7,21.317527,13.995054,28.5,6.982473,False
2019-04-07,34.2,14.9,21.526559,14.166452,28.71,12.673441,False
2019-04-08,33.4,19.9,21.752581,14.348387,29.0,11.647419,False
2019-04-09,29.7,19.9,21.951398,14.521828,29.01,7.748602,False
2019-04-10,21.0,14.5,22.103333,14.683226,29.1,-1.103333,False
2019-04-11,23.5,15.6,22.245161,14.830538,29.2,1.254839,False
2019-04-12,25.3,17.4,22.436237,14.988387,29.4,2.863763,False
2019-04-13,26.4,16.3,22.63871,15.160968,29.61,3.76129,False
2019-04-14,16.9,15.2,22.844946,15.325269,29.72,-5.944946,False
2019-04-15,17.7,15.0,23.052903,15.472366,30.1,-5.352903,False
2019-04-16,22.8,14.7,23.249462,15.607957,30.3,-0.449462,False
2019-04-17,27.9,16.5,23.416022,15.755591,30.4,4.483978,False
2019-04-18,30.3,20.2,23.559462,15.902473,30.4,6.740538,False
2019-04-19,28.2,20.4,23.715914,16.036989,30.5,4.484086,False
2019-04-20,23.1,18.1,23.876989,16.173871,30.6,-0.776989,False
2019-04-21,26.4,18.5,24.061613,16.342151,30.7,2.338387,False
2019-04-22,29.6,19.2,24.187527,16.507419,30.8,5.412473,False
2019-04-23,30.4,21.1,24.275591,16.632688,30.9,6.124409,False
2019-04-24,31.5,22.3,24.390968,16.73957,30.9,7.109032,False
2019-04-25,34.2,23.8,24.554731,16.870323,31.0,9.645269,False
2019-04-26,36.2,26.4,24.738817,17.014624,31.11,11.461183,False
2019-04-27,33.3,21.3,24.925699,17.162581,31.5,8.374301,False
2019-04-28,23.0,16.6,25.074194,17.314301,31.51,-2.074194,False
2019-04-29,22.1,16.3,25.20043,17.487312,31.6,-3.10043,False
2019-04-30,22.3,16.2,25.322581,17.623333,31.61,-3.022581,False
2019-05-01,28.3,17.6,25.40828,17.746882,31.71,2.89172,False
2019-05-02,20.5,16.4,25.473656,17.863871,31.81,-4.973656,False
2019-05-03,22.9,17.0,25.537419,17.964624,31.9,-2.637419,False
2019-05-04,23.8,17.6,25.628387,18.070968,32.0,-1.828387,False
2019-05-05,20.9,18.2,25.694194,18.166237,32.1,-4.794194,False
2019-05-06,20.5,16.1,25.762903,18.243656,32.2,-5.262903,False
2019-05-07,16.7,15.4,25.814731,18.337312,32.3,-9.114731,False
2019-05-08,20.0,15.3,25.896344,18.431183,32.31,-5.896344,False
2019-05-09,22.6,16.1,25.955914,18.517312,32.4,-3.355914,False
2019-05-10,26.8,18.4,26.055591,18.615699,32.4,0.744409,False
2019-05-11,27.6,19.8,26.166452,18.728925,32.4,1.433548,False
2019-05-12,23.8,19.3,26.227849,18.832151,32.4,-2.427849,False
2019-05-13,21.1,17.8,26.269247,18.919892,32.4,-5.169247,False
2019-05-14,22.8,19.0,26.290645,19.001183,32.4,-3.490645,False
2019-05-15,25.1,19.6,26.297634,19.073871,32.4,-1.197634,False
2019-05-16,27.3,21.0,26.296129,19.148065,32.3,1.003871,False
2019-05-17,29.3,22.0,26.297204,19.231828,32.3,3.002796,False
2019-05-18,24.3,22.1,26.341613,19.313441,32.21,-2.041613,False
2019-05-19,23.9,16.5,26.416129,19.394946,32.21,-2.516129,False
2019-05-20,18.3,16.7,26.505269,19.497849,32.4,-8.205269,False
2019-05-21,22.3,16.2,26.583118,19.608602,32.4,-4.283118,False
2019-05-22,28.0,17.0,26.637634,19.710753,32.4,1.362366,False
2019-05-23,32.9,20.1,26.705699,19.800753,32.41,6.194301,False
2019-05-24,27.4,21.5,26.793763,19.897742,32.41,0.606237,False
2019-05-25,27.5,21.2,26.847204,20.006882,32.6,0.652796,False
2019-05-26,30.4,23.2,26.87914,20.106344,32.51,3.52086,False
2019-05-27,27.7,16.8,26.921398,20.191613,32.51,0.778602,False
2019-05-28,18.8,15.9,26.962581,20.276559,32.4,-8.162581,False
2019-05-29,19.2,16.3,27.02086,20.366344,32.6,-7.82086,False
2019-05-30,23.0,17.4,27.151828,20.465484,32.6,-4.151828,False
2019-05-31,27.2,18.7,27.270323,20.586667,32.7,-0.070323,False
2019-06-01,28.1,18.7,27.358495,20.710108,32.71,0.741505,False
2019-06-02,32.9,19.2,27.453118,20.823441,32.9,5.446882,False
2019-06-03,35.2,21.3,27.540645,20.943441,32.9,7.659355,False
2019-06-04,36.2,23.5,27.578817,21.043011,32.9,8.621183,False
2019-06-05,29.6,21.5,27.612688,21.140968,32.9,1.987312,False
2019-06-06,30.7,22.0,27.707634,21.264086,32.9,2.992366,False
2019-06-07,32.1,23.8,27.81914,21.381398,32.81,4.28086,False
2019-06-08,26.5,22.4,27.88871,21.487527,32.8,-1.38871,False
2019-06-09,25.4,22.8,28.00828,21.586882,32.9,-2.60828,False
2019-06-10,27.4,22.1,28.106237,21.701183,33.0,-0.706237,False
2019-06-11,24.5,21.1,28.225054,21.829892,33.2,-3.725054,False
2019-06-12,25.9,21.4,28.365806,21.963871,33.4,-2.465806,False
2019-06-13,30.9,22.4,28.508495,22.105591,33.5,2.391505,False
2019-06-14,32.1,23.4,28.620645,22.230753,33.7,3.479355,False
2019-06-15,24.3,20.6,28.703441,22.354194,33.8,-4.403441,False
2019-06-16,22.6,20.4,28.806882,22.470645,34.0,-6.206882,False
2019-06-17,24.8,21.3,28.922796,22.592473,34.1,-4.122796,False
2019-06-18,26.5,22.8,29.007527,22.703226,34.2,-2.507527,False
2019-06-19,29.0,24.1,29.079785,22.810538,34.3,-0.079785,False
2019-06-20,30.2,24.5,29.12914,22.898065,34.3,1.07086,False
2019-06-21,28.7,24.5,29.214516,22.993978,34.3,-0.514516,False
2019-06-22,26.1,22.9,29.329785,23.079677,34.4,-3.229785,False
2019-06-23,25.6,22.5,29.45914,23.185161,34.6,-3.85914,False
2019-06-24,26.5,22.2,29.589677,23.290538,34.7,-3.089677,False
2019-06-25,24.5,22.4,29.742581,23.395161,34.71,-5.242581,False
2019-06-26,29.2,23.2,29.877527,23.493226,34.81,-0.677527,False
2019-06-27,27.6,22.9,30.011935,23.599677,35.0,-2.411935,False
2019-06-28,23.1,20.2,30.165269,23.72086,35.0,-7.065269,False
2019-06-29,27.5,21.8,30.32172,23.84086,35.3,-2.82172,False
2019-06-30,29.1,22.4,30.428065,23.94043,35.31,-1.328065,False
2019-07-01,32.9,23.7,30.529032,24.03828,35.4,2.370968,False
2019-07-02,34.7,24.2,30.659355,24.132151,35.5,4.040645,False
2019-07-03,31.5,22.2,30.783978,24.222258,35.6,0.716022,False
2019-07-04,24.3,22.0,30.886344,24.304194,35.7,-6.586344,False
2019-07-05,29.9,22.4,31.033226,24.406882,35.8,-1.133226,False
2019-07-06,29.6,23.9,31.204086,24.514301,35.9,-1.604086,False
2019-07-07,26.5,22.0,31.322258,24.597312,36.0,-4.822258,False
2019-07-08,22.6,21.5,31.47129,24.690323,36.1,-8.87129,False
2019-07-09,28.2,21.9,31.640753,24.787419,36.2,-3.440753,False
2019-07-10,32.2,24.0,31.807849,24.89914,36.4,0.392151,False
2019-07-11,28.0,21.8,31.996237,25.009032,36.6,-3.996237,False
2019-07-12,26.2,22.2,32.177204,25.109677,36.8,-5.977204,False
2019-07-13,31.1,22.9,32.34,25.19871,36.9,-1.24,False
2019-07-14,33.0,24.9,32.449677,25.255161,37.0,0.550323,False
2019-07-15,31.2,23.9,32.573118,25.321613,37.0,-1.373118,False
2019-07-16,26.8,24.3,32.719247,25.386559,37.1,-5.919247,False
2019-07-17,30.4,25.2,32.815054,25.433656,37.2,-2.415054,False
2019-07-18,29.1,24.8,32.891183,25.473763,37.3,-3.791183,False
2019-07-19,31.7,25.6,33.009247,25.524409,37.4,-1.309247,False
2019-07-20,31.2,25.9,33.152043,25.586559,37.4,-1.952043,False
2019-07-21,33.7,27.1,33.286774,25.656344,37.5,0.413226,False
2019-07-22,33.7,25.2,33.393226,25.716559,37.5,0.306774,False
2019-07-23,29.2,25.0,33.494301,25.757204,37.6,-4.294301,False
2019-07-24,31.7,25.3,33.548065,25.793656,37.61,-1.848065,False
2019-07-25,32.3,25.9,33.607097,25.829785,37.8,-1.307097,False
2019-07-26,37.1,28.6,33.653548,25.86957,37.9,3.446452,False
2019-07-27,38.0,29.9,33.69,25.895914,38.0,4.31,False
2019-07-28,37.9,29.8,33.732581,25.905054,38.2,4.167419,False
2019-07-29,34.2,25.1,33.758925,25.914624,38.21,0.441075,False
2019-07-30,30.8,23.9,33.807527,25.921075,38.3,-3.007527,False
2019-07-31,29.7,24.8,33.844194,25.927097,38.3,-4.144194,False
2019-08-01,34.0,26.3,33.874086,25.921398,38.31,0.125914,False
2019-08-02,34.5,27.5,33.893656,25.908495,38.4,0.606344,False
2019-08-03,31.4,24.6,33.891505,25.909462,38.4,-2.491505,False
2019-08-04,30.8,24.0,33.916882,25.901183,38.4,-3.116882,False
2019-08-05,32.7,25.8,33.883978,25.859785,38.4,-1.183978,False
2019-08-06,30.9,24.3,33.842903,25.807419,38.4,-2.942903,False
2019-08-07,30.7,24.5,33.810108,25.770538,38.4,-3.110108,False
2019-08-08,32.5,25.8,33.783871,25.73129,38.41,-1.283871,False
2019-08-09,30.7,25.1,33.734731,25.677204,38.4,-3.034731,False
2019-08-10,34.8,25.5,33.647634,25.626774,38.4,1.152366,False
2019-08-11,36.9,24.4,33.550538,25.553333,38.4,3.349462,False
2019-08-12,37.4,24.3,33.433441,25.474516,38.4,3.966559,False
2019-08-13,37.2,25.8,33.29828,25.392258,38.4,3.90172,False
2019-08-14,33.0,25.2,33.196452,25.323118,38.4,-0.196452,False
2019-08-15,36.5,24.0,33.134624,25.250753,38.41,3.365376,False
2019-08-16,38.4,24.1,33.042688,25.17043,38.51,5.357312,False
2019-08-17,38.7,27.0,32.971935,25.089462,38.6,5.728065,False
2019-08-18,37.6,28.6,32.877957,24.997097,38.6,4.722043,False
2019-08-19,37.0,26.8,32.75086,24.912796,38.6,4.24914,False
2019-08-20,37.2,27.2,32.632903,24.820753,38.6,4.567097,False
2019-08-21,36.0,26.9,32.507527,24.709892,38.61,3.492473,False
2019-08-22,36.6,25.3,32.359785,24.581828,38.6,4.240215,False
2019-08-23,35.8,26.2,32.200753,24.468602,38.51,3.599247,False
2019-08-24,37.4,26.8,32.058065,24.356667,38.5,5.341935,False
2019-08-25,38.3,27.5,31.909032,24.238817,38.4,6.390968,False
2019-08-26,38.2,27.7,31.744946,24.1,38.31,6.455054,False
2019-08-27,34.7,26.0,31.612043,23.982796,38.1,3.087957,False
2019-08-28,29.0,24.6,31.45957,23.861075,37.81,-2.45957,False
2019-08-29,29.1,23.1,31.298817,23.72172,37.8,-2.198817,False
2019-08-30,28.6,21.9,31.084624,23.573333,37.61,-2.484624,False
2019-08-31,21.9,20.8,30.898602,23.440753,37.6,-8.998602,False
2019-09-01,25.1,21.4,30.753548,23.322796,37.5,-5.653548,False
2019-09-02,29.4,22.9,30.581183,23.203226,37.4,-1.181183,False
2019-09-03,31.7,23.3,30.387742,23.06172,37.31,1.312258,False
2019-09-04,30.4,23.1,30.173871,22.908065,37.21,0.226129,False
2019-09-05,28.7,23.1,29.986989,22.757527,36.91,-1.286989,False
2019-09-06,30.4,24.2,29.808495,22.61086,36.81,0.591505,False
2019-09-07,30.7,24.1,29.632796,22.46871,36.8,1.067204,False
2019-09-08,27.6,24.1,29.436774,22.325161,36.5,-1.836774,False
2019-09-09,28.4,24.7,29.224409,22.175699,36.2,-0.824409,False
2019-09-10,31.2,25.1,29.017204,22.02086,36.0,2.182796,False
2019-09-11,33.9,26.1,28.806667,21.882796,35.7,5.093333,False
2019-09-12,36.0,26.3,28.587527,21.732473,35.4,7.412473,False
2019-09-13,34.2,18.8,28.394839,21.59086,35.11,5.805161,False
2019-09-14,23.1,19.4,28.242581,21.454946,34.7,-5.142581,False
2019-09-15,21.2,19.6,28.083548,21.318817,34.4,-6.883548,False
2019-09-16,25.0,20.2,27.882903,21.177634,34.2,-2.882903,False
2019-09-17,22.3,19.6,27.687419,21.031828,33.9,-5.387419,False
2019-09-18,22.4,20.2,27.451183,20.872581,33.71,-5.051183,False
2019-09-19,21.9,19.0,27.215806,20.696989,33.6,-5.315806,False
2019-09-20,22.0,17.3,26.974946,20.507527,33.32,-4.974946,False
2019-09-21,27.0,17.8,26.748172,20.326667,33.01,0.251828,False
2019-09-22,28.3,18.5,26.546022,20.165054,32.9,1.753978,False
2019-09-23,28.7,19.5,26.350108,20.016667,32.7,2.349892,False
2019-09-24,24.9,19.1,26.170108,19.863871,32.51,-1.270108,False
2019-09-25,24.0,17.3,25.973226,19.707849,32.3,-1.973226,False
2019-09-26,27.5,17.9,25.783548,19.564194,32.2,1.716452,False
2019-09-27,29.3,18.8,25.556022,19.414624,31.8,3.743978,False
2019-09-28,31.0,18.8,25.312581,19.256774,31.5,5.687419,False
2019-09-29,32.2,19.7,25.093333,19.102688,31.21,7.106667,False
2019-09-30,30.3,21.8,24.894946,18.959785,31.1,5.405054,False
2019-10-01,29.9,21.2,24.676344,18.797742,31.0,5.223656,False
2019-10-02,28.9,21.6,24.430323,18.619892,30.71,4.469677,False
2019-10-03,27.8,22.0,24.222581,18.46,30.6,3.577419,False
2019-10-04,23.2,19.2,24.027312,18.302473,30.5,-0.827312,False
2019-10-05,22.8,19.2,23.849032,18.158387,30.3,-1.049032,False
2019-10-06,27.6,19.4,23.66957,18.019032,30.1,3.93043,False
2019-10-07,21.5,18.0,23.477957,17.878925,29.81,-1.977957,False
2019-10-08,21.0,18.4,23.303763,17.73172,29.61,-2.303763,False
2019-10-09,23.0,18.3,23.119785,17.575591,29.41,-0.119785,False
2019-10-10,20.8,17.3,22.927634,17.423763,29.1,-2.127634,False
2019-10-11,22.4,17.5,22.746774,17.276667,28.9,-0.346774,False
2019-10-12,22.6,17.0,22.560753,17.116667,28.7,0.039247,False
2019-10-13,23.1,17.6,22.379032,16.952366,28.6,0.720968,False
2019-10-14,20.4,17.7,22.18172,16.785269,28.4,-1.78172,False
2019-10-15,19.9,16.5,21.961828,16.600753,28.2,-2.061828,False
2019-10-16,20.4,16.9,21.729677,16.420108,27.7,-1.329677,False
2019-10-17,23.0,13.9,21.545484,16.239247,27.5,1.454516,False
2019-10-18,24.8,13.5,21.375699,16.066344,27.0,3.424301,False
2019-10-19,25.8,14.6,21.281183,15.907742,26.9,4.518817,False
2019-10-20,18.9,16.4,21.20129,15.757634,26.6,-2.30129,False
2019-10-21,18.1,16.6,21.097097,15.628817,26.31,-2.997097,False
2019-10-22,18.4,16.7,20.980215,15.506559,26.0,-2.580215,False
2019-10-23,21.4,15.5,20.849462,15.369677,25.71,0.550538,False
2019-10-24,20.9,14.8,20.703548,15.227957,25.4,0.196452,False
2019-10-25,14.8,13.1,20.571828,15.085806,25.2,-5.771828,False
2019-10-26,14.1,13.2,20.450215,14.939677,24.9,-6.350215,False
2019-10-27,15.8,13.3,20.327527,14.799032,24.7,-4.527527,False
2019-10-28,20.1,10.1,20.207419,14.65828,24.6,-0.107419,False
2019-10-29,22.6,9.9,20.115269,14.53,24.6,2.484731,False
2019-10-30,23.5,14.0,20.004409,14.390538,24.41,3.495591,False
2019-10-31,22.8,14.3,19.867527,14.255054,24.4,2.932473,False
2019-11-01,22.0,15.2,19.71828,14.106344,24.3,2.28172,False
2019-11-02,18.7,14.4,19.572151,13.958925,24.1,-0.872151,False
2019-11-03,20.1,12.2,19.390538,13.790108,23.91,0.709462,False
2019-11-04,21.8,12.7,19.188495,13.620108,23.71,2.611505,False
2019-11-05,17.6,14.0,18.987204,13.452688,23.51,-1.387204,False
2019-11-06,15.2,13.0,18.803871,13.281828,23.4,-3.603871,False
2019-11-07,19.5,13.2,18.635269,13.104516,23.3,0.864731,False
2019-11-08,19.2,14.3,18.443871,12.935806,23.1,0.756129,False
2019-11-09,17.3,14.7,18.252366,12.759677,23.0,-0.952366,False
2019-11-10,20.2,14.9,18.09129,12.593763,22.9,2.10871,False
2019-11-11,18.8,15.3,17.930538,12.427097,22.9,0.869462,False
2019-11-12,16.7,15.0,17.757742,12.261828,22.8,-1.057742,False
2019-11-13,16.9,12.5,17.592688,12.113871,22.7,-0.692688,False
2019-11-14,20.4,11.4,17.432581,11.971075,22.6,2.967419,False
2019-11-15,18.3,11.6,17.26043,11.838925,22.5,1.03957,False
2019-11-16,18.0,14.4,17.063656,11.696882,22.4,0.936344,False
2019-11-17,15.8,10.6,16.886344,11.563763,22.2,-1.086344,False
2019-11-18,11.6,9.9,16.692688,11.422366,22.0,-5.092688,False
2019-11-19,12.2,10.2,16.474839,11.272903,21.8,-4.274839,False
2019-11-20,12.5,9.4,16.224194,11.121505,21.6,-3.724194,False
2019-11-21,14.9,10.1,15.999677,10.944516,21.3,-1.099677,False
2019-11-22,13.6,11.9,15.767419,10.748817,21.0,-2.167419,False
2019-11-23,13.4,12.0,15.536559,10.572366,20.4,-2.136559,False
2019-11-24,13.0,8.0,15.328817,10.401183,20.0,-2.328817,False
2019-11-25,11.3,8.6,15.091828,10.239785,19.61,-3.791828,False
2019-11-26,10.5,9.8,14.854516,10.072366,19.1,-4.354516,False
2019-11-27,12.8,10.3,14.624624,9.890753,18.91,-1.824624,False
2019-11-28,11.7,9.2,14.43,9.724516,18.6,-2.73,False
2019-11-29,10.6,8.9,14.207634,9.563333,18.4,-3.607634,False
2019-11-30,10.3,8.7,13.97957,9.402581,18.2,-3.67957,False
2019-12-01,12.3,7.8,13.793118,9.216559,17.9,-1.493118,False
2019-12-02,13.1,8.0,13.63086,9.051935,17.7,-0.53086,False
2019-12-03,13.5,8.3,13.456022,8.900968,17.4,0.043978,False
2019-12-04,13.4,8.1,13.309892,8.745054,17.2,0.090108,False
2019-12-05,13.8,5.5,13.189462,8.603871,17.0,0.610538,False
2019-12-06,15.4,3.8,13.079677,8.447957,16.8,2.320323,False
2019-12-07,15.8,4.2,12.94957,8.302581,16.6,2.85043,False
2019-12-08,14.4,8.3,12.800753,8.175054,16.3,1.599247,False
2019-12-09,15.5,8.4,12.678387,8.050645,16.11,2.821613,False
2019-12-10,16.3,7.7,12.540645,7.939677,16.0,3.759355,False
2019-12-11,12.8,8.4,12.396344,7.814839,15.8,0.403656,False
2019-12-12,15.3,9.4,12.239677,7.681505,15.5,3.060323,False
2019-12-13,14.0,9.5,12.104516,7.546882,15.4,1.895484,False
2019-12-14,13.1,11.3,11.955054,7.416774,15.3,1.144946,False
2019-12-15,14.9,11.6,11.820215,7.287097,15.1,3.079785,False
2019-12-16,14.7,9.6,11.690645,7.149677,14.9,3.009355,False
2019-12-17,15.3,9.2,11.573656,7.028925,14.71,3.726344,False
2019-12-18,9.3,8.4,11.459677,6.920323,14.6,-2.159677,False
2019-12-19,11.3,8.3,11.352688,6.822151,14.4,-0.052688,False
2019-12-20,10.6,7.5,11.252796,6.741398,14.3,-0.652796,False
2019-12-21,10.8,7.6,11.180323,6.653011,14.2,-0.380323,False
2019-12-22,12.3,7.9,11.091935,6.589677,14.1,1.208065,False
2019-12-23,12.6,8.7,11.00871,6.537957,13.9,1.59129,False
2019-12-24,13.9,9.1,10.932043,6.464946,13.81,2.967957,False
2019-12-25,11.9,9.6,10.845591,6.385161,13.7,1.054409,False
2019-12-26,9.6,6.4,10.783656,6.294946,13.5,-1.183656,False
2019-12-27,8.7,6.5,10.726129,6.23129,13.41,-2.026129,False
2019-12-28,8.9,4.7,10.678925,6.175269,13.4,-1.778925,False
2019-12-29,12.0,6.3,10.622581,6.097634,13.3,1.377419,False
2019-12-30,10.3,8.6,10.58086,6.037419,13.3,-0.28086,False
2019-12-31,11.4,8.7,10.557419,5.989355,13.2,0.842581,False
2020-01-01,12.1,8.9,10.531398,5.955806,13.2,1.568602,False
2020-01-02,11.5,9.5,10.490968,5.933441,13.2,1.009032,False
2020-01-03,13.4,9.8,10.449677,5.900323,13.2,2.950323,False
2020-01-04,11.5,9.0,10.397097,5.880108,13.1,1.102903,False
2020-01-05,11.2,9.0,10.357419,5.856022,13.1,0.842581,False
2020-01-06,10.4,6.4,10.316774,5.836022,13.1,0.083226,False
2020-01-07,13.6,6.3,10.296774,5.791613,13.2,3.303226,False
2020-01-08,10.5,8.8,10.280538,5.771398,13.2,0.219462,False
2020-01-09,11.5,8.9,10.244624,5.745591,13.2,1.255376,False
2020-01-10,10.4,8.1,10.239355,5.709462,13.2,0.160645,False
2020-01-11,12.7,4.1,10.222581,5.679462,13.3,2.477419,False
2020-01-12,15.3,3.7,10.253118,5.646774,13.31,5.046882,False
2020-01-13,11.1,7.8,10.280323,5.639462,13.4,0.819677,False
2020-01-14,10.1,7.2,10.333226,5.621828,13.5,-0.233226,False
2020-01-15,8.5,7.5,10.382366,5.611075,13.61,-1.882366,False
2020-01-16,11.4,8.1,10.413871,5.635591,13.8,0.986129,False
2020-01-17,11.7,7.1,10.446452,5.647634,13.9,1.253548,False
2020-01-18,9.4,6.5,10.468065,5.657527,13.9,-1.068065,False
2020-01-19,12.8,6.6,10.492043,5.669462,14.0,2.307957,False
2020-01-20,11.7,7.8,10.559462,5.676129,14.2,1.140538,False
2020-01-21,13.9,9.5,10.650753,5.699032,14.4,3.249247,False
2020-01-22,15.2,10.4,10.740323,5.731828,14.51,4.459677,False
2020-01-23,13.4,9.6,10.840215,5.76957,14.7,2.559785,False
2020-01-24,10.9,8.5,10.928387,5.823226,14.9,-0.028387,False
2020-01-25,8.9,6.9,11.005914,5.880538,15.2,-2.105914,False
2020-01-26,10.7,6.9,11.101183,5.932151,15.5,-0.401183,False
2020-01-27,11.3,4.9,11.203978,5.985161,15.7,0.096022,False
2020-01-28,11.6,5.6,11.302688,6.039785,15.9,0.297312,False
2020-01-29,13.5,4.2,11.404624,6.109032,16.1,2.095376,False
2020-01-30,13.3,4.0,11.502581,6.170538,16.2,1.797419,False
2020-01-31,10.2,8.0,11.607419,6.230538,16.3,-1.407419,False
2020-02-01,10.4,8.2,11.711398,6.290108,16.5,-1.311398,False
2020-02-02,10.8,8.6,11.795376,6.343763,16.6,-0.995376,False
2020-02-03,11.6,5.2,11.896559,6.408065,16.7,-0.296559,False
2020-02-04,14.9,5.2,12.0,6.472903,16.81,2.9,False
2020-02-05,12.9,6.9,12.109462,6.547527,17.0,0.790538,False
2020-02-06,12.1,7.7,12.214516,6.631398,17.1,-0.114516,False
2020-02-07,14.0,7.6,12.305376,6.732258,17.11,1.694624,False
2020-02-08,13.2,8.4,12.415054,6.811935,17.2,0.784946,False
2020-02-09,14.5,9.4,12.553656,6.913871,17.4,1.946344,False
2020-02-10,13.5,9.5,12.684946,7.035914,17.5,0.815054,False
2020-02-11,17.4,7.4,12.823763,7.156667,17.7,4.576237,False
2020-02-12,18.9,7.0,12.940538,7.29129,17.9,5.959462,False
2020-02-13,19.7,11.1,13.062258,7.40043,18.2,6.637742,False
2020-02-14,17.2,8.2,13.207634,7.52043,18.41,3.992366,False
2020-02-15,7.8,3.3,13.328172,7.639247,18.61,-5.528172,False
2020-02-16,11.6,3.3,13.475591,7.718065,18.81,-1.875591,False
2020-02-17,13.6,5.2,13.65043,7.793871,19.1,-0.05043,False
2020-02-18,12.0,6.9,13.819677,7.911613,19.2,-1.819677,False
2020-02-19,13.8,6.8,13.98086,8.026344,19.3,-0.18086,False
2020-02-20,9.6,7.6,14.112903,8.141828,19.4,-4.512903,False
2020-02-21,13.9,7.9,14.218817,8.23914,19.51,-0.318817,False
2020-02-22,13.0,9.1,14.32914,8.310323,19.7,-1.32914,False
2020-02-23,11.9,10.2,14.452581,8.406882,19.81,-2.552581,False
2020-02-24,13.5,9.0,14.584301,8.511613,20.1,-1.084301,False
2020-02-25,16.8,9.5,14.741613,8.615161,20.21,2.058387,False
2020-02-26,15.1,11.2,14.878495,8.736022,20.5,0.221505,False
2020-02-27,17.0,13.1,15.007742,8.846882,20.8,1.992258,False
2020-02-28,17.7,10.1,15.140968,8.973333,20.9,2.559032,False
2020-02-29,20.1,10.6,15.212581,9.031237,20.95,4.887419,False
2020-03-01,19.4,11.5,15.284194,9.08914,21.0,4.115806,False
2020-03-02,13.4,11.2,15.464301,9.185699,21.5,-2.064301,False
2020-03-03,12.7,10.9,15.657849,9.316129,22.01,-2.957849,False
2020-03-04,15.6,7.9,15.843441,9.445161,22.41,-0.243441,False
2020-03-05,15.6,8.0,16.049032,9.578602,22.71,-0.449032,False
2020-03-06,16.2,9.0,16.247419,9.706344,22.91,-0.047419,False
2020-03-07,19.3,9.6,16.402903,9.832043,23.1,2.897097,False
2020-03-08,16.6,13.1,16.513978,9.936237,23.2,0.086022,False
2020-03-09,17.2,10.6,16.626129,10.040538,23.4,0.573871,False
2020-03-10,18.0,11.0,16.775054,10.15172,23.5,1.224946,False
2020-03-11,15.1,10.7,16.966882,10.280645,23.7,-1.866882,False
2020-03-12,18.8,11.6,17.127849,10.397742,23.71,1.672151,False
2020-03-13,19.1,12.3,17.291828,10.504946,23.91,1.808172,False
2020-03-14,17.9,11.9,17.490215,10.63129,24.1,0.409785,False
2020-03-15,17.1,12.1,17.692366,10.783333,24.3,-0.592366,False
2020-03-16,16.1,13.1,17.895914,10.949355,24.6,-1.795914,False
2020-03-17,18.5,9.9,18.066667,11.096989,24.71,0.433333,False
2020-03-18,22.7,10.3,18.238602,11.237419,24.81,4.461398,False
2020-03-19,25.7,12.4,18.404516,11.412581,25.3,7.295484,False
2020-03-20,28.7,12.9,18.554194,11.583763,25.51,10.145806,False
2020-03-21,27.1,16.1,18.685054,11.695699,25.6,8.414946,False
2020-03-22,26.2,15.6,18.86,11.817742,25.9,7.34,False
2020-03-23,26.8,16.0,19.047204,11.972258,26.1,7.752796,False
2020-03-24,27.2,17.2,19.22957,12.143978,26.11,7.97043,False
2020-03-25,28.7,16.7,19.396237,12.312903,26.2,9.303763,False
2020-03-26,30.9,13.3,19.510323,12.453978,26.3,11.389677,False
2020-03-27,16.1,13.7,19.627312,12.57828,26.4,-3.527312,False
2020-03-28,14.1,10.0,19.76172,12.698495,26.5,-5.66172,False
2020-03-29,13.0,10.4,19.892043,12.79129,26.8,-6.892043,False
2020-03-30,15.3,11.5,20.033226,12.909892,27.0,-4.733226,False
2020-03-31,19.2,12.9,20.223548,13.032043,27.2,-1.023548,False
2020-04-01,18.0,13.5,20.439247,13.179032,27.51,-2.439247,False
2020-04-02,17.0,13.8,20.643333,13.354731,27.81,-3.643333,False
2020-04-03,15.6,12.8,20.817097,13.514624,28.11,-5.217097,False
2020-04-04,13.9,12.5,21.004086,13.687204,28.3,-7.104086,False
2020-04-05,14.4,12.1,21.162796,13.848817,28.4,-6.762796,False
2020-04-06,18.6,12.4,21.317527,13.995054,28.5,-2.717527,False
2020-04-07,22.2,12.0,21.526559,14.166452,28.71,0.673441,False
2020-04-08,22.5,12.3,21.752581,14.348387,29.0,0.747419,False
2020-04-09,26.3,13.8,21.951398,14.521828,29.01,4.348602,False
2020-04-10,21.1,16.8,22.103333,14.683226,29.1,-1.003333,False
2020-04-11,20.2,13.1,22.245161,14.830538,29.2,-2.045161,False
2020-04-12,23.1,13.7,22.436237,14.988387,29.4,0.663763,False
2020-04-13,19.1,12.1,22.63871,15.160968,29.61,-3.53871,False
2020-04-14,23.9,13.0,22.844946,15.325269,29.72,1.055054,False
2020-04-15,28.2,14.4,23.052903,15.472366,30.1,5.147097,False
2020-04-16,28.8,18.5,23.249462,15.607957,30.3,5.550538,False
2020-04-17,23.9,17.5,23.416022,15.755591,30.4,0.483978,False
2020-04-18,18.3,16.8,23.559462,15.902473,30.4,-5.259462,False
2020-04-19,21.3,17.1,23.715914,16.036989,30.5,-2.415914,False
2020-04-20,18.5,15.6,23.876989,16.173871,30.6,-5.376989,False
2020-04-21,17.2,13.0,24.061613,16.342151,30.7,-6.861613,False
2020-04-22,13.3,12.2,24.187527,16.507419,30.8,-10.887527,False
2020-04-23,13.5,12.0,24.275591,16.632688,30.9,-10.775591,False
2020-04-24,19.0,11.4,24.390968,16.73957,30.9,-5.390968,False
2020-04-25,20.8,12.2,24.554731,16.870323,31.0,-3.754731,False
2020-04-26,26.8,13.1,24.738817,17.014624,31.11,2.061183,False
2020-04-27,30.2,14.2,24.925699,17.162581,31.5,5.274301,False
2020-04-28,32.3,17.0,25.074194,17.314301,31.51,7.225806,False
2020-04-29,31.1,19.3,25.20043,17.487312,31.6,5.89957,False
2020-04-30,25.8,17.8,25.322581,17.623333,31.61,0.477419,False
2020-05-01,30.3,19.6,25.40828,17.746882,31.71,4.89172,False
2020-05-02,32.9,18.8,25.473656,17.863871,31.81,7.426344,False
2020-05-03,35.8,21.4,25.537419,17.964624,31.9,10.262581,False
2020-05-04,31.9,21.3,25.628387,18.070968,32.0,6.271613,False
2020-05-05,32.6,22.9,25.694194,18.166237,32.1,6.905806,False
2020-05-06,32.4,23.6,25.762903,18.243656,32.2,6.637097,False
2020-05-07,31.7,21.8,25.814731,18.337312,32.3,5.885269,False
2020-05-08,27.0,21.5,25.896344,18.431183,32.31,1.103656,False
2020-05-09,23.2,17.3,25.955914,18.517312,32.4,-2.755914,False
2020-05-10,28.6,19.2,26.055591,18.615699,32.4,2.544409,False
2020-05-11,22.8,17.9,26.166452,18.728925,32.4,-3.366452,False
2020-05-12,25.1,18.4,26.227849,18.832151,32.4,-1.127849,False
2020-05-13,21.3,18.6,26.269247,18.919892,32.4,-4.969247,False
2020-05-14,24.5,17.8,26.290645,19.001183,32.4,-1.790645,False
2020-05-15,30.2,19.0,26.297634,19.073871,32.4,3.902366,False
2020-05-16,29.8,21.3,26.296129,19.148065,32.3,3.503871,False
2020-05-17,31.1,20.3,26.297204,19.231828,32.3,4.802796,False
2020-05-18,34.3,22.7,26.341613,19.313441,32.21,7.958387,False
2020-05-19,34.7,22.8,26.416129,19.394946,32.21,8.283871,False
2020-05-20,25.7,22.1,26.505269,19.497849,32.4,-0.805269,False
2020-05-21,24.0,21.8,26.583118,19.608602,32.4,-2.583118,False
2020-05-22,28.2,20.8,26.637634,19.710753,32.4,1.562366,False
2020-05-23,32.9,23.3,26.705699,19.800753,32.41,6.194301,False
2020-05-24,24.7,18.4,26.793763,19.897742,32.41,-2.093763,False
2020-05-25,19.2,17.4,26.847204,20.006882,32.6,-7.647204,False
2020-05-26,24.3,19.1,26.87914,20.106344,32.51,-2.57914,False
2020-05-27,24.1,18.3,26.921398,20.191613,32.51,-2.821398,False
2020-05-28,25.3,18.1,26.962581,20.276559,32.4,-1.662581,False
2020-05-29,28.8,18.2,27.02086,20.366344,32.6,1.77914,False
2020-05-30,32.4,21.4,27.151828,20.465484,32.6,5.248172,False
2020-05-31,25.2,19.8,27.270323,20.586667,32.7,-2.070323,False
2020-06-01,31.0,20.2,27.358495,20.710108,32.71,3.641505,False
2020-06-02,20.8,19.1,27.453118,20.823441,32.9,-6.653118,False
2020-06-03,27.9,19.5,27.540645,20.943441,32.9,0.359355,False
2020-06-04,31.1,21.4,27.578817,21.043011,32.9,3.521183,False
2020-06-05,32.7,23.1,27.612688,21.140968,32.9,5.087312,False
2020-06-06,31.3,23.1,27.707634,21.264086,32.9,3.592366,False
2020-06-07,25.9,22.5,27.81914,21.381398,32.81,-1.91914,False
2020-06-08,25.0,21.3,27.88871,21.487527,32.8,-2.88871,False
2020-06-09,27.2,21.4,28.00828,21.586882,32.9,-0.80828,False
2020-06-10,30.5,23.3,28.106237,21.701183,33.0,2.393763,False
2020-06-11,28.7,23.8,28.225054,21.829892,33.2,0.474946,False
2020-06-12,29.1,23.3,28.365806,21.963871,33.4,0.734194,False
2020-06-13,29.7,24.3,28.508495,22.105591,33.5,1.191505,False
2020-06-14,28.5,24.2,28.620645,22.230753,33.7,-0.120645,False
2020-06-15,34.4,26.1,28.703441,22.354194,33.8,5.696559,False
2020-06-16,34.0,27.1,28.806882,22.470645,34.0,5.193118,False
2020-06-17,26.8,22.5,28.922796,22.592473,34.1,-2.122796,False
2020-06-18,29.3,23.4,29.007527,22.703226,34.2,0.292473,False
2020-06-19,31.1,23.0,29.079785,22.810538,34.3,2.020215,False
2020-06-20,25.0,22.3,29.12914,22.898065,34.3,-4.12914,False
2020-06-21,26.8,22.4,29.214516,22.993978,34.3,-2.414516,False
2020-06-22,25.1,22.2,29.329785,23.079677,34.4,-4.229785,False
2020-06-23,26.8,22.6,29.45914,23.185161,34.6,-2.65914,False
2020-06-24,30.5,22.8,29.589677,23.290538,34.7,0.910323,False
2020-06-25,35.4,25.6,29.742581,23.395161,34.71,5.657419,False
2020-06-26,34.1,22.9,29.877527,23.493226,34.81,4.222473,False
2020-06-27,24.3,22.2,30.011935,23.599677,35.0,-5.711935,False
2020-06-28,29.4,24.0,30.165269,23.72086,35.0,-0.765269,False
2020-06-29,32.9,25.5,30.32172,23.84086,35.3,2.57828,False
2020-06-30,30.1,25.2,30.428065,23.94043,35.31,-0.328065,False
2020-07-01,27.4,22.8,30.529032,24.03828,35.4,-3.129032,False
2020-07-02,27.5,22.5,30.659355,24.132151,35.5,-3.159355,False
2020-07-03,32.0,24.4,30.783978,24.222258,35.6,1.216022,False
2020-07-04,29.4,24.8,30.886344,24.304194,35.7,-1.486344,False
2020-07-05,27.6,24.3,31.033226,24.406882,35.8,-3.433226,False
2020-07-06,27.2,23.9,31.204086,24.514301,35.9,-4.004086,False
2020-07-07,28.8,24.4,31.322258,24.597312,36.0,-2.522258,False
2020-07-08,30.6,25.3,31.47129,24.690323,36.1,-0.87129,False
2020-07-09,32.0,26.3,31.640753,24.787419,36.2,0.359247,False
2020-07-10,30.0,24.4,31.807849,24.89914,36.4,-1.807849,False
2020-07-11,25.1,23.7,31.996237,25.009032,36.6,-6.896237,False
2020-07-12,27.0,23.9,32.177204,25.109677,36.8,-5.177204,False
2020-07-13,30.3,24.6,32.34,25.19871,36.9,-2.04,False
2020-07-14,34.6,26.4,32.449677,25.255161,37.0,2.150323,False
2020-07-15,31.6,26.2,32.573118,25.321613,37.0,-0.973118,False
2020-07-16,28.7,25.3,32.719247,25.386559,37.1,-4.019247,False
2020-07-17,26.0,24.3,32.815054,25.433656,37.2,-6.815054,False
2020-07-18,30.8,23.8,32.891183,25.473763,37.3,-2.091183,False
2020-07-19,32.5,24.3,33.009247,25.524409,37.4,-0.509247,False
2020-07-20,31.1,23.9,33.152043,25.586559,37.4,-2.052043,False
2020-07-21,27.3,24.0,33.286774,25.656344,37.5,-5.986774,False
2020-07-22,28.7,23.9,33.393226,25.716559,37.5,-4.693226,False
2020-07-23,34.0,26.7,33.494301,25.757204,37.6,0.505699,False
2020-07-24,36.3,28.7,33.548065,25.793656,37.61,2.751935,False
2020-07-25,34.2,24.8,33.607097,25.829785,37.8,0.592903,False
2020-07-26,26.8,22.5,33.653548,25.86957,37.9,-6.853548,False
2020-07-27,35.3,24.5,33.69,25.895914,38.0,1.61,False
2020-07-28,37.0,25.9,33.732581,25.905054,38.2,3.267419,False
2020-07-29,33.8,24.9,33.758925,25.914624,38.21,0.041075,False
2020-07-30,28.0,24.6,33.807527,25.921075,38.3,-5.807527,False
2020-07-31,29.1,25.2,33.844194,25.927097,38.3,-4.744194,False
2020-08-01,34.7,26.1,33.874086,25.921398,38.31,0.825914,False
2020-08-02,35.4,26.9,33.893656,25.908495,38.4,1.506344,False
2020-08-03,36.7,27.6,33.891505,25.909462,38.4,2.808495,False
2020-08-04,37.6,28.4,33.916882,25.901183,38.4,3.683118,False
2020-08-05,38.3,29.2,33.883978,25.859785,38.4,4.416022,False
2020-08-06,38.0,29.3,33.842903,25.807419,38.4,4.157097,False
2020-08-07,34.9,26.8,33.810108,25.770538,38.4,1.089892,False
2020-08-08,33.5,26.3,33.783871,25.73129,38.41,-0.283871,False
2020-08-09,35.1,26.8,33.734731,25.677204,38.4,1.365269,False
2020-08-10,38.2,28.9,33.647634,25.626774,38.4,4.552366,False
2020-08-11,35.4,29.7,33.550538,25.553333,38.4,1.849462,False
2020-08-12,36.1,27.1,33.433441,25.474516,38.4,2.666559,False
2020-08-13,27.0,24.1,33.29828,25.392258,38.4,-6.29828,False
2020-08-14,37.0,26.9,33.196452,25.323118,38.4,3.803548,False
2020-08-15,35.3,28.7,33.134624,25.250753,38.41,2.165376,False
2020-08-16,35.4,27.7,33.042688,25.17043,38.51,2.357312,False
2020-08-17,35.7,24.2,32.971935,25.089462,38.6,2.728065,False
2020-08-18,26.8,22.0,32.877957,24.997097,38.6,-6.077957,False
2020-08-19,29.4,22.5,32.75086,24.912796,38.6,-3.35086,False
2020-08-20,31.6,24.7,32.632903,24.820753,38.6,-1.032903,False
2020-08-21,33.2,25.1,32.507527,24.709892,38.61,0.692473,False
2020-08-22,35.4,27.7,32.359785,24.581828,38.6,3.040215,False
2020-08-23,38.7,25.5,32.200753,24.468602,38.51,6.499247,False
2020-08-24,25.8,22.4,32.058065,24.356667,38.5,-6.258065,False
2020-08-25,33.7,23.8,31.909032,24.238817,38.4,1.790968,False
2020-08-26,35.9,24.0,31.744946,24.1,38.31,4.155054,False
2020-08-27,38.8,25.7,31.612043,23.982796,38.1,7.187957,True
2020-08-28,39.1,26.4,31.45957,23.861075,37.81,7.64043,True
2020-08-29,39.6,27.6,31.298817,23.72172,37.8,8.301183,True
2020-08-30,39.5,27.7,31.084624,23.573333,37.61,8.415376,True
2020-08-31,32.9,23.9,30.898602,23.440753,37.6,2.001398,False
2020-09-01,34.7,24.8,30.753548,23.322796,37.5,3.946452,False
2020-09-02,28.2,24.8,30.581183,23.203226,37.4,-2.381183,False
2020-09-03,28.8,23.0,30.387742,23.06172,37.31,-1.587742,False
2020-09-04,27.5,21.7,30.173871,22.908065,37.21,-2.673871,False
2020-09-05,28.9,23.0,29.986989,22.757527,36.91,-1.086989,False
2020-09-06,24.6,20.9,29.808495,22.61086,36.81,-5.208495,False
2020-09-07,31.7,21.2,29.632796,22.46871,36.8,2.067204,False
2020-09-08,32.9,23.8,29.436774,22.325161,36.5,3.463226,False
2020-09-09,32.0,24.2,29.224409,22.175699,36.2,2.775591,False
2020-09-10,25.7,23.5,29.017204,22.02086,36.0,-3.317204,False
2020-09-11,27.4,22.3,28.806667,21.882796,35.7,-1.406667,False
2020-09-12,23.8,20.4,28.587527,21.732473,35.4,-4.787527,False
2020-09-13,22.2,20.2,28.394839,21.59086,35.11,-6.194839,False
2020-09-14,22.6,20.3,28.242581,21.454946,34.7,-5.642581,False
2020-09-15,23.1,21.1,28.083548,21.318817,34.4,-4.983548,False
2020-09-16,22.4,20.8,27.882903,21.177634,34.2,-5.482903,False
2020-09-17,21.8,18.4,27.687419,21.031828,33.9,-5.887419,False
2020-09-18,26.6,18.5,27.451183,20.872581,33.71,-0.851183,False
2020-09-19,27.5,20.5,27.215806,20.696989,33.6,0.284194,False
2020-09-20,26.6,21.4,26.974946,20.507527,33.32,-0.374946,False
2020-09-21,24.0,18.6,26.748172,20.326667,33.01,-2.748172,False
2020-09-22,20.2,18.2,26.546022,20.165054,32.9,-6.346022,False
2020-09-23,22.1,18.5,26.350108,20.016667,32.7,-4.250108,False
2020-09-24,25.9,18.8,26.170108,19.863871,32.51,-0.270108,False
2020-09-25,20.4,18.9,25.973226,19.707849,32.3,-5.573226,False
2020-09-26,22.4,19.0,25.783548,19.564194,32.2,-3.383548,False
2020-09-27,22.5,19.2,25.556022,19.414624,31.8,-3.056022,False
2020-09-28,21.4,19.2,25.312581,19.256774,31.5,-3.912581,False
2020-09-29,24.0,19.0,25.093333,19.102688,31.21,-1.093333,False
2020-09-30,26.1,20.3,24.894946,18.959785,31.1,1.205054,False
2020-10-01,23.4,20.5,24.676344,18.797742,31.0,-1.276344,False
2020-10-02,22.4,20.6,24.430323,18.619892,30.71,-2.030323,False
2020-10-03,21.3,18.0,24.222581,18.46,30.6,-2.922581,False
2020-10-04,18.4,17.5,24.027312,18.302473,30.5,-5.627312,False
2020-10-05,17.8,14.7,23.849032,18.158387,30.3,-6.049032,False
2020-10-06,16.7,14.5,23.66957,18.019032,30.1,-6.96957,False
2020-10-07,18.5,15.4,23.477957,17.878925,29.81,-4.977957,False
2020-10-08,17.7,16.1,23.303763,17.73172,29.61,-5.603763,False
2020-10-09,18.4,15.9,23.119785,17.575591,29.41,-4.719785,False
2020-10-10,21.6,16.2,22.927634,17.423763,29.1,-1.327634,False
2020-10-11,20.5,17.2,22.746774,17.276667,28.9,-2.246774,False
2020-10-12,18.7,17.1,22.560753,17.116667,28.7,-3.860753,False
2020-10-13,22.5,17.7,22.379032,16.952366,28.6,0.120968,False
2020-10-14,18.6,14.5,22.18172,16.785269,28.4,-3.58172,False
2020-10-15,15.7,14.5,21.961828,16.600753,28.2,-6.261828,False
2020-10-16,15.8,14.1,21.729677,16.420108,27.7,-5.929677,False
2020-10-17,16.6,14.0,21.545484,16.239247,27.5,-4.945484,False
2020-10-18,18.6,14.1,21.375699,16.066344,27.0,-2.775699,False
2020-10-19,18.4,14.6,21.281183,15.907742,26.9,-2.881183,False
2020-10-20,16.7,13.3,21.20129,15.757634,26.6,-4.50129,False
2020-10-21,19.7,12.4,21.097097,15.628817,26.31,-1.397097,False
2020-10-22,22.2,11.2,20.980215,15.506559,26.0,1.219785,False
2020-10-23,23.2,11.8,20.849462,15.369677,25.71,2.350538,False
2020-10-24,24.3,15.9,20.703548,15.227957,25.4,3.596452,False
2020-10-25,20.4,16.7,20.571828,15.085806,25.2,-0.171828,False
2020-10-26,20.2,16.6,20.450215,14.939677,24.9,-0.250215,False
2020-10-27,18.1,15.3,20.327527,14.799032,24.7,-2.227527,False
2020-10-28,15.2,14.5,20.207419,14.65828,24.6,-5.007419,False
2020-10-29,19.1,14.6,20.115269,14.53,24.6,-1.015269,False
2020-10-30,19.7,16.3,20.004409,14.390538,24.41,-0.304409,False
2020-10-31,17.3,15.0,19.867527,14.255054,24.4,-2.567527,False
2020-11-01,15.4,14.3,19.71828,14.106344,24.3,-4.31828,False
2020-11-02,16.9,13.9,19.572151,13.958925,24.1,-2.672151,False
2020-11-03,17.6,13.5,19.390538,13.790108,23.91,-1.790538,False
2020-11-04,18.7,13.9,19.188495,13.620108,23.71,-0.488495,False
2020-11-05,16.7,14.2,18.987204,13.452688,23.51,-2.287204,False
2020-11-06,19.8,12.8,18.803871,13.281828,23.4,0.996129,False
2020-11-07,21.6,12.4,18.635269,13.104516,23.3,2.964731,False
2020-11-08,22.4,13.2,18.443871,12.935806,23.1,3.956129,False
2020-11-09,23.4,10.3,18.252366,12.759677,23.0,5.147634,False
2020-11-10,24.8,9.5,18.09129,12.593763,22.9,6.70871,False
2020-11-11,24.8,9.8,17.930538,12.427097,22.9,6.869462,False
2020-11-12,24.1,10.5,17.757742,12.261828,22.8,6.342258,False
2020-11-13,24.6,10.5,17.592688,12.113871,22.7,7.007312,False
2020-11-14,24.5,10.8,17.432581,11.971075,22.6,7.067419,False
2020-11-15,24.1,11.2,17.26043,11.838925,22.5,6.83957,False
2020-11-16,23.4,13.2,17.063656,11.696882,22.4,6.336344,False
2020-11-17,25.2,16.8,16.886344,11.563763,22.2,8.313656,False
2020-11-18,20.1,14.5,16.692688,11.422366,22.0,3.407312,False
2020-11-19,22.1,14.8,16.474839,11.272903,21.8,5.625161,False
2020-11-20,19.1,14.6,16.224194,11.121505,21.6,2.875806,False
2020-11-21,16.4,9.7,15.999677,10.944516,21.3,0.400323,False
2020-11-22,9.5,8.1,15.767419,10.748817,21.0,-6.267419,False
2020-11-23,9.7,8.2,15.536559,10.572366,20.4,-5.836559,False
2020-11-24,10.7,9.4,15.328817,10.401183,20.0,-4.628817,False
2020-11-25,12.2,10.2,15.091828,10.239785,19.61,-2.891828,False
2020-11-26,12.7,10.5,14.854516,10.072366,19.1,-2.154516,False
2020-11-27,12.3,9.7,14.624624,9.890753,18.91,-2.324624,False
2020-11-28,12.0,7.1,14.43,9.724516,18.6,-2.43,False
2020-11-29,13.5,7.5,14.207634,9.563333,18.4,-0.707634,False
2020-11-30,12.2,9.1,13.97957,9.402581,18.2,-1.77957,False
2020-12-01,11.7,9.4,13.793118,9.216559,17.9,-2.093118,False
2020-12-02,11.0,9.8,13.63086,9.051935,17.7,-2.63086,False
2020-12-03,10.2,7.8,13.456022,8.900968,17.4,-3.256022,False
2020-12-04,10.4,5.7,13.309892,8.745054,17.2,-2.909892,False
2020-12-05,11.4,6.2,13.189462,8.603871,17.0,-1.789462,False
2020-12-06,9.6,8.4,13.079677,8.447957,16.8,-3.479677,False
2020-12-07,10.0,8.8,12.94957,8.302581,16.6,-2.94957,False
2020-12-08,12.0,9.0,12.800753,8.175054,16.3,-0.800753,False
2020-12-09,10.1,8.1,12.678387,8.050645,16.11,-2.578387,False
2020-12-10,11.5,8.5,12.540645,7.939677,16.0,-1.040645,False
2020-12-11,11.3,9.1,12.396344,7.814839,15.8,-1.096344,False
2020-12-12,11.2,9.7,12.239677,7.681505,15.5,-1.039677,False
2020-12-13,11.5,8.2,12.104516,7.546882,15.4,-0.604516,False
2020-12-14,8.3,5.7,11.955054,7.416774,15.3,-3.655054,False
2020-12-15,8.0,5.4,11.820215,7.287097,15.1,-3.820215,False
2020-12-16,8.4,5.3,11.690645,7.149677,14.9,-3.290645,False
2020-12-17,8.3,5.0,11.573656,7.028925,14.71,-3.273656,False
2020-12-18,9.1,4.9,11.459677,6.920323,14.6,-2.359677,False
2020-12-19,8.5,2.2,11.352688,6.822151,14.4,-2.852688,False
2020-12-20,9.8,2.1,11.252796,6.741398,14.3,-1.452796,False
2020-12-21,11.1,1.5,11.180323,6.653011,14.2,-0.080323,False
2020-12-22,9.3,4.9,11.091935,6.589677,14.1,-1.791935,False
2020-12-23,9.9,4.9,11.00871,6.537957,13.9,-1.10871,False
2020-12-24,9.7,5.0,10.932043,6.464946,13.81,-1.232043,False
2020-12-25,9.7,7.2,10.845591,6.385161,13.7,-1.145591,False
2020-12-26,9.6,6.2,10.783656,6.294946,13.5,-1.183656,False
2020-12-27,11.8,6.0,10.726129,6.23129,13.41,1.073871,False
2020-12-28,8.7,7.3,10.678925,6.175269,13.4,-1.978925,False
2020-12-29,8.3,6.1,10.622581,6.097634,13.3,-2.322581,False
2020-12-30,7.1,5.7,10.58086,6.037419,13.3,-3.48086,False
2020-12-31,8.1,4.4,10.557419,5.989355,13.2,-2.457419,False
2021-01-01,9.5,4.1,10.531398,5.955806,13.2,-1.031398,False
2021-01-02,7.5,6.3,10.490968,5.933441,13.2,-2.990968,False
2021-01-03,8.6,5.1,10.449677,5.900323,13.2,-1.849677,False
2021-01-04,8.3,6.1,10.397097,5.880108,13.1,-2.097097,False
2021-01-05,9.0,7.0,10.357419,5.856022,13.1,-1.357419,False
2021-01-06,8.5,5.9,10.316774,5.836022,13.1,-1.816774,False
2021-01-07,5.9,2.8,10.296774,5.791613,13.2,-4.396774,False
2021-01-08,5.5,2.8,10.280538,5.771398,13.2,-4.780538,False
2021-01-09,5.2,3.5,10.244624,5.745591,13.2,-5.044624,False
2021-01-10,5.3,2.5,10.239355,5.709462,13.2,-4.939355,False
2021-01-11,8.8,-1.2,10.222581,5.679462,13.3,-1.422581,False
2021-01-12,12.7,-1.8,10.253118,5.646774,13.31,2.446882,False
2021-01-13,12.2,0.5,10.280323,5.639462,13.4,1.919677,False
2021-01-14,14.8,2.4,10.333226,5.621828,13.5,4.466774,False
2021-01-15,13.7,2.2,10.382366,5.611075,13.61,3.317634,False
2021-01-16,9.2,4.3,10.413871,5.635591,13.8,-1.213871,False
2021-01-17,7.0,-0.2,10.446452,5.647634,13.9,-3.446452,False
2021-01-18,10.2,-0.4,10.468065,5.657527,13.9,-0.268065,False
2021-01-19,11.7,0.2,10.492043,5.669462,14.0,1.207957,False
2021-01-20,9.0,6.1,10.559462,5.676129,14.2,-1.559462,False
2021-01-21,10.4,6.5,10.650753,5.699032,14.4,-0.250753,False
2021-01-22,15.1,5.0,10.740323,5.731828,14.51,4.359677,False
2021-01-23,15.1,4.7,10.840215,5.76957,14.7,4.259785,False
2021-01-24,11.0,9.8,10.928387,5.823226,14.9,0.071613,False
2021-01-25,11.6,9.1,11.005914,5.880538,15.2,0.594086,False
2021-01-26,11.5,8.5,11.101183,5.932151,15.5,0.398817,False
2021-01-27,10.8,8.2,11.203978,5.985161,15.7,-0.403978,False
2021-01-28,14.4,6.3,11.302688,6.039785,15.9,3.097312,False
2021-01-29,12.1,6.5,11.404624,6.109032,16.1,0.695376,False
2021-01-30,13.4,8.3,11.502581,6.170538,16.2,1.897419,False
2021-01-31,12.2,6.5,11.607419,6.230538,16.3,0.592581,False
2021-02-01,15.3,6.9,11.711398,6.290108,16.5,3.588602,False
2021-02-02,11.2,6.9,11.795376,6.343763,16.6,-0.595376,False
2021-02-03,12.2,8.0,11.896559,6.408065,16.7,0.303441,False
2021-02-04,11.5,9.1,12.0,6.472903,16.81,-0.5,False
2021-02-05,14.7,5.8,12.109462,6.547527,17.0,2.590538,False
2021-02-06,16.0,6.3,12.214516,6.631398,17.1,3.785484,False
2021-02-07,17.4,9.7,12.305376,6.732258,17.11,5.094624,False
2021-02-08,17.1,7.9,12.415054,6.811935,17.2,4.684946,False
2021-02-09,17.5,7.9,12.553656,6.913871,17.4,4.946344,False
2021-02-10,19.6,8.8,12.684946,7.035914,17.5,6.915054,False
2021-02-11,18.8,8.9,12.823763,7.156667,17.7,5.976237,False
2021-02-12,21.9,9.7,12.940538,7.29129,17.9,8.959462,False
2021-02-13,14.1,8.6,13.062258,7.40043,18.2,1.037742,False
2021-02-14,21.1,9.1,13.207634,7.52043,18.41,7.892366,False
2021-02-15,13.5,10.7,13.328172,7.639247,18.61,0.171828,False
2021-02-16,15.1,7.9,13.475591,7.718065,18.81,1.624409,False
2021-02-17,18.7,7.9,13.65043,7.793871,19.1,5.04957,False
2021-02-18,18.2,9.4,13.819677,7.911613,19.2,4.380323,False
2021-02-19,20.7,8.4,13.98086,8.026344,19.3,6.71914,False
2021-02-20,22.4,8.7,14.112903,8.141828,19.4,8.287097,False
2021-02-21,24.2,9.4,14.218817,8.23914,19.51,9.981183,False
2021-02-22,25.6,11.7,14.32914,8.310323,19.7,11.27086,False
2021-02-23,24.7,14.8,14.452581,8.406882,19.81,10.247419,False
2021-02-24,27.2,15.2,14.584301,8.511613,20.1,12.615699,False
2021-02-25,18.1,10.8,14.741613,8.615161,20.21,3.358387,False
2021-02-26,13.0,10.8,14.878495,8.736022,20.5,-1.878495,False
2021-02-27,13.6,10.1,15.007742,8.846882,20.8,-1.407742,False
2021-02-28,12.0,9.4,15.140968,8.973333,20.9,-3.140968,False
2021-03-01,13.9,9.2,15.284194,9.08914,21.0,-1.384194,False
2021-03-02,12.2,9.5,15.464301,9.185699,21.5,-3.264301,False
2021-03-03,15.2,7.0,15.657849,9.316129,22.01,-0.457849,False
2021-03-04,17.0,7.6,15.843441,9.445161,22.41,1.156559,False
2021-03-05,16.1,11.6,16.049032,9.578602,22.71,0.050968,False
2021-03-06,15.7,11.3,16.247419,9.706344,22.91,-0.547419,False
2021-03-07,15.2,10.9,16.402903,9.832043,23.1,-1.202903,False
2021-03-08,17.9,11.4,16.513978,9.936237,23.2,1.386022,False
2021-03-09,16.8,12.8,16.626129,10.040538,23.4,0.173871,False
2021-03-10,14.1,10.3,16.775054,10.15172,23.5,-2.675054,False
2021-03-11,19.6,10.9,16.966882,10.280645,23.7,2.633118,False
2021-03-12,19.8,12.3,17.127849,10.397742,23.71,2.672151,False
2021-03-13,24.8,13.6,17.291828,10.504946,23.91,7.508172,False
2021-03-14,25.0,14.7,17.490215,10.63129,24.1,7.509785,False
2021-03-15,25.2,16.2,17.692366,10.783333,24.3,7.507634,False
2021-03-16,22.7,16.3,17.895914,10.949355,24.6,4.804086,False
2021-03-17,26.0,17.3,18.066667,11.096989,24.71,7.933333,False
2021-03-18,22.7,18.1,18.238602,11.237419,24.81,4.461398,False
2021-03-19,21.0,12.9,18.404516,11.412581,25.3,2.595484,False
2021-03-20,13.1,9.4,18.554194,11.583763,25.51,-5.454194,False
2021-03-21,9.9,7.4,18.685054,11.695699,25.6,-8.785054,False
2021-03-22,14.9,8.1,18.86,11.817742,25.9,-3.96,False
2021-03-23,19.5,8.1,19.047204,11.972258,26.1,0.452796,False
2021-03-24,24.0,9.1,19.22957,12.143978,26.11,4.77043,False
2021-03-25,19.5,13.9,19.396237,12.312903,26.2,0.103763,False
2021-03-26,16.1,13.3,19.510323,12.453978,26.3,-3.410323,False
2021-03-27,23.8,11.3,19.627312,12.57828,26.4,4.172688,False
2021-03-28,28.2,12.5,19.76172,12.698495,26.5,8.43828,False
2021-03-29,28.2,17.5,19.892043,12.79129,26.8,8.307957,False
2021-03-30,26.9,16.5,20.033226,12.909892,27.0,6.866774,False
2021-03-31,24.2,17.3,20.223548,13.032043,27.2,3.976452,False
2021-04-01,17.6,14.3,20.439247,13.179032,27.51,-2.839247,False
2021-04-02,17.1,14.1,20.643333,13.354731,27.81,-3.543333,False
2021-04-03,19.1,14.4,20.817097,13.514624,28.11,-1.717097,False
2021-04-04,18.0,14.2,21.004086,13.687204,28.3,-3.004086,False
2021-04-05,19.3,12.8,21.162796,13.848817,28.4,-1.862796,False
2021-04-06,18.4,14.2,21.317527,13.995054,28.5,-2.917527,False
2021-04-07,19.4,14.5,21.526559,14.166452,28.71,-2.126559,False
2021-04-08,21.6,14.7,21.752581,14.348387,29.0,-0.152581,False
2021-04-09,20.8,13.8,21.951398,14.521828,29.01,-1.151398,False
2021-04-10,16.9,13.8,22.103333,14.683226,29.1,-5.203333,False
2021-04-11,17.8,13.7,22.245161,14.830538,29.2,-4.445161,False
2021-04-12,20.8,14.7,22.436237,14.988387,29.4,-1.636237,False
2021-04-13,21.0,15.7,22.63871,15.160968,29.61,-1.63871,False
2021-04-14,21.0,16.1,22.844946,15.325269,29.72,-1.844946,False
2021-04-15,21.3,15.8,23.052903,15.472366,30.1,-1.752903,False
2021-04-16,18.4,14.0,23.249462,15.607957,30.3,-4.849462,False
2021-04-17,19.2,13.7,23.416022,15.755591,30.4,-4.216022,False
2021-04-18,17.8,15.4,23.559462,15.902473,30.4,-5.759462,False
2021-04-19,18.9,15.8,23.715914,16.036989,30.5,-4.815914,False
2021-04-20,20.6,16.1,23.876989,16.173871,30.6,-3.276989,False
2021-04-21,23.8,15.0,24.061613,16.342151,30.7,-0.261613,False
2021-04-22,26.8,15.7,24.187527,16.507419,30.8,2.612473,False
2021-04-23,23.7,19.7,24.275591,16.632688,30.9,-0.575591,False
2021-04-24,21.5,18.9,24.390968,16.73957,30.9,-2.890968,False
2021-04-25,19.4,16.7,24.554731,16.870323,31.0,-5.154731,False
2021-04-26,22.2,15.7,24.738817,17.014624,31.11,-2.538817,False
2021-04-27,25.9,17.9,24.925699,17.162581,31.5,0.974301,False
2021-04-28,22.5,15.7,25.074194,17.314301,31.51,-2.574194,False
2021-04-29,29.6,17.1,25.20043,17.487312,31.6,4.39957,False
2021-04-30,32.5,18.6,25.322581,17.623333,31.61,7.177419,False
2021-05-01,35.2,21.6,25.40828,17.746882,31.71,9.79172,False
2021-05-02,35.8,21.8,25.473656,17.863871,31.81,10.326344,False
2021-05-03,26.3,21.0,25.537419,17.964624,31.9,0.762581,False
2021-05-04,25.2,16.2,25.628387,18.070968,32.0,-0.428387,False
2021-05-05,18.5,15.7,25.694194,18.166237,32.1,-7.194194,False
2021-05-06,19.2,16.6,25.762903,18.243656,32.2,-6.562903,False
2021-05-07,22.6,16.9,25.814731,18.337312,32.3,-3.214731,False
2021-05-08,29.0,17.5,25.896344,18.431183,32.31,3.103656,False
2021-05-09,34.1,20.0,25.955914,18.517312,32.4,8.144086,False
2021-05-10,25.5,20.4,26.055591,18.615699,32.4,-0.555591,False
2021-05-11,24.8,18.6,26.166452,18.728925,32.4,-1.366452,False
2021-05-12,28.6,20.2,26.227849,18.832151,32.4,2.372151,False
2021-05-13,26.6,21.1,26.269247,18.919892,32.4,0.330753,False
2021-05-14,30.9,22.3,26.290645,19.001183,32.4,4.609355,False
2021-05-15,23.9,18.3,26.297634,19.073871,32.4,-2.397634,False
2021-05-16,26.5,18.4,26.296129,19.148065,32.3,0.203871,False
2021-05-17,26.1,19.4,26.297204,19.231828,32.3,-0.197204,False
2021-05-18,26.3,19.7,26.341613,19.313441,32.21,-0.041613,False
2021-05-19,26.3,20.4,26.416129,19.394946,32.21,-0.116129,False
2021-05-20,25.6,20.9,26.505269,19.497849,32.4,-0.905269,False
2021-05-21,24.9,21.0,26.583118,19.608602,32.4,-1.683118,False
2021-05-22,23.9,17.5,26.637634,19.710753,32.4,-2.737634,False
2021-05-23,19.3,17.4,26.705699,19.800753,32.41,-7.405699,False
2021-05-24,20.3,16.9,26.793763,19.897742,32.41,-6.493763,False
2021-05-25,22.0,18.3,26.847204,20.006882,32.6,-4.847204,False
2021-05-26,20.3,18.1,26.87914,20.106344,32.51,-6.57914,False
2021-05-27,25.2,18.6,26.921398,20.191613,32.51,-1.721398,False
2021-05-28,24.9,18.9,26.962581,20.276559,32.4,-2.062581,False
2021-05-29,23.5,19.7,27.02086,20.366344,32.6,-3.52086,False
2021-05-30,27.7,20.4,27.151828,20.465484,32.6,0.548172,False
2021-05-31,30.1,20.9,27.270323,20.586667,32.7,2.829677,False
2021-06-01,29.1,22.4,27.358495,20.710108,32.71,1.741505,False
2021-06-02,26.4,19.6,27.453118,20.823441,32.9,-1.053118,False
2021-06-03,21.4,18.2,27.540645,20.943441,32.9,-6.140645,False
2021-06-04,29.6,17.0,27.578817,21.043011,32.9,2.021183,False
2021-06-05,31.8,18.4,27.612688,21.140968,32.9,4.187312,False
2021-06-06,34.0,21.3,27.707634,21.264086,32.9,6.292366,False
2021-06-07,30.0,22.7,27.81914,21.381398,32.81,2.18086,False
2021-06-08,28.7,21.1,27.88871,21.487527,32.8,0.81129,False
2021-06-09,20.9,19.9,28.00828,21.586882,32.9,-7.10828,False
2021-06-10,26.6,20.6,28.106237,21.701183,33.0,-1.506237,False
2021-06-11,29.7,23.0,28.225054,21.829892,33.2,1.474946,False
2021-06-12,31.7,24.0,28.365806,21.963871,33.4,3.334194,False
2021-06-13,33.7,26.1,28.508495,22.105591,33.5,5.191505,True
2021-06-14,34.0,26.7,28.620645,22.230753,33.7,5.379355,True
2021-06-15,34.2,27.0,28.703441,22.354194,33.8,5.496559,True
2021-06-16,35.4,25.7,28.806882,22.470645,34.0,6.593118,True
2021-06-17,25.1,20.6,28.922796,22.592473,34.1,-3.822796,False
2021-06-18,24.1,21.1,29.007527,22.703226,34.2,-4.907527,False
2021-06-19,26.9,21.5,29.079785,22.810538,34.3,-2.179785,False
2021-06-20,27.9,22.5,29.12914,22.898065,34.3,-1.22914,False
2021-06-21,28.1,23.0,29.214516,22.993978,34.3,-1.114516,False
2021-06-22,32.1,24.4,29.329785,23.079677,34.4,2.770215,False
2021-06-23,33.8,25.2,29.45914,23.185161,34.6,4.34086,False
2021-06-24,27.0,24.0,29.589677,23.290538,34.7,-2.589677,False
2021-06-25,28.0,24.2,29.742581,23.395161,34.71,-1.742581,False
2021-06-26,30.0,24.6,29.877527,23.493226,34.81,0.122473,False
2021-06-27,29.3,23.8,30.011935,23.599677,35.0,-0.711935,False
2021-06-28,27.4,24.4,30.165269,23.72086,35.0,-2.765269,False
2021-06-29,29.8,24.1,30.32172,23.84086,35.3,-0.52172,False
2021-06-30,31.3,24.6,30.428065,23.94043,35.31,0.871935,False
2021-07-01,27.7,24.6,30.529032,24.03828,35.4,-2.829032,False
2021-07-02,26.8,23.9,30.659355,24.132151,35.5,-3.859355,False
2021-07-03,31.0,24.4,30.783978,24.222258,35.6,0.216022,False
2021-07-04,30.5,23.4,30.886344,24.304194,35.7,-0.386344,False
2021-07-05,28.4,24.4,31.033226,24.406882,35.8,-2.633226,False
2021-07-06,30.8,24.6,31.204086,24.514301,35.9,-0.404086,False
2021-07-07,32.2,25.6,31.322258,24.597312,36.0,0.877742,False
2021-07-08,29.7,25.2,31.47129,24.690323,36.1,-1.77129,False
2021-07-09,31.6,26.3,31.640753,24.787419,36.2,-0.040753,False
2021-07-10,32.6,25.9,31.807849,24.89914,36.4,0.792151,False
2021-07-11,30.7,25.5,31.996237,25.009032,36.6,-1.296237,False
2021-07-12,32.8,24.8,32.177204,25.109677,36.8,0.622796,False
2021-07-13,36.2,27.9,32.34,25.19871,36.9,3.86,False
2021-07-14,37.5,29.8,32.449677,25.255161,37.0,5.050323,False
2021-07-15,34.3,25.8,32.573118,25.321613,37.0,1.726882,False
2021-07-16,28.5,25.2,32.719247,25.386559,37.1,-4.219247,False
2021-07-17,30.9,24.8,32.815054,25.433656,37.2,-1.915054,False
2021-07-18,31.5,25.0,32.891183,25.473763,37.3,-1.391183,False
2021-07-19,32.3,25.3,33.009247,25.524409,37.4,-0.709247,False
2021-07-20,32.9,26.2,33.152043,25.586559,37.4,-0.252043,False
2021-07-21,34.7,26.5,33.286774,25.656344,37.5,1.413226,False
2021-07-22,35.0,27.5,33.393226,25.716559,37.5,1.606774,False
2021-07-23,36.0,28.2,33.494301,25.757204,37.6,2.505699,False
2021-07-24,32.7,25.6,33.548065,25.793656,37.61,-0.848065,False
2021-07-25,34.2,25.3,33.607097,25.829785,37.8,0.592903,False
2021-07-26,35.0,26.3,33.653548,25.86957,37.9,1.346452,False
2021-07-27,32.5,25.8,33.69,25.895914,38.0,-1.19,False
2021-07-28,34.1,26.5,33.732581,25.905054,38.2,0.367419,False
2021-07-29,36.6,27.3,33.758925,25.914624,38.21,2.841075,False
2021-07-30,36.9,26.2,33.807527,25.921075,38.3,3.092473,False
2021-07-31,36.3,24.4,33.844194,25.927097,38.3,2.455806,False
2021-08-01,38.0,27.2,33.874086,25.921398,38.31,4.125914,False
2021-08-02,39.6,28.3,33.893656,25.908495,38.4,5.706344,True
2021-08-03,40.3,28.5,33.891505,25.909462,38.4,6.408495,True
2021-08-04,39.2,28.6,33.916882,25.901183,38.4,5.283118,True
2021-08-05,36.3,27.5,33.883978,25.859785,38.4,2.416022,False
2021-08-06,36.1,27.4,33.842903,25.807419,38.4,2.257097,False
2021-08-07,30.1,26.2,33.810108,25.770538,38.4,-3.710108,False
2021-08-08,29.0,26.0,33.783871,25.73129,38.41,-4.783871,False
2021-08-09,31.9,25.5,33.734731,25.677204,38.4,-1.834731,False
2021-08-10,32.1,25.7,33.647634,25.626774,38.4,-1.547634,False
2021-08-11,32.2,26.0,33.550538,25.553333,38.4,-1.350538,False
2021-08-12,30.7,23.3,33.433441,25.474516,38.4,-2.733441,False
2021-08-13,26.2,22.7,33.29828,25.392258,38.4,-7.09828,False
2021-08-14,26.2,24.1,33.196452,25.323118,38.4,-6.996452,False
2021-08-15,30.0,23.7,33.134624,25.250753,38.41,-3.134624,False
2021-08-16,32.6,25.8,33.042688,25.17043,38.51,-0.442688,False
2021-08-17,34.0,26.4,32.971935,25.089462,38.6,1.028065,False
2021-08-18,34.0,26.5,32.877957,24.997097,38.6,1.122043,False
2021-08-19,36.2,26.9,32.75086,24.912796,38.6,3.44914,False
2021-08-20,34.3,27.3,32.632903,24.820753,38.6,1.667097,False
2021-08-21,36.7,27.1,32.507527,24.709892,38.61,4.192473,False
2021-08-22,32.0,21.7,32.359785,24.581828,38.6,-0.359785,False
2021-08-23,28.4,22.3,32.200753,24.468602,38.51,-3.800753,False
2021-08-24,30.2,24.8,32.058065,24.356667,38.5,-1.858065,False
2021-08-25,26.3,19.7,31.909032,24.238817,38.4,-5.609032,False
2021-08-26,21.0,19.5,31.744946,24.1,38.31,-10.744946,False
2021-08-27,23.3,19.9,31.612043,23.982796,38.1,-8.312043,False
2021-08-28,23.9,21.3,31.45957,23.861075,37.81,-7.55957,False
2021-08-29,25.3,20.8,31.298817,23.72172,37.8,-5.998817,False
2021-08-30,30.6,21.6,31.084624,23.573333,37.61,-0.484624,False
2021-08-31,30.5,24.0,30.898602,23.440753,37.6,-0.398602,False
2021-09-01,31.9,24.9,30.753548,23.322796,37.5,1.146452,False
2021-09-02,34.0,25.5,30.581183,23.203226,37.4,3.418817,False
2021-09-03,35.6,27.5,30.387742,23.06172,37.31,5.212258,False
2021-09-04,32.4,23.8,30.173871,22.908065,37.21,2.226129,False
2021-09-05,31.1,22.7,29.986989,22.757527,36.91,1.113011,False
2021-09-06,24.2,22.0,29.808495,22.61086,36.81,-5.608495,False
2021-09-07,28.0,22.0,29.632796,22.46871,36.8,-1.632796,False
2021-09-08,30.0,22.8,29.436774,22.325161,36.5,0.563226,False
2021-09-09,28.2,21.8,29.224409,22.175699,36.2,-1.024409,False
2021-09-10,30.4,22.2,29.017204,22.02086,36.0,1.382796,False
2021-09-11,29.2,23.2,28.806667,21.882796,35.7,0.393333,False
2021-09-12,26.6,22.5,28.587527,21.732473,35.4,-1.987527,False
2021-09-13,31.2,23.2,28.394839,21.59086,35.11,2.805161,False
2021-09-14,32.4,24.7,28.242581,21.454946,34.7,4.157419,False
2021-09-15,32.6,24.5,28.083548,21.318817,34.4,4.516452,False
2021-09-16,25.3,21.9,27.882903,21.177634,34.2,-2.582903,False
2021-09-17,26.9,21.9,27.687419,21.031828,33.9,-0.787419,False
2021-09-18,25.7,20.3,27.451183,20.872581,33.71,-1.751183,False
2021-09-19,25.9,18.9,27.215806,20.696989,33.6,-1.315806,False
2021-09-20,30.7,19.5,26.974946,20.507527,33.32,3.725054,False
2021-09-21,33.3,20.7,26.748172,20.326667,33.01,6.551828,True
2021-09-22,35.9,22.5,26.546022,20.165054,32.9,9.353978,True
2021-09-23,34.1,25.4,26.350108,20.016667,32.7,7.749892,True
2021-09-24,35.2,26.3,26.170108,19.863871,32.51,9.029892,True
2021-09-25,35.5,26.6,25.973226,19.707849,32.3,9.526774,True
2021-09-26,34.6,22.6,25.783548,19.564194,32.2,8.816452,True
2021-09-27,27.7,21.7,25.556022,19.414624,31.8,2.143978,False
2021-09-28,26.7,20.7,25.312581,19.256774,31.5,1.387419,False
2021-09-29,31.1,20.8,25.093333,19.102688,31.21,6.006667,False
2021-09-30,32.4,21.8,24.894946,18.959785,31.1,7.505054,False
2021-10-01,32.5,22.9,24.676344,18.797742,31.0,7.823656,False
2021-10-02,35.8,25.0,24.430323,18.619892,30.71,11.369677,False
2021-10-03,36.2,27.3,24.222581,18.46,30.6,11.977419,False
2021-10-04,36.1,20.8,24.027312,18.302473,30.5,12.072688,False
2021-10-05,28.2,21.3,23.849032,18.158387,30.3,4.350968,False
2021-10-06,24.0,18.5,23.66957,18.019032,30.1,0.33043,False
2021-10-07,19.6,18.8,23.477957,17.878925,29.81,-3.877957,False
2021-10-08,24.0,18.0,23.303763,17.73172,29.61,0.696237,False
2021-10-09,25.9,19.2,23.119785,17.575591,29.41,2.780215,False
2021-10-10,19.1,14.5,22.927634,17.423763,29.1,-3.827634,False
2021-10-11,17.0,14.9,22.746774,17.276667,28.9,-5.746774,False
2021-10-12,21.0,16.8,22.560753,17.116667,28.7,-1.560753,False
2021-10-13,21.7,18.2,22.379032,16.952366,28.6,-0.679032,False
2021-10-14,20.5,15.9,22.18172,16.785269,28.4,-1.68172,False
2021-10-15,16.2,13.7,21.961828,16.600753,28.2,-5.761828,False
2021-10-16,14.5,13.5,21.729677,16.420108,27.7,-7.229677,False
2021-10-17,16.8,13.6,21.545484,16.239247,27.5,-4.745484,False
2021-10-18,17.4,14.0,21.375699,16.066344,27.0,-3.975699,False
2021-10-19,16.0,14.7,21.281183,15.907742,26.9,-5.281183,False
2021-10-20,16.4,14.5,21.20129,15.757634,26.6,-4.80129,False
2021-10-21,17.1,13.9,21.097097,15.628817,26.31,-3.997097,False
2021-10-22,18.5,11.4,20.980215,15.506559,26.0,-2.480215,False
2021-10-23,20.2,11.6,20.849462,15.369677,25.71,-0.649462,False
2021-10-24,21.9,12.1,20.703548,15.227957,25.4,1.196452,False
2021-10-25,19.5,15.9,20.571828,15.085806,25.2,-1.071828,False
2021-10-26,17.1,15.0,20.450215,14.939677,24.9,-3.350215,False
2021-10-27,18.1,15.1,20.327527,14.799032,24.7,-2.227527,False
2021-10-28,17.0,15.0,20.207419,14.65828,24.6,-3.207419,False
2021-10-29,19.4,13.4,20.115269,14.53,24.6,-0.715269,False
2021-10-30,21.7,14.4,20.004409,14.390538,24.41,1.695591,False
2021-10-31,19.0,15.4,19.867527,14.255054,24.4,-0.867527,False
2021-11-01,16.6,14.9,19.71828,14.106344,24.3,-3.11828,False
2021-11-02,17.2,15.1,19.572151,13.958925,24.1,-2.372151,False
2021-11-03,17.3,15.6,19.390538,13.790108,23.91,-2.090538,False
2021-11-04,18.9,15.7,19.188495,13.620108,23.71,-0.288495,False
2021-11-05,20.2,15.7,18.987204,13.452688,23.51,1.212796,False
2021-11-06,19.4,8.7,18.803871,13.281828,23.4,0.596129,False
2021-11-07,11.2,8.1,18.635269,13.104516,23.3,-7.435269,False
2021-11-08,12.8,8.1,18.443871,12.935806,23.1,-5.643871,False
2021-11-09,12.5,6.4,18.252366,12.759677,23.0,-5.752366,False
2021-11-10,16.1,5.9,18.09129,12.593763,22.9,-1.99129,False
2021-11-11,11.6,8.9,17.930538,12.427097,22.9,-6.330538,False
2021-11-12,12.8,7.4,17.757742,12.261828,22.8,-4.957742,False
2021-11-13,14.1,7.0,17.592688,12.113871,22.7,-3.492688,False
2021-11-14,14.6,7.2,17.432581,11.971075,22.6,-2.832581,False
2021-11-15,13.6,10.3,17.26043,11.838925,22.5,-3.66043,False
2021-11-16,11.7,9.9,17.063656,11.696882,22.4,-5.363656,False
2021-11-17,13.2,7.8,16.886344,11.563763,22.2,-3.686344,False
2021-11-18,15.3,8.1,16.692688,11.422366,22.0,-1.392688,False
2021-11-19,12.8,10.5,16.474839,11.272903,21.8,-3.674839,False
2021-11-20,12.2,11.3,16.224194,11.121505,21.6,-4.024194,False
2021-11-21,13.0,9.0,15.999677,10.944516,21.3,-2.999677,False
2021-11-22,12.5,8.7,15.767419,10.748817,21.0,-3.267419,False
2021-11-23,14.1,8.5,15.536559,10.572366,20.4,-1.436559,False
2021-11-24,15.5,6.5,15.328817,10.401183,20.0,0.171183,False
2021-11-25,16.0,6.3,15.091828,10.239785,19.61,0.908172,False
2021-11-26,16.2,7.8,14.854516,10.072366,19.1,1.345484,False
2021-11-27,15.8,9.6,14.624624,9.890753,18.91,1.175376,False
2021-11-28,15.8,11.0,14.43,9.724516,18.6,1.37,False
2021-11-29,13.2,6.1,14.207634,9.563333,18.4,-1.007634,False
2021-11-30,15.3,6.8,13.97957,9.402581,18.2,1.32043,False
2021-12-01,15.8,7.4,13.793118,9.216559,17.9,2.006882,False
2021-12-02,16.9,7.3,13.63086,9.051935,17.7,3.26914,False
2021-12-03,16.2,7.3,13.456022,8.900968,17.4,2.743978,False
2021-12-04,16.3,8.4,13.309892,8.745054,17.2,2.990108,False
2021-12-05,18.2,9.1,13.189462,8.603871,17.0,5.010538,False
2021-12-06,16.8,9.2,13.079677,8.447957,16.8,3.720323,False
2021-12-07,14.5,11.5,12.94957,8.302581,16.6,1.55043,False
2021-12-08,13.7,9.6,12.800753,8.175054,16.3,0.899247,False
2021-12-09,15.2,9.6,12.678387,8.050645,16.11,2.521613,False
2021-12-10,12.1,10.5,12.540645,7.939677,16.0,-0.440645,False
2021-12-11,11.3,9.5,12.396344,7.814839,15.8,-1.096344,False
2021-12-12,11.5,7.7,12.239677,7.681505,15.5,-0.739677,False
2021-12-13,15.6,8.4,12.104516,7.546882,15.4,3.495484,False
2021-12-14,13.3,10.9,11.955054,7.416774,15.3,1.344946,False
2021-12-15,12.0,10.4,11.820215,7.287097,15.1,0.179785,False
2021-12-16,12.7,8.6,11.690645,7.149677,14.9,1.009355,False
2021-12-17,10.8,8.0,11.573656,7.028925,14.71,-0.773656,False
2021-12-18,9.3,6.9,11.459677,6.920323,14.6,-2.159677,False
2021-12-19,11.2,7.5,11.352688,6.822151,14.4,-0.152688,False
2021-12-20,12.6,7.7,11.252796,6.741398,14.3,1.347204,False
2021-12-21,14.0,3.8,11.180323,6.653011,14.2,2.819677,False
2021-12-22,14.8,4.0,11.091935,6.589677,14.1,3.708065,False
2021-12-23,11.8,7.7,11.00871,6.537957,13.9,0.79129,False
2021-12-24,13.8,9.6,10.932043,6.464946,13.81,2.867957,False
2021-12-25,12.1,6.7,10.845591,6.385161,13.7,1.254409,False
2021-12-26,6.5,3.8,10.783656,6.294946,13.5,-4.283656,False
2021-12-27,5.7,3.7,10.726129,6.23129,13.41,-5.026129,False
2021-12-28,6.5,4.6,10.678925,6.175269,13.4,-4.178925,False
2021-12-29,7.6,4.0,10.622581,6.097634,13.3,-3.022581,False
2021-12-30,8.6,4.3,10.58086,6.037419,13.3,-1.98086,False
2021-12-31,9.3,5.0,10.557419,5.989355,13.2,-1.257419,False
2022-01-01,11.5,3.3,10.531398,5.955806,13.2,0.968602,False
2022-01-02,12.4,3.7,10.490968,5.933441,13.2,1.909032,False
2022-01-03,9.5,7.6,10.449677,5.900323,13.2,-0.949677,False
2022-01-04,9.7,4.5,10.397097,5.880108,13.1,-0.697097,False
2022-01-05,12.1,4.1,10.357419,5.856022,13.1,1.742581,False
2022-01-06,10.8,8.3,10.316774,5.836022,13.1,0.483226,False
2022-01-07,9.1,5.9,10.296774,5.791613,13.2,-1.196774,False
2022-01-08,11.6,7.0,10.280538,5.771398,13.2,1.319462,False
2022-01-09,12.3,6.9,10.244624,5.745591,13.2,2.055376,False
2022-01-10,13.0,8.0,10.239355,5.709462,13.2,2.760645,False
2022-01-11,14.4,8.1,10.222581,5.679462,13.3,4.177419,False
2022-01-12,11.2,8.6,10.253118,5.646774,13.31,0.946882,False
2022-01-13,10.5,6.4,10.280323,5.639462,13.4,0.219677,False
2022-01-14,10.9,6.5,10.333226,5.621828,13.5,0.566774,False
2022-01-15,11.1,6.8,10.382366,5.611075,13.61,0.717634,False
2022-01-16,12.3,5.9,10.413871,5.635591,13.8,1.886129,False
2022-01-17,15.0,3.2,10.446452,5.647634,13.9,4.553548,False
2022-01-18,17.2,3.2,10.468065,5.657527,13.9,6.731935,False
2022-01-19,17.0,5.2,10.492043,5.669462,14.0,6.507957,False
2022-01-20,12.1,9.2,10.559462,5.676129,14.2,1.540538,False
2022-01-21,10.7,9.0,10.650753,5.699032,14.4,0.049247,False
2022-01-22,11.4,9.2,10.740323,5.731828,14.51,0.659677,False
2022-01-23,11.4,8.1,10.840215,5.76957,14.7,0.559785,False
2022-01-24,11.9,7.7,10.928387,5.823226,14.9,0.971613,False
2022-01-25,11.0,7.6,11.005914,5.880538,15.2,-0.005914,False
2022-01-26,9.9,7.7,11.101183,5.932151,15.5,-1.201183,False
2022-01-27,10.8,6.7,11.203978,5.985161,15.7,-0.403978,False
2022-01-28,7.3,6.4,11.302688,6.039785,15.9,-4.002688,False
2022-01-29,7.9,4.4,11.404624,6.109032,16.1,-3.504624,False
2022-01-30,9.6,4.4,11.502581,6.170538,16.2,-1.902581,False
2022-01-31,11.1,4.9,11.607419,6.230538,16.3,-0.507419,False
2022-02-01,8.1,4.0,11.711398,6.290108,16.5,-3.611398,False
2022-02-02,7.9,2.5,11.795376,6.343763,16.6,-3.895376,False
2022-02-03,9.6,2.4,11.896559,6.408065,16.7,-2.296559,False
2022-02-04,11.1,6.0,12.0,6.472903,16.81,-0.9,False
2022-02-05,10.3,6.6,12.109462,6.547527,17.0,-1.809462,False
2022-02-06,7.2,4.4,12.214516,6.631398,17.1,-5.014516,False
2022-02-07,8.3,5.2,12.305376,6.732258,17.11,-4.005376,False
2022-02-08,6.9,5.4,12.415054,6.811935,17.2,-5.515054,False
2022-02-09,8.1,5.4,12.553656,6.913871,17.4,-4.453656,False
2022-02-10,8.6,6.5,12.684946,7.035914,17.5,-4.084946,False
2022-02-11,11.4,6.8,12.823763,7.156667,17.7,-1.423763,False
2022-02-12,12.0,6.1,12.940538,7.29129,17.9,-0.940538,False
2022-02-13,15.3,4.8,13.062258,7.40043,18.2,2.237742,False
2022-02-14,16.5,5.1,13.207634,7.52043,18.41,3.292366,False
2022-02-15,18.0,8.8,13.328172,7.639247,18.61,4.671828,False
2022-02-16,13.0,8.2,13.475591,7.718065,18.81,-0.475591,False
2022-02-17,11.9,8.2,13.65043,7.793871,19.1,-1.75043,False
2022-02-18,10.5,6.7,13.819677,7.911613,19.2,-3.319677,False
2022-02-19,6.8,5.8,13.98086,8.026344,19.3,-7.18086,False
2022-02-20,9.6,4.6,14.112903,8.141828,19.4,-4.512903,False
2022-02-21,8.2,4.6,14.218817,8.23914,19.51,-6.018817,False
2022-02-22,8.6,1.5,14.32914,8.310323,19.7,-5.72914,False
2022-02-23,12.8,1.3,14.452581,8.406882,19.81,-1.652581,False
2022-02-24,13.1,3.9,14.584301,8.511613,20.1,-1.484301,False
2022-02-25,13.9,6.2,14.741613,8.615161,20.21,-0.841613,False
2022-02-26,15.7,6.1,14.878495,8.736022,20.5,0.821505,False
2022-02-27,17.4,6.9,15.007742,8.846882,20.8,2.392258,False
2022-02-28,17.4,10.1,15.140968,8.973333,20.9,2.259032,False
2022-03-01,17.4,8.9,15.284194,9.08914,21.0,2.115806,False
2022-03-02,16.7,9.5,15.464301,9.185699,21.5,1.235699,False
2022-03-03,17.7,8.9,15.657849,9.316129,22.01,2.042151,False
2022-03-04,19.2,10.2,15.843441,9.445161,22.41,3.356559,False
2022-03-05,16.8,10.6,16.049032,9.578602,22.71,0.750968,False
2022-03-06,21.7,10.1,16.247419,9.706344,22.91,5.452581,False
2022-03-07,25.2,10.3,16.402903,9.832043,23.1,8.797097,False
2022-03-08,28.2,10.6,16.513978,9.936237,23.2,11.686022,False
2022-03-09,27.1,13.6,16.626129,10.040538,23.4,10.473871,False
2022-03-10,28.5,14.2,16.775054,10.15172,23.5,11.724946,False
2022-03-11,30.1,14.8,16.966882,10.280645,23.7,13.133118,False
2022-03-12,29.4,18.0,17.127849,10.397742,23.71,12.272151,False
2022-03-13,30.9,18.0,17.291828,10.504946,23.91,13.608172,False
2022-03-14,29.8,17.0,17.490215,10.63129,24.1,12.309785,False
2022-03-15,33.2,17.4,17.692366,10.783333,24.3,15.507634,False
2022-03-16,26.2,18.9,17.895914,10.949355,24.6,8.304086,False
2022-03-17,28.3,18.9,18.066667,11.096989,24.71,10.233333,False
2022-03-18,30.7,18.6,18.238602,11.237419,24.81,12.461398,False
2022-03-19,31.5,19.4,18.404516,11.412581,25.3,13.095484,False
2022-03-20,21.9,13.5,18.554194,11.583763,25.51,3.345806,False
2022-03-21,14.9,12.2,18.685054,11.695699,25.6,-3.785054,False
2022-03-22,14.1,12.5,18.86,11.817742,25.9,-4.76,False
2022-03-23,18.1,12.2,19.047204,11.972258,26.1,-0.947204,False
2022-03-24,20.3,12.9,19.22957,12.143978,26.11,1.07043,False
2022-03-25,18.9,14.3,19.396237,12.312903,26.2,-0.496237,False
2022-03-26,14.7,12.2,19.510323,12.453978,26.3,-4.810323,False
2022-03-27,17.7,9.2,19.627312,12.57828,26.4,-1.927312,False
2022-03-28,25.1,10.0,19.76172,12.698495,26.5,5.33828,False
2022-03-29,22.2,15.1,19.892043,12.79129,26.8,2.307957,False
2022-03-30,16.7,13.9,20.033226,12.909892,27.0,-3.333226,False
2022-03-31,13.8,12.0,20.223548,13.032043,27.2,-6.423548,False
2022-04-01,15.3,11.2,20.439247,13.179032,27.51,-5.139247,False
2022-04-02,19.3,8.6,20.643333,13.354731,27.81,-1.343333,False
2022-04-03,24.2,10.4,20.817097,13.514624,28.11,3.382903,False
2022-04-04,16.9,12.5,21.004086,13.687204,28.3,-4.104086,False
2022-04-05,19.3,12.5,21.162796,13.848817,28.4,-1.862796,False
2022-04-06,21.5,12.5,21.317527,13.995054,28.5,0.182473,False
2022-04-07,27.2,11.5,21.526559,14.166452,28.71,5.673441,False
2022-04-08,31.1,13.1,21.752581,14.348387,29.0,9.347419,False
2022-04-09,26.3,14.3,21.951398,14.521828,29.01,4.348602,False
2022-04-10,30.8,15.9,22.103333,14.683226,29.1,8.696667,False
2022-04-11,34.0,15.8,22.245161,14.830538,29.2,11.754839,False
2022-04-12,21.7,15.4,22.436237,14.988387,29.4,-0.736237,False
2022-04-13,26.0,15.5,22.63871,15.160968,29.61,3.36129,False
2022-04-14,18.4,15.0,22.844946,15.325269,29.72,-4.444946,False
2022-04-15,16.0,11.9,23.052903,15.472366,30.1,-7.052903,False
2022-04-16,14.2,12.2,23.249462,15.607957,30.3,-9.049462,False
2022-04-17,14.7,12.1,23.416022,15.755591,30.4,-8.716022,False
2022-04-18,18.9,12.7,23.559462,15.902473,30.4,-4.659462,False
2022-04-19,23.2,14.0,23.715914,16.036989,30.5,-0.515914,False
2022-04-20,27.3,14.0,23.876989,16.173871,30.6,3.423011,False
2022-04-21,31.5,16.2,24.061613,16.342151,30.7,7.438387,False
2022-04-22,29.2,20.0,24.187527,16.507419,30.8,5.012473,False
2022-04-23,31.2,21.0,24.275591,16.632688,30.9,6.924409,False
2022-04-24,25.6,19.5,24.390968,16.73957,30.9,1.209032,False
2022-04-25,25.9,18.6,24.554731,16.870323,31.0,1.345269,False
2022-04-26,29.2,19.8,24.738817,17.014624,31.11,4.461183,False
2022-04-27,28.2,16.4,24.925699,17.162581,31.5,3.274301,False
2022-04-28,23.8,16.9,25.074194,17.314301,31.51,-1.274194,False
2022-04-29,26.3,17.0,25.20043,17.487312,31.6,1.09957,False
2022-04-30,18.4,14.0,25.322581,17.623333,31.61,-6.922581,False
2022-05-01,18.1,12.3,25.40828,17.746882,31.71,-7.30828,False
2022-05-02,24.4,13.9,25.473656,17.863871,31.81,-1.073656,False
2022-05-03,27.1,14.3,25.537419,17.964624,31.9,1.562581,False
2022-05-04,31.1,15.4,25.628387,18.070968,32.0,5.471613,False
2022-05-05,32.8,18.2,25.694194,18.166237,32.1,7.105806,False
2022-05-06,31.8,20.4,25.762903,18.243656,32.2,6.037097,False
2022-05-07,31.9,21.5,25.814731,18.337312,32.3,6.085269,False
2022-05-08,32.5,21.5,25.896344,18.431183,32.31,6.603656,False
2022-05-09,23.2,21.0,25.955914,18.517312,32.4,-2.755914,False
2022-05-10,29.6,21.4,26.055591,18.615699,32.4,3.544409,False
2022-05-11,23.7,19.0,26.166452,18.728925,32.4,-2.466452,False
2022-05-12,27.6,19.6,26.227849,18.832151,32.4,1.372151,False
2022-05-13,28.7,18.4,26.269247,18.919892,32.4,2.430753,False
2022-05-14,19.3,14.6,26.290645,19.001183,32.4,-6.990645,False
2022-05-15,17.2,15.2,26.297634,19.073871,32.4,-9.097634,False
2022-05-16,23.9,15.2,26.296129,19.148065,32.3,-2.396129,False
2022-05-17,22.5,17.1,26.297204,19.231828,32.3,-3.797204,False
2022-05-18,18.4,16.9,26.341613,19.313441,32.21,-7.941613,False
2022-05-19,21.6,16.7,26.416129,19.394946,32.21,-4.816129,False
2022-05-20,26.4,18.3,26.505269,19.497849,32.4,-0.105269,False
2022-05-21,23.9,18.6,26.583118,19.608602,32.4,-2.683118,False
2022-05-22,23.4,16.4,26.637634,19.710753,32.4,-3.237634,False
2022-05-23,29.2,19.3,26.705699,19.800753,32.41,2.494301,False
2022-05-24,28.5,22.0,26.793763,19.897742,32.41,1.706237,False
2022-05-25,27.5,21.3,26.847204,20.006882,32.6,0.652796,False
2022-05-26,22.0,20.7,26.87914,20.106344,32.51,-4.87914,False
2022-05-27,22.0,19.8,26.921398,20.191613,32.51,-4.921398,False
2022-05-28,24.7,19.2,26.962581,20.276559,32.4,-2.262581,False
2022-05-29,25.6,20.3,27.02086,20.366344,32.6,-1.42086,False
2022-05-30,28.6,21.1,27.151828,20.465484,32.6,1.448172,False
2022-05-31,30.6,23.3,27.270323,20.586667,32.7,3.329677,False
2022-06-01,27.7,22.6,27.358495,20.710108,32.71,0.341505,False
2022-06-02,27.3,22.7,27.453118,20.823441,32.9,-0.153118,False
2022-06-03,29.3,24.1,27.540645,20.943441,32.9,1.759355,False
2022-06-04,28.0,20.2,27.578817,21.043011,32.9,0.421183,False
2022-06-05,25.5,20.6,27.612688,21.140968,32.9,-2.112688,False
2022-06-06,26.1,21.7,27.707634,21.264086,32.9,-1.607634,False
2022-06-07,30.6,22.3,27.81914,21.381398,32.81,2.78086,False
2022-06-08,27.1,21.5,27.88871,21.487527,32.8,-0.78871,False
2022-06-09,24.7,20.7,28.00828,21.586882,32.9,-3.30828,False
2022-06-10,27.5,21.7,28.106237,21.701183,33.0,-0.606237,False
2022-06-11,23.9,21.3,28.225054,21.829892,33.2,-4.325054,False
2022-06-12,24.0,21.2,28.365806,21.963871,33.4,-4.365806,False
2022-06-13,27.2,21.8,28.508495,22.105591,33.5,-1.308495,False
2022-06-14,31.8,22.4,28.620645,22.230753,33.7,3.179355,False
2022-06-15,33.7,22.3,28.703441,22.354194,33.8,4.996559,False
2022-06-16,30.8,23.7,28.806882,22.470645,34.0,1.993118,False
2022-06-17,28.7,23.0,28.922796,22.592473,34.1,-0.222796,False
2022-06-18,28.1,24.2,29.007527,22.703226,34.2,-0.907527,False
2022-06-19,30.8,24.4,29.079785,22.810538,34.3,1.720215,False
2022-06-20,33.9,26.1,29.12914,22.898065,34.3,4.77086,False
2022-06-21,33.6,27.7,29.214516,22.993978,34.3,4.385484,False
2022-06-22,34.0,25.6,29.329785,23.079677,34.4,4.670215,False
2022-06-23,27.9,23.7,29.45914,23.185161,34.6,-1.55914,False
2022-06-24,31.9,24.5,29.589677,23.290538,34.7,2.310323,False
2022-06-25,35.6,27.8,29.742581,23.395161,34.71,5.857419,False
2022-06-26,33.8,23.2,29.877527,23.493226,34.81,3.922473,False
2022-06-27,27.7,22.7,30.011935,23.599677,35.0,-2.311935,False
2022-06-28,32.5,24.0,30.165269,23.72086,35.0,2.334731,False
2022-06-29,36.5,26.0,30.32172,23.84086,35.3,6.17828,False
2022-06-30,36.6,26.2,30.428065,23.94043,35.31,6.171935,False
2022-07-01,29.7,23.6,30.529032,24.03828,35.4,-0.829032,False
2022-07-02,28.1,23.8,30.659355,24.132151,35.5,-2.559355,False
2022-07-03,31.8,24.5,30.783978,24.222258,35.6,1.016022,False
2022-07-04,34.8,27.0,30.886344,24.304194,35.7,3.913656,False
2022-07-05,36.2,26.5,31.033226,24.406882,35.8,5.166774,True
2022-07-06,38.1,26.9,31.204086,24.514301,35.9,6.895914,True
2022-07-07,37.3,27.2,31.322258,24.597312,36.0,5.977742,True
2022-07-08,37.9,28.2,31.47129,24.690323,36.1,6.42871,True
2022-07-09,38.1,29.3,31.640753,24.787419,36.2,6.459247,True
2022-07-10,38.5,30.7,31.807849,24.89914,36.4,6.692151,True
2022-07-11,39.1,31.2,31.996237,25.009032,36.6,7.103763,True
2022-07-12,39.3,31.1,32.177204,25.109677,36.8,7.122796,True
2022-07-13,39.8,30.8,32.34,25.19871,36.9,7.46,True
2022-07-14,40.4,30.4,32.449677,25.255161,37.0,7.950323,True
2022-07-15,40.3,30.9,32.573118,25.321613,37.0,7.726882,True
2022-07-16,37.8,28.1,32.719247,25.386559,37.1,5.080753,True
2022-07-17,32.3,25.8,32.815054,25.433656,37.2,-0.515054,False
2022-07-18,28.7,25.0,32.891183,25.473763,37.3,-4.191183,False
2022-07-19,27.3,23.6,33.009247,25.524409,37.4,-5.709247,False
2022-07-20,29.6,24.0,33.152043,25.586559,37.4,-3.552043,False
2022-07-21,35.4,25.5,33.286774,25.656344,37.5,2.113226,False
2022-07-22,29.2,22.3,33.393226,25.716559,37.5,-4.193226,False
2022-07-23,29.2,22.8,33.494301,25.757204,37.6,-4.294301,False
2022-07-24,35.0,25.9,33.548065,25.793656,37.61,1.451935,False
2022-07-25,37.9,27.5,33.607097,25.829785,37.8,4.292903,False
2022-07-26,38.9,27.0,33.653548,25.86957,37.9,5.246452,False
2022-07-27,31.0,24.6,33.69,25.895914,38.0,-2.69,False
2022-07-28,34.2,25.9,33.732581,25.905054,38.2,0.467419,False
2022-07-29,37.0,26.6,33.758925,25.914624,38.21,3.241075,False
2022-07-30,37.2,27.2,33.807527,25.921075,38.3,3.392473,False
2022-07-31,37.8,27.3,33.844194,25.927097,38.3,3.955806,False
2022-08-01,37.2,27.7,33.874086,25.921398,38.31,3.325914,False
2022-08-02,37.4,27.9,33.893656,25.908495,38.4,3.506344,False
2022-08-03,37.0,29.3,33.891505,25.909462,38.4,3.108495,False
2022-08-04,38.1,28.3,33.916882,25.901183,38.4,4.183118,False
2022-08-05,36.2,27.6,33.883978,25.859785,38.4,2.316022,False
2022-08-06,37.0,28.0,33.842903,25.807419,38.4,3.157097,False
2022-08-07,38.8,29.4,33.810108,25.770538,38.4,4.989892,True
2022-08-08,39.9,30.7,33.783871,25.73129,38.41,6.116129,True
2022-08-09,41.3,29.7,33.734731,25.677204,38.4,7.565269,True
2022-08-10,41.1,30.6,33.647634,25.626774,38.4,7.452366,True
2022-08-11,41.3,31.3,33.550538,25.553333,38.4,7.749462,True
2022-08-12,41.4,31.2,33.433441,25.474516,38.4,7.966559,True
2022-08-13,42.1,31.2,33.29828,25.392258,38.4,8.80172,True
2022-08-14,41.6,31.0,33.196452,25.323118,38.4,8.403548,True
2022-08-15,41.7,31.7,33.134624,25.250753,38.41,8.565376,True
2022-08-16,41.9,33.1,33.042688,25.17043,38.51,8.857312,True
2022-08-17,42.5,32.4,32.971935,25.089462,38.6,9.528065,True
2022-08-18,43.3,33.0,32.877957,24.997097,38.6,10.422043,True
2022-08-19,42.4,32.8,32.75086,24.912796,38.6,9.64914,True
2022-08-20,43.2,33.3,32.632903,24.820753,38.6,10.567097,True
2022-08-21,42.3,31.4,32.507527,24.709892,38.61,9.792473,True
2022-08-22,41.9,32.0,32.359785,24.581828,38.6,9.540215,True
2022-08-23,42.8,33.1,32.200753,24.468602,38.51,10.599247,True
2022-08-24,42.4,33.6,32.058065,24.356667,38.5,10.341935,True
2022-08-25,40.5,31.9,31.909032,24.238817,38.4,8.590968,True
2022-08-26,38.9,30.6,31.744946,24.1,38.31,7.155054,True
2022-08-27,40.4,31.3,31.612043,23.982796,38.1,8.787957,True
2022-08-28,39.6,27.8,31.45957,23.861075,37.81,8.14043,True
2022-08-29,32.0,22.6,31.298817,23.72172,37.8,0.701183,False
2022-08-30,25.4,20.7,31.084624,23.573333,37.61,-5.684624,False
2022-08-31,26.5,19.7,30.898602,23.440753,37.6,-4.398602,False
2022-09-01,25.4,20.8,30.753548,23.322796,37.5,-5.353548,False
2022-09-02,26.4,21.6,30.581183,23.203226,37.4,-4.181183,False
2022-09-03,21.9,20.0,30.387742,23.06172,37.31,-8.487742,False
2022-09-04,28.9,20.3,30.173871,22.908065,37.21,-1.273871,False
2022-09-05,33.5,22.4,29.986989,22.757527,36.91,3.513011,False
2022-09-06,35.8,23.3,29.808495,22.61086,36.81,5.991505,False
2022-09-07,34.0,25.4,29.632796,22.46871,36.8,4.367204,False
2022-09-08,29.9,21.1,29.436774,22.325161,36.5,0.463226,False
2022-09-09,23.7,20.1,29.224409,22.175699,36.2,-5.524409,False
2022-09-10,27.7,20.9,29.017204,22.02086,36.0,-1.317204,False
2022-09-11,31.9,22.4,28.806667,21.882796,35.7,3.093333,False
2022-09-12,33.9,23.9,28.587527,21.732473,35.4,5.312473,False
2022-09-13,35.4,24.8,28.394839,21.59086,35.11,7.005161,False
2022-09-14,33.2,22.9,28.242581,21.454946,34.7,4.957419,False
2022-09-15,23.9,22.5,28.083548,21.318817,34.4,-4.183548,False
2022-09-16,30.1,22.9,27.882903,21.177634,34.2,2.217097,False
2022-09-17,31.3,23.8,27.687419,21.031828,33.9,3.612581,False
2022-09-18,31.8,24.1,27.451183,20.872581,33.71,4.348817,False
2022-09-19,32.4,23.4,27.215806,20.696989,33.6,5.184194,False
2022-09-20,23.5,20.1,26.974946,20.507527,33.32,-3.474946,False
2022-09-21,23.1,19.5,26.748172,20.326667,33.01,-3.648172,False
2022-09-22,20.7,19.3,26.546022,20.165054,32.9,-5.846022,False
2022-09-23,20.3,18.0,26.350108,20.016667,32.7,-6.050108,False
2022-09-24,19.5,17.6,26.170108,19.863871,32.51,-6.670108,False
2022-09-25,21.7,17.7,25.973226,19.707849,32.3,-4.273226,False
2022-09-26,24.6,18.7,25.783548,19.564194,32.2,-1.183548,False
2022-09-27,19.7,18.7,25.556022,19.414624,31.8,-5.856022,False
2022-09-28,24.0,17.6,25.312581,19.256774,31.5,-1.312581,False
2022-09-29,28.3,18.2,25.093333,19.102688,31.21,3.206667,False
2022-09-30,30.0,21.2,24.894946,18.959785,31.1,5.105054,False
2022-10-01,33.3,24.6,24.676344,18.797742,31.0,8.623656,False
2022-10-02,34.3,25.5,24.430323,18.619892,30.71,9.869677,False
2022-10-03,34.8,19.7,24.222581,18.46,30.6,10.577419,False
2022-10-04,23.3,20.1,24.027312,18.302473,30.5,-0.727312,False
2022-10-05,22.1,15.3,23.849032,18.158387,30.3,-1.749032,False
2022-10-06,15.4,14.2,23.66957,18.019032,30.1,-8.26957,False
2022-10-07,16.8,15.3,23.477957,17.878925,29.81,-6.677957,False
2022-10-08,16.7,15.8,23.303763,17.73172,29.61,-6.603763,False
2022-10-09,17.5,14.5,23.119785,17.575591,29.41,-5.619785,False
2022-10-10,21.0,14.7,22.927634,17.423763,29.1,-1.927634,False
2022-10-11,23.5,15.1,22.746774,17.276667,28.9,0.753226,False
2022-10-12,21.5,16.7,22.560753,17.116667,28.7,-1.060753,False
2022-10-13,20.0,16.7,22.379032,16.952366,28.6,-2.379032,False
2022-10-14,21.0,16.5,22.18172,16.785269,28.4,-1.18172,False
2022-10-15,22.4,17.2,21.961828,16.600753,28.2,0.438172,False
2022-10-16,24.9,16.9,21.729677,16.420108,27.7,3.170323,False
2022-10-17,26.0,16.3,21.545484,16.239247,27.5,4.454516,False
2022-10-18,27.2,13.0,21.375699,16.066344,27.0,5.824301,False
2022-10-19,27.6,13.6,21.281183,15.907742,26.9,6.318817,False
2022-10-20,27.4,15.1,21.20129,15.757634,26.6,6.19871,False
2022-10-21,27.2,16.9,21.097097,15.628817,26.31,6.102903,False
2022-10-22,26.2,18.5,20.980215,15.506559,26.0,5.219785,False
2022-10-23,25.9,19.8,20.849462,15.369677,25.71,5.050538,False
2022-10-24,23.5,18.2,20.703548,15.227957,25.4,2.796452,False
2022-10-25,21.4,17.3,20.571828,15.085806,25.2,0.828172,False
2022-10-26,18.9,16.9,20.450215,14.939677,24.9,-1.550215,False
2022-10-27,18.5,16.7,20.327527,14.799032,24.7,-1.827527,False
2022-10-28,19.7,16.7,20.207419,14.65828,24.6,-0.507419,False
2022-10-29,19.2,16.8,20.115269,14.53,24.6,-0.915269,False
2022-10-30,19.7,15.7,20.004409,14.390538,24.41,-0.304409,False
2022-10-31,23.5,13.7,19.867527,14.255054,24.4,3.632473,False
2022-11-01,26.0,13.5,19.71828,14.106344,24.3,6.28172,False
2022-11-02,26.3,13.7,19.572151,13.958925,24.1,6.727849,False
2022-11-03,22.9,17.3,19.390538,13.790108,23.91,3.509462,False
2022-11-04,18.7,15.9,19.188495,13.620108,23.71,-0.488495,False
2022-11-05,20.4,15.8,18.987204,13.452688,23.51,1.412796,False
2022-11-06,23.1,15.8,18.803871,13.281828,23.4,4.296129,False
2022-11-07,23.5,15.9,18.635269,13.104516,23.3,4.864731,False
2022-11-08,21.5,15.9,18.443871,12.935806,23.1,3.056129,False
2022-11-09,23.9,16.0,18.252366,12.759677,23.0,5.647634,False
2022-11-10,24.7,17.5,18.09129,12.593763,22.9,6.60871,False
2022-11-11,26.1,16.2,17.930538,12.427097,22.9,8.169462,False
2022-11-12,15.9,13.1,17.757742,12.261828,22.8,-1.857742,False
2022-11-13,14.5,12.8,17.592688,12.113871,22.7,-3.092688,False
2022-11-14,16.4,11.6,17.432581,11.971075,22.6,-1.032581,False
2022-11-15,17.4,12.0,17.26043,11.838925,22.5,0.13957,False
2022-11-16,19.3,11.1,17.063656,11.696882,22.4,2.236344,False
2022-11-17,18.4,12.9,16.886344,11.563763,22.2,1.513656,False
2022-11-18,18.0,12.9,16.692688,11.422366,22.0,1.307312,False
2022-11-19,21.8,12.4,16.474839,11.272903,21.8,5.325161,False
2022-11-20,20.3,12.8,16.224194,11.121505,21.6,4.075806,False
2022-11-21,21.3,12.7,15.999677,10.944516,21.3,5.300323,False
2022-11-22,19.3,12.9,15.767419,10.748817,21.0,3.532581,False
2022-11-23,17.2,14.7,15.536559,10.572366,20.4,1.663441,False
2022-11-24,18.5,14.7,15.328817,10.401183,20.0,3.171183,False
2022-11-25,20.9,11.6,15.091828,10.239785,19.61,5.808172,False
2022-11-26,21.1,11.9,14.854516,10.072366,19.1,6.245484,False
2022-11-27,23.6,16.5,14.624624,9.890753,18.91,8.975376,False
2022-11-28,23.3,15.1,14.43,9.724516,18.6,8.87,False
2022-11-29,16.0,10.1,14.207634,9.563333,18.4,1.792366,False
2022-11-30,10.5,6.8,13.97957,9.402581,18.2,-3.47957,False
2022-12-01,8.1,6.8,13.793118,9.216559,17.9,-5.693118,False
2022-12-02,9.2,6.6,13.63086,9.051935,17.7,-4.43086,False
2022-12-03,9.6,7.1,13.456022,8.900968,17.4,-3.856022,False
2022-12-04,10.5,7.8,13.309892,8.745054,17.2,-2.809892,False
2022-12-05,12.1,8.4,13.189462,8.603871,17.0,-1.089462,False
2022-12-06,11.3,9.0,13.079677,8.447957,16.8,-1.779677,False
2022-12-07,12.6,9.8,12.94957,8.302581,16.6,-0.34957,False
2022-12-08,12.6,10.2,12.800753,8.175054,16.3,-0.200753,False
2022-12-09,13.8,10.4,12.678387,8.050645,16.11,1.121613,False
2022-12-10,11.9,10.5,12.540645,7.939677,16.0,-0.640645,False
2022-12-11,14.6,10.3,12.396344,7.814839,15.8,2.203656,False
2022-12-12,13.6,7.5,12.239677,7.681505,15.5,1.360323,False
2022-12-13,10.3,8.9,12.104516,7.546882,15.4,-1.804516,False
2022-12-14,12.0,6.7,11.955054,7.416774,15.3,0.044946,False
2022-12-15,11.1,7.1,11.820215,7.287097,15.1,-0.720215,False
2022-12-16,11.0,7.4,11.690645,7.149677,14.9,-0.690645,False
2022-12-17,9.3,3.0,11.573656,7.028925,14.71,-2.273656,False
2022-12-18,10.4,2.4,11.459677,6.920323,14.6,-1.059677,False
2022-12-19,12.4,2.1,11.352688,6.822151,14.4,1.047312,False
2022-12-20,10.2,4.3,11.252796,6.741398,14.3,-1.052796,False
2022-12-21,14.8,3.0,11.180323,6.653011,14.2,3.619677,False
2022-12-22,9.8,5.0,11.091935,6.589677,14.1,-1.291935,False
2022-12-23,13.6,7.2,11.00871,6.537957,13.9,2.59129,False
2022-12-24,15.9,7.1,10.932043,6.464946,13.81,4.967957,False
2022-12-25,12.3,7.2,10.845591,6.385161,13.7,1.454409,False
2022-12-26,8.8,6.8,10.783656,6.294946,13.5,-1.983656,False
2022-12-27,9.0,7.2,10.726129,6.23129,13.41,-1.726129,False
2022-12-28,8.4,6.0,10.678925,6.175269,13.4,-2.278925,False
2022-12-29,9.1,4.7,10.622581,6.097634,13.3,-1.522581,False
2022-12-30,11.4,4.0,10.58086,6.037419,13.3,0.81914,False
2022-12-31,9.8,8.0,10.557419,5.989355,13.2,-0.757419,False
2023-01-01,9.2,7.8,10.531398,5.955806,13.2,-1.331398,False
2023-01-02,10.1,6.1,10.490968,5.933441,13.2,-0.390968,False
2023-01-03,10.7,6.0,10.449677,5.900323,13.2,0.250323,False
2023-01-04,9.5,7.5,10.397097,5.880108,13.1,-0.897097,False
2023-01-05,12.5,6.4,10.357419,5.856022,13.1,2.142581,False
2023-01-06,14.6,3.3,10.316774,5.836022,13.1,4.283226,False
2023-01-07,16.2,3.5,10.296774,5.791613,13.2,5.903226,False
2023-01-08,16.1,4.6,10.280538,5.771398,13.2,5.819462,False
2023-01-09,16.3,6.3,10.244624,5.745591,13.2,6.055376,False
2023-01-10,16.9,7.9,10.239355,5.709462,13.2,6.660645,False
2023-01-11,14.8,7.7,10.222581,5.679462,13.3,4.577419,False
2023-01-12,15.6,8.5,10.253118,5.646774,13.31,5.346882,False
2023-01-13,15.4,8.7,10.280323,5.639462,13.4,5.119677,False
2023-01-14,8.4,1.8,10.333226,5.621828,13.5,-1.933226,False
2023-01-15,3.2,1.7,10.382366,5.611075,13.61,-7.182366,False
2023-01-16,4.0,2.3,10.413871,5.635591,13.8,-6.413871,False
2023-01-17,4.9,1.6,10.446452,5.647634,13.9,-5.546452,False
2023-01-18,6.8,1.2,10.468065,5.657527,13.9,-3.668065,False
2023-01-19,9.2,0.9,10.492043,5.669462,14.0,-1.292043,False
2023-01-20,7.4,2.5,10.559462,5.676129,14.2,-3.159462,False
2023-01-21,6.4,3.3,10.650753,5.699032,14.4,-4.250753,False
2023-01-22,10.3,4.2,10.740323,5.731828,14.51,-0.440323,False
2023-01-23,11.3,6.1,10.840215,5.76957,14.7,0.459785,False
2023-01-24,9.2,4.7,10.928387,5.823226,14.9,-1.728387,False
2023-01-25,10.4,5.3,11.005914,5.880538,15.2,-0.605914,False
2023-01-26,8.9,4.9,11.101183,5.932151,15.5,-2.201183,False
2023-01-27,11.6,4.7,11.203978,5.985161,15.7,0.396022,False
2023-01-28,13.2,2.3,11.302688,6.039785,15.9,1.897312,False
2023-01-29,16.0,1.8,11.404624,6.109032,16.1,4.595376,False
2023-01-30,18.8,1.9,11.502581,6.170538,16.2,7.297419,False
2023-01-31,18.2,4.7,11.607419,6.230538,16.3,6.592581,False
2023-02-01,16.8,6.7,11.711398,6.290108,16.5,5.088602,False
2023-02-02,14.8,7.7,11.795376,6.343763,16.6,3.004624,False
2023-02-03,17.2,7.9,11.896559,6.408065,16.7,5.303441,False
2023-02-04,15.9,7.2,12.0,6.472903,16.81,3.9,False
2023-02-05,15.9,6.0,12.109462,6.547527,17.0,3.790538,False
2023-02-06,16.7,6.2,12.214516,6.631398,17.1,4.485484,False
2023-02-07,14.0,9.9,12.305376,6.732258,17.11,1.694624,False
2023-02-08,12.7,10.3,12.415054,6.811935,17.2,0.284946,False
2023-02-09,15.0,8.6,12.553656,6.913871,17.4,2.446344,False
2023-02-10,15.0,9.5,12.684946,7.035914,17.5,2.315054,False
2023-02-11,14.8,10.7,12.823763,7.156667,17.7,1.976237,False
2023-02-12,13.7,9.6,12.940538,7.29129,17.9,0.759462,False
2023-02-13,9.6,7.9,13.062258,7.40043,18.2,-3.462258,False
2023-02-14,10.6,6.5,13.207634,7.52043,18.41,-2.607634,False
2023-02-15,11.2,7.2,13.328172,7.639247,18.61,-2.128172,False
2023-02-16,11.6,7.0,13.475591,7.718065,18.81,-1.875591,False
2023-02-17,14.5,7.8,13.65043,7.793871,19.1,0.84957,False
2023-02-18,11.7,10.6,13.819677,7.911613,19.2,-2.119677,False
2023-02-19,15.7,10.5,13.98086,8.026344,19.3,1.71914,False
2023-02-20,12.3,8.7,14.112903,8.141828,19.4,-1.812903,False
2023-02-21,10.0,7.0,14.218817,8.23914,19.51,-4.218817,False
2023-02-22,9.3,7.2,14.32914,8.310323,19.7,-5.02914,False
2023-02-23,11.7,7.7,14.452581,8.406882,19.81,-2.752581,False
2023-02-24,15.3,7.1,14.584301,8.511613,20.1,0.715699,False
2023-02-25,19.5,7.5,14.741613,8.615161,20.21,4.758387,False
2023-02-26,20.6,8.3,14.878495,8.736022,20.5,5.721505,False
2023-02-27,20.1,11.4,15.007742,8.846882,20.8,5.092258,False
2023-02-28,17.2,10.5,15.140968,8.973333,20.9,2.059032,False
2023-03-01,14.5,9.5,15.284194,9.08914,21.0,-0.784194,False
2023-03-02,15.5,10.3,15.464301,9.185699,21.5,0.035699,False
2023-03-03,17.9,7.2,15.657849,9.316129,22.01,2.242151,False
2023-03-04,22.9,7.7,15.843441,9.445161,22.41,7.056559,False
2023-03-05,19.5,11.8,16.049032,9.578602,22.71,3.450968,False
2023-03-06,15.8,12.3,16.247419,9.706344,22.91,-0.447419,False
2023-03-07,17.5,12.6,16.402903,9.832043,23.1,1.097097,False
2023-03-08,22.4,11.4,16.513978,9.936237,23.2,5.886022,False
2023-03-09,25.1,11.9,16.626129,10.040538,23.4,8.473871,False
2023-03-10,19.9,12.7,16.775054,10.15172,23.5,3.124946,False
2023-03-11,25.7,12.6,16.966882,10.280645,23.7,8.733118,False
2023-03-12,12.3,7.6,17.127849,10.397742,23.71,-4.827849,False
2023-03-13,21.1,8.4,17.291828,10.504946,23.91,3.808172,False
2023-03-14,22.8,9.0,17.490215,10.63129,24.1,5.309785,False
2023-03-15,24.7,12.9,17.692366,10.783333,24.3,7.007634,False
2023-03-16,18.4,13.1,17.895914,10.949355,24.6,0.504086,False
2023-03-17,21.2,12.3,18.066667,11.096989,24.71,3.133333,False
2023-03-18,15.7,12.2,18.238602,11.237419,24.81,-2.538602,False
2023-03-19,18.8,12.3,18.404516,11.412581,25.3,0.395484,False
2023-03-20,20.5,13.3,18.554194,11.583763,25.51,1.945806,False
2023-03-21,22.3,14.3,18.685054,11.695699,25.6,3.614946,False
2023-03-22,20.7,14.6,18.86,11.817742,25.9,1.84,False
2023-03-23,14.4,12.4,19.047204,11.972258,26.1,-4.647204,False
2023-03-24,14.9,12.3,19.22957,12.143978,26.11,-4.32957,False
2023-03-25,15.3,12.7,19.396237,12.312903,26.2,-4.096237,False
2023-03-26,15.0,12.4,19.510323,12.453978,26.3,-4.510323,False
2023-03-27,16.0,12.1,19.627312,12.57828,26.4,-3.627312,False
2023-03-28,15.9,12.2,19.76172,12.698495,26.5,-3.86172,False
2023-03-29,18.5,11.0,19.892043,12.79129,26.8,-1.392043,False
2023-03-30,23.7,12.4,20.033226,12.909892,27.0,3.666774,False
2023-03-31,19.3,11.3,20.223548,13.032043,27.2,-0.923548,False
2023-04-01,27.3,12.3,20.439247,13.179032,27.51,6.860753,False
2023-04-02,29.7,19.7,20.643333,13.354731,27.81,9.056667,False
2023-04-03,21.4,15.3,20.817097,13.514624,28.11,0.582903,False
2023-04-04,25.0,16.3,21.004086,13.687204,28.3,3.995914,False
2023-04-05,19.1,13.2,21.162796,13.848817,28.4,-2.062796,False
2023-04-06,17.7,10.6,21.317527,13.995054,28.5,-3.617527,False
2023-04-07,17.9,11.9,21.526559,14.166452,28.71,-3.626559,False
2023-04-08,23.6,14.4,21.752581,14.348387,29.0,1.847419,False
2023-04-09,24.8,15.4,21.951398,14.521828,29.01,2.848602,False
2023-04-10,29.9,17.5,22.103333,14.683226,29.1,7.796667,False
2023-04-11,30.3,18.4,22.245161,14.830538,29.2,8.054839,False
2023-04-12,24.5,18.0,22.436237,14.988387,29.4,2.063763,False
2023-04-13,25.3,18.2,22.63871,15.160968,29.61,2.66129,False
2023-04-14,27.7,19.0,22.844946,15.325269,29.72,4.855054,False
2023-04-15,30.9,16.7,23.052903,15.472366,30.1,7.847097,False
2023-04-16,35.1,18.4,23.249462,15.607957,30.3,11.850538,False
2023-04-17,34.2,21.5,23.416022,15.755591,30.4,10.783978,False
2023-04-18,24.8,19.1,23.559462,15.902473,30.4,1.240538,False
2023-04-19,32.1,18.5,23.715914,16.036989,30.5,8.384086,False
2023-04-20,28.5,21.5,23.876989,16.173871,30.6,4.623011,False
2023-04-21,25.4,16.2,24.061613,16.342151,30.7,1.338387,False
2023-04-22,17.5,14.6,24.187527,16.507419,30.8,-6.687527,False
2023-04-23,15.7,13.1,24.275591,16.632688,30.9,-8.575591,False
2023-04-24,16.0,13.3,24.390968,16.73957,30.9,-8.390968,False
2023-04-25,22.4,12.8,24.554731,16.870323,31.0,-2.154731,False
2023-04-26,26.8,15.3,24.738817,17.014624,31.11,2.061183,False
2023-04-27,27.0,17.1,24.925699,17.162581,31.5,2.074301,False
2023-04-28,22.2,15.4,25.074194,17.314301,31.51,-2.874194,False
2023-04-29,24.3,13.1,25.20043,17.487312,31.6,-0.90043,False
2023-04-30,28.6,15.5,25.322581,17.623333,31.61,3.277419,False
2023-05-01,29.8,18.4,25.40828,17.746882,31.71,4.39172,False
2023-05-02,28.9,21.5,25.473656,17.863871,31.81,3.426344,False
2023-05-03,31.3,21.6,25.537419,17.964624,31.9,5.762581,False
2023-05-04,31.6,21.9,25.628387,18.070968,32.0,5.971613,False
2023-05-05,30.2,19.7,25.694194,18.166237,32.1,4.505806,False
2023-05-06,24.6,18.3,25.762903,18.243656,32.2,-1.162903,False
2023-05-07,24.0,17.2,25.814731,18.337312,32.3,-1.814731,False
2023-05-08,22.3,17.0,25.896344,18.431183,32.31,-3.596344,False
2023-05-09,19.1,17.2,25.955914,18.517312,32.4,-6.855914,False
2023-05-10,21.1,17.4,26.055591,18.615699,32.4,-4.955591,False
2023-05-11,24.3,17.4,26.166452,18.728925,32.4,-1.866452,False
2023-05-12,28.1,18.6,26.227849,18.832151,32.4,1.872151,False
2023-05-13,27.7,18.6,26.269247,18.919892,32.4,1.430753,False
2023-05-14,29.4,19.5,26.290645,19.001183,32.4,3.109355,False
2023-05-15,28.2,19.3,26.297634,19.073871,32.4,1.902366,False
2023-05-16,29.3,19.8,26.296129,19.148065,32.3,3.003871,False
2023-05-17,33.3,22.2,26.297204,19.231828,32.3,7.002796,False
2023-05-18,23.2,19.7,26.341613,19.313441,32.21,-3.141613,False
2023-05-19,22.8,20.2,26.416129,19.394946,32.21,-3.616129,False
2023-05-20,26.8,20.5,26.505269,19.497849,32.4,0.294731,False
2023-05-21,25.8,16.8,26.583118,19.608602,32.4,-0.783118,False
2023-05-22,19.9,16.3,26.637634,19.710753,32.4,-6.737634,False
2023-05-23,22.9,16.1,26.705699,19.800753,32.41,-3.805699,False
2023-05-24,29.0,18.5,26.793763,19.897742,32.41,2.206237,False
2023-05-25,25.0,20.5,26.847204,20.006882,32.6,-1.847204,False
2023-05-26,25.3,20.7,26.87914,20.106344,32.51,-1.57914,False
2023-05-27,26.7,22.2,26.921398,20.191613,32.51,-0.221398,False
2023-05-28,30.0,22.9,26.962581,20.276559,32.4,3.037419,False
2023-05-29,33.7,25.1,27.02086,20.366344,32.6,6.67914,False
2023-05-30,31.8,25.7,27.151828,20.465484,32.6,4.648172,False
2023-05-31,33.8,23.9,27.270323,20.586667,32.7,6.529677,False
2023-06-01,25.6,22.0,27.358495,20.710108,32.71,-1.758495,False
2023-06-02,22.2,19.7,27.453118,20.823441,32.9,-5.253118,False
2023-06-03,20.8,19.3,27.540645,20.943441,32.9,-6.740645,False
2023-06-04,22.0,19.4,27.578817,21.043011,32.9,-5.578817,False
2023-06-05,24.4,19.4,27.612688,21.140968,32.9,-3.212688,False
2023-06-06,28.4,20.9,27.707634,21.264086,32.9,0.692366,False
2023-06-07,26.1,20.6,27.81914,21.381398,32.81,-1.71914,False
2023-06-08,26.7,19.7,27.88871,21.487527,32.8,-1.18871,False
2023-06-09,28.9,21.3,28.00828,21.586882,32.9,0.89172,False
2023-06-10,30.0,22.1,28.106237,21.701183,33.0,1.893763,False
2023-06-11,31.6,22.4,28.225054,21.829892,33.2,3.374946,False
2023-06-12,28.3,20.8,28.365806,21.963871,33.4,-0.065806,False
2023-06-13,31.5,23.1,28.508495,22.105591,33.5,2.991505,False
2023-06-14,28.5,21.5,28.620645,22.230753,33.7,-0.120645,False
2023-06-15,22.7,18.8,28.703441,22.354194,33.8,-6.003441,False
2023-06-16,20.5,18.6,28.806882,22.470645,34.0,-8.306882,False
2023-06-17,24.6,19.5,28.922796,22.592473,34.1,-4.322796,False
2023-06-18,28.9,21.8,29.007527,22.703226,34.2,-0.107527,False
2023-06-19,30.5,23.5,29.079785,22.810538,34.3,1.420215,False
2023-06-20,33.1,23.7,29.12914,22.898065,34.3,3.97086,False
2023-06-21,23.1,20.1,29.214516,22.993978,34.3,-6.114516,False
2023-06-22,25.4,20.5,29.329785,23.079677,34.4,-3.929785,False
2023-06-23,28.4,22.2,29.45914,23.185161,34.6,-1.05914,False
2023-06-24,30.3,21.8,29.589677,23.290538,34.7,0.710323,False
2023-06-25,33.5,23.2,29.742581,23.395161,34.71,3.757419,False
2023-06-26,36.2,25.6,29.877527,23.493226,34.81,6.322473,False
2023-06-27,36.6,28.0,30.011935,23.599677,35.0,6.588065,False
2023-06-28,33.6,23.9,30.165269,23.72086,35.0,3.434731,False
2023-06-29,28.0,24.1,30.32172,23.84086,35.3,-2.32172,False
2023-06-30,27.9,24.8,30.428065,23.94043,35.31,-2.528065,False
2023-07-01,30.6,25.0,30.529032,24.03828,35.4,0.070968,False
2023-07-02,31.5,25.0,30.659355,24.132151,35.5,0.840645,False
2023-07-03,32.8,21.4,30.783978,24.222258,35.6,2.016022,False
2023-07-04,27.8,20.5,30.886344,24.304194,35.7,-3.086344,False
2023-07-05,34.6,23.1,31.033226,24.406882,35.8,3.566774,False
2023-07-06,33.9,27.6,31.204086,24.514301,35.9,2.695914,False
2023-07-07,33.4,25.9,31.322258,24.597312,36.0,2.077742,False
2023-07-08,31.3,25.2,31.47129,24.690323,36.1,-0.17129,False
2023-07-09,34.5,26.8,31.640753,24.787419,36.2,2.859247,False
2023-07-10,36.2,28.9,31.807849,24.89914,36.4,4.392151,False
2023-07-11,37.7,29.5,31.996237,25.009032,36.6,5.703763,False
2023-07-12,37.6,29.9,32.177204,25.109677,36.8,5.422796,False
2023-07-13,35.0,21.0,32.34,25.19871,36.9,2.66,False
2023-07-14,26.5,21.2,32.449677,25.255161,37.0,-5.949677,False
2023-07-15,31.5,23.1,32.573118,25.321613,37.0,-1.073118,False
2023-07-16,35.7,24.9,32.719247,25.386559,37.1,2.980753,False
2023-07-17,35.6,24.3,32.815054,25.433656,37.2,2.784946,False
2023-07-18,33.4,24.9,32.891183,25.473763,37.3,0.508817,False
2023-07-19,26.4,24.3,33.009247,25.524409,37.4,-6.609247,False
2023-07-20,30.7,24.7,33.152043,25.586559,37.4,-2.452043,False
2023-07-21,29.5,23.7,33.286774,25.656344,37.5,-3.786774,False
2023-07-22,34.7,25.1,33.393226,25.716559,37.5,1.306774,False
2023-07-23,37.2,28.2,33.494301,25.757204,37.6,3.705699,False
2023-07-24,31.9,25.0,33.548065,25.793656,37.61,-1.648065,False
2023-07-25,31.5,26.0,33.607097,25.829785,37.8,-2.107097,False
2023-07-26,28.3,25.0,33.653548,25.86957,37.9,-5.353548,False
2023-07-27,29.7,24.6,33.69,25.895914,38.0,-3.99,False
2023-07-28,28.1,24.4,33.732581,25.905054,38.2,-5.632581,False
2023-07-29,33.9,25.2,33.758925,25.914624,38.21,0.141075,False
2023-07-30,35.5,26.9,33.807527,25.921075,38.3,1.692473,False
2023-07-31,35.3,27.1,33.844194,25.927097,38.3,1.455806,False
2023-08-01,32.2,25.6,33.874086,25.921398,38.31,-1.674086,False
2023-08-02,29.8,25.5,33.893656,25.908495,38.4,-4.093656,False
2023-08-03,32.5,26.5,33.891505,25.909462,38.4,-1.391505,False
2023-08-04,34.6,27.6,33.916882,25.901183,38.4,0.683118,False
2023-08-05,33.7,26.5,33.883978,25.859785,38.4,-0.183978,False
2023-08-06,34.4,25.5,33.842903,25.807419,38.4,0.557097,False
2023-08-07,33.1,25.6,33.810108,25.770538,38.4,-0.710108,False
2023-08-08,36.2,28.1,33.783871,25.73129,38.41,2.416129,False
2023-08-09,37.8,29.3,33.734731,25.677204,38.4,4.065269,False
2023-08-10,37.6,29.2,33.647634,25.626774,38.4,3.952366,False
2023-08-11,37.0,27.8,33.550538,25.553333,38.4,3.449462,False
2023-08-12,32.6,27.0,33.433441,25.474516,38.4,-0.833441,False
2023-08-13,34.6,26.9,33.29828,25.392258,38.4,1.30172,False
2023-08-14,35.9,26.9,33.196452,25.323118,38.4,2.703548,False
2023-08-15,36.2,26.5,33.134624,25.250753,38.41,3.065376,False
2023-08-16,37.2,27.5,33.042688,25.17043,38.51,4.157312,False
2023-08-17,36.5,28.6,32.971935,25.089462,38.6,3.528065,False
2023-08-18,34.7,26.9,32.877957,24.997097,38.6,1.822043,False
2023-08-19,34.7,27.0,32.75086,24.912796,38.6,1.94914,False
2023-08-20,32.2,25.2,32.632903,24.820753,38.6,-0.432903,False
2023-08-21,30.9,24.8,32.507527,24.709892,38.61,-1.607527,False
2023-08-22,35.6,25.6,32.359785,24.581828,38.6,3.240215,False
2023-08-23,34.2,24.4,32.200753,24.468602,38.51,1.999247,False
2023-08-24,30.6,23.8,32.058065,24.356667,38.5,-1.458065,False
2023-08-25,29.0,23.8,31.909032,24.238817,38.4,-2.909032,False
2023-08-26,24.9,21.3,31.744946,24.1,38.31,-6.844946,False
2023-08-27,26.1,21.4,31.612043,23.982796,38.1,-5.512043,False
2023-08-28,30.0,23.0,31.45957,23.861075,37.81,-1.45957,False
2023-08-29,29.4,23.4,31.298817,23.72172,37.8,-1.898817,False
2023-08-30,30.8,22.0,31.084624,23.573333,37.61,-0.284624,False
2023-08-31,33.5,21.4,30.898602,23.440753,37.6,2.601398,False
2023-09-01,32.7,22.6,30.753548,23.322796,37.5,1.946452,False
2023-09-02,33.0,23.8,30.581183,23.203226,37.4,2.418817,False
2023-09-03,34.1,24.4,30.387742,23.06172,37.31,3.712258,False
2023-09-04,35.2,23.3,30.173871,22.908065,37.21,5.026129,False
2023-09-05,35.9,23.7,29.986989,22.757527,36.91,5.913011,False
2023-09-06,35.7,24.0,29.808495,22.61086,36.81,5.891505,False
2023-09-07,34.8,25.1,29.632796,22.46871,36.8,5.167204,False
2023-09-08,35.4,26.5,29.436774,22.325161,36.5,5.963226,False
2023-09-09,36.3,27.4,29.224409,22.175699,36.2,7.075591,False
2023-09-10,34.5,26.3,29.017204,22.02086,36.0,5.482796,False
2023-09-11,33.7,20.7,28.806667,21.882796,35.7,4.893333,False
2023-09-12,23.4,20.8,28.587527,21.732473,35.4,-5.187527,False
2023-09-13,28.9,21.7,28.394839,21.59086,35.11,0.505161,False
2023-09-14,32.1,21.4,28.242581,21.454946,34.7,3.857419,False
2023-09-15,33.2,22.9,28.083548,21.318817,34.4,5.116452,False
2023-09-16,33.3,24.3,27.882903,21.177634,34.2,5.417097,False
2023-09-17,36.1,25.7,27.687419,21.031828,33.9,8.412581,False
2023-09-18,32.7,25.7,27.451183,20.872581,33.71,5.248817,False
2023-09-19,33.5,24.6,27.215806,20.696989,33.6,6.284194,False
2023-09-20,28.6,20.4,26.974946,20.507527,33.32,1.625054,False
2023-09-21,23.9,20.6,26.748172,20.326667,33.01,-2.848172,False
2023-09-22,21.9,20.1,26.546022,20.165054,32.9,-4.646022,False
2023-09-23,21.4,20.4,26.350108,20.016667,32.7,-4.950108,False
2023-09-24,21.8,20.5,26.170108,19.863871,32.51,-4.370108,False
2023-09-25,21.7,20.3,25.973226,19.707849,32.3,-4.273226,False
2023-09-26,22.5,20.5,25.783548,19.564194,32.2,-3.283548,False
2023-09-27,24.4,20.7,25.556022,19.414624,31.8,-1.156022,False
2023-09-28,26.6,21.2,25.312581,19.256774,31.5,1.287419,False
2023-09-29,24.8,21.0,25.093333,19.102688,31.21,-0.293333,False
2023-09-30,26.4,21.5,24.894946,18.959785,31.1,1.505054,False
2023-10-01,25.0,21.1,24.676344,18.797742,31.0,0.323656,False
2023-10-02,22.8,20.9,24.430323,18.619892,30.71,-1.630323,False
2023-10-03,25.1,21.0,24.222581,18.46,30.6,0.877419,False
2023-10-04,21.9,19.2,24.027312,18.302473,30.5,-2.127312,False
2023-10-05,20.8,18.5,23.849032,18.158387,30.3,-3.049032,False
2023-10-06,19.7,18.1,23.66957,18.019032,30.1,-3.96957,False
2023-10-07,21.7,17.4,23.477957,17.878925,29.81,-1.777957,False
2023-10-08,23.8,18.4,23.303763,17.73172,29.61,0.496237,False
2023-10-09,21.4,18.2,23.119785,17.575591,29.41,-1.719785,False
2023-10-10,22.3,17.6,22.927634,17.423763,29.1,-0.627634,False
2023-10-11,23.5,17.3,22.746774,17.276667,28.9,0.753226,False
2023-10-12,18.7,17.3,22.560753,17.116667,28.7,-3.860753,False
2023-10-13,20.3,16.3,22.379032,16.952366,28.6,-2.079032,False
2023-10-14,24.3,15.3,22.18172,16.785269,28.4,2.11828,False
2023-10-15,26.5,16.3,21.961828,16.600753,28.2,4.538172,False
2023-10-16,27.8,18.6,21.729677,16.420108,27.7,6.070323,False
2023-10-17,28.6,19.1,21.545484,16.239247,27.5,7.054516,False
2023-10-18,26.3,16.0,21.375699,16.066344,27.0,4.924301,False
2023-10-19,16.9,13.3,21.281183,15.907742,26.9,-4.381183,False
2023-10-20,21.7,13.7,21.20129,15.757634,26.6,0.49871,False
2023-10-21,23.0,15.0,21.097097,15.628817,26.31,1.902903,False
2023-10-22,24.7,15.4,20.980215,15.506559,26.0,3.719785,False
2023-10-23,23.8,18.1,20.849462,15.369677,25.71,2.950538,False
2023-10-24,22.0,18.3,20.703548,15.227957,25.4,1.296452,False
2023-10-25,19.5,17.5,20.571828,15.085806,25.2,-1.071828,False
2023-10-26,19.5,15.9,20.450215,14.939677,24.9,-0.950215,False
2023-10-27,16.6,15.8,20.327527,14.799032,24.7,-3.727527,False
2023-10-28,21.4,15.6,20.207419,14.65828,24.6,1.192581,False
2023-10-29,22.3,14.0,20.115269,14.53,24.6,2.184731,False
2023-10-30,24.3,14.1,20.004409,14.390538,24.41,4.295591,False
2023-10-31,23.6,15.7,19.867527,14.255054,24.4,3.732473,False
2023-11-01,25.5,16.5,19.71828,14.106344,24.3,5.78172,False
2023-11-02,25.1,17.8,19.572151,13.958925,24.1,5.527849,False
2023-11-03,21.8,17.0,19.390538,13.790108,23.91,2.409462,False
2023-11-04,20.7,17.1,19.188495,13.620108,23.71,1.511505,False
2023-11-05,24.1,16.3,18.987204,13.452688,23.51,5.112796,False
2023-11-06,20.9,14.2,18.803871,13.281828,23.4,2.096129,False
2023-11-07,22.3,14.8,18.635269,13.104516,23.3,3.664731,False
2023-11-08,21.0,16.7,18.443871,12.935806,23.1,2.556129,False
2023-11-09,23.8,16.2,18.252366,12.759677,23.0,5.547634,False
2023-11-10,23.4,16.7,18.09129,12.593763,22.9,5.30871,False
2023-11-11,21.2,15.0,17.930538,12.427097,22.9,3.269462,False
2023-11-12,15.2,9.8,17.757742,12.261828,22.8,-2.557742,False
2023-11-13,12.1,9.4,17.592688,12.113871,22.7,-5.492688,False
2023-11-14,13.3,10.5,17.432581,11.971075,22.6,-4.132581,False
2023-11-15,13.3,10.7,17.26043,11.838925,22.5,-3.96043,False
2023-11-16,18.2,8.1,17.063656,11.696882,22.4,1.136344,False
2023-11-17,18.2,7.9,16.886344,11.563763,22.2,1.313656,False
2023-11-18,15.5,9.4,16.692688,11.422366,22.0,-1.192688,False
2023-11-19,18.7,8.6,16.474839,11.272903,21.8,2.225161,False
2023-11-20,19.9,9.4,16.224194,11.121505,21.6,3.675806,False
2023-11-21,18.8,10.7,15.999677,10.944516,21.3,2.800323,False
2023-11-22,18.7,11.2,15.767419,10.748817,21.0,2.932581,False
2023-11-23,19.5,11.6,15.536559,10.572366,20.4,3.963441,False
2023-11-24,19.6,14.1,15.328817,10.401183,20.0,4.271183,False
2023-11-25,17.5,13.1,15.091828,10.239785,19.61,2.408172,False
2023-11-26,19.7,9.6,14.854516,10.072366,19.1,4.845484,False
2023-11-27,20.9,9.9,14.624624,9.890753,18.91,6.275376,False
2023-11-28,23.1,14.0,14.43,9.724516,18.6,8.67,False
2023-11-29,18.3,14.7,14.207634,9.563333,18.4,4.092366,False
2023-11-30,15.1,10.3,13.97957,9.402581,18.2,1.12043,False
2023-12-01,10.8,10.1,13.793118,9.216559,17.9,-2.993118,False
2023-12-02,12.0,10.0,13.63086,9.051935,17.7,-1.63086,False
2023-12-03,13.9,10.7,13.456022,8.900968,17.4,0.443978,False
2023-12-04,15.3,9.0,13.309892,8.745054,17.2,1.990108,False
2023-12-05,16.1,9.5,13.189462,8.603871,17.0,2.910538,False
2023-12-06,18.3,6.7,13.079677,8.447957,16.8,5.220323,False
2023-12-07,18.4,6.9,12.94957,8.302581,16.6,5.45043,False
2023-12-08,16.7,9.4,12.800753,8.175054,16.3,3.899247,False
2023-12-09,17.9,10.5,12.678387,8.050645,16.11,5.221613,False
2023-12-10,15.7,13.7,12.540645,7.939677,16.0,3.159355,False
2023-12-11,17.5,11.4,12.396344,7.814839,15.8,5.103656,False
2023-12-12,15.3,10.8,12.239677,7.681505,15.5,3.060323,False
2023-12-13,17.6,10.9,12.104516,7.546882,15.4,5.495484,False
2023-12-14,20.3,11.6,11.955054,7.416774,15.3,8.344946,False
2023-12-15,12.8,4.0,11.820215,7.287097,15.1,0.979785,False
2023-12-16,5.1,4.1,11.690645,7.149677,14.9,-6.590645,False
2023-12-17,6.3,4.0,11.573656,7.028925,14.71,-5.273656,False
2023-12-18,7.1,4.2,11.459677,6.920323,14.6,-4.359677,False
2023-12-19,9.0,3.7,11.352688,6.822151,14.4,-2.352688,False
2023-12-20,10.2,4.9,11.252796,6.741398,14.3,-1.052796,False
2023-12-21,9.1,5.0,11.180323,6.653011,14.2,-2.080323,False
2023-12-22,10.4,3.1,11.091935,6.589677,14.1,-0.691935,False
2023-12-23,11.7,2.8,11.00871,6.537957,13.9,0.69129,False
2023-12-24,12.5,2.3,10.932043,6.464946,13.81,1.567957,False
2023-12-25,13.2,2.6,10.845591,6.385161,13.7,2.354409,False
2023-12-26,13.3,4.1,10.783656,6.294946,13.5,2.516344,False
2023-12-27,15.3,4.1,10.726129,6.23129,13.41,4.573871,False
2023-12-28,11.7,7.8,10.678925,6.175269,13.4,1.021075,False
2023-12-29,10.5,4.9,10.622581,6.097634,13.3,-0.122581,False
2023-12-30,14.7,4.8,10.58086,6.037419,13.3,4.11914,False
2023-12-31,10.1,6.0,10.557419,5.989355,13.2,-0.457419,False
2024-01-01,10.5,9.6,10.531398,5.955806,13.2,-0.031398,False
2024-01-02,12.0,9.5,10.490968,5.933441,13.2,1.509032,False
2024-01-03,15.1,8.9,10.449677,5.900323,13.2,4.650323,False
2024-01-04,14.3,8.8,10.397097,5.880108,13.1,3.902903,False
2024-01-05,12.1,9.4,10.357419,5.856022,13.1,1.742581,False
2024-01-06,15.3,9.6,10.316774,5.836022,13.1,4.983226,False
2024-01-07,13.1,9.8,10.296774,5.791613,13.2,2.803226,False
2024-01-08,15.6,10.1,10.280538,5.771398,13.2,5.319462,False
2024-01-09,15.0,9.3,10.244624,5.745591,13.2,4.755376,False
2024-01-10,14.7,9.5,10.239355,5.709462,13.2,4.460645,False
2024-01-11,17.3,9.3,10.222581,5.679462,13.3,7.077419,False
2024-01-12,18.3,9.2,10.253118,5.646774,13.31,8.046882,False
2024-01-13,17.9,11.3,10.280323,5.639462,13.4,7.619677,False
2024-01-14,17.2,13.1,10.333226,5.621828,13.5,6.866774,False
2024-01-15,15.3,11.5,10.382366,5.611075,13.61,4.917634,False
2024-01-16,13.6,11.4,10.413871,5.635591,13.8,3.186129,False
2024-01-17,13.4,11.5,10.446452,5.647634,13.9,2.953548,False
2024-01-18,14.2,11.6,10.468065,5.657527,13.9,3.731935,False
2024-01-19,13.1,10.6,10.492043,5.669462,14.0,2.607957,False
2024-01-20,13.6,9.2,10.559462,5.676129,14.2,3.040538,False
2024-01-21,9.1,5.4,10.650753,5.699032,14.4,-1.550753,False
2024-01-22,7.9,4.3,10.740323,5.731828,14.51,-2.840323,False
2024-01-23,5.9,3.4,10.840215,5.76957,14.7,-4.940215,False
2024-01-24,4.7,3.1,10.928387,5.823226,14.9,-6.228387,False
2024-01-25,5.5,3.6,11.005914,5.880538,15.2,-5.505914,False
2024-01-26,6.3,4.3,11.101183,5.932151,15.5,-4.801183,False
2024-01-27,9.0,4.9,11.203978,5.985161,15.7,-2.203978,False
2024-01-28,10.2,5.4,11.302688,6.039785,15.9,-1.102688,False
2024-01-29,11.4,6.8,11.404624,6.109032,16.1,-0.004624,False
2024-01-30,9.8,7.8,11.502581,6.170538,16.2,-1.702581,False
2024-01-31,9.8,7.9,11.607419,6.230538,16.3,-1.807419,False
2024-02-01,11.9,9.2,11.711398,6.290108,16.5,0.188602,False
2024-02-02,12.1,8.6,11.795376,6.343763,16.6,0.304624,False
2024-02-03,10.9,5.9,11.896559,6.408065,16.7,-0.996559,False
2024-02-04,8.6,5.9,12.0,6.472903,16.81,-3.4,False
2024-02-05,9.4,6.8,12.109462,6.547527,17.0,-2.709462,False
2024-02-06,9.0,6.1,12.214516,6.631398,17.1,-3.214516,False
2024-02-07,8.6,6.5,12.305376,6.732258,17.11,-3.705376,False
2024-02-08,9.5,6.3,12.415054,6.811935,17.2,-2.915054,False
2024-02-09,12.6,3.0,12.553656,6.913871,17.4,0.046344,False
2024-02-10,17.1,2.6,12.684946,7.035914,17.5,4.415054,False
2024-02-11,21.0,2.7,12.823763,7.156667,17.7,8.176237,False
2024-02-12,20.2,6.9,12.940538,7.29129,17.9,7.259462,False
2024-02-13,22.2,7.8,13.062258,7.40043,18.2,9.137742,False
2024-02-14,18.6,10.2,13.207634,7.52043,18.41,5.392366,False
2024-02-15,12.0,6.0,13.328172,7.639247,18.61,-1.328172,False
2024-02-16,18.5,5.9,13.475591,7.718065,18.81,5.024409,False
2024-02-17,21.5,6.6,13.65043,7.793871,19.1,7.84957,False
2024-02-18,23.8,9.9,13.819677,7.911613,19.2,9.980323,False
2024-02-19,23.0,13.0,13.98086,8.026344,19.3,9.01914,False
2024-02-20,20.2,12.4,14.112903,8.141828,19.4,6.087097,False
2024-02-21,12.3,5.7,14.218817,8.23914,19.51,-1.918817,False
2024-02-22,7.0,5.3,14.32914,8.310323,19.7,-7.32914,False
2024-02-23,6.8,5.4,14.452581,8.406882,19.81,-7.652581,False
2024-02-24,7.2,5.0,14.584301,8.511613,20.1,-7.384301,False
2024-02-25,7.9,4.8,14.741613,8.615161,20.21,-6.841613,False
2024-02-26,10.0,5.9,14.878495,8.736022,20.5,-4.878495,False
2024-02-27,11.4,5.9,15.007742,8.846882,20.8,-3.607742,False
2024-02-28,12.1,6.2,15.140968,8.973333,20.9,-3.040968,False
2024-02-29,12.0,6.9,15.212581,9.031237,20.95,-3.212581,False
2024-03-01,11.5,6.4,15.284194,9.08914,21.0,-3.784194,False
2024-03-02,13.9,6.6,15.464301,9.185699,21.5,-1.564301,False
2024-03-03,14.6,8.2,15.657849,9.316129,22.01,-1.057849,False
2024-03-04,14.3,10.4,15.843441,9.445161,22.41,-1.543441,False
2024-03-05,15.5,11.2,16.049032,9.578602,22.71,-0.549032,False
2024-03-06,15.0,11.4,16.247419,9.706344,22.91,-1.247419,False
2024-03-07,14.5,10.3,16.402903,9.832043,23.1,-1.902903,False
2024-03-08,16.5,10.3,16.513978,9.936237,23.2,-0.013978,False
2024-03-09,17.1,10.4,16.626129,10.040538,23.4,0.473871,False
2024-03-10,15.7,10.3,16.775054,10.15172,23.5,-1.075054,False
2024-03-11,23.1,10.7,16.966882,10.280645,23.7,6.133118,False
2024-03-12,18.0,12.5,17.127849,10.397742,23.71,0.872151,False
2024-03-13,18.4,13.4,17.291828,10.504946,23.91,1.108172,False
2024-03-14,21.8,13.8,17.490215,10.63129,24.1,4.309785,False
2024-03-15,21.8,14.5,17.692366,10.783333,24.3,4.107634,False
2024-03-16,22.5,15.5,17.895914,10.949355,24.6,4.604086,False
2024-03-17,18.7,13.0,18.066667,11.096989,24.71,0.633333,False
2024-03-18,15.0,11.3,18.238602,11.237419,24.81,-3.238602,False
2024-03-19,18.6,11.6,18.404516,11.412581,25.3,0.195484,False
2024-03-20,21.2,13.1,18.554194,11.583763,25.51,2.645806,False
2024-03-21,25.6,13.8,18.685054,11.695699,25.6,6.914946,False
2024-03-22,26.2,14.1,18.86,11.817742,25.9,7.34,False
2024-03-23,29.6,18.7,19.047204,11.972258,26.1,10.552796,False
2024-03-24,29.3,13.7,19.22957,12.143978,26.11,10.07043,False
2024-03-25,24.5,14.4,19.396237,12.312903,26.2,5.103763,False
2024-03-26,20.8,15.8,19.510323,12.453978,26.3,1.289677,False
2024-03-27,23.0,15.0,19.627312,12.57828,26.4,3.372688,False
2024-03-28,26.5,12.8,19.76172,12.698495,26.5,6.73828,False
2024-03-29,31.0,14.3,19.892043,12.79129,26.8,11.107957,False
2024-03-30,23.9,14.9,20.033226,12.909892,27.0,3.866774,False
2024-03-31,29.5,16.0,20.223548,13.032043,27.2,9.276452,False
2024-04-01,25.8,19.0,20.439247,13.179032,27.51,5.360753,False
2024-04-02,27.1,19.2,20.643333,13.354731,27.81,6.456667,False
2024-04-03,26.3,17.8,20.817097,13.514624,28.11,5.482903,False
2024-04-04,20.2,16.2,21.004086,13.687204,28.3,-0.804086,False
2024-04-05,20.4,16.1,21.162796,13.848817,28.4,-0.762796,False
2024-04-06,20.4,15.9,21.317527,13.995054,28.5,-0.917527,False
2024-04-07,17.5,15.5,21.526559,14.166452,28.71,-4.026559,False
2024-04-08,22.0,15.5,21.752581,14.348387,29.0,0.247419,False
2024-04-09,22.1,16.9,21.951398,14.521828,29.01,0.148602,False
2024-04-10,21.6,17.6,22.103333,14.683226,29.1,-0.503333,False
2024-04-11,24.9,16.8,22.245161,14.830538,29.2,2.654839,False
2024-04-12,27.5,18.0,22.436237,14.988387,29.4,5.063763,False
2024-04-13,28.0,19.9,22.63871,15.160968,29.61,5.36129,False
2024-04-14,32.0,21.8,22.844946,15.325269,29.72,9.155054,False
2024-04-15,33.4,21.3,23.052903,15.472366,30.1,10.347097,False
2024-04-16,23.9,18.5,23.249462,15.607957,30.3,0.650538,False
2024-04-17,26.7,18.9,23.416022,15.755591,30.4,3.283978,False
2024-04-18,25.6,18.8,23.559462,15.902473,30.4,2.040538,False
2024-04-19,27.7,19.2,23.715914,16.036989,30.5,3.984086,False
2024-04-20,21.2,17.6,23.876989,16.173871,30.6,-2.676989,False
2024-04-21,22.7,16.2,24.061613,16.342151,30.7,-1.361613,False
2024-04-22,21.8,17.6,24.187527,16.507419,30.8,-2.387527,False
2024-04-23,23.7,18.0,24.275591,16.632688,30.9,-0.575591,False
2024-04-24,21.2,17.0,24.390968,16.73957,30.9,-3.190968,False
2024-04-25,22.8,16.6,24.554731,16.870323,31.0,-1.754731,False
2024-04-26,28.9,17.5,24.738817,17.014624,31.11,4.161183,False
2024-04-27,27.9,18.7,24.925699,17.162581,31.5,2.974301,False
2024-04-28,32.0,20.3,25.074194,17.314301,31.51,6.925806,False
2024-04-29,25.8,14.8,25.20043,17.487312,31.6,0.59957,False
2024-04-30,20.9,14.8,25.322581,17.623333,31.61,-4.422581,False
2024-05-01,17.4,15.8,25.40828,17.746882,31.71,-8.00828,False
2024-05-02,19.5,16.0,25.473656,17.863871,31.81,-5.973656,False
2024-05-03,20.1,16.2,25.537419,17.964624,31.9,-5.437419,False
2024-05-04,21.8,15.1,25.628387,18.070968,32.0,-3.828387,False
2024-05-05,27.2,16.4,25.694194,18.166237,32.1,1.505806,False
2024-05-06,27.5,19.7,25.762903,18.243656,32.2,1.737097,False
2024-05-07,27.3,20.9,25.814731,18.337312,32.3,1.485269,False
2024-05-08,27.8,20.1,25.896344,18.431183,32.31,1.903656,False
2024-05-09,25.9,20.4,25.955914,18.517312,32.4,-0.055914,False
2024-05-10,25.5,19.8,26.055591,18.615699,32.4,-0.555591,False
2024-05-11,22.6,19.0,26.166452,18.728925,32.4,-3.566452,False
2024-05-12,22.4,16.0,26.227849,18.832151,32.4,-3.827849,False
2024-05-13,29.7,16.6,26.269247,18.919892,32.4,3.430753,False
2024-05-14,30.2,19.6,26.290645,19.001183,32.4,3.909355,False
2024-05-15,29.3,20.5,26.297634,19.073871,32.4,3.002366,False
2024-05-16,30.9,20.8,26.296129,19.148065,32.3,4.603871,False
2024-05-17,30.2,22.3,26.297204,19.231828,32.3,3.902796,False
2024-05-18,23.6,20.8,26.341613,19.313441,32.21,-2.741613,False
2024-05-19,27.4,20.8,26.416129,19.394946,32.21,0.983871,False
2024-05-20,27.9,21.2,26.505269,19.497849,32.4,1.394731,False
2024-05-21,28.6,21.3,26.583118,19.608602,32.4,2.016882,False
2024-05-22,31.9,21.3,26.637634,19.710753,32.4,5.262366,False
2024-05-23,33.9,22.2,26.705699,19.800753,32.41,7.194301,True
2024-05-24,36.2,24.6,26.793763,19.897742,32.41,9.406237,True
2024-05-25,37.3,23.8,26.847204,20.006882,32.6,10.452796,True
2024-05-26,29.7,23.7,26.87914,20.106344,32.51,2.82086,False
2024-05-27,30.6,24.6,26.921398,20.191613,32.51,3.678602,False
2024-05-28,26.8,18.7,26.962581,20.276559,32.4,-0.162581,False
2024-05-29,19.8,18.1,27.02086,20.366344,32.6,-7.22086,False
2024-05-30,24.5,18.8,27.151828,20.465484,32.6,-2.651828,False
2024-05-31,29.3,21.7,27.270323,20.586667,32.7,2.029677,False
2024-06-01,28.8,22.2,27.358495,20.710108,32.71,1.441505,False
2024-06-02,22.1,19.8,27.453118,20.823441,32.9,-5.353118,False
2024-06-03,20.5,18.9,27.540645,20.943441,32.9,-7.040645,False
2024-06-04,21.6,18.7,27.578817,21.043011,32.9,-5.978817,False
2024-06-05,27.1,19.9,27.612688,21.140968,32.9,-0.512688,False
2024-06-06,29.7,21.7,27.707634,21.264086,32.9,1.992366,False
2024-06-07,25.3,21.8,27.81914,21.381398,32.81,-2.51914,False
2024-06-08,24.0,20.6,27.88871,21.487527,32.8,-3.88871,False
2024-06-09,25.3,20.9,28.00828,21.586882,32.9,-2.70828,False
2024-06-10,28.7,22.8,28.106237,21.701183,33.0,0.593763,False
2024-06-11,24.9,20.0,28.225054,21.829892,33.2,-3.325054,False
2024-06-12,31.5,21.3,28.365806,21.963871,33.4,3.134194,False
2024-06-13,31.5,23.8,28.508495,22.105591,33.5,2.991505,False
2024-06-14,33.2,25.0,28.620645,22.230753,33.7,4.579355,False
2024-06-15,35.1,26.7,28.703441,22.354194,33.8,6.396559,False
2024-06-16,31.4,23.0,28.806882,22.470645,34.0,2.593118,False
2024-06-17,28.7,23.4,28.922796,22.592473,34.1,-0.222796,False
2024-06-18,28.9,24.5,29.007527,22.703226,34.2,-0.107527,False
2024-06-19,26.1,24.2,29.079785,22.810538,34.3,-2.979785,False
2024-06-20,29.1,24.0,29.12914,22.898065,34.3,-0.02914,False
2024-06-21,30.1,24.5,29.214516,22.993978,34.3,0.885484,False
2024-06-22,28.7,22.7,29.329785,23.079677,34.4,-0.629785,False
2024-06-23,28.8,24.4,29.45914,23.185161,34.6,-0.65914,False
2024-06-24,25.6,22.5,29.589677,23.290538,34.7,-3.989677,False
2024-06-25,29.8,23.1,29.742581,23.395161,34.71,0.057419,False
2024-06-26,25.1,21.6,29.877527,23.493226,34.81,-4.777527,False
2024-06-27,22.5,21.6,30.011935,23.599677,35.0,-7.511935,False
2024-06-28,24.7,21.3,30.165269,23.72086,35.0,-5.465269,False
2024-06-29,31.3,23.3,30.32172,23.84086,35.3,0.97828,False
2024-06-30,34.2,25.1,30.428065,23.94043,35.31,3.771935,False
2024-07-01,27.9,22.7,30.529032,24.03828,35.4,-2.629032,False
2024-07-02,33.5,25.4,30.659355,24.132151,35.5,2.840645,False
2024-07-03,29.7,25.2,30.783978,24.222258,35.6,-1.083978,False
2024-07-04,32.0,25.1,30.886344,24.304194,35.7,1.113656,False
2024-07-05,29.4,25.8,31.033226,24.406882,35.8,-1.633226,False
2024-07-06,35.2,26.8,31.204086,24.514301,35.9,3.995914,False
2024-07-07,35.9,29.3,31.322258,24.597312,36.0,4.577742,False
2024-07-08,32.2,25.9,31.47129,24.690323,36.1,0.72871,False
2024-07-09,30.2,26.0,31.640753,24.787419,36.2,-1.440753,False
2024-07-10,29.5,24.9,31.807849,24.89914,36.4,-2.307849,False
2024-07-11,30.6,25.6,31.996237,25.009032,36.6,-1.396237,False
2024-07-12,33.4,26.9,32.177204,25.109677,36.8,1.222796,False
2024-07-13,33.6,26.4,32.34,25.19871,36.9,1.26,False
2024-07-14,29.2,26.2,32.449677,25.255161,37.0,-3.249677,False
2024-07-15,36.5,28.2,32.573118,25.321613,37.0,3.926882,False
2024-07-16,37.4,29.3,32.719247,25.386559,37.1,4.680753,False
2024-07-17,35.1,28.0,32.815054,25.433656,37.2,2.284946,False
2024-07-18,34.9,28.7,32.891183,25.473763,37.3,2.008817,False
2024-07-19,35.1,28.7,33.009247,25.524409,37.4,2.090753,False
2024-07-20,35.2,28.4,33.152043,25.586559,37.4,2.047957,False
2024-07-21,38.5,28.1,33.286774,25.656344,37.5,5.213226,True
2024-07-22,38.8,29.3,33.393226,25.716559,37.5,5.406774,True
2024-07-23,38.4,30.1,33.494301,25.757204,37.6,4.905699,True
2024-07-24,37.3,28.2,33.548065,25.793656,37.61,3.751935,False
2024-07-25,35.5,27.3,33.607097,25.829785,37.8,1.892903,False
2024-07-26,35.2,27.7,33.653548,25.86957,37.9,1.546452,False
2024-07-27,32.6,25.8,33.69,25.895914,38.0,-1.09,False
2024-07-28,26.7,24.6,33.732581,25.905054,38.2,-7.032581,False
2024-07-29,30.1,24.9,33.758925,25.914624,38.21,-3.658925,False
2024-07-30,30.3,24.9,33.807527,25.921075,38.3,-3.507527,False
2024-07-31,33.1,25.8,33.844194,25.927097,38.3,-0.744194,False
2024-08-01,36.3,27.0,33.874086,25.921398,38.31,2.425914,False
2024-08-02,36.4,27.8,33.893656,25.908495,38.4,2.506344,False
2024-08-03,36.1,27.8,33.891505,25.909462,38.4,2.208495,False
2024-08-04,33.1,26.9,33.916882,25.901183,38.4,-0.816882,False
2024-08-05,34.5,26.5,33.883978,25.859785,38.4,0.616022,False
2024-08-06,36.9,28.8,33.842903,25.807419,38.4,3.057097,False
2024-08-07,39.3,30.8,33.810108,25.770538,38.4,5.489892,False
2024-08-08,40.1,31.5,33.783871,25.73129,38.41,6.316129,False
2024-08-09,36.8,25.5,33.734731,25.677204,38.4,3.065269,False
2024-08-10,27.4,24.7,33.647634,25.626774,38.4,-6.247634,False
2024-08-11,35.2,25.5,33.550538,25.553333,38.4,1.649462,False
2024-08-12,38.0,26.1,33.433441,25.474516,38.4,4.566559,False
2024-08-13,38.6,26.7,33.29828,25.392258,38.4,5.30172,False
2024-08-14,37.9,26.7,33.196452,25.323118,38.4,4.703548,False
2024-08-15,36.4,26.1,33.134624,25.250753,38.41,3.265376,False
2024-08-16,35.1,26.6,33.042688,25.17043,38.51,2.057312,False
2024-08-17,36.6,26.6,32.971935,25.089462,38.6,3.628065,False
2024-08-18,34.5,25.8,32.877957,24.997097,38.6,1.622043,False
2024-08-19,38.2,25.2,32.75086,24.912796,38.6,5.44914,False
2024-08-20,40.7,27.5,32.632903,24.820753,38.6,8.067097,True
2024-08-21,40.8,30.5,32.507527,24.709892,38.61,8.292473,True
2024-08-22,42.5,32.2,32.359785,24.581828,38.6,10.140215,True
2024-08-23,42.4,31.4,32.200753,24.468602,38.51,10.199247,True
2024-08-24,42.4,30.7,32.058065,24.356667,38.5,10.341935,True
2024-08-25,41.3,31.6,31.909032,24.238817,38.4,9.390968,True
2024-08-26,41.1,30.1,31.744946,24.1,38.31,9.355054,True
2024-08-27,42.7,31.4,31.612043,23.982796,38.1,11.087957,True
2024-08-28,40.8,30.9,31.45957,23.861075,37.81,9.34043,True
2024-08-29,40.0,31.1,31.298817,23.72172,37.8,8.701183,True
2024-08-30,40.0,31.4,31.084624,23.573333,37.61,8.915376,True
2024-08-31,39.7,29.4,30.898602,23.440753,37.6,8.801398,True
2024-09-01,40.4,29.2,30.753548,23.322796,37.5,9.646452,True
2024-09-02,40.7,28.5,30.581183,23.203226,37.4,10.118817,True
2024-09-03,42.1,29.3,30.387742,23.06172,37.31,11.712258,True
2024-09-04,42.6,30.8,30.173871,22.908065,37.21,12.426129,True
2024-09-05,39.9,28.3,29.986989,22.757527,36.91,9.913011,True
2024-09-06,37.9,28.5,29.808495,22.61086,36.81,8.091505,True
2024-09-07,37.5,28.8,29.632796,22.46871,36.8,7.867204,True
2024-09-08,37.7,29.4,29.436774,22.325161,36.5,8.263226,True
2024-09-09,39.1,30.0,29.224409,22.175699,36.2,9.875591,True
2024-09-10,39.2,26.0,29.017204,22.02086,36.0,10.182796,True
2024-09-11,36.0,26.3,28.806667,21.882796,35.7,7.193333,True
2024-09-12,38.6,28.9,28.587527,21.732473,35.4,10.012473,True
2024-09-13,39.9,28.2,28.394839,21.59086,35.11,11.505161,True
2024-09-14,37.9,27.8,28.242581,21.454946,34.7,9.657419,True
2024-09-15,37.8,28.5,28.083548,21.318817,34.4,9.716452,True
2024-09-16,36.8,29.3,27.882903,21.177634,34.2,8.917097,True
2024-09-17,37.5,29.5,27.687419,21.031828,33.9,9.812581,True
2024-09-18,39.3,29.2,27.451183,20.872581,33.71,11.848817,True
2024-09-19,40.6,29.8,27.215806,20.696989,33.6,13.384194,True
2024-09-20,39.8,27.9,26.974946,20.507527,33.32,12.825054,True
2024-09-21,32.2,26.2,26.748172,20.326667,33.01,5.451828,False
2024-09-22,29.6,24.9,26.546022,20.165054,32.9,3.053978,False
2024-09-23,32.9,24.7,26.350108,20.016667,32.7,6.549892,True
2024-09-24,35.1,25.3,26.170108,19.863871,32.51,8.929892,True
2024-09-25,33.3,24.6,25.973226,19.707849,32.3,7.326774,True
2024-09-26,36.6,25.4,25.783548,19.564194,32.2,10.816452,True
2024-09-27,38.2,27.2,25.556022,19.414624,31.8,12.643978,True
2024-09-28,37.4,30.1,25.312581,19.256774,31.5,12.087419,True
2024-09-29,34.4,17.5,25.093333,19.102688,31.21,9.306667,True
2024-09-30,18.1,16.4,24.894946,18.959785,31.1,-6.794946,False
2024-10-01,18.3,16.3,24.676344,18.797742,31.0,-6.376344,False
2024-10-02,18.8,16.4,24.430323,18.619892,30.71,-5.630323,False
2024-10-03,20.7,17.3,24.222581,18.46,30.6,-3.522581,False
2024-10-04,20.9,17.4,24.027312,18.302473,30.5,-3.127312,False
2024-10-05,20.1,15.7,23.849032,18.158387,30.3,-3.749032,False
2024-10-06,17.7,15.5,23.66957,18.019032,30.1,-5.96957,False
2024-10-07,20.0,15.9,23.477957,17.878925,29.81,-3.477957,False
2024-10-08,22.5,16.6,23.303763,17.73172,29.61,-0.803763,False
2024-10-09,25.0,16.1,23.119785,17.575591,29.41,1.880215,False
2024-10-10,20.2,17.5,22.927634,17.423763,29.1,-2.727634,False
2024-10-11,19.3,17.8,22.746774,17.276667,28.9,-3.446774,False
2024-10-12,19.0,17.9,22.560753,17.116667,28.7,-3.560753,False
2024-10-13,21.9,17.3,22.379032,16.952366,28.6,-0.479032,False
2024-10-14,26.3,16.5,22.18172,16.785269,28.4,4.11828,False
2024-10-15,27.5,17.4,21.961828,16.600753,28.2,5.538172,False
2024-10-16,27.0,18.1,21.729677,16.420108,27.7,5.270323,False
2024-10-17,24.4,17.0,21.545484,16.239247,27.5,2.854516,False
2024-10-18,25.1,17.7,21.375699,16.066344,27.0,3.724301,False
2024-10-19,22.0,17.7,21.281183,15.907742,26.9,0.718817,False
2024-10-20,19.2,17.6,21.20129,15.757634,26.6,-2.00129,False
2024-10-21,21.0,17.8,21.097097,15.628817,26.31,-0.097097,False
2024-10-22,22.4,15.9,20.980215,15.506559,26.0,1.419785,False
2024-10-23,26.4,16.7,20.849462,15.369677,25.71,5.550538,False
2024-10-24,22.5,17.3,20.703548,15.227957,25.4,1.796452,False
2024-10-25,24.0,18.7,20.571828,15.085806,25.2,3.428172,False
2024-10-26,22.1,15.9,20.450215,14.939677,24.9,1.649785,False
2024-10-27,22.7,14.3,20.327527,14.799032,24.7,2.372473,False
2024-10-28,24.9,14.2,20.207419,14.65828,24.6,4.692581,False
2024-10-29,25.4,15.0,20.115269,14.53,24.6,5.284731,False
2024-10-30,23.8,17.5,20.004409,14.390538,24.41,3.795591,False
2024-10-31,19.8,17.5,19.867527,14.255054,24.4,-0.067527,False
2024-11-01,19.7,15.7,19.71828,14.106344,24.3,-0.01828,False
2024-11-02,23.3,15.4,19.572151,13.958925,24.1,3.727849,False
2024-11-03,21.9,16.1,19.390538,13.790108,23.91,2.509462,False
2024-11-04,18.5,15.2,19.188495,13.620108,23.71,-0.688495,False
2024-11-05,21.3,15.7,18.987204,13.452688,23.51,2.312796,False
2024-11-06,22.4,16.1,18.803871,13.281828,23.4,3.596129,False
2024-11-07,22.0,16.7,18.635269,13.104516,23.3,3.364731,False
2024-11-08,19.8,16.6,18.443871,12.935806,23.1,1.356129,False
2024-11-09,18.6,14.4,18.252366,12.759677,23.0,0.347634,False
2024-11-10,22.7,15.0,18.09129,12.593763,22.9,4.60871,False
2024-11-11,20.3,17.3,17.930538,12.427097,22.9,2.369462,False
2024-11-12,19.3,17.1,17.757742,12.261828,22.8,1.542258,False
2024-11-13,19.2,17.0,17.592688,12.113871,22.7,1.607312,False
2024-11-14,21.0,17.5,17.432581,11.971075,22.6,3.567419,False
2024-11-15,20.5,17.7,17.26043,11.838925,22.5,3.23957,False
2024-11-16,18.6,12.9,17.063656,11.696882,22.4,1.536344,False
2024-11-17,13.6,12.5,16.886344,11.563763,22.2,-3.286344,False
2024-11-18,13.4,12.5,16.692688,11.422366,22.0,-3.292688,False
2024-11-19,13.7,12.0,16.474839,11.272903,21.8,-2.774839,False
2024-11-20,13.9,11.9,16.224194,11.121505,21.6,-2.324194,False
2024-11-21,14.1,11.5,15.999677,10.944516,21.3,-1.899677,False
2024-11-22,17.5,12.4,15.767419,10.748817,21.0,1.732581,False
2024-11-23,14.9,11.9,15.536559,10.572366,20.4,-0.636559,False
2024-11-24,13.3,10.5,15.328817,10.401183,20.0,-2.028817,False
2024-11-25,12.1,9.3,15.091828,10.239785,19.61,-2.991828,False
2024-11-26,10.8,9.0,14.854516,10.072366,19.1,-4.054516,False
2024-11-27,13.3,6.2,14.624624,9.890753,18.91,-1.324624,False
2024-11-28,15.0,6.2,14.43,9.724516,18.6,0.57,False
2024-11-29,14.5,5.7,14.207634,9.563333,18.4,0.292366,False
2024-11-30,16.8,8.7,13.97957,9.402581,18.2,2.82043,False
2024-12-01,15.9,8.1,13.793118,9.216559,17.9,2.106882,False
2024-12-02,13.8,8.9,13.63086,9.051935,17.7,0.16914,False
2024-12-03,13.5,11.5,13.456022,8.900968,17.4,0.043978,False
2024-12-04,12.7,10.8,13.309892,8.745054,17.2,-0.609892,False
2024-12-05,10.9,9.1,13.189462,8.603871,17.0,-2.289462,False
2024-12-06,11.6,9.5,13.079677,8.447957,16.8,-1.479677,False
2024-12-07,10.7,9.1,12.94957,8.302581,16.6,-2.24957,False
2024-12-08,11.1,7.9,12.800753,8.175054,16.3,-1.700753,False
2024-12-09,10.1,7.9,12.678387,8.050645,16.11,-2.578387,False
2024-12-10,10.3,7.8,12.540645,7.939677,16.0,-2.240645,False
2024-12-11,11.8,8.5,12.396344,7.814839,15.8,-0.596344,False
2024-12-12,8.7,7.5,12.239677,7.681505,15.5,-3.539677,False
2024-12-13,9.5,5.1,12.104516,7.546882,15.4,-2.604516,False
2024-12-14,8.4,2.9,11.955054,7.416774,15.3,-3.555054,False
2024-12-15,11.1,1.7,11.820215,7.287097,15.1,-0.720215,False
2024-12-16,11.7,1.1,11.690645,7.149677,14.9,0.009355,False
2024-12-17,8.8,6.7,11.573656,7.028925,14.71,-2.773656,False
2024-12-18,11.3,7.1,11.459677,6.920323,14.6,-0.159677,False
2024-12-19,11.5,7.1,11.352688,6.822151,14.4,0.147312,False
2024-12-20,9.8,7.5,11.252796,6.741398,14.3,-1.452796,False
2024-12-21,8.9,7.3,11.180323,6.653011,14.2,-2.280323,False
2024-12-22,7.7,4.4,11.091935,6.589677,14.1,-3.391935,False
2024-12-23,10.2,4.7,11.00871,6.537957,13.9,-0.80871,False
2024-12-24,9.6,7.1,10.932043,6.464946,13.81,-1.332043,False
2024-12-25,9.6,7.5,10.845591,6.385161,13.7,-1.245591,False
2024-12-26,12.5,4.9,10.783656,6.294946,13.5,1.716344,False
2024-12-27,13.2,4.5,10.726129,6.23129,13.41,2.473871,False
2024-12-28,12.5,5.3,10.678925,6.175269,13.4,1.821075,False
2024-12-29,10.1,7.4,10.622581,6.097634,13.3,-0.522581,False
2024-12-30,11.4,5.6,10.58086,6.037419,13.3,0.81914,False
2024-12-31,14.9,3.9,10.557419,5.989355,13.2,4.342581,False
2025-01-01,15.1,3.9,10.531398,5.955806,13.2,4.568602,False
2025-01-02,12.4,5.1,10.490968,5.933441,13.2,1.909032,False
2025-01-03,16.0,4.9,10.449677,5.900323,13.2,5.550323,False
2025-01-04,11.2,6.6,10.397097,5.880108,13.1,0.802903,False
2025-01-05,15.8,6.6,10.357419,5.856022,13.1,5.442581,False
2025-01-06,10.4,6.9,10.316774,5.836022,13.1,0.083226,False
2025-01-07,9.6,7.1,10.296774,5.791613,13.2,-0.696774,False
2025-01-08,8.6,7.1,10.280538,5.771398,13.2,-1.680538,False
2025-01-09,9.4,5.7,10.244624,5.745591,13.2,-0.844624,False
2025-01-10,9.7,4.5,10.239355,5.709462,13.2,-0.539355,False
2025-01-11,12.0,0.5,10.222581,5.679462,13.3,1.777419,False
2025-01-12,15.1,0.1,10.253118,5.646774,13.31,4.846882,False
2025-01-13,12.3,8.0,10.280323,5.639462,13.4,2.019677,False
2025-01-14,9.8,7.6,10.333226,5.621828,13.5,-0.533226,False
2025-01-15,12.8,7.2,10.382366,5.611075,13.61,2.417634,False
2025-01-16,14.3,7.4,10.413871,5.635591,13.8,3.886129,False
2025-01-17,11.1,8.8,10.446452,5.647634,13.9,0.653548,False
2025-01-18,11.9,6.4,10.468065,5.657527,13.9,1.431935,False
2025-01-19,14.6,5.9,10.492043,5.669462,14.0,4.107957,False
2025-01-20,15.7,7.2,10.559462,5.676129,14.2,5.140538,False
2025-01-21,13.3,9.5,10.650753,5.699032,14.4,2.649247,False
2025-01-22,12.2,10.8,10.740323,5.731828,14.51,1.459677,False
2025-01-23,11.9,10.8,10.840215,5.76957,14.7,1.059785,False
2025-01-24,11.7,10.1,10.928387,5.823226,14.9,0.771613,False
2025-01-25,9.4,6.6,11.005914,5.880538,15.2,-1.605914,False
2025-01-26,10.3,1.6,11.101183,5.932151,15.5,-0.801183,False
2025-01-27,13.1,1.8,11.203978,5.985161,15.7,1.896022,False
2025-01-28,13.5,5.8,11.302688,6.039785,15.9,2.197312,False
2025-01-29,15.2,5.7,11.404624,6.109032,16.1,3.795376,False
2025-01-30,10.1,8.2,11.502581,6.170538,16.2,-1.402581,False
2025-01-31,9.3,8.3,11.607419,6.230538,16.3,-2.307419,False
2025-02-01,10.7,8.9,11.711398,6.290108,16.5,-1.011398,False
2025-02-02,11.3,9.3,11.795376,6.343763,16.6,-0.495376,False
2025-02-03,11.0,7.8,11.896559,6.408065,16.7,-0.896559,False
2025-02-04,14.5,7.5,12.0,6.472903,16.81,2.5,False
2025-02-05,11.6,8.3,12.109462,6.547527,17.0,-0.509462,False
2025-02-06,10.0,7.7,12.214516,6.631398,17.1,-2.214516,False
2025-02-07,12.8,7.5,12.305376,6.732258,17.11,0.494624,False
2025-02-08,11.2,3.5,12.415054,6.811935,17.2,-1.215054,False
2025-02-09,10.2,3.3,12.553656,6.913871,17.4,-2.353656,False
2025-02-10,13.5,5.6,12.684946,7.035914,17.5,0.815054,False
2025-02-11,11.8,8.2,12.823763,7.156667,17.7,-1.023763,False
2025-02-12,9.1,6.7,12.940538,7.29129,17.9,-3.840538,False
2025-02-13,7.3,6.0,13.062258,7.40043,18.2,-5.762258,False
2025-02-14,9.3,6.4,13.207634,7.52043,18.41,-3.907634,False
2025-02-15,12.0,7.9,13.328172,7.639247,18.61,-1.328172,False
2025-02-16,14.5,8.3,13.475591,7.718065,18.81,1.024409,False
2025-02-17,14.0,7.5,13.65043,7.793871,19.1,0.34957,False
2025-02-18,14.0,8.0,13.819677,7.911613,19.2,0.180323,False
2025-02-19,14.4,8.3,13.98086,8.026344,19.3,0.41914,False
2025-02-20,12.8,9.4,14.112903,8.141828,19.4,-1.312903,False
2025-02-21,13.2,8.6,14.218817,8.23914,19.51,-1.018817,False
2025-02-22,11.0,8.8,14.32914,8.310323,19.7,-3.32914,False
2025-02-23,11.0,7.9,14.452581,8.406882,19.81,-3.452581,False
2025-02-24,9.5,7.0,14.584301,8.511613,20.1,-5.084301,False
2025-02-25,11.2,5.6,14.741613,8.615161,20.21,-3.541613,False
2025-02-26,16.0,4.7,14.878495,8.736022,20.5,1.121505,False
2025-02-27,19.6,5.4,15.007742,8.846882,20.8,4.592258,False
2025-02-28,19.9,11.8,15.140968,8.973333,20.9,4.759032,False
2025-03-01,18.7,11.8,15.284194,9.08914,21.0,3.415806,False
2025-03-02,19.3,12.2,15.464301,9.185699,21.5,3.835699,False
2025-03-03,16.4,11.9,15.657849,9.316129,22.01,0.742151,False
2025-03-04,14.1,10.0,15.843441,9.445161,22.41,-1.743441,False
2025-03-05,11.8,8.6,16.049032,9.578602,22.71,-4.249032,False
2025-03-06,12.5,6.6,16.247419,9.706344,22.91,-3.747419,False
2025-03-07,14.0,7.1,16.402903,9.832043,23.1,-2.402903,False
2025-03-08,13.6,9.1,16.513978,9.936237,23.2,-2.913978,False
2025-03-09,14.4,9.5,16.626129,10.040538,23.4,-2.226129,False
2025-03-10,18.4,10.5,16.775054,10.15172,23.5,1.624946,False
2025-03-11,16.1,12.7,16.966882,10.280645,23.7,-0.866882,False
2025-03-12,19.1,12.2,17.127849,10.397742,23.71,1.972151,False
2025-03-13,16.8,12.5,17.291828,10.504946,23.91,-0.491828,False
2025-03-14,16.6,12.6,17.490215,10.63129,24.1,-0.890215,False
2025-03-15,15.7,11.7,17.692366,10.783333,24.3,-1.992366,False
2025-03-16,11.5,7.7,17.895914,10.949355,24.6,-6.395914,False
2025-03-17,8.1,6.7,18.066667,11.096989,24.71,-9.966667,False
2025-03-18,12.2,6.6,18.238602,11.237419,24.81,-6.038602,False
2025-03-19,17.2,5.8,18.404516,11.412581,25.3,-1.204516,False
2025-03-20,19.0,7.0,18.554194,11.583763,25.51,0.445806,False
2025-03-21,19.4,10.9,18.685054,11.695699,25.6,0.714946,False
2025-03-22,15.9,12.1,18.86,11.817742,25.9,-2.96,False
2025-03-23,22.4,9.6,19.047204,11.972258,26.1,3.352796,False
2025-03-24,27.9,9.8,19.22957,12.143978,26.11,8.67043,False
2025-03-25,31.2,10.8,19.396237,12.312903,26.2,11.803763,False
2025-03-26,34.0,14.2,19.510323,12.453978,26.3,14.489677,False
2025-03-27,30.6,13.7,19.627312,12.57828,26.4,10.972688,False
2025-03-28,14.0,7.3,19.76172,12.698495,26.5,-5.76172,False
2025-03-29,9.6,7.4,19.892043,12.79129,26.8,-10.292043,False
2025-03-30,12.5,8.1,20.033226,12.909892,27.0,-7.533226,False
2025-03-31,12.3,9.4,20.223548,13.032043,27.2,-7.923548,False
2025-04-01,16.6,9.7,20.439247,13.179032,27.51,-3.839247,False
2025-04-02,19.1,11.3,20.643333,13.354731,27.81,-1.543333,False
2025-04-03,23.4,11.9,20.817097,13.514624,28.11,2.582903,False
2025-04-04,22.3,15.3,21.004086,13.687204,28.3,1.295914,False
2025-04-05,19.2,14.6,21.162796,13.848817,28.4,-1.962796,False
2025-04-06,20.4,13.3,21.317527,13.995054,28.5,-0.917527,False
2025-04-07,26.8,14.7,21.526559,14.166452,28.71,5.273441,False
2025-04-08,29.0,17.1,21.752581,14.348387,29.0,7.247419,False
2025-04-09,30.4,18.6,21.951398,14.521828,29.01,8.448602,False
2025-04-10,31.4,19.8,22.103333,14.683226,29.1,9.296667,False
2025-04-11,26.1,18.0,22.245161,14.830538,29.2,3.854839,False
2025-04-12,21.1,14.6,22.436237,14.988387,29.4,-1.336237,False
2025-04-13,27.9,13.2,22.63871,15.160968,29.61,5.26129,False
2025-04-14,28.7,15.3,22.844946,15.325269,29.72,5.855054,False
2025-04-15,30.2,17.1,23.052903,15.472366,30.1,7.147097,False
2025-04-16,29.5,19.0,23.249462,15.607957,30.3,6.250538,False
2025-04-17,31.7,18.5,23.416022,15.755591,30.4,8.283978,False
2025-04-18,34.6,20.8,23.559462,15.902473,30.4,11.040538,False
2025-04-19,32.2,21.5,23.715914,16.036989,30.5,8.484086,False
2025-04-20,32.7,23.6,23.876989,16.173871,30.6,8.823011,False
2025-04-21,28.1,17.8,24.061613,16.342151,30.7,4.038387,False
2025-04-22,20.5,16.9,24.187527,16.507419,30.8,-3.687527,False
2025-04-23,21.8,16.8,24.275591,16.632688,30.9,-2.475591,False
2025-04-24,20.1,16.6,24.390968,16.73957,30.9,-4.290968,False
2025-04-25,23.5,16.4,24.554731,16.870323,31.0,-1.054731,False
2025-04-26,19.4,17.3,24.738817,17.014624,31.11,-5.338817,False
2025-04-27,25.4,17.8,24.925699,17.162581,31.5,0.474301,False
2025-04-28,28.2,19.4,25.074194,17.314301,31.51,3.125806,False
2025-04-29,19.2,16.6,25.20043,17.487312,31.6,-6.00043,False
2025-04-30,25.7,16.1,25.322581,17.623333,31.61,0.377419,False
2025-05-01,30.8,17.7,25.40828,17.746882,31.71,5.39172,False
2025-05-02,33.5,19.9,25.473656,17.863871,31.81,8.026344,False
2025-05-03,30.9,22.0,25.537419,17.964624,31.9,5.362581,False
2025-05-04,26.5,19.4,25.628387,18.070968,32.0,0.871613,False
2025-05-05,25.6,20.4,25.694194,18.166237,32.1,-0.094194,False
2025-05-06,23.5,18.5,25.762903,18.243656,32.2,-2.262903,False
2025-05-07,25.4,18.7,25.814731,18.337312,32.3,-0.414731,False
2025-05-08,27.2,19.3,25.896344,18.431183,32.31,1.303656,False
2025-05-09,27.9,16.3,25.955914,18.517312,32.4,1.944086,False
2025-05-10,21.2,14.7,26.055591,18.615699,32.4,-4.855591,False
2025-05-11,28.6,14.6,26.166452,18.728925,32.4,2.433548,False
2025-05-12,32.9,17.3,26.227849,18.832151,32.4,6.672151,False
2025-05-13,29.1,21.1,26.269247,18.919892,32.4,2.830753,False
2025-05-14,27.3,21.2,26.290645,19.001183,32.4,1.009355,False
2025-05-15,26.5,20.1,26.297634,19.073871,32.4,0.202366,False
2025-05-16,24.9,20.6,26.296129,19.148065,32.3,-1.396129,False
2025-05-17,23.3,20.3,26.297204,19.231828,32.3,-2.997204,False
2025-05-18,28.8,20.1,26.341613,19.313441,32.21,2.458387,False
2025-05-19,32.7,21.7,26.416129,19.394946,32.21,6.283871,True
2025-05-20,35.2,24.3,26.505269,19.497849,32.4,8.694731,True
2025-05-21,32.9,24.1,26.583118,19.608602,32.4,6.316882,True
2025-05-22,32.0,23.2,26.637634,19.710753,32.4,5.362366,False
2025-05-23,28.0,22.1,26.705699,19.800753,32.41,1.294301,False
2025-05-24,26.5,20.1,26.793763,19.897742,32.41,-0.293763,False
2025-05-25,27.4,18.0,26.847204,20.006882,32.6,0.552796,False
2025-05-26,31.7,21.2,26.87914,20.106344,32.51,4.82086,False
2025-05-27,23.6,19.8,26.921398,20.191613,32.51,-3.321398,False
2025-05-28,25.4,18.9,26.962581,20.276559,32.4,-1.562581,False
2025-05-29,29.9,21.2,27.02086,20.366344,32.6,2.87914,False
2025-05-30,29.0,21.2,27.151828,20.465484,32.6,1.848172,False
2025-05-31,21.8,20.7,27.270323,20.586667,32.7,-5.470323,False
2025-06-01,22.5,20.7,27.358495,20.710108,32.71,-4.858495,False
2025-06-02,23.4,20.8,27.453118,20.823441,32.9,-4.053118,False
2025-06-03,25.9,20.9,27.540645,20.943441,32.9,-1.640645,False
2025-06-04,27.6,21.7,27.578817,21.043011,32.9,0.021183,False
2025-06-05,30.5,23.6,27.612688,21.140968,32.9,2.887312,False
2025-06-06,29.0,23.7,27.707634,21.264086,32.9,1.292366,False
2025-06-07,29.6,23.5,27.81914,21.381398,32.81,1.78086,False
2025-06-08,29.9,22.6,27.88871,21.487527,32.8,2.01129,False
2025-06-09,27.2,21.3,28.00828,21.586882,32.9,-0.80828,False
2025-06-10,32.1,21.2,28.106237,21.701183,33.0,3.993763,False
2025-06-11,35.1,22.5,28.225054,21.829892,33.2,6.874946,True
2025-06-12,35.2,22.6,28.365806,21.963871,33.4,6.834194,True
2025-06-13,36.3,25.4,28.508495,22.105591,33.5,7.791505,True
2025-06-14,33.0,22.0,28.620645,22.230753,33.7,4.379355,False
2025-06-15,32.6,22.4,28.703441,22.354194,33.8,3.896559,False
2025-06-16,36.3,25.1,28.806882,22.470645,34.0,7.493118,False
2025-06-17,37.7,26.7,28.922796,22.592473,34.1,8.777204,False
2025-06-18,30.0,24.7,29.007527,22.703226,34.2,0.992473,False
2025-06-19,28.6,25.5,29.079785,22.810538,34.3,-0.479785,False
2025-06-20,28.7,23.8,29.12914,22.898065,34.3,-0.42914,False
2025-06-21,25.3,23.1,29.214516,22.993978,34.3,-3.914516,False
2025-06-22,26.1,21.2,29.329785,23.079677,34.4,-3.229785,False
2025-06-23,30.7,22.5,29.45914,23.185161,34.6,1.24086,False
2025-06-24,30.1,21.0,29.589677,23.290538,34.7,0.510323,False
2025-06-25,23.1,20.1,29.742581,23.395161,34.71,-6.642581,False
2025-06-26,30.6,22.4,29.877527,23.493226,34.81,0.722473,False
2025-06-27,32.9,25.2,30.011935,23.599677,35.0,2.888065,False
2025-06-28,36.2,26.1,30.165269,23.72086,35.0,6.034731,False
2025-06-29,32.7,25.6,30.32172,23.84086,35.3,2.37828,False
2025-06-30,26.8,24.3,30.428065,23.94043,35.31,-3.628065,False
2025-07-01,33.3,26.0,30.529032,24.03828,35.4,2.770968,False
2025-07-02,35.6,28.3,30.659355,24.132151,35.5,4.940645,True
2025-07-03,35.9,27.8,30.783978,24.222258,35.6,5.116022,True
2025-07-04,38.2,27.9,30.886344,24.304194,35.7,7.313656,True
2025-07-05,32.9,25.7,31.033226,24.406882,35.8,1.866774,False
2025-07-06,35.5,25.4,31.204086,24.514301,35.9,4.295914,False
2025-07-07,32.9,25.1,31.322258,24.597312,36.0,1.577742,False
2025-07-08,31.6,25.0,31.47129,24.690323,36.1,0.12871,False
2025-07-09,29.8,24.5,31.640753,24.787419,36.2,-1.840753,False
2025-07-10,30.3,24.8,31.807849,24.89914,36.4,-1.507849,False
2025-07-11,32.8,25.6,31.996237,25.009032,36.6,0.803763,False
2025-07-12,34.6,25.7,32.177204,25.109677,36.8,2.422796,False
2025-07-13,36.8,27.2,32.34,25.19871,36.9,4.46,False
2025-07-14,38.1,27.3,32.449677,25.255161,37.0,5.650323,True
2025-07-15,39.0,28.3,32.573118,25.321613,37.0,6.426882,True
2025-07-16,39.5,28.9,32.719247,25.386559,37.1,6.780753,True
2025-07-17,39.4,29.3,32.815054,25.433656,37.2,6.584946,True
2025-07-18,37.0,27.5,32.891183,25.473763,37.3,4.108817,False
2025-07-19,36.2,27.7,33.009247,25.524409,37.4,3.190753,False
2025-07-20,30.7,25.3,33.152043,25.586559,37.4,-2.452043,False
2025-07-21,32.0,25.7,33.286774,25.656344,37.5,-1.286774,False
2025-07-22,33.8,26.3,33.393226,25.716559,37.5,0.406774,False
2025-07-23,30.5,26.1,33.494301,25.757204,37.6,-2.994301,False
2025-07-24,32.7,26.5,33.548065,25.793656,37.61,-0.848065,False
2025-07-25,35.7,27.3,33.607097,25.829785,37.8,2.092903,False
2025-07-26,37.3,26.8,33.653548,25.86957,37.9,3.646452,False
2025-07-27,36.4,27.8,33.69,25.895914,38.0,2.71,False
2025-07-28,36.3,27.9,33.732581,25.905054,38.2,2.567419,False
2025-07-29,37.1,27.5,33.758925,25.914624,38.21,3.341075,False
2025-07-30,36.7,27.3,33.807527,25.921075,38.3,2.892473,False
2025-07-31,37.9,27.2,33.844194,25.927097,38.3,4.055806,False
2025-08-01,38.2,27.7,33.874086,25.921398,38.31,4.325914,False
2025-08-02,38.4,27.0,33.893656,25.908495,38.4,4.506344,False
2025-08-03,39.4,28.9,33.891505,25.909462,38.4,5.508495,True
2025-08-04,38.8,30.5,33.916882,25.901183,38.4,4.883118,True
2025-08-05,39.5,30.5,33.883978,25.859785,38.4,5.616022,True
2025-08-06,36.8,26.8,33.842903,25.807419,38.4,2.957097,False
2025-08-07,36.3,27.8,33.810108,25.770538,38.4,2.489892,False
2025-08-08,36.7,29.7,33.783871,25.73129,38.41,2.916129,False
2025-08-09,38.7,29.6,33.734731,25.677204,38.4,4.965269,False
2025-08-10,36.3,25.7,33.647634,25.626774,38.4,2.652366,False
2025-08-11,26.2,24.2,33.550538,25.553333,38.4,-7.350538,False
2025-08-12,32.5,25.2,33.433441,25.474516,38.4,-0.933441,False
2025-08-13,34.7,26.5,33.29828,25.392258,38.4,1.40172,False
2025-08-14,35.7,26.8,33.196452,25.323118,38.4,2.503548,False
2025-08-15,32.1,26.3,33.134624,25.250753,38.41,-1.034624,False
2025-08-16,29.7,24.8,33.042688,25.17043,38.51,-3.342688,False
2025-08-17,36.9,26.0,32.971935,25.089462,38.6,3.928065,False
2025-08-18,36.6,26.6,32.877957,24.997097,38.6,3.722043,False
2025-08-19,35.0,27.1,32.75086,24.912796,38.6,2.24914,False
2025-08-20,35.7,27.7,32.632903,24.820753,38.6,3.067097,False
2025-08-21,35.0,26.6,32.507527,24.709892,38.61,2.492473,False
2025-08-22,32.6,26.6,32.359785,24.581828,38.6,0.240215,False
2025-08-23,31.8,26.1,32.200753,24.468602,38.51,-0.400753,False
2025-08-24,33.9,26.1,32.058065,24.356667,38.5,1.841935,False
2025-08-25,36.7,27.1,31.909032,24.238817,38.4,4.790968,False
2025-08-26,37.8,28.0,31.744946,24.1,38.31,6.055054,False
2025-08-27,38.5,28.6,31.612043,23.982796,38.1,6.887957,False
2025-08-28,37.7,24.8,31.45957,23.861075,37.81,6.24043,False
2025-08-29,31.7,23.8,31.298817,23.72172,37.8,0.401183,False
2025-08-30,28.7,23.1,31.084624,23.573333,37.61,-2.384624,False
2025-08-31,31.6,23.1,30.898602,23.440753,37.6,0.701398,False
2025-09-01,34.5,23.8,30.753548,23.322796,37.5,3.746452,False
2025-09-02,37.5,26.5,30.581183,23.203226,37.4,6.918817,False
2025-09-03,33.2,26.5,30.387742,23.06172,37.31,2.812258,False
2025-09-04,36.2,27.4,30.173871,22.908065,37.21,6.026129,False
2025-09-05,34.3,20.6,29.986989,22.757527,36.91,4.313011,False
2025-09-06,27.0,21.5,29.808495,22.61086,36.81,-2.808495,False
2025-09-07,31.5,22.9,29.632796,22.46871,36.8,1.867204,False
2025-09-08,27.5,23.6,29.436774,22.325161,36.5,-1.936774,False
2025-09-09,31.0,24.6,29.224409,22.175699,36.2,1.775591,False
2025-09-10,31.7,25.8,29.017204,22.02086,36.0,2.682796,False
2025-09-11,34.5,25.0,28.806667,21.882796,35.7,5.693333,False
2025-09-12,25.1,24.3,28.587527,21.732473,35.4,-3.487527,False
2025-09-13,30.0,24.1,28.394839,21.59086,35.11,1.605161,False
2025-09-14,33.1,25.2,28.242581,21.454946,34.7,4.857419,False
2025-09-15,35.0,26.4,28.083548,21.318817,34.4,6.916452,False
2025-09-16,34.9,25.5,27.882903,21.177634,34.2,7.017097,False
2025-09-17,32.4,25.3,27.687419,21.031828,33.9,4.712581,False
2025-09-18,32.4,21.5,27.451183,20.872581,33.71,4.948817,False
2025-09-19,23.5,20.8,27.215806,20.696989,33.6,-3.715806,False
2025-09-20,26.9,21.6,26.974946,20.507527,33.32,-0.074946,False
2025-09-21,27.9,22.2,26.748172,20.326667,33.01,1.151828,False
2025-09-22,24.0,21.7,26.546022,20.165054,32.9,-2.546022,False
2025-09-23,23.0,20.2,26.350108,20.016667,32.7,-3.350108,False
2025-09-24,27.5,20.3,26.170108,19.863871,32.51,1.329892,False
2025-09-25,28.1,21.3,25.973226,19.707849,32.3,2.126774,False
2025-09-26,24.8,21.9,25.783548,19.564194,32.2,-0.983548,False
2025-09-27,31.4,22.5,25.556022,19.414624,31.8,5.843978,False
2025-09-28,30.1,23.2,25.312581,19.256774,31.5,4.787419,False
2025-09-29,26.3,21.7,25.093333,19.102688,31.21,1.206667,False
2025-09-30,25.8,22.2,24.894946,18.959785,31.1,0.905054,False
2025-10-01,30.6,22.2,24.676344,18.797742,31.0,5.923656,False
2025-10-02,27.5,22.1,24.430323,18.619892,30.71,3.069677,False
2025-10-03,27.0,23.5,24.222581,18.46,30.6,2.777419,False
2025-10-04,26.9,23.2,24.027312,18.302473,30.5,2.872688,False
2025-10-05,30.1,22.9,23.849032,18.158387,30.3,6.250968,False
2025-10-06,30.7,22.8,23.66957,18.019032,30.1,7.03043,False
2025-10-07,30.2,22.7,23.477957,17.878925,29.81,6.722043,False
2025-10-08,33.8,24.3,23.303763,17.73172,29.61,10.496237,False
2025-10-09,35.0,26.3,23.119785,17.575591,29.41,11.880215,False
2025-10-10,36.0,27.2,22.927634,17.423763,29.1,13.072366,False
2025-10-11,34.5,21.7,22.746774,17.276667,28.9,11.753226,False
2025-10-12,26.8,18.8,22.560753,17.116667,28.7,4.239247,False
2025-10-13,21.6,18.7,22.379032,16.952366,28.6,-0.779032,False
2025-10-14,22.1,18.9,22.18172,16.785269,28.4,-0.08172,False
2025-10-15,23.7,20.5,21.961828,16.600753,28.2,1.738172,False
2025-10-16,27.1,20.9,21.729677,16.420108,27.7,5.370323,False
2025-10-17,23.4,18.8,21.545484,16.239247,27.5,1.854516,False
2025-10-18,20.6,19.1,21.375699,16.066344,27.0,-0.775699,False
2025-10-19,21.1,17.4,21.281183,15.907742,26.9,-0.181183,False
2025-10-20,17.6,15.5,21.20129,15.757634,26.6,-3.60129,False
2025-10-21,17.7,15.4,21.097097,15.628817,26.31,-3.397097,False
2025-10-22,20.6,13.8,20.980215,15.506559,26.0,-0.380215,False
2025-10-23,20.9,14.2,20.849462,15.369677,25.71,0.050538,False
2025-10-24,18.0,13.6,20.703548,15.227957,25.4,-2.703548,False
2025-10-25,16.3,13.8,20.571828,15.085806,25.2,-4.271828,False
2025-10-26,17.3,14.6,20.450215,14.939677,24.9,-3.150215,False
2025-10-27,19.3,13.4,20.327527,14.799032,24.7,-1.027527,False
2025-10-28,22.2,13.7,20.207419,14.65828,24.6,1.992581,False
2025-10-29,16.8,15.4,20.115269,14.53,24.6,-3.315269,False
2025-10-30,19.0,14.3,20.004409,14.390538,24.41,-1.004409,False
2025-10-31,18.2,15.2,19.867527,14.255054,24.4,-1.667527,False
2025-11-01,17.0,14.1,19.71828,14.106344,24.3,-2.71828,False
2025-11-02,18.7,14.6,19.572151,13.958925,24.1,-0.872151,False
2025-11-03,17.1,14.1,19.390538,13.790108,23.91,-2.290538,False
2025-11-04,20.9,14.6,19.188495,13.620108,23.71,1.711505,False
2025-11-05,18.5,15.2,18.987204,13.452688,23.51,-0.487204,False
2025-11-06,16.9,15.4,18.803871,13.281828,23.4,-1.903871,False
2025-11-07,17.5,16.0,18.635269,13.104516,23.3,-1.135269,False
2025-11-08,18.8,15.7,18.443871,12.935806,23.1,0.356129,False
2025-11-09,17.1,15.2,18.252366,12.759677,23.0,-1.152366,False
2025-11-10,16.7,14.7,18.09129,12.593763,22.9,-1.39129,False
2025-11-11,18.0,15.1,17.930538,12.427097,22.9,0.069462,False
2025-11-12,16.9,14.8,17.757742,12.261828,22.8,-0.857742,False
2025-11-13,18.6,14.6,17.592688,12.113871,22.7,1.007312,False
2025-11-14,17.7,14.7,17.432581,11.971075,22.6,0.267419,False
2025-11-15,18.3,13.8,17.26043,11.838925,22.5,1.03957,False
2025-11-16,18.5,13.9,17.063656,11.696882,22.4,1.436344,False
2025-11-17,13.2,8.6,16.886344,11.563763,22.2,-3.686344,False
2025-11-18,8.9,5.9,16.692688,11.422366,22.0,-7.792688,False
2025-11-19,13.4,6.0,16.474839,11.272903,21.8,-3.074839,False
2025-11-20,15.4,6.9,16.224194,11.121505,21.6,-0.824194,False
2025-11-21,16.5,8.5,15.999677,10.944516,21.3,0.500323,False
2025-11-22,12.5,10.9,15.767419,10.748817,21.0,-3.267419,False
2025-11-23,13.2,8.2,15.536559,10.572366,20.4,-2.336559,False
2025-11-24,17.6,6.2,15.328817,10.401183,20.0,2.271183,False
2025-11-25,16.9,5.5,15.091828,10.239785,19.61,1.808172,False
2025-11-26,16.8,6.2,14.854516,10.072366,19.1,1.945484,False
2025-11-27,18.6,5.6,14.624624,9.890753,18.91,3.975376,False
2025-11-28,18.2,5.8,14.43,9.724516,18.6,3.77,False
2025-11-29,17.7,7.1,14.207634,9.563333,18.4,3.492366,False
2025-11-30,16.9,8.6,13.97957,9.402581,18.2,2.92043,False
2025-12-01,18.0,8.0,13.793118,9.216559,17.9,4.206882,False
2025-12-02,14.3,12.1,13.63086,9.051935,17.7,0.66914,False
2025-12-03,12.9,10.0,13.456022,8.900968,17.4,-0.556022,False
2025-12-04,12.8,9.4,13.309892,8.745054,17.2,-0.509892,False
2025-12-05,14.4,6.0,13.189462,8.603871,17.0,1.210538,False
2025-12-06,14.5,6.8,13.079677,8.447957,16.8,1.420323,False
2025-12-07,16.4,7.2,12.94957,8.302581,16.6,3.45043,False
2025-12-08,15.0,7.8,12.800753,8.175054,16.3,2.199247,False
2025-12-09,14.1,11.3,12.678387,8.050645,16.11,1.421613,False
2025-12-10,16.1,7.2,12.540645,7.939677,16.0,3.559355,False
2025-12-11,16.6,7.4,12.396344,7.814839,15.8,4.203656,False
2025-12-12,15.8,10.6,12.239677,7.681505,15.5,3.560323,False
2025-12-13,11.3,9.2,12.104516,7.546882,15.4,-0.804516,False
2025-12-14,11.3,8.6,11.955054,7.416774,15.3,-0.655054,False
2025-12-15,12.6,8.9,11.820215,7.287097,15.1,0.779785,False
2025-12-16,12.6,9.1,11.690645,7.149677,14.9,0.909355,False
2025-12-17,14.8,9.2,11.573656,7.028925,14.71,3.226344,False
2025-12-18,17.5,8.7,11.459677,6.920323,14.6,6.040323,False
2025-12-19,14.5,9.8,11.352688,6.822151,14.4,3.147312,False
2025-12-20,12.1,9.5,11.252796,6.741398,14.3,0.847204,False
2025-12-21,13.6,10.1,11.180323,6.653011,14.2,2.419677,False
2025-12-22,11.6,10.1,11.091935,6.589677,14.1,0.508065,False
2025-12-23,11.4,9.2,11.00871,6.537957,13.9,0.39129,False
2025-12-24,10.6,9.4,10.932043,6.464946,13.81,-0.332043,False
2025-12-25,11.3,7.7,10.845591,6.385161,13.7,0.454409,False
2025-12-26,12.8,7.7,10.783656,6.294946,13.5,2.016344,False
2025-12-27,13.7,7.1,10.726129,6.23129,13.41,2.973871,False
2025-12-28,15.9,6.7,10.678925,6.175269,13.4,5.221075,False
2025-12-29,11.0,9.5,10.622581,6.097634,13.3,0.377419,False
2025-12-30,10.4,9.6,10.58086,6.037419,13.3,-0.18086,False
2025-12-31,11.3,9.9,10.557419,5.989355,13.2,0.742581,False
