time,tmax,tmin,baselineTmax,baselineTmin,p90Tmax,tmaxAnomaly,isHotSpellDay
2006-01-01,23.2,19.6,27.338387,19.167419,30.9,-4.138387,False
2006-01-02,23.5,19.5,27.340538,19.185054,30.9,-3.840538,False
2006-01-03,26.2,19.3,27.354624,19.203441,30.9,-1.154624,False
2006-01-04,24.0,18.8,27.350215,19.227957,30.9,-3.350215,False
2006-01-05,24.2,17.8,27.312796,19.225376,30.9,-3.112796,False
2006-01-06,26.1,18.7,27.293226,19.226882,31.0,-1.193226,False
2006-01-07,27.2,18.8,27.285054,19.226667,31.0,-0.085054,False
2006-01-08,28.8,18.1,27.302903,19.234409,31.0,1.497097,False
2006-01-09,30.1,19.9,27.328817,19.23129,30.91,2.771183,False
2006-01-10,29.3,21.2,27.376667,19.254409,31.0,1.923333,False
2006-01-11,28.9,19.9,27.375269,19.269247,31.0,1.524731,False
2006-01-12,28.7,19.8,27.344409,19.275054,31.1,1.355591,False
2006-01-13,31.1,20.5,27.355161,19.282796,31.1,3.744839,False
2006-01-14,31.3,20.0,27.354086,19.301613,31.1,3.945914,False
2006-01-15,30.6,19.7,27.353871,19.31172,31.1,3.246129,False
2006-01-16,32.1,20.2,27.369032,19.312903,31.1,4.730968,False
2006-01-17,30.5,18.8,27.416667,19.311828,31.11,3.083333,False
2006-01-18,30.0,19.1,27.477419,19.331398,31.2,2.522581,False
2006-01-19,30.6,19.7,27.527527,19.345376,31.2,3.072473,False
2006-01-20,31.2,20.8,27.573118,19.353656,31.2,3.626882,False
2006-01-21,32.9,22.6,27.628925,19.361828,31.31,5.271075,False
2006-01-22,34.2,23.1,27.633011,19.367742,31.4,6.566989,False
2006-01-23,29.1,22.0,27.62172,19.371075,31.4,1.47828,False
2006-01-24,32.9,20.1,27.634086,19.370215,31.4,5.265914,False
2006-01-25,34.0,20.7,27.642581,19.370753,31.4,6.357419,False
2006-01-26,31.4,22.2,27.641613,19.374516,31.4,3.758387,False
2006-01-27,22.8,20.2,27.653441,19.374731,31.5,-4.853441,False
2006-01-28,27.5,19.1,27.671075,19.367742,31.51,-0.171075,False
2006-01-29,22.7,19.2,27.667849,19.353548,31.6,-4.967849,False
2006-01-30,26.6,17.8,27.652796,19.334086,31.6,-1.052796,False
2006-01-31,26.9,19.1,27.644086,19.330108,31.6,-0.744086,False
2006-02-01,26.0,19.0,27.641613,19.327957,31.6,-1.641613,False
2006-02-02,26.9,19.4,27.67129,19.339462,31.6,-0.77129,False
2006-02-03,29.6,18.2,27.695591,19.344301,31.6,1.904409,False
2006-02-04,30.5,19.2,27.721075,19.352581,31.6,2.778925,False
2006-02-05,31.0,20.2,27.750538,19.368065,31.51,3.249462,False
2006-02-06,31.5,22.3,27.777312,19.373333,31.5,3.722688,False
2006-02-07,29.4,21.7,27.810323,19.377849,31.5,1.589677,False
2006-02-08,27.9,20.8,27.844194,19.386452,31.5,0.055806,False
2006-02-09,27.5,21.1,27.850538,19.407312,31.5,-0.350538,False
2006-02-10,23.4,18.8,27.833871,19.404301,31.5,-4.433871,False
2006-02-11,22.4,18.5,27.851613,19.402796,31.5,-5.451613,False
2006-02-12,23.1,18.6,27.891613,19.405269,31.5,-4.791613,False
2006-02-13,25.9,19.2,27.88086,19.410968,31.4,-1.98086,False
2006-02-14,27.5,19.8,27.863656,19.394301,31.4,-0.363656,False
2006-02-15,27.0,19.1,27.848172,19.381183,31.4,-0.848172,False
2006-02-16,27.5,19.8,27.805914,19.360323,31.31,-0.305914,False
2006-02-17,28.0,20.3,27.762043,19.338172,31.3,0.237957,False
2006-02-18,26.5,19.9,27.730645,19.31086,31.21,-1.230645,False
2006-02-19,27.8,20.3,27.720968,19.283978,31.2,0.079032,False
2006-02-20,28.0,20.6,27.719892,19.27,31.2,0.280108,False
2006-02-21,27.5,19.2,27.700323,19.262043,31.1,-0.200323,False
2006-02-22,28.4,18.9,27.728602,19.250538,31.0,0.671398,False
2006-02-23,27.1,19.8,27.751505,19.249892,31.0,-0.651505,False
2006-02-24,27.6,20.7,27.726667,19.254086,31.0,-0.126667,False
2006-02-25,27.5,20.9,27.708817,19.241505,30.9,-0.208817,False
2006-02-26,28.5,20.7,27.682903,19.217849,30.9,0.817097,False
2006-02-27,27.9,18.0,27.656022,19.202473,30.81,0.243978,False
2006-02-28,29.0,19.6,27.641183,19.191075,30.8,1.358817,False
2006-03-01,29.8,19.9,27.627419,19.188065,30.71,2.172581,False
2006-03-02,30.7,20.6,27.589677,19.176989,30.7,3.110323,False
2006-03-03,31.6,20.2,27.575376,19.142473,30.7,4.024624,False
2006-03-04,31.5,22.1,27.555054,19.121828,30.6,3.944946,False
2006-03-05,28.9,21.0,27.523978,19.096667,30.6,1.376022,False
2006-03-06,26.4,20.3,27.455914,19.074516,30.6,-1.055914,False
2006-03-07,27.2,19.3,27.376022,19.038387,30.51,-0.176022,False
2006-03-08,28.5,18.1,27.317527,18.989785,30.5,1.182473,False
2006-03-09,29.8,19.7,27.270968,18.96129,30.5,2.529032,False
2006-03-10,26.1,19.8,27.22,18.924194,30.41,-1.12,False
2006-03-11,24.9,18.7,27.17086,18.869785,30.4,-2.27086,False
2006-03-12,24.6,17.9,27.128065,18.820215,30.4,-2.528065,False
2006-03-13,27.1,17.4,27.095054,18.770753,30.4,0.004946,False
2006-03-14,27.0,17.7,27.05043,18.736882,30.3,-0.05043,False
2006-03-15,28.0,18.9,27.001828,18.709677,30.3,0.998172,False
2006-03-16,28.5,20.4,26.976989,18.677957,30.21,1.523011,False
2006-03-17,29.4,19.0,26.966989,18.656022,30.2,2.433011,False
2006-03-18,29.1,20.5,26.934624,18.630108,30.1,2.165376,False
2006-03-19,28.4,19.1,26.905806,18.602043,30.1,1.494194,False
2006-03-20,29.5,20.1,26.870108,18.565699,30.01,2.629892,False
2006-03-21,26.6,19.9,26.830968,18.526452,30.0,-0.230968,False
2006-03-22,26.7,19.8,26.787849,18.489677,30.0,-0.087849,False
2006-03-23,28.3,20.1,26.734516,18.456989,29.9,1.565484,False
2006-03-24,28.2,21.1,26.667312,18.415699,29.8,1.532688,False
2006-03-25,26.8,19.6,26.577957,18.367312,29.7,0.222043,False
2006-03-26,22.7,18.1,26.503441,18.309462,29.7,-3.803441,False
2006-03-27,24.5,18.4,26.492796,18.249355,29.6,-1.992796,False
2006-03-28,28.1,18.2,26.471828,18.197527,29.6,1.628172,False
2006-03-29,22.5,19.1,26.426452,18.152043,29.6,-3.926452,False
2006-03-30,22.5,18.3,26.373011,18.1,29.5,-3.873011,False
2006-03-31,24.4,17.0,26.34172,18.044409,29.5,-1.94172,False
2006-04-01,25.5,16.3,26.322151,17.995914,29.5,-0.822151,False
2006-04-02,24.6,17.4,26.296344,17.935699,29.5,-1.696344,False
2006-04-03,23.9,17.6,26.247634,17.869355,29.5,-2.347634,False
2006-04-04,25.2,15.4,26.216237,17.789892,29.5,-1.016237,False
2006-04-05,25.3,16.3,26.164516,17.720645,29.41,-0.864516,False
2006-04-06,24.0,18.0,26.153656,17.66,29.41,-2.153656,False
2006-04-07,24.6,18.0,26.139677,17.62,29.5,-1.539677,False
2006-04-08,25.9,18.2,26.12043,17.586344,29.41,-0.22043,False
2006-04-09,26.6,18.1,26.103011,17.535914,29.4,0.496989,False
2006-04-10,25.8,18.0,26.077634,17.497204,29.4,-0.277634,False
2006-04-11,25.8,18.4,26.026022,17.463548,29.3,-0.226022,False
2006-04-12,26.2,16.2,25.948495,17.391075,29.21,0.251505,False
2006-04-13,27.6,15.4,25.862688,17.32043,29.2,1.737312,False
2006-04-14,27.3,17.3,25.808495,17.241613,29.2,1.491505,False
2006-04-15,26.7,17.5,25.761828,17.154946,29.1,0.938172,False
2006-04-16,22.7,18.0,25.696452,17.057849,29.1,-2.996452,False
2006-04-17,18.3,15.4,25.624301,16.967849,29.1,-7.324301,False
2006-04-18,19.0,14.1,25.565591,16.880753,29.1,-6.565591,False
2006-04-19,21.6,13.9,25.519677,16.794301,29.0,-3.919677,False
2006-04-20,23.4,13.5,25.465054,16.719247,29.0,-2.065054,False
2006-04-21,25.3,13.2,25.37871,16.643978,28.9,-0.07871,False
2006-04-22,26.8,18.4,25.277097,16.558925,28.8,1.522903,False
2006-04-23,28.4,17.5,25.186667,16.457097,28.71,3.213333,False
2006-04-24,26.8,14.5,25.101398,16.338817,28.7,1.698602,False
2006-04-25,28.1,17.9,25.012043,16.232903,28.7,3.087957,False
2006-04-26,27.8,17.1,24.940753,16.149247,28.6,2.859247,False
2006-04-27,23.7,16.3,24.829355,16.064194,28.4,-1.129355,False
2006-04-28,23.0,14.1,24.710538,15.975914,28.4,-1.710538,False
2006-04-29,26.0,15.6,24.60914,15.897204,28.4,1.39086,False
2006-04-30,26.3,16.7,24.513871,15.806022,28.3,1.786129,False
2006-05-01,26.8,16.4,24.41172,15.718925,28.2,2.38828,False
2006-05-02,23.8,15.6,24.300968,15.619892,28.11,-0.500968,False
2006-05-03,23.3,11.8,24.222473,15.538065,28.1,-0.922473,False
2006-05-04,22.3,9.1,24.116559,15.483011,28.0,-1.816559,False
2006-05-05,20.4,11.0,24.011828,15.415484,27.9,-3.611828,False
2006-05-06,21.7,12.3,23.938495,15.341183,27.8,-2.238495,False
2006-05-07,19.9,13.3,23.864946,15.268925,27.71,-3.964946,False
2006-05-08,19.5,14.0,23.758817,15.169785,27.7,-4.258817,False
2006-05-09,21.2,14.5,23.60828,15.056882,27.5,-2.40828,False
2006-05-10,21.8,13.0,23.468925,14.948925,27.4,-1.668925,False
2006-05-11,21.1,12.4,23.370323,14.85172,27.2,-2.270323,False
2006-05-12,17.9,14.0,23.277204,14.754731,27.2,-5.377204,False
2006-05-13,20.4,12.8,23.200645,14.68828,27.0,-2.800645,False
2006-05-14,20.7,11.8,23.134839,14.621398,26.9,-2.434839,False
2006-05-15,20.4,12.8,23.051183,14.545484,26.8,-2.651183,False
2006-05-16,20.7,13.4,22.958925,14.475591,26.8,-2.258925,False
2006-05-17,23.2,12.2,22.863011,14.408172,26.7,0.336989,False
2006-05-18,25.3,12.8,22.759785,14.338602,26.6,2.540215,False
2006-05-19,25.4,11.3,22.667097,14.269355,26.5,2.732903,False
2006-05-20,19.6,15.0,22.583226,14.201183,26.4,-2.983226,False
2006-05-21,22.4,15.5,22.499462,14.149247,26.3,-0.099462,False
2006-05-22,17.4,15.6,22.469677,14.096774,26.2,-5.069677,False
2006-05-23,15.4,13.9,22.463978,14.054731,26.2,-7.063978,False
2006-05-24,16.1,13.6,22.435161,14.011935,26.2,-6.335161,False
2006-05-25,17.7,12.8,22.41086,13.980753,26.2,-4.71086,False
2006-05-26,22.8,13.5,22.395591,13.961075,26.2,0.404409,False
2006-05-27,24.2,12.9,22.364409,13.920753,26.2,1.835591,False
2006-05-28,26.7,14.1,22.32957,13.86957,26.2,4.37043,False
2006-05-29,24.2,14.4,22.308065,13.807527,26.2,1.891935,False
2006-05-30,26.3,14.9,22.300753,13.74,26.1,3.999247,False
2006-05-31,26.9,14.0,22.29828,13.689355,26.1,4.60172,False
2006-06-01,20.4,15.3,22.288925,13.63871,26.0,-1.888925,False
2006-06-02,19.4,13.1,22.313441,13.616022,26.0,-2.913441,False
2006-06-03,21.9,12.5,22.315914,13.581398,26.0,-0.415914,False
2006-06-04,23.8,12.4,22.328817,13.556237,26.0,1.471183,False
2006-06-05,21.9,14.1,22.301505,13.544624,26.0,-0.401505,False
2006-06-06,23.0,15.4,22.270968,13.519355,25.9,0.729032,False
2006-06-07,24.7,14.7,22.233011,13.476022,25.9,2.466989,False
2006-06-08,24.1,14.2,22.250323,13.43828,25.9,1.849677,False
2006-06-09,24.7,13.1,22.297634,13.427097,25.9,2.402366,False
2006-06-10,24.9,13.3,22.316022,13.423548,26.0,2.583978,False
2006-06-11,23.7,15.0,22.286559,13.405054,26.0,1.413441,False
2006-06-12,20.6,15.2,22.291505,13.372043,26.0,-1.691505,False
2006-06-13,24.3,14.3,22.303656,13.335591,26.0,1.996344,False
2006-06-14,25.0,13.2,22.323226,13.316774,26.0,2.676774,False
2006-06-15,25.4,12.0,22.342043,13.302473,26.0,3.057957,False
2006-06-16,21.7,10.9,22.374086,13.286129,26.0,-0.674086,False
2006-06-17,22.3,14.1,22.430215,13.286129,26.1,-0.130215,False
2006-06-18,22.9,13.9,22.475161,13.287097,26.1,0.424839,False
2006-06-19,24.8,14.2,22.502258,13.279032,26.11,2.297742,False
2006-06-20,24.9,13.6,22.513118,13.26043,26.11,2.386882,False
2006-06-21,25.7,13.9,22.544839,13.239032,26.2,3.155161,False
2006-06-22,25.3,13.6,22.534301,13.201183,26.2,2.765699,False
2006-06-23,25.4,12.7,22.492903,13.163763,26.2,2.907097,False
2006-06-24,24.7,13.9,22.483441,13.130538,26.2,2.216559,False
2006-06-25,25.8,14.0,22.455806,13.102258,26.2,3.344194,False
2006-06-26,19.7,16.9,22.419785,13.068602,26.2,-2.719785,False
2006-06-27,17.6,10.9,22.372903,13.019032,26.2,-4.772903,False
2006-06-28,15.8,9.3,22.35828,12.972473,26.2,-6.55828,False
2006-06-29,17.5,9.9,22.34957,12.948925,26.11,-4.84957,False
2006-06-30,21.4,12.0,22.340108,12.921183,26.1,-0.940108,False
2006-07-01,23.2,12.4,22.325054,12.904624,26.11,0.874946,False
2006-07-02,17.2,14.4,22.317527,12.880968,26.11,-5.117527,False
2006-07-03,21.2,13.4,22.273548,12.84957,26.1,-1.073548,False
2006-07-04,22.9,11.7,22.229677,12.816344,26.1,0.670323,False
2006-07-05,23.6,10.7,22.242473,12.76957,26.2,1.357527,False
2006-07-06,22.6,10.6,22.301398,12.733871,26.21,0.298602,False
2006-07-07,24.7,10.8,22.320753,12.71914,26.31,2.379247,False
2006-07-08,26.4,12.6,22.334516,12.702581,26.4,4.065484,False
2006-07-09,27.1,16.6,22.303978,12.68129,26.4,4.796022,False
2006-07-10,19.1,15.7,22.277527,12.65914,26.4,-3.177527,False
2006-07-11,23.2,15.2,22.27828,12.621935,26.4,0.92172,False
2006-07-12,26.2,14.7,22.299785,12.586774,26.4,3.900215,False
2006-07-13,24.7,14.4,22.317312,12.580108,26.4,2.382688,False
2006-07-14,25.1,12.6,22.341828,12.573763,26.41,2.758172,False
2006-07-15,22.1,13.7,22.332688,12.56043,26.41,-0.232688,False
2006-07-16,21.7,13.2,22.336344,12.53828,26.5,-0.636344,False
2006-07-17,23.2,11.7,22.355914,12.522473,26.5,0.844086,False
2006-07-18,24.6,12.9,22.33086,12.493871,26.6,2.26914,False
2006-07-19,24.9,11.3,22.294839,12.466344,26.6,2.605161,False
2006-07-20,25.1,11.1,22.279462,12.438172,26.6,2.820538,False
2006-07-21,26.4,10.7,22.264839,12.427097,26.6,4.135161,False
2006-07-22,27.3,12.2,22.28172,12.426344,26.7,5.01828,False
2006-07-23,28.2,11.6,22.354086,12.443333,26.7,5.845914,False
2006-07-24,28.3,14.4,22.424301,12.463763,26.8,5.875699,False
2006-07-25,28.0,14.0,22.480323,12.502151,26.8,5.519677,False
2006-07-26,27.8,13.9,22.515591,12.528817,26.81,5.284409,False
2006-07-27,28.5,13.8,22.549462,12.511183,26.9,5.950538,False
2006-07-28,28.5,17.6,22.616774,12.515806,27.1,5.883226,False
2006-07-29,23.8,13.5,22.701398,12.546882,27.2,1.098602,False
2006-07-30,13.5,10.4,22.746774,12.561613,27.2,-9.246774,False
2006-07-31,12.7,10.5,22.772796,12.587527,27.2,-10.072796,False
2006-08-01,16.2,11.4,22.801935,12.60172,27.3,-6.601935,False
2006-08-02,16.9,13.6,22.830215,12.629032,27.4,-5.930215,False
2006-08-03,20.4,13.5,22.88,12.655806,27.4,-2.48,False
2006-08-04,23.4,14.3,22.95129,12.705806,27.5,0.44871,False
2006-08-05,25.4,14.5,22.971505,12.739247,27.5,2.428495,False
2006-08-06,27.9,13.8,22.947849,12.745591,27.5,4.952151,False
2006-08-07,28.2,14.7,22.968817,12.738925,27.5,5.231183,False
2006-08-08,27.1,14.8,23.046882,12.767634,27.6,4.053118,False
2006-08-09,27.2,15.4,23.137312,12.819785,27.8,4.062688,False
2006-08-10,28.8,17.6,23.244409,12.855806,27.9,5.555591,False
2006-08-11,27.6,15.1,23.333333,12.903871,28.0,4.266667,False
2006-08-12,28.1,16.5,23.405914,12.954086,28.01,4.694086,False
2006-08-13,28.3,16.2,23.461935,12.986882,28.2,4.838065,False
2006-08-14,28.4,15.4,23.527312,13.022581,28.31,4.872688,False
2006-08-15,30.0,17.5,23.640968,13.068387,28.5,6.359032,False
2006-08-16,29.9,17.3,23.752581,13.127527,28.7,6.147419,False
2006-08-17,23.8,16.8,23.82,13.195484,28.71,-0.02,False
2006-08-18,25.7,16.3,23.902903,13.256344,28.8,1.797097,False
2006-08-19,20.3,15.5,23.995806,13.303118,28.9,-3.695806,False
2006-08-20,23.6,14.9,24.038172,13.361505,29.0,-0.438172,False
2006-08-21,17.9,9.8,24.101183,13.41172,29.2,-6.201183,False
2006-08-22,20.3,7.8,24.106989,13.44086,29.2,-3.806989,False
2006-08-23,25.8,8.0,24.127312,13.480215,29.3,1.672688,False
2006-08-24,26.7,10.1,24.175376,13.522473,29.5,2.524624,False
2006-08-25,28.8,14.4,24.221935,13.56,29.6,4.578065,False
2006-08-26,28.7,15.8,24.314516,13.61086,29.8,4.385484,False
2006-08-27,24.8,17.4,24.415054,13.7,29.9,0.384946,False
2006-08-28,23.1,14.7,24.475914,13.783548,30.0,-1.375914,False
2006-08-29,16.1,9.3,24.518817,13.855376,30.0,-8.418817,False
2006-08-30,19.8,8.9,24.574731,13.955699,30.1,-4.774731,False
2006-08-31,25.5,10.4,24.640538,14.036989,30.21,0.859462,False
2006-09-01,24.0,15.2,24.68086,14.095484,30.3,-0.68086,False
2006-09-02,23.1,16.0,24.719785,14.148925,30.4,-1.619785,False
2006-09-03,23.5,14.0,24.775484,14.20828,30.5,-1.275484,False
2006-09-04,16.2,8.3,24.854409,14.262796,30.51,-8.654409,False
2006-09-05,13.5,7.1,24.895699,14.339247,30.6,-11.395699,False
2006-09-06,16.0,5.3,24.944301,14.414516,30.6,-8.944301,False
2006-09-07,21.4,10.5,24.977849,14.482258,30.7,-3.577849,False
2006-09-08,26.1,12.0,25.005054,14.52914,30.9,1.094946,False
2006-09-09,26.3,14.1,25.019785,14.57129,31.0,1.280215,False
2006-09-10,26.3,17.3,24.934839,14.609677,31.0,1.365161,False
2006-09-11,30.1,15.1,24.859677,14.626022,31.02,5.240323,False
2006-09-12,32.1,16.9,24.823548,14.645376,31.2,7.276452,False
2006-09-13,30.9,17.6,24.820538,14.699032,31.2,6.079462,False
2006-09-14,32.2,18.0,24.802796,14.749247,31.2,7.397204,False
2006-09-15,34.3,17.5,24.752366,14.797312,31.02,9.547634,False
2006-09-16,23.5,15.7,24.737312,14.860323,31.2,-1.237312,False
2006-09-17,19.7,14.9,24.741828,14.92,31.2,-5.041828,False
2006-09-18,20.6,15.6,24.714301,14.986129,31.21,-4.114301,False
2006-09-19,23.9,14.0,24.716774,15.038387,31.3,-0.816774,False
2006-09-20,24.2,16.0,24.788172,15.091505,31.3,-0.588172,False
2006-09-21,25.1,17.0,24.827419,15.151075,31.3,0.272581,False
2006-09-22,24.6,13.3,24.835591,15.19828,31.3,-0.235591,False
2006-09-23,28.7,14.4,24.798387,15.232043,31.3,3.901613,False
2006-09-24,17.2,13.6,24.797097,15.267527,31.3,-7.597097,False
2006-09-25,18.6,13.2,24.824194,15.315376,31.31,-6.224194,False
2006-09-26,18.2,12.9,24.846452,15.355161,31.3,-6.646452,False
2006-09-27,24.5,14.0,24.897634,15.412258,31.3,-0.397634,False
2006-09-28,26.7,13.1,24.979677,15.486129,31.41,1.720323,False
2006-09-29,20.1,15.4,25.014839,15.565914,31.5,-4.914839,False
2006-09-30,17.8,15.0,25.033441,15.606452,31.5,-7.233441,False
2006-10-01,21.2,15.5,25.091505,15.657527,31.5,-3.891505,False
2006-10-02,22.9,17.3,25.141075,15.734946,31.5,-2.241075,False
2006-10-03,26.6,18.2,25.175699,15.801505,31.5,1.424301,False
2006-10-04,26.8,16.8,25.174624,15.844516,31.5,1.625376,False
2006-10-05,27.8,19.4,25.143656,15.885054,31.5,2.656344,False
2006-10-06,25.1,18.0,25.165484,15.903333,31.5,-0.065484,False
2006-10-07,25.1,17.1,25.190108,15.936882,31.5,-0.090108,False
2006-10-08,23.0,17.4,25.222688,15.990538,31.41,-2.222688,False
2006-10-09,24.9,16.3,25.225806,16.048602,31.3,-0.325806,False
2006-10-10,25.6,17.1,25.251505,16.115054,31.2,0.348495,False
2006-10-11,28.2,17.1,25.376667,16.212688,31.2,2.823333,False
2006-10-12,23.2,19.8,25.495591,16.319892,31.11,-2.295591,False
2006-10-13,22.8,18.9,25.567312,16.388602,31.11,-2.767312,False
2006-10-14,25.9,17.7,25.623763,16.416774,31.3,0.276237,False
2006-10-15,29.0,18.1,25.66086,16.466882,31.4,3.33914,False
2006-10-16,26.0,18.7,25.707634,16.507849,31.41,0.292366,False
2006-10-17,20.1,17.1,25.687527,16.531828,31.4,-5.587527,False
2006-10-18,19.1,15.9,25.673763,16.537312,31.3,-6.573763,False
2006-10-19,19.3,15.7,25.72871,16.549677,31.3,-6.42871,False
2006-10-20,21.0,15.3,25.749892,16.588602,31.4,-4.749892,False
2006-10-21,19.9,13.6,25.72914,16.621613,31.31,-5.82914,False
2006-10-22,24.2,11.0,25.715914,16.64914,31.2,-1.515914,False
2006-10-23,22.9,12.2,25.755269,16.684409,31.11,-2.855269,False
2006-10-24,25.9,14.4,25.814946,16.726452,31.1,0.085054,False
2006-10-25,27.5,15.4,25.859355,16.773011,31.1,1.640645,False
2006-10-26,29.7,18.6,25.880108,16.818817,31.1,3.819892,False
2006-10-27,25.5,16.3,25.887634,16.866667,31.0,-0.387634,False
2006-10-28,27.0,14.9,25.837634,16.896129,30.8,1.162366,False
2006-10-29,24.0,14.5,25.750753,16.91086,30.7,-1.750753,False
2006-10-30,29.6,15.5,25.677742,16.892473,30.51,3.922258,False
2006-10-31,31.7,17.1,25.670108,16.898387,30.5,6.029892,False
2006-11-01,27.8,19.7,25.634086,16.915699,30.4,2.165914,False
2006-11-02,26.0,20.7,25.627742,16.922903,30.4,0.372258,False
2006-11-03,26.1,19.0,25.630215,16.926882,30.4,0.469785,False
2006-11-04,25.3,19.5,25.616344,16.934409,30.3,-0.316344,False
2006-11-05,26.1,17.5,25.603763,16.934839,30.3,0.496237,False
2006-11-06,27.6,16.7,25.607634,16.944839,30.3,1.992366,False
2006-11-07,21.2,15.9,25.626237,16.966237,30.2,-4.426237,False
2006-11-08,20.1,14.6,25.649247,16.985269,30.2,-5.549247,False
2006-11-09,23.3,12.9,25.685591,17.007097,30.2,-2.385591,False
2006-11-10,18.5,12.6,25.71957,17.032366,30.21,-7.21957,False
2006-11-11,21.1,11.9,25.716237,17.045914,30.3,-4.616237,False
2006-11-12,21.3,11.6,25.720538,17.058172,30.3,-4.420538,False
2006-11-13,22.4,15.0,25.720753,17.088602,30.2,-3.320753,False
2006-11-14,22.8,15.1,25.73043,17.12957,30.1,-2.93043,False
2006-11-15,26.8,16.2,25.737419,17.166344,30.1,1.062581,False
2006-11-16,28.0,17.9,25.745269,17.201505,30.0,2.254731,False
2006-11-17,31.1,19.8,25.786667,17.228387,30.0,5.313333,False
2006-11-18,29.1,22.1,25.839462,17.266667,30.0,3.260538,False
2006-11-19,27.8,19.0,25.871935,17.308925,30.0,1.928065,False
2006-11-20,26.5,17.9,25.932796,17.360323,30.0,0.567204,False
2006-11-21,22.1,17.3,25.993548,17.40828,30.0,-3.893548,False
2006-11-22,28.1,15.4,26.050215,17.466344,30.0,2.049785,False
2006-11-23,27.1,16.2,26.117849,17.528172,30.0,0.982151,False
2006-11-24,30.3,15.6,26.136559,17.576452,30.0,4.163441,False
2006-11-25,31.2,20.8,26.129892,17.622043,30.0,5.070108,False
2006-11-26,25.0,19.6,26.107742,17.654624,29.91,-1.107742,False
2006-11-27,26.9,19.8,26.09828,17.692796,29.9,0.80172,False
2006-11-28,25.8,19.9,26.13086,17.722258,29.91,-0.33086,False
2006-11-29,25.3,20.3,26.172151,17.751075,30.0,-0.872151,False
2006-11-30,22.7,18.6,26.24,17.802043,30.0,-3.54,False
2006-12-01,23.1,17.1,26.28828,17.847957,30.0,-3.18828,False
2006-12-02,26.2,16.3,26.322366,17.873978,30.0,-0.122366,False
2006-12-03,28.8,18.1,26.360108,17.909355,30.0,2.439892,False
2006-12-04,25.2,19.9,26.427742,17.956344,30.01,-1.227742,False
2006-12-05,25.6,19.2,26.546452,18.029355,30.11,-0.946452,False
2006-12-06,27.3,19.8,26.637527,18.111398,30.2,0.662473,False
2006-12-07,23.2,18.5,26.695484,18.199032,30.21,-3.495484,False
2006-12-08,26.5,17.0,26.724409,18.264624,30.3,-0.224409,False
2006-12-09,24.8,17.1,26.754194,18.327849,30.3,-1.954194,False
2006-12-10,25.2,17.7,26.750645,18.37172,30.3,-1.550645,False
2006-12-11,24.3,17.3,26.762581,18.403978,30.3,-2.462581,False
2006-12-12,24.0,17.7,26.795591,18.427849,30.31,-2.795591,False
2006-12-13,26.8,18.6,26.823441,18.45871,30.4,-0.023441,False
2006-12-14,27.5,19.7,26.881935,18.501828,30.4,0.618065,False
2006-12-15,27.6,19.9,26.924301,18.560753,30.4,0.675699,False
2006-12-16,29.0,19.3,26.989677,18.615699,30.41,2.010323,False
2006-12-17,30.1,19.7,27.032796,18.670323,30.51,3.067204,False
2006-12-18,29.5,20.8,27.041613,18.720108,30.6,2.458387,False
2006-12-19,30.3,20.6,27.025914,18.766774,30.6,3.274086,False
2006-12-20,27.1,20.4,26.996989,18.800645,30.6,0.103011,False
2006-12-21,26.3,21.5,26.976452,18.82,30.6,-0.676452,False
2006-12-22,27.2,21.2,26.997097,18.851935,30.6,0.202903,False
2006-12-23,23.3,20.6,27.04,18.875806,30.6,-3.74,False
2006-12-24,27.7,20.7,27.054839,18.90086,30.61,0.645161,False
2006-12-25,29.7,21.3,27.098817,18.942581,30.7,2.601183,False
2006-12-26,27.7,21.0,27.152258,18.978602,30.7,0.547742,False
2006-12-27,28.8,18.8,27.207527,19.008172,30.8,1.592473,False
2006-12-28,26.3,20.6,27.237527,19.04043,30.8,-0.937527,False
2006-12-29,25.3,19.3,27.261935,19.073333,30.8,-1.961935,False
2006-12-30,26.0,17.9,27.311075,19.110968,30.8,-1.311075,False
2006-12-31,21.8,20.2,27.334731,19.142258,30.8,-5.534731,False
2007-01-01,23.0,19.1,27.338387,19.167419,30.9,-4.338387,False
2007-01-02,23.7,19.8,27.340538,19.185054,30.9,-3.640538,False
2007-01-03,23.6,19.6,27.354624,19.203441,30.9,-3.754624,False
2007-01-04,25.6,19.7,27.350215,19.227957,30.9,-1.750215,False
2007-01-05,22.6,20.7,27.312796,19.225376,30.9,-4.712796,False
2007-01-06,23.7,20.9,27.293226,19.226882,31.0,-3.593226,False
2007-01-07,27.7,20.7,27.285054,19.226667,31.0,0.414946,False
2007-01-08,25.2,19.8,27.302903,19.234409,31.0,-2.102903,False
2007-01-09,25.3,19.3,27.328817,19.23129,30.91,-2.028817,False
2007-01-10,27.5,18.8,27.376667,19.254409,31.0,0.123333,False
2007-01-11,30.1,17.4,27.375269,19.269247,31.0,2.724731,False
2007-01-12,29.3,18.9,27.344409,19.275054,31.1,1.955591,False
2007-01-13,24.4,20.4,27.355161,19.282796,31.1,-2.955161,False
2007-01-14,28.5,18.5,27.354086,19.301613,31.1,1.145914,False
2007-01-15,22.0,18.1,27.353871,19.31172,31.1,-5.353871,False
2007-01-16,25.2,15.6,27.369032,19.312903,31.1,-2.169032,False
2007-01-17,25.0,17.3,27.416667,19.311828,31.11,-2.416667,False
2007-01-18,23.8,20.0,27.477419,19.331398,31.2,-3.677419,False
2007-01-19,29.0,20.8,27.527527,19.345376,31.2,1.472473,False
2007-01-20,27.5,21.1,27.573118,19.353656,31.2,-0.073118,False
2007-01-21,23.1,19.9,27.628925,19.361828,31.31,-4.528925,False
2007-01-22,23.4,18.8,27.633011,19.367742,31.4,-4.233011,False
2007-01-23,24.7,17.6,27.62172,19.371075,31.4,-2.92172,False
2007-01-24,26.9,17.8,27.634086,19.370215,31.4,-0.734086,False
2007-01-25,26.8,18.8,27.642581,19.370753,31.4,-0.842581,False
2007-01-26,28.8,20.0,27.641613,19.374516,31.4,1.158387,False
2007-01-27,27.0,20.5,27.653441,19.374731,31.5,-0.653441,False
2007-01-28,27.5,21.7,27.671075,19.367742,31.51,-0.171075,False
2007-01-29,26.9,20.5,27.667849,19.353548,31.6,-0.767849,False
2007-01-30,26.0,20.5,27.652796,19.334086,31.6,-1.652796,False
2007-01-31,26.3,18.8,27.644086,19.330108,31.6,-1.344086,False
2007-02-01,29.1,19.7,27.641613,19.327957,31.6,1.458387,False
2007-02-02,28.0,20.2,27.67129,19.339462,31.6,0.32871,False
2007-02-03,27.5,18.4,27.695591,19.344301,31.6,-0.195591,False
2007-02-04,28.7,17.1,27.721075,19.352581,31.6,0.978925,False
2007-02-05,29.4,18.6,27.750538,19.368065,31.51,1.649462,False
2007-02-06,29.9,19.9,27.777312,19.373333,31.5,2.122688,False
2007-02-07,29.4,21.2,27.810323,19.377849,31.5,1.589677,False
2007-02-08,25.4,20.5,27.844194,19.386452,31.5,-2.444194,False
2007-02-09,27.9,20.3,27.850538,19.407312,31.5,0.049462,False
2007-02-10,28.6,21.1,27.833871,19.404301,31.5,0.766129,False
2007-02-11,24.5,18.8,27.851613,19.402796,31.5,-3.351613,False
2007-02-12,22.4,16.3,27.891613,19.405269,31.5,-5.491613,False
2007-02-13,24.5,14.2,27.88086,19.410968,31.4,-3.38086,False
2007-02-14,26.1,15.4,27.863656,19.394301,31.4,-1.763656,False
2007-02-15,27.1,16.8,27.848172,19.381183,31.4,-0.748172,False
2007-02-16,29.6,18.2,27.805914,19.360323,31.31,1.794086,False
2007-02-17,32.1,19.0,27.762043,19.338172,31.3,4.337957,False
2007-02-18,31.5,20.9,27.730645,19.31086,31.21,3.769355,False
2007-02-19,29.0,21.4,27.720968,19.283978,31.2,1.279032,False
2007-02-20,28.4,21.2,27.719892,19.27,31.2,0.680108,False
2007-02-21,28.9,20.9,27.700323,19.262043,31.1,1.199677,False
2007-02-22,30.5,19.9,27.728602,19.250538,31.0,2.771398,False
2007-02-23,31.5,19.4,27.751505,19.249892,31.0,3.748495,False
2007-02-24,30.6,20.5,27.726667,19.254086,31.0,2.873333,False
2007-02-25,29.9,20.2,27.708817,19.241505,30.9,2.191183,False
2007-02-26,26.5,19.1,27.682903,19.217849,30.9,-1.182903,False
2007-02-27,26.8,18.6,27.656022,19.202473,30.81,-0.856022,False
2007-02-28,27.2,20.6,27.641183,19.191075,30.8,-0.441183,False
2007-03-01,29.9,20.1,27.627419,19.188065,30.71,2.272581,False
2007-03-02,30.6,18.9,27.589677,19.176989,30.7,3.010323,False
2007-03-03,29.8,19.8,27.575376,19.142473,30.7,2.224624,False
2007-03-04,30.4,19.2,27.555054,19.121828,30.6,2.844946,False
2007-03-05,30.7,19.5,27.523978,19.096667,30.6,3.176022,False
2007-03-06,30.5,18.4,27.455914,19.074516,30.6,3.044086,False
2007-03-07,30.4,20.3,27.376022,19.038387,30.51,3.023978,False
2007-03-08,31.2,20.3,27.317527,18.989785,30.5,3.882473,True
2007-03-09,31.1,20.0,27.270968,18.96129,30.5,3.829032,True
2007-03-10,30.5,20.9,27.22,18.924194,30.41,3.28,True
2007-03-11,29.5,19.9,27.17086,18.869785,30.4,2.32914,False
2007-03-12,30.0,20.7,27.128065,18.820215,30.4,2.871935,False
2007-03-13,29.6,20.6,27.095054,18.770753,30.4,2.504946,False
2007-03-14,28.4,20.3,27.05043,18.736882,30.3,1.34957,False
2007-03-15,29.1,19.1,27.001828,18.709677,30.3,2.098172,False
2007-03-16,26.9,20.4,26.976989,18.677957,30.21,-0.076989,False
2007-03-17,25.0,19.4,26.966989,18.656022,30.2,-1.966989,False
2007-03-18,25.9,19.5,26.934624,18.630108,30.1,-1.034624,False
2007-03-19,24.2,19.5,26.905806,18.602043,30.1,-2.705806,False
2007-03-20,24.6,18.8,26.870108,18.565699,30.01,-2.270108,False
2007-03-21,27.4,16.5,26.830968,18.526452,30.0,0.569032,False
2007-03-22,26.2,18.4,26.787849,18.489677,30.0,-0.587849,False
2007-03-23,28.1,18.9,26.734516,18.456989,29.9,1.365484,False
2007-03-24,29.8,19.0,26.667312,18.415699,29.8,3.132688,False
2007-03-25,28.8,17.9,26.577957,18.367312,29.7,2.222043,False
2007-03-26,30.0,16.6,26.503441,18.309462,29.7,3.496559,True
2007-03-27,30.5,18.6,26.492796,18.249355,29.6,4.007204,True
2007-03-28,31.7,19.6,26.471828,18.197527,29.6,5.228172,True
2007-03-29,30.7,18.4,26.426452,18.152043,29.6,4.273548,True
2007-03-30,31.1,19.1,26.373011,18.1,29.5,4.726989,True
2007-03-31,31.5,20.0,26.34172,18.044409,29.5,5.15828,True
2007-04-01,30.2,21.2,26.322151,17.995914,29.5,3.877849,False
2007-04-02,30.1,20.1,26.296344,17.935699,29.5,3.803656,False
2007-04-03,30.5,20.5,26.247634,17.869355,29.5,4.252366,False
2007-04-04,28.0,20.2,26.216237,17.789892,29.5,1.783763,False
2007-04-05,25.0,18.9,26.164516,17.720645,29.41,-1.164516,False
2007-04-06,22.7,17.0,26.153656,17.66,29.41,-3.453656,False
2007-04-07,25.5,17.9,26.139677,17.62,29.5,-0.639677,False
2007-04-08,23.3,17.8,26.12043,17.586344,29.41,-2.82043,False
2007-04-09,24.5,18.7,26.103011,17.535914,29.4,-1.603011,False
2007-04-10,25.1,17.5,26.077634,17.497204,29.4,-0.977634,False
2007-04-11,27.9,17.4,26.026022,17.463548,29.3,1.873978,False
2007-04-12,27.9,18.8,25.948495,17.391075,29.21,1.951505,False
2007-04-13,25.2,20.2,25.862688,17.32043,29.2,-0.662688,False
2007-04-14,26.9,19.0,25.808495,17.241613,29.2,1.091505,False
2007-04-15,27.7,17.5,25.761828,17.154946,29.1,1.938172,False
2007-04-16,27.3,18.1,25.696452,17.057849,29.1,1.603548,False
2007-04-17,26.6,17.8,25.624301,16.967849,29.1,0.975699,False
2007-04-18,26.7,16.9,25.565591,16.880753,29.1,1.134409,False
2007-04-19,27.4,17.5,25.519677,16.794301,29.0,1.880323,False
2007-04-20,27.3,17.7,25.465054,16.719247,29.0,1.834946,False
2007-04-21,27.2,19.0,25.37871,16.643978,28.9,1.82129,False
2007-04-22,26.8,19.5,25.277097,16.558925,28.8,1.522903,False
2007-04-23,27.8,19.0,25.186667,16.457097,28.71,2.613333,False
2007-04-24,28.5,19.4,25.101398,16.338817,28.7,3.398602,False
2007-04-25,28.3,19.2,25.012043,16.232903,28.7,3.287957,False
2007-04-26,27.5,21.1,24.940753,16.149247,28.6,2.559247,False
2007-04-27,21.7,15.1,24.829355,16.064194,28.4,-3.129355,False
2007-04-28,19.3,14.7,24.710538,15.975914,28.4,-5.410538,False
2007-04-29,22.3,16.1,24.60914,15.897204,28.4,-2.30914,False
2007-04-30,24.0,16.6,24.513871,15.806022,28.3,-0.513871,False
2007-05-01,25.3,15.1,24.41172,15.718925,28.2,0.88828,False
2007-05-02,26.6,13.3,24.300968,15.619892,28.11,2.299032,False
2007-05-03,24.1,16.6,24.222473,15.538065,28.1,-0.122473,False
2007-05-04,23.0,17.4,24.116559,15.483011,28.0,-1.116559,False
2007-05-05,26.5,16.4,24.011828,15.415484,27.9,2.488172,False
2007-05-06,26.2,15.5,23.938495,15.341183,27.8,2.261505,False
2007-05-07,26.3,15.9,23.864946,15.268925,27.71,2.435054,False
2007-05-08,27.3,16.7,23.758817,15.169785,27.7,3.541183,False
2007-05-09,18.6,9.6,23.60828,15.056882,27.5,-5.00828,False
2007-05-10,17.7,9.6,23.468925,14.948925,27.4,-5.768925,False
2007-05-11,22.1,11.4,23.370323,14.85172,27.2,-1.270323,False
2007-05-12,24.7,14.5,23.277204,14.754731,27.2,1.422796,False
2007-05-13,24.8,14.9,23.200645,14.68828,27.0,1.599355,False
2007-05-14,23.5,16.7,23.134839,14.621398,26.9,0.365161,False
2007-05-15,23.1,15.3,23.051183,14.545484,26.8,0.048817,False
2007-05-16,27.2,15.6,22.958925,14.475591,26.8,4.241075,False
2007-05-17,28.6,16.6,22.863011,14.408172,26.7,5.736989,False
2007-05-18,27.5,17.0,22.759785,14.338602,26.6,4.740215,False
2007-05-19,19.3,15.5,22.667097,14.269355,26.5,-3.367097,False
2007-05-20,21.7,15.3,22.583226,14.201183,26.4,-0.883226,False
2007-05-21,26.6,15.8,22.499462,14.149247,26.3,4.100538,False
2007-05-22,21.3,15.9,22.469677,14.096774,26.2,-1.169677,False
2007-05-23,17.7,16.1,22.463978,14.054731,26.2,-4.763978,False
2007-05-24,15.8,9.8,22.435161,14.011935,26.2,-6.635161,False
2007-05-25,16.8,7.4,22.41086,13.980753,26.2,-5.61086,False
2007-05-26,21.0,9.9,22.395591,13.961075,26.2,-1.395591,False
2007-05-27,17.3,11.8,22.364409,13.920753,26.2,-5.064409,False
2007-05-28,20.6,11.3,22.32957,13.86957,26.2,-1.72957,False
2007-05-29,16.3,11.7,22.308065,13.807527,26.2,-6.008065,False
2007-05-30,13.6,9.1,22.300753,13.74,26.1,-8.700753,False
2007-05-31,18.6,9.5,22.29828,13.689355,26.1,-3.69828,False
2007-06-01,23.7,11.4,22.288925,13.63871,26.0,1.411075,False
2007-06-02,21.5,15.6,22.313441,13.616022,26.0,-0.813441,False
2007-06-03,18.8,13.8,22.315914,13.581398,26.0,-3.515914,False
2007-06-04,18.5,7.4,22.328817,13.556237,26.0,-3.828817,False
2007-06-05,20.7,7.1,22.301505,13.544624,26.0,-1.601505,False
2007-06-06,22.3,6.7,22.270968,13.519355,25.9,0.029032,False
2007-06-07,25.4,13.4,22.233011,13.476022,25.9,3.166989,False
2007-06-08,25.5,15.2,22.250323,13.43828,25.9,3.249677,False
2007-06-09,25.5,14.8,22.297634,13.427097,25.9,3.202366,False
2007-06-10,26.6,13.4,22.316022,13.423548,26.0,4.283978,False
2007-06-11,24.8,13.5,22.286559,13.405054,26.0,2.513441,False
2007-06-12,25.7,13.4,22.291505,13.372043,26.0,3.408495,False
2007-06-13,25.9,12.5,22.303656,13.335591,26.0,3.596344,False
2007-06-14,26.3,14.4,22.323226,13.316774,26.0,3.976774,False
2007-06-15,27.2,14.6,22.342043,13.302473,26.0,4.857957,False
2007-06-16,21.1,15.5,22.374086,13.286129,26.0,-1.274086,False
2007-06-17,25.3,15.3,22.430215,13.286129,26.1,2.869785,False
2007-06-18,25.5,15.6,22.475161,13.287097,26.1,3.024839,False
2007-06-19,24.5,15.3,22.502258,13.279032,26.11,1.997742,False
2007-06-20,24.1,13.8,22.513118,13.26043,26.11,1.586882,False
2007-06-21,24.3,13.0,22.544839,13.239032,26.2,1.755161,False
2007-06-22,24.2,12.0,22.534301,13.201183,26.2,1.665699,False
2007-06-23,24.7,14.7,22.492903,13.163763,26.2,2.207097,False
2007-06-24,24.4,14.2,22.483441,13.130538,26.2,1.916559,False
2007-06-25,16.9,14.5,22.455806,13.102258,26.2,-5.555806,False
2007-06-26,23.9,13.8,22.419785,13.068602,26.2,1.480215,False
2007-06-27,25.2,13.1,22.372903,13.019032,26.2,2.827097,False
2007-06-28,23.1,15.5,22.35828,12.972473,26.2,0.74172,False
2007-06-29,21.1,14.5,22.34957,12.948925,26.11,-1.24957,False
2007-06-30,22.9,13.1,22.340108,12.921183,26.1,0.559892,False
2007-07-01,21.6,11.6,22.325054,12.904624,26.11,-0.725054,False
2007-07-02,22.6,11.1,22.317527,12.880968,26.11,0.282473,False
2007-07-03,22.7,8.7,22.273548,12.84957,26.1,0.426452,False
2007-07-04,25.2,11.7,22.229677,12.816344,26.1,2.970323,False
2007-07-05,26.0,12.3,22.242473,12.76957,26.2,3.757527,False
2007-07-06,26.6,13.9,22.301398,12.733871,26.21,4.298602,False
2007-07-07,26.8,16.4,22.320753,12.71914,26.31,4.479247,False
2007-07-08,26.8,15.5,22.334516,12.702581,26.4,4.465484,False
2007-07-09,26.8,12.9,22.303978,12.68129,26.4,4.496022,False
2007-07-10,26.7,13.6,22.277527,12.65914,26.4,4.422473,False
2007-07-11,19.8,12.0,22.27828,12.621935,26.4,-2.47828,False
2007-07-12,14.7,10.0,22.299785,12.586774,26.4,-7.599785,False
2007-07-13,25.3,12.6,22.317312,12.580108,26.4,2.982688,False
2007-07-14,26.0,15.1,22.341828,12.573763,26.41,3.658172,False
2007-07-15,24.1,16.0,22.332688,12.56043,26.41,1.767312,False
2007-07-16,15.7,12.9,22.336344,12.53828,26.5,-6.636344,False
2007-07-17,17.1,13.3,22.355914,12.522473,26.5,-5.255914,False
2007-07-18,18.2,13.8,22.33086,12.493871,26.6,-4.13086,False
2007-07-19,17.9,9.7,22.294839,12.466344,26.6,-4.394839,False
2007-07-20,22.6,8.6,22.279462,12.438172,26.6,0.320538,False
2007-07-21,25.4,9.5,22.264839,12.427097,26.6,3.135161,False
2007-07-22,27.3,14.4,22.28172,12.426344,26.7,5.01828,False
2007-07-23,23.3,13.6,22.354086,12.443333,26.7,0.945914,False
2007-07-24,14.8,12.2,22.424301,12.463763,26.8,-7.624301,False
2007-07-25,18.1,14.6,22.480323,12.502151,26.8,-4.380323,False
2007-07-26,15.1,9.2,22.515591,12.528817,26.81,-7.415591,False
2007-07-27,17.4,8.0,22.549462,12.511183,26.9,-5.149462,False
2007-07-28,11.6,8.7,22.616774,12.515806,27.1,-11.016774,False
2007-07-29,12.0,6.9,22.701398,12.546882,27.2,-10.701398,False
2007-07-30,15.6,5.5,22.746774,12.561613,27.2,-7.146774,False
2007-07-31,19.2,8.1,22.772796,12.587527,27.2,-3.572796,False
2007-08-01,24.1,10.9,22.801935,12.60172,27.3,1.298065,False
2007-08-02,25.4,12.3,22.830215,12.629032,27.4,2.569785,False
2007-08-03,24.1,11.6,22.88,12.655806,27.4,1.22,False
2007-08-04,24.2,12.2,22.95129,12.705806,27.5,1.24871,False
2007-08-05,18.3,13.1,22.971505,12.739247,27.5,-4.671505,False
2007-08-06,23.5,13.5,22.947849,12.745591,27.5,0.552151,False
2007-08-07,26.8,14.7,22.968817,12.738925,27.5,3.831183,False
2007-08-08,22.1,11.9,23.046882,12.767634,27.6,-0.946882,False
2007-08-09,25.2,12.3,23.137312,12.819785,27.8,2.062688,False
2007-08-10,25.5,15.1,23.244409,12.855806,27.9,2.255591,False
2007-08-11,20.5,13.3,23.333333,12.903871,28.0,-2.833333,False
2007-08-12,19.2,12.5,23.405914,12.954086,28.01,-4.205914,False
2007-08-13,23.9,13.0,23.461935,12.986882,28.2,0.438065,False
2007-08-14,24.7,12.8,23.527312,13.022581,28.31,1.172688,False
2007-08-15,25.8,13.3,23.640968,13.068387,28.5,2.159032,False
2007-08-16,25.6,12.1,23.752581,13.127527,28.7,1.847419,False
2007-08-17,20.9,12.6,23.82,13.195484,28.71,-2.92,False
2007-08-18,24.2,12.2,23.902903,13.256344,28.8,0.297097,False
2007-08-19,23.4,13.3,23.995806,13.303118,28.9,-0.595806,False
2007-08-20,26.1,13.0,24.038172,13.361505,29.0,2.061828,False
2007-08-21,18.1,12.1,24.101183,13.41172,29.2,-6.001183,False
2007-08-22,21.5,10.8,24.106989,13.44086,29.2,-2.606989,False
2007-08-23,25.7,12.2,24.127312,13.480215,29.3,1.572688,False
2007-08-24,27.8,12.7,24.175376,13.522473,29.5,3.624624,False
2007-08-25,28.4,13.1,24.221935,13.56,29.6,4.178065,False
2007-08-26,30.1,15.1,24.314516,13.61086,29.8,5.785484,False
2007-08-27,27.6,16.4,24.415054,13.7,29.9,3.184946,False
2007-08-28,16.9,12.3,24.475914,13.783548,30.0,-7.575914,False
2007-08-29,18.2,12.2,24.518817,13.855376,30.0,-6.318817,False
2007-08-30,18.3,13.8,24.574731,13.955699,30.1,-6.274731,False
2007-08-31,26.2,15.2,24.640538,14.036989,30.21,1.559462,False
2007-09-01,27.5,15.3,24.68086,14.095484,30.3,2.81914,False
2007-09-02,28.7,16.2,24.719785,14.148925,30.4,3.980215,False
2007-09-03,26.8,14.8,24.775484,14.20828,30.5,2.024516,False
2007-09-04,27.2,16.3,24.854409,14.262796,30.51,2.345591,False
2007-09-05,27.3,16.6,24.895699,14.339247,30.6,2.404301,False
2007-09-06,27.1,15.9,24.944301,14.414516,30.6,2.155699,False
2007-09-07,27.3,15.0,24.977849,14.482258,30.7,2.322151,False
2007-09-08,28.2,14.2,25.005054,14.52914,30.9,3.194946,False
2007-09-09,26.6,12.6,25.019785,14.57129,31.0,1.580215,False
2007-09-10,27.7,13.3,24.934839,14.609677,31.0,2.765161,False
2007-09-11,27.1,13.7,24.859677,14.626022,31.02,2.240323,False
2007-09-12,26.8,14.0,24.823548,14.645376,31.2,1.976452,False
2007-09-13,28.0,13.4,24.820538,14.699032,31.2,3.179462,False
2007-09-14,28.9,16.3,24.802796,14.749247,31.2,4.097204,False
2007-09-15,29.2,15.8,24.752366,14.797312,31.02,4.447634,False
2007-09-16,28.9,15.5,24.737312,14.860323,31.2,4.162688,False
2007-09-17,22.0,15.0,24.741828,14.92,31.2,-2.741828,False
2007-09-18,25.8,14.8,24.714301,14.986129,31.21,1.085699,False
2007-09-19,29.8,14.3,24.716774,15.038387,31.3,5.083226,False
2007-09-20,32.3,17.9,24.788172,15.091505,31.3,7.511828,False
2007-09-21,27.3,18.6,24.827419,15.151075,31.3,2.472581,False
2007-09-22,29.7,18.7,24.835591,15.19828,31.3,4.864409,False
2007-09-23,33.5,17.5,24.798387,15.232043,31.3,8.701613,False
2007-09-24,26.3,15.1,24.797097,15.267527,31.3,1.502903,False
2007-09-25,15.9,11.5,24.824194,15.315376,31.31,-8.924194,False
2007-09-26,18.2,12.4,24.846452,15.355161,31.3,-6.646452,False
2007-09-27,27.3,13.2,24.897634,15.412258,31.3,2.402366,False
2007-09-28,26.4,17.3,24.979677,15.486129,31.41,1.420323,False
2007-09-29,21.5,15.6,25.014839,15.565914,31.5,-3.514839,False
2007-09-30,19.2,14.0,25.033441,15.606452,31.5,-5.833441,False
2007-10-01,23.5,13.4,25.091505,15.657527,31.5,-1.591505,False
2007-10-02,25.0,13.3,25.141075,15.734946,31.5,-0.141075,False
2007-10-03,25.0,12.8,25.175699,15.801505,31.5,-0.175699,False
2007-10-04,26.4,13.7,25.174624,15.844516,31.5,1.225376,False
2007-10-05,29.1,14.3,25.143656,15.885054,31.5,3.956344,False
2007-10-06,31.0,15.5,25.165484,15.903333,31.5,5.834516,False
2007-10-07,31.4,18.1,25.190108,15.936882,31.5,6.209892,False
2007-10-08,26.9,16.5,25.222688,15.990538,31.41,1.677312,False
2007-10-09,29.5,16.9,25.225806,16.048602,31.3,4.274194,False
2007-10-10,32.1,17.5,25.251505,16.115054,31.2,6.848495,False
2007-10-11,30.7,17.3,25.376667,16.212688,31.2,5.323333,False
2007-10-12,33.1,16.1,25.495591,16.319892,31.11,7.604409,False
2007-10-13,28.2,21.3,25.567312,16.388602,31.11,2.632688,False
2007-10-14,23.1,17.6,25.623763,16.416774,31.3,-2.523763,False
2007-10-15,26.2,17.2,25.66086,16.466882,31.4,0.53914,False
2007-10-16,31.9,18.4,25.707634,16.507849,31.41,6.192366,False
2007-10-17,26.5,18.7,25.687527,16.531828,31.4,0.812473,False
2007-10-18,23.3,15.9,25.673763,16.537312,31.3,-2.373763,False
2007-10-19,21.4,15.1,25.72871,16.549677,31.3,-4.32871,False
2007-10-20,31.1,16.8,25.749892,16.588602,31.4,5.350108,False
2007-10-21,34.4,18.7,25.72914,16.621613,31.31,8.67086,False
2007-10-22,24.0,17.4,25.715914,16.64914,31.2,-1.715914,False
2007-10-23,20.4,16.7,25.755269,16.684409,31.11,-5.355269,False
2007-10-24,16.8,15.3,25.814946,16.726452,31.1,-9.014946,False
2007-10-25,19.9,15.8,25.859355,16.773011,31.1,-5.959355,False
2007-10-26,26.8,16.9,25.880108,16.818817,31.1,0.919892,False
2007-10-27,28.8,18.7,25.887634,16.866667,31.0,2.912366,False
2007-10-28,28.8,19.0,25.837634,16.896129,30.8,2.962366,False
2007-10-29,32.5,19.5,25.750753,16.91086,30.7,6.749247,False
2007-10-30,30.0,20.0,25.677742,16.892473,30.51,4.322258,False
2007-10-31,31.5,19.1,25.670108,16.898387,30.5,5.829892,False
2007-11-01,31.7,21.1,25.634086,16.915699,30.4,6.065914,False
2007-11-02,28.5,20.3,25.627742,16.922903,30.4,2.872258,False
2007-11-03,26.2,19.2,25.630215,16.926882,30.4,0.569785,False
2007-11-04,20.7,16.8,25.616344,16.934409,30.3,-4.916344,False
2007-11-05,19.8,15.4,25.603763,16.934839,30.3,-5.803763,False
2007-11-06,22.7,16.8,25.607634,16.944839,30.3,-2.907634,False
2007-11-07,24.3,17.7,25.626237,16.966237,30.2,-1.326237,False
2007-11-08,27.4,17.5,25.649247,16.985269,30.2,1.750753,False
2007-11-09,27.8,18.4,25.685591,17.007097,30.2,2.114409,False
2007-11-10,25.9,20.6,25.71957,17.032366,30.21,0.18043,False
2007-11-11,23.4,19.8,25.716237,17.045914,30.3,-2.316237,False
2007-11-12,19.8,15.8,25.720538,17.058172,30.3,-5.920538,False
2007-11-13,24.2,15.8,25.720753,17.088602,30.2,-1.520753,False
2007-11-14,24.9,18.8,25.73043,17.12957,30.1,-0.83043,False
2007-11-15,21.1,16.1,25.737419,17.166344,30.1,-4.637419,False
2007-11-16,18.0,14.2,25.745269,17.201505,30.0,-7.745269,False
2007-11-17,23.9,15.4,25.786667,17.228387,30.0,-1.886667,False
2007-11-18,29.0,16.9,25.839462,17.266667,30.0,3.160538,False
2007-11-19,24.6,20.1,25.871935,17.308925,30.0,-1.271935,False
2007-11-20,27.1,18.0,25.932796,17.360323,30.0,1.167204,False
2007-11-21,24.7,16.2,25.993548,17.40828,30.0,-1.293548,False
2007-11-22,23.1,13.5,26.050215,17.466344,30.0,-2.950215,False
2007-11-23,25.8,13.4,26.117849,17.528172,30.0,-0.317849,False
2007-11-24,29.1,15.2,26.136559,17.576452,30.0,2.963441,False
2007-11-25,27.1,19.3,26.129892,17.622043,30.0,0.970108,False
2007-11-26,26.5,19.0,26.107742,17.654624,29.91,0.392258,False
2007-11-27,24.1,16.9,26.09828,17.692796,29.9,-1.99828,False
2007-11-28,24.7,13.6,26.13086,17.722258,29.91,-1.43086,False
2007-11-29,24.2,12.6,26.172151,17.751075,30.0,-1.972151,False
2007-11-30,25.9,14.0,26.24,17.802043,30.0,-0.34,False
2007-12-01,26.4,14.5,26.28828,17.847957,30.0,0.11172,False
2007-12-02,30.0,14.3,26.322366,17.873978,30.0,3.677634,False
2007-12-03,30.5,16.5,26.360108,17.909355,30.0,4.139892,False
2007-12-04,31.3,18.3,26.427742,17.956344,30.01,4.872258,False
2007-12-05,26.1,20.7,26.546452,18.029355,30.11,-0.446452,False
2007-12-06,26.9,21.3,26.637527,18.111398,30.2,0.262473,False
2007-12-07,23.1,18.3,26.695484,18.199032,30.21,-3.595484,False
2007-12-08,29.1,19.2,26.724409,18.264624,30.3,2.375591,False
2007-12-09,29.5,20.5,26.754194,18.327849,30.3,2.745806,False
2007-12-10,28.6,20.8,26.750645,18.37172,30.3,1.849355,False
2007-12-11,26.1,21.2,26.762581,18.403978,30.3,-0.662581,False
2007-12-12,21.9,17.6,26.795591,18.427849,30.31,-4.895591,False
2007-12-13,20.5,16.3,26.823441,18.45871,30.4,-6.323441,False
2007-12-14,22.0,16.7,26.881935,18.501828,30.4,-4.881935,False
2007-12-15,25.8,17.3,26.924301,18.560753,30.4,-1.124301,False
2007-12-16,27.6,17.7,26.989677,18.615699,30.41,0.610323,False
2007-12-17,25.7,18.4,27.032796,18.670323,30.51,-1.332796,False
2007-12-18,26.5,17.0,27.041613,18.720108,30.6,-0.541613,False
2007-12-19,20.4,17.9,27.025914,18.766774,30.6,-6.625914,False
2007-12-20,24.3,17.1,26.996989,18.800645,30.6,-2.696989,False
2007-12-21,26.6,16.9,26.976452,18.82,30.6,-0.376452,False
2007-12-22,27.8,17.3,26.997097,18.851935,30.6,0.802903,False
2007-12-23,26.2,18.8,27.04,18.875806,30.6,-0.84,False
2007-12-24,27.8,17.8,27.054839,18.90086,30.61,0.745161,False
2007-12-25,27.1,20.0,27.098817,18.942581,30.7,0.001183,False
2007-12-26,29.3,20.5,27.152258,18.978602,30.7,2.147742,False
2007-12-27,31.0,19.7,27.207527,19.008172,30.8,3.792473,True
2007-12-28,32.1,20.1,27.237527,19.04043,30.8,4.862473,True
2007-12-29,32.1,22.8,27.261935,19.073333,30.8,4.838065,True
2007-12-30,32.0,20.5,27.311075,19.110968,30.8,4.688925,True
2007-12-31,32.9,21.5,27.334731,19.142258,30.8,5.565269,True
2008-01-01,30.3,21.3,27.338387,19.167419,30.9,2.961613,False
2008-01-02,28.0,20.2,27.340538,19.185054,30.9,0.659462,False
2008-01-03,28.9,19.8,27.354624,19.203441,30.9,1.545376,False
2008-01-04,29.8,19.7,27.350215,19.227957,30.9,2.449785,False
2008-01-05,26.8,19.6,27.312796,19.225376,30.9,-0.512796,False
2008-01-06,25.6,19.3,27.293226,19.226882,31.0,-1.693226,False
2008-01-07,26.1,17.7,27.285054,19.226667,31.0,-1.185054,False
2008-01-08,26.7,16.7,27.302903,19.234409,31.0,-0.602903,False
2008-01-09,28.7,17.8,27.328817,19.23129,30.91,1.371183,False
2008-01-10,30.1,17.8,27.376667,19.254409,31.0,2.723333,False
2008-01-11,29.7,20.8,27.375269,19.269247,31.0,2.324731,False
2008-01-12,26.9,21.0,27.344409,19.275054,31.1,-0.444409,False
2008-01-13,25.1,19.9,27.355161,19.282796,31.1,-2.255161,False
2008-01-14,25.4,20.0,27.354086,19.301613,31.1,-1.954086,False
2008-01-15,28.4,17.8,27.353871,19.31172,31.1,1.046129,False
2008-01-16,28.9,18.4,27.369032,19.312903,31.1,1.530968,False
2008-01-17,27.1,20.3,27.416667,19.311828,31.11,-0.316667,False
2008-01-18,27.0,20.6,27.477419,19.331398,31.2,-0.477419,False
2008-01-19,26.3,20.5,27.527527,19.345376,31.2,-1.227527,False
2008-01-20,22.5,18.6,27.573118,19.353656,31.2,-5.073118,False
2008-01-21,21.5,17.3,27.628925,19.361828,31.31,-6.128925,False
2008-01-22,21.7,16.6,27.633011,19.367742,31.4,-5.933011,False
2008-01-23,22.2,15.4,27.62172,19.371075,31.4,-5.42172,False
2008-01-24,23.9,16.1,27.634086,19.370215,31.4,-3.734086,False
2008-01-25,23.2,17.7,27.642581,19.370753,31.4,-4.442581,False
2008-01-26,23.3,16.8,27.641613,19.374516,31.4,-4.341613,False
2008-01-27,22.2,16.7,27.653441,19.374731,31.5,-5.453441,False
2008-01-28,21.6,17.1,27.671075,19.367742,31.51,-6.071075,False
2008-01-29,19.6,17.7,27.667849,19.353548,31.6,-8.067849,False
2008-01-30,24.6,17.2,27.652796,19.334086,31.6,-3.052796,False
2008-01-31,24.8,18.4,27.644086,19.330108,31.6,-2.844086,False
2008-02-01,28.9,18.2,27.641613,19.327957,31.6,1.258387,False
2008-02-02,30.8,18.8,27.67129,19.339462,31.6,3.12871,False
2008-02-03,27.9,20.9,27.695591,19.344301,31.6,0.204409,False
2008-02-04,22.1,18.1,27.721075,19.352581,31.6,-5.621075,False
2008-02-05,24.8,16.9,27.750538,19.368065,31.51,-2.950538,False
2008-02-06,23.3,17.5,27.777312,19.373333,31.5,-4.477312,False
2008-02-07,24.9,18.5,27.810323,19.377849,31.5,-2.910323,False
2008-02-08,27.9,18.9,27.844194,19.386452,31.5,0.055806,False
2008-02-09,28.8,18.7,27.850538,19.407312,31.5,0.949462,False
2008-02-10,29.2,20.0,27.833871,19.404301,31.5,1.366129,False
2008-02-11,30.4,20.3,27.851613,19.402796,31.5,2.548387,False
2008-02-12,30.7,20.2,27.891613,19.405269,31.5,2.808387,False
2008-02-13,29.4,19.3,27.88086,19.410968,31.4,1.51914,False
2008-02-14,29.3,19.7,27.863656,19.394301,31.4,1.436344,False
2008-02-15,27.7,20.0,27.848172,19.381183,31.4,-0.148172,False
2008-02-16,28.9,19.3,27.805914,19.360323,31.31,1.094086,False
2008-02-17,28.8,20.6,27.762043,19.338172,31.3,1.037957,False
2008-02-18,26.6,19.1,27.730645,19.31086,31.21,-1.130645,False
2008-02-19,26.8,17.8,27.720968,19.283978,31.2,-0.920968,False
2008-02-20,27.8,17.9,27.719892,19.27,31.2,0.080108,False
2008-02-21,26.4,19.4,27.700323,19.262043,31.1,-1.300323,False
2008-02-22,27.0,19.3,27.728602,19.250538,31.0,-0.728602,False
2008-02-23,25.9,19.4,27.751505,19.249892,31.0,-1.851505,False
2008-02-24,23.6,19.4,27.726667,19.254086,31.0,-4.126667,False
2008-02-25,27.0,18.3,27.708817,19.241505,30.9,-0.708817,False
2008-02-26,25.9,18.0,27.682903,19.217849,30.9,-1.782903,False
2008-02-27,25.1,18.7,27.656022,19.202473,30.81,-2.556022,False
2008-02-28,26.0,17.3,27.641183,19.191075,30.8,-1.641183,False
2008-02-29,25.8,17.5,27.634301,19.18957,30.755,-1.834301,False
2008-03-01,26.5,20.3,27.627419,19.188065,30.71,-1.127419,False
2008-03-02,29.0,19.7,27.589677,19.176989,30.7,1.410323,False
2008-03-03,28.9,20.4,27.575376,19.142473,30.7,1.324624,False
2008-03-04,29.5,18.9,27.555054,19.121828,30.6,1.944946,False
2008-03-05,29.6,18.3,27.523978,19.096667,30.6,2.076022,False
2008-03-06,30.5,17.5,27.455914,19.074516,30.6,3.044086,False
2008-03-07,30.1,19.1,27.376022,19.038387,30.51,2.723978,False
2008-03-08,29.4,19.9,27.317527,18.989785,30.5,2.082473,False
2008-03-09,27.6,19.7,27.270968,18.96129,30.5,0.329032,False
2008-03-10,29.1,19.1,27.22,18.924194,30.41,1.88,False
2008-03-11,26.4,20.7,27.17086,18.869785,30.4,-0.77086,False
2008-03-12,24.4,20.4,27.128065,18.820215,30.4,-2.728065,False
2008-03-13,22.3,19.0,27.095054,18.770753,30.4,-4.795054,False
2008-03-14,21.4,16.8,27.05043,18.736882,30.3,-5.65043,False
2008-03-15,19.8,16.6,27.001828,18.709677,30.3,-7.201828,False
2008-03-16,21.9,16.5,26.976989,18.677957,30.21,-5.076989,False
2008-03-17,19.8,17.6,26.966989,18.656022,30.2,-7.166989,False
2008-03-18,26.8,16.1,26.934624,18.630108,30.1,-0.134624,False
2008-03-19,28.0,18.0,26.905806,18.602043,30.1,1.094194,False
2008-03-20,29.1,19.0,26.870108,18.565699,30.01,2.229892,False
2008-03-21,28.3,19.3,26.830968,18.526452,30.0,1.469032,False
2008-03-22,27.5,20.7,26.787849,18.489677,30.0,0.712151,False
2008-03-23,28.5,17.7,26.734516,18.456989,29.9,1.765484,False
2008-03-24,25.2,19.2,26.667312,18.415699,29.8,-1.467312,False
2008-03-25,25.8,18.9,26.577957,18.367312,29.7,-0.777957,False
2008-03-26,25.5,18.4,26.503441,18.309462,29.7,-1.003441,False
2008-03-27,26.5,18.6,26.492796,18.249355,29.6,0.007204,False
2008-03-28,27.7,17.4,26.471828,18.197527,29.6,1.228172,False
2008-03-29,25.8,17.8,26.426452,18.152043,29.6,-0.626452,False
2008-03-30,23.5,17.4,26.373011,18.1,29.5,-2.873011,False
2008-03-31,25.2,15.3,26.34172,18.044409,29.5,-1.14172,False
2008-04-01,27.1,14.8,26.322151,17.995914,29.5,0.777849,False
2008-04-02,26.6,16.7,26.296344,17.935699,29.5,0.303656,False
2008-04-03,22.4,19.5,26.247634,17.869355,29.5,-3.847634,False
2008-04-04,22.1,17.4,26.216237,17.789892,29.5,-4.116237,False
2008-04-05,22.7,16.0,26.164516,17.720645,29.41,-3.464516,False
2008-04-06,23.4,17.3,26.153656,17.66,29.41,-2.753656,False
2008-04-07,25.1,18.8,26.139677,17.62,29.5,-1.039677,False
2008-04-08,25.8,19.3,26.12043,17.586344,29.41,-0.32043,False
2008-04-09,27.8,19.2,26.103011,17.535914,29.4,1.696989,False
2008-04-10,28.4,20.5,26.077634,17.497204,29.4,2.322366,False
2008-04-11,29.1,18.5,26.026022,17.463548,29.3,3.073978,False
2008-04-12,27.1,19.1,25.948495,17.391075,29.21,1.151505,False
2008-04-13,28.8,17.8,25.862688,17.32043,29.2,2.937312,False
2008-04-14,22.8,18.7,25.808495,17.241613,29.2,-3.008495,False
2008-04-15,19.2,15.6,25.761828,17.154946,29.1,-6.561828,False
2008-04-16,25.4,16.6,25.696452,17.057849,29.1,-0.296452,False
2008-04-17,26.2,18.8,25.624301,16.967849,29.1,0.575699,False
2008-04-18,23.6,16.4,25.565591,16.880753,29.1,-1.965591,False
2008-04-19,23.0,17.6,25.519677,16.794301,29.0,-2.519677,False
2008-04-20,22.2,18.2,25.465054,16.719247,29.0,-3.265054,False
2008-04-21,23.4,17.6,25.37871,16.643978,28.9,-1.97871,False
2008-04-22,24.6,16.7,25.277097,16.558925,28.8,-0.677097,False
2008-04-23,25.1,15.8,25.186667,16.457097,28.71,-0.086667,False
2008-04-24,25.4,14.1,25.101398,16.338817,28.7,0.298602,False
2008-04-25,24.7,15.1,25.012043,16.232903,28.7,-0.312043,False
2008-04-26,26.0,14.7,24.940753,16.149247,28.6,1.059247,False
2008-04-27,27.2,15.3,24.829355,16.064194,28.4,2.370645,False
2008-04-28,28.1,15.9,24.710538,15.975914,28.4,3.389462,False
2008-04-29,25.8,18.0,24.60914,15.897204,28.4,1.19086,False
2008-04-30,19.0,14.0,24.513871,15.806022,28.3,-5.513871,False
2008-05-01,18.1,13.9,24.41172,15.718925,28.2,-6.31172,False
2008-05-02,18.6,15.2,24.300968,15.619892,28.11,-5.700968,False
2008-05-03,18.0,14.1,24.222473,15.538065,28.1,-6.222473,False
2008-05-04,19.1,12.5,24.116559,15.483011,28.0,-5.016559,False
2008-05-05,20.1,12.2,24.011828,15.415484,27.9,-3.911828,False
2008-05-06,20.7,11.1,23.938495,15.341183,27.8,-3.238495,False
2008-05-07,21.7,9.8,23.864946,15.268925,27.71,-2.164946,False
2008-05-08,22.8,9.9,23.758817,15.169785,27.7,-0.958817,False
2008-05-09,18.3,13.7,23.60828,15.056882,27.5,-5.30828,False
2008-05-10,18.3,13.2,23.468925,14.948925,27.4,-5.168925,False
2008-05-11,18.9,12.8,23.370323,14.85172,27.2,-4.470323,False
2008-05-12,18.0,12.7,23.277204,14.754731,27.2,-5.277204,False
2008-05-13,19.3,13.2,23.200645,14.68828,27.0,-3.900645,False
2008-05-14,21.2,14.0,23.134839,14.621398,26.9,-1.934839,False
2008-05-15,23.3,14.4,23.051183,14.545484,26.8,0.248817,False
2008-05-16,23.6,12.3,22.958925,14.475591,26.8,0.641075,False
2008-05-17,20.4,11.6,22.863011,14.408172,26.7,-2.463011,False
2008-05-18,25.7,14.8,22.759785,14.338602,26.6,2.940215,False
2008-05-19,26.0,15.2,22.667097,14.269355,26.5,3.332903,False
2008-05-20,26.2,13.4,22.583226,14.201183,26.4,3.616774,False
2008-05-21,26.6,13.5,22.499462,14.149247,26.3,4.100538,False
2008-05-22,26.3,13.2,22.469677,14.096774,26.2,3.830323,False
2008-05-23,25.8,13.3,22.463978,14.054731,26.2,3.336022,False
2008-05-24,24.7,12.1,22.435161,14.011935,26.2,2.264839,False
2008-05-25,25.1,14.9,22.41086,13.980753,26.2,2.68914,False
2008-05-26,25.1,15.9,22.395591,13.961075,26.2,2.704409,False
2008-05-27,25.4,13.5,22.364409,13.920753,26.2,3.035591,False
2008-05-28,27.0,13.9,22.32957,13.86957,26.2,4.67043,False
2008-05-29,23.0,16.3,22.308065,13.807527,26.2,0.691935,False
2008-05-30,18.9,12.6,22.300753,13.74,26.1,-3.400753,False
2008-05-31,14.4,10.2,22.29828,13.689355,26.1,-7.89828,False
2008-06-01,16.3,11.6,22.288925,13.63871,26.0,-5.988925,False
2008-06-02,19.7,12.4,22.313441,13.616022,26.0,-2.613441,False
2008-06-03,22.5,12.5,22.315914,13.581398,26.0,0.184086,False
2008-06-04,19.8,15.3,22.328817,13.556237,26.0,-2.528817,False
2008-06-05,23.6,13.8,22.301505,13.544624,26.0,1.298495,False
2008-06-06,25.4,14.2,22.270968,13.519355,25.9,3.129032,False
2008-06-07,24.0,14.6,22.233011,13.476022,25.9,1.766989,False
2008-06-08,25.1,16.0,22.250323,13.43828,25.9,2.849677,False
2008-06-09,25.7,15.6,22.297634,13.427097,25.9,3.402366,False
2008-06-10,23.8,17.6,22.316022,13.423548,26.0,1.483978,False
2008-06-11,23.7,12.9,22.286559,13.405054,26.0,1.413441,False
2008-06-12,25.2,15.5,22.291505,13.372043,26.0,2.908495,False
2008-06-13,25.0,16.0,22.303656,13.335591,26.0,2.696344,False
2008-06-14,25.8,16.1,22.323226,13.316774,26.0,3.476774,False
2008-06-15,24.9,16.6,22.342043,13.302473,26.0,2.557957,False
2008-06-16,17.0,9.1,22.374086,13.286129,26.0,-5.374086,False
2008-06-17,20.4,7.9,22.430215,13.286129,26.1,-2.030215,False
2008-06-18,22.6,11.0,22.475161,13.287097,26.1,0.124839,False
2008-06-19,23.9,11.7,22.502258,13.279032,26.11,1.397742,False
2008-06-20,26.2,14.3,22.513118,13.26043,26.11,3.686882,False
2008-06-21,20.8,17.6,22.544839,13.239032,26.2,-1.744839,False
2008-06-22,17.9,12.8,22.534301,13.201183,26.2,-4.634301,False
2008-06-23,14.7,12.0,22.492903,13.163763,26.2,-7.792903,False
2008-06-24,14.3,11.6,22.483441,13.130538,26.2,-8.183441,False
2008-06-25,16.2,12.4,22.455806,13.102258,26.2,-6.255806,False
2008-06-26,20.7,11.1,22.419785,13.068602,26.2,-1.719785,False
2008-06-27,22.1,11.7,22.372903,13.019032,26.2,-0.272903,False
2008-06-28,23.2,11.7,22.35828,12.972473,26.2,0.84172,False
2008-06-29,24.0,12.7,22.34957,12.948925,26.11,1.65043,False
2008-06-30,23.6,13.7,22.340108,12.921183,26.1,1.259892,False
2008-07-01,24.7,11.8,22.325054,12.904624,26.11,2.374946,False
2008-07-02,22.2,14.0,22.317527,12.880968,26.11,-0.117527,False
2008-07-03,23.2,13.3,22.273548,12.84957,26.1,0.926452,False
2008-07-04,21.4,11.9,22.229677,12.816344,26.1,-0.829677,False
2008-07-05,21.1,9.9,22.242473,12.76957,26.2,-1.142473,False
2008-07-06,24.1,11.2,22.301398,12.733871,26.21,1.798602,False
2008-07-07,23.3,10.5,22.320753,12.71914,26.31,0.979247,False
2008-07-08,24.3,8.7,22.334516,12.702581,26.4,1.965484,False
2008-07-09,21.8,10.3,22.303978,12.68129,26.4,-0.503978,False
2008-07-10,21.0,11.0,22.277527,12.65914,26.4,-1.277527,False
2008-07-11,20.9,11.5,22.27828,12.621935,26.4,-1.37828,False
2008-07-12,22.8,10.8,22.299785,12.586774,26.4,0.500215,False
2008-07-13,23.0,10.5,22.317312,12.580108,26.4,0.682688,False
2008-07-14,23.2,10.5,22.341828,12.573763,26.41,0.858172,False
2008-07-15,23.8,9.6,22.332688,12.56043,26.41,1.467312,False
2008-07-16,24.5,9.7,22.336344,12.53828,26.5,2.163656,False
2008-07-17,24.2,8.9,22.355914,12.522473,26.5,1.844086,False
2008-07-18,24.9,10.9,22.33086,12.493871,26.6,2.56914,False
2008-07-19,24.9,11.1,22.294839,12.466344,26.6,2.605161,False
2008-07-20,24.8,11.4,22.279462,12.438172,26.6,2.520538,False
2008-07-21,26.6,11.8,22.264839,12.427097,26.6,4.335161,False
2008-07-22,27.4,13.6,22.28172,12.426344,26.7,5.11828,False
2008-07-23,27.7,15.9,22.354086,12.443333,26.7,5.345914,False
2008-07-24,23.6,14.6,22.424301,12.463763,26.8,1.175699,False
2008-07-25,22.5,13.9,22.480323,12.502151,26.8,0.019677,False
2008-07-26,20.6,9.9,22.515591,12.528817,26.81,-1.915591,False
2008-07-27,26.2,10.3,22.549462,12.511183,26.9,3.650538,False
2008-07-28,27.7,12.9,22.616774,12.515806,27.1,5.083226,False
2008-07-29,26.7,14.1,22.701398,12.546882,27.2,3.998602,False
2008-07-30,26.5,13.7,22.746774,12.561613,27.2,3.753226,False
2008-07-31,26.7,15.3,22.772796,12.587527,27.2,3.927204,False
2008-08-01,27.0,13.4,22.801935,12.60172,27.3,4.198065,False
2008-08-02,25.2,15.9,22.830215,12.629032,27.4,2.369785,False
2008-08-03,20.1,14.9,22.88,12.655806,27.4,-2.78,False
2008-08-04,22.3,13.4,22.95129,12.705806,27.5,-0.65129,False
2008-08-05,24.8,13.6,22.971505,12.739247,27.5,1.828495,False
2008-08-06,23.1,15.1,22.947849,12.745591,27.5,0.152151,False
2008-08-07,26.7,15.6,22.968817,12.738925,27.5,3.731183,False
2008-08-08,17.5,14.8,23.046882,12.767634,27.6,-5.546882,False
2008-08-09,17.2,14.2,23.137312,12.819785,27.8,-5.937312,False
2008-08-10,18.4,13.2,23.244409,12.855806,27.9,-4.844409,False
2008-08-11,25.2,12.5,23.333333,12.903871,28.0,1.866667,False
2008-08-12,27.8,14.3,23.405914,12.954086,28.01,4.394086,False
2008-08-13,21.4,16.3,23.461935,12.986882,28.2,-2.061935,False
2008-08-14,23.5,16.3,23.527312,13.022581,28.31,-0.027312,False
2008-08-15,24.6,14.9,23.640968,13.068387,28.5,0.959032,False
2008-08-16,28.1,16.6,23.752581,13.127527,28.7,4.347419,False
2008-08-17,28.8,16.3,23.82,13.195484,28.71,4.98,False
2008-08-18,28.6,13.2,23.902903,13.256344,28.8,4.697097,False
2008-08-19,27.3,13.8,23.995806,13.303118,28.9,3.304194,False
2008-08-20,27.2,13.0,24.038172,13.361505,29.0,3.161828,False
2008-08-21,27.0,14.1,24.101183,13.41172,29.2,2.898817,False
2008-08-22,24.5,14.6,24.106989,13.44086,29.2,0.393011,False
2008-08-23,19.1,15.7,24.127312,13.480215,29.3,-5.027312,False
2008-08-24,24.8,15.3,24.175376,13.522473,29.5,0.624624,False
2008-08-25,27.3,14.4,24.221935,13.56,29.6,3.078065,False
2008-08-26,25.6,14.7,24.314516,13.61086,29.8,1.285484,False
2008-08-27,24.2,12.4,24.415054,13.7,29.9,-0.215054,False
2008-08-28,28.4,11.9,24.475914,13.783548,30.0,3.924086,False
2008-08-29,27.1,15.3,24.518817,13.855376,30.0,2.581183,False
2008-08-30,15.8,12.2,24.574731,13.955699,30.1,-8.774731,False
2008-08-31,21.3,11.1,24.640538,14.036989,30.21,-3.340538,False
2008-09-01,25.5,11.7,24.68086,14.095484,30.3,0.81914,False
2008-09-02,28.6,11.7,24.719785,14.148925,30.4,3.880215,False
2008-09-03,30.8,13.9,24.775484,14.20828,30.5,6.024516,False
2008-09-04,31.3,16.4,24.854409,14.262796,30.51,6.445591,False
2008-09-05,28.4,16.5,24.895699,14.339247,30.6,3.504301,False
2008-09-06,29.4,17.1,24.944301,14.414516,30.6,4.455699,False
2008-09-07,20.9,16.8,24.977849,14.482258,30.7,-4.077849,False
2008-09-08,18.2,13.2,25.005054,14.52914,30.9,-6.805054,False
2008-09-09,22.7,14.3,25.019785,14.57129,31.0,-2.319785,False
2008-09-10,30.0,15.3,24.934839,14.609677,31.0,5.065161,False
2008-09-11,32.1,17.1,24.859677,14.626022,31.02,7.240323,False
2008-09-12,31.7,19.7,24.823548,14.645376,31.2,6.876452,False
2008-09-13,21.7,17.6,24.820538,14.699032,31.2,-3.120538,False
2008-09-14,18.4,13.6,24.802796,14.749247,31.2,-6.402796,False
2008-09-15,17.7,13.2,24.752366,14.797312,31.02,-7.052366,False
2008-09-16,17.3,13.0,24.737312,14.860323,31.2,-7.437312,False
2008-09-17,18.1,11.0,24.741828,14.92,31.2,-6.641828,False
2008-09-18,19.5,10.4,24.714301,14.986129,31.21,-5.214301,False
2008-09-19,21.9,10.1,24.716774,15.038387,31.3,-2.816774,False
2008-09-20,20.8,12.4,24.788172,15.091505,31.3,-3.988172,False
2008-09-21,21.0,16.2,24.827419,15.151075,31.3,-3.827419,False
2008-09-22,20.5,12.6,24.835591,15.19828,31.3,-4.335591,False
2008-09-23,19.7,11.8,24.798387,15.232043,31.3,-5.098387,False
2008-09-24,18.9,12.9,24.797097,15.267527,31.3,-5.897097,False
2008-09-25,23.2,12.9,24.824194,15.315376,31.31,-1.624194,False
2008-09-26,19.2,13.9,24.846452,15.355161,31.3,-5.646452,False
2008-09-27,20.3,13.7,24.897634,15.412258,31.3,-4.597634,False
2008-09-28,19.6,13.1,24.979677,15.486129,31.41,-5.379677,False
2008-09-29,23.8,11.9,25.014839,15.565914,31.5,-1.214839,False
2008-09-30,22.3,14.4,25.033441,15.606452,31.5,-2.733441,False
2008-10-01,28.3,16.3,25.091505,15.657527,31.5,3.208495,False
2008-10-02,25.3,17.8,25.141075,15.734946,31.5,0.158925,False
2008-10-03,27.2,17.7,25.175699,15.801505,31.5,2.024301,False
2008-10-04,26.0,17.9,25.174624,15.844516,31.5,0.825376,False
2008-10-05,23.1,17.1,25.143656,15.885054,31.5,-2.043656,False
2008-10-06,16.7,15.1,25.165484,15.903333,31.5,-8.465484,False
2008-10-07,21.0,14.9,25.190108,15.936882,31.5,-4.190108,False
2008-10-08,17.0,13.3,25.222688,15.990538,31.41,-8.222688,False
2008-10-09,17.7,12.0,25.225806,16.048602,31.3,-7.525806,False
2008-10-10,23.1,13.1,25.251505,16.115054,31.2,-2.151505,False
2008-10-11,25.9,14.4,25.376667,16.212688,31.2,0.523333,False
2008-10-12,26.1,17.4,25.495591,16.319892,31.11,0.604409,False
2008-10-13,29.9,18.2,25.567312,16.388602,31.11,4.332688,False
2008-10-14,32.1,20.0,25.623763,16.416774,31.3,6.476237,False
2008-10-15,33.0,18.9,25.66086,16.466882,31.4,7.33914,False
2008-10-16,30.0,18.9,25.707634,16.507849,31.41,4.292366,False
2008-10-17,24.1,18.4,25.687527,16.531828,31.4,-1.587527,False
2008-10-18,21.9,17.4,25.673763,16.537312,31.3,-3.773763,False
2008-10-19,18.3,16.4,25.72871,16.549677,31.3,-7.42871,False
2008-10-20,23.7,16.3,25.749892,16.588602,31.4,-2.049892,False
2008-10-21,27.4,17.3,25.72914,16.621613,31.31,1.67086,False
2008-10-22,27.5,18.6,25.715914,16.64914,31.2,1.784086,False
2008-10-23,29.3,18.3,25.755269,16.684409,31.11,3.544731,False
2008-10-24,30.4,19.6,25.814946,16.726452,31.1,4.585054,False
2008-10-25,30.3,18.9,25.859355,16.773011,31.1,4.440645,False
2008-10-26,32.4,19.2,25.880108,16.818817,31.1,6.519892,False
2008-10-27,28.5,21.0,25.887634,16.866667,31.0,2.612366,False
2008-10-28,22.3,17.5,25.837634,16.896129,30.8,-3.537634,False
2008-10-29,28.1,17.1,25.750753,16.91086,30.7,2.349247,False
2008-10-30,26.6,17.6,25.677742,16.892473,30.51,0.922258,False
2008-10-31,19.8,15.9,25.670108,16.898387,30.5,-5.870108,False
2008-11-01,23.6,14.7,25.634086,16.915699,30.4,-2.034086,False
2008-11-02,25.8,17.3,25.627742,16.922903,30.4,0.172258,False
2008-11-03,27.4,19.6,25.630215,16.926882,30.4,1.769785,False
2008-11-04,27.1,16.9,25.616344,16.934409,30.3,1.483656,False
2008-11-05,28.5,17.3,25.603763,16.934839,30.3,2.896237,False
2008-11-06,26.8,19.3,25.607634,16.944839,30.3,1.192366,False
2008-11-07,24.8,19.4,25.626237,16.966237,30.2,-0.826237,False
2008-11-08,26.3,16.9,25.649247,16.985269,30.2,0.650753,False
2008-11-09,27.9,17.8,25.685591,17.007097,30.2,2.214409,False
2008-11-10,25.5,17.8,25.71957,17.032366,30.21,-0.21957,False
2008-11-11,24.1,18.9,25.716237,17.045914,30.3,-1.616237,False
2008-11-12,24.5,17.7,25.720538,17.058172,30.3,-1.220538,False
2008-11-13,23.5,17.3,25.720753,17.088602,30.2,-2.220753,False
2008-11-14,24.9,17.2,25.73043,17.12957,30.1,-0.83043,False
2008-11-15,29.1,18.1,25.737419,17.166344,30.1,3.362581,False
2008-11-16,26.0,18.1,25.745269,17.201505,30.0,0.254731,False
2008-11-17,20.3,17.0,25.786667,17.228387,30.0,-5.486667,False
2008-11-18,23.0,16.2,25.839462,17.266667,30.0,-2.839462,False
2008-11-19,21.0,15.2,25.871935,17.308925,30.0,-4.871935,False
2008-11-20,23.3,13.2,25.932796,17.360323,30.0,-2.632796,False
2008-11-21,24.1,14.3,25.993548,17.40828,30.0,-1.893548,False
2008-11-22,24.2,15.5,26.050215,17.466344,30.0,-1.850215,False
2008-11-23,24.7,15.5,26.117849,17.528172,30.0,-1.417849,False
2008-11-24,24.4,15.9,26.136559,17.576452,30.0,-1.736559,False
2008-11-25,24.2,16.6,26.129892,17.622043,30.0,-1.929892,False
2008-11-26,25.5,17.0,26.107742,17.654624,29.91,-0.607742,False
2008-11-27,25.2,17.6,26.09828,17.692796,29.9,-0.89828,False
2008-11-28,24.3,17.9,26.13086,17.722258,29.91,-1.83086,False
2008-11-29,24.9,17.5,26.172151,17.751075,30.0,-1.272151,False
2008-11-30,25.5,17.5,26.24,17.802043,30.0,-0.74,False
2008-12-01,29.2,17.7,26.28828,17.847957,30.0,2.91172,False
2008-12-02,29.4,19.5,26.322366,17.873978,30.0,3.077634,False
2008-12-03,23.2,15.9,26.360108,17.909355,30.0,-3.160108,False
2008-12-04,22.7,12.8,26.427742,17.956344,30.01,-3.727742,False
2008-12-05,24.6,13.5,26.546452,18.029355,30.11,-1.946452,False
2008-12-06,26.3,13.9,26.637527,18.111398,30.2,-0.337527,False
2008-12-07,27.0,15.5,26.695484,18.199032,30.21,0.304516,False
2008-12-08,29.4,17.1,26.724409,18.264624,30.3,2.675591,False
2008-12-09,30.5,16.4,26.754194,18.327849,30.3,3.745806,False
2008-12-10,30.2,19.8,26.750645,18.37172,30.3,3.449355,False
2008-12-11,25.1,18.6,26.762581,18.403978,30.3,-1.662581,False
2008-12-12,20.7,16.8,26.795591,18.427849,30.31,-6.095591,False
2008-12-13,23.1,15.4,26.823441,18.45871,30.4,-3.723441,False
2008-12-14,23.1,15.4,26.881935,18.501828,30.4,-3.781935,False
2008-12-15,25.2,17.1,26.924301,18.560753,30.4,-1.724301,False
2008-12-16,22.1,17.6,26.989677,18.615699,30.41,-4.889677,False
2008-12-17,23.0,17.0,27.032796,18.670323,30.51,-4.032796,False
2008-12-18,24.3,17.5,27.041613,18.720108,30.6,-2.741613,False
2008-12-19,24.3,16.9,27.025914,18.766774,30.6,-2.725914,False
2008-12-20,25.0,17.3,26.996989,18.800645,30.6,-1.996989,False
2008-12-21,27.2,18.5,26.976452,18.82,30.6,0.223548,False
2008-12-22,28.2,17.7,26.997097,18.851935,30.6,1.202903,False
2008-12-23,28.6,17.7,27.04,18.875806,30.6,1.56,False
2008-12-24,30.1,19.2,27.054839,18.90086,30.61,3.045161,False
2008-12-25,25.1,19.9,27.098817,18.942581,30.7,-1.998817,False
2008-12-26,22.4,17.7,27.152258,18.978602,30.7,-4.752258,False
2008-12-27,21.6,16.6,27.207527,19.008172,30.8,-5.607527,False
2008-12-28,27.3,17.2,27.237527,19.04043,30.8,0.062473,False
2008-12-29,30.4,18.7,27.261935,19.073333,30.8,3.138065,False
2008-12-30,27.7,18.5,27.311075,19.110968,30.8,0.388925,False
2008-12-31,29.0,19.2,27.334731,19.142258,30.8,1.665269,False
2009-01-01,28.6,20.4,27.338387,19.167419,30.9,1.261613,False
2009-01-02,23.4,19.9,27.340538,19.185054,30.9,-3.940538,False
2009-01-03,25.3,19.5,27.354624,19.203441,30.9,-2.054624,False
2009-01-04,21.6,17.1,27.350215,19.227957,30.9,-5.750215,False
2009-01-05,21.2,15.8,27.312796,19.225376,30.9,-6.112796,False
2009-01-06,23.3,15.4,27.293226,19.226882,31.0,-3.993226,False
2009-01-07,26.7,17.0,27.285054,19.226667,31.0,-0.585054,False
2009-01-08,28.6,18.0,27.302903,19.234409,31.0,1.297097,False
2009-01-09,29.1,18.9,27.328817,19.23129,30.91,1.771183,False
2009-01-10,27.3,19.9,27.376667,19.254409,31.0,-0.076667,False
2009-01-11,28.3,20.8,27.375269,19.269247,31.0,0.924731,False
2009-01-12,31.1,20.1,27.344409,19.275054,31.1,3.755591,False
2009-01-13,31.2,20.8,27.355161,19.282796,31.1,3.844839,False
2009-01-14,29.9,20.4,27.354086,19.301613,31.1,2.545914,False
2009-01-15,27.1,19.2,27.353871,19.31172,31.1,-0.253871,False
2009-01-16,28.0,19.5,27.369032,19.312903,31.1,0.630968,False
2009-01-17,25.1,19.4,27.416667,19.311828,31.11,-2.316667,False
2009-01-18,26.1,19.2,27.477419,19.331398,31.2,-1.377419,False
2009-01-19,28.9,20.5,27.527527,19.345376,31.2,1.372473,False
2009-01-20,26.8,20.4,27.573118,19.353656,31.2,-0.773118,False
2009-01-21,23.7,19.1,27.628925,19.361828,31.31,-3.928925,False
2009-01-22,21.5,17.7,27.633011,19.367742,31.4,-6.133011,False
2009-01-23,22.2,16.3,27.62172,19.371075,31.4,-5.42172,False
2009-01-24,24.4,17.4,27.634086,19.370215,31.4,-3.234086,False
2009-01-25,27.3,19.3,27.642581,19.370753,31.4,-0.342581,False
2009-01-26,25.2,19.9,27.641613,19.374516,31.4,-2.441613,False
2009-01-27,24.7,20.0,27.653441,19.374731,31.5,-2.953441,False
2009-01-28,24.0,19.6,27.671075,19.367742,31.51,-3.671075,False
2009-01-29,25.9,20.3,27.667849,19.353548,31.6,-1.767849,False
2009-01-30,26.2,21.0,27.652796,19.334086,31.6,-1.452796,False
2009-01-31,30.0,20.5,27.644086,19.330108,31.6,2.355914,False
2009-02-01,29.9,20.8,27.641613,19.327957,31.6,2.258387,False
2009-02-02,27.8,19.3,27.67129,19.339462,31.6,0.12871,False
2009-02-03,29.7,19.8,27.695591,19.344301,31.6,2.004409,False
2009-02-04,28.1,19.8,27.721075,19.352581,31.6,0.378925,False
2009-02-05,28.2,19.9,27.750538,19.368065,31.51,0.449462,False
2009-02-06,29.8,19.5,27.777312,19.373333,31.5,2.022688,False
2009-02-07,30.1,20.0,27.810323,19.377849,31.5,2.289677,False
2009-02-08,29.0,20.6,27.844194,19.386452,31.5,1.155806,False
2009-02-09,28.1,20.6,27.850538,19.407312,31.5,0.249462,False
2009-02-10,28.5,21.0,27.833871,19.404301,31.5,0.666129,False
2009-02-11,28.6,21.1,27.851613,19.402796,31.5,0.748387,False
2009-02-12,22.3,18.7,27.891613,19.405269,31.5,-5.591613,False
2009-02-13,22.4,17.3,27.88086,19.410968,31.4,-5.48086,False
2009-02-14,23.3,16.9,27.863656,19.394301,31.4,-4.563656,False
2009-02-15,25.4,18.7,27.848172,19.381183,31.4,-2.448172,False
2009-02-16,28.6,20.2,27.805914,19.360323,31.31,0.794086,False
2009-02-17,29.8,21.0,27.762043,19.338172,31.3,2.037957,False
2009-02-18,29.7,19.7,27.730645,19.31086,31.21,1.969355,False
2009-02-19,28.9,20.7,27.720968,19.283978,31.2,1.179032,False
2009-02-20,29.5,20.5,27.719892,19.27,31.2,1.780108,False
2009-02-21,30.2,19.5,27.700323,19.262043,31.1,2.499677,False
2009-02-22,29.8,21.2,27.728602,19.250538,31.0,2.071398,False
2009-02-23,30.8,20.7,27.751505,19.249892,31.0,3.048495,False
2009-02-24,25.3,19.9,27.726667,19.254086,31.0,-2.426667,False
2009-02-25,26.4,19.7,27.708817,19.241505,30.9,-1.308817,False
2009-02-26,27.3,19.9,27.682903,19.217849,30.9,-0.382903,False
2009-02-27,28.8,19.6,27.656022,19.202473,30.81,1.143978,False
2009-02-28,29.8,19.5,27.641183,19.191075,30.8,2.158817,False
2009-03-01,31.3,21.7,27.627419,19.188065,30.71,3.672581,True
2009-03-02,32.7,22.0,27.589677,19.176989,30.7,5.110323,True
2009-03-03,30.9,21.4,27.575376,19.142473,30.7,3.324624,True
2009-03-04,30.4,22.0,27.555054,19.121828,30.6,2.844946,False
2009-03-05,31.9,21.1,27.523978,19.096667,30.6,4.376022,False
2009-03-06,31.8,21.0,27.455914,19.074516,30.6,4.344086,False
2009-03-07,26.8,20.6,27.376022,19.038387,30.51,-0.576022,False
2009-03-08,29.8,19.4,27.317527,18.989785,30.5,2.482473,False
2009-03-09,28.6,19.7,27.270968,18.96129,30.5,1.329032,False
2009-03-10,28.6,19.3,27.22,18.924194,30.41,1.38,False
2009-03-11,25.4,20.0,27.17086,18.869785,30.4,-1.77086,False
2009-03-12,28.4,20.3,27.128065,18.820215,30.4,1.271935,False
2009-03-13,26.3,20.0,27.095054,18.770753,30.4,-0.795054,False
2009-03-14,27.3,19.9,27.05043,18.736882,30.3,0.24957,False
2009-03-15,27.8,18.8,27.001828,18.709677,30.3,0.798172,False
2009-03-16,27.8,17.7,26.976989,18.677957,30.21,0.823011,False
2009-03-17,27.9,18.6,26.966989,18.656022,30.2,0.933011,False
2009-03-18,26.3,18.3,26.934624,18.630108,30.1,-0.634624,False
2009-03-19,25.7,19.3,26.905806,18.602043,30.1,-1.205806,False
2009-03-20,26.5,17.4,26.870108,18.565699,30.01,-0.370108,False
2009-03-21,22.8,17.8,26.830968,18.526452,30.0,-4.030968,False
2009-03-22,24.1,17.6,26.787849,18.489677,30.0,-2.687849,False
2009-03-23,26.3,17.7,26.734516,18.456989,29.9,-0.434516,False
2009-03-24,25.8,18.9,26.667312,18.415699,29.8,-0.867312,False
2009-03-25,25.6,17.4,26.577957,18.367312,29.7,-0.977957,False
2009-03-26,27.1,16.0,26.503441,18.309462,29.7,0.596559,False
2009-03-27,27.9,17.9,26.492796,18.249355,29.6,1.407204,False
2009-03-28,27.1,19.3,26.471828,18.197527,29.6,0.628172,False
2009-03-29,27.2,19.3,26.426452,18.152043,29.6,0.773548,False
2009-03-30,27.4,19.2,26.373011,18.1,29.5,1.026989,False
2009-03-31,27.4,18.7,26.34172,18.044409,29.5,1.05828,False
2009-04-01,26.9,17.6,26.322151,17.995914,29.5,0.577849,False
2009-04-02,25.2,17.7,26.296344,17.935699,29.5,-1.096344,False
2009-04-03,25.8,18.2,26.247634,17.869355,29.5,-0.447634,False
2009-04-04,27.8,17.8,26.216237,17.789892,29.5,1.583763,False
2009-04-05,29.2,20.0,26.164516,17.720645,29.41,3.035484,False
2009-04-06,24.4,20.0,26.153656,17.66,29.41,-1.753656,False
2009-04-07,25.6,18.4,26.139677,17.62,29.5,-0.539677,False
2009-04-08,26.7,18.1,26.12043,17.586344,29.41,0.57957,False
2009-04-09,26.5,18.3,26.103011,17.535914,29.4,0.396989,False
2009-04-10,26.5,17.5,26.077634,17.497204,29.4,0.422366,False
2009-04-11,26.7,15.8,26.026022,17.463548,29.3,0.673978,False
2009-04-12,26.2,16.1,25.948495,17.391075,29.21,0.251505,False
2009-04-13,24.4,18.0,25.862688,17.32043,29.2,-1.462688,False
2009-04-14,24.8,17.5,25.808495,17.241613,29.2,-1.008495,False
2009-04-15,22.7,17.0,25.761828,17.154946,29.1,-3.061828,False
2009-04-16,22.3,15.7,25.696452,17.057849,29.1,-3.396452,False
2009-04-17,23.9,12.5,25.624301,16.967849,29.1,-1.724301,False
2009-04-18,26.1,14.2,25.565591,16.880753,29.1,0.534409,False
2009-04-19,26.7,13.9,25.519677,16.794301,29.0,1.180323,False
2009-04-20,24.7,15.8,25.465054,16.719247,29.0,-0.765054,False
2009-04-21,20.9,17.1,25.37871,16.643978,28.9,-4.47871,False
2009-04-22,25.0,15.6,25.277097,16.558925,28.8,-0.277097,False
2009-04-23,24.5,16.6,25.186667,16.457097,28.71,-0.686667,False
2009-04-24,22.7,15.0,25.101398,16.338817,28.7,-2.401398,False
2009-04-25,23.8,16.5,25.012043,16.232903,28.7,-1.212043,False
2009-04-26,24.5,16.7,24.940753,16.149247,28.6,-0.440753,False
2009-04-27,23.1,16.5,24.829355,16.064194,28.4,-1.729355,False
2009-04-28,24.4,15.9,24.710538,15.975914,28.4,-0.310538,False
2009-04-29,26.0,14.7,24.60914,15.897204,28.4,1.39086,False
2009-04-30,25.1,15.2,24.513871,15.806022,28.3,0.586129,False
2009-05-01,22.5,14.8,24.41172,15.718925,28.2,-1.91172,False
2009-05-02,21.8,15.6,24.300968,15.619892,28.11,-2.500968,False
2009-05-03,23.7,15.2,24.222473,15.538065,28.1,-0.522473,False
2009-05-04,23.4,15.4,24.116559,15.483011,28.0,-0.716559,False
2009-05-05,23.5,13.8,24.011828,15.415484,27.9,-0.511828,False
2009-05-06,25.0,14.4,23.938495,15.341183,27.8,1.061505,False
2009-05-07,24.2,16.0,23.864946,15.268925,27.71,0.335054,False
2009-05-08,24.6,14.5,23.758817,15.169785,27.7,0.841183,False
2009-05-09,25.9,15.4,23.60828,15.056882,27.5,2.29172,False
2009-05-10,24.2,16.8,23.468925,14.948925,27.4,0.731075,False
2009-05-11,25.9,17.6,23.370323,14.85172,27.2,2.529677,False
2009-05-12,26.7,15.6,23.277204,14.754731,27.2,3.422796,False
2009-05-13,27.2,16.2,23.200645,14.68828,27.0,3.999355,False
2009-05-14,26.9,16.8,23.134839,14.621398,26.9,3.765161,False
2009-05-15,19.9,14.2,23.051183,14.545484,26.8,-3.151183,False
2009-05-16,18.3,12.4,22.958925,14.475591,26.8,-4.658925,False
2009-05-17,21.8,11.6,22.863011,14.408172,26.7,-1.063011,False
2009-05-18,24.7,14.3,22.759785,14.338602,26.6,1.940215,False
2009-05-19,23.5,14.5,22.667097,14.269355,26.5,0.832903,False
2009-05-20,21.8,15.4,22.583226,14.201183,26.4,-0.783226,False
2009-05-21,23.8,14.5,22.499462,14.149247,26.3,1.300538,False
2009-05-22,24.4,15.0,22.469677,14.096774,26.2,1.930323,False
2009-05-23,24.4,12.9,22.463978,14.054731,26.2,1.936022,False
2009-05-24,25.2,11.8,22.435161,14.011935,26.2,2.764839,False
2009-05-25,25.3,14.0,22.41086,13.980753,26.2,2.88914,False
2009-05-26,25.9,18.4,22.395591,13.961075,26.2,3.504409,False
2009-05-27,23.9,16.6,22.364409,13.920753,26.2,1.535591,False
2009-05-28,24.7,17.1,22.32957,13.86957,26.2,2.37043,False
2009-05-29,18.4,14.9,22.308065,13.807527,26.2,-3.908065,False
2009-05-30,22.6,14.7,22.300753,13.74,26.1,0.299247,False
2009-05-31,23.5,17.5,22.29828,13.689355,26.1,1.20172,False
2009-06-01,19.7,11.9,22.288925,13.63871,26.0,-2.588925,False
2009-06-02,15.2,8.6,22.313441,13.616022,26.0,-7.113441,False
2009-06-03,16.2,6.4,22.315914,13.581398,26.0,-6.115914,False
2009-06-04,21.1,6.6,22.328817,13.556237,26.0,-1.228817,False
2009-06-05,24.9,10.2,22.301505,13.544624,26.0,2.598495,False
2009-06-06,21.3,14.2,22.270968,13.519355,25.9,-0.970968,False
2009-06-07,17.7,11.9,22.233011,13.476022,25.9,-4.533011,False
2009-06-08,20.4,9.9,22.250323,13.43828,25.9,-1.850323,False
2009-06-09,24.2,11.6,22.297634,13.427097,25.9,1.902366,False
2009-06-10,19.4,13.0,22.316022,13.423548,26.0,-2.916022,False
2009-06-11,20.0,14.6,22.286559,13.405054,26.0,-2.286559,False
2009-06-12,16.5,12.2,22.291505,13.372043,26.0,-5.791505,False
2009-06-13,17.3,10.6,22.303656,13.335591,26.0,-5.003656,False
2009-06-14,18.2,9.7,22.323226,13.316774,26.0,-4.123226,False
2009-06-15,20.8,10.5,22.342043,13.302473,26.0,-1.542043,False
2009-06-16,18.8,10.2,22.374086,13.286129,26.0,-3.574086,False
2009-06-17,20.4,14.6,22.430215,13.286129,26.1,-2.030215,False
2009-06-18,20.0,8.1,22.475161,13.287097,26.1,-2.475161,False
2009-06-19,20.8,11.3,22.502258,13.279032,26.11,-1.702258,False
2009-06-20,23.3,11.4,22.513118,13.26043,26.11,0.786882,False
2009-06-21,23.6,12.8,22.544839,13.239032,26.2,1.055161,False
2009-06-22,23.6,10.1,22.534301,13.201183,26.2,1.065699,False
2009-06-23,23.3,9.6,22.492903,13.163763,26.2,0.807097,False
2009-06-24,19.0,14.9,22.483441,13.130538,26.2,-3.483441,False
2009-06-25,16.7,14.8,22.455806,13.102258,26.2,-5.755806,False
2009-06-26,18.8,13.8,22.419785,13.068602,26.2,-3.619785,False
2009-06-27,19.4,14.1,22.372903,13.019032,26.2,-2.972903,False
2009-06-28,18.5,14.3,22.35828,12.972473,26.2,-3.85828,False
2009-06-29,24.0,13.0,22.34957,12.948925,26.11,1.65043,False
2009-06-30,23.9,15.1,22.340108,12.921183,26.1,1.559892,False
2009-07-01,24.8,14.9,22.325054,12.904624,26.11,2.474946,False
2009-07-02,18.3,14.3,22.317527,12.880968,26.11,-4.017527,False
2009-07-03,17.7,11.4,22.273548,12.84957,26.1,-4.573548,False
2009-07-04,20.1,13.7,22.229677,12.816344,26.1,-2.129677,False
2009-07-05,21.1,12.7,22.242473,12.76957,26.2,-1.142473,False
2009-07-06,23.1,13.9,22.301398,12.733871,26.21,0.798602,False
2009-07-07,24.7,12.6,22.320753,12.71914,26.31,2.379247,False
2009-07-08,23.9,12.7,22.334516,12.702581,26.4,1.565484,False
2009-07-09,24.5,14.5,22.303978,12.68129,26.4,2.196022,False
2009-07-10,22.3,16.6,22.277527,12.65914,26.4,0.022473,False
2009-07-11,19.4,15.7,22.27828,12.621935,26.4,-2.87828,False
2009-07-12,16.4,10.6,22.299785,12.586774,26.4,-5.899785,False
2009-07-13,20.8,8.6,22.317312,12.580108,26.4,-1.517312,False
2009-07-14,20.6,10.7,22.341828,12.573763,26.41,-1.741828,False
2009-07-15,17.2,12.3,22.332688,12.56043,26.41,-5.132688,False
2009-07-16,24.3,13.1,22.336344,12.53828,26.5,1.963656,False
2009-07-17,24.9,14.9,22.355914,12.522473,26.5,2.544086,False
2009-07-18,23.6,15.1,22.33086,12.493871,26.6,1.26914,False
2009-07-19,16.8,12.4,22.294839,12.466344,26.6,-5.494839,False
2009-07-20,17.0,11.9,22.279462,12.438172,26.6,-5.279462,False
2009-07-21,21.7,9.8,22.264839,12.427097,26.6,-0.564839,False
2009-07-22,25.8,15.0,22.28172,12.426344,26.7,3.51828,False
2009-07-23,22.3,14.8,22.354086,12.443333,26.7,-0.054086,False
2009-07-24,16.9,11.5,22.424301,12.463763,26.8,-5.524301,False
2009-07-25,14.9,11.4,22.480323,12.502151,26.8,-7.580323,False
2009-07-26,21.2,13.4,22.515591,12.528817,26.81,-1.315591,False
2009-07-27,21.3,15.1,22.549462,12.511183,26.9,-1.249462,False
2009-07-28,23.2,16.6,22.616774,12.515806,27.1,0.583226,False
2009-07-29,20.9,15.7,22.701398,12.546882,27.2,-1.801398,False
2009-07-30,16.8,14.3,22.746774,12.561613,27.2,-5.946774,False
2009-07-31,16.3,13.5,22.772796,12.587527,27.2,-6.472796,False
2009-08-01,23.1,14.6,22.801935,12.60172,27.3,0.298065,False
2009-08-02,26.8,14.5,22.830215,12.629032,27.4,3.969785,False
2009-08-03,21.6,16.9,22.88,12.655806,27.4,-1.28,False
2009-08-04,21.3,13.1,22.95129,12.705806,27.5,-1.65129,False
2009-08-05,26.0,13.8,22.971505,12.739247,27.5,3.028495,False
2009-08-06,28.3,17.6,22.947849,12.745591,27.5,5.352151,False
2009-08-07,24.2,15.4,22.968817,12.738925,27.5,1.231183,False
2009-08-08,27.9,15.2,23.046882,12.767634,27.6,4.853118,False
2009-08-09,26.5,14.3,23.137312,12.819785,27.8,3.362688,False
2009-08-10,22.7,14.3,23.244409,12.855806,27.9,-0.544409,False
2009-08-11,17.4,11.6,23.333333,12.903871,28.0,-5.933333,False
2009-08-12,21.7,11.9,23.405914,12.954086,28.01,-1.705914,False
2009-08-13,25.3,11.1,23.461935,12.986882,28.2,1.838065,False
2009-08-14,25.6,9.6,23.527312,13.022581,28.31,2.072688,False
2009-08-15,25.8,9.7,23.640968,13.068387,28.5,2.159032,False
2009-08-16,25.4,14.3,23.752581,13.127527,28.7,1.647419,False
2009-08-17,27.6,14.4,23.82,13.195484,28.71,3.78,False
2009-08-18,22.4,16.8,23.902903,13.256344,28.8,-1.502903,False
2009-08-19,21.0,16.1,23.995806,13.303118,28.9,-2.995806,False
2009-08-20,19.4,16.2,24.038172,13.361505,29.0,-4.638172,False
2009-08-21,17.7,11.2,24.101183,13.41172,29.2,-6.401183,False
2009-08-22,17.1,10.2,24.106989,13.44086,29.2,-7.006989,False
2009-08-23,16.5,11.5,24.127312,13.480215,29.3,-7.627312,False
2009-08-24,20.0,13.3,24.175376,13.522473,29.5,-4.175376,False
2009-08-25,19.2,14.2,24.221935,13.56,29.6,-5.021935,False
2009-08-26,21.4,13.5,24.314516,13.61086,29.8,-2.914516,False
2009-08-27,24.4,13.3,24.415054,13.7,29.9,-0.015054,False
2009-08-28,25.1,12.9,24.475914,13.783548,30.0,0.624086,False
2009-08-29,26.3,9.9,24.518817,13.855376,30.0,1.781183,False
2009-08-30,27.2,13.2,24.574731,13.955699,30.1,2.625269,False
2009-08-31,26.8,11.3,24.640538,14.036989,30.21,2.159462,False
2009-09-01,28.8,14.5,24.68086,14.095484,30.3,4.11914,False
2009-09-02,30.1,16.3,24.719785,14.148925,30.4,5.380215,False
2009-09-03,28.3,17.1,24.775484,14.20828,30.5,3.524516,False
2009-09-04,21.3,18.2,24.854409,14.262796,30.51,-3.554409,False
2009-09-05,23.9,17.8,24.895699,14.339247,30.6,-0.995699,False
2009-09-06,20.1,17.7,24.944301,14.414516,30.6,-4.844301,False
2009-09-07,26.9,16.2,24.977849,14.482258,30.7,1.922151,False
2009-09-08,22.2,18.3,25.005054,14.52914,30.9,-2.805054,False
2009-09-09,22.5,18.0,25.019785,14.57129,31.0,-2.519785,False
2009-09-10,21.5,16.9,24.934839,14.609677,31.0,-3.434839,False
2009-09-11,23.1,16.5,24.859677,14.626022,31.02,-1.759677,False
2009-09-12,26.7,16.8,24.823548,14.645376,31.2,1.876452,False
2009-09-13,28.8,16.1,24.820538,14.699032,31.2,3.979462,False
2009-09-14,19.9,16.2,24.802796,14.749247,31.2,-4.902796,False
2009-09-15,21.9,15.0,24.752366,14.797312,31.02,-2.852366,False
2009-09-16,24.9,15.3,24.737312,14.860323,31.2,0.162688,False
2009-09-17,24.2,16.1,24.741828,14.92,31.2,-0.541828,False
2009-09-18,27.0,16.2,24.714301,14.986129,31.21,2.285699,False
2009-09-19,24.8,17.5,24.716774,15.038387,31.3,0.083226,False
2009-09-20,21.3,17.1,24.788172,15.091505,31.3,-3.488172,False
2009-09-21,18.9,15.2,24.827419,15.151075,31.3,-5.927419,False
2009-09-22,20.3,14.5,24.835591,15.19828,31.3,-4.535591,False
2009-09-23,21.1,18.4,24.798387,15.232043,31.3,-3.698387,False
2009-09-24,18.9,13.6,24.797097,15.267527,31.3,-5.897097,False
2009-09-25,20.4,12.0,24.824194,15.315376,31.31,-4.424194,False
2009-09-26,27.0,13.3,24.846452,15.355161,31.3,2.153548,False
2009-09-27,30.3,18.1,24.897634,15.412258,31.3,5.402366,False
2009-09-28,27.9,21.0,24.979677,15.486129,31.41,2.920323,False
2009-09-29,21.3,14.6,25.014839,15.565914,31.5,-3.714839,False
2009-09-30,15.6,12.9,25.033441,15.606452,31.5,-9.433441,False
2009-10-01,21.6,12.4,25.091505,15.657527,31.5,-3.491505,False
2009-10-02,28.8,15.0,25.141075,15.734946,31.5,3.658925,False
2009-10-03,24.1,17.4,25.175699,15.801505,31.5,-1.075699,False
2009-10-04,23.7,17.3,25.174624,15.844516,31.5,-1.474624,False
2009-10-05,29.1,17.5,25.143656,15.885054,31.5,3.956344,False
2009-10-06,28.4,18.6,25.165484,15.903333,31.5,3.234516,False
2009-10-07,24.1,17.8,25.190108,15.936882,31.5,-1.090108,False
2009-10-08,17.9,14.0,25.222688,15.990538,31.41,-7.322688,False
2009-10-09,17.2,13.0,25.225806,16.048602,31.3,-8.025806,False
2009-10-10,18.4,12.2,25.251505,16.115054,31.2,-6.851505,False
2009-10-11,28.0,14.4,25.376667,16.212688,31.2,2.623333,False
2009-10-12,26.8,18.2,25.495591,16.319892,31.11,1.304409,False
2009-10-13,20.8,14.8,25.567312,16.388602,31.11,-4.767312,False
2009-10-14,29.2,14.8,25.623763,16.416774,31.3,3.576237,False
2009-10-15,22.6,18.4,25.66086,16.466882,31.4,-3.06086,False
2009-10-16,20.3,16.4,25.707634,16.507849,31.41,-5.407634,False
2009-10-17,20.0,15.7,25.687527,16.531828,31.4,-5.687527,False
2009-10-18,26.6,17.3,25.673763,16.537312,31.3,0.926237,False
2009-10-19,24.5,17.4,25.72871,16.549677,31.3,-1.22871,False
2009-10-20,25.4,16.5,25.749892,16.588602,31.4,-0.349892,False
2009-10-21,26.6,14.9,25.72914,16.621613,31.31,0.87086,False
2009-10-22,25.8,18.4,25.715914,16.64914,31.2,0.084086,False
2009-10-23,25.5,17.7,25.755269,16.684409,31.11,-0.255269,False
2009-10-24,29.3,16.6,25.814946,16.726452,31.1,3.485054,False
2009-10-25,26.4,18.8,25.859355,16.773011,31.1,0.540645,False
2009-10-26,26.6,17.9,25.880108,16.818817,31.1,0.719892,False
2009-10-27,22.2,17.6,25.887634,16.866667,31.0,-3.687634,False
2009-10-28,21.8,17.3,25.837634,16.896129,30.8,-4.037634,False
2009-10-29,23.5,17.3,25.750753,16.91086,30.7,-2.250753,False
2009-10-30,26.0,18.0,25.677742,16.892473,30.51,0.322258,False
2009-10-31,28.5,18.2,25.670108,16.898387,30.5,2.829892,False
2009-11-01,28.8,17.9,25.634086,16.915699,30.4,3.165914,False
2009-11-02,30.4,18.3,25.627742,16.922903,30.4,4.772258,False
2009-11-03,32.3,17.6,25.630215,16.926882,30.4,6.669785,False
2009-11-04,31.4,17.8,25.616344,16.934409,30.3,5.783656,False
2009-11-05,30.1,21.0,25.603763,16.934839,30.3,4.496237,False
2009-11-06,29.4,20.8,25.607634,16.944839,30.3,3.792366,False
2009-11-07,29.2,21.6,25.626237,16.966237,30.2,3.573763,False
2009-11-08,25.8,20.6,25.649247,16.985269,30.2,0.150753,False
2009-11-09,24.2,20.0,25.685591,17.007097,30.2,-1.485591,False
2009-11-10,28.9,19.1,25.71957,17.032366,30.21,3.18043,False
2009-11-11,28.3,20.3,25.716237,17.045914,30.3,2.583763,False
2009-11-12,28.5,20.0,25.720538,17.058172,30.3,2.779462,False
2009-11-13,29.3,19.5,25.720753,17.088602,30.2,3.579247,False
2009-11-14,30.4,20.3,25.73043,17.12957,30.1,4.66957,False
2009-11-15,26.8,21.2,25.737419,17.166344,30.1,1.062581,False
2009-11-16,26.6,19.4,25.745269,17.201505,30.0,0.854731,False
2009-11-17,25.5,17.5,25.786667,17.228387,30.0,-0.286667,False
2009-11-18,31.3,18.6,25.839462,17.266667,30.0,5.460538,False
2009-11-19,31.7,22.0,25.871935,17.308925,30.0,5.828065,False
2009-11-20,29.6,21.2,25.932796,17.360323,30.0,3.667204,False
2009-11-21,27.3,20.1,25.993548,17.40828,30.0,1.306452,False
2009-11-22,28.7,20.0,26.050215,17.466344,30.0,2.649785,False
2009-11-23,26.6,21.6,26.117849,17.528172,30.0,0.482151,False
2009-11-24,28.9,20.3,26.136559,17.576452,30.0,2.763441,False
2009-11-25,28.8,19.0,26.129892,17.622043,30.0,2.670108,False
2009-11-26,30.6,20.5,26.107742,17.654624,29.91,4.492258,False
2009-11-27,29.1,20.3,26.09828,17.692796,29.9,3.00172,False
2009-11-28,24.8,20.9,26.13086,17.722258,29.91,-1.33086,False
2009-11-29,25.2,20.9,26.172151,17.751075,30.0,-0.972151,False
2009-11-30,29.6,21.0,26.24,17.802043,30.0,3.36,False
2009-12-01,26.1,21.3,26.28828,17.847957,30.0,-0.18828,False
2009-12-02,30.2,21.2,26.322366,17.873978,30.0,3.877634,False
2009-12-03,29.0,20.7,26.360108,17.909355,30.0,2.639892,False
2009-12-04,21.9,17.6,26.427742,17.956344,30.01,-4.527742,False
2009-12-05,21.4,16.5,26.546452,18.029355,30.11,-5.146452,False
2009-12-06,25.6,16.1,26.637527,18.111398,30.2,-1.037527,False
2009-12-07,25.2,18.5,26.695484,18.199032,30.21,-1.495484,False
2009-12-08,22.2,19.8,26.724409,18.264624,30.3,-4.524409,False
2009-12-09,23.0,18.7,26.754194,18.327849,30.3,-3.754194,False
2009-12-10,25.7,17.8,26.750645,18.37172,30.3,-1.050645,False
2009-12-11,29.1,18.8,26.762581,18.403978,30.3,2.337419,False
2009-12-12,27.4,21.0,26.795591,18.427849,30.31,0.604409,False
2009-12-13,21.1,16.4,26.823441,18.45871,30.4,-5.723441,False
2009-12-14,22.3,15.4,26.881935,18.501828,30.4,-4.581935,False
2009-12-15,27.3,18.3,26.924301,18.560753,30.4,0.375699,False
2009-12-16,28.4,18.8,26.989677,18.615699,30.41,1.410323,False
2009-12-17,27.1,18.6,27.032796,18.670323,30.51,0.067204,False
2009-12-18,25.6,17.8,27.041613,18.720108,30.6,-1.441613,False
2009-12-19,26.6,17.8,27.025914,18.766774,30.6,-0.425914,False
2009-12-20,30.3,17.8,26.996989,18.800645,30.6,3.303011,False
2009-12-21,30.7,17.2,26.976452,18.82,30.6,3.723548,False
2009-12-22,30.6,19.1,26.997097,18.851935,30.6,3.602903,False
2009-12-23,30.2,17.8,27.04,18.875806,30.6,3.16,False
2009-12-24,28.2,19.5,27.054839,18.90086,30.61,1.145161,False
2009-12-25,28.3,19.5,27.098817,18.942581,30.7,1.201183,False
2009-12-26,29.2,20.7,27.152258,18.978602,30.7,2.047742,False
2009-12-27,29.3,21.6,27.207527,19.008172,30.8,2.092473,False
2009-12-28,25.7,20.9,27.237527,19.04043,30.8,-1.537527,False
2009-12-29,27.6,21.0,27.261935,19.073333,30.8,0.338065,False
2009-12-30,28.6,21.0,27.311075,19.110968,30.8,1.288925,False
2009-12-31,27.2,20.0,27.334731,19.142258,30.8,-0.134731,False
2010-01-01,23.8,20.0,27.338387,19.167419,30.9,-3.538387,False
2010-01-02,27.7,19.5,27.340538,19.185054,30.9,0.359462,False
2010-01-03,29.8,21.6,27.354624,19.203441,30.9,2.445376,False
2010-01-04,31.2,21.2,27.350215,19.227957,30.9,3.849785,False
2010-01-05,30.9,21.4,27.312796,19.225376,30.9,3.587204,False
2010-01-06,28.3,21.1,27.293226,19.226882,31.0,1.006774,False
2010-01-07,28.5,20.5,27.285054,19.226667,31.0,1.214946,False
2010-01-08,27.6,21.2,27.302903,19.234409,31.0,0.297097,False
2010-01-09,30.8,20.2,27.328817,19.23129,30.91,3.471183,False
2010-01-10,29.9,21.4,27.376667,19.254409,31.0,2.523333,False
2010-01-11,30.3,21.1,27.375269,19.269247,31.0,2.924731,False
2010-01-12,30.3,19.8,27.344409,19.275054,31.1,2.955591,False
2010-01-13,29.4,20.5,27.355161,19.282796,31.1,2.044839,False
2010-01-14,25.3,21.7,27.354086,19.301613,31.1,-2.054086,False
2010-01-15,23.7,19.6,27.353871,19.31172,31.1,-3.653871,False
2010-01-16,27.8,18.1,27.369032,19.312903,31.1,0.430968,False
2010-01-17,28.2,20.0,27.416667,19.311828,31.11,0.783333,False
2010-01-18,28.2,20.4,27.477419,19.331398,31.2,0.722581,False
2010-01-19,29.2,19.9,27.527527,19.345376,31.2,1.672473,False
2010-01-20,29.5,20.8,27.573118,19.353656,31.2,1.926882,False
2010-01-21,24.6,20.5,27.628925,19.361828,31.31,-3.028925,False
2010-01-22,23.4,19.3,27.633011,19.367742,31.4,-4.233011,False
2010-01-23,25.7,18.8,27.62172,19.371075,31.4,-1.92172,False
2010-01-24,26.7,17.7,27.634086,19.370215,31.4,-0.934086,False
2010-01-25,26.7,18.0,27.642581,19.370753,31.4,-0.942581,False
2010-01-26,27.3,18.2,27.641613,19.374516,31.4,-0.341613,False
2010-01-27,28.1,18.7,27.653441,19.374731,31.5,0.446559,False
2010-01-28,27.8,20.6,27.671075,19.367742,31.51,0.128925,False
2010-01-29,22.9,20.2,27.667849,19.353548,31.6,-4.767849,False
2010-01-30,25.9,20.0,27.652796,19.334086,31.6,-1.752796,False
2010-01-31,30.4,20.8,27.644086,19.330108,31.6,2.755914,False
2010-02-01,31.4,19.3,27.641613,19.327957,31.6,3.758387,False
2010-02-02,32.1,19.0,27.67129,19.339462,31.6,4.42871,True
2010-02-03,32.4,20.5,27.695591,19.344301,31.6,4.704409,True
2010-02-04,31.8,20.7,27.721075,19.352581,31.6,4.078925,True
2010-02-05,32.5,19.9,27.750538,19.368065,31.51,4.749462,True
2010-02-06,32.7,21.4,27.777312,19.373333,31.5,4.922688,True
2010-02-07,31.6,20.0,27.810323,19.377849,31.5,3.789677,True
2010-02-08,32.0,21.6,27.844194,19.386452,31.5,4.155806,True
2010-02-09,29.0,21.9,27.850538,19.407312,31.5,1.149462,False
2010-02-10,27.8,20.9,27.833871,19.404301,31.5,-0.033871,False
2010-02-11,29.8,20.1,27.851613,19.402796,31.5,1.948387,False
2010-02-12,30.4,20.4,27.891613,19.405269,31.5,2.508387,False
2010-02-13,31.7,21.0,27.88086,19.410968,31.4,3.81914,True
2010-02-14,32.4,20.9,27.863656,19.394301,31.4,4.536344,True
2010-02-15,32.5,21.0,27.848172,19.381183,31.4,4.651828,True
2010-02-16,31.2,21.6,27.805914,19.360323,31.31,3.394086,False
2010-02-17,29.9,21.1,27.762043,19.338172,31.3,2.137957,False
2010-02-18,24.0,20.5,27.730645,19.31086,31.21,-3.730645,False
2010-02-19,25.5,20.2,27.720968,19.283978,31.2,-2.220968,False
2010-02-20,29.5,19.4,27.719892,19.27,31.2,1.780108,False
2010-02-21,31.1,20.7,27.700323,19.262043,31.1,3.399677,False
2010-02-22,31.5,20.3,27.728602,19.250538,31.0,3.771398,False
2010-02-23,31.8,21.4,27.751505,19.249892,31.0,4.048495,False
2010-02-24,29.9,22.1,27.726667,19.254086,31.0,2.173333,False
2010-02-25,22.9,18.8,27.708817,19.241505,30.9,-4.808817,False
2010-02-26,22.4,17.8,27.682903,19.217849,30.9,-5.282903,False
2010-02-27,25.2,17.5,27.656022,19.202473,30.81,-2.456022,False
2010-02-28,23.3,18.6,27.641183,19.191075,30.8,-4.341183,False
2010-03-01,21.4,17.3,27.627419,19.188065,30.71,-6.227419,False
2010-03-02,21.5,16.9,27.589677,19.176989,30.7,-6.089677,False
2010-03-03,23.2,17.3,27.575376,19.142473,30.7,-4.375376,False
2010-03-04,25.5,18.6,27.555054,19.121828,30.6,-2.055054,False
2010-03-05,25.4,19.5,27.523978,19.096667,30.6,-2.123978,False
2010-03-06,21.6,17.5,27.455914,19.074516,30.6,-5.855914,False
2010-03-07,28.0,15.9,27.376022,19.038387,30.51,0.623978,False
2010-03-08,28.0,17.8,27.317527,18.989785,30.5,0.682473,False
2010-03-09,29.6,18.7,27.270968,18.96129,30.5,2.329032,False
2010-03-10,30.8,19.4,27.22,18.924194,30.41,3.58,False
2010-03-11,30.2,20.5,27.17086,18.869785,30.4,3.02914,False
2010-03-12,31.3,21.1,27.128065,18.820215,30.4,4.171935,False
2010-03-13,31.3,20.7,27.095054,18.770753,30.4,4.204946,False
2010-03-14,28.8,21.0,27.05043,18.736882,30.3,1.74957,False
2010-03-15,27.3,20.4,27.001828,18.709677,30.3,0.298172,False
2010-03-16,27.5,19.9,26.976989,18.677957,30.21,0.523011,False
2010-03-17,24.0,18.7,26.966989,18.656022,30.2,-2.966989,False
2010-03-18,27.9,17.4,26.934624,18.630108,30.1,0.965376,False
2010-03-19,29.5,19.8,26.905806,18.602043,30.1,2.594194,False
2010-03-20,30.4,19.3,26.870108,18.565699,30.01,3.529892,False
2010-03-21,27.4,20.0,26.830968,18.526452,30.0,0.569032,False
2010-03-22,30.0,19.7,26.787849,18.489677,30.0,3.212151,False
2010-03-23,29.6,20.4,26.734516,18.456989,29.9,2.865484,False
2010-03-24,30.3,20.1,26.667312,18.415699,29.8,3.632688,False
2010-03-25,29.0,19.9,26.577957,18.367312,29.7,2.422043,False
2010-03-26,28.6,21.1,26.503441,18.309462,29.7,2.096559,False
2010-03-27,29.2,19.5,26.492796,18.249355,29.6,2.707204,False
2010-03-28,29.0,19.9,26.471828,18.197527,29.6,2.528172,False
2010-03-29,28.5,19.3,26.426452,18.152043,29.6,2.073548,False
2010-03-30,26.9,19.3,26.373011,18.1,29.5,0.526989,False
2010-03-31,26.0,19.1,26.34172,18.044409,29.5,-0.34172,False
2010-04-01,25.9,18.8,26.322151,17.995914,29.5,-0.422151,False
2010-04-02,26.9,19.1,26.296344,17.935699,29.5,0.603656,False
2010-04-03,23.7,19.7,26.247634,17.869355,29.5,-2.547634,False
2010-04-04,26.2,20.0,26.216237,17.789892,29.5,-0.016237,False
2010-04-05,21.4,17.3,26.164516,17.720645,29.41,-4.764516,False
2010-04-06,17.2,13.8,26.153656,17.66,29.41,-8.953656,False
2010-04-07,18.8,13.4,26.139677,17.62,29.5,-7.339677,False
2010-04-08,20.1,13.5,26.12043,17.586344,29.41,-6.02043,False
2010-04-09,19.9,14.1,26.103011,17.535914,29.4,-6.203011,False
2010-04-10,20.8,14.0,26.077634,17.497204,29.4,-5.277634,False
2010-04-11,22.7,13.6,26.026022,17.463548,29.3,-3.326022,False
2010-04-12,24.5,14.2,25.948495,17.391075,29.21,-1.448495,False
2010-04-13,25.1,14.2,25.862688,17.32043,29.2,-0.762688,False
2010-04-14,26.3,15.4,25.808495,17.241613,29.2,0.491505,False
2010-04-15,26.1,16.4,25.761828,17.154946,29.1,0.338172,False
2010-04-16,27.3,15.3,25.696452,17.057849,29.1,1.603548,False
2010-04-17,28.8,15.7,25.624301,16.967849,29.1,3.175699,False
2010-04-18,27.5,15.7,25.565591,16.880753,29.1,1.934409,False
2010-04-19,29.1,14.0,25.519677,16.794301,29.0,3.580323,False
2010-04-20,29.3,15.4,25.465054,16.719247,29.0,3.834946,False
2010-04-21,29.5,17.2,25.37871,16.643978,28.9,4.12129,False
2010-04-22,29.9,18.3,25.277097,16.558925,28.8,4.622903,False
2010-04-23,27.9,18.8,25.186667,16.457097,28.71,2.713333,False
2010-04-24,22.9,18.1,25.101398,16.338817,28.7,-2.201398,False
2010-04-25,27.9,19.3,25.012043,16.232903,28.7,2.887957,False
2010-04-26,28.6,18.6,24.940753,16.149247,28.6,3.659247,False
2010-04-27,25.0,18.3,24.829355,16.064194,28.4,0.170645,False
2010-04-28,23.6,17.5,24.710538,15.975914,28.4,-1.110538,False
2010-04-29,21.6,16.4,24.60914,15.897204,28.4,-3.00914,False
2010-04-30,22.6,15.5,24.513871,15.806022,28.3,-1.913871,False
2010-05-01,23.3,13.0,24.41172,15.718925,28.2,-1.11172,False
2010-05-02,25.5,13.2,24.300968,15.619892,28.11,1.199032,False
2010-05-03,28.0,14.0,24.222473,15.538065,28.1,3.777527,False
2010-05-04,27.7,16.1,24.116559,15.483011,28.0,3.583441,False
2010-05-05,27.2,17.9,24.011828,15.415484,27.9,3.188172,False
2010-05-06,28.3,16.8,23.938495,15.341183,27.8,4.361505,False
2010-05-07,29.3,15.5,23.864946,15.268925,27.71,5.435054,False
2010-05-08,23.6,17.7,23.758817,15.169785,27.7,-0.158817,False
2010-05-09,19.0,14.6,23.60828,15.056882,27.5,-4.60828,False
2010-05-10,19.0,12.9,23.468925,14.948925,27.4,-4.468925,False
2010-05-11,21.6,11.9,23.370323,14.85172,27.2,-1.770323,False
2010-05-12,18.1,11.7,23.277204,14.754731,27.2,-5.177204,False
2010-05-13,19.9,10.7,23.200645,14.68828,27.0,-3.300645,False
2010-05-14,20.2,12.0,23.134839,14.621398,26.9,-2.934839,False
2010-05-15,24.4,13.9,23.051183,14.545484,26.8,1.348817,False
2010-05-16,25.6,12.6,22.958925,14.475591,26.8,2.641075,False
2010-05-17,21.2,14.8,22.863011,14.408172,26.7,-1.663011,False
2010-05-18,23.7,15.4,22.759785,14.338602,26.6,0.940215,False
2010-05-19,18.9,15.6,22.667097,14.269355,26.5,-3.767097,False
2010-05-20,18.0,12.3,22.583226,14.201183,26.4,-4.583226,False
2010-05-21,19.6,11.8,22.499462,14.149247,26.3,-2.899462,False
2010-05-22,22.2,12.3,22.469677,14.096774,26.2,-0.269677,False
2010-05-23,21.6,14.8,22.463978,14.054731,26.2,-0.863978,False
2010-05-24,24.1,14.9,22.435161,14.011935,26.2,1.664839,False
2010-05-25,25.2,17.6,22.41086,13.980753,26.2,2.78914,False
2010-05-26,23.1,17.0,22.395591,13.961075,26.2,0.704409,False
2010-05-27,19.6,15.0,22.364409,13.920753,26.2,-2.764409,False
2010-05-28,21.1,14.0,22.32957,13.86957,26.2,-1.22957,False
2010-05-29,24.2,13.9,22.308065,13.807527,26.2,1.891935,False
2010-05-30,25.8,15.1,22.300753,13.74,26.1,3.499247,False
2010-05-31,20.3,13.7,22.29828,13.689355,26.1,-1.99828,False
2010-06-01,17.1,11.8,22.288925,13.63871,26.0,-5.188925,False
2010-06-02,19.4,12.1,22.313441,13.616022,26.0,-2.913441,False
2010-06-03,20.6,13.4,22.315914,13.581398,26.0,-1.715914,False
2010-06-04,22.9,13.0,22.328817,13.556237,26.0,0.571183,False
2010-06-05,22.4,14.2,22.301505,13.544624,26.0,0.098495,False
2010-06-06,19.4,8.8,22.270968,13.519355,25.9,-2.870968,False
2010-06-07,21.3,7.8,22.233011,13.476022,25.9,-0.933011,False
2010-06-08,20.3,7.6,22.250323,13.43828,25.9,-1.950323,False
2010-06-09,19.7,10.4,22.297634,13.427097,25.9,-2.597634,False
2010-06-10,18.5,13.4,22.316022,13.423548,26.0,-3.816022,False
2010-06-11,17.2,12.5,22.286559,13.405054,26.0,-5.086559,False
2010-06-12,16.1,11.2,22.291505,13.372043,26.0,-6.191505,False
2010-06-13,18.7,8.1,22.303656,13.335591,26.0,-3.603656,False
2010-06-14,21.4,9.0,22.323226,13.316774,26.0,-0.923226,False
2010-06-15,23.6,8.2,22.342043,13.302473,26.0,1.257957,False
2010-06-16,24.9,10.1,22.374086,13.286129,26.0,2.525914,False
2010-06-17,26.9,13.8,22.430215,13.286129,26.1,4.469785,False
2010-06-18,26.9,12.6,22.475161,13.287097,26.1,4.424839,False
2010-06-19,28.3,13.5,22.502258,13.279032,26.11,5.797742,False
2010-06-20,28.5,17.3,22.513118,13.26043,26.11,5.986882,False
2010-06-21,25.0,14.4,22.544839,13.239032,26.2,2.455161,False
2010-06-22,16.3,14.2,22.534301,13.201183,26.2,-6.234301,False
2010-06-23,19.8,13.1,22.492903,13.163763,26.2,-2.692903,False
2010-06-24,26.4,12.8,22.483441,13.130538,26.2,3.916559,False
2010-06-25,26.9,13.6,22.455806,13.102258,26.2,4.444194,False
2010-06-26,23.9,14.0,22.419785,13.068602,26.2,1.480215,False
2010-06-27,24.7,11.1,22.372903,13.019032,26.2,2.327097,False
2010-06-28,24.5,10.1,22.35828,12.972473,26.2,2.14172,False
2010-06-29,22.4,13.9,22.34957,12.948925,26.11,0.05043,False
2010-06-30,24.8,12.1,22.340108,12.921183,26.1,2.459892,False
2010-07-01,24.2,10.4,22.325054,12.904624,26.11,1.874946,False
2010-07-02,24.3,11.5,22.317527,12.880968,26.11,1.982473,False
2010-07-03,24.9,11.8,22.273548,12.84957,26.1,2.626452,False
2010-07-04,24.2,12.4,22.229677,12.816344,26.1,1.970323,False
2010-07-05,25.5,12.6,22.242473,12.76957,26.2,3.257527,False
2010-07-06,26.7,12.2,22.301398,12.733871,26.21,4.398602,False
2010-07-07,24.9,11.3,22.320753,12.71914,26.31,2.579247,False
2010-07-08,25.4,12.3,22.334516,12.702581,26.4,3.065484,False
2010-07-09,25.6,13.7,22.303978,12.68129,26.4,3.296022,False
2010-07-10,21.6,14.5,22.277527,12.65914,26.4,-0.677527,False
2010-07-11,26.0,14.9,22.27828,12.621935,26.4,3.72172,False
2010-07-12,28.5,15.7,22.299785,12.586774,26.4,6.200215,False
2010-07-13,20.8,16.6,22.317312,12.580108,26.4,-1.517312,False
2010-07-14,15.9,11.8,22.341828,12.573763,26.41,-6.441828,False
2010-07-15,15.8,11.6,22.332688,12.56043,26.41,-6.532688,False
2010-07-16,15.4,13.9,22.336344,12.53828,26.5,-6.936344,False
2010-07-17,19.1,13.7,22.355914,12.522473,26.5,-3.255914,False
2010-07-18,21.7,15.7,22.33086,12.493871,26.6,-0.63086,False
2010-07-19,24.9,15.0,22.294839,12.466344,26.6,2.605161,False
2010-07-20,25.8,15.2,22.279462,12.438172,26.6,3.520538,False
2010-07-21,26.6,15.4,22.264839,12.427097,26.6,4.335161,False
2010-07-22,28.0,15.6,22.28172,12.426344,26.7,5.71828,False
2010-07-23,26.7,15.7,22.354086,12.443333,26.7,4.345914,False
2010-07-24,22.8,16.3,22.424301,12.463763,26.8,0.375699,False
2010-07-25,23.6,14.7,22.480323,12.502151,26.8,1.119677,False
2010-07-26,24.8,12.9,22.515591,12.528817,26.81,2.284409,False
2010-07-27,20.0,14.7,22.549462,12.511183,26.9,-2.549462,False
2010-07-28,22.7,14.1,22.616774,12.515806,27.1,0.083226,False
2010-07-29,25.6,15.4,22.701398,12.546882,27.2,2.898602,False
2010-07-30,25.3,16.7,22.746774,12.561613,27.2,2.553226,False
2010-07-31,26.2,14.2,22.772796,12.587527,27.2,3.427204,False
2010-08-01,25.5,15.9,22.801935,12.60172,27.3,2.698065,False
2010-08-02,16.3,14.4,22.830215,12.629032,27.4,-6.530215,False
2010-08-03,15.0,13.3,22.88,12.655806,27.4,-7.88,False
2010-08-04,14.2,12.3,22.95129,12.705806,27.5,-8.75129,False
2010-08-05,17.9,10.8,22.971505,12.739247,27.5,-5.071505,False
2010-08-06,15.7,10.9,22.947849,12.745591,27.5,-7.247849,False
2010-08-07,21.2,9.8,22.968817,12.738925,27.5,-1.768817,False
2010-08-08,26.2,8.8,23.046882,12.767634,27.6,3.153118,False
2010-08-09,19.2,11.9,23.137312,12.819785,27.8,-3.937312,False
2010-08-10,20.0,12.4,23.244409,12.855806,27.9,-3.244409,False
2010-08-11,20.6,13.1,23.333333,12.903871,28.0,-2.733333,False
2010-08-12,26.0,12.7,23.405914,12.954086,28.01,2.594086,False
2010-08-13,28.0,16.4,23.461935,12.986882,28.2,4.538065,False
2010-08-14,21.1,11.0,23.527312,13.022581,28.31,-2.427312,False
2010-08-15,14.4,8.9,23.640968,13.068387,28.5,-9.240968,False
2010-08-16,16.7,8.4,23.752581,13.127527,28.7,-7.052581,False
2010-08-17,17.9,8.5,23.82,13.195484,28.71,-5.92,False
2010-08-18,21.6,8.4,23.902903,13.256344,28.8,-2.302903,False
2010-08-19,24.8,7.8,23.995806,13.303118,28.9,0.804194,False
2010-08-20,26.2,9.7,24.038172,13.361505,29.0,2.161828,False
2010-08-21,26.1,11.2,24.101183,13.41172,29.2,1.998817,False
2010-08-22,27.9,12.2,24.106989,13.44086,29.2,3.793011,False
2010-08-23,29.2,12.6,24.127312,13.480215,29.3,5.072688,False
2010-08-24,30.4,13.2,24.175376,13.522473,29.5,6.224624,False
2010-08-25,30.5,12.9,24.221935,13.56,29.6,6.278065,False
2010-08-26,30.4,13.9,24.314516,13.61086,29.8,6.085484,False
2010-08-27,29.8,14.8,24.415054,13.7,29.9,5.384946,False
2010-08-28,29.6,13.5,24.475914,13.783548,30.0,5.124086,False
2010-08-29,30.7,14.2,24.518817,13.855376,30.0,6.181183,False
2010-08-30,24.0,14.6,24.574731,13.955699,30.1,-0.574731,False
2010-08-31,28.6,13.9,24.640538,14.036989,30.21,3.959462,False
2010-09-01,28.8,17.2,24.68086,14.095484,30.3,4.11914,False
2010-09-02,29.9,15.6,24.719785,14.148925,30.4,5.180215,False
2010-09-03,30.5,14.7,24.775484,14.20828,30.5,5.724516,False
2010-09-04,32.2,15.9,24.854409,14.262796,30.51,7.345591,False
2010-09-05,22.6,13.6,24.895699,14.339247,30.6,-2.295699,False
2010-09-06,16.9,13.1,24.944301,14.414516,30.6,-8.044301,False
2010-09-07,16.9,14.9,24.977849,14.482258,30.7,-8.077849,False
2010-09-08,19.8,14.0,25.005054,14.52914,30.9,-5.205054,False
2010-09-09,21.5,13.2,25.019785,14.57129,31.0,-3.519785,False
2010-09-10,23.9,14.1,24.934839,14.609677,31.0,-1.034839,False
2010-09-11,29.1,12.4,24.859677,14.626022,31.02,4.240323,False
2010-09-12,29.9,14.6,24.823548,14.645376,31.2,5.076452,False
2010-09-13,30.6,15.1,24.820538,14.699032,31.2,5.779462,False
2010-09-14,30.3,19.2,24.802796,14.749247,31.2,5.497204,False
2010-09-15,23.1,15.4,24.752366,14.797312,31.02,-1.652366,False
2010-09-16,24.5,14.4,24.737312,14.860323,31.2,-0.237312,False
2010-09-17,30.2,15.0,24.741828,14.92,31.2,5.458172,False
2010-09-18,18.4,12.9,24.714301,14.986129,31.21,-6.314301,False
2010-09-19,18.5,12.4,24.716774,15.038387,31.3,-6.216774,False
2010-09-20,24.9,13.3,24.788172,15.091505,31.3,0.111828,False
2010-09-21,29.2,15.3,24.827419,15.151075,31.3,4.372581,False
2010-09-22,31.0,17.5,24.835591,15.19828,31.3,6.164409,False
2010-09-23,31.0,16.9,24.798387,15.232043,31.3,6.201613,False
2010-09-24,23.3,17.7,24.797097,15.267527,31.3,-1.497097,False
2010-09-25,24.3,16.1,24.824194,15.315376,31.31,-0.524194,False
2010-09-26,18.5,15.0,24.846452,15.355161,31.3,-6.346452,False
2010-09-27,22.3,15.2,24.897634,15.412258,31.3,-2.597634,False
2010-09-28,22.1,16.6,24.979677,15.486129,31.41,-2.879677,False
2010-09-29,23.2,16.2,25.014839,15.565914,31.5,-1.814839,False
2010-09-30,24.4,19.3,25.033441,15.606452,31.5,-0.633441,False
2010-10-01,23.3,18.7,25.091505,15.657527,31.5,-1.791505,False
2010-10-02,21.9,16.0,25.141075,15.734946,31.5,-3.241075,False
2010-10-03,16.9,13.9,25.175699,15.801505,31.5,-8.275699,False
2010-10-04,19.5,13.6,25.174624,15.844516,31.5,-5.674624,False
2010-10-05,23.1,16.0,25.143656,15.885054,31.5,-2.043656,False
2010-10-06,27.8,14.5,25.165484,15.903333,31.5,2.634516,False
2010-10-07,25.2,17.2,25.190108,15.936882,31.5,0.009892,False
2010-10-08,24.0,17.4,25.222688,15.990538,31.41,-1.222688,False
2010-10-09,18.1,13.6,25.225806,16.048602,31.3,-7.125806,False
2010-10-10,19.1,12.5,25.251505,16.115054,31.2,-6.151505,False
2010-10-11,17.8,11.6,25.376667,16.212688,31.2,-7.576667,False
2010-10-12,19.7,9.8,25.495591,16.319892,31.11,-5.795591,False
2010-10-13,22.5,9.9,25.567312,16.388602,31.11,-3.067312,False
2010-10-14,28.1,13.2,25.623763,16.416774,31.3,2.476237,False
2010-10-15,25.7,16.8,25.66086,16.466882,31.4,0.03914,False
2010-10-16,28.3,17.7,25.707634,16.507849,31.41,2.592366,False
2010-10-17,26.7,19.0,25.687527,16.531828,31.4,1.012473,False
2010-10-18,19.9,14.9,25.673763,16.537312,31.3,-5.773763,False
2010-10-19,21.6,13.2,25.72871,16.549677,31.3,-4.12871,False
2010-10-20,23.9,10.5,25.749892,16.588602,31.4,-1.849892,False
2010-10-21,27.2,11.7,25.72914,16.621613,31.31,1.47086,False
2010-10-22,30.1,14.4,25.715914,16.64914,31.2,4.384086,False
2010-10-23,23.6,17.3,25.755269,16.684409,31.11,-2.155269,False
2010-10-24,23.9,18.1,25.814946,16.726452,31.1,-1.914946,False
2010-10-25,27.4,16.1,25.859355,16.773011,31.1,1.540645,False
2010-10-26,22.7,15.2,25.880108,16.818817,31.1,-3.180108,False
2010-10-27,22.3,13.9,25.887634,16.866667,31.0,-3.587634,False
2010-10-28,27.4,12.7,25.837634,16.896129,30.8,1.562366,False
2010-10-29,31.8,14.5,25.750753,16.91086,30.7,6.049247,False
2010-10-30,26.9,18.1,25.677742,16.892473,30.51,1.222258,False
2010-10-31,26.0,16.8,25.670108,16.898387,30.5,0.329892,False
2010-11-01,23.7,17.5,25.634086,16.915699,30.4,-1.934086,False
2010-11-02,24.9,15.1,25.627742,16.922903,30.4,-0.727742,False
2010-11-03,26.8,14.8,25.630215,16.926882,30.4,1.169785,False
2010-11-04,29.1,15.2,25.616344,16.934409,30.3,3.483656,False
2010-11-05,30.3,19.5,25.603763,16.934839,30.3,4.696237,False
2010-11-06,20.7,18.1,25.607634,16.944839,30.3,-4.907634,False
2010-11-07,26.7,15.0,25.626237,16.966237,30.2,1.073763,False
2010-11-08,30.8,16.5,25.649247,16.985269,30.2,5.150753,False
2010-11-09,30.4,20.2,25.685591,17.007097,30.2,4.714409,False
2010-11-10,23.3,17.5,25.71957,17.032366,30.21,-2.41957,False
2010-11-11,18.5,14.7,25.716237,17.045914,30.3,-7.216237,False
2010-11-12,18.6,14.0,25.720538,17.058172,30.3,-7.120538,False
2010-11-13,19.1,14.5,25.720753,17.088602,30.2,-6.620753,False
2010-11-14,21.9,14.0,25.73043,17.12957,30.1,-3.83043,False
2010-11-15,25.5,15.6,25.737419,17.166344,30.1,-0.237419,False
2010-11-16,18.5,16.4,25.745269,17.201505,30.0,-7.245269,False
2010-11-17,24.3,16.2,25.786667,17.228387,30.0,-1.486667,False
2010-11-18,26.6,16.5,25.839462,17.266667,30.0,0.760538,False
2010-11-19,29.1,14.3,25.871935,17.308925,30.0,3.228065,False
2010-11-20,30.0,16.2,25.932796,17.360323,30.0,4.067204,False
2010-11-21,30.5,19.4,25.993548,17.40828,30.0,4.506452,False
2010-11-22,25.3,20.0,26.050215,17.466344,30.0,-0.750215,False
2010-11-23,24.7,18.7,26.117849,17.528172,30.0,-1.417849,False
2010-11-24,27.8,18.3,26.136559,17.576452,30.0,1.663441,False
2010-11-25,29.7,19.0,26.129892,17.622043,30.0,3.570108,False
2010-11-26,27.2,17.8,26.107742,17.654624,29.91,1.092258,False
2010-11-27,27.4,16.5,26.09828,17.692796,29.9,1.30172,False
2010-11-28,31.2,17.5,26.13086,17.722258,29.91,5.06914,False
2010-11-29,29.6,19.2,26.172151,17.751075,30.0,3.427849,False
2010-11-30,26.8,20.3,26.24,17.802043,30.0,0.56,False
2010-12-01,26.9,19.6,26.28828,17.847957,30.0,0.61172,False
2010-12-02,28.5,20.0,26.322366,17.873978,30.0,2.177634,False
2010-12-03,30.2,20.7,26.360108,17.909355,30.0,3.839892,False
2010-12-04,29.3,20.9,26.427742,17.956344,30.01,2.872258,False
2010-12-05,29.4,20.0,26.546452,18.029355,30.11,2.853548,False
2010-12-06,27.3,19.0,26.637527,18.111398,30.2,0.662473,False
2010-12-07,28.2,20.1,26.695484,18.199032,30.21,1.504516,False
2010-12-08,29.8,20.8,26.724409,18.264624,30.3,3.075591,False
2010-12-09,25.6,19.1,26.754194,18.327849,30.3,-1.154194,False
2010-12-10,28.2,17.7,26.750645,18.37172,30.3,1.449355,False
2010-12-11,30.6,19.4,26.762581,18.403978,30.3,3.837419,False
2010-12-12,31.4,20.5,26.795591,18.427849,30.31,4.604409,False
2010-12-13,28.7,19.3,26.823441,18.45871,30.4,1.876559,False
2010-12-14,19.2,16.7,26.881935,18.501828,30.4,-7.681935,False
2010-12-15,21.3,16.1,26.924301,18.560753,30.4,-5.624301,False
2010-12-16,22.6,18.0,26.989677,18.615699,30.41,-4.389677,False
2010-12-17,26.9,19.4,27.032796,18.670323,30.51,-0.132796,False
2010-12-18,23.2,19.4,27.041613,18.720108,30.6,-3.841613,False
2010-12-19,28.4,18.8,27.025914,18.766774,30.6,1.374086,False
2010-12-20,30.5,19.9,26.996989,18.800645,30.6,3.503011,False
2010-12-21,30.3,20.6,26.976452,18.82,30.6,3.323548,False
2010-12-22,27.9,20.8,26.997097,18.851935,30.6,0.902903,False
2010-12-23,25.6,19.2,27.04,18.875806,30.6,-1.44,False
2010-12-24,27.3,19.8,27.054839,18.90086,30.61,0.245161,False
2010-12-25,29.2,19.4,27.098817,18.942581,30.7,2.101183,False
2010-12-26,26.8,20.5,27.152258,18.978602,30.7,-0.352258,False
2010-12-27,25.0,19.8,27.207527,19.008172,30.8,-2.207527,False
2010-12-28,26.5,17.1,27.237527,19.04043,30.8,-0.737527,False
2010-12-29,27.0,14.3,27.261935,19.073333,30.8,-0.261935,False
2010-12-30,24.8,17.3,27.311075,19.110968,30.8,-2.511075,False
2010-12-31,26.0,16.2,27.334731,19.142258,30.8,-1.334731,False
2011-01-01,24.0,18.3,27.338387,19.167419,30.9,-3.338387,False
2011-01-02,21.2,19.3,27.340538,19.185054,30.9,-6.140538,False
2011-01-03,22.8,19.0,27.354624,19.203441,30.9,-4.554624,False
2011-01-04,24.5,19.7,27.350215,19.227957,30.9,-2.850215,False
2011-01-05,29.4,20.1,27.312796,19.225376,30.9,2.087204,False
2011-01-06,27.9,20.4,27.293226,19.226882,31.0,0.606774,False
2011-01-07,27.1,20.8,27.285054,19.226667,31.0,-0.185054,False
2011-01-08,27.7,19.8,27.302903,19.234409,31.0,0.397097,False
2011-01-09,29.0,19.8,27.328817,19.23129,30.91,1.671183,False
2011-01-10,28.6,21.1,27.376667,19.254409,31.0,1.223333,False
2011-01-11,25.8,19.2,27.375269,19.269247,31.0,-1.575269,False
2011-01-12,26.8,20.1,27.344409,19.275054,31.1,-0.544409,False
2011-01-13,24.6,20.5,27.355161,19.282796,31.1,-2.755161,False
2011-01-14,26.7,20.7,27.354086,19.301613,31.1,-0.654086,False
2011-01-15,27.9,20.0,27.353871,19.31172,31.1,0.546129,False
2011-01-16,29.1,20.2,27.369032,19.312903,31.1,1.730968,False
2011-01-17,26.1,20.3,27.416667,19.311828,31.11,-1.316667,False
2011-01-18,26.9,20.0,27.477419,19.331398,31.2,-0.577419,False
2011-01-19,27.7,19.3,27.527527,19.345376,31.2,0.172473,False
2011-01-20,26.6,20.6,27.573118,19.353656,31.2,-0.973118,False
2011-01-21,30.4,21.2,27.628925,19.361828,31.31,2.771075,False
2011-01-22,30.6,20.7,27.633011,19.367742,31.4,2.966989,False
2011-01-23,30.9,21.0,27.62172,19.371075,31.4,3.27828,False
2011-01-24,29.3,20.0,27.634086,19.370215,31.4,1.665914,False
2011-01-25,30.8,20.8,27.642581,19.370753,31.4,3.157419,False
2011-01-26,30.1,20.0,27.641613,19.374516,31.4,2.458387,False
2011-01-27,31.4,20.7,27.653441,19.374731,31.5,3.746559,False
2011-01-28,32.1,20.9,27.671075,19.367742,31.51,4.428925,False
2011-01-29,32.0,20.8,27.667849,19.353548,31.6,4.332151,False
2011-01-30,30.6,20.9,27.652796,19.334086,31.6,2.947204,False
2011-01-31,30.0,21.1,27.644086,19.330108,31.6,2.355914,False
2011-02-01,27.7,20.3,27.641613,19.327957,31.6,0.058387,False
2011-02-02,27.4,20.9,27.67129,19.339462,31.6,-0.27129,False
2011-02-03,24.9,20.4,27.695591,19.344301,31.6,-2.795591,False
2011-02-04,28.5,20.1,27.721075,19.352581,31.6,0.778925,False
2011-02-05,31.5,20.8,27.750538,19.368065,31.51,3.749462,False
2011-02-06,31.9,21.3,27.777312,19.373333,31.5,4.122688,False
2011-02-07,30.8,21.5,27.810323,19.377849,31.5,2.989677,False
2011-02-08,31.1,20.6,27.844194,19.386452,31.5,3.255806,False
2011-02-09,31.2,20.5,27.850538,19.407312,31.5,3.349462,False
2011-02-10,30.5,21.2,27.833871,19.404301,31.5,2.666129,False
2011-02-11,29.3,21.1,27.851613,19.402796,31.5,1.448387,False
2011-02-12,32.1,19.1,27.891613,19.405269,31.5,4.208387,False
2011-02-13,31.3,20.6,27.88086,19.410968,31.4,3.41914,False
2011-02-14,28.5,21.4,27.863656,19.394301,31.4,0.636344,False
2011-02-15,25.6,20.5,27.848172,19.381183,31.4,-2.248172,False
2011-02-16,27.9,19.8,27.805914,19.360323,31.31,0.094086,False
2011-02-17,27.7,19.2,27.762043,19.338172,31.3,-0.062043,False
2011-02-18,28.3,18.8,27.730645,19.31086,31.21,0.569355,False
2011-02-19,29.6,20.1,27.720968,19.283978,31.2,1.879032,False
2011-02-20,30.4,19.8,27.719892,19.27,31.2,2.680108,False
2011-02-21,31.0,20.0,27.700323,19.262043,31.1,3.299677,False
2011-02-22,30.4,20.0,27.728602,19.250538,31.0,2.671398,False
2011-02-23,29.1,19.6,27.751505,19.249892,31.0,1.348495,False
2011-02-24,27.6,20.2,27.726667,19.254086,31.0,-0.126667,False
2011-02-25,29.1,20.0,27.708817,19.241505,30.9,1.391183,False
2011-02-26,29.3,20.9,27.682903,19.217849,30.9,1.617097,False
2011-02-27,27.2,21.0,27.656022,19.202473,30.81,-0.456022,False
2011-02-28,25.2,19.1,27.641183,19.191075,30.8,-2.441183,False
2011-03-01,24.1,19.0,27.627419,19.188065,30.71,-3.527419,False
2011-03-02,22.0,18.3,27.589677,19.176989,30.7,-5.589677,False
2011-03-03,21.2,16.9,27.575376,19.142473,30.7,-6.375376,False
2011-03-04,21.6,17.7,27.555054,19.121828,30.6,-5.955054,False
2011-03-05,20.9,17.9,27.523978,19.096667,30.6,-6.623978,False
2011-03-06,24.4,17.2,27.455914,19.074516,30.6,-3.055914,False
2011-03-07,23.6,17.4,27.376022,19.038387,30.51,-3.776022,False
2011-03-08,24.4,17.6,27.317527,18.989785,30.5,-2.917527,False
2011-03-09,26.3,17.8,27.270968,18.96129,30.5,-0.970968,False
2011-03-10,27.7,19.1,27.22,18.924194,30.41,0.48,False
2011-03-11,27.9,19.8,27.17086,18.869785,30.4,0.72914,False
2011-03-12,25.2,19.8,27.128065,18.820215,30.4,-1.928065,False
2011-03-13,26.8,20.4,27.095054,18.770753,30.4,-0.295054,False
2011-03-14,27.8,20.4,27.05043,18.736882,30.3,0.74957,False
2011-03-15,23.6,19.7,27.001828,18.709677,30.3,-3.401828,False
2011-03-16,22.2,18.0,26.976989,18.677957,30.21,-4.776989,False
2011-03-17,25.8,17.8,26.966989,18.656022,30.2,-1.166989,False
2011-03-18,28.8,19.3,26.934624,18.630108,30.1,1.865376,False
2011-03-19,23.1,19.0,26.905806,18.602043,30.1,-3.805806,False
2011-03-20,20.4,18.5,26.870108,18.565699,30.01,-6.470108,False
2011-03-21,23.8,18.5,26.830968,18.526452,30.0,-3.030968,False
2011-03-22,25.3,18.1,26.787849,18.489677,30.0,-1.487849,False
2011-03-23,26.6,18.8,26.734516,18.456989,29.9,-0.134516,False
2011-03-24,27.6,19.6,26.667312,18.415699,29.8,0.932688,False
2011-03-25,29.5,19.1,26.577957,18.367312,29.7,2.922043,False
2011-03-26,29.9,19.5,26.503441,18.309462,29.7,3.396559,False
2011-03-27,30.6,20.4,26.492796,18.249355,29.6,4.107204,False
2011-03-28,29.3,19.8,26.471828,18.197527,29.6,2.828172,False
2011-03-29,26.0,20.2,26.426452,18.152043,29.6,-0.426452,False
2011-03-30,23.9,18.6,26.373011,18.1,29.5,-2.473011,False
2011-03-31,24.4,18.0,26.34172,18.044409,29.5,-1.94172,False
2011-04-01,27.8,18.3,26.322151,17.995914,29.5,1.477849,False
2011-04-02,27.3,19.1,26.296344,17.935699,29.5,1.003656,False
2011-04-03,21.8,18.4,26.247634,17.869355,29.5,-4.447634,False
2011-04-04,24.4,17.4,26.216237,17.789892,29.5,-1.816237,False
2011-04-05,24.8,18.3,26.164516,17.720645,29.41,-1.364516,False
2011-04-06,26.9,16.4,26.153656,17.66,29.41,0.746344,False
2011-04-07,25.0,16.8,26.139677,17.62,29.5,-1.139677,False
2011-04-08,26.9,17.9,26.12043,17.586344,29.41,0.77957,False
2011-04-09,25.2,16.4,26.103011,17.535914,29.4,-0.903011,False
2011-04-10,23.6,15.4,26.077634,17.497204,29.4,-2.477634,False
2011-04-11,26.7,16.3,26.026022,17.463548,29.3,0.673978,False
2011-04-12,27.2,17.8,25.948495,17.391075,29.21,1.251505,False
2011-04-13,23.8,17.6,25.862688,17.32043,29.2,-2.062688,False
2011-04-14,30.0,16.2,25.808495,17.241613,29.2,4.191505,False
2011-04-15,29.7,19.2,25.761828,17.154946,29.1,3.938172,False
2011-04-16,29.3,20.7,25.696452,17.057849,29.1,3.603548,False
2011-04-17,28.1,20.3,25.624301,16.967849,29.1,2.475699,False
2011-04-18,29.0,19.6,25.565591,16.880753,29.1,3.434409,False
2011-04-19,25.9,19.9,25.519677,16.794301,29.0,0.380323,False
2011-04-20,27.7,17.6,25.465054,16.719247,29.0,2.234946,False
2011-04-21,27.7,17.1,25.37871,16.643978,28.9,2.32129,False
2011-04-22,29.5,18.1,25.277097,16.558925,28.8,4.222903,False
2011-04-23,28.6,18.8,25.186667,16.457097,28.71,3.413333,False
2011-04-24,22.8,18.5,25.101398,16.338817,28.7,-2.301398,False
2011-04-25,24.8,17.5,25.012043,16.232903,28.7,-0.212043,False
2011-04-26,20.6,16.5,24.940753,16.149247,28.6,-4.340753,False
2011-04-27,19.8,14.3,24.829355,16.064194,28.4,-5.029355,False
2011-04-28,19.7,14.2,24.710538,15.975914,28.4,-5.010538,False
2011-04-29,24.7,15.5,24.60914,15.897204,28.4,0.09086,False
2011-04-30,26.2,16.4,24.513871,15.806022,28.3,1.686129,False
2011-05-01,24.2,17.9,24.41172,15.718925,28.2,-0.21172,False
2011-05-02,20.8,16.8,24.300968,15.619892,28.11,-3.500968,False
2011-05-03,20.5,13.2,24.222473,15.538065,28.1,-3.722473,False
2011-05-04,23.3,11.7,24.116559,15.483011,28.0,-0.816559,False
2011-05-05,26.0,14.5,24.011828,15.415484,27.9,1.988172,False
2011-05-06,27.5,14.3,23.938495,15.341183,27.8,3.561505,False
2011-05-07,24.4,15.3,23.864946,15.268925,27.71,0.535054,False
2011-05-08,26.5,15.2,23.758817,15.169785,27.7,2.741183,False
2011-05-09,22.8,16.3,23.60828,15.056882,27.5,-0.80828,False
2011-05-10,23.6,16.5,23.468925,14.948925,27.4,0.131075,False
2011-05-11,25.8,16.4,23.370323,14.85172,27.2,2.429677,False
2011-05-12,24.5,17.0,23.277204,14.754731,27.2,1.222796,False
2011-05-13,20.4,16.3,23.200645,14.68828,27.0,-2.800645,False
2011-05-14,20.3,14.7,23.134839,14.621398,26.9,-2.834839,False
2011-05-15,22.9,12.7,23.051183,14.545484,26.8,-0.151183,False
2011-05-16,19.2,13.4,22.958925,14.475591,26.8,-3.758925,False
2011-05-17,16.7,12.5,22.863011,14.408172,26.7,-6.163011,False
2011-05-18,19.7,11.0,22.759785,14.338602,26.6,-3.059785,False
2011-05-19,20.9,12.0,22.667097,14.269355,26.5,-1.767097,False
2011-05-20,22.2,13.0,22.583226,14.201183,26.4,-0.383226,False
2011-05-21,23.0,12.8,22.499462,14.149247,26.3,0.500538,False
2011-05-22,24.0,12.3,22.469677,14.096774,26.2,1.530323,False
2011-05-23,23.9,10.5,22.463978,14.054731,26.2,1.436022,False
2011-05-24,23.8,13.3,22.435161,14.011935,26.2,1.364839,False
2011-05-25,25.2,13.7,22.41086,13.980753,26.2,2.78914,False
2011-05-26,24.7,14.3,22.395591,13.961075,26.2,2.304409,False
2011-05-27,18.7,15.3,22.364409,13.920753,26.2,-3.664409,False
2011-05-28,17.1,12.5,22.32957,13.86957,26.2,-5.22957,False
2011-05-29,18.1,9.3,22.308065,13.807527,26.2,-4.208065,False
2011-05-30,18.9,8.8,22.300753,13.74,26.1,-3.400753,False
2011-05-31,22.2,11.3,22.29828,13.689355,26.1,-0.09828,False
2011-06-01,21.7,10.6,22.288925,13.63871,26.0,-0.588925,False
2011-06-02,23.1,9.9,22.313441,13.616022,26.0,0.786559,False
2011-06-03,22.9,12.8,22.315914,13.581398,26.0,0.584086,False
2011-06-04,20.0,9.9,22.328817,13.556237,26.0,-2.328817,False
2011-06-05,16.6,8.6,22.301505,13.544624,26.0,-5.701505,False
2011-06-06,22.7,8.1,22.270968,13.519355,25.9,0.429032,False
2011-06-07,26.2,14.1,22.233011,13.476022,25.9,3.966989,False
2011-06-08,17.9,10.9,22.250323,13.43828,25.9,-4.350323,False
2011-06-09,13.0,9.3,22.297634,13.427097,25.9,-9.297634,False
2011-06-10,18.8,11.3,22.316022,13.423548,26.0,-3.516022,False
2011-06-11,18.4,7.6,22.286559,13.405054,26.0,-3.886559,False
2011-06-12,21.8,10.1,22.291505,13.372043,26.0,-0.491505,False
2011-06-13,23.2,9.7,22.303656,13.335591,26.0,0.896344,False
2011-06-14,18.0,11.6,22.323226,13.316774,26.0,-4.323226,False
2011-06-15,20.7,11.3,22.342043,13.302473,26.0,-1.642043,False
2011-06-16,22.2,11.4,22.374086,13.286129,26.0,-0.174086,False
2011-06-17,23.0,9.6,22.430215,13.286129,26.1,0.569785,False
2011-06-18,23.3,11.5,22.475161,13.287097,26.1,0.824839,False
2011-06-19,24.5,11.3,22.502258,13.279032,26.11,1.997742,False
2011-06-20,25.4,12.7,22.513118,13.26043,26.11,2.886882,False
2011-06-21,25.8,13.0,22.544839,13.239032,26.2,3.255161,False
2011-06-22,21.9,14.1,22.534301,13.201183,26.2,-0.634301,False
2011-06-23,24.3,15.0,22.492903,13.163763,26.2,1.807097,False
2011-06-24,25.6,13.1,22.483441,13.130538,26.2,3.116559,False
2011-06-25,23.8,14.5,22.455806,13.102258,26.2,1.344194,False
2011-06-26,22.4,15.0,22.419785,13.068602,26.2,-0.019785,False
2011-06-27,16.6,10.1,22.372903,13.019032,26.2,-5.772903,False
2011-06-28,17.9,4.7,22.35828,12.972473,26.2,-4.45828,False
2011-06-29,22.6,6.7,22.34957,12.948925,26.11,0.25043,False
2011-06-30,24.2,12.7,22.340108,12.921183,26.1,1.859892,False
2011-07-01,23.9,13.6,22.325054,12.904624,26.11,1.574946,False
2011-07-02,22.6,15.0,22.317527,12.880968,26.11,0.282473,False
2011-07-03,21.4,13.7,22.273548,12.84957,26.1,-0.873548,False
2011-07-04,13.6,9.1,22.229677,12.816344,26.1,-8.629677,False
2011-07-05,18.5,8.7,22.242473,12.76957,26.2,-3.742473,False
2011-07-06,18.6,11.2,22.301398,12.733871,26.21,-3.701398,False
2011-07-07,16.6,11.4,22.320753,12.71914,26.31,-5.720753,False
2011-07-08,16.9,8.1,22.334516,12.702581,26.4,-5.434516,False
2011-07-09,20.4,7.2,22.303978,12.68129,26.4,-1.903978,False
2011-07-10,24.7,9.0,22.277527,12.65914,26.4,2.422473,False
2011-07-11,26.8,11.9,22.27828,12.621935,26.4,4.52172,False
2011-07-12,25.8,14.0,22.299785,12.586774,26.4,3.500215,False
2011-07-13,26.1,12.2,22.317312,12.580108,26.4,3.782688,False
2011-07-14,25.0,13.6,22.341828,12.573763,26.41,2.658172,False
2011-07-15,25.7,12.9,22.332688,12.56043,26.41,3.367312,False
2011-07-16,26.7,11.3,22.336344,12.53828,26.5,4.363656,False
2011-07-17,26.9,11.6,22.355914,12.522473,26.5,4.544086,False
2011-07-18,24.5,13.0,22.33086,12.493871,26.6,2.16914,False
2011-07-19,24.7,14.7,22.294839,12.466344,26.6,2.405161,False
2011-07-20,27.5,14.7,22.279462,12.438172,26.6,5.220538,False
2011-07-21,26.5,17.8,22.264839,12.427097,26.6,4.235161,False
2011-07-22,19.8,14.1,22.28172,12.426344,26.7,-2.48172,False
2011-07-23,17.9,12.7,22.354086,12.443333,26.7,-4.454086,False
2011-07-24,20.7,12.7,22.424301,12.463763,26.8,-1.724301,False
2011-07-25,23.0,11.6,22.480323,12.502151,26.8,0.519677,False
2011-07-26,23.9,12.6,22.515591,12.528817,26.81,1.384409,False
2011-07-27,23.2,12.9,22.549462,12.511183,26.9,0.650538,False
2011-07-28,24.9,12.6,22.616774,12.515806,27.1,2.283226,False
2011-07-29,26.9,14.4,22.701398,12.546882,27.2,4.198602,False
2011-07-30,23.7,17.6,22.746774,12.561613,27.2,0.953226,False
2011-07-31,22.3,16.3,22.772796,12.587527,27.2,-0.472796,False
2011-08-01,21.5,15.2,22.801935,12.60172,27.3,-1.301935,False
2011-08-02,21.2,16.2,22.830215,12.629032,27.4,-1.630215,False
2011-08-03,15.7,9.9,22.88,12.655806,27.4,-7.18,False
2011-08-04,15.5,6.3,22.95129,12.705806,27.5,-7.45129,False
2011-08-05,20.6,5.4,22.971505,12.739247,27.5,-2.371505,False
2011-08-06,28.1,11.5,22.947849,12.745591,27.5,5.152151,False
2011-08-07,29.9,14.4,22.968817,12.738925,27.5,6.931183,False
2011-08-08,28.1,16.0,23.046882,12.767634,27.6,5.053118,False
2011-08-09,24.5,15.9,23.137312,12.819785,27.8,1.362688,False
2011-08-10,20.1,14.9,23.244409,12.855806,27.9,-3.144409,False
2011-08-11,23.1,13.7,23.333333,12.903871,28.0,-0.233333,False
2011-08-12,26.8,12.7,23.405914,12.954086,28.01,3.394086,False
2011-08-13,30.2,12.7,23.461935,12.986882,28.2,6.738065,False
2011-08-14,21.8,14.7,23.527312,13.022581,28.31,-1.727312,False
2011-08-15,26.9,15.4,23.640968,13.068387,28.5,3.259032,False
2011-08-16,28.7,15.6,23.752581,13.127527,28.7,4.947419,False
2011-08-17,29.7,15.7,23.82,13.195484,28.71,5.88,False
2011-08-18,25.8,15.0,23.902903,13.256344,28.8,1.897097,False
2011-08-19,29.0,14.7,23.995806,13.303118,28.9,5.004194,False
2011-08-20,22.3,13.3,24.038172,13.361505,29.0,-1.738172,False
2011-08-21,12.9,9.6,24.101183,13.41172,29.2,-11.201183,False
2011-08-22,13.8,10.3,24.106989,13.44086,29.2,-10.306989,False
2011-08-23,19.9,12.6,24.127312,13.480215,29.3,-4.227312,False
2011-08-24,21.3,13.5,24.175376,13.522473,29.5,-2.875376,False
2011-08-25,26.7,14.7,24.221935,13.56,29.6,2.478065,False
2011-08-26,22.8,16.0,24.314516,13.61086,29.8,-1.514516,False
2011-08-27,25.7,15.0,24.415054,13.7,29.9,1.284946,False
2011-08-28,30.5,15.0,24.475914,13.783548,30.0,6.024086,False
2011-08-29,31.4,17.4,24.518817,13.855376,30.0,6.881183,False
2011-08-30,31.2,17.7,24.574731,13.955699,30.1,6.625269,False
2011-08-31,17.6,11.0,24.640538,14.036989,30.21,-7.040538,False
2011-09-01,17.2,7.6,24.68086,14.095484,30.3,-7.48086,False
2011-09-02,15.8,7.5,24.719785,14.148925,30.4,-8.919785,False
2011-09-03,23.0,7.6,24.775484,14.20828,30.5,-1.775484,False
2011-09-04,28.9,8.7,24.854409,14.262796,30.51,4.045591,False
2011-09-05,30.7,11.5,24.895699,14.339247,30.6,5.804301,False
2011-09-06,21.8,15.0,24.944301,14.414516,30.6,-3.144301,False
2011-09-07,23.4,14.1,24.977849,14.482258,30.7,-1.577849,False
2011-09-08,30.7,14.8,25.005054,14.52914,30.9,5.694946,False
2011-09-09,28.6,14.6,25.019785,14.57129,31.0,3.580215,False
2011-09-10,23.5,15.8,24.934839,14.609677,31.0,-1.434839,False
2011-09-11,23.9,14.8,24.859677,14.626022,31.02,-0.959677,False
2011-09-12,22.2,12.6,24.823548,14.645376,31.2,-2.623548,False
2011-09-13,29.3,13.6,24.820538,14.699032,31.2,4.479462,False
2011-09-14,17.5,14.7,24.802796,14.749247,31.2,-7.302796,False
2011-09-15,21.7,14.3,24.752366,14.797312,31.02,-3.052366,False
2011-09-16,24.0,15.2,24.737312,14.860323,31.2,-0.737312,False
2011-09-17,24.5,13.6,24.741828,14.92,31.2,-0.241828,False
2011-09-18,25.7,12.1,24.714301,14.986129,31.21,0.985699,False
2011-09-19,28.3,12.8,24.716774,15.038387,31.3,3.583226,False
2011-09-20,29.0,15.2,24.788172,15.091505,31.3,4.211828,False
2011-09-21,23.7,15.4,24.827419,15.151075,31.3,-1.127419,False
2011-09-22,26.9,14.7,24.835591,15.19828,31.3,2.064409,False
2011-09-23,31.8,15.7,24.798387,15.232043,31.3,7.001613,False
2011-09-24,20.7,14.0,24.797097,15.267527,31.3,-4.097097,False
2011-09-25,19.1,12.1,24.824194,15.315376,31.31,-5.724194,False
2011-09-26,24.4,11.0,24.846452,15.355161,31.3,-0.446452,False
2011-09-27,26.5,11.3,24.897634,15.412258,31.3,1.602366,False
2011-09-28,24.6,12.8,24.979677,15.486129,31.41,-0.379677,False
2011-09-29,31.6,13.6,25.014839,15.565914,31.5,6.585161,False
2011-09-30,33.5,14.3,25.033441,15.606452,31.5,8.466559,False
2011-10-01,33.7,17.2,25.091505,15.657527,31.5,8.608495,False
2011-10-02,25.1,17.6,25.141075,15.734946,31.5,-0.041075,False
2011-10-03,24.1,15.4,25.175699,15.801505,31.5,-1.075699,False
2011-10-04,21.0,14.6,25.174624,15.844516,31.5,-4.174624,False
2011-10-05,27.9,13.9,25.143656,15.885054,31.5,2.756344,False
2011-10-06,29.0,17.5,25.165484,15.903333,31.5,3.834516,False
2011-10-07,29.0,16.1,25.190108,15.936882,31.5,3.809892,False
2011-10-08,29.8,16.1,25.222688,15.990538,31.41,4.577312,False
2011-10-09,26.0,18.6,25.225806,16.048602,31.3,0.774194,False
2011-10-10,28.1,17.1,25.251505,16.115054,31.2,2.848495,False
2011-10-11,25.9,19.3,25.376667,16.212688,31.2,0.523333,False
2011-10-12,25.0,17.6,25.495591,16.319892,31.11,-0.495591,False
2011-10-13,23.2,17.8,25.567312,16.388602,31.11,-2.367312,False
2011-10-14,22.3,20.0,25.623763,16.416774,31.3,-3.323763,False
2011-10-15,20.1,15.1,25.66086,16.466882,31.4,-5.56086,False
2011-10-16,20.6,14.8,25.707634,16.507849,31.41,-5.107634,False
2011-10-17,19.6,15.4,25.687527,16.531828,31.4,-6.087527,False
2011-10-18,21.2,14.0,25.673763,16.537312,31.3,-4.473763,False
2011-10-19,21.5,11.9,25.72871,16.549677,31.3,-4.22871,False
2011-10-20,21.1,12.6,25.749892,16.588602,31.4,-4.649892,False
2011-10-21,23.4,11.7,25.72914,16.621613,31.31,-2.32914,False
2011-10-22,24.4,13.1,25.715914,16.64914,31.2,-1.315914,False
2011-10-23,26.3,15.6,25.755269,16.684409,31.11,0.544731,False
2011-10-24,28.8,15.9,25.814946,16.726452,31.1,2.985054,False
2011-10-25,28.2,18.5,25.859355,16.773011,31.1,2.340645,False
2011-10-26,27.0,18.7,25.880108,16.818817,31.1,1.119892,False
2011-10-27,29.4,17.3,25.887634,16.866667,31.0,3.512366,False
2011-10-28,30.5,18.9,25.837634,16.896129,30.8,4.662366,False
2011-10-29,30.7,18.2,25.750753,16.91086,30.7,4.949247,False
2011-10-30,23.6,15.4,25.677742,16.892473,30.51,-2.077742,False
2011-10-31,16.9,12.8,25.670108,16.898387,30.5,-8.770108,False
2011-11-01,17.8,11.5,25.634086,16.915699,30.4,-7.834086,False
2011-11-02,19.6,11.0,25.627742,16.922903,30.4,-6.027742,False
2011-11-03,20.8,11.7,25.630215,16.926882,30.4,-4.830215,False
2011-11-04,25.2,11.6,25.616344,16.934409,30.3,-0.416344,False
2011-11-05,29.0,12.6,25.603763,16.934839,30.3,3.396237,False
2011-11-06,26.2,15.1,25.607634,16.944839,30.3,0.592366,False
2011-11-07,26.7,15.2,25.626237,16.966237,30.2,1.073763,False
2011-11-08,27.5,13.1,25.649247,16.985269,30.2,1.850753,False
2011-11-09,29.1,15.0,25.685591,17.007097,30.2,3.414409,False
2011-11-10,29.7,19.1,25.71957,17.032366,30.21,3.98043,False
2011-11-11,28.8,18.8,25.716237,17.045914,30.3,3.083763,False
2011-11-12,25.5,17.4,25.720538,17.058172,30.3,-0.220538,False
2011-11-13,23.3,17.9,25.720753,17.088602,30.2,-2.420753,False
2011-11-14,21.5,16.9,25.73043,17.12957,30.1,-4.23043,False
2011-11-15,19.0,17.6,25.737419,17.166344,30.1,-6.737419,False
2011-11-16,18.0,14.4,25.745269,17.201505,30.0,-7.745269,False
2011-11-17,20.7,12.9,25.786667,17.228387,30.0,-5.086667,False
2011-11-18,22.5,11.8,25.839462,17.266667,30.0,-3.339462,False
2011-11-19,20.3,12.8,25.871935,17.308925,30.0,-5.571935,False
2011-11-20,26.0,13.0,25.932796,17.360323,30.0,0.067204,False
2011-11-21,29.2,16.1,25.993548,17.40828,30.0,3.206452,False
2011-11-22,25.3,20.1,26.050215,17.466344,30.0,-0.750215,False
2011-11-23,22.8,17.7,26.117849,17.528172,30.0,-3.317849,False
2011-11-24,26.0,13.7,26.136559,17.576452,30.0,-0.136559,False
2011-11-25,28.4,15.6,26.129892,17.622043,30.0,2.270108,False
2011-11-26,29.3,18.3,26.107742,17.654624,29.91,3.192258,False
2011-11-27,24.5,17.8,26.09828,17.692796,29.9,-1.59828,False
2011-11-28,25.2,17.5,26.13086,17.722258,29.91,-0.93086,False
2011-11-29,27.3,17.4,26.172151,17.751075,30.0,1.127849,False
2011-11-30,27.9,18.4,26.24,17.802043,30.0,1.66,False
2011-12-01,26.8,17.7,26.28828,17.847957,30.0,0.51172,False
2011-12-02,19.1,14.9,26.322366,17.873978,30.0,-7.222366,False
2011-12-03,21.8,14.3,26.360108,17.909355,30.0,-4.560108,False
2011-12-04,25.3,15.7,26.427742,17.956344,30.01,-1.127742,False
2011-12-05,25.8,17.7,26.546452,18.029355,30.11,-0.746452,False
2011-12-06,25.5,18.0,26.637527,18.111398,30.2,-1.137527,False
2011-12-07,27.6,19.1,26.695484,18.199032,30.21,0.904516,False
2011-12-08,27.6,18.6,26.724409,18.264624,30.3,0.875591,False
2011-12-09,24.2,18.9,26.754194,18.327849,30.3,-2.554194,False
2011-12-10,21.6,17.6,26.750645,18.37172,30.3,-5.150645,False
2011-12-11,25.2,15.7,26.762581,18.403978,30.3,-1.562581,False
2011-12-12,29.7,15.0,26.795591,18.427849,30.31,2.904409,False
2011-12-13,31.1,17.5,26.823441,18.45871,30.4,4.276559,False
2011-12-14,28.7,19.3,26.881935,18.501828,30.4,1.818065,False
2011-12-15,25.8,19.8,26.924301,18.560753,30.4,-1.124301,False
2011-12-16,28.5,19.1,26.989677,18.615699,30.41,1.510323,False
2011-12-17,29.5,18.6,27.032796,18.670323,30.51,2.467204,False
2011-12-18,28.6,19.9,27.041613,18.720108,30.6,1.558387,False
2011-12-19,29.4,19.0,27.025914,18.766774,30.6,2.374086,False
2011-12-20,28.9,19.4,26.996989,18.800645,30.6,1.903011,False
2011-12-21,30.3,17.3,26.976452,18.82,30.6,3.323548,False
2011-12-22,32.2,19.7,26.997097,18.851935,30.6,5.202903,True
2011-12-23,31.5,19.5,27.04,18.875806,30.6,4.46,True
2011-12-24,30.9,20.2,27.054839,18.90086,30.61,3.845161,True
2011-12-25,26.2,20.0,27.098817,18.942581,30.7,-0.898817,False
2011-12-26,21.7,18.0,27.152258,18.978602,30.7,-5.452258,False
2011-12-27,26.1,17.3,27.207527,19.008172,30.8,-1.107527,False
2011-12-28,25.8,17.0,27.237527,19.04043,30.8,-1.437527,False
2011-12-29,22.6,16.7,27.261935,19.073333,30.8,-4.661935,False
2011-12-30,25.5,15.0,27.311075,19.110968,30.8,-1.811075,False
2011-12-31,24.1,18.9,27.334731,19.142258,30.8,-3.234731,False
2012-01-01,23.5,18.7,27.338387,19.167419,30.9,-3.838387,False
2012-01-02,24.7,16.9,27.340538,19.185054,30.9,-2.640538,False
2012-01-03,27.5,15.1,27.354624,19.203441,30.9,0.145376,False
2012-01-04,30.2,15.8,27.350215,19.227957,30.9,2.849785,False
2012-01-05,27.5,16.7,27.312796,19.225376,30.9,0.187204,False
2012-01-06,27.9,18.4,27.293226,19.226882,31.0,0.606774,False
2012-01-07,27.8,18.3,27.285054,19.226667,31.0,0.514946,False
2012-01-08,24.9,18.2,27.302903,19.234409,31.0,-2.402903,False
2012-01-09,24.9,18.0,27.328817,19.23129,30.91,-2.428817,False
2012-01-10,22.1,18.7,27.376667,19.254409,31.0,-5.276667,False
2012-01-11,23.8,18.7,27.375269,19.269247,31.0,-3.575269,False
2012-01-12,26.4,17.8,27.344409,19.275054,31.1,-0.944409,False
2012-01-13,26.8,18.3,27.355161,19.282796,31.1,-0.555161,False
2012-01-14,25.4,20.7,27.354086,19.301613,31.1,-1.954086,False
2012-01-15,26.4,20.3,27.353871,19.31172,31.1,-0.953871,False
2012-01-16,25.0,18.9,27.369032,19.312903,31.1,-2.369032,False
2012-01-17,26.2,19.3,27.416667,19.311828,31.11,-1.216667,False
2012-01-18,25.6,18.1,27.477419,19.331398,31.2,-1.877419,False
2012-01-19,25.6,17.6,27.527527,19.345376,31.2,-1.927527,False
2012-01-20,25.1,18.2,27.573118,19.353656,31.2,-2.473118,False
2012-01-21,28.3,18.8,27.628925,19.361828,31.31,0.671075,False
2012-01-22,26.5,18.0,27.633011,19.367742,31.4,-1.133011,False
2012-01-23,28.7,17.9,27.62172,19.371075,31.4,1.07828,False
2012-01-24,28.3,18.8,27.634086,19.370215,31.4,0.665914,False
2012-01-25,27.9,20.1,27.642581,19.370753,31.4,0.257419,False
2012-01-26,22.2,17.3,27.641613,19.374516,31.4,-5.441613,False
2012-01-27,17.1,15.5,27.653441,19.374731,31.5,-10.553441,False
2012-01-28,21.4,14.6,27.671075,19.367742,31.51,-6.271075,False
2012-01-29,24.9,15.0,27.667849,19.353548,31.6,-2.767849,False
2012-01-30,26.4,13.9,27.652796,19.334086,31.6,-1.252796,False
2012-01-31,27.4,12.7,27.644086,19.330108,31.6,-0.244086,False
2012-02-01,28.8,17.3,27.641613,19.327957,31.6,1.158387,False
2012-02-02,29.6,18.5,27.67129,19.339462,31.6,1.92871,False
2012-02-03,30.4,19.5,27.695591,19.344301,31.6,2.704409,False
2012-02-04,31.6,19.9,27.721075,19.352581,31.6,3.878925,False
2012-02-05,31.9,17.6,27.750538,19.368065,31.51,4.149462,True
2012-02-06,32.1,19.8,27.777312,19.373333,31.5,4.322688,True
2012-02-07,33.1,19.3,27.810323,19.377849,31.5,5.289677,True
2012-02-08,32.0,19.6,27.844194,19.386452,31.5,4.155806,True
2012-02-09,30.4,21.3,27.850538,19.407312,31.5,2.549462,False
2012-02-10,29.1,21.2,27.833871,19.404301,31.5,1.266129,False
2012-02-11,26.1,19.9,27.851613,19.402796,31.5,-1.751613,False
2012-02-12,24.4,19.2,27.891613,19.405269,31.5,-3.491613,False
2012-02-13,26.1,19.5,27.88086,19.410968,31.4,-1.78086,False
2012-02-14,29.4,19.7,27.863656,19.394301,31.4,1.536344,False
2012-02-15,29.1,19.3,27.848172,19.381183,31.4,1.251828,False
2012-02-16,28.7,18.5,27.805914,19.360323,31.31,0.894086,False
2012-02-17,28.9,19.1,27.762043,19.338172,31.3,1.137957,False
2012-02-18,30.4,19.4,27.730645,19.31086,31.21,2.669355,False
2012-02-19,29.1,19.5,27.720968,19.283978,31.2,1.379032,False
2012-02-20,29.6,20.2,27.719892,19.27,31.2,1.880108,False
2012-02-21,26.9,20.0,27.700323,19.262043,31.1,-0.800323,False
2012-02-22,28.0,20.2,27.728602,19.250538,31.0,0.271398,False
2012-02-23,27.0,20.6,27.751505,19.249892,31.0,-0.751505,False
2012-02-24,27.9,19.3,27.726667,19.254086,31.0,0.173333,False
2012-02-25,28.6,20.2,27.708817,19.241505,30.9,0.891183,False
2012-02-26,30.2,20.7,27.682903,19.217849,30.9,2.517097,False
2012-02-27,28.7,20.2,27.656022,19.202473,30.81,1.043978,False
2012-02-28,31.5,20.7,27.641183,19.191075,30.8,3.858817,True
2012-02-29,33.0,20.4,27.634301,19.18957,30.755,5.365699,True
2012-03-01,32.7,20.5,27.627419,19.188065,30.71,5.072581,True
2012-03-02,31.2,20.8,27.589677,19.176989,30.7,3.610323,True
2012-03-03,27.1,20.5,27.575376,19.142473,30.7,-0.475376,False
2012-03-04,27.6,18.8,27.555054,19.121828,30.6,0.044946,False
2012-03-05,29.2,19.3,27.523978,19.096667,30.6,1.676022,False
2012-03-06,28.8,18.9,27.455914,19.074516,30.6,1.344086,False
2012-03-07,28.7,17.2,27.376022,19.038387,30.51,1.323978,False
2012-03-08,29.0,17.2,27.317527,18.989785,30.5,1.682473,False
2012-03-09,29.4,17.0,27.270968,18.96129,30.5,2.129032,False
2012-03-10,28.8,18.3,27.22,18.924194,30.41,1.58,False
2012-03-11,27.9,17.9,27.17086,18.869785,30.4,0.72914,False
2012-03-12,29.0,17.4,27.128065,18.820215,30.4,1.871935,False
2012-03-13,28.7,18.4,27.095054,18.770753,30.4,1.604946,False
2012-03-14,29.3,18.3,27.05043,18.736882,30.3,2.24957,False
2012-03-15,27.9,19.6,27.001828,18.709677,30.3,0.898172,False
2012-03-16,24.0,19.0,26.976989,18.677957,30.21,-2.976989,False
2012-03-17,23.4,17.5,26.966989,18.656022,30.2,-3.566989,False
2012-03-18,25.1,15.2,26.934624,18.630108,30.1,-1.834624,False
2012-03-19,26.9,15.0,26.905806,18.602043,30.1,-0.005806,False
2012-03-20,27.8,16.4,26.870108,18.565699,30.01,0.929892,False
2012-03-21,29.1,16.3,26.830968,18.526452,30.0,2.269032,False
2012-03-22,29.3,19.7,26.787849,18.489677,30.0,2.512151,False
2012-03-23,24.3,18.3,26.734516,18.456989,29.9,-2.434516,False
2012-03-24,26.8,19.4,26.667312,18.415699,29.8,0.132688,False
2012-03-25,28.6,18.4,26.577957,18.367312,29.7,2.022043,False
2012-03-26,30.1,19.1,26.503441,18.309462,29.7,3.596559,False
2012-03-27,28.5,20.6,26.492796,18.249355,29.6,2.007204,False
2012-03-28,20.8,14.8,26.471828,18.197527,29.6,-5.671828,False
2012-03-29,24.6,14.4,26.426452,18.152043,29.6,-1.826452,False
2012-03-30,24.6,17.6,26.373011,18.1,29.5,-1.773011,False
2012-03-31,24.5,18.1,26.34172,18.044409,29.5,-1.84172,False
2012-04-01,25.7,16.5,26.322151,17.995914,29.5,-0.622151,False
2012-04-02,26.6,17.1,26.296344,17.935699,29.5,0.303656,False
2012-04-03,26.9,18.3,26.247634,17.869355,29.5,0.652366,False
2012-04-04,28.4,18.0,26.216237,17.789892,29.5,2.183763,False
2012-04-05,30.3,17.7,26.164516,17.720645,29.41,4.135484,False
2012-04-06,28.6,19.6,26.153656,17.66,29.41,2.446344,False
2012-04-07,28.9,18.9,26.139677,17.62,29.5,2.760323,False
2012-04-08,29.1,19.4,26.12043,17.586344,29.41,2.97957,False
2012-04-09,25.5,18.1,26.103011,17.535914,29.4,-0.603011,False
2012-04-10,27.2,18.4,26.077634,17.497204,29.4,1.122366,False
2012-04-11,28.6,18.4,26.026022,17.463548,29.3,2.573978,False
2012-04-12,28.1,18.6,25.948495,17.391075,29.21,2.151505,False
2012-04-13,28.4,19.0,25.862688,17.32043,29.2,2.537312,False
2012-04-14,29.0,19.7,25.808495,17.241613,29.2,3.191505,False
2012-04-15,28.8,20.2,25.761828,17.154946,29.1,3.038172,False
2012-04-16,23.7,17.7,25.696452,17.057849,29.1,-1.996452,False
2012-04-17,25.8,15.6,25.624301,16.967849,29.1,0.175699,False
2012-04-18,26.0,16.2,25.565591,16.880753,29.1,0.434409,False
2012-04-19,27.0,16.2,25.519677,16.794301,29.0,1.480323,False
2012-04-20,25.1,16.9,25.465054,16.719247,29.0,-0.365054,False
2012-04-21,20.9,18.3,25.37871,16.643978,28.9,-4.47871,False
2012-04-22,21.2,16.8,25.277097,16.558925,28.8,-4.077097,False
2012-04-23,24.1,15.9,25.186667,16.457097,28.71,-1.086667,False
2012-04-24,24.2,15.2,25.101398,16.338817,28.7,-0.901398,False
2012-04-25,27.0,16.9,25.012043,16.232903,28.7,1.987957,False
2012-04-26,26.0,18.1,24.940753,16.149247,28.6,1.059247,False
2012-04-27,21.8,17.7,24.829355,16.064194,28.4,-3.029355,False
2012-04-28,22.2,16.6,24.710538,15.975914,28.4,-2.510538,False
2012-04-29,20.2,17.5,24.60914,15.897204,28.4,-4.40914,False
2012-04-30,18.6,13.7,24.513871,15.806022,28.3,-5.913871,False
2012-05-01,17.8,11.5,24.41172,15.718925,28.2,-6.61172,False
2012-05-02,19.7,10.0,24.300968,15.619892,28.11,-4.600968,False
2012-05-03,21.9,14.6,24.222473,15.538065,28.1,-2.322473,False
2012-05-04,23.2,14.0,24.116559,15.483011,28.0,-0.916559,False
2012-05-05,24.3,15.0,24.011828,15.415484,27.9,0.288172,False
2012-05-06,22.4,14.2,23.938495,15.341183,27.8,-1.538495,False
2012-05-07,23.5,15.2,23.864946,15.268925,27.71,-0.364946,False
2012-05-08,22.6,14.0,23.758817,15.169785,27.7,-1.158817,False
2012-05-09,24.4,14.7,23.60828,15.056882,27.5,0.79172,False
2012-05-10,24.4,13.9,23.468925,14.948925,27.4,0.931075,False
2012-05-11,26.1,15.2,23.370323,14.85172,27.2,2.729677,False
2012-05-12,21.1,18.0,23.277204,14.754731,27.2,-2.177204,False
2012-05-13,18.8,15.4,23.200645,14.68828,27.0,-4.400645,False
2012-05-14,16.4,14.6,23.134839,14.621398,26.9,-6.734839,False
2012-05-15,17.2,14.0,23.051183,14.545484,26.8,-5.851183,False
2012-05-16,19.1,13.4,22.958925,14.475591,26.8,-3.858925,False
2012-05-17,19.8,13.7,22.863011,14.408172,26.7,-3.063011,False
2012-05-18,21.3,13.3,22.759785,14.338602,26.6,-1.459785,False
2012-05-19,22.1,12.3,22.667097,14.269355,26.5,-0.567097,False
2012-05-20,22.3,13.1,22.583226,14.201183,26.4,-0.283226,False
2012-05-21,21.6,13.8,22.499462,14.149247,26.3,-0.899462,False
2012-05-22,22.7,12.8,22.469677,14.096774,26.2,0.230323,False
2012-05-23,24.3,13.0,22.463978,14.054731,26.2,1.836022,False
2012-05-24,23.4,13.8,22.435161,14.011935,26.2,0.964839,False
2012-05-25,21.9,16.3,22.41086,13.980753,26.2,-0.51086,False
2012-05-26,22.4,15.3,22.395591,13.961075,26.2,0.004409,False
2012-05-27,24.0,10.9,22.364409,13.920753,26.2,1.635591,False
2012-05-28,24.7,15.5,22.32957,13.86957,26.2,2.37043,False
2012-05-29,26.1,15.5,22.308065,13.807527,26.2,3.791935,False
2012-05-30,26.8,16.9,22.300753,13.74,26.1,4.499247,False
2012-05-31,20.3,17.2,22.29828,13.689355,26.1,-1.99828,False
2012-06-01,21.2,16.5,22.288925,13.63871,26.0,-1.088925,False
2012-06-02,23.3,16.1,22.313441,13.616022,26.0,0.986559,False
2012-06-03,25.8,16.2,22.315914,13.581398,26.0,3.484086,False
2012-06-04,26.9,17.5,22.328817,13.556237,26.0,4.571183,False
2012-06-05,21.8,18.0,22.301505,13.544624,26.0,-0.501505,False
2012-06-06,19.3,16.3,22.270968,13.519355,25.9,-2.970968,False
2012-06-07,17.0,12.4,22.233011,13.476022,25.9,-5.233011,False
2012-06-08,13.8,11.5,22.250323,13.43828,25.9,-8.450323,False
2012-06-09,17.9,12.2,22.297634,13.427097,25.9,-4.397634,False
2012-06-10,21.4,13.6,22.316022,13.423548,26.0,-0.916022,False
2012-06-11,19.4,14.8,22.286559,13.405054,26.0,-2.886559,False
2012-06-12,22.9,14.0,22.291505,13.372043,26.0,0.608495,False
2012-06-13,23.2,16.6,22.303656,13.335591,26.0,0.896344,False
2012-06-14,24.9,16.1,22.323226,13.316774,26.0,2.576774,False
2012-06-15,23.8,16.6,22.342043,13.302473,26.0,1.457957,False
2012-06-16,23.5,14.1,22.374086,13.286129,26.0,1.125914,False
2012-06-17,22.3,13.9,22.430215,13.286129,26.1,-0.130215,False
2012-06-18,23.0,13.6,22.475161,13.287097,26.1,0.524839,False
2012-06-19,20.8,16.8,22.502258,13.279032,26.11,-1.702258,False
2012-06-20,18.4,16.8,22.513118,13.26043,26.11,-4.113118,False
2012-06-21,17.8,14.8,22.544839,13.239032,26.2,-4.744839,False
2012-06-22,19.8,15.6,22.534301,13.201183,26.2,-2.734301,False
2012-06-23,18.6,11.9,22.492903,13.163763,26.2,-3.892903,False
2012-06-24,22.5,12.3,22.483441,13.130538,26.2,0.016559,False
2012-06-25,20.1,13.1,22.455806,13.102258,26.2,-2.355806,False
2012-06-26,20.6,12.1,22.419785,13.068602,26.2,-1.819785,False
2012-06-27,22.8,13.5,22.372903,13.019032,26.2,0.427097,False
2012-06-28,23.6,12.2,22.35828,12.972473,26.2,1.24172,False
2012-06-29,23.9,11.8,22.34957,12.948925,26.11,1.55043,False
2012-06-30,24.8,12.4,22.340108,12.921183,26.1,2.459892,False
2012-07-01,25.2,11.7,22.325054,12.904624,26.11,2.874946,False
2012-07-02,26.1,12.4,22.317527,12.880968,26.11,3.782473,False
2012-07-03,24.9,13.3,22.273548,12.84957,26.1,2.626452,False
2012-07-04,24.9,13.4,22.229677,12.816344,26.1,2.670323,False
2012-07-05,25.0,13.8,22.242473,12.76957,26.2,2.757527,False
2012-07-06,24.7,14.0,22.301398,12.733871,26.21,2.398602,False
2012-07-07,22.8,15.7,22.320753,12.71914,26.31,0.479247,False
2012-07-08,18.3,12.0,22.334516,12.702581,26.4,-4.034516,False
2012-07-09,19.4,10.3,22.303978,12.68129,26.4,-2.903978,False
2012-07-10,22.6,10.8,22.277527,12.65914,26.4,0.322473,False
2012-07-11,24.0,14.9,22.27828,12.621935,26.4,1.72172,False
2012-07-12,18.8,15.8,22.299785,12.586774,26.4,-3.499785,False
2012-07-13,18.1,11.0,22.317312,12.580108,26.4,-4.217312,False
2012-07-14,19.7,7.3,22.341828,12.573763,26.41,-2.641828,False
2012-07-15,16.7,7.8,22.332688,12.56043,26.41,-5.632688,False
2012-07-16,13.5,12.0,22.336344,12.53828,26.5,-8.836344,False
2012-07-17,18.7,12.7,22.355914,12.522473,26.5,-3.655914,False
2012-07-18,15.2,11.7,22.33086,12.493871,26.6,-7.13086,False
2012-07-19,19.6,7.8,22.294839,12.466344,26.6,-2.694839,False
2012-07-20,21.2,9.4,22.279462,12.438172,26.6,-1.079462,False
2012-07-21,23.5,9.4,22.264839,12.427097,26.6,1.235161,False
2012-07-22,26.5,10.6,22.28172,12.426344,26.7,4.21828,False
2012-07-23,26.0,15.9,22.354086,12.443333,26.7,3.645914,False
2012-07-24,26.7,14.9,22.424301,12.463763,26.8,4.275699,False
2012-07-25,25.3,16.4,22.480323,12.502151,26.8,2.819677,False
2012-07-26,26.8,14.9,22.515591,12.528817,26.81,4.284409,False
2012-07-27,24.4,14.9,22.549462,12.511183,26.9,1.850538,False
2012-07-28,25.2,14.3,22.616774,12.515806,27.1,2.583226,False
2012-07-29,26.1,16.6,22.701398,12.546882,27.2,3.398602,False
2012-07-30,17.9,14.3,22.746774,12.561613,27.2,-4.846774,False
2012-07-31,20.0,14.1,22.772796,12.587527,27.2,-2.772796,False
2012-08-01,23.8,13.8,22.801935,12.60172,27.3,0.998065,False
2012-08-02,24.3,13.2,22.830215,12.629032,27.4,1.469785,False
2012-08-03,25.4,13.3,22.88,12.655806,27.4,2.52,False
2012-08-04,25.7,12.7,22.95129,12.705806,27.5,2.74871,False
2012-08-05,20.7,14.6,22.971505,12.739247,27.5,-2.271505,False
2012-08-06,20.5,12.9,22.947849,12.745591,27.5,-2.447849,False
2012-08-07,23.1,9.9,22.968817,12.738925,27.5,0.131183,False
2012-08-08,25.0,12.3,23.046882,12.767634,27.6,1.953118,False
2012-08-09,25.3,13.1,23.137312,12.819785,27.8,2.162688,False
2012-08-10,24.9,11.8,23.244409,12.855806,27.9,1.655591,False
2012-08-11,25.5,12.5,23.333333,12.903871,28.0,2.166667,False
2012-08-12,25.7,13.5,23.405914,12.954086,28.01,2.294086,False
2012-08-13,25.7,12.9,23.461935,12.986882,28.2,2.238065,False
2012-08-14,24.2,12.9,23.527312,13.022581,28.31,0.672688,False
2012-08-15,25.8,15.5,23.640968,13.068387,28.5,2.159032,False
2012-08-16,25.0,14.8,23.752581,13.127527,28.7,1.247419,False
2012-08-17,25.1,14.8,23.82,13.195484,28.71,1.28,False
2012-08-18,25.9,13.8,23.902903,13.256344,28.8,1.997097,False
2012-08-19,26.0,13.5,23.995806,13.303118,28.9,2.004194,False
2012-08-20,26.5,13.5,24.038172,13.361505,29.0,2.461828,False
2012-08-21,27.0,13.6,24.101183,13.41172,29.2,2.898817,False
2012-08-22,27.3,13.7,24.106989,13.44086,29.2,3.193011,False
2012-08-23,25.5,12.4,24.127312,13.480215,29.3,1.372688,False
2012-08-24,26.6,13.9,24.175376,13.522473,29.5,2.424624,False
2012-08-25,27.4,14.1,24.221935,13.56,29.6,3.178065,False
2012-08-26,24.6,15.5,24.314516,13.61086,29.8,0.285484,False
2012-08-27,24.6,13.7,24.415054,13.7,29.9,0.184946,False
2012-08-28,22.8,14.6,24.475914,13.783548,30.0,-1.675914,False
2012-08-29,21.7,13.0,24.518817,13.855376,30.0,-2.818817,False
2012-08-30,20.3,13.9,24.574731,13.955699,30.1,-4.274731,False
2012-08-31,26.4,11.5,24.640538,14.036989,30.21,1.759462,False
2012-09-01,28.5,10.8,24.68086,14.095484,30.3,3.81914,False
2012-09-02,29.0,12.3,24.719785,14.148925,30.4,4.280215,False
2012-09-03,23.8,12.8,24.775484,14.20828,30.5,-0.975484,False
2012-09-04,19.8,14.0,24.854409,14.262796,30.51,-5.054409,False
2012-09-05,28.2,11.8,24.895699,14.339247,30.6,3.304301,False
2012-09-06,29.3,15.0,24.944301,14.414516,30.6,4.355699,False
2012-09-07,30.0,15.4,24.977849,14.482258,30.7,5.022151,False
2012-09-08,31.5,15.9,25.005054,14.52914,30.9,6.494946,False
2012-09-09,31.7,15.8,25.019785,14.57129,31.0,6.680215,False
2012-09-10,31.4,16.6,24.934839,14.609677,31.0,6.465161,False
2012-09-11,29.8,16.9,24.859677,14.626022,31.02,4.940323,False
2012-09-12,28.7,15.5,24.823548,14.645376,31.2,3.876452,False
2012-09-13,21.3,17.1,24.820538,14.699032,31.2,-3.520538,False
2012-09-14,26.8,16.2,24.802796,14.749247,31.2,1.997204,False
2012-09-15,29.5,16.7,24.752366,14.797312,31.02,4.747634,False
2012-09-16,33.0,17.5,24.737312,14.860323,31.2,8.262688,False
2012-09-17,33.2,17.4,24.741828,14.92,31.2,8.458172,False
2012-09-18,33.4,20.0,24.714301,14.986129,31.21,8.685699,False
2012-09-19,33.9,23.0,24.716774,15.038387,31.3,9.183226,False
2012-09-20,22.9,19.0,24.788172,15.091505,31.3,-1.888172,False
2012-09-21,20.1,16.8,24.827419,15.151075,31.3,-4.727419,False
2012-09-22,20.2,13.9,24.835591,15.19828,31.3,-4.635591,False
2012-09-23,20.5,11.7,24.798387,15.232043,31.3,-4.298387,False
2012-09-24,24.0,13.3,24.797097,15.267527,31.3,-0.797097,False
2012-09-25,23.5,17.5,24.824194,15.315376,31.31,-1.324194,False
2012-09-26,18.0,9.5,24.846452,15.355161,31.3,-6.846452,False
2012-09-27,15.5,8.6,24.897634,15.412258,31.3,-9.397634,False
2012-09-28,19.0,9.4,24.979677,15.486129,31.41,-5.979677,False
2012-09-29,22.8,9.0,25.014839,15.565914,31.5,-2.214839,False
2012-09-30,26.1,11.6,25.033441,15.606452,31.5,1.066559,False
2012-10-01,29.7,13.2,25.091505,15.657527,31.5,4.608495,False
2012-10-02,30.6,14.9,25.141075,15.734946,31.5,5.458925,False
2012-10-03,31.5,18.2,25.175699,15.801505,31.5,6.324301,False
2012-10-04,29.7,18.0,25.174624,15.844516,31.5,4.525376,False
2012-10-05,28.1,17.4,25.143656,15.885054,31.5,2.956344,False
2012-10-06,29.0,18.1,25.165484,15.903333,31.5,3.834516,False
2012-10-07,29.1,17.5,25.190108,15.936882,31.5,3.909892,False
2012-10-08,28.5,15.6,25.222688,15.990538,31.41,3.277312,False
2012-10-09,29.9,15.9,25.225806,16.048602,31.3,4.674194,False
2012-10-10,30.3,18.8,25.251505,16.115054,31.2,5.048495,False
2012-10-11,23.0,16.3,25.376667,16.212688,31.2,-2.376667,False
2012-10-12,19.0,14.8,25.495591,16.319892,31.11,-6.495591,False
2012-10-13,19.3,15.3,25.567312,16.388602,31.11,-6.267312,False
2012-10-14,19.2,14.2,25.623763,16.416774,31.3,-6.423763,False
2012-10-15,23.7,12.3,25.66086,16.466882,31.4,-1.96086,False
2012-10-16,28.2,13.2,25.707634,16.507849,31.41,2.492366,False
2012-10-17,24.3,17.8,25.687527,16.531828,31.4,-1.387527,False
2012-10-18,29.2,17.8,25.673763,16.537312,31.3,3.526237,False
2012-10-19,24.6,16.5,25.72871,16.549677,31.3,-1.12871,False
2012-10-20,25.6,16.2,25.749892,16.588602,31.4,-0.149892,False
2012-10-21,30.3,16.9,25.72914,16.621613,31.31,4.57086,False
2012-10-22,31.1,19.2,25.715914,16.64914,31.2,5.384086,False
2012-10-23,25.7,20.1,25.755269,16.684409,31.11,-0.055269,False
2012-10-24,25.9,19.5,25.814946,16.726452,31.1,0.085054,False
2012-10-25,27.4,17.3,25.859355,16.773011,31.1,1.540645,False
2012-10-26,27.4,18.9,25.880108,16.818817,31.1,1.519892,False
2012-10-27,31.6,18.8,25.887634,16.866667,31.0,5.712366,False
2012-10-28,33.1,20.8,25.837634,16.896129,30.8,7.262366,False
2012-10-29,31.5,19.0,25.750753,16.91086,30.7,5.749247,False
2012-10-30,33.8,20.8,25.677742,16.892473,30.51,8.122258,False
2012-10-31,34.5,21.5,25.670108,16.898387,30.5,8.829892,False
2012-11-01,24.5,18.2,25.634086,16.915699,30.4,-1.134086,False
2012-11-02,22.2,17.2,25.627742,16.922903,30.4,-3.427742,False
2012-11-03,22.8,16.3,25.630215,16.926882,30.4,-2.830215,False
2012-11-04,25.3,17.3,25.616344,16.934409,30.3,-0.316344,False
2012-11-05,27.0,17.1,25.603763,16.934839,30.3,1.396237,False
2012-11-06,27.3,17.2,25.607634,16.944839,30.3,1.692366,False
2012-11-07,27.5,18.2,25.626237,16.966237,30.2,1.873763,False
2012-11-08,27.6,18.4,25.649247,16.985269,30.2,1.950753,False
2012-11-09,22.3,19.6,25.685591,17.007097,30.2,-3.385591,False
2012-11-10,26.7,19.2,25.71957,17.032366,30.21,0.98043,False
2012-11-11,29.8,19.4,25.716237,17.045914,30.3,4.083763,False
2012-11-12,25.5,20.2,25.720538,17.058172,30.3,-0.220538,False
2012-11-13,20.9,15.6,25.720753,17.088602,30.2,-4.820753,False
2012-11-14,19.7,14.6,25.73043,17.12957,30.1,-6.03043,False
2012-11-15,21.6,13.1,25.737419,17.166344,30.1,-4.137419,False
2012-11-16,23.1,14.1,25.745269,17.201505,30.0,-2.645269,False
2012-11-17,21.9,14.8,25.786667,17.228387,30.0,-3.886667,False
2012-11-18,25.4,13.4,25.839462,17.266667,30.0,-0.439462,False
2012-11-19,27.0,15.6,25.871935,17.308925,30.0,1.128065,False
2012-11-20,28.9,17.8,25.932796,17.360323,30.0,2.967204,False
2012-11-21,27.4,16.1,25.993548,17.40828,30.0,1.406452,False
2012-11-22,28.0,16.3,26.050215,17.466344,30.0,1.949785,False
2012-11-23,33.0,15.2,26.117849,17.528172,30.0,6.882151,False
2012-11-24,28.1,19.4,26.136559,17.576452,30.0,1.963441,False
2012-11-25,23.1,17.1,26.129892,17.622043,30.0,-3.029892,False
2012-11-26,22.0,15.6,26.107742,17.654624,29.91,-4.107742,False
2012-11-27,25.4,17.5,26.09828,17.692796,29.9,-0.69828,False
2012-11-28,29.2,18.8,26.13086,17.722258,29.91,3.06914,False
2012-11-29,29.4,17.7,26.172151,17.751075,30.0,3.227849,False
2012-11-30,27.5,17.5,26.24,17.802043,30.0,1.26,False
2012-12-01,29.2,18.7,26.28828,17.847957,30.0,2.91172,False
2012-12-02,28.7,19.0,26.322366,17.873978,30.0,2.377634,False
2012-12-03,27.5,18.6,26.360108,17.909355,30.0,1.139892,False
2012-12-04,29.8,18.0,26.427742,17.956344,30.01,3.372258,False
2012-12-05,30.6,20.3,26.546452,18.029355,30.11,4.053548,True
2012-12-06,31.4,20.9,26.637527,18.111398,30.2,4.762473,True
2012-12-07,32.0,21.6,26.695484,18.199032,30.21,5.304516,True
2012-12-08,29.4,22.9,26.724409,18.264624,30.3,2.675591,False
2012-12-09,27.5,20.0,26.754194,18.327849,30.3,0.745806,False
2012-12-10,31.4,19.5,26.750645,18.37172,30.3,4.649355,True
2012-12-11,30.6,22.3,26.762581,18.403978,30.3,3.837419,True
2012-12-12,30.4,21.3,26.795591,18.427849,30.31,3.604409,True
2012-12-13,29.8,20.8,26.823441,18.45871,30.4,2.976559,False
2012-12-14,25.9,20.4,26.881935,18.501828,30.4,-0.981935,False
2012-12-15,23.2,19.8,26.924301,18.560753,30.4,-3.724301,False
2012-12-16,26.3,20.1,26.989677,18.615699,30.41,-0.689677,False
2012-12-17,23.4,20.0,27.032796,18.670323,30.51,-3.632796,False
2012-12-18,28.6,19.3,27.041613,18.720108,30.6,1.558387,False
2012-12-19,28.6,20.6,27.025914,18.766774,30.6,1.574086,False
2012-12-20,32.8,19.4,26.996989,18.800645,30.6,5.803011,False
2012-12-21,30.1,20.8,26.976452,18.82,30.6,3.123548,False
2012-12-22,24.3,21.1,26.997097,18.851935,30.6,-2.697097,False
2012-12-23,26.4,20.3,27.04,18.875806,30.6,-0.64,False
2012-12-24,31.1,20.7,27.054839,18.90086,30.61,4.045161,False
2012-12-25,32.1,21.0,27.098817,18.942581,30.7,5.001183,False
2012-12-26,30.6,23.3,27.152258,18.978602,30.7,3.447742,False
2012-12-27,28.4,20.7,27.207527,19.008172,30.8,1.192473,False
2012-12-28,27.5,20.7,27.237527,19.04043,30.8,0.262473,False
2012-12-29,28.3,21.1,27.261935,19.073333,30.8,1.038065,False
2012-12-30,26.6,19.3,27.311075,19.110968,30.8,-0.711075,False
2012-12-31,29.4,19.8,27.334731,19.142258,30.8,2.065269,False
2013-01-01,29.6,21.0,27.338387,19.167419,30.9,2.261613,False
2013-01-02,23.7,18.3,27.340538,19.185054,30.9,-3.640538,False
2013-01-03,21.6,17.9,27.354624,19.203441,30.9,-5.754624,False
2013-01-04,27.2,18.4,27.350215,19.227957,30.9,-0.150215,False
2013-01-05,29.5,19.9,27.312796,19.225376,30.9,2.187204,False
2013-01-06,29.5,20.5,27.293226,19.226882,31.0,2.206774,False
2013-01-07,30.3,19.0,27.285054,19.226667,31.0,3.014946,False
2013-01-08,30.3,22.2,27.302903,19.234409,31.0,2.997097,False
2013-01-09,27.7,21.3,27.328817,19.23129,30.91,0.371183,False
2013-01-10,23.0,17.5,27.376667,19.254409,31.0,-4.376667,False
2013-01-11,21.7,16.4,27.375269,19.269247,31.0,-5.675269,False
2013-01-12,21.9,15.9,27.344409,19.275054,31.1,-5.444409,False
2013-01-13,24.0,17.5,27.355161,19.282796,31.1,-3.355161,False
2013-01-14,22.4,18.0,27.354086,19.301613,31.1,-4.954086,False
2013-01-15,23.2,18.7,27.353871,19.31172,31.1,-4.153871,False
2013-01-16,24.2,18.5,27.369032,19.312903,31.1,-3.169032,False
2013-01-17,26.2,18.5,27.416667,19.311828,31.11,-1.216667,False
2013-01-18,29.1,18.2,27.477419,19.331398,31.2,1.622581,False
2013-01-19,27.0,19.1,27.527527,19.345376,31.2,-0.527527,False
2013-01-20,24.6,18.0,27.573118,19.353656,31.2,-2.973118,False
2013-01-21,22.5,17.2,27.628925,19.361828,31.31,-5.128925,False
2013-01-22,25.0,16.8,27.633011,19.367742,31.4,-2.633011,False
2013-01-23,27.1,17.9,27.62172,19.371075,31.4,-0.52172,False
2013-01-24,29.5,18.1,27.634086,19.370215,31.4,1.865914,False
2013-01-25,29.3,20.9,27.642581,19.370753,31.4,1.657419,False
2013-01-26,25.4,19.8,27.641613,19.374516,31.4,-2.241613,False
2013-01-27,22.8,18.9,27.653441,19.374731,31.5,-4.853441,False
2013-01-28,24.4,17.7,27.671075,19.367742,31.51,-3.271075,False
2013-01-29,24.2,17.7,27.667849,19.353548,31.6,-3.467849,False
2013-01-30,26.0,19.1,27.652796,19.334086,31.6,-1.652796,False
2013-01-31,28.7,19.5,27.644086,19.330108,31.6,1.055914,False
2013-02-01,28.9,20.5,27.641613,19.327957,31.6,1.258387,False
2013-02-02,29.7,19.5,27.67129,19.339462,31.6,2.02871,False
2013-02-03,25.8,20.5,27.695591,19.344301,31.6,-1.895591,False
2013-02-04,24.2,18.5,27.721075,19.352581,31.6,-3.521075,False
2013-02-05,24.3,17.3,27.750538,19.368065,31.51,-3.450538,False
2013-02-06,24.9,17.7,27.777312,19.373333,31.5,-2.877312,False
2013-02-07,23.0,18.2,27.810323,19.377849,31.5,-4.810323,False
2013-02-08,25.0,17.6,27.844194,19.386452,31.5,-2.844194,False
2013-02-09,24.9,18.2,27.850538,19.407312,31.5,-2.950538,False
2013-02-10,27.5,18.9,27.833871,19.404301,31.5,-0.333871,False
2013-02-11,30.2,18.7,27.851613,19.402796,31.5,2.348387,False
2013-02-12,31.6,19.7,27.891613,19.405269,31.5,3.708387,False
2013-02-13,29.9,19.5,27.88086,19.410968,31.4,2.01914,False
2013-02-14,32.0,19.5,27.863656,19.394301,31.4,4.136344,False
2013-02-15,31.2,20.2,27.848172,19.381183,31.4,3.351828,False
2013-02-16,31.6,20.0,27.805914,19.360323,31.31,3.794086,False
2013-02-17,29.6,21.8,27.762043,19.338172,31.3,1.837957,False
2013-02-18,32.3,20.6,27.730645,19.31086,31.21,4.569355,False
2013-02-19,30.7,19.6,27.720968,19.283978,31.2,2.979032,False
2013-02-20,31.1,18.7,27.719892,19.27,31.2,3.380108,False
2013-02-21,31.1,19.8,27.700323,19.262043,31.1,3.399677,False
2013-02-22,29.0,19.2,27.728602,19.250538,31.0,1.271398,False
2013-02-23,25.3,19.5,27.751505,19.249892,31.0,-2.451505,False
2013-02-24,30.3,19.5,27.726667,19.254086,31.0,2.573333,False
2013-02-25,30.4,20.2,27.708817,19.241505,30.9,2.691183,False
2013-02-26,28.1,20.6,27.682903,19.217849,30.9,0.417097,False
2013-02-27,26.4,19.7,27.656022,19.202473,30.81,-1.256022,False
2013-02-28,26.9,19.2,27.641183,19.191075,30.8,-0.741183,False
2013-03-01,26.8,18.8,27.627419,19.188065,30.71,-0.827419,False
2013-03-02,27.2,18.0,27.589677,19.176989,30.7,-0.389677,False
2013-03-03,30.1,18.4,27.575376,19.142473,30.7,2.524624,False
2013-03-04,30.6,19.8,27.555054,19.121828,30.6,3.044946,False
2013-03-05,30.5,20.9,27.523978,19.096667,30.6,2.976022,False
2013-03-06,30.9,19.9,27.455914,19.074516,30.6,3.444086,False
2013-03-07,29.5,20.0,27.376022,19.038387,30.51,2.123978,False
2013-03-08,31.0,20.7,27.317527,18.989785,30.5,3.682473,False
2013-03-09,30.8,21.0,27.270968,18.96129,30.5,3.529032,False
2013-03-10,30.1,19.9,27.22,18.924194,30.41,2.88,False
2013-03-11,28.3,20.4,27.17086,18.869785,30.4,1.12914,False
2013-03-12,30.4,20.7,27.128065,18.820215,30.4,3.271935,False
2013-03-13,25.8,21.4,27.095054,18.770753,30.4,-1.295054,False
2013-03-14,23.3,19.2,27.05043,18.736882,30.3,-3.75043,False
2013-03-15,26.7,18.5,27.001828,18.709677,30.3,-0.301828,False
2013-03-16,27.0,20.4,26.976989,18.677957,30.21,0.023011,False
2013-03-17,21.4,17.9,26.966989,18.656022,30.2,-5.566989,False
2013-03-18,18.5,15.8,26.934624,18.630108,30.1,-8.434624,False
2013-03-19,20.7,15.6,26.905806,18.602043,30.1,-6.205806,False
2013-03-20,23.3,15.8,26.870108,18.565699,30.01,-3.570108,False
2013-03-21,22.3,18.5,26.830968,18.526452,30.0,-4.530968,False
2013-03-22,26.8,18.6,26.787849,18.489677,30.0,0.012151,False
2013-03-23,25.2,18.9,26.734516,18.456989,29.9,-1.534516,False
2013-03-24,25.2,17.7,26.667312,18.415699,29.8,-1.467312,False
2013-03-25,26.5,18.8,26.577957,18.367312,29.7,-0.077957,False
2013-03-26,24.2,18.7,26.503441,18.309462,29.7,-2.303441,False
2013-03-27,24.4,17.2,26.492796,18.249355,29.6,-2.092796,False
2013-03-28,24.9,15.5,26.471828,18.197527,29.6,-1.571828,False
2013-03-29,23.8,16.8,26.426452,18.152043,29.6,-2.626452,False
2013-03-30,25.6,16.1,26.373011,18.1,29.5,-0.773011,False
2013-03-31,27.1,16.6,26.34172,18.044409,29.5,0.75828,False
2013-04-01,28.9,18.2,26.322151,17.995914,29.5,2.577849,False
2013-04-02,24.0,19.7,26.296344,17.935699,29.5,-2.296344,False
2013-04-03,26.7,18.4,26.247634,17.869355,29.5,0.452366,False
2013-04-04,28.0,18.4,26.216237,17.789892,29.5,1.783763,False
2013-04-05,23.1,20.9,26.164516,17.720645,29.41,-3.064516,False
2013-04-06,27.2,19.4,26.153656,17.66,29.41,1.046344,False
2013-04-07,26.0,18.5,26.139677,17.62,29.5,-0.139677,False
2013-04-08,24.9,19.8,26.12043,17.586344,29.41,-1.22043,False
2013-04-09,23.8,18.1,26.103011,17.535914,29.4,-2.303011,False
2013-04-10,24.1,17.6,26.077634,17.497204,29.4,-1.977634,False
2013-04-11,27.0,17.8,26.026022,17.463548,29.3,0.973978,False
2013-04-12,27.2,19.1,25.948495,17.391075,29.21,1.251505,False
2013-04-13,22.4,18.7,25.862688,17.32043,29.2,-3.462688,False
2013-04-14,18.6,15.1,25.808495,17.241613,29.2,-7.208495,False
2013-04-15,23.4,12.5,25.761828,17.154946,29.1,-2.361828,False
2013-04-16,24.5,14.1,25.696452,17.057849,29.1,-1.196452,False
2013-04-17,22.0,13.2,25.624301,16.967849,29.1,-3.624301,False
2013-04-18,23.4,11.8,25.565591,16.880753,29.1,-2.165591,False
2013-04-19,24.1,14.8,25.519677,16.794301,29.0,-1.419677,False
2013-04-20,23.0,13.9,25.465054,16.719247,29.0,-2.465054,False
2013-04-21,22.8,12.7,25.37871,16.643978,28.9,-2.57871,False
2013-04-22,21.8,14.5,25.277097,16.558925,28.8,-3.477097,False
2013-04-23,23.4,12.8,25.186667,16.457097,28.71,-1.786667,False
2013-04-24,23.9,14.0,25.101398,16.338817,28.7,-1.201398,False
2013-04-25,24.1,13.3,25.012043,16.232903,28.7,-0.912043,False
2013-04-26,25.5,14.1,24.940753,16.149247,28.6,0.559247,False
2013-04-27,24.8,13.1,24.829355,16.064194,28.4,-0.029355,False
2013-04-28,24.9,12.3,24.710538,15.975914,28.4,0.189462,False
2013-04-29,25.3,15.4,24.60914,15.897204,28.4,0.69086,False
2013-04-30,28.2,15.6,24.513871,15.806022,28.3,3.686129,False
2013-05-01,25.8,17.1,24.41172,15.718925,28.2,1.38828,False
2013-05-02,27.4,16.7,24.300968,15.619892,28.11,3.099032,False
2013-05-03,28.2,17.0,24.222473,15.538065,28.1,3.977527,False
2013-05-04,28.9,17.0,24.116559,15.483011,28.0,4.783441,False
2013-05-05,26.6,18.1,24.011828,15.415484,27.9,2.588172,False
2013-05-06,21.2,12.8,23.938495,15.341183,27.8,-2.738495,False
2013-05-07,22.1,10.3,23.864946,15.268925,27.71,-1.764946,False
2013-05-08,20.2,11.5,23.758817,15.169785,27.7,-3.558817,False
2013-05-09,24.2,9.0,23.60828,15.056882,27.5,0.59172,False
2013-05-10,24.4,10.3,23.468925,14.948925,27.4,0.931075,False
2013-05-11,25.9,13.8,23.370323,14.85172,27.2,2.529677,False
2013-05-12,25.7,13.2,23.277204,14.754731,27.2,2.422796,False
2013-05-13,26.4,13.2,23.200645,14.68828,27.0,3.199355,False
2013-05-14,27.3,13.9,23.134839,14.621398,26.9,4.165161,False
2013-05-15,28.6,15.7,23.051183,14.545484,26.8,5.548817,False
2013-05-16,27.6,18.2,22.958925,14.475591,26.8,4.641075,False
2013-05-17,19.7,15.2,22.863011,14.408172,26.7,-3.163011,False
2013-05-18,20.5,15.0,22.759785,14.338602,26.6,-2.259785,False
2013-05-19,22.2,15.8,22.667097,14.269355,26.5,-0.467097,False
2013-05-20,26.3,16.0,22.583226,14.201183,26.4,3.716774,False
2013-05-21,24.5,17.3,22.499462,14.149247,26.3,2.000538,False
2013-05-22,21.8,16.2,22.469677,14.096774,26.2,-0.669677,False
2013-05-23,17.8,15.3,22.463978,14.054731,26.2,-4.663978,False
2013-05-24,18.6,14.2,22.435161,14.011935,26.2,-3.835161,False
2013-05-25,21.3,12.3,22.41086,13.980753,26.2,-1.11086,False
2013-05-26,22.2,13.0,22.395591,13.961075,26.2,-0.195591,False
2013-05-27,17.1,13.9,22.364409,13.920753,26.2,-5.264409,False
2013-05-28,19.5,13.7,22.32957,13.86957,26.2,-2.82957,False
2013-05-29,19.9,15.7,22.308065,13.807527,26.2,-2.408065,False
2013-05-30,21.5,16.3,22.300753,13.74,26.1,-0.800753,False
2013-05-31,20.8,13.9,22.29828,13.689355,26.1,-1.49828,False
2013-06-01,25.5,13.2,22.288925,13.63871,26.0,3.211075,False
2013-06-02,19.8,15.8,22.313441,13.616022,26.0,-2.513441,False
2013-06-03,18.3,13.7,22.315914,13.581398,26.0,-4.015914,False
2013-06-04,20.9,10.5,22.328817,13.556237,26.0,-1.428817,False
2013-06-05,23.4,12.5,22.301505,13.544624,26.0,1.098495,False
2013-06-06,24.4,11.2,22.270968,13.519355,25.9,2.129032,False
2013-06-07,24.6,12.9,22.233011,13.476022,25.9,2.366989,False
2013-06-08,23.4,14.3,22.250323,13.43828,25.9,1.149677,False
2013-06-09,24.1,15.2,22.297634,13.427097,25.9,1.802366,False
2013-06-10,24.9,14.2,22.316022,13.423548,26.0,2.583978,False
2013-06-11,23.4,15.8,22.286559,13.405054,26.0,1.113441,False
2013-06-12,23.9,16.2,22.291505,13.372043,26.0,1.608495,False
2013-06-13,23.1,15.7,22.303656,13.335591,26.0,0.796344,False
2013-06-14,23.0,15.1,22.323226,13.316774,26.0,0.676774,False
2013-06-15,18.6,13.4,22.342043,13.302473,26.0,-3.742043,False
2013-06-16,22.0,14.2,22.374086,13.286129,26.0,-0.374086,False
2013-06-17,20.6,16.3,22.430215,13.286129,26.1,-1.830215,False
2013-06-18,22.3,13.5,22.475161,13.287097,26.1,-0.175161,False
2013-06-19,24.4,12.4,22.502258,13.279032,26.11,1.897742,False
2013-06-20,21.0,15.7,22.513118,13.26043,26.11,-1.513118,False
2013-06-21,23.5,15.4,22.544839,13.239032,26.2,0.955161,False
2013-06-22,21.9,15.0,22.534301,13.201183,26.2,-0.634301,False
2013-06-23,18.8,12.5,22.492903,13.163763,26.2,-3.692903,False
2013-06-24,19.2,14.1,22.483441,13.130538,26.2,-3.283441,False
2013-06-25,19.4,15.1,22.455806,13.102258,26.2,-3.055806,False
2013-06-26,18.8,16.2,22.419785,13.068602,26.2,-3.619785,False
2013-06-27,19.8,16.0,22.372903,13.019032,26.2,-2.572903,False
2013-06-28,23.9,16.0,22.35828,12.972473,26.2,1.54172,False
2013-06-29,25.7,15.5,22.34957,12.948925,26.11,3.35043,False
2013-06-30,19.8,16.4,22.340108,12.921183,26.1,-2.540108,False
2013-07-01,16.9,14.1,22.325054,12.904624,26.11,-5.425054,False
2013-07-02,18.3,13.3,22.317527,12.880968,26.11,-4.017527,False
2013-07-03,22.1,13.0,22.273548,12.84957,26.1,-0.173548,False
2013-07-04,23.4,11.4,22.229677,12.816344,26.1,1.170323,False
2013-07-05,25.1,12.9,22.242473,12.76957,26.2,2.857527,False
2013-07-06,24.8,12.9,22.301398,12.733871,26.21,2.498602,False
2013-07-07,24.7,12.2,22.320753,12.71914,26.31,2.379247,False
2013-07-08,19.3,13.5,22.334516,12.702581,26.4,-3.034516,False
2013-07-09,19.0,14.5,22.303978,12.68129,26.4,-3.303978,False
2013-07-10,21.0,13.1,22.277527,12.65914,26.4,-1.277527,False
2013-07-11,20.7,12.9,22.27828,12.621935,26.4,-1.57828,False
2013-07-12,23.1,10.9,22.299785,12.586774,26.4,0.800215,False
2013-07-13,24.6,11.4,22.317312,12.580108,26.4,2.282688,False
2013-07-14,25.2,13.2,22.341828,12.573763,26.41,2.858172,False
2013-07-15,23.1,13.4,22.332688,12.56043,26.41,0.767312,False
2013-07-16,21.5,13.3,22.336344,12.53828,26.5,-0.836344,False
2013-07-17,22.9,10.9,22.355914,12.522473,26.5,0.544086,False
2013-07-18,26.1,12.2,22.33086,12.493871,26.6,3.76914,False
2013-07-19,22.1,14.4,22.294839,12.466344,26.6,-0.194839,False
2013-07-20,25.5,14.3,22.279462,12.438172,26.6,3.220538,False
2013-07-21,24.9,19.9,22.264839,12.427097,26.6,2.635161,False
2013-07-22,20.8,16.1,22.28172,12.426344,26.7,-1.48172,False
2013-07-23,15.4,8.1,22.354086,12.443333,26.7,-6.954086,False
2013-07-24,8.4,5.8,22.424301,12.463763,26.8,-14.024301,False
2013-07-25,11.3,7.8,22.480323,12.502151,26.8,-11.180323,False
2013-07-26,14.7,8.7,22.515591,12.528817,26.81,-7.815591,False
2013-07-27,18.7,11.0,22.549462,12.511183,26.9,-3.849462,False
2013-07-28,21.3,8.5,22.616774,12.515806,27.1,-1.316774,False
2013-07-29,20.2,8.0,22.701398,12.546882,27.2,-2.501398,False
2013-07-30,23.0,7.0,22.746774,12.561613,27.2,0.253226,False
2013-07-31,25.1,9.6,22.772796,12.587527,27.2,2.327204,False
2013-08-01,25.6,9.5,22.801935,12.60172,27.3,2.798065,False
2013-08-02,26.8,10.1,22.830215,12.629032,27.4,3.969785,False
2013-08-03,27.9,13.1,22.88,12.655806,27.4,5.02,False
2013-08-04,26.7,11.5,22.95129,12.705806,27.5,3.74871,False
2013-08-05,22.7,14.6,22.971505,12.739247,27.5,-0.271505,False
2013-08-06,24.7,13.0,22.947849,12.745591,27.5,1.752151,False
2013-08-07,25.1,13.1,22.968817,12.738925,27.5,2.131183,False
2013-08-08,26.8,14.5,23.046882,12.767634,27.6,3.753118,False
2013-08-09,27.1,15.0,23.137312,12.819785,27.8,3.962688,False
2013-08-10,26.7,15.1,23.244409,12.855806,27.9,3.455591,False
2013-08-11,20.1,10.5,23.333333,12.903871,28.0,-3.233333,False
2013-08-12,24.5,8.3,23.405914,12.954086,28.01,1.094086,False
2013-08-13,27.2,11.6,23.461935,12.986882,28.2,3.738065,False
2013-08-14,21.4,8.9,23.527312,13.022581,28.31,-2.127312,False
2013-08-15,14.1,7.3,23.640968,13.068387,28.5,-9.540968,False
2013-08-16,20.3,8.4,23.752581,13.127527,28.7,-3.452581,False
2013-08-17,16.9,11.6,23.82,13.195484,28.71,-6.92,False
2013-08-18,17.3,13.0,23.902903,13.256344,28.8,-6.602903,False
2013-08-19,21.8,11.8,23.995806,13.303118,28.9,-2.195806,False
2013-08-20,23.5,12.3,24.038172,13.361505,29.0,-0.538172,False
2013-08-21,25.9,12.3,24.101183,13.41172,29.2,1.798817,False
2013-08-22,27.0,16.3,24.106989,13.44086,29.2,2.893011,False
2013-08-23,29.2,15.0,24.127312,13.480215,29.3,5.072688,False
2013-08-24,27.0,15.0,24.175376,13.522473,29.5,2.824624,False
2013-08-25,29.1,15.0,24.221935,13.56,29.6,4.878065,False
2013-08-26,23.7,14.6,24.314516,13.61086,29.8,-0.614516,False
2013-08-27,18.0,11.8,24.415054,13.7,29.9,-6.415054,False
2013-08-28,15.8,9.2,24.475914,13.783548,30.0,-8.675914,False
2013-08-29,23.5,8.4,24.518817,13.855376,30.0,-1.018817,False
2013-08-30,26.5,10.4,24.574731,13.955699,30.1,1.925269,False
2013-08-31,27.0,11.6,24.640538,14.036989,30.21,2.359462,False
2013-09-01,28.6,14.3,24.68086,14.095484,30.3,3.91914,False
2013-09-02,30.0,13.5,24.719785,14.148925,30.4,5.280215,False
2013-09-03,21.8,15.9,24.775484,14.20828,30.5,-2.975484,False
2013-09-04,16.0,14.0,24.854409,14.262796,30.51,-8.854409,False
2013-09-05,19.1,12.9,24.895699,14.339247,30.6,-5.795699,False
2013-09-06,23.8,13.3,24.944301,14.414516,30.6,-1.144301,False
2013-09-07,25.4,13.1,24.977849,14.482258,30.7,0.422151,False
2013-09-08,27.5,13.2,25.005054,14.52914,30.9,2.494946,False
2013-09-09,27.7,13.4,25.019785,14.57129,31.0,2.680215,False
2013-09-10,27.9,13.1,24.934839,14.609677,31.0,2.965161,False
2013-09-11,27.5,14.6,24.859677,14.626022,31.02,2.640323,False
2013-09-12,28.9,15.8,24.823548,14.645376,31.2,4.076452,False
2013-09-13,28.8,15.5,24.820538,14.699032,31.2,3.979462,False
2013-09-14,30.4,15.0,24.802796,14.749247,31.2,5.597204,False
2013-09-15,31.2,15.4,24.752366,14.797312,31.02,6.447634,False
2013-09-16,29.2,18.1,24.737312,14.860323,31.2,4.462688,False
2013-09-17,20.0,17.3,24.741828,14.92,31.2,-4.741828,False
2013-09-18,19.3,13.7,24.714301,14.986129,31.21,-5.414301,False
2013-09-19,20.7,14.7,24.716774,15.038387,31.3,-4.016774,False
2013-09-20,29.0,16.6,24.788172,15.091505,31.3,4.211828,False
2013-09-21,32.2,18.9,24.827419,15.151075,31.3,7.372581,False
2013-09-22,27.1,19.6,24.835591,15.19828,31.3,2.264409,False
2013-09-23,24.0,17.0,24.798387,15.232043,31.3,-0.798387,False
2013-09-24,20.2,16.4,24.797097,15.267527,31.3,-4.597097,False
2013-09-25,16.9,10.7,24.824194,15.315376,31.31,-7.924194,False
2013-09-26,17.8,10.8,24.846452,15.355161,31.3,-7.046452,False
2013-09-27,20.5,7.9,24.897634,15.412258,31.3,-4.397634,False
2013-09-28,27.4,11.2,24.979677,15.486129,31.41,2.420323,False
2013-09-29,21.2,14.3,25.014839,15.565914,31.5,-3.814839,False
2013-09-30,21.0,15.6,25.033441,15.606452,31.5,-4.033441,False
2013-10-01,25.0,17.7,25.091505,15.657527,31.5,-0.091505,False
2013-10-02,21.3,16.7,25.141075,15.734946,31.5,-3.841075,False
2013-10-03,22.4,17.6,25.175699,15.801505,31.5,-2.775699,False
2013-10-04,22.1,17.2,25.174624,15.844516,31.5,-3.074624,False
2013-10-05,20.4,15.0,25.143656,15.885054,31.5,-4.743656,False
2013-10-06,20.2,10.5,25.165484,15.903333,31.5,-4.965484,False
2013-10-07,17.1,12.5,25.190108,15.936882,31.5,-8.090108,False
2013-10-08,19.5,11.2,25.222688,15.990538,31.41,-5.722688,False
2013-10-09,23.9,11.9,25.225806,16.048602,31.3,-1.325806,False
2013-10-10,24.5,13.8,25.251505,16.115054,31.2,-0.751505,False
2013-10-11,25.4,14.1,25.376667,16.212688,31.2,0.023333,False
2013-10-12,23.5,15.2,25.495591,16.319892,31.11,-1.995591,False
2013-10-13,27.8,15.8,25.567312,16.388602,31.11,2.232688,False
2013-10-14,29.3,19.2,25.623763,16.416774,31.3,3.676237,False
2013-10-15,24.3,18.3,25.66086,16.466882,31.4,-1.36086,False
2013-10-16,19.4,17.2,25.707634,16.507849,31.41,-6.307634,False
2013-10-17,20.6,16.0,25.687527,16.531828,31.4,-5.087527,False
2013-10-18,23.9,16.8,25.673763,16.537312,31.3,-1.773763,False
2013-10-19,26.1,14.2,25.72871,16.549677,31.3,0.37129,False
2013-10-20,29.7,15.6,25.749892,16.588602,31.4,3.950108,False
2013-10-21,31.9,16.6,25.72914,16.621613,31.31,6.17086,False
2013-10-22,24.9,18.6,25.715914,16.64914,31.2,-0.815914,False
2013-10-23,29.0,17.3,25.755269,16.684409,31.11,3.244731,False
2013-10-24,30.5,19.4,25.814946,16.726452,31.1,4.685054,False
2013-10-25,22.5,19.0,25.859355,16.773011,31.1,-3.359355,False
2013-10-26,30.2,17.5,25.880108,16.818817,31.1,4.319892,False
2013-10-27,27.9,16.8,25.887634,16.866667,31.0,2.012366,False
2013-10-28,20.2,13.6,25.837634,16.896129,30.8,-5.637634,False
2013-10-29,20.2,12.0,25.750753,16.91086,30.7,-5.550753,False
2013-10-30,23.0,13.3,25.677742,16.892473,30.51,-2.677742,False
2013-10-31,21.2,14.7,25.670108,16.898387,30.5,-4.470108,False
2013-11-01,23.6,15.6,25.634086,16.915699,30.4,-2.034086,False
2013-11-02,28.7,16.0,25.627742,16.922903,30.4,3.072258,False
2013-11-03,30.7,16.2,25.630215,16.926882,30.4,5.069785,False
2013-11-04,23.1,17.4,25.616344,16.934409,30.3,-2.516344,False
2013-11-05,18.0,14.6,25.603763,16.934839,30.3,-7.603763,False
2013-11-06,16.5,14.7,25.607634,16.944839,30.3,-9.107634,False
2013-11-07,21.3,14.3,25.626237,16.966237,30.2,-4.326237,False
2013-11-08,25.5,16.1,25.649247,16.985269,30.2,-0.149247,False
2013-11-09,28.7,16.3,25.685591,17.007097,30.2,3.014409,False
2013-11-10,31.3,16.9,25.71957,17.032366,30.21,5.58043,False
2013-11-11,33.4,18.6,25.716237,17.045914,30.3,7.683763,False
2013-11-12,30.2,23.6,25.720538,17.058172,30.3,4.479462,False
2013-11-13,25.1,17.5,25.720753,17.088602,30.2,-0.620753,False
2013-11-14,25.1,13.6,25.73043,17.12957,30.1,-0.63043,False
2013-11-15,30.3,14.5,25.737419,17.166344,30.1,4.562581,False
2013-11-16,28.1,20.5,25.745269,17.201505,30.0,2.354731,False
2013-11-17,20.4,16.6,25.786667,17.228387,30.0,-5.386667,False
2013-11-18,25.9,16.2,25.839462,17.266667,30.0,0.060538,False
2013-11-19,28.9,17.3,25.871935,17.308925,30.0,3.028065,False
2013-11-20,30.8,19.0,25.932796,17.360323,30.0,4.867204,False
2013-11-21,31.4,20.1,25.993548,17.40828,30.0,5.406452,False
2013-11-22,23.3,18.8,26.050215,17.466344,30.0,-2.750215,False
2013-11-23,20.3,18.0,26.117849,17.528172,30.0,-5.817849,False
2013-11-24,21.7,17.4,26.136559,17.576452,30.0,-4.436559,False
2013-11-25,21.2,18.1,26.129892,17.622043,30.0,-4.929892,False
2013-11-26,24.2,17.8,26.107742,17.654624,29.91,-1.907742,False
2013-11-27,27.6,17.9,26.09828,17.692796,29.9,1.50172,False
2013-11-28,30.0,18.6,26.13086,17.722258,29.91,3.86914,False
2013-11-29,30.1,19.7,26.172151,17.751075,30.0,3.927849,False
2013-11-30,24.6,19.2,26.24,17.802043,30.0,-1.64,False
2013-12-01,24.1,19.7,26.28828,17.847957,30.0,-2.18828,False
2013-12-02,28.6,19.7,26.322366,17.873978,30.0,2.277634,False
2013-12-03,31.1,20.9,26.360108,17.909355,30.0,4.739892,True
2013-12-04,33.1,20.0,26.427742,17.956344,30.01,6.672258,True
2013-12-05,32.5,19.1,26.546452,18.029355,30.11,5.953548,True
2013-12-06,25.9,17.3,26.637527,18.111398,30.2,-0.737527,False
2013-12-07,27.9,18.1,26.695484,18.199032,30.21,1.204516,False
2013-12-08,29.1,19.4,26.724409,18.264624,30.3,2.375591,False
2013-12-09,31.6,19.4,26.754194,18.327849,30.3,4.845806,False
2013-12-10,27.6,21.6,26.750645,18.37172,30.3,0.849355,False
2013-12-11,22.8,19.0,26.762581,18.403978,30.3,-3.962581,False
2013-12-12,22.4,17.5,26.795591,18.427849,30.31,-4.395591,False
2013-12-13,25.0,17.0,26.823441,18.45871,30.4,-1.823441,False
2013-12-14,27.7,16.6,26.881935,18.501828,30.4,0.818065,False
2013-12-15,28.9,17.4,26.924301,18.560753,30.4,1.975699,False
2013-12-16,26.0,16.8,26.989677,18.615699,30.41,-0.989677,False
2013-12-17,25.6,15.7,27.032796,18.670323,30.51,-1.432796,False
2013-12-18,27.0,16.1,27.041613,18.720108,30.6,-0.041613,False
2013-12-19,25.8,17.2,27.025914,18.766774,30.6,-1.225914,False
2013-12-20,25.4,18.1,26.996989,18.800645,30.6,-1.596989,False
2013-12-21,25.5,17.8,26.976452,18.82,30.6,-1.476452,False
2013-12-22,27.0,18.0,26.997097,18.851935,30.6,0.002903,False
2013-12-23,24.8,18.9,27.04,18.875806,30.6,-2.24,False
2013-12-24,26.9,18.6,27.054839,18.90086,30.61,-0.154839,False
2013-12-25,27.8,19.4,27.098817,18.942581,30.7,0.701183,False
2013-12-26,31.9,18.4,27.152258,18.978602,30.7,4.747742,False
2013-12-27,33.7,18.9,27.207527,19.008172,30.8,6.492473,False
2013-12-28,30.7,19.3,27.237527,19.04043,30.8,3.462473,False
2013-12-29,28.5,20.9,27.261935,19.073333,30.8,1.238065,False
2013-12-30,29.5,21.7,27.311075,19.110968,30.8,2.188925,False
2013-12-31,29.4,22.2,27.334731,19.142258,30.8,2.065269,False
2014-01-01,30.8,22.6,27.338387,19.167419,30.9,3.461613,False
2014-01-02,31.1,20.4,27.340538,19.185054,30.9,3.759462,False
2014-01-03,33.1,22.1,27.354624,19.203441,30.9,5.745376,False
2014-01-04,29.4,20.9,27.350215,19.227957,30.9,2.049785,False
2014-01-05,28.2,20.1,27.312796,19.225376,30.9,0.887204,False
2014-01-06,30.3,19.0,27.293226,19.226882,31.0,3.006774,False
2014-01-07,30.5,18.7,27.285054,19.226667,31.0,3.214946,False
2014-01-08,32.1,21.0,27.302903,19.234409,31.0,4.797097,False
2014-01-09,30.5,20.7,27.328817,19.23129,30.91,3.171183,False
2014-01-10,32.0,20.3,27.376667,19.254409,31.0,4.623333,False
2014-01-11,31.0,19.6,27.375269,19.269247,31.0,3.624731,False
2014-01-12,30.0,20.0,27.344409,19.275054,31.1,2.655591,False
2014-01-13,29.6,20.4,27.355161,19.282796,31.1,2.244839,False
2014-01-14,31.2,18.8,27.354086,19.301613,31.1,3.845914,False
2014-01-15,30.8,18.6,27.353871,19.31172,31.1,3.446129,False
2014-01-16,25.6,19.2,27.369032,19.312903,31.1,-1.769032,False
2014-01-17,26.0,19.1,27.416667,19.311828,31.11,-1.416667,False
2014-01-18,28.2,18.2,27.477419,19.331398,31.2,0.722581,False
2014-01-19,28.7,17.0,27.527527,19.345376,31.2,1.172473,False
2014-01-20,31.8,17.7,27.573118,19.353656,31.2,4.226882,False
2014-01-21,31.1,20.3,27.628925,19.361828,31.31,3.471075,False
2014-01-22,31.8,21.6,27.633011,19.367742,31.4,4.166989,False
2014-01-23,29.8,21.8,27.62172,19.371075,31.4,2.17828,False
2014-01-24,31.3,19.5,27.634086,19.370215,31.4,3.665914,False
2014-01-25,32.3,19.8,27.642581,19.370753,31.4,4.657419,False
2014-01-26,31.2,20.4,27.641613,19.374516,31.4,3.558387,False
2014-01-27,32.4,20.2,27.653441,19.374731,31.5,4.746559,True
2014-01-28,32.7,20.6,27.671075,19.367742,31.51,5.028925,True
2014-01-29,33.9,20.0,27.667849,19.353548,31.6,6.232151,True
2014-01-30,33.5,19.4,27.652796,19.334086,31.6,5.847204,True
2014-01-31,34.3,19.5,27.644086,19.330108,31.6,6.655914,True
2014-02-01,35.1,16.3,27.641613,19.327957,31.6,7.458387,True
2014-02-02,34.1,21.5,27.67129,19.339462,31.6,6.42871,True
2014-02-03,33.9,22.0,27.695591,19.344301,31.6,6.204409,True
2014-02-04,33.6,23.3,27.721075,19.352581,31.6,5.878925,True
2014-02-05,34.6,22.4,27.750538,19.368065,31.51,6.849462,True
2014-02-06,34.8,21.3,27.777312,19.373333,31.5,7.022688,True
2014-02-07,35.7,21.6,27.810323,19.377849,31.5,7.889677,True
2014-02-08,35.5,23.3,27.844194,19.386452,31.5,7.655806,True
2014-02-09,34.1,21.7,27.850538,19.407312,31.5,6.249462,True
2014-02-10,33.2,21.6,27.833871,19.404301,31.5,5.366129,True
2014-02-11,33.0,19.7,27.851613,19.402796,31.5,5.148387,True
2014-02-12,32.9,21.1,27.891613,19.405269,31.5,5.008387,True
2014-02-13,32.1,21.8,27.88086,19.410968,31.4,4.21914,True
2014-02-14,30.7,20.5,27.863656,19.394301,31.4,2.836344,False
2014-02-15,22.0,20.0,27.848172,19.381183,31.4,-5.848172,False
2014-02-16,25.4,19.4,27.805914,19.360323,31.31,-2.405914,False
2014-02-17,25.6,19.1,27.762043,19.338172,31.3,-2.162043,False
2014-02-18,25.6,18.7,27.730645,19.31086,31.21,-2.130645,False
2014-02-19,27.9,17.2,27.720968,19.283978,31.2,0.179032,False
2014-02-20,30.2,17.4,27.719892,19.27,31.2,2.480108,False
2014-02-21,31.3,19.1,27.700323,19.262043,31.1,3.599677,False
2014-02-22,29.8,20.8,27.728602,19.250538,31.0,2.071398,False
2014-02-23,30.7,19.8,27.751505,19.249892,31.0,2.948495,False
2014-02-24,29.1,21.1,27.726667,19.254086,31.0,1.373333,False
2014-02-25,29.0,19.8,27.708817,19.241505,30.9,1.291183,False
2014-02-26,32.1,18.4,27.682903,19.217849,30.9,4.417097,False
2014-02-27,32.6,21.4,27.656022,19.202473,30.81,4.943978,False
2014-02-28,27.0,19.8,27.641183,19.191075,30.8,-0.641183,False
2014-03-01,27.4,19.1,27.627419,19.188065,30.71,-0.227419,False
2014-03-02,26.6,18.5,27.589677,19.176989,30.7,-0.989677,False
2014-03-03,27.3,19.0,27.575376,19.142473,30.7,-0.275376,False
2014-03-04,28.6,18.9,27.555054,19.121828,30.6,1.044946,False
2014-03-05,25.7,20.1,27.523978,19.096667,30.6,-1.823978,False
2014-03-06,28.5,19.6,27.455914,19.074516,30.6,1.044086,False
2014-03-07,26.4,18.0,27.376022,19.038387,30.51,-0.976022,False
2014-03-08,25.9,18.3,27.317527,18.989785,30.5,-1.417527,False
2014-03-09,28.8,17.3,27.270968,18.96129,30.5,1.529032,False
2014-03-10,30.4,18.8,27.22,18.924194,30.41,3.18,False
2014-03-11,28.7,20.1,27.17086,18.869785,30.4,1.52914,False
2014-03-12,26.6,19.4,27.128065,18.820215,30.4,-0.528065,False
2014-03-13,28.5,19.5,27.095054,18.770753,30.4,1.404946,False
2014-03-14,30.4,19.6,27.05043,18.736882,30.3,3.34957,True
2014-03-15,30.9,20.7,27.001828,18.709677,30.3,3.898172,True
2014-03-16,31.3,21.2,26.976989,18.677957,30.21,4.323011,True
2014-03-17,30.6,20.8,26.966989,18.656022,30.2,3.633011,True
2014-03-18,30.0,20.5,26.934624,18.630108,30.1,3.065376,False
2014-03-19,29.9,19.0,26.905806,18.602043,30.1,2.994194,False
2014-03-20,29.0,19.9,26.870108,18.565699,30.01,2.129892,False
2014-03-21,27.7,20.2,26.830968,18.526452,30.0,0.869032,False
2014-03-22,26.5,19.6,26.787849,18.489677,30.0,-0.287849,False
2014-03-23,21.2,17.4,26.734516,18.456989,29.9,-5.534516,False
2014-03-24,23.4,16.5,26.667312,18.415699,29.8,-3.267312,False
2014-03-25,24.6,15.2,26.577957,18.367312,29.7,-1.977957,False
2014-03-26,23.7,16.5,26.503441,18.309462,29.7,-2.803441,False
2014-03-27,26.0,17.5,26.492796,18.249355,29.6,-0.492796,False
2014-03-28,27.2,16.8,26.471828,18.197527,29.6,0.728172,False
2014-03-29,27.9,17.7,26.426452,18.152043,29.6,1.473548,False
2014-03-30,27.9,19.0,26.373011,18.1,29.5,1.526989,False
2014-03-31,27.3,19.3,26.34172,18.044409,29.5,0.95828,False
2014-04-01,27.5,19.4,26.322151,17.995914,29.5,1.177849,False
2014-04-02,25.5,18.2,26.296344,17.935699,29.5,-0.796344,False
2014-04-03,25.7,19.4,26.247634,17.869355,29.5,-0.547634,False
2014-04-04,24.4,19.1,26.216237,17.789892,29.5,-1.816237,False
2014-04-05,27.6,16.3,26.164516,17.720645,29.41,1.435484,False
2014-04-06,29.6,17.4,26.153656,17.66,29.41,3.446344,False
2014-04-07,29.5,16.5,26.139677,17.62,29.5,3.360323,False
2014-04-08,29.0,16.9,26.12043,17.586344,29.41,2.87957,False
2014-04-09,28.6,18.3,26.103011,17.535914,29.4,2.496989,False
2014-04-10,26.8,19.0,26.077634,17.497204,29.4,0.722366,False
2014-04-11,29.1,18.0,26.026022,17.463548,29.3,3.073978,False
2014-04-12,30.1,21.0,25.948495,17.391075,29.21,4.151505,False
2014-04-13,26.7,20.3,25.862688,17.32043,29.2,0.837312,False
2014-04-14,20.7,17.1,25.808495,17.241613,29.2,-5.108495,False
2014-04-15,18.8,16.0,25.761828,17.154946,29.1,-6.961828,False
2014-04-16,24.4,17.2,25.696452,17.057849,29.1,-1.296452,False
2014-04-17,26.0,17.7,25.624301,16.967849,29.1,0.375699,False
2014-04-18,28.5,18.2,25.565591,16.880753,29.1,2.934409,False
2014-04-19,30.1,17.9,25.519677,16.794301,29.0,4.580323,False
2014-04-20,25.4,18.2,25.465054,16.719247,29.0,-0.065054,False
2014-04-21,26.4,18.1,25.37871,16.643978,28.9,1.02129,False
2014-04-22,24.2,17.7,25.277097,16.558925,28.8,-1.077097,False
2014-04-23,23.9,17.1,25.186667,16.457097,28.71,-1.286667,False
2014-04-24,22.2,17.8,25.101398,16.338817,28.7,-2.901398,False
2014-04-25,22.7,15.8,25.012043,16.232903,28.7,-2.312043,False
2014-04-26,21.1,13.9,24.940753,16.149247,28.6,-3.840753,False
2014-04-27,21.0,13.2,24.829355,16.064194,28.4,-3.829355,False
2014-04-28,20.4,13.3,24.710538,15.975914,28.4,-4.310538,False
2014-04-29,23.1,11.4,24.60914,15.897204,28.4,-1.50914,False
2014-04-30,24.8,11.5,24.513871,15.806022,28.3,0.286129,False
2014-05-01,25.0,16.9,24.41172,15.718925,28.2,0.58828,False
2014-05-02,26.3,14.4,24.300968,15.619892,28.11,1.999032,False
2014-05-03,26.2,16.2,24.222473,15.538065,28.1,1.977527,False
2014-05-04,27.8,14.7,24.116559,15.483011,28.0,3.683441,False
2014-05-05,27.7,15.2,24.011828,15.415484,27.9,3.688172,False
2014-05-06,27.8,16.0,23.938495,15.341183,27.8,3.861505,False
2014-05-07,28.0,17.3,23.864946,15.268925,27.71,4.135054,False
2014-05-08,28.4,16.4,23.758817,15.169785,27.7,4.641183,False
2014-05-09,21.1,16.1,23.60828,15.056882,27.5,-2.50828,False
2014-05-10,21.1,13.7,23.468925,14.948925,27.4,-2.368925,False
2014-05-11,21.0,13.9,23.370323,14.85172,27.2,-2.370323,False
2014-05-12,24.8,12.1,23.277204,14.754731,27.2,1.522796,False
2014-05-13,25.9,12.9,23.200645,14.68828,27.0,2.699355,False
2014-05-14,25.3,13.3,23.134839,14.621398,26.9,2.165161,False
2014-05-15,26.2,13.8,23.051183,14.545484,26.8,3.148817,False
2014-05-16,26.5,13.9,22.958925,14.475591,26.8,3.541075,False
2014-05-17,24.5,17.1,22.863011,14.408172,26.7,1.636989,False
2014-05-18,24.9,16.5,22.759785,14.338602,26.6,2.140215,False
2014-05-19,24.0,15.0,22.667097,14.269355,26.5,1.332903,False
2014-05-20,25.6,14.5,22.583226,14.201183,26.4,3.016774,False
2014-05-21,27.1,14.6,22.499462,14.149247,26.3,4.600538,False
2014-05-22,27.2,20.1,22.469677,14.096774,26.2,4.730323,False
2014-05-23,21.4,17.4,22.463978,14.054731,26.2,-1.063978,False
2014-05-24,16.9,14.7,22.435161,14.011935,26.2,-5.535161,False
2014-05-25,17.3,13.7,22.41086,13.980753,26.2,-5.11086,False
2014-05-26,20.3,16.2,22.395591,13.961075,26.2,-2.095591,False
2014-05-27,17.7,11.2,22.364409,13.920753,26.2,-4.664409,False
2014-05-28,18.3,13.4,22.32957,13.86957,26.2,-4.02957,False
2014-05-29,19.1,12.5,22.308065,13.807527,26.2,-3.208065,False
2014-05-30,22.0,11.5,22.300753,13.74,26.1,-0.300753,False
2014-05-31,23.9,12.2,22.29828,13.689355,26.1,1.60172,False
2014-06-01,21.2,15.6,22.288925,13.63871,26.0,-1.088925,False
2014-06-02,20.8,14.1,22.313441,13.616022,26.0,-1.513441,False
2014-06-03,19.2,8.5,22.315914,13.581398,26.0,-3.115914,False
2014-06-04,23.3,9.5,22.328817,13.556237,26.0,0.971183,False
2014-06-05,26.3,12.4,22.301505,13.544624,26.0,3.998495,False
2014-06-06,21.7,18.9,22.270968,13.519355,25.9,-0.570968,False
2014-06-07,28.1,18.2,22.233011,13.476022,25.9,5.866989,False
2014-06-08,28.2,17.6,22.250323,13.43828,25.9,5.949677,False
2014-06-09,23.4,17.2,22.297634,13.427097,25.9,1.102366,False
2014-06-10,18.6,16.2,22.316022,13.423548,26.0,-3.716022,False
2014-06-11,21.6,15.1,22.286559,13.405054,26.0,-0.686559,False
2014-06-12,25.5,15.1,22.291505,13.372043,26.0,3.208495,False
2014-06-13,26.3,14.9,22.303656,13.335591,26.0,3.996344,False
2014-06-14,25.9,16.0,22.323226,13.316774,26.0,3.576774,False
2014-06-15,22.3,17.0,22.342043,13.302473,26.0,-0.042043,False
2014-06-16,25.9,16.5,22.374086,13.286129,26.0,3.525914,False
2014-06-17,25.8,13.6,22.430215,13.286129,26.1,3.369785,False
2014-06-18,23.5,14.4,22.475161,13.287097,26.1,1.024839,False
2014-06-19,16.3,12.8,22.502258,13.279032,26.11,-6.202258,False
2014-06-20,17.2,12.3,22.513118,13.26043,26.11,-5.313118,False
2014-06-21,19.6,13.3,22.544839,13.239032,26.2,-2.944839,False
2014-06-22,23.5,13.7,22.534301,13.201183,26.2,0.965699,False
2014-06-23,24.5,13.5,22.492903,13.163763,26.2,2.007097,False
2014-06-24,25.7,12.4,22.483441,13.130538,26.2,3.216559,False
2014-06-25,25.2,13.5,22.455806,13.102258,26.2,2.744194,False
2014-06-26,26.2,13.3,22.419785,13.068602,26.2,3.780215,False
2014-06-27,27.0,14.9,22.372903,13.019032,26.2,4.627097,False
2014-06-28,27.3,14.3,22.35828,12.972473,26.2,4.94172,False
2014-06-29,22.8,16.0,22.34957,12.948925,26.11,0.45043,False
2014-06-30,21.5,12.8,22.340108,12.921183,26.1,-0.840108,False
2014-07-01,23.1,9.3,22.325054,12.904624,26.11,0.774946,False
2014-07-02,26.3,12.1,22.317527,12.880968,26.11,3.982473,False
2014-07-03,28.6,15.1,22.273548,12.84957,26.1,6.326452,False
2014-07-04,29.1,15.4,22.229677,12.816344,26.1,6.870323,False
2014-07-05,27.3,15.6,22.242473,12.76957,26.2,5.057527,False
2014-07-06,26.0,16.7,22.301398,12.733871,26.21,3.698602,False
2014-07-07,24.5,15.9,22.320753,12.71914,26.31,2.179247,False
2014-07-08,17.9,15.8,22.334516,12.702581,26.4,-4.434516,False
2014-07-09,20.2,14.6,22.303978,12.68129,26.4,-2.103978,False
2014-07-10,17.9,14.7,22.277527,12.65914,26.4,-4.377527,False
2014-07-11,18.4,13.9,22.27828,12.621935,26.4,-3.87828,False
2014-07-12,19.8,13.6,22.299785,12.586774,26.4,-2.499785,False
2014-07-13,22.0,12.8,22.317312,12.580108,26.4,-0.317312,False
2014-07-14,21.6,12.7,22.341828,12.573763,26.41,-0.741828,False
2014-07-15,22.5,13.0,22.332688,12.56043,26.41,0.167312,False
2014-07-16,24.2,11.8,22.336344,12.53828,26.5,1.863656,False
2014-07-17,25.9,12.7,22.355914,12.522473,26.5,3.544086,False
2014-07-18,22.2,17.2,22.33086,12.493871,26.6,-0.13086,False
2014-07-19,19.6,11.9,22.294839,12.466344,26.6,-2.694839,False
2014-07-20,19.7,10.1,22.279462,12.438172,26.6,-2.579462,False
2014-07-21,22.3,10.0,22.264839,12.427097,26.6,0.035161,False
2014-07-22,26.1,12.1,22.28172,12.426344,26.7,3.81828,False
2014-07-23,26.4,14.2,22.354086,12.443333,26.7,4.045914,False
2014-07-24,22.4,17.8,22.424301,12.463763,26.8,-0.024301,False
2014-07-25,18.3,14.4,22.480323,12.502151,26.8,-4.180323,False
2014-07-26,16.6,12.3,22.515591,12.528817,26.81,-5.915591,False
2014-07-27,15.7,13.6,22.549462,12.511183,26.9,-6.849462,False
2014-07-28,17.7,13.5,22.616774,12.515806,27.1,-4.916774,False
2014-07-29,19.1,13.4,22.701398,12.546882,27.2,-3.601398,False
2014-07-30,22.7,11.6,22.746774,12.561613,27.2,-0.046774,False
2014-07-31,24.5,11.7,22.772796,12.587527,27.2,1.727204,False
2014-08-01,26.3,10.5,22.801935,12.60172,27.3,3.498065,False
2014-08-02,26.7,13.3,22.830215,12.629032,27.4,3.869785,False
2014-08-03,28.8,13.2,22.88,12.655806,27.4,5.92,False
2014-08-04,29.5,14.4,22.95129,12.705806,27.5,6.54871,False
2014-08-05,21.9,10.9,22.971505,12.739247,27.5,-1.071505,False
2014-08-06,24.1,8.8,22.947849,12.745591,27.5,1.152151,False
2014-08-07,27.4,8.4,22.968817,12.738925,27.5,4.431183,False
2014-08-08,20.8,14.7,23.046882,12.767634,27.6,-2.246882,False
2014-08-09,21.5,15.2,23.137312,12.819785,27.8,-1.637312,False
2014-08-10,25.7,13.5,23.244409,12.855806,27.9,2.455591,False
2014-08-11,28.0,14.3,23.333333,12.903871,28.0,4.666667,False
2014-08-12,29.8,14.0,23.405914,12.954086,28.01,6.394086,False
2014-08-13,20.9,10.7,23.461935,12.986882,28.2,-2.561935,False
2014-08-14,13.4,9.4,23.527312,13.022581,28.31,-10.127312,False
2014-08-15,20.6,12.1,23.640968,13.068387,28.5,-3.040968,False
2014-08-16,22.9,13.8,23.752581,13.127527,28.7,-0.852581,False
2014-08-17,23.7,15.2,23.82,13.195484,28.71,-0.12,False
2014-08-18,24.0,15.9,23.902903,13.256344,28.8,0.097097,False
2014-08-19,22.2,12.9,23.995806,13.303118,28.9,-1.795806,False
2014-08-20,24.4,12.5,24.038172,13.361505,29.0,0.361828,False
2014-08-21,28.2,14.2,24.101183,13.41172,29.2,4.098817,False
2014-08-22,29.1,12.8,24.106989,13.44086,29.2,4.993011,False
2014-08-23,28.6,14.7,24.127312,13.480215,29.3,4.472688,False
2014-08-24,30.3,14.8,24.175376,13.522473,29.5,6.124624,False
2014-08-25,31.4,14.6,24.221935,13.56,29.6,7.178065,False
2014-08-26,25.7,18.1,24.314516,13.61086,29.8,1.385484,False
2014-08-27,23.7,13.7,24.415054,13.7,29.9,-0.715054,False
2014-08-28,19.5,11.4,24.475914,13.783548,30.0,-4.975914,False
2014-08-29,19.0,11.5,24.518817,13.855376,30.0,-5.518817,False
2014-08-30,24.5,13.0,24.574731,13.955699,30.1,-0.074731,False
2014-08-31,30.6,13.4,24.640538,14.036989,30.21,5.959462,False
2014-09-01,26.5,15.9,24.68086,14.095484,30.3,1.81914,False
2014-09-02,29.2,14.4,24.719785,14.148925,30.4,4.480215,False
2014-09-03,25.3,17.1,24.775484,14.20828,30.5,0.524516,False
2014-09-04,18.2,14.3,24.854409,14.262796,30.51,-6.654409,False
2014-09-05,21.9,12.7,24.895699,14.339247,30.6,-2.995699,False
2014-09-06,26.7,11.4,24.944301,14.414516,30.6,1.755699,False
2014-09-07,27.9,14.4,24.977849,14.482258,30.7,2.922151,False
2014-09-08,27.9,17.9,25.005054,14.52914,30.9,2.894946,False
2014-09-09,30.3,15.3,25.019785,14.57129,31.0,5.280215,False
2014-09-10,31.3,17.9,24.934839,14.609677,31.0,6.365161,False
2014-09-11,31.6,17.2,24.859677,14.626022,31.02,6.740323,False
2014-09-12,27.6,15.4,24.823548,14.645376,31.2,2.776452,False
2014-09-13,28.9,14.0,24.820538,14.699032,31.2,4.079462,False
2014-09-14,31.5,15.7,24.802796,14.749247,31.2,6.697204,False
2014-09-15,31.6,17.9,24.752366,14.797312,31.02,6.847634,False
2014-09-16,23.7,16.4,24.737312,14.860323,31.2,-1.037312,False
2014-09-17,22.2,14.9,24.741828,14.92,31.2,-2.541828,False
2014-09-18,27.4,15.6,24.714301,14.986129,31.21,2.685699,False
2014-09-19,28.5,17.5,24.716774,15.038387,31.3,3.783226,False
2014-09-20,22.8,18.5,24.788172,15.091505,31.3,-1.988172,False
2014-09-21,21.3,16.1,24.827419,15.151075,31.3,-3.527419,False
2014-09-22,20.3,12.4,24.835591,15.19828,31.3,-4.535591,False
2014-09-23,28.3,11.3,24.798387,15.232043,31.3,3.501613,False
2014-09-24,29.3,17.0,24.797097,15.267527,31.3,4.502903,False
2014-09-25,24.9,16.3,24.824194,15.315376,31.31,0.075806,False
2014-09-26,23.4,19.0,24.846452,15.355161,31.3,-1.446452,False
2014-09-27,21.5,17.9,24.897634,15.412258,31.3,-3.397634,False
2014-09-28,25.8,17.2,24.979677,15.486129,31.41,0.820323,False
2014-09-29,28.7,19.0,25.014839,15.565914,31.5,3.685161,False
2014-09-30,28.7,18.4,25.033441,15.606452,31.5,3.666559,False
2014-10-01,28.7,19.6,25.091505,15.657527,31.5,3.608495,False
2014-10-02,19.5,14.5,25.141075,15.734946,31.5,-5.641075,False
2014-10-03,18.7,12.4,25.175699,15.801505,31.5,-6.475699,False
2014-10-04,18.8,11.4,25.174624,15.844516,31.5,-6.374624,False
2014-10-05,20.7,10.8,25.143656,15.885054,31.5,-4.443656,False
2014-10-06,25.0,10.7,25.165484,15.903333,31.5,-0.165484,False
2014-10-07,26.5,13.0,25.190108,15.936882,31.5,1.309892,False
2014-10-08,28.1,13.3,25.222688,15.990538,31.41,2.877312,False
2014-10-09,31.4,14.5,25.225806,16.048602,31.3,6.174194,False
2014-10-10,33.8,18.7,25.251505,16.115054,31.2,8.548495,False
2014-10-11,32.6,18.2,25.376667,16.212688,31.2,7.223333,False
2014-10-12,35.0,17.0,25.495591,16.319892,31.11,9.504409,False
2014-10-13,36.0,19.2,25.567312,16.388602,31.11,10.432688,False
2014-10-14,31.6,19.3,25.623763,16.416774,31.3,5.976237,False
2014-10-15,26.7,18.4,25.66086,16.466882,31.4,1.03914,False
2014-10-16,34.9,17.3,25.707634,16.507849,31.41,9.192366,False
2014-10-17,35.3,19.0,25.687527,16.531828,31.4,9.612473,False
2014-10-18,31.1,18.3,25.673763,16.537312,31.3,5.426237,False
2014-10-19,36.2,19.9,25.72871,16.549677,31.3,10.47129,False
2014-10-20,23.1,18.2,25.749892,16.588602,31.4,-2.649892,False
2014-10-21,20.3,15.5,25.72914,16.621613,31.31,-5.42914,False
2014-10-22,21.5,14.8,25.715914,16.64914,31.2,-4.215914,False
2014-10-23,28.5,15.2,25.755269,16.684409,31.11,2.744731,False
2014-10-24,29.8,16.2,25.814946,16.726452,31.1,3.985054,False
2014-10-25,26.0,18.1,25.859355,16.773011,31.1,0.140645,False
2014-10-26,25.6,18.6,25.880108,16.818817,31.1,-0.280108,False
2014-10-27,25.6,16.8,25.887634,16.866667,31.0,-0.287634,False
2014-10-28,26.5,13.3,25.837634,16.896129,30.8,0.662366,False
2014-10-29,31.1,14.7,25.750753,16.91086,30.7,5.349247,False
2014-10-30,32.3,18.7,25.677742,16.892473,30.51,6.622258,False
2014-10-31,32.3,22.5,25.670108,16.898387,30.5,6.629892,False
2014-11-01,31.2,21.0,25.634086,16.915699,30.4,5.565914,False
2014-11-02,27.8,20.5,25.627742,16.922903,30.4,2.172258,False
2014-11-03,28.4,19.2,25.630215,16.926882,30.4,2.769785,False
2014-11-04,25.0,20.5,25.616344,16.934409,30.3,-0.616344,False
2014-11-05,22.1,18.4,25.603763,16.934839,30.3,-3.503763,False
2014-11-06,27.6,17.9,25.607634,16.944839,30.3,1.992366,False
2014-11-07,28.5,18.5,25.626237,16.966237,30.2,2.873763,False
2014-11-08,26.1,18.6,25.649247,16.985269,30.2,0.450753,False
2014-11-09,25.8,18.7,25.685591,17.007097,30.2,0.114409,False
2014-11-10,26.7,16.0,25.71957,17.032366,30.21,0.98043,False
2014-11-11,28.0,14.2,25.716237,17.045914,30.3,2.283763,False
2014-11-12,27.0,17.3,25.720538,17.058172,30.3,1.279462,False
2014-11-13,27.7,19.5,25.720753,17.088602,30.2,1.979247,False
2014-11-14,20.0,15.3,25.73043,17.12957,30.1,-5.73043,False
2014-11-15,21.9,14.6,25.737419,17.166344,30.1,-3.837419,False
2014-11-16,24.8,14.8,25.745269,17.201505,30.0,-0.945269,False
2014-11-17,23.4,12.2,25.786667,17.228387,30.0,-2.386667,False
2014-11-18,26.7,13.1,25.839462,17.266667,30.0,0.860538,False
2014-11-19,30.1,15.2,25.871935,17.308925,30.0,4.228065,False
2014-11-20,27.3,18.8,25.932796,17.360323,30.0,1.367204,False
2014-11-21,31.1,18.9,25.993548,17.40828,30.0,5.106452,False
2014-11-22,26.0,20.7,26.050215,17.466344,30.0,-0.050215,False
2014-11-23,25.8,19.6,26.117849,17.528172,30.0,-0.317849,False
2014-11-24,27.4,19.0,26.136559,17.576452,30.0,1.263441,False
2014-11-25,27.8,20.1,26.129892,17.622043,30.0,1.670108,False
2014-11-26,25.4,20.1,26.107742,17.654624,29.91,-0.707742,False
2014-11-27,25.7,19.9,26.09828,17.692796,29.9,-0.39828,False
2014-11-28,25.3,17.9,26.13086,17.722258,29.91,-0.83086,False
2014-11-29,24.4,17.9,26.172151,17.751075,30.0,-1.772151,False
2014-11-30,26.5,17.5,26.24,17.802043,30.0,0.26,False
2014-12-01,29.7,19.2,26.28828,17.847957,30.0,3.41172,False
2014-12-02,29.1,19.9,26.322366,17.873978,30.0,2.777634,False
2014-12-03,29.0,20.9,26.360108,17.909355,30.0,2.639892,False
2014-12-04,25.0,17.0,26.427742,17.956344,30.01,-1.427742,False
2014-12-05,22.1,16.5,26.546452,18.029355,30.11,-4.446452,False
2014-12-06,26.8,14.8,26.637527,18.111398,30.2,0.162473,False
2014-12-07,29.7,17.9,26.695484,18.199032,30.21,3.004516,False
2014-12-08,29.7,19.8,26.724409,18.264624,30.3,2.975591,False
2014-12-09,28.6,20.6,26.754194,18.327849,30.3,1.845806,False
2014-12-10,24.8,19.8,26.750645,18.37172,30.3,-1.950645,False
2014-12-11,27.5,20.4,26.762581,18.403978,30.3,0.737419,False
2014-12-12,26.9,19.9,26.795591,18.427849,30.31,0.104409,False
2014-12-13,23.7,19.8,26.823441,18.45871,30.4,-3.123441,False
2014-12-14,25.6,18.1,26.881935,18.501828,30.4,-1.281935,False
2014-12-15,24.8,15.8,26.924301,18.560753,30.4,-2.124301,False
2014-12-16,27.0,15.1,26.989677,18.615699,30.41,0.010323,False
2014-12-17,29.9,15.4,27.032796,18.670323,30.51,2.867204,False
2014-12-18,32.3,18.1,27.041613,18.720108,30.6,5.258387,False
2014-12-19,28.8,19.1,27.025914,18.766774,30.6,1.774086,False
2014-12-20,30.8,20.8,26.996989,18.800645,30.6,3.803011,False
2014-12-21,29.1,23.0,26.976452,18.82,30.6,2.123548,False
2014-12-22,29.4,21.8,26.997097,18.851935,30.6,2.402903,False
2014-12-23,21.9,18.2,27.04,18.875806,30.6,-5.14,False
2014-12-24,22.1,17.4,27.054839,18.90086,30.61,-4.954839,False
2014-12-25,28.1,18.4,27.098817,18.942581,30.7,1.001183,False
2014-12-26,31.1,20.8,27.152258,18.978602,30.7,3.947742,True
2014-12-27,33.4,21.0,27.207527,19.008172,30.8,6.192473,True
2014-12-28,33.5,21.0,27.237527,19.04043,30.8,6.262473,True
2014-12-29,31.1,21.1,27.261935,19.073333,30.8,3.838065,True
2014-12-30,28.8,20.7,27.311075,19.110968,30.8,1.488925,False
2014-12-31,29.6,21.6,27.334731,19.142258,30.8,2.265269,False
2015-01-01,30.8,22.5,27.338387,19.167419,30.9,3.461613,False
2015-01-02,31.9,22.9,27.340538,19.185054,30.9,4.559462,False
2015-01-03,27.4,21.7,27.354624,19.203441,30.9,0.045376,False
2015-01-04,27.2,21.2,27.350215,19.227957,30.9,-0.150215,False
2015-01-05,26.4,20.7,27.312796,19.225376,30.9,-0.912796,False
2015-01-06,29.0,19.9,27.293226,19.226882,31.0,1.706774,False
2015-01-07,31.0,19.8,27.285054,19.226667,31.0,3.714946,False
2015-01-08,31.6,19.0,27.302903,19.234409,31.0,4.297097,True
2015-01-09,32.7,20.3,27.328817,19.23129,30.91,5.371183,True
2015-01-10,32.7,22.3,27.376667,19.254409,31.0,5.323333,True
2015-01-11,33.8,22.1,27.375269,19.269247,31.0,6.424731,True
2015-01-12,33.7,22.0,27.344409,19.275054,31.1,6.355591,True
2015-01-13,32.9,20.3,27.355161,19.282796,31.1,5.544839,True
2015-01-14,31.0,22.9,27.354086,19.301613,31.1,3.645914,False
2015-01-15,31.3,21.5,27.353871,19.31172,31.1,3.946129,True
2015-01-16,31.4,21.5,27.369032,19.312903,31.1,4.030968,True
2015-01-17,33.7,20.7,27.416667,19.311828,31.11,6.283333,True
2015-01-18,34.1,21.7,27.477419,19.331398,31.2,6.622581,True
2015-01-19,34.4,21.7,27.527527,19.345376,31.2,6.872473,True
2015-01-20,34.4,21.0,27.573118,19.353656,31.2,6.826882,True
2015-01-21,29.5,21.5,27.628925,19.361828,31.31,1.871075,False
2015-01-22,27.1,20.0,27.633011,19.367742,31.4,-0.533011,False
2015-01-23,26.1,19.0,27.62172,19.371075,31.4,-1.52172,False
2015-01-24,28.9,18.8,27.634086,19.370215,31.4,1.265914,False
2015-01-25,31.2,18.8,27.642581,19.370753,31.4,3.557419,False
2015-01-26,29.0,19.9,27.641613,19.374516,31.4,1.358387,False
2015-01-27,28.8,20.8,27.653441,19.374731,31.5,1.146559,False
2015-01-28,30.5,21.0,27.671075,19.367742,31.51,2.828925,False
2015-01-29,29.5,21.8,27.667849,19.353548,31.6,1.832151,False
2015-01-30,26.6,21.4,27.652796,19.334086,31.6,-1.052796,False
2015-01-31,26.3,19.5,27.644086,19.330108,31.6,-1.344086,False
2015-02-01,28.0,21.0,27.641613,19.327957,31.6,0.358387,False
2015-02-02,26.7,20.9,27.67129,19.339462,31.6,-0.97129,False
2015-02-03,29.2,17.9,27.695591,19.344301,31.6,1.504409,False
2015-02-04,24.9,19.9,27.721075,19.352581,31.6,-2.821075,False
2015-02-05,23.5,19.3,27.750538,19.368065,31.51,-4.250538,False
2015-02-06,24.4,17.8,27.777312,19.373333,31.5,-3.377312,False
2015-02-07,27.2,18.2,27.810323,19.377849,31.5,-0.610323,False
2015-02-08,28.9,17.8,27.844194,19.386452,31.5,1.055806,False
2015-02-09,30.0,19.1,27.850538,19.407312,31.5,2.149462,False
2015-02-10,29.4,20.3,27.833871,19.404301,31.5,1.566129,False
2015-02-11,30.9,21.0,27.851613,19.402796,31.5,3.048387,False
2015-02-12,32.2,22.1,27.891613,19.405269,31.5,4.308387,False
2015-02-13,29.7,22.1,27.88086,19.410968,31.4,1.81914,False
2015-02-14,29.9,20.6,27.863656,19.394301,31.4,2.036344,False
2015-02-15,25.8,20.0,27.848172,19.381183,31.4,-2.048172,False
2015-02-16,24.4,18.7,27.805914,19.360323,31.31,-3.405914,False
2015-02-17,26.3,19.9,27.762043,19.338172,31.3,-1.462043,False
2015-02-18,25.0,19.7,27.730645,19.31086,31.21,-2.730645,False
2015-02-19,27.8,20.9,27.720968,19.283978,31.2,0.079032,False
2015-02-20,28.8,22.1,27.719892,19.27,31.2,1.080108,False
2015-02-21,31.1,21.2,27.700323,19.262043,31.1,3.399677,False
2015-02-22,30.2,19.6,27.728602,19.250538,31.0,2.471398,False
2015-02-23,31.3,20.8,27.751505,19.249892,31.0,3.548495,False
2015-02-24,30.5,21.6,27.726667,19.254086,31.0,2.773333,False
2015-02-25,28.9,19.9,27.708817,19.241505,30.9,1.191183,False
2015-02-26,30.1,19.4,27.682903,19.217849,30.9,2.417097,False
2015-02-27,30.6,19.7,27.656022,19.202473,30.81,2.943978,False
2015-02-28,26.1,20.2,27.641183,19.191075,30.8,-1.541183,False
2015-03-01,26.4,18.4,27.627419,19.188065,30.71,-1.227419,False
2015-03-02,29.1,17.3,27.589677,19.176989,30.7,1.510323,False
2015-03-03,29.9,19.2,27.575376,19.142473,30.7,2.324624,False
2015-03-04,29.7,18.8,27.555054,19.121828,30.6,2.144946,False
2015-03-05,30.3,19.7,27.523978,19.096667,30.6,2.776022,False
2015-03-06,28.5,20.0,27.455914,19.074516,30.6,1.044086,False
2015-03-07,24.2,20.1,27.376022,19.038387,30.51,-3.176022,False
2015-03-08,25.7,19.7,27.317527,18.989785,30.5,-1.617527,False
2015-03-09,23.1,19.7,27.270968,18.96129,30.5,-4.170968,False
2015-03-10,26.0,20.0,27.22,18.924194,30.41,-1.22,False
2015-03-11,27.4,20.4,27.17086,18.869785,30.4,0.22914,False
2015-03-12,26.7,17.9,27.128065,18.820215,30.4,-0.428065,False
2015-03-13,27.6,19.8,27.095054,18.770753,30.4,0.504946,False
2015-03-14,27.6,19.5,27.05043,18.736882,30.3,0.54957,False
2015-03-15,27.2,20.4,27.001828,18.709677,30.3,0.198172,False
2015-03-16,28.4,19.4,26.976989,18.677957,30.21,1.423011,False
2015-03-17,25.7,19.3,26.966989,18.656022,30.2,-1.266989,False
2015-03-18,23.7,19.5,26.934624,18.630108,30.1,-3.234624,False
2015-03-19,24.4,19.5,26.905806,18.602043,30.1,-2.505806,False
2015-03-20,25.9,19.4,26.870108,18.565699,30.01,-0.970108,False
2015-03-21,25.4,19.4,26.830968,18.526452,30.0,-1.430968,False
2015-03-22,23.2,18.8,26.787849,18.489677,30.0,-3.587849,False
2015-03-23,24.1,17.5,26.734516,18.456989,29.9,-2.634516,False
2015-03-24,26.0,16.7,26.667312,18.415699,29.8,-0.667312,False
2015-03-25,27.4,16.7,26.577957,18.367312,29.7,0.822043,False
2015-03-26,29.2,17.6,26.503441,18.309462,29.7,2.696559,False
2015-03-27,29.8,18.1,26.492796,18.249355,29.6,3.307204,False
2015-03-28,28.0,19.3,26.471828,18.197527,29.6,1.528172,False
2015-03-29,26.1,19.5,26.426452,18.152043,29.6,-0.326452,False
2015-03-30,25.2,19.7,26.373011,18.1,29.5,-1.173011,False
2015-03-31,28.6,21.1,26.34172,18.044409,29.5,2.25828,False
2015-04-01,27.4,19.6,26.322151,17.995914,29.5,1.077849,False
2015-04-02,26.2,17.7,26.296344,17.935699,29.5,-0.096344,False
2015-04-03,26.6,15.4,26.247634,17.869355,29.5,0.352366,False
2015-04-04,27.8,17.9,26.216237,17.789892,29.5,1.583763,False
2015-04-05,26.2,20.5,26.164516,17.720645,29.41,0.035484,False
2015-04-06,25.5,18.9,26.153656,17.66,29.41,-0.653656,False
2015-04-07,20.2,16.0,26.139677,17.62,29.5,-5.939677,False
2015-04-08,24.7,15.0,26.12043,17.586344,29.41,-1.42043,False
2015-04-09,25.3,15.6,26.103011,17.535914,29.4,-0.803011,False
2015-04-10,25.8,17.0,26.077634,17.497204,29.4,-0.277634,False
2015-04-11,27.7,17.1,26.026022,17.463548,29.3,1.673978,False
2015-04-12,27.1,16.8,25.948495,17.391075,29.21,1.151505,False
2015-04-13,26.3,17.3,25.862688,17.32043,29.2,0.437312,False
2015-04-14,27.5,18.2,25.808495,17.241613,29.2,1.691505,False
2015-04-15,27.1,18.9,25.761828,17.154946,29.1,1.338172,False
2015-04-16,26.0,18.2,25.696452,17.057849,29.1,0.303548,False
2015-04-17,26.6,17.3,25.624301,16.967849,29.1,0.975699,False
2015-04-18,28.9,18.2,25.565591,16.880753,29.1,3.334409,False
2015-04-19,26.5,20.0,25.519677,16.794301,29.0,0.980323,False
2015-04-20,29.1,19.6,25.465054,16.719247,29.0,3.634946,False
2015-04-21,27.7,20.3,25.37871,16.643978,28.9,2.32129,False
2015-04-22,22.8,19.1,25.277097,16.558925,28.8,-2.477097,False
2015-04-23,24.0,18.6,25.186667,16.457097,28.71,-1.186667,False
2015-04-24,27.4,19.0,25.101398,16.338817,28.7,2.298602,False
2015-04-25,22.7,17.2,25.012043,16.232903,28.7,-2.312043,False
2015-04-26,23.4,15.8,24.940753,16.149247,28.6,-1.540753,False
2015-04-27,25.4,15.5,24.829355,16.064194,28.4,0.570645,False
2015-04-28,26.7,17.9,24.710538,15.975914,28.4,1.989462,False
2015-04-29,21.6,17.1,24.60914,15.897204,28.4,-3.00914,False
2015-04-30,19.4,14.9,24.513871,15.806022,28.3,-5.113871,False
2015-05-01,22.6,13.1,24.41172,15.718925,28.2,-1.81172,False
2015-05-02,26.4,14.9,24.300968,15.619892,28.11,2.099032,False
2015-05-03,26.6,17.3,24.222473,15.538065,28.1,2.377527,False
2015-05-04,22.3,19.1,24.116559,15.483011,28.0,-1.816559,False
2015-05-05,20.7,17.3,24.011828,15.415484,27.9,-3.311828,False
2015-05-06,20.6,16.1,23.938495,15.341183,27.8,-3.338495,False
2015-05-07,21.4,15.0,23.864946,15.268925,27.71,-2.464946,False
2015-05-08,18.5,14.3,23.758817,15.169785,27.7,-5.258817,False
2015-05-09,25.8,13.4,23.60828,15.056882,27.5,2.19172,False
2015-05-10,22.8,14.6,23.468925,14.948925,27.4,-0.668925,False
2015-05-11,20.9,17.6,23.370323,14.85172,27.2,-2.470323,False
2015-05-12,21.2,14.0,23.277204,14.754731,27.2,-2.077204,False
2015-05-13,19.6,15.6,23.200645,14.68828,27.0,-3.600645,False
2015-05-14,21.1,14.7,23.134839,14.621398,26.9,-2.034839,False
2015-05-15,21.1,14.3,23.051183,14.545484,26.8,-1.951183,False
2015-05-16,22.5,13.6,22.958925,14.475591,26.8,-0.458925,False
2015-05-17,23.1,15.5,22.863011,14.408172,26.7,0.236989,False
2015-05-18,21.8,16.7,22.759785,14.338602,26.6,-0.959785,False
2015-05-19,22.2,17.6,22.667097,14.269355,26.5,-0.467097,False
2015-05-20,23.3,16.2,22.583226,14.201183,26.4,0.716774,False
2015-05-21,24.5,16.5,22.499462,14.149247,26.3,2.000538,False
2015-05-22,25.6,16.1,22.469677,14.096774,26.2,3.130323,False
2015-05-23,24.2,15.5,22.463978,14.054731,26.2,1.736022,False
2015-05-24,26.4,16.3,22.435161,14.011935,26.2,3.964839,False
2015-05-25,28.0,17.3,22.41086,13.980753,26.2,5.58914,False
2015-05-26,25.7,19.0,22.395591,13.961075,26.2,3.304409,False
2015-05-27,27.8,18.6,22.364409,13.920753,26.2,5.435591,False
2015-05-28,22.0,17.6,22.32957,13.86957,26.2,-0.32957,False
2015-05-29,21.4,16.0,22.308065,13.807527,26.2,-0.908065,False
2015-05-30,21.2,12.4,22.300753,13.74,26.1,-1.100753,False
2015-05-31,17.8,14.9,22.29828,13.689355,26.1,-4.49828,False
2015-06-01,18.4,15.7,22.288925,13.63871,26.0,-3.888925,False
2015-06-02,18.3,14.9,22.313441,13.616022,26.0,-4.013441,False
2015-06-03,22.7,15.5,22.315914,13.581398,26.0,0.384086,False
2015-06-04,24.2,15.4,22.328817,13.556237,26.0,1.871183,False
2015-06-05,24.7,14.2,22.301505,13.544624,26.0,2.398495,False
2015-06-06,26.0,13.9,22.270968,13.519355,25.9,3.729032,False
2015-06-07,26.2,14.8,22.233011,13.476022,25.9,3.966989,False
2015-06-08,26.2,13.3,22.250323,13.43828,25.9,3.949677,False
2015-06-09,25.9,14.2,22.297634,13.427097,25.9,3.602366,False
2015-06-10,26.0,13.9,22.316022,13.423548,26.0,3.683978,False
2015-06-11,26.8,16.3,22.286559,13.405054,26.0,4.513441,False
2015-06-12,21.0,16.8,22.291505,13.372043,26.0,-1.291505,False
2015-06-13,27.2,16.2,22.303656,13.335591,26.0,4.896344,False
2015-06-14,28.0,18.1,22.323226,13.316774,26.0,5.676774,False
2015-06-15,21.9,12.5,22.342043,13.302473,26.0,-0.442043,False
2015-06-16,18.2,11.5,22.374086,13.286129,26.0,-4.174086,False
2015-06-17,25.0,14.7,22.430215,13.286129,26.1,2.569785,False
2015-06-18,26.9,17.4,22.475161,13.287097,26.1,4.424839,False
2015-06-19,18.3,13.7,22.502258,13.279032,26.11,-4.202258,False
2015-06-20,20.1,12.8,22.513118,13.26043,26.11,-2.413118,False
2015-06-21,23.8,11.8,22.544839,13.239032,26.2,1.255161,False
2015-06-22,24.5,12.2,22.534301,13.201183,26.2,1.965699,False
2015-06-23,24.4,14.3,22.492903,13.163763,26.2,1.907097,False
2015-06-24,17.7,13.7,22.483441,13.130538,26.2,-4.783441,False
2015-06-25,18.1,13.0,22.455806,13.102258,26.2,-4.355806,False
2015-06-26,19.6,12.5,22.419785,13.068602,26.2,-2.819785,False
2015-06-27,21.0,10.4,22.372903,13.019032,26.2,-1.372903,False
2015-06-28,21.3,11.0,22.35828,12.972473,26.2,-1.05828,False
2015-06-29,23.6,10.8,22.34957,12.948925,26.11,1.25043,False
2015-06-30,25.2,14.5,22.340108,12.921183,26.1,2.859892,False
2015-07-01,19.7,17.0,22.325054,12.904624,26.11,-2.625054,False
2015-07-02,20.3,15.4,22.317527,12.880968,26.11,-2.017527,False
2015-07-03,18.9,16.3,22.273548,12.84957,26.1,-3.373548,False
2015-07-04,19.8,11.5,22.229677,12.816344,26.1,-2.429677,False
2015-07-05,15.3,10.4,22.242473,12.76957,26.2,-6.942473,False
2015-07-06,21.3,12.4,22.301398,12.733871,26.21,-1.001398,False
2015-07-07,20.4,14.7,22.320753,12.71914,26.31,-1.920753,False
2015-07-08,18.8,16.4,22.334516,12.702581,26.4,-3.534516,False
2015-07-09,20.8,15.9,22.303978,12.68129,26.4,-1.503978,False
2015-07-10,25.0,12.4,22.277527,12.65914,26.4,2.722473,False
2015-07-11,21.6,16.5,22.27828,12.621935,26.4,-0.67828,False
2015-07-12,26.5,14.4,22.299785,12.586774,26.4,4.200215,False
2015-07-13,28.0,17.1,22.317312,12.580108,26.4,5.682688,False
2015-07-14,29.0,17.9,22.341828,12.573763,26.41,6.658172,False
2015-07-15,26.8,15.7,22.332688,12.56043,26.41,4.467312,False
2015-07-16,26.1,15.8,22.336344,12.53828,26.5,3.763656,False
2015-07-17,23.4,15.2,22.355914,12.522473,26.5,1.044086,False
2015-07-18,25.0,14.5,22.33086,12.493871,26.6,2.66914,False
2015-07-19,26.0,14.7,22.294839,12.466344,26.6,3.705161,False
2015-07-20,25.7,14.0,22.279462,12.438172,26.6,3.420538,False
2015-07-21,21.2,14.2,22.264839,12.427097,26.6,-1.064839,False
2015-07-22,16.9,13.1,22.28172,12.426344,26.7,-5.38172,False
2015-07-23,22.2,13.9,22.354086,12.443333,26.7,-0.154086,False
2015-07-24,25.6,13.8,22.424301,12.463763,26.8,3.175699,False
2015-07-25,17.3,14.7,22.480323,12.502151,26.8,-5.180323,False
2015-07-26,22.2,13.5,22.515591,12.528817,26.81,-0.315591,False
2015-07-27,22.8,10.5,22.549462,12.511183,26.9,0.250538,False
2015-07-28,23.9,10.9,22.616774,12.515806,27.1,1.283226,False
2015-07-29,23.9,10.8,22.701398,12.546882,27.2,1.198602,False
2015-07-30,26.0,12.0,22.746774,12.561613,27.2,3.253226,False
2015-07-31,26.3,14.3,22.772796,12.587527,27.2,3.527204,False
2015-08-01,26.7,13.9,22.801935,12.60172,27.3,3.898065,False
2015-08-02,25.7,13.3,22.830215,12.629032,27.4,2.869785,False
2015-08-03,27.3,12.8,22.88,12.655806,27.4,4.42,False
2015-08-04,27.2,16.0,22.95129,12.705806,27.5,4.24871,False
2015-08-05,27.2,14.2,22.971505,12.739247,27.5,4.228495,False
2015-08-06,27.1,16.4,22.947849,12.745591,27.5,4.152151,False
2015-08-07,28.4,14.3,22.968817,12.738925,27.5,5.431183,False
2015-08-08,28.0,14.5,23.046882,12.767634,27.6,4.953118,False
2015-08-09,26.4,14.2,23.137312,12.819785,27.8,3.262688,False
2015-08-10,27.3,15.6,23.244409,12.855806,27.9,4.055591,False
2015-08-11,27.0,15.0,23.333333,12.903871,28.0,3.666667,False
2015-08-12,26.4,14.2,23.405914,12.954086,28.01,2.994086,False
2015-08-13,27.7,13.5,23.461935,12.986882,28.2,4.238065,False
2015-08-14,26.9,14.0,23.527312,13.022581,28.31,3.372688,False
2015-08-15,27.2,15.0,23.640968,13.068387,28.5,3.559032,False
2015-08-16,28.0,15.7,23.752581,13.127527,28.7,4.247419,False
2015-08-17,27.7,14.5,23.82,13.195484,28.71,3.88,False
2015-08-18,26.9,17.3,23.902903,13.256344,28.8,2.997097,False
2015-08-19,28.3,18.4,23.995806,13.303118,28.9,4.304194,False
2015-08-20,19.6,13.5,24.038172,13.361505,29.0,-4.438172,False
2015-08-21,22.1,13.8,24.101183,13.41172,29.2,-2.001183,False
2015-08-22,26.3,13.2,24.106989,13.44086,29.2,2.193011,False
2015-08-23,29.4,13.6,24.127312,13.480215,29.3,5.272688,False
2015-08-24,18.7,15.3,24.175376,13.522473,29.5,-5.475376,False
2015-08-25,18.3,14.3,24.221935,13.56,29.6,-5.921935,False
2015-08-26,24.2,15.0,24.314516,13.61086,29.8,-0.114516,False
2015-08-27,18.8,15.7,24.415054,13.7,29.9,-5.615054,False
2015-08-28,21.5,12.6,24.475914,13.783548,30.0,-2.975914,False
2015-08-29,26.7,12.4,24.518817,13.855376,30.0,2.181183,False
2015-08-30,31.2,13.5,24.574731,13.955699,30.1,6.625269,False
2015-08-31,30.7,14.4,24.640538,14.036989,30.21,6.059462,False
2015-09-01,29.0,15.9,24.68086,14.095484,30.3,4.31914,False
2015-09-02,20.1,14.7,24.719785,14.148925,30.4,-4.619785,False
2015-09-03,26.1,14.4,24.775484,14.20828,30.5,1.324516,False
2015-09-04,18.9,15.4,24.854409,14.262796,30.51,-5.954409,False
2015-09-05,18.5,14.5,24.895699,14.339247,30.6,-6.395699,False
2015-09-06,20.2,13.0,24.944301,14.414516,30.6,-4.744301,False
2015-09-07,23.7,16.4,24.977849,14.482258,30.7,-1.277849,False
2015-09-08,20.1,17.4,25.005054,14.52914,30.9,-4.905054,False
2015-09-09,22.5,14.9,25.019785,14.57129,31.0,-2.519785,False
2015-09-10,23.0,14.9,24.934839,14.609677,31.0,-1.934839,False
2015-09-11,21.9,16.0,24.859677,14.626022,31.02,-2.959677,False
2015-09-12,15.7,13.1,24.823548,14.645376,31.2,-9.123548,False
2015-09-13,17.8,12.6,24.820538,14.699032,31.2,-7.020538,False
2015-09-14,22.3,13.1,24.802796,14.749247,31.2,-2.502796,False
2015-09-15,28.9,15.0,24.752366,14.797312,31.02,4.147634,False
2015-09-16,33.1,19.1,24.737312,14.860323,31.2,8.362688,False
2015-09-17,32.8,21.1,24.741828,14.92,31.2,8.058172,False
2015-09-18,34.1,19.8,24.714301,14.986129,31.21,9.385699,False
2015-09-19,34.6,19.2,24.716774,15.038387,31.3,9.883226,False
2015-09-20,32.3,19.4,24.788172,15.091505,31.3,7.511828,False
2015-09-21,32.5,17.6,24.827419,15.151075,31.3,7.672581,False
2015-09-22,32.5,16.7,24.835591,15.19828,31.3,7.664409,False
2015-09-23,33.3,16.4,24.798387,15.232043,31.3,8.501613,False
2015-09-24,35.0,17.7,24.797097,15.267527,31.3,10.202903,False
2015-09-25,30.3,20.5,24.824194,15.315376,31.31,5.475806,False
2015-09-26,23.2,19.0,24.846452,15.355161,31.3,-1.646452,False
2015-09-27,29.0,18.8,24.897634,15.412258,31.3,4.102366,False
2015-09-28,24.0,18.8,24.979677,15.486129,31.41,-0.979677,False
2015-09-29,26.9,17.8,25.014839,15.565914,31.5,1.885161,False
2015-09-30,26.1,19.1,25.033441,15.606452,31.5,1.066559,False
2015-10-01,24.9,17.8,25.091505,15.657527,31.5,-0.191505,False
2015-10-02,31.5,18.9,25.141075,15.734946,31.5,6.358925,False
2015-10-03,25.3,19.8,25.175699,15.801505,31.5,0.124301,False
2015-10-04,21.7,17.5,25.174624,15.844516,31.5,-3.474624,False
2015-10-05,21.8,15.8,25.143656,15.885054,31.5,-3.343656,False
2015-10-06,25.0,14.6,25.165484,15.903333,31.5,-0.165484,False
2015-10-07,30.9,15.7,25.190108,15.936882,31.5,5.709892,False
2015-10-08,32.5,19.5,25.222688,15.990538,31.41,7.277312,False
2015-10-09,29.6,20.1,25.225806,16.048602,31.3,4.374194,False
2015-10-10,26.9,19.9,25.251505,16.115054,31.2,1.648495,False
2015-10-11,28.5,19.0,25.376667,16.212688,31.2,3.123333,False
2015-10-12,28.0,19.1,25.495591,16.319892,31.11,2.504409,False
2015-10-13,26.2,17.9,25.567312,16.388602,31.11,0.632688,False
2015-10-14,30.2,17.6,25.623763,16.416774,31.3,4.576237,False
2015-10-15,34.7,20.3,25.66086,16.466882,31.4,9.03914,False
2015-10-16,32.2,21.6,25.707634,16.507849,31.41,6.492366,False
2015-10-17,27.1,17.9,25.687527,16.531828,31.4,1.412473,False
2015-10-18,19.1,15.5,25.673763,16.537312,31.3,-6.573763,False
2015-10-19,26.5,15.1,25.72871,16.549677,31.3,0.77129,False
2015-10-20,34.8,16.8,25.749892,16.588602,31.4,9.050108,False
2015-10-21,31.3,21.8,25.72914,16.621613,31.31,5.57086,False
2015-10-22,25.5,18.0,25.715914,16.64914,31.2,-0.215914,False
2015-10-23,25.7,17.5,25.755269,16.684409,31.11,-0.055269,False
2015-10-24,22.5,16.6,25.814946,16.726452,31.1,-3.314946,False
2015-10-25,21.1,15.5,25.859355,16.773011,31.1,-4.759355,False
2015-10-26,27.9,16.2,25.880108,16.818817,31.1,2.019892,False
2015-10-27,26.7,18.6,25.887634,16.866667,31.0,0.812366,False
2015-10-28,24.5,18.8,25.837634,16.896129,30.8,-1.337634,False
2015-10-29,24.9,18.3,25.750753,16.91086,30.7,-0.850753,False
2015-10-30,29.3,17.2,25.677742,16.892473,30.51,3.622258,False
2015-10-31,28.8,18.9,25.670108,16.898387,30.5,3.129892,False
2015-11-01,21.8,19.0,25.634086,16.915699,30.4,-3.834086,False
2015-11-02,25.2,18.6,25.627742,16.922903,30.4,-0.427742,False
2015-11-03,25.6,19.4,25.630215,16.926882,30.4,-0.030215,False
2015-11-04,26.6,19.8,25.616344,16.934409,30.3,0.983656,False
2015-11-05,25.9,18.4,25.603763,16.934839,30.3,0.296237,False
2015-11-06,23.4,18.6,25.607634,16.944839,30.3,-2.207634,False
2015-11-07,20.0,17.2,25.626237,16.966237,30.2,-5.626237,False
2015-11-08,24.9,17.6,25.649247,16.985269,30.2,-0.749247,False
2015-11-09,26.6,19.0,25.685591,17.007097,30.2,0.914409,False
2015-11-10,30.6,19.4,25.71957,17.032366,30.21,4.88043,True
2015-11-11,30.7,19.9,25.716237,17.045914,30.3,4.983763,True
2015-11-12,30.4,20.5,25.720538,17.058172,30.3,4.679462,True
2015-11-13,29.5,19.8,25.720753,17.088602,30.2,3.779247,False
2015-11-14,30.3,19.1,25.73043,17.12957,30.1,4.56957,False
2015-11-15,27.6,19.9,25.737419,17.166344,30.1,1.862581,False
2015-11-16,23.4,18.9,25.745269,17.201505,30.0,-2.345269,False
2015-11-17,28.7,18.6,25.786667,17.228387,30.0,2.913333,False
2015-11-18,30.7,18.3,25.839462,17.266667,30.0,4.860538,False
2015-11-19,29.5,21.8,25.871935,17.308925,30.0,3.628065,False
2015-11-20,26.4,20.2,25.932796,17.360323,30.0,0.467204,False
2015-11-21,21.9,17.8,25.993548,17.40828,30.0,-4.093548,False
2015-11-22,26.7,16.0,26.050215,17.466344,30.0,0.649785,False
2015-11-23,23.3,19.4,26.117849,17.528172,30.0,-2.817849,False
2015-11-24,22.0,19.1,26.136559,17.576452,30.0,-4.136559,False
2015-11-25,24.1,19.0,26.129892,17.622043,30.0,-2.029892,False
2015-11-26,26.9,18.5,26.107742,17.654624,29.91,0.792258,False
2015-11-27,28.5,17.8,26.09828,17.692796,29.9,2.40172,False
2015-11-28,29.9,18.8,26.13086,17.722258,29.91,3.76914,False
2015-11-29,25.8,19.8,26.172151,17.751075,30.0,-0.372151,False
2015-11-30,21.2,17.2,26.24,17.802043,30.0,-5.04,False
2015-12-01,24.3,17.1,26.28828,17.847957,30.0,-1.98828,False
2015-12-02,27.8,18.5,26.322366,17.873978,30.0,1.477634,False
2015-12-03,24.7,19.4,26.360108,17.909355,30.0,-1.660108,False
2015-12-04,27.2,18.7,26.427742,17.956344,30.01,0.772258,False
2015-12-05,29.3,18.9,26.546452,18.029355,30.11,2.753548,False
2015-12-06,26.4,19.8,26.637527,18.111398,30.2,-0.237527,False
2015-12-07,23.0,18.7,26.695484,18.199032,30.21,-3.695484,False
2015-12-08,27.2,18.0,26.724409,18.264624,30.3,0.475591,False
2015-12-09,28.3,19.5,26.754194,18.327849,30.3,1.545806,False
2015-12-10,26.0,22.8,26.750645,18.37172,30.3,-0.750645,False
2015-12-11,28.9,20.8,26.762581,18.403978,30.3,2.137419,False
2015-12-12,27.7,20.4,26.795591,18.427849,30.31,0.904409,False
2015-12-13,30.4,19.5,26.823441,18.45871,30.4,3.576559,False
2015-12-14,31.4,20.4,26.881935,18.501828,30.4,4.518065,False
2015-12-15,30.7,21.0,26.924301,18.560753,30.4,3.775699,False
2015-12-16,24.0,20.2,26.989677,18.615699,30.41,-2.989677,False
2015-12-17,29.1,19.3,27.032796,18.670323,30.51,2.067204,False
2015-12-18,32.2,19.5,27.041613,18.720108,30.6,5.158387,False
2015-12-19,30.8,21.3,27.025914,18.766774,30.6,3.774086,False
2015-12-20,27.4,20.0,26.996989,18.800645,30.6,0.403011,False
2015-12-21,27.8,20.7,26.976452,18.82,30.6,0.823548,False
2015-12-22,31.0,20.1,26.997097,18.851935,30.6,4.002903,True
2015-12-23,31.6,22.1,27.04,18.875806,30.6,4.56,True
2015-12-24,31.3,21.9,27.054839,18.90086,30.61,4.245161,True
2015-12-25,28.7,21.7,27.098817,18.942581,30.7,1.601183,False
2015-12-26,28.2,20.0,27.152258,18.978602,30.7,1.047742,False
2015-12-27,27.3,21.0,27.207527,19.008172,30.8,0.092473,False
2015-12-28,24.3,20.8,27.237527,19.04043,30.8,-2.937527,False
2015-12-29,22.6,20.5,27.261935,19.073333,30.8,-4.661935,False
2015-12-30,22.6,20.7,27.311075,19.110968,30.8,-4.711075,False
2015-12-31,28.8,20.3,27.334731,19.142258,30.8,1.465269,False
2016-01-01,29.0,21.5,27.338387,19.167419,30.9,1.661613,False
2016-01-02,27.8,21.4,27.340538,19.185054,30.9,0.459462,False
2016-01-03,24.2,20.6,27.354624,19.203441,30.9,-3.154624,False
2016-01-04,27.1,18.5,27.350215,19.227957,30.9,-0.250215,False
2016-01-05,28.5,17.8,27.312796,19.225376,30.9,1.187204,False
2016-01-06,31.0,19.0,27.293226,19.226882,31.0,3.706774,False
2016-01-07,32.4,18.9,27.285054,19.226667,31.0,5.114946,False
2016-01-08,30.5,20.5,27.302903,19.234409,31.0,3.197097,False
2016-01-09,29.8,20.6,27.328817,19.23129,30.91,2.471183,False
2016-01-10,27.8,20.9,27.376667,19.254409,31.0,0.423333,False
2016-01-11,23.3,20.9,27.375269,19.269247,31.0,-4.075269,False
2016-01-12,25.5,21.3,27.344409,19.275054,31.1,-1.844409,False
2016-01-13,28.2,21.6,27.355161,19.282796,31.1,0.844839,False
2016-01-14,26.1,21.8,27.354086,19.301613,31.1,-1.254086,False
2016-01-15,23.7,20.1,27.353871,19.31172,31.1,-3.653871,False
2016-01-16,25.8,18.5,27.369032,19.312903,31.1,-1.569032,False
2016-01-17,25.4,16.3,27.416667,19.311828,31.11,-2.016667,False
2016-01-18,24.2,17.2,27.477419,19.331398,31.2,-3.277419,False
2016-01-19,22.8,17.8,27.527527,19.345376,31.2,-4.727527,False
2016-01-20,23.3,17.3,27.573118,19.353656,31.2,-4.273118,False
2016-01-21,26.2,17.3,27.628925,19.361828,31.31,-1.428925,False
2016-01-22,24.6,16.2,27.633011,19.367742,31.4,-3.033011,False
2016-01-23,26.9,17.1,27.62172,19.371075,31.4,-0.72172,False
2016-01-24,28.2,18.2,27.634086,19.370215,31.4,0.565914,False
2016-01-25,31.7,19.2,27.642581,19.370753,31.4,4.057419,False
2016-01-26,31.6,20.8,27.641613,19.374516,31.4,3.958387,False
2016-01-27,27.2,21.0,27.653441,19.374731,31.5,-0.453441,False
2016-01-28,28.7,20.4,27.671075,19.367742,31.51,1.028925,False
2016-01-29,27.9,20.7,27.667849,19.353548,31.6,0.232151,False
2016-01-30,30.1,21.5,27.652796,19.334086,31.6,2.447204,False
2016-01-31,32.4,20.7,27.644086,19.330108,31.6,4.755914,False
2016-02-01,32.7,20.7,27.641613,19.327957,31.6,5.058387,False
2016-02-02,31.6,19.8,27.67129,19.339462,31.6,3.92871,False
2016-02-03,31.1,20.4,27.695591,19.344301,31.6,3.404409,False
2016-02-04,29.7,20.5,27.721075,19.352581,31.6,1.978925,False
2016-02-05,32.1,21.5,27.750538,19.368065,31.51,4.349462,False
2016-02-06,28.6,21.4,27.777312,19.373333,31.5,0.822688,False
2016-02-07,28.6,20.2,27.810323,19.377849,31.5,0.789677,False
2016-02-08,31.5,20.4,27.844194,19.386452,31.5,3.655806,False
2016-02-09,32.3,21.0,27.850538,19.407312,31.5,4.449462,False
2016-02-10,32.3,22.4,27.833871,19.404301,31.5,4.466129,False
2016-02-11,25.2,21.2,27.851613,19.402796,31.5,-2.651613,False
2016-02-12,28.1,18.1,27.891613,19.405269,31.5,0.208387,False
2016-02-13,30.4,17.7,27.88086,19.410968,31.4,2.51914,False
2016-02-14,32.1,19.5,27.863656,19.394301,31.4,4.236344,False
2016-02-15,28.2,21.3,27.848172,19.381183,31.4,0.351828,False
2016-02-16,27.2,20.3,27.805914,19.360323,31.31,-0.605914,False
2016-02-17,30.0,21.0,27.762043,19.338172,31.3,2.237957,False
2016-02-18,30.0,21.5,27.730645,19.31086,31.21,2.269355,False
2016-02-19,29.9,20.2,27.720968,19.283978,31.2,2.179032,False
2016-02-20,30.0,20.7,27.719892,19.27,31.2,2.280108,False
2016-02-21,24.8,19.7,27.700323,19.262043,31.1,-2.900323,False
2016-02-22,24.1,19.7,27.728602,19.250538,31.0,-3.628602,False
2016-02-23,24.9,20.5,27.751505,19.249892,31.0,-2.851505,False
2016-02-24,27.2,20.3,27.726667,19.254086,31.0,-0.526667,False
2016-02-25,28.9,20.5,27.708817,19.241505,30.9,1.191183,False
2016-02-26,29.5,21.4,27.682903,19.217849,30.9,1.817097,False
2016-02-27,27.2,23.1,27.656022,19.202473,30.81,-0.456022,False
2016-02-28,27.8,22.0,27.641183,19.191075,30.8,0.158817,False
2016-02-29,22.1,18.9,27.634301,19.18957,30.755,-5.534301,False
2016-03-01,20.0,17.8,27.627419,19.188065,30.71,-7.627419,False
2016-03-02,24.2,18.0,27.589677,19.176989,30.7,-3.389677,False
2016-03-03,23.2,19.1,27.575376,19.142473,30.7,-4.375376,False
2016-03-04,27.4,20.2,27.555054,19.121828,30.6,-0.155054,False
2016-03-05,29.4,19.1,27.523978,19.096667,30.6,1.876022,False
2016-03-06,29.2,19.3,27.455914,19.074516,30.6,1.744086,False
2016-03-07,29.4,19.1,27.376022,19.038387,30.51,2.023978,False
2016-03-08,28.7,20.2,27.317527,18.989785,30.5,1.382473,False
2016-03-09,30.4,21.1,27.270968,18.96129,30.5,3.129032,False
2016-03-10,26.3,21.9,27.22,18.924194,30.41,-0.92,False
2016-03-11,26.4,20.4,27.17086,18.869785,30.4,-0.77086,False
2016-03-12,28.2,20.0,27.128065,18.820215,30.4,1.071935,False
2016-03-13,24.5,18.2,27.095054,18.770753,30.4,-2.595054,False
2016-03-14,27.3,18.5,27.05043,18.736882,30.3,0.24957,False
2016-03-15,28.3,19.0,27.001828,18.709677,30.3,1.298172,False
2016-03-16,26.5,19.4,26.976989,18.677957,30.21,-0.476989,False
2016-03-17,28.1,19.5,26.966989,18.656022,30.2,1.133011,False
2016-03-18,29.4,19.5,26.934624,18.630108,30.1,2.465376,False
2016-03-19,31.1,18.9,26.905806,18.602043,30.1,4.194194,False
2016-03-20,28.4,17.6,26.870108,18.565699,30.01,1.529892,False
2016-03-21,30.6,19.9,26.830968,18.526452,30.0,3.769032,False
2016-03-22,29.1,20.2,26.787849,18.489677,30.0,2.312151,False
2016-03-23,28.1,19.8,26.734516,18.456989,29.9,1.365484,False
2016-03-24,27.9,19.2,26.667312,18.415699,29.8,1.232688,False
2016-03-25,28.3,19.9,26.577957,18.367312,29.7,1.722043,False
2016-03-26,28.3,20.5,26.503441,18.309462,29.7,1.796559,False
2016-03-27,29.7,21.2,26.492796,18.249355,29.6,3.207204,True
2016-03-28,30.1,20.2,26.471828,18.197527,29.6,3.628172,True
2016-03-29,29.9,20.0,26.426452,18.152043,29.6,3.473548,True
2016-03-30,29.0,20.7,26.373011,18.1,29.5,2.626989,False
2016-03-31,29.6,20.7,26.34172,18.044409,29.5,3.25828,False
2016-04-01,28.7,20.6,26.322151,17.995914,29.5,2.377849,False
2016-04-02,29.2,18.9,26.296344,17.935699,29.5,2.903656,False
2016-04-03,30.9,20.4,26.247634,17.869355,29.5,4.652366,False
2016-04-04,28.6,19.6,26.216237,17.789892,29.5,2.383763,False
2016-04-05,28.7,19.4,26.164516,17.720645,29.41,2.535484,False
2016-04-06,29.5,18.8,26.153656,17.66,29.41,3.346344,False
2016-04-07,31.4,18.4,26.139677,17.62,29.5,5.260323,False
2016-04-08,30.0,18.8,26.12043,17.586344,29.41,3.87957,False
2016-04-09,31.6,20.4,26.103011,17.535914,29.4,5.496989,False
2016-04-10,30.3,20.7,26.077634,17.497204,29.4,4.222366,False
2016-04-11,29.1,20.4,26.026022,17.463548,29.3,3.073978,False
2016-04-12,30.1,20.4,25.948495,17.391075,29.21,4.151505,False
2016-04-13,30.0,20.3,25.862688,17.32043,29.2,4.137312,False
2016-04-14,30.7,19.1,25.808495,17.241613,29.2,4.891505,False
2016-04-15,30.5,19.8,25.761828,17.154946,29.1,4.738172,False
2016-04-16,31.5,20.5,25.696452,17.057849,29.1,5.803548,False
2016-04-17,31.3,18.7,25.624301,16.967849,29.1,5.675699,False
2016-04-18,31.5,19.0,25.565591,16.880753,29.1,5.934409,False
2016-04-19,30.6,20.3,25.519677,16.794301,29.0,5.080323,False
2016-04-20,30.9,20.0,25.465054,16.719247,29.0,5.434946,False
2016-04-21,31.5,19.2,25.37871,16.643978,28.9,6.12129,False
2016-04-22,30.3,18.4,25.277097,16.558925,28.8,5.022903,False
2016-04-23,31.4,18.7,25.186667,16.457097,28.71,6.213333,False
2016-04-24,31.3,19.9,25.101398,16.338817,28.7,6.198602,False
2016-04-25,30.9,20.3,25.012043,16.232903,28.7,5.887957,False
2016-04-26,25.2,21.0,24.940753,16.149247,28.6,0.259247,False
2016-04-27,20.9,15.8,24.829355,16.064194,28.4,-3.929355,False
2016-04-28,19.2,12.5,24.710538,15.975914,28.4,-5.510538,False
2016-04-29,17.2,12.3,24.60914,15.897204,28.4,-7.40914,False
2016-04-30,21.8,13.8,24.513871,15.806022,28.3,-2.713871,False
2016-05-01,20.1,11.2,24.41172,15.718925,28.2,-4.31172,False
2016-05-02,23.1,9.8,24.300968,15.619892,28.11,-1.200968,False
2016-05-03,25.0,13.3,24.222473,15.538065,28.1,0.777527,False
2016-05-04,24.5,13.6,24.116559,15.483011,28.0,0.383441,False
2016-05-05,24.1,13.9,24.011828,15.415484,27.9,0.088172,False
2016-05-06,26.1,14.0,23.938495,15.341183,27.8,2.161505,False
2016-05-07,24.2,15.8,23.864946,15.268925,27.71,0.335054,False
2016-05-08,24.3,17.4,23.758817,15.169785,27.7,0.541183,False
2016-05-09,26.0,17.0,23.60828,15.056882,27.5,2.39172,False
2016-05-10,23.0,17.6,23.468925,14.948925,27.4,-0.468925,False
2016-05-11,23.1,16.6,23.370323,14.85172,27.2,-0.270323,False
2016-05-12,21.3,17.1,23.277204,14.754731,27.2,-1.977204,False
2016-05-13,20.8,15.3,23.200645,14.68828,27.0,-2.400645,False
2016-05-14,21.7,14.7,23.134839,14.621398,26.9,-1.434839,False
2016-05-15,26.5,13.5,23.051183,14.545484,26.8,3.448817,False
2016-05-16,25.9,19.6,22.958925,14.475591,26.8,2.941075,False
2016-05-17,23.6,16.5,22.863011,14.408172,26.7,0.736989,False
2016-05-18,17.4,14.6,22.759785,14.338602,26.6,-5.359785,False
2016-05-19,16.7,14.2,22.667097,14.269355,26.5,-5.967097,False
2016-05-20,23.9,14.8,22.583226,14.201183,26.4,1.316774,False
2016-05-21,20.2,17.5,22.499462,14.149247,26.3,-2.299462,False
2016-05-22,26.2,16.7,22.469677,14.096774,26.2,3.730323,False
2016-05-23,20.1,12.4,22.463978,14.054731,26.2,-2.363978,False
2016-05-24,18.2,9.4,22.435161,14.011935,26.2,-4.235161,False
2016-05-25,21.3,12.3,22.41086,13.980753,26.2,-1.11086,False
2016-05-26,24.0,14.3,22.395591,13.961075,26.2,1.604409,False
2016-05-27,21.2,15.1,22.364409,13.920753,26.2,-1.164409,False
2016-05-28,22.5,15.6,22.32957,13.86957,26.2,0.17043,False
2016-05-29,21.3,14.8,22.308065,13.807527,26.2,-1.008065,False
2016-05-30,18.2,15.1,22.300753,13.74,26.1,-4.100753,False
2016-05-31,22.6,15.9,22.29828,13.689355,26.1,0.30172,False
2016-06-01,23.8,16.7,22.288925,13.63871,26.0,1.511075,False
2016-06-02,23.4,16.6,22.313441,13.616022,26.0,1.086559,False
2016-06-03,20.4,16.0,22.315914,13.581398,26.0,-1.915914,False
2016-06-04,20.9,16.3,22.328817,13.556237,26.0,-1.428817,False
2016-06-05,20.6,17.8,22.301505,13.544624,26.0,-1.701505,False
2016-06-06,22.7,18.6,22.270968,13.519355,25.9,0.429032,False
2016-06-07,18.9,12.7,22.233011,13.476022,25.9,-3.333011,False
2016-06-08,18.2,11.4,22.250323,13.43828,25.9,-4.050323,False
2016-06-09,16.6,6.8,22.297634,13.427097,25.9,-5.697634,False
2016-06-10,18.3,6.8,22.316022,13.423548,26.0,-4.016022,False
2016-06-11,16.7,5.6,22.286559,13.405054,26.0,-5.586559,False
2016-06-12,16.7,5.3,22.291505,13.372043,26.0,-5.591505,False
2016-06-13,17.1,3.2,22.303656,13.335591,26.0,-5.203656,False
2016-06-14,20.0,7.4,22.323226,13.316774,26.0,-2.323226,False
2016-06-15,23.0,7.6,22.342043,13.302473,26.0,0.657957,False
2016-06-16,24.6,10.7,22.374086,13.286129,26.0,2.225914,False
2016-06-17,24.4,12.6,22.430215,13.286129,26.1,1.969785,False
2016-06-18,22.4,11.9,22.475161,13.287097,26.1,-0.075161,False
2016-06-19,23.3,13.8,22.502258,13.279032,26.11,0.797742,False
2016-06-20,16.7,12.9,22.513118,13.26043,26.11,-5.813118,False
2016-06-21,15.1,11.7,22.544839,13.239032,26.2,-7.444839,False
2016-06-22,21.0,12.4,22.534301,13.201183,26.2,-1.534301,False
2016-06-23,22.4,13.1,22.492903,13.163763,26.2,-0.092903,False
2016-06-24,20.1,10.9,22.483441,13.130538,26.2,-2.383441,False
2016-06-25,21.4,11.8,22.455806,13.102258,26.2,-1.055806,False
2016-06-26,21.7,12.9,22.419785,13.068602,26.2,-0.719785,False
2016-06-27,21.8,11.7,22.372903,13.019032,26.2,-0.572903,False
2016-06-28,21.6,10.0,22.35828,12.972473,26.2,-0.75828,False
2016-06-29,23.8,12.9,22.34957,12.948925,26.11,1.45043,False
2016-06-30,22.8,13.1,22.340108,12.921183,26.1,0.459892,False
2016-07-01,24.0,13.6,22.325054,12.904624,26.11,1.674946,False
2016-07-02,24.9,15.1,22.317527,12.880968,26.11,2.582473,False
2016-07-03,25.5,14.2,22.273548,12.84957,26.1,3.226452,False
2016-07-04,25.2,14.4,22.229677,12.816344,26.1,2.970323,False
2016-07-05,25.2,13.2,22.242473,12.76957,26.2,2.957527,False
2016-07-06,26.3,16.2,22.301398,12.733871,26.21,3.998602,False
2016-07-07,21.4,11.6,22.320753,12.71914,26.31,-0.920753,False
2016-07-08,20.0,7.4,22.334516,12.702581,26.4,-2.334516,False
2016-07-09,23.9,8.6,22.303978,12.68129,26.4,1.596022,False
2016-07-10,27.2,9.8,22.277527,12.65914,26.4,4.922473,False
2016-07-11,28.0,14.4,22.27828,12.621935,26.4,5.72172,False
2016-07-12,28.7,16.5,22.299785,12.586774,26.4,6.400215,False
2016-07-13,26.4,14.7,22.317312,12.580108,26.4,4.082688,False
2016-07-14,27.4,15.2,22.341828,12.573763,26.41,5.058172,False
2016-07-15,28.0,16.2,22.332688,12.56043,26.41,5.667312,False
2016-07-16,21.4,17.4,22.336344,12.53828,26.5,-0.936344,False
2016-07-17,18.7,10.4,22.355914,12.522473,26.5,-3.655914,False
2016-07-18,16.9,7.3,22.33086,12.493871,26.6,-5.43086,False
2016-07-19,16.5,8.2,22.294839,12.466344,26.6,-5.794839,False
2016-07-20,17.0,10.3,22.279462,12.438172,26.6,-5.279462,False
2016-07-21,17.7,9.3,22.264839,12.427097,26.6,-4.564839,False
2016-07-22,17.3,10.5,22.28172,12.426344,26.7,-4.98172,False
2016-07-23,23.7,11.1,22.354086,12.443333,26.7,1.345914,False
2016-07-24,27.2,13.8,22.424301,12.463763,26.8,4.775699,False
2016-07-25,25.1,12.4,22.480323,12.502151,26.8,2.619677,False
2016-07-26,26.7,13.0,22.515591,12.528817,26.81,4.184409,False
2016-07-27,26.6,13.9,22.549462,12.511183,26.9,4.050538,False
2016-07-28,18.5,10.4,22.616774,12.515806,27.1,-4.116774,False
2016-07-29,18.8,11.4,22.701398,12.546882,27.2,-3.901398,False
2016-07-30,23.8,13.6,22.746774,12.561613,27.2,1.053226,False
2016-07-31,24.7,13.8,22.772796,12.587527,27.2,1.927204,False
2016-08-01,25.6,13.0,22.801935,12.60172,27.3,2.798065,False
2016-08-02,20.2,14.1,22.830215,12.629032,27.4,-2.630215,False
2016-08-03,22.3,13.8,22.88,12.655806,27.4,-0.58,False
2016-08-04,24.7,14.7,22.95129,12.705806,27.5,1.74871,False
2016-08-05,26.7,13.9,22.971505,12.739247,27.5,3.728495,False
2016-08-06,28.9,16.1,22.947849,12.745591,27.5,5.952151,False
2016-08-07,24.8,16.1,22.968817,12.738925,27.5,1.831183,False
2016-08-08,20.6,14.2,23.046882,12.767634,27.6,-2.446882,False
2016-08-09,22.2,15.4,23.137312,12.819785,27.8,-0.937312,False
2016-08-10,18.5,12.4,23.244409,12.855806,27.9,-4.744409,False
2016-08-11,15.3,7.8,23.333333,12.903871,28.0,-8.033333,False
2016-08-12,19.7,10.6,23.405914,12.954086,28.01,-3.705914,False
2016-08-13,26.4,10.1,23.461935,12.986882,28.2,2.938065,False
2016-08-14,29.6,10.9,23.527312,13.022581,28.31,6.072688,False
2016-08-15,29.8,13.3,23.640968,13.068387,28.5,6.159032,False
2016-08-16,24.3,14.5,23.752581,13.127527,28.7,0.547419,False
2016-08-17,29.4,15.7,23.82,13.195484,28.71,5.58,False
2016-08-18,22.4,15.6,23.902903,13.256344,28.8,-1.502903,False
2016-08-19,28.6,15.0,23.995806,13.303118,28.9,4.604194,False
2016-08-20,20.2,17.4,24.038172,13.361505,29.0,-3.838172,False
2016-08-21,18.5,10.5,24.101183,13.41172,29.2,-5.601183,False
2016-08-22,14.3,8.9,24.106989,13.44086,29.2,-9.806989,False
2016-08-23,20.1,9.1,24.127312,13.480215,29.3,-4.027312,False
2016-08-24,23.0,12.2,24.175376,13.522473,29.5,-1.175376,False
2016-08-25,26.1,13.4,24.221935,13.56,29.6,1.878065,False
2016-08-26,26.8,11.8,24.314516,13.61086,29.8,2.485484,False
2016-08-27,27.5,13.2,24.415054,13.7,29.9,3.084946,False
2016-08-28,29.8,13.9,24.475914,13.783548,30.0,5.324086,False
2016-08-29,29.9,15.5,24.518817,13.855376,30.0,5.381183,False
2016-08-30,26.6,18.2,24.574731,13.955699,30.1,2.025269,False
2016-08-31,20.8,15.8,24.640538,14.036989,30.21,-3.840538,False
2016-09-01,23.3,11.2,24.68086,14.095484,30.3,-1.38086,False
2016-09-02,24.5,15.0,24.719785,14.148925,30.4,-0.219785,False
2016-09-03,24.8,17.9,24.775484,14.20828,30.5,0.024516,False
2016-09-04,21.9,17.2,24.854409,14.262796,30.51,-2.954409,False
2016-09-05,23.6,15.8,24.895699,14.339247,30.6,-1.295699,False
2016-09-06,20.5,16.7,24.944301,14.414516,30.6,-4.444301,False
2016-09-07,20.6,16.6,24.977849,14.482258,30.7,-4.377849,False
2016-09-08,24.2,10.8,25.005054,14.52914,30.9,-0.805054,False
2016-09-09,22.3,13.9,25.019785,14.57129,31.0,-2.719785,False
2016-09-10,25.9,15.2,24.934839,14.609677,31.0,0.965161,False
2016-09-11,28.8,17.1,24.859677,14.626022,31.02,3.940323,False
2016-09-12,30.7,17.3,24.823548,14.645376,31.2,5.876452,False
2016-09-13,32.1,20.4,24.820538,14.699032,31.2,7.279462,False
2016-09-14,26.2,19.8,24.802796,14.749247,31.2,1.397204,False
2016-09-15,23.4,14.5,24.752366,14.797312,31.02,-1.352366,False
2016-09-16,19.9,12.3,24.737312,14.860323,31.2,-4.837312,False
2016-09-17,27.8,15.2,24.741828,14.92,31.2,3.058172,False
2016-09-18,31.6,16.8,24.714301,14.986129,31.21,6.885699,False
2016-09-19,25.4,15.7,24.716774,15.038387,31.3,0.683226,False
2016-09-20,17.7,13.3,24.788172,15.091505,31.3,-7.088172,False
2016-09-21,19.8,10.9,24.827419,15.151075,31.3,-5.027419,False
2016-09-22,23.5,13.0,24.835591,15.19828,31.3,-1.335591,False
2016-09-23,28.3,14.3,24.798387,15.232043,31.3,3.501613,False
2016-09-24,21.7,14.2,24.797097,15.267527,31.3,-3.097097,False
2016-09-25,17.7,13.3,24.824194,15.315376,31.31,-7.124194,False
2016-09-26,21.0,11.9,24.846452,15.355161,31.3,-3.846452,False
2016-09-27,23.3,10.9,24.897634,15.412258,31.3,-1.597634,False
2016-09-28,27.4,12.7,24.979677,15.486129,31.41,2.420323,False
2016-09-29,25.1,12.4,25.014839,15.565914,31.5,0.085161,False
2016-09-30,22.2,13.9,25.033441,15.606452,31.5,-2.833441,False
2016-10-01,19.5,13.7,25.091505,15.657527,31.5,-5.591505,False
2016-10-02,22.7,14.8,25.141075,15.734946,31.5,-2.441075,False
2016-10-03,18.7,16.0,25.175699,15.801505,31.5,-6.475699,False
2016-10-04,22.9,15.7,25.174624,15.844516,31.5,-2.274624,False
2016-10-05,20.9,14.1,25.143656,15.885054,31.5,-4.243656,False
2016-10-06,25.1,14.8,25.165484,15.903333,31.5,-0.065484,False
2016-10-07,21.1,13.1,25.190108,15.936882,31.5,-4.090108,False
2016-10-08,26.4,12.2,25.222688,15.990538,31.41,1.177312,False
2016-10-09,24.0,14.0,25.225806,16.048602,31.3,-1.225806,False
2016-10-10,22.1,15.6,25.251505,16.115054,31.2,-3.151505,False
2016-10-11,24.5,15.5,25.376667,16.212688,31.2,-0.876667,False
2016-10-12,28.7,16.0,25.495591,16.319892,31.11,3.204409,False
2016-10-13,28.6,19.0,25.567312,16.388602,31.11,3.032688,False
2016-10-14,25.7,18.8,25.623763,16.416774,31.3,0.076237,False
2016-10-15,27.3,18.8,25.66086,16.466882,31.4,1.63914,False
2016-10-16,31.9,19.1,25.707634,16.507849,31.41,6.192366,False
2016-10-17,33.6,20.6,25.687527,16.531828,31.4,7.912473,False
2016-10-18,31.5,20.1,25.673763,16.537312,31.3,5.826237,False
2016-10-19,33.8,20.0,25.72871,16.549677,31.3,8.07129,False
2016-10-20,31.8,21.2,25.749892,16.588602,31.4,6.050108,False
2016-10-21,22.9,18.4,25.72914,16.621613,31.31,-2.82914,False
2016-10-22,21.8,17.3,25.715914,16.64914,31.2,-3.915914,False
2016-10-23,26.8,17.4,25.755269,16.684409,31.11,1.044731,False
2016-10-24,28.6,19.0,25.814946,16.726452,31.1,2.785054,False
2016-10-25,23.5,19.2,25.859355,16.773011,31.1,-2.359355,False
2016-10-26,29.0,19.6,25.880108,16.818817,31.1,3.119892,False
2016-10-27,26.3,19.9,25.887634,16.866667,31.0,0.412366,False
2016-10-28,23.0,13.5,25.837634,16.896129,30.8,-2.837634,False
2016-10-29,21.4,11.3,25.750753,16.91086,30.7,-4.350753,False
2016-10-30,23.5,14.6,25.677742,16.892473,30.51,-2.177742,False
2016-10-31,27.7,16.0,25.670108,16.898387,30.5,2.029892,False
2016-11-01,29.1,18.2,25.634086,16.915699,30.4,3.465914,False
2016-11-02,28.3,20.2,25.627742,16.922903,30.4,2.672258,False
2016-11-03,21.1,16.6,25.630215,16.926882,30.4,-4.530215,False
2016-11-04,20.3,16.5,25.616344,16.934409,30.3,-5.316344,False
2016-11-05,21.1,15.4,25.603763,16.934839,30.3,-4.503763,False
2016-11-06,25.4,16.4,25.607634,16.944839,30.3,-0.207634,False
2016-11-07,25.8,16.5,25.626237,16.966237,30.2,0.173763,False
2016-11-08,27.4,16.1,25.649247,16.985269,30.2,1.750753,False
2016-11-09,29.9,18.4,25.685591,17.007097,30.2,4.214409,False
2016-11-10,29.7,18.3,25.71957,17.032366,30.21,3.98043,False
2016-11-11,30.0,18.3,25.716237,17.045914,30.3,4.283763,False
2016-11-12,21.3,17.2,25.720538,17.058172,30.3,-4.420538,False
2016-11-13,19.4,16.9,25.720753,17.088602,30.2,-6.320753,False
2016-11-14,21.1,17.4,25.73043,17.12957,30.1,-4.63043,False
2016-11-15,24.4,17.7,25.737419,17.166344,30.1,-1.337419,False
2016-11-16,28.9,16.2,25.745269,17.201505,30.0,3.154731,False
2016-11-17,28.9,18.3,25.786667,17.228387,30.0,3.113333,False
2016-11-18,20.6,14.5,25.839462,17.266667,30.0,-5.239462,False
2016-11-19,19.5,12.7,25.871935,17.308925,30.0,-6.371935,False
2016-11-20,24.5,11.5,25.932796,17.360323,30.0,-1.432796,False
2016-11-21,28.4,13.0,25.993548,17.40828,30.0,2.406452,False
2016-11-22,24.7,17.6,26.050215,17.466344,30.0,-1.350215,False
2016-11-23,26.3,16.8,26.117849,17.528172,30.0,0.182151,False
2016-11-24,26.5,17.9,26.136559,17.576452,30.0,0.363441,False
2016-11-25,27.6,17.2,26.129892,17.622043,30.0,1.470108,False
2016-11-26,27.9,18.1,26.107742,17.654624,29.91,1.792258,False
2016-11-27,30.5,18.9,26.09828,17.692796,29.9,4.40172,False
2016-11-28,29.2,21.0,26.13086,17.722258,29.91,3.06914,False
2016-11-29,23.2,18.0,26.172151,17.751075,30.0,-2.972151,False
2016-11-30,18.7,15.5,26.24,17.802043,30.0,-7.54,False
2016-12-01,21.6,14.9,26.28828,17.847957,30.0,-4.68828,False
2016-12-02,26.8,16.8,26.322366,17.873978,30.0,0.477634,False
2016-12-03,29.1,18.2,26.360108,17.909355,30.0,2.739892,False
2016-12-04,27.5,18.3,26.427742,17.956344,30.01,1.072258,False
2016-12-05,27.2,15.6,26.546452,18.029355,30.11,0.653548,False
2016-12-06,30.0,14.5,26.637527,18.111398,30.2,3.362473,False
2016-12-07,30.6,17.6,26.695484,18.199032,30.21,3.904516,False
2016-12-08,30.3,18.6,26.724409,18.264624,30.3,3.575591,False
2016-12-09,27.6,20.3,26.754194,18.327849,30.3,0.845806,False
2016-12-10,28.7,20.0,26.750645,18.37172,30.3,1.949355,False
2016-12-11,25.9,21.5,26.762581,18.403978,30.3,-0.862581,False
2016-12-12,25.0,20.7,26.795591,18.427849,30.31,-1.795591,False
2016-12-13,30.3,20.4,26.823441,18.45871,30.4,3.476559,False
2016-12-14,25.4,18.6,26.881935,18.501828,30.4,-1.481935,False
2016-12-15,18.8,15.4,26.924301,18.560753,30.4,-8.124301,False
2016-12-16,21.9,14.1,26.989677,18.615699,30.41,-5.089677,False
2016-12-17,27.1,15.5,27.032796,18.670323,30.51,0.067204,False
2016-12-18,28.7,17.8,27.041613,18.720108,30.6,1.658387,False
2016-12-19,27.6,18.3,27.025914,18.766774,30.6,0.574086,False
2016-12-20,28.3,18.7,26.996989,18.800645,30.6,1.303011,False
2016-12-21,28.9,18.5,26.976452,18.82,30.6,1.923548,False
2016-12-22,29.4,19.1,26.997097,18.851935,30.6,2.402903,False
2016-12-23,31.5,19.4,27.04,18.875806,30.6,4.46,False
2016-12-24,31.3,18.8,27.054839,18.90086,30.61,4.245161,False
2016-12-25,29.5,19.2,27.098817,18.942581,30.7,2.401183,False
2016-12-26,32.9,19.2,27.152258,18.978602,30.7,5.747742,True
2016-12-27,32.5,22.0,27.207527,19.008172,30.8,5.292473,True
2016-12-28,30.9,21.6,27.237527,19.04043,30.8,3.662473,True
2016-12-29,31.5,20.2,27.261935,19.073333,30.8,4.238065,True
2016-12-30,30.8,21.6,27.311075,19.110968,30.8,3.488925,False
2016-12-31,30.0,21.0,27.334731,19.142258,30.8,2.665269,False
2017-01-01,31.5,20.7,27.338387,19.167419,30.9,4.161613,False
2017-01-02,29.0,21.2,27.340538,19.185054,30.9,1.659462,False
2017-01-03,29.8,20.1,27.354624,19.203441,30.9,2.445376,False
2017-01-04,30.1,20.0,27.350215,19.227957,30.9,2.749785,False
2017-01-05,28.3,21.5,27.312796,19.225376,30.9,0.987204,False
2017-01-06,26.8,21.2,27.293226,19.226882,31.0,-0.493226,False
2017-01-07,28.7,20.7,27.285054,19.226667,31.0,1.414946,False
2017-01-08,30.1,20.3,27.302903,19.234409,31.0,2.797097,False
2017-01-09,30.0,21.4,27.328817,19.23129,30.91,2.671183,False
2017-01-10,30.0,21.2,27.376667,19.254409,31.0,2.623333,False
2017-01-11,27.8,21.0,27.375269,19.269247,31.0,0.424731,False
2017-01-12,25.2,20.4,27.344409,19.275054,31.1,-2.144409,False
2017-01-13,26.7,19.5,27.355161,19.282796,31.1,-0.655161,False
2017-01-14,30.5,19.7,27.354086,19.301613,31.1,3.145914,False
2017-01-15,28.5,19.5,27.353871,19.31172,31.1,1.146129,False
2017-01-16,27.6,20.5,27.369032,19.312903,31.1,0.230968,False
2017-01-17,24.0,20.7,27.416667,19.311828,31.11,-3.416667,False
2017-01-18,22.9,20.6,27.477419,19.331398,31.2,-4.577419,False
2017-01-19,23.2,19.6,27.527527,19.345376,31.2,-4.327527,False
2017-01-20,23.8,18.4,27.573118,19.353656,31.2,-3.773118,False
2017-01-21,23.3,19.0,27.628925,19.361828,31.31,-4.328925,False
2017-01-22,22.1,18.1,27.633011,19.367742,31.4,-5.533011,False
2017-01-23,25.5,18.6,27.62172,19.371075,31.4,-2.12172,False
2017-01-24,28.8,19.2,27.634086,19.370215,31.4,1.165914,False
2017-01-25,28.2,21.0,27.642581,19.370753,31.4,0.557419,False
2017-01-26,24.3,21.3,27.641613,19.374516,31.4,-3.341613,False
2017-01-27,24.4,20.3,27.653441,19.374731,31.5,-3.253441,False
2017-01-28,29.9,20.6,27.671075,19.367742,31.51,2.228925,False
2017-01-29,29.7,20.5,27.667849,19.353548,31.6,2.032151,False
2017-01-30,28.3,20.3,27.652796,19.334086,31.6,0.647204,False
2017-01-31,27.7,20.2,27.644086,19.330108,31.6,0.055914,False
2017-02-01,25.8,19.7,27.641613,19.327957,31.6,-1.841613,False
2017-02-02,25.9,19.4,27.67129,19.339462,31.6,-1.77129,False
2017-02-03,29.1,20.4,27.695591,19.344301,31.6,1.404409,False
2017-02-04,27.3,20.0,27.721075,19.352581,31.6,-0.421075,False
2017-02-05,30.5,18.9,27.750538,19.368065,31.51,2.749462,False
2017-02-06,30.5,20.8,27.777312,19.373333,31.5,2.722688,False
2017-02-07,29.1,20.2,27.810323,19.377849,31.5,1.289677,False
2017-02-08,27.4,20.1,27.844194,19.386452,31.5,-0.444194,False
2017-02-09,27.3,18.3,27.850538,19.407312,31.5,-0.550538,False
2017-02-10,28.3,19.2,27.833871,19.404301,31.5,0.466129,False
2017-02-11,30.7,20.7,27.851613,19.402796,31.5,2.848387,False
2017-02-12,30.4,21.8,27.891613,19.405269,31.5,2.508387,False
2017-02-13,30.1,21.7,27.88086,19.410968,31.4,2.21914,False
2017-02-14,31.4,20.9,27.863656,19.394301,31.4,3.536344,False
2017-02-15,31.9,20.9,27.848172,19.381183,31.4,4.051828,False
2017-02-16,30.6,19.8,27.805914,19.360323,31.31,2.794086,False
2017-02-17,31.9,19.1,27.762043,19.338172,31.3,4.137957,True
2017-02-18,33.1,19.2,27.730645,19.31086,31.21,5.369355,True
2017-02-19,33.2,19.5,27.720968,19.283978,31.2,5.479032,True
2017-02-20,31.7,19.9,27.719892,19.27,31.2,3.980108,True
2017-02-21,30.5,18.6,27.700323,19.262043,31.1,2.799677,False
2017-02-22,31.6,20.1,27.728602,19.250538,31.0,3.871398,False
2017-02-23,31.7,20.6,27.751505,19.249892,31.0,3.948495,False
2017-02-24,28.4,19.6,27.726667,19.254086,31.0,0.673333,False
2017-02-25,24.7,18.3,27.708817,19.241505,30.9,-3.008817,False
2017-02-26,26.5,19.7,27.682903,19.217849,30.9,-1.182903,False
2017-02-27,28.5,18.2,27.656022,19.202473,30.81,0.843978,False
2017-02-28,30.2,19.9,27.641183,19.191075,30.8,2.558817,False
2017-03-01,29.9,20.6,27.627419,19.188065,30.71,2.272581,False
2017-03-02,28.4,22.0,27.589677,19.176989,30.7,0.810323,False
2017-03-03,26.9,19.7,27.575376,19.142473,30.7,-0.675376,False
2017-03-04,28.9,20.3,27.555054,19.121828,30.6,1.344946,False
2017-03-05,28.0,21.2,27.523978,19.096667,30.6,0.476022,False
2017-03-06,25.8,20.9,27.455914,19.074516,30.6,-1.655914,False
2017-03-07,28.4,20.2,27.376022,19.038387,30.51,1.023978,False
2017-03-08,27.9,20.7,27.317527,18.989785,30.5,0.582473,False
2017-03-09,30.2,20.4,27.270968,18.96129,30.5,2.929032,False
2017-03-10,31.5,21.4,27.22,18.924194,30.41,4.28,True
2017-03-11,30.5,22.0,27.17086,18.869785,30.4,3.32914,True
2017-03-12,31.4,21.0,27.128065,18.820215,30.4,4.271935,True
2017-03-13,25.9,20.9,27.095054,18.770753,30.4,-1.195054,False
2017-03-14,25.9,19.8,27.05043,18.736882,30.3,-1.15043,False
2017-03-15,28.3,19.8,27.001828,18.709677,30.3,1.298172,False
2017-03-16,29.7,19.2,26.976989,18.677957,30.21,2.723011,False
2017-03-17,27.4,20.0,26.966989,18.656022,30.2,0.433011,False
2017-03-18,21.6,17.9,26.934624,18.630108,30.1,-5.334624,False
2017-03-19,20.9,17.2,26.905806,18.602043,30.1,-6.005806,False
2017-03-20,23.9,17.1,26.870108,18.565699,30.01,-2.970108,False
2017-03-21,24.8,15.2,26.830968,18.526452,30.0,-2.030968,False
2017-03-22,26.5,15.9,26.787849,18.489677,30.0,-0.287849,False
2017-03-23,27.1,16.2,26.734516,18.456989,29.9,0.365484,False
2017-03-24,28.5,17.8,26.667312,18.415699,29.8,1.832688,False
2017-03-25,27.2,18.0,26.577957,18.367312,29.7,0.622043,False
2017-03-26,26.3,16.2,26.503441,18.309462,29.7,-0.203441,False
2017-03-27,23.4,17.2,26.492796,18.249355,29.6,-3.092796,False
2017-03-28,24.2,18.1,26.471828,18.197527,29.6,-2.271828,False
2017-03-29,23.8,16.0,26.426452,18.152043,29.6,-2.626452,False
2017-03-30,23.8,16.3,26.373011,18.1,29.5,-2.573011,False
2017-03-31,22.4,15.6,26.34172,18.044409,29.5,-3.94172,False
2017-04-01,23.0,15.4,26.322151,17.995914,29.5,-3.322151,False
2017-04-02,25.2,15.3,26.296344,17.935699,29.5,-1.096344,False
2017-04-03,27.0,16.1,26.247634,17.869355,29.5,0.752366,False
2017-04-04,28.9,17.1,26.216237,17.789892,29.5,2.683763,False
2017-04-05,30.4,17.7,26.164516,17.720645,29.41,4.235484,False
2017-04-06,24.3,20.4,26.153656,17.66,29.41,-1.853656,False
2017-04-07,22.8,20.4,26.139677,17.62,29.5,-3.339677,False
2017-04-08,27.0,20.1,26.12043,17.586344,29.41,0.87957,False
2017-04-09,27.6,19.7,26.103011,17.535914,29.4,1.496989,False
2017-04-10,29.1,20.0,26.077634,17.497204,29.4,3.022366,False
2017-04-11,29.8,20.8,26.026022,17.463548,29.3,3.773978,False
2017-04-12,23.1,17.8,25.948495,17.391075,29.21,-2.848495,False
2017-04-13,21.3,17.3,25.862688,17.32043,29.2,-4.562688,False
2017-04-14,24.9,16.7,25.808495,17.241613,29.2,-0.908495,False
2017-04-15,27.7,17.7,25.761828,17.154946,29.1,1.938172,False
2017-04-16,29.3,17.6,25.696452,17.057849,29.1,3.603548,False
2017-04-17,21.8,17.9,25.624301,16.967849,29.1,-3.824301,False
2017-04-18,21.7,16.0,25.565591,16.880753,29.1,-3.865591,False
2017-04-19,23.2,14.5,25.519677,16.794301,29.0,-2.319677,False
2017-04-20,27.5,15.3,25.465054,16.719247,29.0,2.034946,False
2017-04-21,24.1,19.1,25.37871,16.643978,28.9,-1.27871,False
2017-04-22,22.5,15.2,25.277097,16.558925,28.8,-2.777097,False
2017-04-23,21.7,16.0,25.186667,16.457097,28.71,-3.486667,False
2017-04-24,26.3,14.3,25.101398,16.338817,28.7,1.198602,False
2017-04-25,28.1,17.5,25.012043,16.232903,28.7,3.087957,False
2017-04-26,24.2,18.2,24.940753,16.149247,28.6,-0.740753,False
2017-04-27,19.6,14.5,24.829355,16.064194,28.4,-5.229355,False
2017-04-28,17.2,13.9,24.710538,15.975914,28.4,-7.510538,False
2017-04-29,19.1,13.6,24.60914,15.897204,28.4,-5.50914,False
2017-04-30,22.1,15.0,24.513871,15.806022,28.3,-2.413871,False
2017-05-01,24.2,15.2,24.41172,15.718925,28.2,-0.21172,False
2017-05-02,23.7,15.9,24.300968,15.619892,28.11,-0.600968,False
2017-05-03,24.9,14.6,24.222473,15.538065,28.1,0.677527,False
2017-05-04,25.6,15.1,24.116559,15.483011,28.0,1.483441,False
2017-05-05,20.5,17.2,24.011828,15.415484,27.9,-3.511828,False
2017-05-06,23.1,15.6,23.938495,15.341183,27.8,-0.838495,False
2017-05-07,22.9,16.5,23.864946,15.268925,27.71,-0.964946,False
2017-05-08,24.7,14.5,23.758817,15.169785,27.7,0.941183,False
2017-05-09,25.4,15.2,23.60828,15.056882,27.5,1.79172,False
2017-05-10,22.4,16.8,23.468925,14.948925,27.4,-1.068925,False
2017-05-11,21.8,16.1,23.370323,14.85172,27.2,-1.570323,False
2017-05-12,23.6,14.2,23.277204,14.754731,27.2,0.322796,False
2017-05-13,27.2,13.7,23.200645,14.68828,27.0,3.999355,False
2017-05-14,24.5,19.6,23.134839,14.621398,26.9,1.365161,False
2017-05-15,23.3,14.5,23.051183,14.545484,26.8,0.248817,False
2017-05-16,22.2,14.9,22.958925,14.475591,26.8,-0.758925,False
2017-05-17,20.3,15.2,22.863011,14.408172,26.7,-2.563011,False
2017-05-18,19.4,15.8,22.759785,14.338602,26.6,-3.359785,False
2017-05-19,17.6,16.0,22.667097,14.269355,26.5,-5.067097,False
2017-05-20,23.2,16.1,22.583226,14.201183,26.4,0.616774,False
2017-05-21,20.4,18.1,22.499462,14.149247,26.3,-2.099462,False
2017-05-22,21.1,16.7,22.469677,14.096774,26.2,-1.369677,False
2017-05-23,21.8,14.1,22.463978,14.054731,26.2,-0.663978,False
2017-05-24,24.0,15.3,22.435161,14.011935,26.2,1.564839,False
2017-05-25,26.7,15.6,22.41086,13.980753,26.2,4.28914,False
2017-05-26,27.0,17.4,22.395591,13.961075,26.2,4.604409,False
2017-05-27,24.6,17.5,22.364409,13.920753,26.2,2.235591,False
2017-05-28,23.0,17.5,22.32957,13.86957,26.2,0.67043,False
2017-05-29,24.7,16.4,22.308065,13.807527,26.2,2.391935,False
2017-05-30,21.8,15.6,22.300753,13.74,26.1,-0.500753,False
2017-05-31,24.6,16.6,22.29828,13.689355,26.1,2.30172,False
2017-06-01,19.8,17.1,22.288925,13.63871,26.0,-2.488925,False
2017-06-02,20.8,12.2,22.313441,13.616022,26.0,-1.513441,False
2017-06-03,23.5,13.1,22.315914,13.581398,26.0,1.184086,False
2017-06-04,27.4,13.4,22.328817,13.556237,26.0,5.071183,False
2017-06-05,20.9,18.1,22.301505,13.544624,26.0,-1.401505,False
2017-06-06,22.6,18.1,22.270968,13.519355,25.9,0.329032,False
2017-06-07,26.9,19.4,22.233011,13.476022,25.9,4.666989,False
2017-06-08,27.6,18.0,22.250323,13.43828,25.9,5.349677,False
2017-06-09,22.8,15.7,22.297634,13.427097,25.9,0.502366,False
2017-06-10,18.9,9.2,22.316022,13.423548,26.0,-3.416022,False
2017-06-11,21.5,8.3,22.286559,13.405054,26.0,-0.786559,False
2017-06-12,21.6,8.8,22.291505,13.372043,26.0,-0.691505,False
2017-06-13,18.8,13.2,22.303656,13.335591,26.0,-3.503656,False
2017-06-14,20.2,12.6,22.323226,13.316774,26.0,-2.123226,False
2017-06-15,21.3,13.9,22.342043,13.302473,26.0,-1.042043,False
2017-06-16,22.7,13.9,22.374086,13.286129,26.0,0.325914,False
2017-06-17,25.0,12.6,22.430215,13.286129,26.1,2.569785,False
2017-06-18,24.7,12.7,22.475161,13.287097,26.1,2.224839,False
2017-06-19,23.9,13.4,22.502258,13.279032,26.11,1.397742,False
2017-06-20,16.9,14.5,22.513118,13.26043,26.11,-5.613118,False
2017-06-21,19.6,14.2,22.544839,13.239032,26.2,-2.944839,False
2017-06-22,22.6,13.8,22.534301,13.201183,26.2,0.065699,False
2017-06-23,23.0,13.0,22.492903,13.163763,26.2,0.507097,False
2017-06-24,22.9,13.5,22.483441,13.130538,26.2,0.416559,False
2017-06-25,22.1,14.4,22.455806,13.102258,26.2,-0.355806,False
2017-06-26,22.5,12.6,22.419785,13.068602,26.2,0.080215,False
2017-06-27,23.3,12.7,22.372903,13.019032,26.2,0.927097,False
2017-06-28,24.1,12.5,22.35828,12.972473,26.2,1.74172,False
2017-06-29,24.6,13.1,22.34957,12.948925,26.11,2.25043,False
2017-06-30,24.5,11.6,22.340108,12.921183,26.1,2.159892,False
2017-07-01,19.5,13.1,22.325054,12.904624,26.11,-2.825054,False
2017-07-02,16.5,12.3,22.317527,12.880968,26.11,-5.817527,False
2017-07-03,16.4,11.3,22.273548,12.84957,26.1,-5.873548,False
2017-07-04,18.0,9.4,22.229677,12.816344,26.1,-4.229677,False
2017-07-05,19.8,8.2,22.242473,12.76957,26.2,-2.442473,False
2017-07-06,20.8,10.0,22.301398,12.733871,26.21,-1.501398,False
2017-07-07,21.2,12.4,22.320753,12.71914,26.31,-1.120753,False
2017-07-08,21.5,13.4,22.334516,12.702581,26.4,-0.834516,False
2017-07-09,22.9,12.4,22.303978,12.68129,26.4,0.596022,False
2017-07-10,23.8,12.6,22.277527,12.65914,26.4,1.522473,False
2017-07-11,24.6,11.3,22.27828,12.621935,26.4,2.32172,False
2017-07-12,22.9,11.2,22.299785,12.586774,26.4,0.600215,False
2017-07-13,23.4,12.4,22.317312,12.580108,26.4,1.082688,False
2017-07-14,24.8,13.3,22.341828,12.573763,26.41,2.458172,False
2017-07-15,24.7,13.0,22.332688,12.56043,26.41,2.367312,False
2017-07-16,24.9,14.6,22.336344,12.53828,26.5,2.563656,False
2017-07-17,26.6,12.9,22.355914,12.522473,26.5,4.244086,False
2017-07-18,16.5,7.8,22.33086,12.493871,26.6,-5.83086,False
2017-07-19,14.3,7.6,22.294839,12.466344,26.6,-7.994839,False
2017-07-20,22.9,11.8,22.279462,12.438172,26.6,0.620538,False
2017-07-21,25.3,11.6,22.264839,12.427097,26.6,3.035161,False
2017-07-22,22.5,11.5,22.28172,12.426344,26.7,0.21828,False
2017-07-23,25.5,13.6,22.354086,12.443333,26.7,3.145914,False
2017-07-24,24.7,11.7,22.424301,12.463763,26.8,2.275699,False
2017-07-25,25.8,11.0,22.480323,12.502151,26.8,3.319677,False
2017-07-26,25.1,11.8,22.515591,12.528817,26.81,2.584409,False
2017-07-27,23.7,11.8,22.549462,12.511183,26.9,1.150538,False
2017-07-28,22.7,11.6,22.616774,12.515806,27.1,0.083226,False
2017-07-29,24.5,11.4,22.701398,12.546882,27.2,1.798602,False
2017-07-30,24.0,12.8,22.746774,12.561613,27.2,1.253226,False
2017-07-31,22.6,11.2,22.772796,12.587527,27.2,-0.172796,False
2017-08-01,22.4,10.7,22.801935,12.60172,27.3,-0.401935,False
2017-08-02,25.7,12.9,22.830215,12.629032,27.4,2.869785,False
2017-08-03,21.1,17.3,22.88,12.655806,27.4,-1.78,False
2017-08-04,17.1,12.8,22.95129,12.705806,27.5,-5.85129,False
2017-08-05,17.9,12.4,22.971505,12.739247,27.5,-5.071505,False
2017-08-06,19.9,11.2,22.947849,12.745591,27.5,-3.047849,False
2017-08-07,26.0,9.9,22.968817,12.738925,27.5,3.031183,False
2017-08-08,28.4,12.4,23.046882,12.767634,27.6,5.353118,False
2017-08-09,30.3,16.7,23.137312,12.819785,27.8,7.162688,False
2017-08-10,20.6,13.8,23.244409,12.855806,27.9,-2.644409,False
2017-08-11,22.6,12.2,23.333333,12.903871,28.0,-0.733333,False
2017-08-12,25.7,13.0,23.405914,12.954086,28.01,2.294086,False
2017-08-13,30.7,15.4,23.461935,12.986882,28.2,7.238065,False
2017-08-14,24.0,15.6,23.527312,13.022581,28.31,0.472688,False
2017-08-15,15.4,13.4,23.640968,13.068387,28.5,-8.240968,False
2017-08-16,17.0,14.0,23.752581,13.127527,28.7,-6.752581,False
2017-08-17,16.3,14.3,23.82,13.195484,28.71,-7.52,False
2017-08-18,18.1,14.8,23.902903,13.256344,28.8,-5.802903,False
2017-08-19,19.0,16.4,23.995806,13.303118,28.9,-4.995806,False
2017-08-20,21.1,15.3,24.038172,13.361505,29.0,-2.938172,False
2017-08-21,15.4,11.6,24.101183,13.41172,29.2,-8.701183,False
2017-08-22,18.6,11.4,24.106989,13.44086,29.2,-5.506989,False
2017-08-23,23.3,12.6,24.127312,13.480215,29.3,-0.827312,False
2017-08-24,23.3,12.5,24.175376,13.522473,29.5,-0.875376,False
2017-08-25,25.6,12.8,24.221935,13.56,29.6,1.378065,False
2017-08-26,27.3,12.8,24.314516,13.61086,29.8,2.985484,False
2017-08-27,27.8,12.9,24.415054,13.7,29.9,3.384946,False
2017-08-28,26.9,12.6,24.475914,13.783548,30.0,2.424086,False
2017-08-29,28.8,12.2,24.518817,13.855376,30.0,4.281183,False
2017-08-30,31.4,12.9,24.574731,13.955699,30.1,6.825269,False
2017-08-31,21.7,15.0,24.640538,14.036989,30.21,-2.940538,False
2017-09-01,21.7,15.1,24.68086,14.095484,30.3,-2.98086,False
2017-09-02,24.8,13.1,24.719785,14.148925,30.4,0.080215,False
2017-09-03,26.9,12.5,24.775484,14.20828,30.5,2.124516,False
2017-09-04,28.5,13.5,24.854409,14.262796,30.51,3.645591,False
2017-09-05,29.0,13.6,24.895699,14.339247,30.6,4.104301,False
2017-09-06,27.4,14.7,24.944301,14.414516,30.6,2.455699,False
2017-09-07,29.1,13.3,24.977849,14.482258,30.7,4.122151,False
2017-09-08,30.5,14.4,25.005054,14.52914,30.9,5.494946,False
2017-09-09,30.9,15.3,25.019785,14.57129,31.0,5.880215,False
2017-09-10,30.9,16.6,24.934839,14.609677,31.0,5.965161,False
2017-09-11,31.9,18.0,24.859677,14.626022,31.02,7.040323,False
2017-09-12,31.2,17.9,24.823548,14.645376,31.2,6.376452,False
2017-09-13,31.8,14.8,24.820538,14.699032,31.2,6.979462,False
2017-09-14,33.0,18.1,24.802796,14.749247,31.2,8.197204,False
2017-09-15,33.6,17.0,24.752366,14.797312,31.02,8.847634,False
2017-09-16,32.3,15.5,24.737312,14.860323,31.2,7.562688,False
2017-09-17,32.8,15.7,24.741828,14.92,31.2,8.058172,False
2017-09-18,29.0,16.3,24.714301,14.986129,31.21,4.285699,False
2017-09-19,28.8,16.1,24.716774,15.038387,31.3,4.083226,False
2017-09-20,28.1,13.9,24.788172,15.091505,31.3,3.311828,False
2017-09-21,30.3,15.1,24.827419,15.151075,31.3,5.472581,False
2017-09-22,30.2,17.5,24.835591,15.19828,31.3,5.364409,False
2017-09-23,30.4,17.4,24.798387,15.232043,31.3,5.601613,False
2017-09-24,25.5,17.6,24.797097,15.267527,31.3,0.702903,False
2017-09-25,26.6,15.8,24.824194,15.315376,31.31,1.775806,False
2017-09-26,27.0,13.8,24.846452,15.355161,31.3,2.153548,False
2017-09-27,31.2,14.6,24.897634,15.412258,31.3,6.302366,False
2017-09-28,27.5,16.9,24.979677,15.486129,31.41,2.520323,False
2017-09-29,23.3,16.3,25.014839,15.565914,31.5,-1.714839,False
2017-09-30,21.6,17.0,25.033441,15.606452,31.5,-3.433441,False
2017-10-01,27.3,16.9,25.091505,15.657527,31.5,2.208495,False
2017-10-02,22.0,19.0,25.141075,15.734946,31.5,-3.141075,False
2017-10-03,22.6,17.1,25.175699,15.801505,31.5,-2.575699,False
2017-10-04,24.4,14.0,25.174624,15.844516,31.5,-0.774624,False
2017-10-05,31.6,13.1,25.143656,15.885054,31.5,6.456344,False
2017-10-06,33.0,19.2,25.165484,15.903333,31.5,7.834516,False
2017-10-07,25.5,18.2,25.190108,15.936882,31.5,0.309892,False
2017-10-08,26.9,17.0,25.222688,15.990538,31.41,1.677312,False
2017-10-09,30.9,18.0,25.225806,16.048602,31.3,5.674194,False
2017-10-10,33.0,18.7,25.251505,16.115054,31.2,7.748495,False
2017-10-11,33.6,19.2,25.376667,16.212688,31.2,8.223333,False
2017-10-12,34.2,18.8,25.495591,16.319892,31.11,8.704409,False
2017-10-13,34.1,17.8,25.567312,16.388602,31.11,8.532688,False
2017-10-14,29.9,19.7,25.623763,16.416774,31.3,4.276237,False
2017-10-15,20.5,16.2,25.66086,16.466882,31.4,-5.16086,False
2017-10-16,23.2,15.4,25.707634,16.507849,31.41,-2.507634,False
2017-10-17,29.2,16.8,25.687527,16.531828,31.4,3.512473,False
2017-10-18,32.1,18.0,25.673763,16.537312,31.3,6.426237,False
2017-10-19,33.6,20.9,25.72871,16.549677,31.3,7.87129,False
2017-10-20,25.3,18.9,25.749892,16.588602,31.4,-0.449892,False
2017-10-21,26.5,18.1,25.72914,16.621613,31.31,0.77086,False
2017-10-22,22.1,18.9,25.715914,16.64914,31.2,-3.615914,False
2017-10-23,18.6,14.5,25.755269,16.684409,31.11,-7.155269,False
2017-10-24,21.8,14.2,25.814946,16.726452,31.1,-4.014946,False
2017-10-25,29.6,16.1,25.859355,16.773011,31.1,3.740645,False
2017-10-26,26.1,18.2,25.880108,16.818817,31.1,0.219892,False
2017-10-27,25.4,18.2,25.887634,16.866667,31.0,-0.487634,False
2017-10-28,28.8,18.7,25.837634,16.896129,30.8,2.962366,False
2017-10-29,24.6,19.4,25.750753,16.91086,30.7,-1.150753,False
2017-10-30,23.3,18.4,25.677742,16.892473,30.51,-2.377742,False
2017-10-31,22.4,16.9,25.670108,16.898387,30.5,-3.270108,False
2017-11-01,22.8,14.3,25.634086,16.915699,30.4,-2.834086,False
2017-11-02,24.9,13.8,25.627742,16.922903,30.4,-0.727742,False
2017-11-03,29.9,14.2,25.630215,16.926882,30.4,4.269785,False
2017-11-04,28.5,19.5,25.616344,16.934409,30.3,2.883656,False
2017-11-05,20.7,17.5,25.603763,16.934839,30.3,-4.903763,False
2017-11-06,20.2,16.1,25.607634,16.944839,30.3,-5.407634,False
2017-11-07,22.0,14.3,25.626237,16.966237,30.2,-3.626237,False
2017-11-08,25.2,15.9,25.649247,16.985269,30.2,-0.449247,False
2017-11-09,26.0,16.9,25.685591,17.007097,30.2,0.314409,False
2017-11-10,29.5,17.5,25.71957,17.032366,30.21,3.78043,False
2017-11-11,21.9,17.0,25.716237,17.045914,30.3,-3.816237,False
2017-11-12,28.0,12.3,25.720538,17.058172,30.3,2.279462,False
2017-11-13,26.0,14.5,25.720753,17.088602,30.2,0.279247,False
2017-11-14,27.0,11.4,25.73043,17.12957,30.1,1.26957,False
2017-11-15,31.4,13.9,25.737419,17.166344,30.1,5.662581,False
2017-11-16,31.5,20.7,25.745269,17.201505,30.0,5.754731,False
2017-11-17,28.1,19.3,25.786667,17.228387,30.0,2.313333,False
2017-11-18,28.0,18.4,25.839462,17.266667,30.0,2.160538,False
2017-11-19,24.5,19.1,25.871935,17.308925,30.0,-1.371935,False
2017-11-20,23.3,19.0,25.932796,17.360323,30.0,-2.632796,False
2017-11-21,27.3,18.0,25.993548,17.40828,30.0,1.306452,False
2017-11-22,23.1,16.8,26.050215,17.466344,30.0,-2.950215,False
2017-11-23,21.4,15.3,26.117849,17.528172,30.0,-4.717849,False
2017-11-24,29.2,16.1,26.136559,17.576452,30.0,3.063441,False
2017-11-25,30.6,16.9,26.129892,17.622043,30.0,4.470108,False
2017-11-26,26.3,20.2,26.107742,17.654624,29.91,0.192258,False
2017-11-27,25.5,19.4,26.09828,17.692796,29.9,-0.59828,False
2017-11-28,24.6,18.3,26.13086,17.722258,29.91,-1.53086,False
2017-11-29,26.0,16.0,26.172151,17.751075,30.0,-0.172151,False
2017-11-30,24.5,15.7,26.24,17.802043,30.0,-1.74,False
2017-12-01,24.2,17.4,26.28828,17.847957,30.0,-2.08828,False
2017-12-02,23.6,18.0,26.322366,17.873978,30.0,-2.722366,False
2017-12-03,27.4,18.5,26.360108,17.909355,30.0,1.039892,False
2017-12-04,28.7,18.7,26.427742,17.956344,30.01,2.272258,False
2017-12-05,28.5,19.2,26.546452,18.029355,30.11,1.953548,False
2017-12-06,27.4,19.1,26.637527,18.111398,30.2,0.762473,False
2017-12-07,27.0,19.5,26.695484,18.199032,30.21,0.304516,False
2017-12-08,26.6,19.9,26.724409,18.264624,30.3,-0.124409,False
2017-12-09,27.2,18.7,26.754194,18.327849,30.3,0.445806,False
2017-12-10,29.1,17.1,26.750645,18.37172,30.3,2.349355,False
2017-12-11,28.1,17.3,26.762581,18.403978,30.3,1.337419,False
2017-12-12,20.9,17.1,26.795591,18.427849,30.31,-5.895591,False
2017-12-13,25.7,16.7,26.823441,18.45871,30.4,-1.123441,False
2017-12-14,30.2,17.6,26.881935,18.501828,30.4,3.318065,False
2017-12-15,29.8,17.9,26.924301,18.560753,30.4,2.875699,False
2017-12-16,29.8,18.2,26.989677,18.615699,30.41,2.810323,False
2017-12-17,32.7,20.6,27.032796,18.670323,30.51,5.667204,False
2017-12-18,27.8,20.5,27.041613,18.720108,30.6,0.758387,False
2017-12-19,28.5,19.7,27.025914,18.766774,30.6,1.474086,False
2017-12-20,30.1,19.9,26.996989,18.800645,30.6,3.103011,False
2017-12-21,21.7,19.6,26.976452,18.82,30.6,-5.276452,False
2017-12-22,24.9,19.1,26.997097,18.851935,30.6,-2.097097,False
2017-12-23,28.4,20.4,27.04,18.875806,30.6,1.36,False
2017-12-24,29.0,21.4,27.054839,18.90086,30.61,1.945161,False
2017-12-25,26.2,20.1,27.098817,18.942581,30.7,-0.898817,False
2017-12-26,26.7,19.2,27.152258,18.978602,30.7,-0.452258,False
2017-12-27,28.3,20.1,27.207527,19.008172,30.8,1.092473,False
2017-12-28,25.8,20.7,27.237527,19.04043,30.8,-1.437527,False
2017-12-29,24.6,19.9,27.261935,19.073333,30.8,-2.661935,False
2017-12-30,23.5,19.3,27.311075,19.110968,30.8,-3.811075,False
2017-12-31,24.6,20.1,27.334731,19.142258,30.8,-2.734731,False
2018-01-01,27.6,20.0,27.338387,19.167419,30.9,0.261613,False
2018-01-02,26.8,20.7,27.340538,19.185054,30.9,-0.540538,False
2018-01-03,25.8,20.3,27.354624,19.203441,30.9,-1.554624,False
2018-01-04,28.3,17.8,27.350215,19.227957,30.9,0.949785,False
2018-01-05,28.8,17.1,27.312796,19.225376,30.9,1.487204,False
2018-01-06,28.0,19.8,27.293226,19.226882,31.0,0.706774,False
2018-01-07,21.1,18.2,27.285054,19.226667,31.0,-6.185054,False
2018-01-08,21.3,18.1,27.302903,19.234409,31.0,-6.002903,False
2018-01-09,24.9,18.3,27.328817,19.23129,30.91,-2.428817,False
2018-01-10,28.9,18.8,27.376667,19.254409,31.0,1.523333,False
2018-01-11,28.9,20.4,27.375269,19.269247,31.0,1.524731,False
2018-01-12,25.2,18.5,27.344409,19.275054,31.1,-2.144409,False
2018-01-13,26.5,19.5,27.355161,19.282796,31.1,-0.855161,False
2018-01-14,29.4,19.9,27.354086,19.301613,31.1,2.045914,False
2018-01-15,28.8,20.6,27.353871,19.31172,31.1,1.446129,False
2018-01-16,27.6,20.5,27.369032,19.312903,31.1,0.230968,False
2018-01-17,30.6,19.7,27.416667,19.311828,31.11,3.183333,False
2018-01-18,31.0,21.7,27.477419,19.331398,31.2,3.522581,False
2018-01-19,29.0,21.1,27.527527,19.345376,31.2,1.472473,False
2018-01-20,28.4,20.2,27.573118,19.353656,31.2,0.826882,False
2018-01-21,29.1,20.5,27.628925,19.361828,31.31,1.471075,False
2018-01-22,31.6,20.3,27.633011,19.367742,31.4,3.966989,False
2018-01-23,31.4,20.9,27.62172,19.371075,31.4,3.77828,False
2018-01-24,30.0,20.3,27.634086,19.370215,31.4,2.365914,False
2018-01-25,28.4,20.6,27.642581,19.370753,31.4,0.757419,False
2018-01-26,24.7,20.6,27.641613,19.374516,31.4,-2.941613,False
2018-01-27,25.0,18.7,27.653441,19.374731,31.5,-2.653441,False
2018-01-28,30.7,18.8,27.671075,19.367742,31.51,3.028925,False
2018-01-29,26.4,21.3,27.667849,19.353548,31.6,-1.267849,False
2018-01-30,21.6,18.3,27.652796,19.334086,31.6,-6.052796,False
2018-01-31,26.1,16.9,27.644086,19.330108,31.6,-1.544086,False
2018-02-01,26.4,17.9,27.641613,19.327957,31.6,-1.241613,False
2018-02-02,27.2,18.3,27.67129,19.339462,31.6,-0.47129,False
2018-02-03,26.4,18.2,27.695591,19.344301,31.6,-1.295591,False
2018-02-04,25.3,15.2,27.721075,19.352581,31.6,-2.421075,False
2018-02-05,24.5,17.8,27.750538,19.368065,31.51,-3.250538,False
2018-02-06,24.7,18.0,27.777312,19.373333,31.5,-3.077312,False
2018-02-07,28.8,17.6,27.810323,19.377849,31.5,0.989677,False
2018-02-08,30.1,16.4,27.844194,19.386452,31.5,2.255806,False
2018-02-09,32.4,19.3,27.850538,19.407312,31.5,4.549462,False
2018-02-10,27.8,21.4,27.833871,19.404301,31.5,-0.033871,False
2018-02-11,30.9,19.8,27.851613,19.402796,31.5,3.048387,False
2018-02-12,30.9,20.6,27.891613,19.405269,31.5,3.008387,False
2018-02-13,23.0,18.8,27.88086,19.410968,31.4,-4.88086,False
2018-02-14,21.7,18.2,27.863656,19.394301,31.4,-6.163656,False
2018-02-15,22.8,17.8,27.848172,19.381183,31.4,-5.048172,False
2018-02-16,24.8,18.3,27.805914,19.360323,31.31,-3.005914,False
2018-02-17,26.8,17.6,27.762043,19.338172,31.3,-0.962043,False
2018-02-18,23.1,18.8,27.730645,19.31086,31.21,-4.630645,False
2018-02-19,27.7,18.6,27.720968,19.283978,31.2,-0.020968,False
2018-02-20,27.8,21.1,27.719892,19.27,31.2,0.080108,False
2018-02-21,28.8,20.8,27.700323,19.262043,31.1,1.099677,False
2018-02-22,29.0,19.9,27.728602,19.250538,31.0,1.271398,False
2018-02-23,26.9,19.7,27.751505,19.249892,31.0,-0.851505,False
2018-02-24,26.4,17.4,27.726667,19.254086,31.0,-1.326667,False
2018-02-25,26.0,17.2,27.708817,19.241505,30.9,-1.708817,False
2018-02-26,26.2,18.3,27.682903,19.217849,30.9,-1.482903,False
2018-02-27,27.7,18.9,27.656022,19.202473,30.81,0.043978,False
2018-02-28,30.5,19.3,27.641183,19.191075,30.8,2.858817,False
2018-03-01,29.0,20.4,27.627419,19.188065,30.71,1.372581,False
2018-03-02,30.5,21.7,27.589677,19.176989,30.7,2.910323,False
2018-03-03,27.6,20.2,27.575376,19.142473,30.7,0.024624,False
2018-03-04,29.1,20.6,27.555054,19.121828,30.6,1.544946,False
2018-03-05,29.8,20.4,27.523978,19.096667,30.6,2.276022,False
2018-03-06,29.2,20.4,27.455914,19.074516,30.6,1.744086,False
2018-03-07,27.7,20.9,27.376022,19.038387,30.51,0.323978,False
2018-03-08,24.1,20.5,27.317527,18.989785,30.5,-3.217527,False
2018-03-09,26.2,19.0,27.270968,18.96129,30.5,-1.070968,False
2018-03-10,27.2,19.2,27.22,18.924194,30.41,-0.02,False
2018-03-11,30.0,19.5,27.17086,18.869785,30.4,2.82914,False
2018-03-12,30.8,19.8,27.128065,18.820215,30.4,3.671935,False
2018-03-13,28.2,21.4,27.095054,18.770753,30.4,1.104946,False
2018-03-14,32.2,21.8,27.05043,18.736882,30.3,5.14957,False
2018-03-15,31.5,20.1,27.001828,18.709677,30.3,4.498172,False
2018-03-16,28.9,21.8,26.976989,18.677957,30.21,1.923011,False
2018-03-17,28.4,20.6,26.966989,18.656022,30.2,1.433011,False
2018-03-18,30.6,19.3,26.934624,18.630108,30.1,3.665376,False
2018-03-19,29.6,20.5,26.905806,18.602043,30.1,2.694194,False
2018-03-20,29.5,20.5,26.870108,18.565699,30.01,2.629892,False
2018-03-21,25.8,19.8,26.830968,18.526452,30.0,-1.030968,False
2018-03-22,25.8,19.3,26.787849,18.489677,30.0,-0.987849,False
2018-03-23,28.9,20.0,26.734516,18.456989,29.9,2.165484,False
2018-03-24,29.7,19.7,26.667312,18.415699,29.8,3.032688,False
2018-03-25,29.5,20.7,26.577957,18.367312,29.7,2.922043,False
2018-03-26,26.2,20.6,26.503441,18.309462,29.7,-0.303441,False
2018-03-27,28.2,20.2,26.492796,18.249355,29.6,1.707204,False
2018-03-28,27.8,19.4,26.471828,18.197527,29.6,1.328172,False
2018-03-29,27.6,19.2,26.426452,18.152043,29.6,1.173548,False
2018-03-30,27.8,19.5,26.373011,18.1,29.5,1.426989,False
2018-03-31,28.1,19.4,26.34172,18.044409,29.5,1.75828,False
2018-04-01,26.8,20.2,26.322151,17.995914,29.5,0.477849,False
2018-04-02,25.5,20.1,26.296344,17.935699,29.5,-0.796344,False
2018-04-03,25.9,20.4,26.247634,17.869355,29.5,-0.347634,False
2018-04-04,26.6,18.8,26.216237,17.789892,29.5,0.383763,False
2018-04-05,27.2,17.9,26.164516,17.720645,29.41,1.035484,False
2018-04-06,27.1,18.3,26.153656,17.66,29.41,0.946344,False
2018-04-07,27.3,17.2,26.139677,17.62,29.5,1.160323,False
2018-04-08,27.0,17.2,26.12043,17.586344,29.41,0.87957,False
2018-04-09,27.0,17.8,26.103011,17.535914,29.4,0.896989,False
2018-04-10,26.9,17.7,26.077634,17.497204,29.4,0.822366,False
2018-04-11,26.8,17.9,26.026022,17.463548,29.3,0.773978,False
2018-04-12,27.0,17.5,25.948495,17.391075,29.21,1.051505,False
2018-04-13,28.8,17.7,25.862688,17.32043,29.2,2.937312,False
2018-04-14,25.0,18.6,25.808495,17.241613,29.2,-0.808495,False
2018-04-15,21.8,18.4,25.761828,17.154946,29.1,-3.961828,False
2018-04-16,21.5,17.1,25.696452,17.057849,29.1,-4.196452,False
2018-04-17,22.5,15.9,25.624301,16.967849,29.1,-3.124301,False
2018-04-18,24.3,13.5,25.565591,16.880753,29.1,-1.265591,False
2018-04-19,26.1,13.7,25.519677,16.794301,29.0,0.580323,False
2018-04-20,25.1,12.2,25.465054,16.719247,29.0,-0.365054,False
2018-04-21,24.5,11.0,25.37871,16.643978,28.9,-0.87871,False
2018-04-22,25.8,15.0,25.277097,16.558925,28.8,0.522903,False
2018-04-23,25.6,15.7,25.186667,16.457097,28.71,0.413333,False
2018-04-24,26.0,16.0,25.101398,16.338817,28.7,0.898602,False
2018-04-25,26.7,16.6,25.012043,16.232903,28.7,1.687957,False
2018-04-26,27.0,17.8,24.940753,16.149247,28.6,2.059247,False
2018-04-27,27.2,18.0,24.829355,16.064194,28.4,2.370645,False
2018-04-28,27.6,18.7,24.710538,15.975914,28.4,2.889462,False
2018-04-29,28.0,18.2,24.60914,15.897204,28.4,3.39086,False
2018-04-30,28.9,15.5,24.513871,15.806022,28.3,4.386129,False
2018-05-01,26.9,15.9,24.41172,15.718925,28.2,2.48828,False
2018-05-02,26.5,17.4,24.300968,15.619892,28.11,2.199032,False
2018-05-03,28.4,17.9,24.222473,15.538065,28.1,4.177527,False
2018-05-04,29.2,17.2,24.116559,15.483011,28.0,5.083441,False
2018-05-05,29.3,17.1,24.011828,15.415484,27.9,5.288172,False
2018-05-06,25.9,16.5,23.938495,15.341183,27.8,1.961505,False
2018-05-07,24.2,17.5,23.864946,15.268925,27.71,0.335054,False
2018-05-08,22.5,16.7,23.758817,15.169785,27.7,-1.258817,False
2018-05-09,24.5,15.9,23.60828,15.056882,27.5,0.89172,False
2018-05-10,26.2,15.6,23.468925,14.948925,27.4,2.731075,False
2018-05-11,27.4,14.0,23.370323,14.85172,27.2,4.029677,False
2018-05-12,25.6,17.8,23.277204,14.754731,27.2,2.322796,False
2018-05-13,23.5,17.0,23.200645,14.68828,27.0,0.299355,False
2018-05-14,25.1,15.3,23.134839,14.621398,26.9,1.965161,False
2018-05-15,23.6,16.5,23.051183,14.545484,26.8,0.548817,False
2018-05-16,25.4,17.3,22.958925,14.475591,26.8,2.441075,False
2018-05-17,23.5,17.3,22.863011,14.408172,26.7,0.636989,False
2018-05-18,27.8,16.1,22.759785,14.338602,26.6,5.040215,False
2018-05-19,22.4,17.2,22.667097,14.269355,26.5,-0.267097,False
2018-05-20,17.7,10.0,22.583226,14.201183,26.4,-4.883226,False
2018-05-21,20.5,7.9,22.499462,14.149247,26.3,-1.999462,False
2018-05-22,23.4,8.3,22.469677,14.096774,26.2,0.930323,False
2018-05-23,22.1,9.7,22.463978,14.054731,26.2,-0.363978,False
2018-05-24,22.6,12.4,22.435161,14.011935,26.2,0.164839,False
2018-05-25,21.5,14.6,22.41086,13.980753,26.2,-0.91086,False
2018-05-26,22.9,15.0,22.395591,13.961075,26.2,0.504409,False
2018-05-27,23.6,14.5,22.364409,13.920753,26.2,1.235591,False
2018-05-28,22.8,12.2,22.32957,13.86957,26.2,0.47043,False
2018-05-29,23.6,12.4,22.308065,13.807527,26.2,1.291935,False
2018-05-30,23.4,13.3,22.300753,13.74,26.1,1.099247,False
2018-05-31,24.4,11.7,22.29828,13.689355,26.1,2.10172,False
2018-06-01,25.1,14.2,22.288925,13.63871,26.0,2.811075,False
2018-06-02,25.5,15.3,22.313441,13.616022,26.0,3.186559,False
2018-06-03,19.8,14.2,22.315914,13.581398,26.0,-2.515914,False
2018-06-04,17.4,13.2,22.328817,13.556237,26.0,-4.928817,False
2018-06-05,19.0,14.4,22.301505,13.544624,26.0,-3.301505,False
2018-06-06,21.5,15.7,22.270968,13.519355,25.9,-0.770968,False
2018-06-07,21.0,15.4,22.233011,13.476022,25.9,-1.233011,False
2018-06-08,19.4,14.0,22.250323,13.43828,25.9,-2.850323,False
2018-06-09,22.1,11.5,22.297634,13.427097,25.9,-0.197634,False
2018-06-10,24.8,14.6,22.316022,13.423548,26.0,2.483978,False
2018-06-11,27.4,16.4,22.286559,13.405054,26.0,5.113441,False
2018-06-12,27.4,18.7,22.291505,13.372043,26.0,5.108495,False
2018-06-13,24.2,19.0,22.303656,13.335591,26.0,1.896344,False
2018-06-14,20.0,13.6,22.323226,13.316774,26.0,-2.323226,False
2018-06-15,16.9,13.3,22.342043,13.302473,26.0,-5.442043,False
2018-06-16,15.5,13.4,22.374086,13.286129,26.0,-6.874086,False
2018-06-17,19.7,13.2,22.430215,13.286129,26.1,-2.730215,False
2018-06-18,21.0,13.8,22.475161,13.287097,26.1,-1.475161,False
2018-06-19,22.8,14.9,22.502258,13.279032,26.11,0.297742,False
2018-06-20,24.5,14.2,22.513118,13.26043,26.11,1.986882,False
2018-06-21,24.7,11.7,22.544839,13.239032,26.2,2.155161,False
2018-06-22,24.3,13.0,22.534301,13.201183,26.2,1.765699,False
2018-06-23,25.7,14.3,22.492903,13.163763,26.2,3.207097,False
2018-06-24,27.3,17.9,22.483441,13.130538,26.2,4.816559,False
2018-06-25,26.5,14.7,22.455806,13.102258,26.2,4.044194,False
2018-06-26,26.9,15.2,22.419785,13.068602,26.2,4.480215,False
2018-06-27,24.4,12.4,22.372903,13.019032,26.2,2.027097,False
2018-06-28,25.3,15.4,22.35828,12.972473,26.2,2.94172,False
2018-06-29,25.3,13.0,22.34957,12.948925,26.11,2.95043,False
2018-06-30,25.8,11.9,22.340108,12.921183,26.1,3.459892,False
2018-07-01,25.7,13.6,22.325054,12.904624,26.11,3.374946,False
2018-07-02,26.9,13.7,22.317527,12.880968,26.11,4.582473,False
2018-07-03,22.7,13.9,22.273548,12.84957,26.1,0.426452,False
2018-07-04,22.9,14.6,22.229677,12.816344,26.1,0.670323,False
2018-07-05,26.2,14.5,22.242473,12.76957,26.2,3.957527,False
2018-07-06,26.3,13.8,22.301398,12.733871,26.21,3.998602,False
2018-07-07,25.4,13.2,22.320753,12.71914,26.31,3.079247,False
2018-07-08,27.1,13.3,22.334516,12.702581,26.4,4.765484,False
2018-07-09,24.0,14.3,22.303978,12.68129,26.4,1.696022,False
2018-07-10,15.4,10.1,22.277527,12.65914,26.4,-6.877527,False
2018-07-11,15.4,7.8,22.27828,12.621935,26.4,-6.87828,False
2018-07-12,18.6,8.3,22.299785,12.586774,26.4,-3.699785,False
2018-07-13,21.4,8.8,22.317312,12.580108,26.4,-0.917312,False
2018-07-14,25.9,12.2,22.341828,12.573763,26.41,3.558172,False
2018-07-15,28.0,10.2,22.332688,12.56043,26.41,5.667312,False
2018-07-16,28.2,10.4,22.336344,12.53828,26.5,5.863656,False
2018-07-17,26.5,12.2,22.355914,12.522473,26.5,4.144086,False
2018-07-18,27.2,12.8,22.33086,12.493871,26.6,4.86914,False
2018-07-19,27.4,14.1,22.294839,12.466344,26.6,5.105161,False
2018-07-20,28.4,13.4,22.279462,12.438172,26.6,6.120538,False
2018-07-21,25.7,15.3,22.264839,12.427097,26.6,3.435161,False
2018-07-22,21.9,15.0,22.28172,12.426344,26.7,-0.38172,False
2018-07-23,25.3,15.2,22.354086,12.443333,26.7,2.945914,False
2018-07-24,20.5,12.8,22.424301,12.463763,26.8,-1.924301,False
2018-07-25,23.3,14.5,22.480323,12.502151,26.8,0.819677,False
2018-07-26,25.7,14.5,22.515591,12.528817,26.81,3.184409,False
2018-07-27,26.1,13.2,22.549462,12.511183,26.9,3.550538,False
2018-07-28,27.5,13.7,22.616774,12.515806,27.1,4.883226,False
2018-07-29,29.2,15.7,22.701398,12.546882,27.2,6.498602,False
2018-07-30,24.5,15.3,22.746774,12.561613,27.2,1.753226,False
2018-07-31,19.0,14.2,22.772796,12.587527,27.2,-3.772796,False
2018-08-01,14.3,12.4,22.801935,12.60172,27.3,-8.501935,False
2018-08-02,18.5,12.9,22.830215,12.629032,27.4,-4.330215,False
2018-08-03,15.7,14.5,22.88,12.655806,27.4,-7.18,False
2018-08-04,20.9,13.7,22.95129,12.705806,27.5,-2.05129,False
2018-08-05,19.8,14.6,22.971505,12.739247,27.5,-3.171505,False
2018-08-06,15.7,13.3,22.947849,12.745591,27.5,-7.247849,False
2018-08-07,18.5,12.2,22.968817,12.738925,27.5,-4.468817,False
2018-08-08,24.6,14.2,23.046882,12.767634,27.6,1.553118,False
2018-08-09,24.3,16.5,23.137312,12.819785,27.8,1.162688,False
2018-08-10,19.8,11.2,23.244409,12.855806,27.9,-3.444409,False
2018-08-11,21.9,9.6,23.333333,12.903871,28.0,-1.433333,False
2018-08-12,18.4,8.5,23.405914,12.954086,28.01,-5.005914,False
2018-08-13,21.2,9.4,23.461935,12.986882,28.2,-2.261935,False
2018-08-14,26.4,12.3,23.527312,13.022581,28.31,2.872688,False
2018-08-15,18.6,12.5,23.640968,13.068387,28.5,-5.040968,False
2018-08-16,17.9,13.5,23.752581,13.127527,28.7,-5.852581,False
2018-08-17,18.4,13.9,23.82,13.195484,28.71,-5.42,False
2018-08-18,22.8,13.3,23.902903,13.256344,28.8,-1.102903,False
2018-08-19,26.3,13.6,23.995806,13.303118,28.9,2.304194,False
2018-08-20,26.9,12.9,24.038172,13.361505,29.0,2.861828,False
2018-08-21,26.5,13.9,24.101183,13.41172,29.2,2.398817,False
2018-08-22,24.9,14.1,24.106989,13.44086,29.2,0.793011,False
2018-08-23,27.3,14.7,24.127312,13.480215,29.3,3.172688,False
2018-08-24,29.0,16.0,24.175376,13.522473,29.5,4.824624,False
2018-08-25,23.0,17.0,24.221935,13.56,29.6,-1.221935,False
2018-08-26,17.5,11.6,24.314516,13.61086,29.8,-6.814516,False
2018-08-27,16.9,11.3,24.415054,13.7,29.9,-7.515054,False
2018-08-28,24.6,13.7,24.475914,13.783548,30.0,0.124086,False
2018-08-29,25.8,13.7,24.518817,13.855376,30.0,1.281183,False
2018-08-30,28.0,14.2,24.574731,13.955699,30.1,3.425269,False
2018-08-31,28.8,14.7,24.640538,14.036989,30.21,4.159462,False
2018-09-01,30.3,15.2,24.68086,14.095484,30.3,5.61914,False
2018-09-02,30.5,16.3,24.719785,14.148925,30.4,5.780215,False
2018-09-03,22.4,15.2,24.775484,14.20828,30.5,-2.375484,False
2018-09-04,15.9,11.9,24.854409,14.262796,30.51,-8.954409,False
2018-09-05,16.5,10.4,24.895699,14.339247,30.6,-8.395699,False
2018-09-06,21.8,8.7,24.944301,14.414516,30.6,-3.144301,False
2018-09-07,26.5,11.6,24.977849,14.482258,30.7,1.522151,False
2018-09-08,26.0,12.0,25.005054,14.52914,30.9,0.994946,False
2018-09-09,23.9,12.6,25.019785,14.57129,31.0,-1.119785,False
2018-09-10,23.9,13.1,24.934839,14.609677,31.0,-1.034839,False
2018-09-11,22.9,13.3,24.859677,14.626022,31.02,-1.959677,False
2018-09-12,22.9,13.6,24.823548,14.645376,31.2,-1.923548,False
2018-09-13,25.6,14.9,24.820538,14.699032,31.2,0.779462,False
2018-09-14,19.7,15.6,24.802796,14.749247,31.2,-5.102796,False
2018-09-15,22.4,16.1,24.752366,14.797312,31.02,-2.352366,False
2018-09-16,22.9,14.3,24.737312,14.860323,31.2,-1.837312,False
2018-09-17,19.0,13.6,24.741828,14.92,31.2,-5.741828,False
2018-09-18,22.9,17.8,24.714301,14.986129,31.21,-1.814301,False
2018-09-19,28.4,18.6,24.716774,15.038387,31.3,3.683226,False
2018-09-20,22.7,18.5,24.788172,15.091505,31.3,-2.088172,False
2018-09-21,26.7,17.0,24.827419,15.151075,31.3,1.872581,False
2018-09-22,28.2,15.6,24.835591,15.19828,31.3,3.364409,False
2018-09-23,31.5,15.4,24.798387,15.232043,31.3,6.701613,False
2018-09-24,31.2,15.7,24.797097,15.267527,31.3,6.402903,False
2018-09-25,26.5,16.4,24.824194,15.315376,31.31,1.675806,False
2018-09-26,31.3,17.4,24.846452,15.355161,31.3,6.453548,False
2018-09-27,26.9,18.5,24.897634,15.412258,31.3,2.002366,False
2018-09-28,22.9,18.2,24.979677,15.486129,31.41,-2.079677,False
2018-09-29,27.3,18.3,25.014839,15.565914,31.5,2.285161,False
2018-09-30,27.1,19.2,25.033441,15.606452,31.5,2.066559,False
2018-10-01,26.8,18.3,25.091505,15.657527,31.5,1.708495,False
2018-10-02,30.3,18.2,25.141075,15.734946,31.5,5.158925,False
2018-10-03,30.4,19.0,25.175699,15.801505,31.5,5.224301,False
2018-10-04,23.1,18.2,25.174624,15.844516,31.5,-2.074624,False
2018-10-05,18.4,14.6,25.143656,15.885054,31.5,-6.743656,False
2018-10-06,17.3,14.4,25.165484,15.903333,31.5,-7.865484,False
2018-10-07,19.8,15.0,25.190108,15.936882,31.5,-5.390108,False
2018-10-08,20.9,17.2,25.222688,15.990538,31.41,-4.322688,False
2018-10-09,27.9,18.4,25.225806,16.048602,31.3,2.674194,False
2018-10-10,27.3,20.2,25.251505,16.115054,31.2,2.048495,False
2018-10-11,20.8,18.2,25.376667,16.212688,31.2,-4.576667,False
2018-10-12,26.8,17.7,25.495591,16.319892,31.11,1.304409,False
2018-10-13,29.4,19.8,25.567312,16.388602,31.11,3.832688,False
2018-10-14,21.4,17.5,25.623763,16.416774,31.3,-4.223763,False
2018-10-15,23.7,17.0,25.66086,16.466882,31.4,-1.96086,False
2018-10-16,25.8,17.2,25.707634,16.507849,31.41,0.092366,False
2018-10-17,26.9,19.1,25.687527,16.531828,31.4,1.212473,False
2018-10-18,28.8,19.4,25.673763,16.537312,31.3,3.126237,False
2018-10-19,21.8,17.9,25.72871,16.549677,31.3,-3.92871,False
2018-10-20,21.1,14.4,25.749892,16.588602,31.4,-4.649892,False
2018-10-21,21.4,13.3,25.72914,16.621613,31.31,-4.32914,False
2018-10-22,26.7,14.7,25.715914,16.64914,31.2,0.984086,False
2018-10-23,27.9,15.9,25.755269,16.684409,31.11,2.144731,False
2018-10-24,18.9,17.6,25.814946,16.726452,31.1,-6.914946,False
2018-10-25,21.3,17.2,25.859355,16.773011,31.1,-4.559355,False
2018-10-26,25.4,18.9,25.880108,16.818817,31.1,-0.480108,False
2018-10-27,26.9,19.8,25.887634,16.866667,31.0,1.012366,False
2018-10-28,20.0,14.9,25.837634,16.896129,30.8,-5.837634,False
2018-10-29,20.2,13.6,25.750753,16.91086,30.7,-5.550753,False
2018-10-30,27.2,14.3,25.677742,16.892473,30.51,1.522258,False
2018-10-31,29.9,16.9,25.670108,16.898387,30.5,4.229892,False
2018-11-01,27.1,18.0,25.634086,16.915699,30.4,1.465914,False
2018-11-02,25.8,17.8,25.627742,16.922903,30.4,0.172258,False
2018-11-03,31.6,18.3,25.630215,16.926882,30.4,5.969785,False
2018-11-04,22.4,16.9,25.616344,16.934409,30.3,-3.216344,False
2018-11-05,19.8,15.9,25.603763,16.934839,30.3,-5.803763,False
2018-11-06,22.3,16.0,25.607634,16.944839,30.3,-3.307634,False
2018-11-07,21.9,17.4,25.626237,16.966237,30.2,-3.726237,False
2018-11-08,19.5,16.2,25.649247,16.985269,30.2,-6.149247,False
2018-11-09,23.1,15.9,25.685591,17.007097,30.2,-2.585591,False
2018-11-10,25.0,17.3,25.71957,17.032366,30.21,-0.71957,False
2018-11-11,27.0,19.1,25.716237,17.045914,30.3,1.283763,False
2018-11-12,28.0,18.7,25.720538,17.058172,30.3,2.279462,False
2018-11-13,31.3,19.2,25.720753,17.088602,30.2,5.579247,False
2018-11-14,31.7,21.7,25.73043,17.12957,30.1,5.96957,False
2018-11-15,28.0,21.1,25.737419,17.166344,30.1,2.262581,False
2018-11-16,25.0,18.2,25.745269,17.201505,30.0,-0.745269,False
2018-11-17,27.3,15.6,25.786667,17.228387,30.0,1.513333,False
2018-11-18,27.2,19.3,25.839462,17.266667,30.0,1.360538,False
2018-11-19,21.9,14.9,25.871935,17.308925,30.0,-3.971935,False
2018-11-20,19.4,14.9,25.932796,17.360323,30.0,-6.532796,False
2018-11-21,20.2,15.0,25.993548,17.40828,30.0,-5.793548,False
2018-11-22,27.5,17.1,26.050215,17.466344,30.0,1.449785,False
2018-11-23,28.5,18.7,26.117849,17.528172,30.0,2.382151,False
2018-11-24,25.3,19.6,26.136559,17.576452,30.0,-0.836559,False
2018-11-25,24.5,18.8,26.129892,17.622043,30.0,-1.629892,False
2018-11-26,21.1,16.9,26.107742,17.654624,29.91,-5.007742,False
2018-11-27,23.8,14.7,26.09828,17.692796,29.9,-2.29828,False
2018-11-28,27.2,16.9,26.13086,17.722258,29.91,1.06914,False
2018-11-29,29.4,18.7,26.172151,17.751075,30.0,3.227849,False
2018-11-30,29.6,20.0,26.24,17.802043,30.0,3.36,False
2018-12-01,25.4,19.1,26.28828,17.847957,30.0,-0.88828,False
2018-12-02,25.4,18.9,26.322366,17.873978,30.0,-0.922366,False
2018-12-03,22.7,17.7,26.360108,17.909355,30.0,-3.660108,False
2018-12-04,29.1,16.4,26.427742,17.956344,30.01,2.672258,False
2018-12-05,29.4,19.3,26.546452,18.029355,30.11,2.853548,False
2018-12-06,27.8,16.7,26.637527,18.111398,30.2,1.162473,False
2018-12-07,23.3,16.7,26.695484,18.199032,30.21,-3.395484,False
2018-12-08,20.0,14.6,26.724409,18.264624,30.3,-6.724409,False
2018-12-09,26.0,12.1,26.754194,18.327849,30.3,-0.754194,False
2018-12-10,29.8,15.5,26.750645,18.37172,30.3,3.049355,False
2018-12-11,30.6,18.4,26.762581,18.403978,30.3,3.837419,True
2018-12-12,32.8,19.2,26.795591,18.427849,30.31,6.004409,True
2018-12-13,31.5,20.4,26.823441,18.45871,30.4,4.676559,True
2018-12-14,32.9,18.9,26.881935,18.501828,30.4,6.018065,True
2018-12-15,33.1,20.6,26.924301,18.560753,30.4,6.175699,True
2018-12-16,31.4,20.1,26.989677,18.615699,30.41,4.410323,True
2018-12-17,33.1,21.3,27.032796,18.670323,30.51,6.067204,True
2018-12-18,33.3,21.6,27.041613,18.720108,30.6,6.258387,True
2018-12-19,30.4,21.0,27.025914,18.766774,30.6,3.374086,False
2018-12-20,33.9,21.6,26.996989,18.800645,30.6,6.903011,False
2018-12-21,31.8,22.4,26.976452,18.82,30.6,4.823548,False
2018-12-22,30.6,21.5,26.997097,18.851935,30.6,3.602903,False
2018-12-23,27.6,19.9,27.04,18.875806,30.6,0.56,False
2018-12-24,24.6,19.6,27.054839,18.90086,30.61,-2.454839,False
2018-12-25,23.5,18.5,27.098817,18.942581,30.7,-3.598817,False
2018-12-26,25.2,18.3,27.152258,18.978602,30.7,-1.952258,False
2018-12-27,27.4,18.7,27.207527,19.008172,30.8,0.192473,False
2018-12-28,27.6,19.0,27.237527,19.04043,30.8,0.362473,False
2018-12-29,29.8,18.5,27.261935,19.073333,30.8,2.538065,False
2018-12-30,31.4,18.8,27.311075,19.110968,30.8,4.088925,False
2018-12-31,30.3,18.5,27.334731,19.142258,30.8,2.965269,False
2019-01-01,28.8,19.5,27.338387,19.167419,30.9,1.461613,False
2019-01-02,30.7,20.8,27.340538,19.185054,30.9,3.359462,False
2019-01-03,31.1,23.3,27.354624,19.203441,30.9,3.745376,False
2019-01-04,26.9,21.4,27.350215,19.227957,30.9,-0.450215,False
2019-01-05,23.9,20.9,27.312796,19.225376,30.9,-3.412796,False
2019-01-06,29.1,19.4,27.293226,19.226882,31.0,1.806774,False
2019-01-07,32.0,20.4,27.285054,19.226667,31.0,4.714946,True
2019-01-08,31.7,21.9,27.302903,19.234409,31.0,4.397097,True
2019-01-09,32.0,21.0,27.328817,19.23129,30.91,4.671183,True
2019-01-10,31.1,21.4,27.376667,19.254409,31.0,3.723333,True
2019-01-11,29.4,20.9,27.375269,19.269247,31.0,2.024731,False
2019-01-12,29.8,20.3,27.344409,19.275054,31.1,2.455591,False
2019-01-13,30.1,19.7,27.355161,19.282796,31.1,2.744839,False
2019-01-14,31.1,20.3,27.354086,19.301613,31.1,3.745914,False
2019-01-15,31.8,20.5,27.353871,19.31172,31.1,4.446129,False
2019-01-16,30.9,22.0,27.369032,19.312903,31.1,3.530968,False
2019-01-17,32.2,20.7,27.416667,19.311828,31.11,4.783333,False
2019-01-18,31.2,21.2,27.477419,19.331398,31.2,3.722581,False
2019-01-19,32.2,21.1,27.527527,19.345376,31.2,4.672473,False
2019-01-20,30.2,21.2,27.573118,19.353656,31.2,2.626882,False
2019-01-21,31.6,21.1,27.628925,19.361828,31.31,3.971075,False
2019-01-22,28.9,22.0,27.633011,19.367742,31.4,1.266989,False
2019-01-23,31.0,21.3,27.62172,19.371075,31.4,3.37828,False
2019-01-24,28.1,20.6,27.634086,19.370215,31.4,0.465914,False
2019-01-25,25.3,18.0,27.642581,19.370753,31.4,-2.342581,False
2019-01-26,27.7,16.6,27.641613,19.374516,31.4,0.058387,False
2019-01-27,30.1,18.7,27.653441,19.374731,31.5,2.446559,False
2019-01-28,32.5,19.4,27.671075,19.367742,31.51,4.828925,True
2019-01-29,32.2,21.1,27.667849,19.353548,31.6,4.532151,True
2019-01-30,33.7,20.3,27.652796,19.334086,31.6,6.047204,True
2019-01-31,32.5,19.2,27.644086,19.330108,31.6,4.855914,True
2019-02-01,33.7,18.8,27.641613,19.327957,31.6,6.058387,True
2019-02-02,34.7,19.1,27.67129,19.339462,31.6,7.02871,True
2019-02-03,29.4,20.7,27.695591,19.344301,31.6,1.704409,False
2019-02-04,22.4,18.0,27.721075,19.352581,31.6,-5.321075,False
2019-02-05,23.2,16.5,27.750538,19.368065,31.51,-4.550538,False
2019-02-06,20.0,17.4,27.777312,19.373333,31.5,-7.777312,False
2019-02-07,26.4,16.8,27.810323,19.377849,31.5,-1.410323,False
2019-02-08,29.2,17.3,27.844194,19.386452,31.5,1.355806,False
2019-02-09,31.2,17.4,27.850538,19.407312,31.5,3.349462,False
2019-02-10,32.3,17.1,27.833871,19.404301,31.5,4.466129,False
2019-02-11,31.8,21.7,27.851613,19.402796,31.5,3.948387,False
2019-02-12,28.2,22.3,27.891613,19.405269,31.5,0.308387,False
2019-02-13,22.2,18.7,27.88086,19.410968,31.4,-5.68086,False
2019-02-14,23.8,17.4,27.863656,19.394301,31.4,-4.063656,False
2019-02-15,22.9,17.7,27.848172,19.381183,31.4,-4.948172,False
2019-02-16,23.2,19.0,27.805914,19.360323,31.31,-4.605914,False
2019-02-17,25.3,19.2,27.762043,19.338172,31.3,-2.462043,False
2019-02-18,27.9,19.1,27.730645,19.31086,31.21,0.169355,False
2019-02-19,28.6,20.3,27.720968,19.283978,31.2,0.879032,False
2019-02-20,27.2,20.3,27.719892,19.27,31.2,-0.519892,False
2019-02-21,25.6,19.8,27.700323,19.262043,31.1,-2.100323,False
2019-02-22,27.8,19.9,27.728602,19.250538,31.0,0.071398,False
2019-02-23,30.6,19.3,27.751505,19.249892,31.0,2.848495,False
2019-02-24,31.8,22.1,27.726667,19.254086,31.0,4.073333,False
2019-02-25,29.5,22.1,27.708817,19.241505,30.9,1.791183,False
2019-02-26,26.3,20.1,27.682903,19.217849,30.9,-1.382903,False
2019-02-27,26.5,19.6,27.656022,19.202473,30.81,-1.156022,False
2019-02-28,22.3,20.5,27.641183,19.191075,30.8,-5.341183,False
2019-03-01,24.5,19.7,27.627419,19.188065,30.71,-3.127419,False
2019-03-02,26.7,20.3,27.589677,19.176989,30.7,-0.889677,False
2019-03-03,27.5,19.4,27.575376,19.142473,30.7,-0.075376,False
2019-03-04,27.4,18.7,27.555054,19.121828,30.6,-0.155054,False
2019-03-05,28.6,19.1,27.523978,19.096667,30.6,1.076022,False
2019-03-06,30.3,19.8,27.455914,19.074516,30.6,2.844086,False
2019-03-07,27.7,20.1,27.376022,19.038387,30.51,0.323978,False
2019-03-08,30.2,20.4,27.317527,18.989785,30.5,2.882473,False
2019-03-09,32.4,21.0,27.270968,18.96129,30.5,5.129032,False
2019-03-10,26.4,20.9,27.22,18.924194,30.41,-0.82,False
2019-03-11,24.6,19.5,27.17086,18.869785,30.4,-2.57086,False
2019-03-12,29.4,19.6,27.128065,18.820215,30.4,2.271935,False
2019-03-13,28.8,20.3,27.095054,18.770753,30.4,1.704946,False
2019-03-14,28.3,21.0,27.05043,18.736882,30.3,1.24957,False
2019-03-15,27.6,19.4,27.001828,18.709677,30.3,0.598172,False
2019-03-16,27.0,20.9,26.976989,18.677957,30.21,0.023011,False
2019-03-17,27.4,20.4,26.966989,18.656022,30.2,0.433011,False
2019-03-18,29.0,20.5,26.934624,18.630108,30.1,2.065376,False
2019-03-19,30.1,21.5,26.905806,18.602043,30.1,3.194194,False
2019-03-20,26.4,19.8,26.870108,18.565699,30.01,-0.470108,False
2019-03-21,20.6,17.4,26.830968,18.526452,30.0,-6.230968,False
2019-03-22,21.3,16.6,26.787849,18.489677,30.0,-5.487849,False
2019-03-23,27.8,16.2,26.734516,18.456989,29.9,1.065484,False
2019-03-24,28.1,17.8,26.667312,18.415699,29.8,1.432688,False
2019-03-25,30.2,18.8,26.577957,18.367312,29.7,3.622043,False
2019-03-26,28.7,17.6,26.503441,18.309462,29.7,2.196559,False
2019-03-27,27.9,18.7,26.492796,18.249355,29.6,1.407204,False
2019-03-28,24.3,19.1,26.471828,18.197527,29.6,-2.171828,False
2019-03-29,24.5,17.6,26.426452,18.152043,29.6,-1.926452,False
2019-03-30,26.9,16.1,26.373011,18.1,29.5,0.526989,False
2019-03-31,27.4,16.8,26.34172,18.044409,29.5,1.05828,False
2019-04-01,27.0,17.9,26.322151,17.995914,29.5,0.677849,False
2019-04-02,27.4,16.2,26.296344,17.935699,29.5,1.103656,False
2019-04-03,29.1,17.8,26.247634,17.869355,29.5,2.852366,False
2019-04-04,31.4,18.0,26.216237,17.789892,29.5,5.183763,False
2019-04-05,31.2,20.8,26.164516,17.720645,29.41,5.035484,False
2019-04-06,28.0,21.0,26.153656,17.66,29.41,1.846344,False
2019-04-07,26.5,20.9,26.139677,17.62,29.5,0.360323,False
2019-04-08,21.9,19.3,26.12043,17.586344,29.41,-4.22043,False
2019-04-09,22.0,18.4,26.103011,17.535914,29.4,-4.103011,False
2019-04-10,23.2,17.3,26.077634,17.497204,29.4,-2.877634,False
2019-04-11,27.2,18.3,26.026022,17.463548,29.3,1.173978,False
2019-04-12,28.3,18.7,25.948495,17.391075,29.21,2.351505,False
2019-04-13,28.7,18.8,25.862688,17.32043,29.2,2.837312,False
2019-04-14,21.5,19.0,25.808495,17.241613,29.2,-4.308495,False
2019-04-15,27.1,18.8,25.761828,17.154946,29.1,1.338172,False
2019-04-16,28.2,19.2,25.696452,17.057849,29.1,2.503548,False
2019-04-17,26.8,19.1,25.624301,16.967849,29.1,1.175699,False
2019-04-18,26.2,15.7,25.565591,16.880753,29.1,0.634409,False
2019-04-19,26.7,14.1,25.519677,16.794301,29.0,1.180323,False
2019-04-20,27.5,16.1,25.465054,16.719247,29.0,2.034946,False
2019-04-21,28.2,18.0,25.37871,16.643978,28.9,2.82129,False
2019-04-22,27.7,19.7,25.277097,16.558925,28.8,2.422903,False
2019-04-23,26.1,19.5,25.186667,16.457097,28.71,0.913333,False
2019-04-24,27.8,18.9,25.101398,16.338817,28.7,2.698602,False
2019-04-25,27.9,20.5,25.012043,16.232903,28.7,2.887957,False
2019-04-26,27.2,19.9,24.940753,16.149247,28.6,2.259247,False
2019-04-27,29.1,19.8,24.829355,16.064194,28.4,4.270645,False
2019-04-28,28.7,17.9,24.710538,15.975914,28.4,3.989462,False
2019-04-29,24.8,16.1,24.60914,15.897204,28.4,0.19086,False
2019-04-30,25.5,17.6,24.513871,15.806022,28.3,0.986129,False
2019-05-01,26.7,17.2,24.41172,15.718925,28.2,2.28828,False
2019-05-02,26.6,18.3,24.300968,15.619892,28.11,2.299032,False
2019-05-03,28.8,18.1,24.222473,15.538065,28.1,4.577527,False
2019-05-04,29.0,19.1,24.116559,15.483011,28.0,4.883441,False
2019-05-05,28.4,16.8,24.011828,15.415484,27.9,4.388172,False
2019-05-06,28.4,19.2,23.938495,15.341183,27.8,4.461505,False
2019-05-07,24.3,19.4,23.864946,15.268925,27.71,0.435054,False
2019-05-08,21.6,17.2,23.758817,15.169785,27.7,-2.158817,False
2019-05-09,23.1,16.5,23.60828,15.056882,27.5,-0.50828,False
2019-05-10,26.6,16.9,23.468925,14.948925,27.4,3.131075,False
2019-05-11,27.3,19.2,23.370323,14.85172,27.2,3.929677,False
2019-05-12,27.7,19.3,23.277204,14.754731,27.2,4.422796,False
2019-05-13,26.1,19.8,23.200645,14.68828,27.0,2.899355,False
2019-05-14,26.8,18.2,23.134839,14.621398,26.9,3.665161,False
2019-05-15,21.9,16.4,23.051183,14.545484,26.8,-1.151183,False
2019-05-16,20.1,16.1,22.958925,14.475591,26.8,-2.858925,False
2019-05-17,19.5,16.3,22.863011,14.408172,26.7,-3.363011,False
2019-05-18,20.2,16.1,22.759785,14.338602,26.6,-2.559785,False
2019-05-19,23.2,15.2,22.667097,14.269355,26.5,0.532903,False
2019-05-20,23.1,15.6,22.583226,14.201183,26.4,0.516774,False
2019-05-21,24.6,14.9,22.499462,14.149247,26.3,2.100538,False
2019-05-22,25.2,12.9,22.469677,14.096774,26.2,2.730323,False
2019-05-23,25.8,14.6,22.463978,14.054731,26.2,3.336022,False
2019-05-24,20.1,16.9,22.435161,14.011935,26.2,-2.335161,False
2019-05-25,19.4,11.6,22.41086,13.980753,26.2,-3.01086,False
2019-05-26,22.5,13.6,22.395591,13.961075,26.2,0.104409,False
2019-05-27,25.2,13.7,22.364409,13.920753,26.2,2.835591,False
2019-05-28,26.6,14.1,22.32957,13.86957,26.2,4.27043,False
2019-05-29,26.3,18.4,22.308065,13.807527,26.2,3.991935,False
2019-05-30,26.0,18.3,22.300753,13.74,26.1,3.699247,False
2019-05-31,26.9,19.5,22.29828,13.689355,26.1,4.60172,False
2019-06-01,24.8,17.9,22.288925,13.63871,26.0,2.511075,False
2019-06-02,20.2,16.8,22.313441,13.616022,26.0,-2.113441,False
2019-06-03,18.9,16.5,22.315914,13.581398,26.0,-3.415914,False
2019-06-04,17.7,12.4,22.328817,13.556237,26.0,-4.628817,False
2019-06-05,18.2,11.1,22.301505,13.544624,26.0,-4.101505,False
2019-06-06,20.5,12.9,22.270968,13.519355,25.9,-1.770968,False
2019-06-07,22.8,10.7,22.233011,13.476022,25.9,0.566989,False
2019-06-08,22.3,13.0,22.250323,13.43828,25.9,0.049677,False
2019-06-09,21.2,8.6,22.297634,13.427097,25.9,-1.097634,False
2019-06-10,22.6,11.5,22.316022,13.423548,26.0,0.283978,False
2019-06-11,24.5,10.2,22.286559,13.405054,26.0,2.213441,False
2019-06-12,24.9,13.1,22.291505,13.372043,26.0,2.608495,False
2019-06-13,27.0,14.1,22.303656,13.335591,26.0,4.696344,False
2019-06-14,26.5,15.0,22.323226,13.316774,26.0,4.176774,False
2019-06-15,26.1,15.2,22.342043,13.302473,26.0,3.757957,False
2019-06-16,25.5,15.2,22.374086,13.286129,26.0,3.125914,False
2019-06-17,22.9,14.5,22.430215,13.286129,26.1,0.469785,False
2019-06-18,23.5,14.3,22.475161,13.287097,26.1,1.024839,False
2019-06-19,24.8,13.9,22.502258,13.279032,26.11,2.297742,False
2019-06-20,22.8,13.8,22.513118,13.26043,26.11,0.286882,False
2019-06-21,21.8,15.9,22.544839,13.239032,26.2,-0.744839,False
2019-06-22,23.8,15.4,22.534301,13.201183,26.2,1.265699,False
2019-06-23,24.1,13.0,22.492903,13.163763,26.2,1.607097,False
2019-06-24,24.9,13.7,22.483441,13.130538,26.2,2.416559,False
2019-06-25,26.8,14.1,22.455806,13.102258,26.2,4.344194,False
2019-06-26,27.6,16.0,22.419785,13.068602,26.2,5.180215,False
2019-06-27,24.8,16.8,22.372903,13.019032,26.2,2.427097,False
2019-06-28,27.1,17.5,22.35828,12.972473,26.2,4.74172,False
2019-06-29,27.0,16.7,22.34957,12.948925,26.11,4.65043,False
2019-06-30,27.4,15.8,22.340108,12.921183,26.1,5.059892,False
2019-07-01,26.4,16.5,22.325054,12.904624,26.11,4.074946,False
2019-07-02,25.8,14.2,22.317527,12.880968,26.11,3.482473,False
2019-07-03,27.5,17.5,22.273548,12.84957,26.1,5.226452,False
2019-07-04,20.5,15.2,22.229677,12.816344,26.1,-1.729677,False
2019-07-05,15.1,11.5,22.242473,12.76957,26.2,-7.142473,False
2019-07-06,14.4,8.2,22.301398,12.733871,26.21,-7.901398,False
2019-07-07,14.5,5.2,22.320753,12.71914,26.31,-7.820753,False
2019-07-08,19.3,7.1,22.334516,12.702581,26.4,-3.034516,False
2019-07-09,20.5,9.8,22.303978,12.68129,26.4,-1.803978,False
2019-07-10,22.5,9.9,22.277527,12.65914,26.4,0.222473,False
2019-07-11,22.7,9.1,22.27828,12.621935,26.4,0.42172,False
2019-07-12,23.6,9.4,22.299785,12.586774,26.4,1.300215,False
2019-07-13,25.0,11.0,22.317312,12.580108,26.4,2.682688,False
2019-07-14,26.0,13.1,22.341828,12.573763,26.41,3.658172,False
2019-07-15,23.0,13.7,22.332688,12.56043,26.41,0.667312,False
2019-07-16,17.5,9.6,22.336344,12.53828,26.5,-4.836344,False
2019-07-17,16.9,7.5,22.355914,12.522473,26.5,-5.455914,False
2019-07-18,19.9,9.4,22.33086,12.493871,26.6,-2.43086,False
2019-07-19,21.8,11.0,22.294839,12.466344,26.6,-0.494839,False
2019-07-20,22.7,11.7,22.279462,12.438172,26.6,0.420538,False
2019-07-21,23.6,11.4,22.264839,12.427097,26.6,1.335161,False
2019-07-22,25.1,13.6,22.28172,12.426344,26.7,2.81828,False
2019-07-23,25.6,13.9,22.354086,12.443333,26.7,3.245914,False
2019-07-24,26.0,11.8,22.424301,12.463763,26.8,3.575699,False
2019-07-25,24.9,14.4,22.480323,12.502151,26.8,2.419677,False
2019-07-26,26.4,14.5,22.515591,12.528817,26.81,3.884409,False
2019-07-27,26.0,13.9,22.549462,12.511183,26.9,3.450538,False
2019-07-28,22.6,15.2,22.616774,12.515806,27.1,-0.016774,False
2019-07-29,23.7,13.5,22.701398,12.546882,27.2,0.998602,False
2019-07-30,25.1,14.7,22.746774,12.561613,27.2,2.353226,False
2019-07-31,24.6,11.5,22.772796,12.587527,27.2,1.827204,False
2019-08-01,27.5,12.9,22.801935,12.60172,27.3,4.698065,False
2019-08-02,28.7,14.9,22.830215,12.629032,27.4,5.869785,False
2019-08-03,14.8,10.3,22.88,12.655806,27.4,-8.08,False
2019-08-04,12.2,9.7,22.95129,12.705806,27.5,-10.75129,False
2019-08-05,17.9,10.3,22.971505,12.739247,27.5,-5.071505,False
2019-08-06,24.2,12.9,22.947849,12.745591,27.5,1.252151,False
2019-08-07,25.7,13.7,22.968817,12.738925,27.5,2.731183,False
2019-08-08,27.6,14.5,23.046882,12.767634,27.6,4.553118,False
2019-08-09,28.4,13.9,23.137312,12.819785,27.8,5.262688,False
2019-08-10,29.8,15.4,23.244409,12.855806,27.9,6.555591,False
2019-08-11,24.6,16.9,23.333333,12.903871,28.0,1.266667,False
2019-08-12,30.1,15.9,23.405914,12.954086,28.01,6.694086,False
2019-08-13,23.0,14.1,23.461935,12.986882,28.2,-0.461935,False
2019-08-14,14.0,10.2,23.527312,13.022581,28.31,-9.527312,False
2019-08-15,20.8,10.0,23.640968,13.068387,28.5,-2.840968,False
2019-08-16,24.3,10.2,23.752581,13.127527,28.7,0.547419,False
2019-08-17,26.9,11.8,23.82,13.195484,28.71,3.08,False
2019-08-18,29.2,15.2,23.902903,13.256344,28.8,5.297097,False
2019-08-19,20.4,14.2,23.995806,13.303118,28.9,-3.595806,False
2019-08-20,16.9,14.2,24.038172,13.361505,29.0,-7.138172,False
2019-08-21,19.3,14.0,24.101183,13.41172,29.2,-4.801183,False
2019-08-22,18.6,13.0,24.106989,13.44086,29.2,-5.506989,False
2019-08-23,20.6,13.3,24.127312,13.480215,29.3,-3.527312,False
2019-08-24,18.8,12.6,24.175376,13.522473,29.5,-5.375376,False
2019-08-25,19.8,12.1,24.221935,13.56,29.6,-4.421935,False
2019-08-26,23.7,12.2,24.314516,13.61086,29.8,-0.614516,False
2019-08-27,24.7,13.1,24.415054,13.7,29.9,0.284946,False
2019-08-28,22.1,15.0,24.475914,13.783548,30.0,-2.375914,False
2019-08-29,25.8,13.6,24.518817,13.855376,30.0,1.281183,False
2019-08-30,29.2,12.6,24.574731,13.955699,30.1,4.625269,False
2019-08-31,31.2,16.0,24.640538,14.036989,30.21,6.559462,False
2019-09-01,20.3,15.9,24.68086,14.095484,30.3,-4.38086,False
2019-09-02,20.1,15.7,24.719785,14.148925,30.4,-4.619785,False
2019-09-03,22.2,15.6,24.775484,14.20828,30.5,-2.575484,False
2019-09-04,21.1,14.7,24.854409,14.262796,30.51,-3.754409,False
2019-09-05,15.1,12.4,24.895699,14.339247,30.6,-9.795699,False
2019-09-06,18.8,12.8,24.944301,14.414516,30.6,-6.144301,False
2019-09-07,27.9,14.3,24.977849,14.482258,30.7,2.922151,False
2019-09-08,30.4,17.2,25.005054,14.52914,30.9,5.394946,False
2019-09-09,31.3,18.1,25.019785,14.57129,31.0,6.280215,False
2019-09-10,32.2,15.8,24.934839,14.609677,31.0,7.265161,False
2019-09-11,33.3,17.0,24.859677,14.626022,31.02,8.440323,False
2019-09-12,34.8,19.3,24.823548,14.645376,31.2,9.976452,False
2019-09-13,24.3,16.7,24.820538,14.699032,31.2,-0.520538,False
2019-09-14,25.3,16.8,24.802796,14.749247,31.2,0.497204,False
2019-09-15,30.6,17.1,24.752366,14.797312,31.02,5.847634,False
2019-09-16,33.2,18.5,24.737312,14.860323,31.2,8.462688,False
2019-09-17,33.7,18.4,24.741828,14.92,31.2,8.958172,False
2019-09-18,34.3,20.4,24.714301,14.986129,31.21,9.585699,False
2019-09-19,31.8,16.7,24.716774,15.038387,31.3,7.083226,False
2019-09-20,28.4,20.1,24.788172,15.091505,31.3,3.611828,False
2019-09-21,21.5,16.2,24.827419,15.151075,31.3,-3.327419,False
2019-09-22,18.4,14.5,24.835591,15.19828,31.3,-6.435591,False
2019-09-23,17.1,12.4,24.798387,15.232043,31.3,-7.698387,False
2019-09-24,23.1,12.7,24.797097,15.267527,31.3,-1.697097,False
2019-09-25,19.0,15.4,24.824194,15.315376,31.31,-5.824194,False
2019-09-26,19.8,15.3,24.846452,15.355161,31.3,-5.046452,False
2019-09-27,22.7,14.2,24.897634,15.412258,31.3,-2.197634,False
2019-09-28,21.0,13.9,24.979677,15.486129,31.41,-3.979677,False
2019-09-29,26.7,13.9,25.014839,15.565914,31.5,1.685161,False
2019-09-30,27.9,14.0,25.033441,15.606452,31.5,2.866559,False
2019-10-01,32.0,16.2,25.091505,15.657527,31.5,6.908495,False
2019-10-02,34.7,18.0,25.141075,15.734946,31.5,9.558925,False
2019-10-03,27.9,16.1,25.175699,15.801505,31.5,2.724301,False
2019-10-04,31.3,14.6,25.174624,15.844516,31.5,6.125376,False
2019-10-05,33.7,16.6,25.143656,15.885054,31.5,8.556344,False
2019-10-06,25.5,17.4,25.165484,15.903333,31.5,0.334516,False
2019-10-07,21.5,16.8,25.190108,15.936882,31.5,-3.690108,False
2019-10-08,19.5,16.6,25.222688,15.990538,31.41,-5.722688,False
2019-10-09,22.5,16.5,25.225806,16.048602,31.3,-2.725806,False
2019-10-10,28.0,15.8,25.251505,16.115054,31.2,2.748495,False
2019-10-11,31.1,17.3,25.376667,16.212688,31.2,5.723333,False
2019-10-12,32.8,18.7,25.495591,16.319892,31.11,7.304409,False
2019-10-13,34.6,19.0,25.567312,16.388602,31.11,9.032688,False
2019-10-14,32.0,20.0,25.623763,16.416774,31.3,6.376237,False
2019-10-15,24.4,18.9,25.66086,16.466882,31.4,-1.26086,False
2019-10-16,26.0,17.6,25.707634,16.507849,31.41,0.292366,False
2019-10-17,30.8,18.5,25.687527,16.531828,31.4,5.112473,False
2019-10-18,31.9,19.4,25.673763,16.537312,31.3,6.226237,False
2019-10-19,27.4,19.2,25.72871,16.549677,31.3,1.67129,False
2019-10-20,21.0,14.8,25.749892,16.588602,31.4,-4.749892,False
2019-10-21,22.3,13.5,25.72914,16.621613,31.31,-3.42914,False
2019-10-22,24.2,15.9,25.715914,16.64914,31.2,-1.515914,False
2019-10-23,25.8,16.0,25.755269,16.684409,31.11,0.044731,False
2019-10-24,27.5,17.0,25.814946,16.726452,31.1,1.685054,False
2019-10-25,30.3,17.2,25.859355,16.773011,31.1,4.440645,False
2019-10-26,28.0,18.0,25.880108,16.818817,31.1,2.119892,False
2019-10-27,34.8,18.6,25.887634,16.866667,31.0,8.912366,False
2019-10-28,33.2,20.5,25.837634,16.896129,30.8,7.362366,False
2019-10-29,31.7,21.0,25.750753,16.91086,30.7,5.949247,False
2019-10-30,33.1,19.7,25.677742,16.892473,30.51,7.422258,False
2019-10-31,29.3,19.8,25.670108,16.898387,30.5,3.629892,False
2019-11-01,27.8,18.9,25.634086,16.915699,30.4,2.165914,False
2019-11-02,31.7,19.3,25.627742,16.922903,30.4,6.072258,True
2019-11-03,34.2,18.9,25.630215,16.926882,30.4,8.569785,True
2019-11-04,35.3,19.7,25.616344,16.934409,30.3,9.683656,True
2019-11-05,31.5,19.6,25.603763,16.934839,30.3,5.896237,True
2019-11-06,21.5,17.0,25.607634,16.944839,30.3,-4.107634,False
2019-11-07,24.4,17.1,25.626237,16.966237,30.2,-1.226237,False
2019-11-08,23.6,18.2,25.649247,16.985269,30.2,-2.049247,False
2019-11-09,26.3,18.7,25.685591,17.007097,30.2,0.614409,False
2019-11-10,24.9,19.9,25.71957,17.032366,30.21,-0.81957,False
2019-11-11,22.2,18.5,25.716237,17.045914,30.3,-3.516237,False
2019-11-12,24.1,17.3,25.720538,17.058172,30.3,-1.620538,False
2019-11-13,27.4,17.4,25.720753,17.088602,30.2,1.679247,False
2019-11-14,25.4,19.1,25.73043,17.12957,30.1,-0.33043,False
2019-11-15,22.2,17.1,25.737419,17.166344,30.1,-3.537419,False
2019-11-16,23.3,14.4,25.745269,17.201505,30.0,-2.445269,False
2019-11-17,24.3,13.5,25.786667,17.228387,30.0,-1.486667,False
2019-11-18,23.9,14.6,25.839462,17.266667,30.0,-1.939462,False
2019-11-19,26.9,17.3,25.871935,17.308925,30.0,1.028065,False
2019-11-20,26.7,17.8,25.932796,17.360323,30.0,0.767204,False
2019-11-21,28.5,18.4,25.993548,17.40828,30.0,2.506452,False
2019-11-22,29.1,18.7,26.050215,17.466344,30.0,3.049785,False
2019-11-23,29.0,18.8,26.117849,17.528172,30.0,2.882151,False
2019-11-24,18.6,14.5,26.136559,17.576452,30.0,-7.536559,False
2019-11-25,22.8,13.2,26.129892,17.622043,30.0,-3.329892,False
2019-11-26,29.6,15.6,26.107742,17.654624,29.91,3.492258,False
2019-11-27,27.6,18.4,26.09828,17.692796,29.9,1.50172,False
2019-11-28,20.6,16.0,26.13086,17.722258,29.91,-5.53086,False
2019-11-29,25.0,14.7,26.172151,17.751075,30.0,-1.172151,False
2019-11-30,29.8,17.1,26.24,17.802043,30.0,3.56,False
2019-12-01,28.2,20.1,26.28828,17.847957,30.0,1.91172,False
2019-12-02,20.6,15.9,26.322366,17.873978,30.0,-5.722366,False
2019-12-03,21.2,15.1,26.360108,17.909355,30.0,-5.160108,False
2019-12-04,27.4,17.0,26.427742,17.956344,30.01,0.972258,False
2019-12-05,27.1,21.1,26.546452,18.029355,30.11,0.553548,False
2019-12-06,21.9,18.2,26.637527,18.111398,30.2,-4.737527,False
2019-12-07,26.3,16.4,26.695484,18.199032,30.21,-0.395484,False
2019-12-08,27.6,13.8,26.724409,18.264624,30.3,0.875591,False
2019-12-09,26.3,17.5,26.754194,18.327849,30.3,-0.454194,False
2019-12-10,24.1,18.9,26.750645,18.37172,30.3,-2.650645,False
2019-12-11,25.5,18.6,26.762581,18.403978,30.3,-1.262581,False
2019-12-12,26.5,17.9,26.795591,18.427849,30.31,-0.295591,False
2019-12-13,27.6,20.1,26.823441,18.45871,30.4,0.776559,False
2019-12-14,26.7,19.7,26.881935,18.501828,30.4,-0.181935,False
2019-12-15,29.9,19.9,26.924301,18.560753,30.4,2.975699,False
2019-12-16,30.4,21.9,26.989677,18.615699,30.41,3.410323,False
2019-12-17,28.7,19.7,27.032796,18.670323,30.51,1.667204,False
2019-12-18,21.7,18.9,27.041613,18.720108,30.6,-5.341613,False
2019-12-19,24.1,18.1,27.025914,18.766774,30.6,-2.925914,False
2019-12-20,26.8,18.5,26.996989,18.800645,30.6,-0.196989,False
2019-12-21,28.8,20.7,26.976452,18.82,30.6,1.823548,False
2019-12-22,25.7,20.7,26.997097,18.851935,30.6,-1.297097,False
2019-12-23,24.9,19.3,27.04,18.875806,30.6,-2.14,False
2019-12-24,25.8,18.4,27.054839,18.90086,30.61,-1.254839,False
2019-12-25,30.1,18.0,27.098817,18.942581,30.7,3.001183,False
2019-12-26,28.8,17.4,27.152258,18.978602,30.7,1.647742,False
2019-12-27,27.7,18.0,27.207527,19.008172,30.8,0.492473,False
2019-12-28,29.3,19.6,27.237527,19.04043,30.8,2.062473,False
2019-12-29,29.0,18.7,27.261935,19.073333,30.8,1.738065,False
2019-12-30,29.2,18.2,27.311075,19.110968,30.8,1.888925,False
2019-12-31,30.4,18.4,27.334731,19.142258,30.8,3.065269,False
2020-01-01,31.6,20.3,27.338387,19.167419,30.9,4.261613,False
2020-01-02,28.2,20.2,27.340538,19.185054,30.9,0.859462,False
2020-01-03,23.7,19.4,27.354624,19.203441,30.9,-3.654624,False
2020-01-04,26.2,18.5,27.350215,19.227957,30.9,-1.150215,False
2020-01-05,24.9,18.1,27.312796,19.225376,30.9,-2.412796,False
2020-01-06,28.3,18.1,27.293226,19.226882,31.0,1.006774,False
2020-01-07,31.6,20.5,27.285054,19.226667,31.0,4.314946,False
2020-01-08,29.5,20.6,27.302903,19.234409,31.0,2.197097,False
2020-01-09,28.6,21.1,27.328817,19.23129,30.91,1.271183,False
2020-01-10,30.5,21.6,27.376667,19.254409,31.0,3.123333,False
2020-01-11,29.2,21.9,27.375269,19.269247,31.0,1.824731,False
2020-01-12,26.9,21.5,27.344409,19.275054,31.1,-0.444409,False
2020-01-13,25.5,20.1,27.355161,19.282796,31.1,-1.855161,False
2020-01-14,25.1,18.5,27.354086,19.301613,31.1,-2.254086,False
2020-01-15,30.9,18.9,27.353871,19.31172,31.1,3.546129,False
2020-01-16,31.2,21.9,27.369032,19.312903,31.1,3.830968,False
2020-01-17,22.0,17.6,27.416667,19.311828,31.11,-5.416667,False
2020-01-18,23.9,17.4,27.477419,19.331398,31.2,-3.577419,False
2020-01-19,25.5,18.1,27.527527,19.345376,31.2,-2.027527,False
2020-01-20,25.5,18.7,27.573118,19.353656,31.2,-2.073118,False
2020-01-21,27.4,15.8,27.628925,19.361828,31.31,-0.228925,False
2020-01-22,25.3,17.1,27.633011,19.367742,31.4,-2.333011,False
2020-01-23,22.0,17.6,27.62172,19.371075,31.4,-5.62172,False
2020-01-24,22.9,17.5,27.634086,19.370215,31.4,-4.734086,False
2020-01-25,27.1,16.8,27.642581,19.370753,31.4,-0.542581,False
2020-01-26,29.6,15.2,27.641613,19.374516,31.4,1.958387,False
2020-01-27,32.0,14.9,27.653441,19.374731,31.5,4.346559,False
2020-01-28,30.1,17.6,27.671075,19.367742,31.51,2.428925,False
2020-01-29,31.0,20.2,27.667849,19.353548,31.6,3.332151,False
2020-01-30,29.3,21.5,27.652796,19.334086,31.6,1.647204,False
2020-01-31,28.5,21.2,27.644086,19.330108,31.6,0.855914,False
2020-02-01,28.7,20.8,27.641613,19.327957,31.6,1.058387,False
2020-02-02,26.3,20.2,27.67129,19.339462,31.6,-1.37129,False
2020-02-03,24.3,19.3,27.695591,19.344301,31.6,-3.395591,False
2020-02-04,25.0,19.3,27.721075,19.352581,31.6,-2.721075,False
2020-02-05,27.3,20.4,27.750538,19.368065,31.51,-0.450538,False
2020-02-06,27.4,19.9,27.777312,19.373333,31.5,-0.377312,False
2020-02-07,27.2,19.8,27.810323,19.377849,31.5,-0.610323,False
2020-02-08,29.2,20.0,27.844194,19.386452,31.5,1.355806,False
2020-02-09,26.9,21.0,27.850538,19.407312,31.5,-0.950538,False
2020-02-10,21.4,18.9,27.833871,19.404301,31.5,-6.433871,False
2020-02-11,20.9,16.3,27.851613,19.402796,31.5,-6.951613,False
2020-02-12,21.3,16.9,27.891613,19.405269,31.5,-6.591613,False
2020-02-13,25.7,16.2,27.88086,19.410968,31.4,-2.18086,False
2020-02-14,27.2,16.7,27.863656,19.394301,31.4,-0.663656,False
2020-02-15,30.5,18.0,27.848172,19.381183,31.4,2.651828,False
2020-02-16,30.7,19.8,27.805914,19.360323,31.31,2.894086,False
2020-02-17,30.7,19.8,27.762043,19.338172,31.3,2.937957,False
2020-02-18,31.5,21.4,27.730645,19.31086,31.21,3.769355,False
2020-02-19,29.8,21.9,27.720968,19.283978,31.2,2.079032,False
2020-02-20,30.0,20.8,27.719892,19.27,31.2,2.280108,False
2020-02-21,23.1,20.4,27.700323,19.262043,31.1,-4.600323,False
2020-02-22,20.2,17.1,27.728602,19.250538,31.0,-7.528602,False
2020-02-23,22.4,15.0,27.751505,19.249892,31.0,-5.351505,False
2020-02-24,25.3,16.9,27.726667,19.254086,31.0,-2.426667,False
2020-02-25,28.1,18.8,27.708817,19.241505,30.9,0.391183,False
2020-02-26,24.1,20.6,27.682903,19.217849,30.9,-3.582903,False
2020-02-27,21.0,16.1,27.656022,19.202473,30.81,-6.656022,False
2020-02-28,20.7,16.1,27.641183,19.191075,30.8,-6.941183,False
2020-02-29,24.7,17.5,27.634301,19.18957,30.755,-2.934301,False
2020-03-01,22.6,16.9,27.627419,19.188065,30.71,-5.027419,False
2020-03-02,23.0,17.5,27.589677,19.176989,30.7,-4.589677,False
2020-03-03,23.2,16.8,27.575376,19.142473,30.7,-4.375376,False
2020-03-04,24.3,15.8,27.555054,19.121828,30.6,-3.255054,False
2020-03-05,24.8,14.3,27.523978,19.096667,30.6,-2.723978,False
2020-03-06,24.7,15.2,27.455914,19.074516,30.6,-2.755914,False
2020-03-07,25.9,14.7,27.376022,19.038387,30.51,-1.476022,False
2020-03-08,25.6,16.0,27.317527,18.989785,30.5,-1.717527,False
2020-03-09,27.5,17.1,27.270968,18.96129,30.5,0.229032,False
2020-03-10,28.3,17.0,27.22,18.924194,30.41,1.08,False
2020-03-11,28.4,16.6,27.17086,18.869785,30.4,1.22914,False
2020-03-12,28.9,17.8,27.128065,18.820215,30.4,1.771935,False
2020-03-13,29.7,17.5,27.095054,18.770753,30.4,2.604946,False
2020-03-14,29.9,18.7,27.05043,18.736882,30.3,2.84957,False
2020-03-15,30.4,19.4,27.001828,18.709677,30.3,3.398172,False
2020-03-16,29.7,20.7,26.976989,18.677957,30.21,2.723011,False
2020-03-17,27.6,19.9,26.966989,18.656022,30.2,0.633011,False
2020-03-18,29.6,19.2,26.934624,18.630108,30.1,2.665376,False
2020-03-19,27.5,20.9,26.905806,18.602043,30.1,0.594194,False
2020-03-20,26.7,20.4,26.870108,18.565699,30.01,-0.170108,False
2020-03-21,23.0,18.8,26.830968,18.526452,30.0,-3.830968,False
2020-03-22,25.5,16.2,26.787849,18.489677,30.0,-1.287849,False
2020-03-23,25.1,15.7,26.734516,18.456989,29.9,-1.634516,False
2020-03-24,25.5,15.4,26.667312,18.415699,29.8,-1.167312,False
2020-03-25,24.7,15.2,26.577957,18.367312,29.7,-1.877957,False
2020-03-26,26.2,13.7,26.503441,18.309462,29.7,-0.303441,False
2020-03-27,26.8,15.0,26.492796,18.249355,29.6,0.307204,False
2020-03-28,27.6,16.6,26.471828,18.197527,29.6,1.128172,False
2020-03-29,26.6,18.8,26.426452,18.152043,29.6,0.173548,False
2020-03-30,26.6,18.6,26.373011,18.1,29.5,0.226989,False
2020-03-31,26.9,17.3,26.34172,18.044409,29.5,0.55828,False
2020-04-01,27.3,17.3,26.322151,17.995914,29.5,0.977849,False
2020-04-02,29.5,18.8,26.296344,17.935699,29.5,3.203656,False
2020-04-03,28.0,18.8,26.247634,17.869355,29.5,1.752366,False
2020-04-04,25.5,13.8,26.216237,17.789892,29.5,-0.716237,False
2020-04-05,26.8,14.9,26.164516,17.720645,29.41,0.635484,False
2020-04-06,29.7,16.1,26.153656,17.66,29.41,3.546344,False
2020-04-07,23.1,18.3,26.139677,17.62,29.5,-3.039677,False
2020-04-08,20.5,16.2,26.12043,17.586344,29.41,-5.62043,False
2020-04-09,22.5,12.9,26.103011,17.535914,29.4,-3.603011,False
2020-04-10,24.0,12.5,26.077634,17.497204,29.4,-2.077634,False
2020-04-11,22.8,14.2,26.026022,17.463548,29.3,-3.226022,False
2020-04-12,23.9,14.1,25.948495,17.391075,29.21,-2.048495,False
2020-04-13,25.3,13.5,25.862688,17.32043,29.2,-0.562688,False
2020-04-14,22.1,15.9,25.808495,17.241613,29.2,-3.708495,False
2020-04-15,24.8,16.1,25.761828,17.154946,29.1,-0.961828,False
2020-04-16,26.1,14.9,25.696452,17.057849,29.1,0.403548,False
2020-04-17,22.1,14.5,25.624301,16.967849,29.1,-3.524301,False
2020-04-18,23.4,13.5,25.565591,16.880753,29.1,-2.165591,False
2020-04-19,23.4,14.1,25.519677,16.794301,29.0,-2.119677,False
2020-04-20,24.5,14.0,25.465054,16.719247,29.0,-0.965054,False
2020-04-21,25.3,13.5,25.37871,16.643978,28.9,-0.07871,False
2020-04-22,24.7,14.3,25.277097,16.558925,28.8,-0.577097,False
2020-04-23,25.3,13.9,25.186667,16.457097,28.71,0.113333,False
2020-04-24,27.0,15.4,25.101398,16.338817,28.7,1.898602,False
2020-04-25,28.0,16.1,25.012043,16.232903,28.7,2.987957,False
2020-04-26,28.0,14.2,24.940753,16.149247,28.6,3.059247,False
2020-04-27,25.1,14.6,24.829355,16.064194,28.4,0.270645,False
2020-04-28,25.9,14.5,24.710538,15.975914,28.4,1.189462,False
2020-04-29,26.5,14.7,24.60914,15.897204,28.4,1.89086,False
2020-04-30,26.9,14.7,24.513871,15.806022,28.3,2.386129,False
2020-05-01,27.7,14.1,24.41172,15.718925,28.2,3.28828,False
2020-05-02,25.5,15.8,24.300968,15.619892,28.11,1.199032,False
2020-05-03,21.3,13.9,24.222473,15.538065,28.1,-2.922473,False
2020-05-04,23.6,11.4,24.116559,15.483011,28.0,-0.516559,False
2020-05-05,26.0,11.1,24.011828,15.415484,27.9,1.988172,False
2020-05-06,26.0,15.3,23.938495,15.341183,27.8,2.061505,False
2020-05-07,16.5,12.5,23.864946,15.268925,27.71,-7.364946,False
2020-05-08,19.9,11.3,23.758817,15.169785,27.7,-3.858817,False
2020-05-09,22.9,10.7,23.60828,15.056882,27.5,-0.70828,False
2020-05-10,24.3,11.2,23.468925,14.948925,27.4,0.831075,False
2020-05-11,24.7,11.8,23.370323,14.85172,27.2,1.329677,False
2020-05-12,25.4,10.8,23.277204,14.754731,27.2,2.122796,False
2020-05-13,24.4,13.7,23.200645,14.68828,27.0,1.199355,False
2020-05-14,20.3,16.1,23.134839,14.621398,26.9,-2.834839,False
2020-05-15,18.2,14.6,23.051183,14.545484,26.8,-4.851183,False
2020-05-16,23.0,14.1,22.958925,14.475591,26.8,0.041075,False
2020-05-17,24.8,10.7,22.863011,14.408172,26.7,1.936989,False
2020-05-18,24.9,10.3,22.759785,14.338602,26.6,2.140215,False
2020-05-19,24.2,12.8,22.667097,14.269355,26.5,1.532903,False
2020-05-20,25.5,14.9,22.583226,14.201183,26.4,2.916774,False
2020-05-21,25.8,13.5,22.499462,14.149247,26.3,3.300538,False
2020-05-22,25.7,15.5,22.469677,14.096774,26.2,3.230323,False
2020-05-23,21.7,16.9,22.463978,14.054731,26.2,-0.763978,False
2020-05-24,16.5,11.0,22.435161,14.011935,26.2,-5.935161,False
2020-05-25,19.0,10.1,22.41086,13.980753,26.2,-3.41086,False
2020-05-26,19.9,9.4,22.395591,13.961075,26.2,-2.495591,False
2020-05-27,21.4,7.0,22.364409,13.920753,26.2,-0.964409,False
2020-05-28,21.0,7.1,22.32957,13.86957,26.2,-1.32957,False
2020-05-29,25.1,8.7,22.308065,13.807527,26.2,2.791935,False
2020-05-30,25.0,8.0,22.300753,13.74,26.1,2.699247,False
2020-05-31,24.4,8.9,22.29828,13.689355,26.1,2.10172,False
2020-06-01,25.3,10.9,22.288925,13.63871,26.0,3.011075,False
2020-06-02,19.6,13.4,22.313441,13.616022,26.0,-2.713441,False
2020-06-03,20.5,14.2,22.315914,13.581398,26.0,-1.815914,False
2020-06-04,21.4,16.1,22.328817,13.556237,26.0,-0.928817,False
2020-06-05,22.8,16.8,22.301505,13.544624,26.0,0.498495,False
2020-06-06,23.6,17.5,22.270968,13.519355,25.9,1.329032,False
2020-06-07,22.8,17.2,22.233011,13.476022,25.9,0.566989,False
2020-06-08,25.5,14.1,22.250323,13.43828,25.9,3.249677,False
2020-06-09,24.7,16.2,22.297634,13.427097,25.9,2.402366,False
2020-06-10,25.9,18.8,22.316022,13.423548,26.0,3.583978,False
2020-06-11,27.3,19.0,22.286559,13.405054,26.0,5.013441,False
2020-06-12,27.6,14.8,22.291505,13.372043,26.0,5.308495,False
2020-06-13,27.5,14.3,22.303656,13.335591,26.0,5.196344,False
2020-06-14,20.7,14.4,22.323226,13.316774,26.0,-1.623226,False
2020-06-15,21.6,14.1,22.342043,13.302473,26.0,-0.742043,False
2020-06-16,22.2,14.3,22.374086,13.286129,26.0,-0.174086,False
2020-06-17,23.2,14.6,22.430215,13.286129,26.1,0.769785,False
2020-06-18,23.7,13.0,22.475161,13.287097,26.1,1.224839,False
2020-06-19,25.1,14.4,22.502258,13.279032,26.11,2.597742,False
2020-06-20,26.6,12.2,22.513118,13.26043,26.11,4.086882,False
2020-06-21,27.1,13.5,22.544839,13.239032,26.2,4.555161,False
2020-06-22,26.5,13.7,22.534301,13.201183,26.2,3.965699,False
2020-06-23,24.4,13.5,22.492903,13.163763,26.2,1.907097,False
2020-06-24,24.9,11.3,22.483441,13.130538,26.2,2.416559,False
2020-06-25,26.9,14.0,22.455806,13.102258,26.2,4.444194,False
2020-06-26,21.3,15.3,22.419785,13.068602,26.2,-1.119785,False
2020-06-27,15.4,12.8,22.372903,13.019032,26.2,-6.972903,False
2020-06-28,16.6,12.0,22.35828,12.972473,26.2,-5.75828,False
2020-06-29,19.9,12.7,22.34957,12.948925,26.11,-2.44957,False
2020-06-30,23.9,13.6,22.340108,12.921183,26.1,1.559892,False
2020-07-01,20.2,13.9,22.325054,12.904624,26.11,-2.125054,False
2020-07-02,18.8,6.7,22.317527,12.880968,26.11,-3.517527,False
2020-07-03,18.5,9.4,22.273548,12.84957,26.1,-3.773548,False
2020-07-04,23.2,9.9,22.229677,12.816344,26.1,0.970323,False
2020-07-05,25.6,12.2,22.242473,12.76957,26.2,3.357527,False
2020-07-06,25.6,15.4,22.301398,12.733871,26.21,3.298602,False
2020-07-07,26.3,14.5,22.320753,12.71914,26.31,3.979247,False
2020-07-08,26.4,16.9,22.334516,12.702581,26.4,4.065484,False
2020-07-09,22.6,14.6,22.303978,12.68129,26.4,0.296022,False
2020-07-10,22.4,9.5,22.277527,12.65914,26.4,0.122473,False
2020-07-11,26.0,14.4,22.27828,12.621935,26.4,3.72172,False
2020-07-12,26.9,15.6,22.299785,12.586774,26.4,4.600215,False
2020-07-13,27.0,15.5,22.317312,12.580108,26.4,4.682688,False
2020-07-14,19.6,14.8,22.341828,12.573763,26.41,-2.741828,False
2020-07-15,16.6,12.9,22.332688,12.56043,26.41,-5.732688,False
2020-07-16,20.4,12.5,22.336344,12.53828,26.5,-1.936344,False
2020-07-17,24.7,13.3,22.355914,12.522473,26.5,2.344086,False
2020-07-18,24.3,13.9,22.33086,12.493871,26.6,1.96914,False
2020-07-19,24.1,13.0,22.294839,12.466344,26.6,1.805161,False
2020-07-20,24.9,11.5,22.279462,12.438172,26.6,2.620538,False
2020-07-21,25.9,10.7,22.264839,12.427097,26.6,3.635161,False
2020-07-22,26.3,11.5,22.28172,12.426344,26.7,4.01828,False
2020-07-23,26.5,12.7,22.354086,12.443333,26.7,4.145914,False
2020-07-24,25.7,13.2,22.424301,12.463763,26.8,3.275699,False
2020-07-25,27.6,13.7,22.480323,12.502151,26.8,5.119677,False
2020-07-26,21.0,14.7,22.515591,12.528817,26.81,-1.515591,False
2020-07-27,26.9,14.3,22.549462,12.511183,26.9,4.350538,False
2020-07-28,28.0,15.5,22.616774,12.515806,27.1,5.383226,False
2020-07-29,20.3,13.8,22.701398,12.546882,27.2,-2.401398,False
2020-07-30,16.9,12.3,22.746774,12.561613,27.2,-5.846774,False
2020-07-31,20.7,13.0,22.772796,12.587527,27.2,-2.072796,False
2020-08-01,22.4,13.5,22.801935,12.60172,27.3,-0.401935,False
2020-08-02,23.3,12.2,22.830215,12.629032,27.4,0.469785,False
2020-08-03,22.6,11.2,22.88,12.655806,27.4,-0.28,False
2020-08-04,23.1,10.7,22.95129,12.705806,27.5,0.14871,False
2020-08-05,23.8,11.2,22.971505,12.739247,27.5,0.828495,False
2020-08-06,24.1,11.3,22.947849,12.745591,27.5,1.152151,False
2020-08-07,24.9,10.6,22.968817,12.738925,27.5,1.931183,False
2020-08-08,25.4,10.8,23.046882,12.767634,27.6,2.353118,False
2020-08-09,25.4,13.3,23.137312,12.819785,27.8,2.262688,False
2020-08-10,26.8,12.4,23.244409,12.855806,27.9,3.555591,False
2020-08-11,27.2,11.8,23.333333,12.903871,28.0,3.866667,False
2020-08-12,27.6,13.4,23.405914,12.954086,28.01,4.194086,False
2020-08-13,28.8,16.2,23.461935,12.986882,28.2,5.338065,False
2020-08-14,28.9,17.3,23.527312,13.022581,28.31,5.372688,False
2020-08-15,26.4,17.9,23.640968,13.068387,28.5,2.759032,False
2020-08-16,19.9,16.0,23.752581,13.127527,28.7,-3.852581,False
2020-08-17,19.6,15.6,23.82,13.195484,28.71,-4.22,False
2020-08-18,19.2,16.1,23.902903,13.256344,28.8,-4.702903,False
2020-08-19,26.2,15.8,23.995806,13.303118,28.9,2.204194,False
2020-08-20,16.2,12.2,24.038172,13.361505,29.0,-7.838172,False
2020-08-21,12.2,8.7,24.101183,13.41172,29.2,-11.901183,False
2020-08-22,14.0,8.6,24.106989,13.44086,29.2,-10.106989,False
2020-08-23,18.5,9.1,24.127312,13.480215,29.3,-5.627312,False
2020-08-24,19.6,8.9,24.175376,13.522473,29.5,-4.575376,False
2020-08-25,19.9,9.0,24.221935,13.56,29.6,-4.321935,False
2020-08-26,22.5,8.2,24.314516,13.61086,29.8,-1.814516,False
2020-08-27,26.2,11.1,24.415054,13.7,29.9,1.784946,False
2020-08-28,28.5,13.3,24.475914,13.783548,30.0,4.024086,False
2020-08-29,28.8,14.4,24.518817,13.855376,30.0,4.281183,False
2020-08-30,30.0,15.1,24.574731,13.955699,30.1,5.425269,False
2020-08-31,24.5,16.0,24.640538,14.036989,30.21,-0.140538,False
2020-09-01,21.5,16.8,24.68086,14.095484,30.3,-3.18086,False
2020-09-02,25.1,15.9,24.719785,14.148925,30.4,0.380215,False
2020-09-03,28.9,16.0,24.775484,14.20828,30.5,4.124516,False
2020-09-04,30.5,15.5,24.854409,14.262796,30.51,5.645591,False
2020-09-05,29.5,15.7,24.895699,14.339247,30.6,4.604301,False
2020-09-06,30.0,15.1,24.944301,14.414516,30.6,5.055699,False
2020-09-07,28.5,16.0,24.977849,14.482258,30.7,3.522151,False
2020-09-08,27.7,16.2,25.005054,14.52914,30.9,2.694946,False
2020-09-09,29.0,16.3,25.019785,14.57129,31.0,3.980215,False
2020-09-10,33.2,17.5,24.934839,14.609677,31.0,8.265161,False
2020-09-11,32.4,16.5,24.859677,14.626022,31.02,7.540323,False
2020-09-12,33.5,20.3,24.823548,14.645376,31.2,8.676452,False
2020-09-13,32.5,17.5,24.820538,14.699032,31.2,7.679462,False
2020-09-14,32.1,17.8,24.802796,14.749247,31.2,7.297204,False
2020-09-15,22.1,15.5,24.752366,14.797312,31.02,-2.652366,False
2020-09-16,30.7,15.7,24.737312,14.860323,31.2,5.962688,False
2020-09-17,31.4,18.2,24.741828,14.92,31.2,6.658172,False
2020-09-18,28.3,16.7,24.714301,14.986129,31.21,3.585699,False
2020-09-19,30.6,18.3,24.716774,15.038387,31.3,5.883226,False
2020-09-20,22.3,15.4,24.788172,15.091505,31.3,-2.488172,False
2020-09-21,17.4,13.5,24.827419,15.151075,31.3,-7.427419,False
2020-09-22,16.4,13.3,24.835591,15.19828,31.3,-8.435591,False
2020-09-23,21.9,14.0,24.798387,15.232043,31.3,-2.898387,False
2020-09-24,26.0,15.6,24.797097,15.267527,31.3,1.202903,False
2020-09-25,28.7,14.8,24.824194,15.315376,31.31,3.875806,False
2020-09-26,31.9,16.0,24.846452,15.355161,31.3,7.053548,False
2020-09-27,33.6,18.6,24.897634,15.412258,31.3,8.702366,False
2020-09-28,28.9,20.7,24.979677,15.486129,31.41,3.920323,False
2020-09-29,26.8,17.8,25.014839,15.565914,31.5,1.785161,False
2020-09-30,35.7,18.5,25.033441,15.606452,31.5,10.666559,False
2020-10-01,36.2,20.6,25.091505,15.657527,31.5,11.108495,False
2020-10-02,36.9,23.1,25.141075,15.734946,31.5,11.758925,False
2020-10-03,27.3,20.0,25.175699,15.801505,31.5,2.124301,False
2020-10-04,24.0,18.9,25.174624,15.844516,31.5,-1.174624,False
2020-10-05,34.9,18.6,25.143656,15.885054,31.5,9.756344,False
2020-10-06,35.3,19.8,25.165484,15.903333,31.5,10.134516,False
2020-10-07,36.6,18.7,25.190108,15.936882,31.5,11.409892,False
2020-10-08,28.1,18.8,25.222688,15.990538,31.41,2.877312,False
2020-10-09,22.0,17.7,25.225806,16.048602,31.3,-3.225806,False
2020-10-10,23.0,14.4,25.251505,16.115054,31.2,-2.251505,False
2020-10-11,23.4,11.7,25.376667,16.212688,31.2,-1.976667,False
2020-10-12,27.4,12.9,25.495591,16.319892,31.11,1.904409,False
2020-10-13,31.5,14.6,25.567312,16.388602,31.11,5.932688,False
2020-10-14,31.5,17.7,25.623763,16.416774,31.3,5.876237,False
2020-10-15,20.1,16.4,25.66086,16.466882,31.4,-5.56086,False
2020-10-16,18.9,14.7,25.707634,16.507849,31.41,-6.807634,False
2020-10-17,20.8,13.8,25.687527,16.531828,31.4,-4.887527,False
2020-10-18,25.1,15.0,25.673763,16.537312,31.3,-0.573763,False
2020-10-19,27.1,17.8,25.72871,16.549677,31.3,1.37129,False
2020-10-20,26.8,17.6,25.749892,16.588602,31.4,1.050108,False
2020-10-21,25.1,17.2,25.72914,16.621613,31.31,-0.62914,False
2020-10-22,25.4,16.7,25.715914,16.64914,31.2,-0.315914,False
2020-10-23,27.5,16.1,25.755269,16.684409,31.11,1.744731,False
2020-10-24,25.7,17.5,25.814946,16.726452,31.1,-0.114946,False
2020-10-25,24.4,17.5,25.859355,16.773011,31.1,-1.459355,False
2020-10-26,26.3,16.2,25.880108,16.818817,31.1,0.419892,False
2020-10-27,30.8,17.2,25.887634,16.866667,31.0,4.912366,False
2020-10-28,31.8,17.6,25.837634,16.896129,30.8,5.962366,False
2020-10-29,30.8,16.8,25.750753,16.91086,30.7,5.049247,False
2020-10-30,18.6,15.5,25.677742,16.892473,30.51,-7.077742,False
2020-10-31,17.9,15.0,25.670108,16.898387,30.5,-7.770108,False
2020-11-01,17.3,13.0,25.634086,16.915699,30.4,-8.334086,False
2020-11-02,19.8,11.6,25.627742,16.922903,30.4,-5.827742,False
2020-11-03,21.3,11.6,25.630215,16.926882,30.4,-4.330215,False
2020-11-04,22.9,11.7,25.616344,16.934409,30.3,-2.716344,False
2020-11-05,20.6,13.7,25.603763,16.934839,30.3,-5.003763,False
2020-11-06,23.5,12.2,25.607634,16.944839,30.3,-2.107634,False
2020-11-07,27.7,13.3,25.626237,16.966237,30.2,2.073763,False
2020-11-08,29.3,13.7,25.649247,16.985269,30.2,3.650753,False
2020-11-09,28.9,15.9,25.685591,17.007097,30.2,3.214409,False
2020-11-10,26.9,18.4,25.71957,17.032366,30.21,1.18043,False
2020-11-11,27.7,18.3,25.716237,17.045914,30.3,1.983763,False
2020-11-12,26.5,18.2,25.720538,17.058172,30.3,0.779462,False
2020-11-13,28.3,18.1,25.720753,17.088602,30.2,2.579247,False
2020-11-14,28.2,18.1,25.73043,17.12957,30.1,2.46957,False
2020-11-15,30.9,19.1,25.737419,17.166344,30.1,5.162581,False
2020-11-16,28.1,20.7,25.745269,17.201505,30.0,2.354731,False
2020-11-17,25.6,18.7,25.786667,17.228387,30.0,-0.186667,False
2020-11-18,20.2,15.5,25.839462,17.266667,30.0,-5.639462,False
2020-11-19,19.1,14.6,25.871935,17.308925,30.0,-6.771935,False
2020-11-20,21.4,13.3,25.932796,17.360323,30.0,-4.532796,False
2020-11-21,24.8,13.3,25.993548,17.40828,30.0,-1.193548,False
2020-11-22,24.6,14.6,26.050215,17.466344,30.0,-1.450215,False
2020-11-23,25.6,15.4,26.117849,17.528172,30.0,-0.517849,False
2020-11-24,28.0,17.0,26.136559,17.576452,30.0,1.863441,False
2020-11-25,30.1,17.1,26.129892,17.622043,30.0,3.970108,False
2020-11-26,30.3,19.5,26.107742,17.654624,29.91,4.192258,False
2020-11-27,29.3,18.4,26.09828,17.692796,29.9,3.20172,False
2020-11-28,30.4,18.2,26.13086,17.722258,29.91,4.26914,True
2020-11-29,30.5,19.1,26.172151,17.751075,30.0,4.327849,True
2020-11-30,31.5,19.8,26.24,17.802043,30.0,5.26,True
2020-12-01,27.6,19.5,26.28828,17.847957,30.0,1.31172,False
2020-12-02,27.8,19.3,26.322366,17.873978,30.0,1.477634,False
2020-12-03,29.6,20.3,26.360108,17.909355,30.0,3.239892,False
2020-12-04,29.2,19.5,26.427742,17.956344,30.01,2.772258,False
2020-12-05,24.6,19.1,26.546452,18.029355,30.11,-1.946452,False
2020-12-06,23.0,18.1,26.637527,18.111398,30.2,-3.637527,False
2020-12-07,23.9,19.0,26.695484,18.199032,30.21,-2.795484,False
2020-12-08,27.3,19.0,26.724409,18.264624,30.3,0.575591,False
2020-12-09,26.5,18.1,26.754194,18.327849,30.3,-0.254194,False
2020-12-10,26.4,17.3,26.750645,18.37172,30.3,-0.350645,False
2020-12-11,26.3,18.6,26.762581,18.403978,30.3,-0.462581,False
2020-12-12,25.8,18.7,26.795591,18.427849,30.31,-0.995591,False
2020-12-13,27.5,19.6,26.823441,18.45871,30.4,0.676559,False
2020-12-14,29.2,19.9,26.881935,18.501828,30.4,2.318065,False
2020-12-15,28.8,20.2,26.924301,18.560753,30.4,1.875699,False
2020-12-16,28.9,18.3,26.989677,18.615699,30.41,1.910323,False
2020-12-17,29.2,19.2,27.032796,18.670323,30.51,2.167204,False
2020-12-18,29.2,19.1,27.041613,18.720108,30.6,2.158387,False
2020-12-19,31.5,19.7,27.025914,18.766774,30.6,4.474086,False
2020-12-20,31.4,20.6,26.996989,18.800645,30.6,4.403011,False
2020-12-21,30.3,20.5,26.976452,18.82,30.6,3.323548,False
2020-12-22,23.6,18.3,26.997097,18.851935,30.6,-3.397097,False
2020-12-23,23.8,17.5,27.04,18.875806,30.6,-3.24,False
2020-12-24,23.8,18.0,27.054839,18.90086,30.61,-3.254839,False
2020-12-25,23.5,16.2,27.098817,18.942581,30.7,-3.598817,False
2020-12-26,25.4,16.2,27.152258,18.978602,30.7,-1.752258,False
2020-12-27,25.0,18.1,27.207527,19.008172,30.8,-2.207527,False
2020-12-28,25.7,18.3,27.237527,19.04043,30.8,-1.537527,False
2020-12-29,27.9,19.4,27.261935,19.073333,30.8,0.638065,False
2020-12-30,29.9,19.4,27.311075,19.110968,30.8,2.588925,False
2020-12-31,26.4,20.3,27.334731,19.142258,30.8,-0.934731,False
2021-01-01,26.2,19.1,27.338387,19.167419,30.9,-1.138387,False
2021-01-02,23.6,19.3,27.340538,19.185054,30.9,-3.740538,False
2021-01-03,25.7,17.7,27.354624,19.203441,30.9,-1.654624,False
2021-01-04,27.7,17.8,27.350215,19.227957,30.9,0.349785,False
2021-01-05,29.7,18.8,27.312796,19.225376,30.9,2.387204,False
2021-01-06,29.8,21.6,27.293226,19.226882,31.0,2.506774,False
2021-01-07,29.9,21.3,27.285054,19.226667,31.0,2.614946,False
2021-01-08,26.1,20.8,27.302903,19.234409,31.0,-1.202903,False
2021-01-09,27.8,21.1,27.328817,19.23129,30.91,0.471183,False
2021-01-10,27.6,21.1,27.376667,19.254409,31.0,0.223333,False
2021-01-11,29.3,21.3,27.375269,19.269247,31.0,1.924731,False
2021-01-12,28.4,21.7,27.344409,19.275054,31.1,1.055591,False
2021-01-13,27.2,21.9,27.355161,19.282796,31.1,-0.155161,False
2021-01-14,27.4,20.9,27.354086,19.301613,31.1,0.045914,False
2021-01-15,25.8,20.2,27.353871,19.31172,31.1,-1.553871,False
2021-01-16,26.9,19.4,27.369032,19.312903,31.1,-0.469032,False
2021-01-17,28.6,21.8,27.416667,19.311828,31.11,1.183333,False
2021-01-18,29.4,21.4,27.477419,19.331398,31.2,1.922581,False
2021-01-19,26.8,21.4,27.527527,19.345376,31.2,-0.727527,False
2021-01-20,29.8,20.5,27.573118,19.353656,31.2,2.226882,False
2021-01-21,29.3,20.0,27.628925,19.361828,31.31,1.671075,False
2021-01-22,29.6,20.0,27.633011,19.367742,31.4,1.966989,False
2021-01-23,29.1,20.2,27.62172,19.371075,31.4,1.47828,False
2021-01-24,28.2,19.5,27.634086,19.370215,31.4,0.565914,False
2021-01-25,29.7,19.2,27.642581,19.370753,31.4,2.057419,False
2021-01-26,30.2,19.5,27.641613,19.374516,31.4,2.558387,False
2021-01-27,30.8,20.2,27.653441,19.374731,31.5,3.146559,False
2021-01-28,30.5,20.4,27.671075,19.367742,31.51,2.828925,False
2021-01-29,29.7,20.3,27.667849,19.353548,31.6,2.032151,False
2021-01-30,32.0,19.9,27.652796,19.334086,31.6,4.347204,False
2021-01-31,30.9,21.3,27.644086,19.330108,31.6,3.255914,False
2021-02-01,28.8,20.8,27.641613,19.327957,31.6,1.158387,False
2021-02-02,31.1,20.3,27.67129,19.339462,31.6,3.42871,False
2021-02-03,30.8,18.9,27.695591,19.344301,31.6,3.104409,False
2021-02-04,30.7,21.5,27.721075,19.352581,31.6,2.978925,False
2021-02-05,26.1,20.2,27.750538,19.368065,31.51,-1.650538,False
2021-02-06,26.2,18.6,27.777312,19.373333,31.5,-1.577312,False
2021-02-07,24.8,17.0,27.810323,19.377849,31.5,-3.010323,False
2021-02-08,25.0,16.5,27.844194,19.386452,31.5,-2.844194,False
2021-02-09,25.9,15.9,27.850538,19.407312,31.5,-1.950538,False
2021-02-10,26.4,17.3,27.833871,19.404301,31.5,-1.433871,False
2021-02-11,25.0,18.0,27.851613,19.402796,31.5,-2.851613,False
2021-02-12,26.0,17.6,27.891613,19.405269,31.5,-1.891613,False
2021-02-13,23.0,19.7,27.88086,19.410968,31.4,-4.88086,False
2021-02-14,27.5,18.2,27.863656,19.394301,31.4,-0.363656,False
2021-02-15,27.9,19.3,27.848172,19.381183,31.4,0.051828,False
2021-02-16,29.2,18.6,27.805914,19.360323,31.31,1.394086,False
2021-02-17,27.9,19.6,27.762043,19.338172,31.3,0.137957,False
2021-02-18,29.3,18.7,27.730645,19.31086,31.21,1.569355,False
2021-02-19,29.7,17.9,27.720968,19.283978,31.2,1.979032,False
2021-02-20,28.5,18.2,27.719892,19.27,31.2,0.780108,False
2021-02-21,27.6,18.7,27.700323,19.262043,31.1,-0.100323,False
2021-02-22,27.6,19.2,27.728602,19.250538,31.0,-0.128602,False
2021-02-23,31.0,17.2,27.751505,19.249892,31.0,3.248495,False
2021-02-24,29.7,19.3,27.726667,19.254086,31.0,1.973333,False
2021-02-25,23.9,19.4,27.708817,19.241505,30.9,-3.808817,False
2021-02-26,23.8,18.5,27.682903,19.217849,30.9,-3.882903,False
2021-02-27,24.6,18.6,27.656022,19.202473,30.81,-3.056022,False
2021-02-28,26.5,19.2,27.641183,19.191075,30.8,-1.141183,False
2021-03-01,28.1,19.4,27.627419,19.188065,30.71,0.472581,False
2021-03-02,29.1,19.4,27.589677,19.176989,30.7,1.510323,False
2021-03-03,29.2,19.9,27.575376,19.142473,30.7,1.624624,False
2021-03-04,28.6,19.4,27.555054,19.121828,30.6,1.044946,False
2021-03-05,24.2,20.0,27.523978,19.096667,30.6,-3.323978,False
2021-03-06,24.3,19.6,27.455914,19.074516,30.6,-3.155914,False
2021-03-07,24.5,19.6,27.376022,19.038387,30.51,-2.876022,False
2021-03-08,26.8,18.0,27.317527,18.989785,30.5,-0.517527,False
2021-03-09,28.4,17.6,27.270968,18.96129,30.5,1.129032,False
2021-03-10,27.4,15.9,27.22,18.924194,30.41,0.18,False
2021-03-11,28.4,18.3,27.17086,18.869785,30.4,1.22914,False
2021-03-12,30.0,18.7,27.128065,18.820215,30.4,2.871935,False
2021-03-13,29.4,19.9,27.095054,18.770753,30.4,2.304946,False
2021-03-14,29.1,19.0,27.05043,18.736882,30.3,2.04957,False
2021-03-15,29.0,18.5,27.001828,18.709677,30.3,1.998172,False
2021-03-16,29.0,18.7,26.976989,18.677957,30.21,2.023011,False
2021-03-17,30.0,18.7,26.966989,18.656022,30.2,3.033011,False
2021-03-18,25.4,20.3,26.934624,18.630108,30.1,-1.534624,False
2021-03-19,27.1,19.8,26.905806,18.602043,30.1,0.194194,False
2021-03-20,28.7,19.9,26.870108,18.565699,30.01,1.829892,False
2021-03-21,29.9,19.2,26.830968,18.526452,30.0,3.069032,False
2021-03-22,29.6,19.5,26.787849,18.489677,30.0,2.812151,False
2021-03-23,30.0,18.6,26.734516,18.456989,29.9,3.265484,False
2021-03-24,29.3,20.0,26.667312,18.415699,29.8,2.632688,False
2021-03-25,29.1,19.6,26.577957,18.367312,29.7,2.522043,False
2021-03-26,30.3,19.9,26.503441,18.309462,29.7,3.796559,True
2021-03-27,31.7,19.5,26.492796,18.249355,29.6,5.207204,True
2021-03-28,30.7,19.5,26.471828,18.197527,29.6,4.228172,True
2021-03-29,30.8,19.0,26.426452,18.152043,29.6,4.373548,True
2021-03-30,28.3,19.4,26.373011,18.1,29.5,1.926989,False
2021-03-31,24.2,17.3,26.34172,18.044409,29.5,-2.14172,False
2021-04-01,24.7,14.3,26.322151,17.995914,29.5,-1.622151,False
2021-04-02,24.6,16.1,26.296344,17.935699,29.5,-1.696344,False
2021-04-03,25.5,14.7,26.247634,17.869355,29.5,-0.747634,False
2021-04-04,24.7,16.0,26.216237,17.789892,29.5,-1.516237,False
2021-04-05,25.5,16.5,26.164516,17.720645,29.41,-0.664516,False
2021-04-06,23.3,16.9,26.153656,17.66,29.41,-2.853656,False
2021-04-07,24.1,16.8,26.139677,17.62,29.5,-2.039677,False
2021-04-08,25.3,16.1,26.12043,17.586344,29.41,-0.82043,False
2021-04-09,26.7,15.6,26.103011,17.535914,29.4,0.596989,False
2021-04-10,27.8,15.2,26.077634,17.497204,29.4,1.722366,False
2021-04-11,28.9,14.6,26.026022,17.463548,29.3,2.873978,False
2021-04-12,28.3,16.1,25.948495,17.391075,29.21,2.351505,False
2021-04-13,21.0,17.4,25.862688,17.32043,29.2,-4.862688,False
2021-04-14,23.6,15.1,25.808495,17.241613,29.2,-2.208495,False
2021-04-15,24.6,15.6,25.761828,17.154946,29.1,-1.161828,False
2021-04-16,26.3,15.9,25.696452,17.057849,29.1,0.603548,False
2021-04-17,26.0,16.8,25.624301,16.967849,29.1,0.375699,False
2021-04-18,24.0,16.6,25.565591,16.880753,29.1,-1.565591,False
2021-04-19,21.8,16.1,25.519677,16.794301,29.0,-3.719677,False
2021-04-20,21.4,15.6,25.465054,16.719247,29.0,-4.065054,False
2021-04-21,22.0,14.3,25.37871,16.643978,28.9,-3.37871,False
2021-04-22,20.6,14.7,25.277097,16.558925,28.8,-4.677097,False
2021-04-23,24.2,13.5,25.186667,16.457097,28.71,-0.986667,False
2021-04-24,25.4,14.9,25.101398,16.338817,28.7,0.298602,False
2021-04-25,27.2,15.3,25.012043,16.232903,28.7,2.187957,False
2021-04-26,24.6,17.1,24.940753,16.149247,28.6,-0.340753,False
2021-04-27,22.4,17.5,24.829355,16.064194,28.4,-2.429355,False
2021-04-28,23.5,14.6,24.710538,15.975914,28.4,-1.210538,False
2021-04-29,21.7,13.6,24.60914,15.897204,28.4,-2.90914,False
2021-04-30,22.3,14.4,24.513871,15.806022,28.3,-2.213871,False
2021-05-01,23.4,13.0,24.41172,15.718925,28.2,-1.01172,False
2021-05-02,25.0,14.1,24.300968,15.619892,28.11,0.699032,False
2021-05-03,26.3,13.8,24.222473,15.538065,28.1,2.077527,False
2021-05-04,27.2,14.5,24.116559,15.483011,28.0,3.083441,False
2021-05-05,27.8,12.2,24.011828,15.415484,27.9,3.788172,False
2021-05-06,28.5,15.6,23.938495,15.341183,27.8,4.561505,False
2021-05-07,20.4,15.4,23.864946,15.268925,27.71,-3.464946,False
2021-05-08,20.9,13.8,23.758817,15.169785,27.7,-2.858817,False
2021-05-09,22.7,14.4,23.60828,15.056882,27.5,-0.90828,False
2021-05-10,24.3,14.7,23.468925,14.948925,27.4,0.831075,False
2021-05-11,25.8,13.8,23.370323,14.85172,27.2,2.429677,False
2021-05-12,21.6,14.6,23.277204,14.754731,27.2,-1.677204,False
2021-05-13,18.7,13.5,23.200645,14.68828,27.0,-4.500645,False
2021-05-14,21.3,12.8,23.134839,14.621398,26.9,-1.834839,False
2021-05-15,21.2,14.5,23.051183,14.545484,26.8,-1.851183,False
2021-05-16,22.8,15.4,22.958925,14.475591,26.8,-0.158925,False
2021-05-17,23.3,13.9,22.863011,14.408172,26.7,0.436989,False
2021-05-18,21.3,14.4,22.759785,14.338602,26.6,-1.459785,False
2021-05-19,23.5,12.7,22.667097,14.269355,26.5,0.832903,False
2021-05-20,25.0,9.9,22.583226,14.201183,26.4,2.416774,False
2021-05-21,26.4,11.9,22.499462,14.149247,26.3,3.900538,False
2021-05-22,18.9,14.5,22.469677,14.096774,26.2,-3.569677,False
2021-05-23,20.2,16.0,22.463978,14.054731,26.2,-2.263978,False
2021-05-24,20.3,11.0,22.435161,14.011935,26.2,-2.135161,False
2021-05-25,23.1,7.6,22.41086,13.980753,26.2,0.68914,False
2021-05-26,24.1,8.0,22.395591,13.961075,26.2,1.704409,False
2021-05-27,25.5,12.3,22.364409,13.920753,26.2,3.135591,False
2021-05-28,27.8,13.2,22.32957,13.86957,26.2,5.47043,False
2021-05-29,26.6,20.6,22.308065,13.807527,26.2,4.291935,False
2021-05-30,21.4,16.3,22.300753,13.74,26.1,-0.900753,False
2021-05-31,21.0,15.5,22.29828,13.689355,26.1,-1.29828,False
2021-06-01,23.4,13.8,22.288925,13.63871,26.0,1.111075,False
2021-06-02,25.5,13.3,22.313441,13.616022,26.0,3.186559,False
2021-06-03,26.3,13.8,22.315914,13.581398,26.0,3.984086,False
2021-06-04,25.7,16.0,22.328817,13.556237,26.0,3.371183,False
2021-06-05,26.1,14.8,22.301505,13.544624,26.0,3.798495,False
2021-06-06,26.0,14.2,22.270968,13.519355,25.9,3.729032,False
2021-06-07,20.6,16.8,22.233011,13.476022,25.9,-1.633011,False
2021-06-08,20.2,15.1,22.250323,13.43828,25.9,-2.050323,False
2021-06-09,23.2,15.7,22.297634,13.427097,25.9,0.902366,False
2021-06-10,21.3,16.5,22.316022,13.423548,26.0,-1.016022,False
2021-06-11,18.1,15.4,22.286559,13.405054,26.0,-4.186559,False
2021-06-12,20.5,12.0,22.291505,13.372043,26.0,-1.791505,False
2021-06-13,19.1,11.5,22.303656,13.335591,26.0,-3.203656,False
2021-06-14,21.1,11.1,22.323226,13.316774,26.0,-1.223226,False
2021-06-15,22.2,11.6,22.342043,13.302473,26.0,-0.142043,False
2021-06-16,19.5,12.9,22.374086,13.286129,26.0,-2.874086,False
2021-06-17,18.8,12.2,22.430215,13.286129,26.1,-3.630215,False
2021-06-18,19.9,11.5,22.475161,13.287097,26.1,-2.575161,False
2021-06-19,21.0,13.8,22.502258,13.279032,26.11,-1.502258,False
2021-06-20,21.1,14.9,22.513118,13.26043,26.11,-1.413118,False
2021-06-21,19.2,12.2,22.544839,13.239032,26.2,-3.344839,False
2021-06-22,18.1,13.2,22.534301,13.201183,26.2,-4.434301,False
2021-06-23,18.7,13.6,22.492903,13.163763,26.2,-3.792903,False
2021-06-24,23.4,11.3,22.483441,13.130538,26.2,0.916559,False
2021-06-25,26.3,14.5,22.455806,13.102258,26.2,3.844194,False
2021-06-26,26.3,13.4,22.419785,13.068602,26.2,3.880215,False
2021-06-27,25.8,15.7,22.372903,13.019032,26.2,3.427097,False
2021-06-28,22.8,11.2,22.35828,12.972473,26.2,0.44172,False
2021-06-29,14.9,10.3,22.34957,12.948925,26.11,-7.44957,False
2021-06-30,14.1,4.8,22.340108,12.921183,26.1,-8.240108,False
2021-07-01,18.3,5.2,22.325054,12.904624,26.11,-4.025054,False
2021-07-02,23.4,8.3,22.317527,12.880968,26.11,1.082473,False
2021-07-03,23.1,10.2,22.273548,12.84957,26.1,0.826452,False
2021-07-04,19.2,11.6,22.229677,12.816344,26.1,-3.029677,False
2021-07-05,20.2,12.5,22.242473,12.76957,26.2,-2.042473,False
2021-07-06,19.0,12.4,22.301398,12.733871,26.21,-3.301398,False
2021-07-07,20.2,10.2,22.320753,12.71914,26.31,-2.120753,False
2021-07-08,22.1,11.6,22.334516,12.702581,26.4,-0.234516,False
2021-07-09,22.2,11.4,22.303978,12.68129,26.4,-0.103978,False
2021-07-10,24.5,11.2,22.277527,12.65914,26.4,2.222473,False
2021-07-11,24.1,9.9,22.27828,12.621935,26.4,1.82172,False
2021-07-12,24.7,10.7,22.299785,12.586774,26.4,2.400215,False
2021-07-13,25.2,11.1,22.317312,12.580108,26.4,2.882688,False
2021-07-14,25.3,11.1,22.341828,12.573763,26.41,2.958172,False
2021-07-15,27.0,12.6,22.332688,12.56043,26.41,4.667312,False
2021-07-16,22.3,13.3,22.336344,12.53828,26.5,-0.036344,False
2021-07-17,23.2,14.8,22.355914,12.522473,26.5,0.844086,False
2021-07-18,22.7,14.2,22.33086,12.493871,26.6,0.36914,False
2021-07-19,18.3,7.2,22.294839,12.466344,26.6,-3.994839,False
2021-07-20,17.1,4.6,22.279462,12.438172,26.6,-5.179462,False
2021-07-21,21.4,7.4,22.264839,12.427097,26.6,-0.864839,False
2021-07-22,22.1,7.0,22.28172,12.426344,26.7,-0.18172,False
2021-07-23,24.7,10.5,22.354086,12.443333,26.7,2.345914,False
2021-07-24,25.6,8.4,22.424301,12.463763,26.8,3.175699,False
2021-07-25,26.1,9.7,22.480323,12.502151,26.8,3.619677,False
2021-07-26,27.0,11.1,22.515591,12.528817,26.81,4.484409,False
2021-07-27,28.0,13.9,22.549462,12.511183,26.9,5.450538,False
2021-07-28,18.8,10.6,22.616774,12.515806,27.1,-3.816774,False
2021-07-29,12.9,4.7,22.701398,12.546882,27.2,-9.801398,False
2021-07-30,13.2,2.2,22.746774,12.561613,27.2,-9.546774,False
2021-07-31,17.4,5.6,22.772796,12.587527,27.2,-5.372796,False
2021-08-01,19.2,8.6,22.801935,12.60172,27.3,-3.601935,False
2021-08-02,22.0,10.0,22.830215,12.629032,27.4,-0.830215,False
2021-08-03,16.9,11.0,22.88,12.655806,27.4,-5.98,False
2021-08-04,18.3,11.1,22.95129,12.705806,27.5,-4.65129,False
2021-08-05,20.2,10.6,22.971505,12.739247,27.5,-2.771505,False
2021-08-06,22.8,12.3,22.947849,12.745591,27.5,-0.147849,False
2021-08-07,22.8,12.8,22.968817,12.738925,27.5,-0.168817,False
2021-08-08,24.3,12.6,23.046882,12.767634,27.6,1.253118,False
2021-08-09,26.3,12.0,23.137312,12.819785,27.8,3.162688,False
2021-08-10,28.1,10.4,23.244409,12.855806,27.9,4.855591,False
2021-08-11,19.4,12.1,23.333333,12.903871,28.0,-3.933333,False
2021-08-12,16.9,13.0,23.405914,12.954086,28.01,-6.505914,False
2021-08-13,16.6,13.3,23.461935,12.986882,28.2,-6.861935,False
2021-08-14,21.2,13.1,23.527312,13.022581,28.31,-2.327312,False
2021-08-15,26.3,13.7,23.640968,13.068387,28.5,2.659032,False
2021-08-16,22.8,15.0,23.752581,13.127527,28.7,-0.952581,False
2021-08-17,29.4,12.5,23.82,13.195484,28.71,5.58,False
2021-08-18,30.7,15.1,23.902903,13.256344,28.8,6.797097,False
2021-08-19,30.5,14.4,23.995806,13.303118,28.9,6.504194,False
2021-08-20,29.6,15.8,24.038172,13.361505,29.0,5.561828,False
2021-08-21,29.1,13.4,24.101183,13.41172,29.2,4.998817,False
2021-08-22,29.3,16.0,24.106989,13.44086,29.2,5.193011,False
2021-08-23,31.1,14.5,24.127312,13.480215,29.3,6.972688,False
2021-08-24,31.6,16.0,24.175376,13.522473,29.5,7.424624,False
2021-08-25,31.7,16.7,24.221935,13.56,29.6,7.478065,False
2021-08-26,31.4,18.4,24.314516,13.61086,29.8,7.085484,False
2021-08-27,18.7,15.5,24.415054,13.7,29.9,-5.715054,False
2021-08-28,16.9,14.6,24.475914,13.783548,30.0,-7.575914,False
2021-08-29,19.2,14.8,24.518817,13.855376,30.0,-5.318817,False
2021-08-30,21.9,14.8,24.574731,13.955699,30.1,-2.674731,False
2021-08-31,22.5,14.4,24.640538,14.036989,30.21,-2.140538,False
2021-09-01,24.5,13.6,24.68086,14.095484,30.3,-0.18086,False
2021-09-02,27.5,12.8,24.719785,14.148925,30.4,2.780215,False
2021-09-03,28.7,15.2,24.775484,14.20828,30.5,3.924516,False
2021-09-04,28.8,14.7,24.854409,14.262796,30.51,3.945591,False
2021-09-05,28.9,15.0,24.895699,14.339247,30.6,4.004301,False
2021-09-06,25.7,16.1,24.944301,14.414516,30.6,0.755699,False
2021-09-07,26.3,16.3,24.977849,14.482258,30.7,1.322151,False
2021-09-08,33.1,16.8,25.005054,14.52914,30.9,8.094946,False
2021-09-09,27.7,18.8,25.019785,14.57129,31.0,2.680215,False
2021-09-10,24.3,18.5,24.934839,14.609677,31.0,-0.634839,False
2021-09-11,25.6,16.7,24.859677,14.626022,31.02,0.740323,False
2021-09-12,30.2,16.0,24.823548,14.645376,31.2,5.376452,False
2021-09-13,33.0,17.8,24.820538,14.699032,31.2,8.179462,False
2021-09-14,31.7,21.0,24.802796,14.749247,31.2,6.897204,False
2021-09-15,22.8,17.8,24.752366,14.797312,31.02,-1.952366,False
2021-09-16,19.5,16.1,24.737312,14.860323,31.2,-5.237312,False
2021-09-17,23.2,15.4,24.741828,14.92,31.2,-1.541828,False
2021-09-18,30.6,16.5,24.714301,14.986129,31.21,5.885699,False
2021-09-19,30.2,17.2,24.716774,15.038387,31.3,5.483226,False
2021-09-20,34.2,17.7,24.788172,15.091505,31.3,9.411828,False
2021-09-21,32.9,16.5,24.827419,15.151075,31.3,8.072581,False
2021-09-22,17.2,12.7,24.835591,15.19828,31.3,-7.635591,False
2021-09-23,20.6,11.6,24.798387,15.232043,31.3,-4.198387,False
2021-09-24,27.7,11.9,24.797097,15.267527,31.3,2.902903,False
2021-09-25,23.6,13.9,24.824194,15.315376,31.31,-1.224194,False
2021-09-26,29.0,15.6,24.846452,15.355161,31.3,4.153548,False
2021-09-27,28.9,15.0,24.897634,15.412258,31.3,4.002366,False
2021-09-28,32.0,15.5,24.979677,15.486129,31.41,7.020323,False
2021-09-29,29.0,17.6,25.014839,15.565914,31.5,3.985161,False
2021-09-30,25.5,15.6,25.033441,15.606452,31.5,0.466559,False
2021-10-01,29.2,16.4,25.091505,15.657527,31.5,4.108495,False
2021-10-02,25.2,16.5,25.141075,15.734946,31.5,0.058925,False
2021-10-03,27.1,17.0,25.175699,15.801505,31.5,1.924301,False
2021-10-04,25.1,17.0,25.174624,15.844516,31.5,-0.074624,False
2021-10-05,19.5,16.1,25.143656,15.885054,31.5,-5.643656,False
2021-10-06,29.5,15.7,25.165484,15.903333,31.5,4.334516,False
2021-10-07,21.3,15.5,25.190108,15.936882,31.5,-3.890108,False
2021-10-08,21.9,14.4,25.222688,15.990538,31.41,-3.322688,False
2021-10-09,19.6,14.8,25.225806,16.048602,31.3,-5.625806,False
2021-10-10,18.3,14.9,25.251505,16.115054,31.2,-6.951505,False
2021-10-11,20.4,15.7,25.376667,16.212688,31.2,-4.976667,False
2021-10-12,24.4,15.0,25.495591,16.319892,31.11,-1.095591,False
2021-10-13,26.5,16.3,25.567312,16.388602,31.11,0.932688,False
2021-10-14,28.0,16.9,25.623763,16.416774,31.3,2.376237,False
2021-10-15,29.4,18.1,25.66086,16.466882,31.4,3.73914,False
2021-10-16,26.2,17.3,25.707634,16.507849,31.41,0.492366,False
2021-10-17,18.8,16.5,25.687527,16.531828,31.4,-6.887527,False
2021-10-18,16.8,15.3,25.673763,16.537312,31.3,-8.873763,False
2021-10-19,16.7,12.6,25.72871,16.549677,31.3,-9.02871,False
2021-10-20,17.0,12.0,25.749892,16.588602,31.4,-8.749892,False
2021-10-21,21.2,12.3,25.72914,16.621613,31.31,-4.52914,False
2021-10-22,25.9,13.6,25.715914,16.64914,31.2,0.184086,False
2021-10-23,30.6,14.5,25.755269,16.684409,31.11,4.844731,False
2021-10-24,25.3,15.8,25.814946,16.726452,31.1,-0.514946,False
2021-10-25,20.9,14.6,25.859355,16.773011,31.1,-4.959355,False
2021-10-26,25.0,16.4,25.880108,16.818817,31.1,-0.880108,False
2021-10-27,22.9,17.0,25.887634,16.866667,31.0,-2.987634,False
2021-10-28,23.9,18.2,25.837634,16.896129,30.8,-1.937634,False
2021-10-29,23.8,16.4,25.750753,16.91086,30.7,-1.950753,False
2021-10-30,24.6,17.1,25.677742,16.892473,30.51,-1.077742,False
2021-10-31,20.7,17.2,25.670108,16.898387,30.5,-4.970108,False
2021-11-01,22.5,16.9,25.634086,16.915699,30.4,-3.134086,False
2021-11-02,23.7,16.9,25.627742,16.922903,30.4,-1.927742,False
2021-11-03,26.1,16.8,25.630215,16.926882,30.4,0.469785,False
2021-11-04,28.0,16.2,25.616344,16.934409,30.3,2.383656,False
2021-11-05,27.3,16.8,25.603763,16.934839,30.3,1.696237,False
2021-11-06,27.7,14.3,25.607634,16.944839,30.3,2.092366,False
2021-11-07,26.5,15.7,25.626237,16.966237,30.2,0.873763,False
2021-11-08,25.9,15.2,25.649247,16.985269,30.2,0.250753,False
2021-11-09,22.0,16.8,25.685591,17.007097,30.2,-3.685591,False
2021-11-10,24.0,16.4,25.71957,17.032366,30.21,-1.71957,False
2021-11-11,17.6,15.0,25.716237,17.045914,30.3,-8.116237,False
2021-11-12,18.9,13.9,25.720538,17.058172,30.3,-6.820538,False
2021-11-13,20.8,11.3,25.720753,17.088602,30.2,-4.920753,False
2021-11-14,24.8,13.2,25.73043,17.12957,30.1,-0.93043,False
2021-11-15,26.5,13.7,25.737419,17.166344,30.1,0.762581,False
2021-11-16,28.5,15.1,25.745269,17.201505,30.0,2.754731,False
2021-11-17,30.7,16.8,25.786667,17.228387,30.0,4.913333,False
2021-11-18,24.6,19.9,25.839462,17.266667,30.0,-1.239462,False
2021-11-19,22.6,18.3,25.871935,17.308925,30.0,-3.271935,False
2021-11-20,21.4,15.8,25.932796,17.360323,30.0,-4.532796,False
2021-11-21,22.4,13.2,25.993548,17.40828,30.0,-3.593548,False
2021-11-22,28.7,13.7,26.050215,17.466344,30.0,2.649785,False
2021-11-23,32.5,13.5,26.117849,17.528172,30.0,6.382151,False
2021-11-24,25.9,18.1,26.136559,17.576452,30.0,-0.236559,False
2021-11-25,30.6,17.3,26.129892,17.622043,30.0,4.470108,False
2021-11-26,23.4,20.0,26.107742,17.654624,29.91,-2.707742,False
2021-11-27,29.3,19.2,26.09828,17.692796,29.9,3.20172,False
2021-11-28,29.5,17.5,26.13086,17.722258,29.91,3.36914,False
2021-11-29,32.3,19.2,26.172151,17.751075,30.0,6.127849,False
2021-11-30,28.1,20.3,26.24,17.802043,30.0,1.86,False
2021-12-01,27.8,19.0,26.28828,17.847957,30.0,1.51172,False
2021-12-02,27.0,17.7,26.322366,17.873978,30.0,0.677634,False
2021-12-03,23.8,17.2,26.360108,17.909355,30.0,-2.560108,False
2021-12-04,26.1,16.4,26.427742,17.956344,30.01,-0.327742,False
2021-12-05,27.9,17.1,26.546452,18.029355,30.11,1.353548,False
2021-12-06,25.0,17.8,26.637527,18.111398,30.2,-1.637527,False
2021-12-07,19.6,15.6,26.695484,18.199032,30.21,-7.095484,False
2021-12-08,20.6,15.0,26.724409,18.264624,30.3,-6.124409,False
2021-12-09,23.1,15.1,26.754194,18.327849,30.3,-3.654194,False
2021-12-10,26.1,13.6,26.750645,18.37172,30.3,-0.650645,False
2021-12-11,30.8,15.2,26.762581,18.403978,30.3,4.037419,False
2021-12-12,30.7,19.3,26.795591,18.427849,30.31,3.904409,False
2021-12-13,27.4,19.6,26.823441,18.45871,30.4,0.576559,False
2021-12-14,26.9,21.0,26.881935,18.501828,30.4,0.018065,False
2021-12-15,26.0,20.9,26.924301,18.560753,30.4,-0.924301,False
2021-12-16,29.4,20.7,26.989677,18.615699,30.41,2.410323,False
2021-12-17,26.2,20.8,27.032796,18.670323,30.51,-0.832796,False
2021-12-18,25.4,18.9,27.041613,18.720108,30.6,-1.641613,False
2021-12-19,23.4,17.2,27.025914,18.766774,30.6,-3.625914,False
2021-12-20,26.3,16.0,26.996989,18.800645,30.6,-0.696989,False
2021-12-21,30.7,17.6,26.976452,18.82,30.6,3.723548,False
2021-12-22,31.6,19.4,26.997097,18.851935,30.6,4.602903,False
2021-12-23,22.0,17.1,27.04,18.875806,30.6,-5.04,False
2021-12-24,22.7,16.3,27.054839,18.90086,30.61,-4.354839,False
2021-12-25,25.5,14.8,27.098817,18.942581,30.7,-1.598817,False
2021-12-26,30.6,15.6,27.152258,18.978602,30.7,3.447742,False
2021-12-27,26.4,18.6,27.207527,19.008172,30.8,-0.807527,False
2021-12-28,26.3,17.4,27.237527,19.04043,30.8,-0.937527,False
2021-12-29,27.4,18.3,27.261935,19.073333,30.8,0.138065,False
2021-12-30,23.3,18.4,27.311075,19.110968,30.8,-4.011075,False
2021-12-31,22.3,18.2,27.334731,19.142258,30.8,-5.034731,False
2022-01-01,25.4,18.5,27.338387,19.167419,30.9,-1.938387,False
2022-01-02,26.4,18.7,27.340538,19.185054,30.9,-0.940538,False
2022-01-03,27.4,20.5,27.354624,19.203441,30.9,0.045376,False
2022-01-04,26.3,20.7,27.350215,19.227957,30.9,-1.050215,False
2022-01-05,27.0,20.6,27.312796,19.225376,30.9,-0.312796,False
2022-01-06,25.4,19.8,27.293226,19.226882,31.0,-1.893226,False
2022-01-07,21.4,18.6,27.285054,19.226667,31.0,-5.885054,False
2022-01-08,21.0,17.3,27.302903,19.234409,31.0,-6.302903,False
2022-01-09,19.7,16.5,27.328817,19.23129,30.91,-7.628817,False
2022-01-10,24.4,16.3,27.376667,19.254409,31.0,-2.976667,False
2022-01-11,24.6,18.6,27.375269,19.269247,31.0,-2.775269,False
2022-01-12,26.4,18.3,27.344409,19.275054,31.1,-0.944409,False
2022-01-13,27.7,19.6,27.355161,19.282796,31.1,0.344839,False
2022-01-14,29.3,20.2,27.354086,19.301613,31.1,1.945914,False
2022-01-15,27.9,21.1,27.353871,19.31172,31.1,0.546129,False
2022-01-16,28.4,19.7,27.369032,19.312903,31.1,1.030968,False
2022-01-17,29.3,19.3,27.416667,19.311828,31.11,1.883333,False
2022-01-18,31.4,19.8,27.477419,19.331398,31.2,3.922581,False
2022-01-19,30.8,18.5,27.527527,19.345376,31.2,3.272473,False
2022-01-20,30.4,18.7,27.573118,19.353656,31.2,2.826882,False
2022-01-21,30.1,19.1,27.628925,19.361828,31.31,2.471075,False
2022-01-22,31.0,18.4,27.633011,19.367742,31.4,3.366989,False
2022-01-23,31.7,20.8,27.62172,19.371075,31.4,4.07828,False
2022-01-24,30.3,21.1,27.634086,19.370215,31.4,2.665914,False
2022-01-25,29.6,20.6,27.642581,19.370753,31.4,1.957419,False
2022-01-26,30.8,21.0,27.641613,19.374516,31.4,3.158387,False
2022-01-27,31.7,21.0,27.653441,19.374731,31.5,4.046559,False
2022-01-28,23.9,19.6,27.671075,19.367742,31.51,-3.771075,False
2022-01-29,22.3,19.1,27.667849,19.353548,31.6,-5.367849,False
2022-01-30,22.4,18.9,27.652796,19.334086,31.6,-5.252796,False
2022-01-31,23.3,19.2,27.644086,19.330108,31.6,-4.344086,False
2022-02-01,26.0,19.9,27.641613,19.327957,31.6,-1.641613,False
2022-02-02,25.3,19.5,27.67129,19.339462,31.6,-2.37129,False
2022-02-03,26.7,19.3,27.695591,19.344301,31.6,-0.995591,False
2022-02-04,26.7,21.0,27.721075,19.352581,31.6,-1.021075,False
2022-02-05,28.4,21.4,27.750538,19.368065,31.51,0.649462,False
2022-02-06,28.6,21.1,27.777312,19.373333,31.5,0.822688,False
2022-02-07,22.4,19.6,27.810323,19.377849,31.5,-5.410323,False
2022-02-08,25.0,18.4,27.844194,19.386452,31.5,-2.844194,False
2022-02-09,25.0,16.3,27.850538,19.407312,31.5,-2.850538,False
2022-02-10,26.9,15.8,27.833871,19.404301,31.5,-0.933871,False
2022-02-11,25.6,17.5,27.851613,19.402796,31.5,-2.251613,False
2022-02-12,26.8,18.5,27.891613,19.405269,31.5,-1.091613,False
2022-02-13,28.9,18.5,27.88086,19.410968,31.4,1.01914,False
2022-02-14,31.3,19.0,27.863656,19.394301,31.4,3.436344,False
2022-02-15,27.5,19.8,27.848172,19.381183,31.4,-0.348172,False
2022-02-16,27.8,18.4,27.805914,19.360323,31.31,-0.005914,False
2022-02-17,27.1,18.1,27.762043,19.338172,31.3,-0.662043,False
2022-02-18,24.8,17.5,27.730645,19.31086,31.21,-2.930645,False
2022-02-19,27.3,14.8,27.720968,19.283978,31.2,-0.420968,False
2022-02-20,29.3,19.3,27.719892,19.27,31.2,1.580108,False
2022-02-21,30.6,18.6,27.700323,19.262043,31.1,2.899677,False
2022-02-22,31.0,19.4,27.728602,19.250538,31.0,3.271398,False
2022-02-23,30.4,18.4,27.751505,19.249892,31.0,2.648495,False
2022-02-24,29.5,18.8,27.726667,19.254086,31.0,1.773333,False
2022-02-25,30.0,19.7,27.708817,19.241505,30.9,2.291183,False
2022-02-26,30.0,18.5,27.682903,19.217849,30.9,2.317097,False
2022-02-27,30.0,18.5,27.656022,19.202473,30.81,2.343978,False
2022-02-28,32.6,20.0,27.641183,19.191075,30.8,4.958817,False
2022-03-01,30.1,20.9,27.627419,19.188065,30.71,2.472581,False
2022-03-02,31.4,18.9,27.589677,19.176989,30.7,3.810323,False
2022-03-03,31.3,19.7,27.575376,19.142473,30.7,3.724624,False
2022-03-04,29.5,20.4,27.555054,19.121828,30.6,1.944946,False
2022-03-05,31.1,19.1,27.523978,19.096667,30.6,3.576022,True
2022-03-06,30.9,20.1,27.455914,19.074516,30.6,3.444086,True
2022-03-07,31.0,19.7,27.376022,19.038387,30.51,3.623978,True
2022-03-08,31.1,20.3,27.317527,18.989785,30.5,3.782473,True
2022-03-09,29.3,20.0,27.270968,18.96129,30.5,2.029032,False
2022-03-10,30.8,19.9,27.22,18.924194,30.41,3.58,False
2022-03-11,26.6,20.8,27.17086,18.869785,30.4,-0.57086,False
2022-03-12,26.3,19.6,27.128065,18.820215,30.4,-0.828065,False
2022-03-13,26.1,19.4,27.095054,18.770753,30.4,-0.995054,False
2022-03-14,25.6,20.3,27.05043,18.736882,30.3,-1.45043,False
2022-03-15,25.8,20.2,27.001828,18.709677,30.3,-1.201828,False
2022-03-16,28.5,20.7,26.976989,18.677957,30.21,1.523011,False
2022-03-17,29.8,20.6,26.966989,18.656022,30.2,2.833011,False
2022-03-18,31.1,21.5,26.934624,18.630108,30.1,4.165376,False
2022-03-19,29.2,21.6,26.905806,18.602043,30.1,2.294194,False
2022-03-20,21.6,17.8,26.870108,18.565699,30.01,-5.270108,False
2022-03-21,22.1,16.4,26.830968,18.526452,30.0,-4.730968,False
2022-03-22,25.0,15.5,26.787849,18.489677,30.0,-1.787849,False
2022-03-23,27.5,16.2,26.734516,18.456989,29.9,0.765484,False
2022-03-24,29.9,18.4,26.667312,18.415699,29.8,3.232688,False
2022-03-25,29.0,21.1,26.577957,18.367312,29.7,2.422043,False
2022-03-26,27.4,20.8,26.503441,18.309462,29.7,0.896559,False
2022-03-27,24.7,20.4,26.492796,18.249355,29.6,-1.792796,False
2022-03-28,25.8,19.8,26.471828,18.197527,29.6,-0.671828,False
2022-03-29,27.9,18.9,26.426452,18.152043,29.6,1.473548,False
2022-03-30,29.0,19.1,26.373011,18.1,29.5,2.626989,False
2022-03-31,23.6,17.7,26.34172,18.044409,29.5,-2.74172,False
2022-04-01,20.3,16.8,26.322151,17.995914,29.5,-6.022151,False
2022-04-02,22.1,16.9,26.296344,17.935699,29.5,-4.196344,False
2022-04-03,27.1,17.9,26.247634,17.869355,29.5,0.852366,False
2022-04-04,29.4,19.2,26.216237,17.789892,29.5,3.183763,False
2022-04-05,25.2,18.7,26.164516,17.720645,29.41,-0.964516,False
2022-04-06,25.5,17.5,26.153656,17.66,29.41,-0.653656,False
2022-04-07,25.0,16.6,26.139677,17.62,29.5,-1.139677,False
2022-04-08,28.9,17.3,26.12043,17.586344,29.41,2.77957,False
2022-04-09,29.2,19.1,26.103011,17.535914,29.4,3.096989,False
2022-04-10,26.5,18.0,26.077634,17.497204,29.4,0.422366,False
2022-04-11,27.3,17.0,26.026022,17.463548,29.3,1.273978,False
2022-04-12,27.6,19.3,25.948495,17.391075,29.21,1.651505,False
2022-04-13,25.4,20.2,25.862688,17.32043,29.2,-0.462688,False
2022-04-14,25.2,17.5,25.808495,17.241613,29.2,-0.608495,False
2022-04-15,20.5,13.7,25.761828,17.154946,29.1,-5.261828,False
2022-04-16,20.7,11.9,25.696452,17.057849,29.1,-4.996452,False
2022-04-17,20.2,13.6,25.624301,16.967849,29.1,-5.424301,False
2022-04-18,22.0,12.0,25.565591,16.880753,29.1,-3.565591,False
2022-04-19,24.1,13.9,25.519677,16.794301,29.0,-1.419677,False
2022-04-20,23.8,14.6,25.465054,16.719247,29.0,-1.665054,False
2022-04-21,25.9,14.1,25.37871,16.643978,28.9,0.52129,False
2022-04-22,27.2,13.3,25.277097,16.558925,28.8,1.922903,False
2022-04-23,27.0,18.7,25.186667,16.457097,28.71,1.813333,False
2022-04-24,26.2,14.4,25.101398,16.338817,28.7,1.098602,False
2022-04-25,27.6,17.2,25.012043,16.232903,28.7,2.587957,False
2022-04-26,29.2,17.2,24.940753,16.149247,28.6,4.259247,False
2022-04-27,29.6,16.3,24.829355,16.064194,28.4,4.770645,False
2022-04-28,29.9,17.2,24.710538,15.975914,28.4,5.189462,False
2022-04-29,23.3,17.5,24.60914,15.897204,28.4,-1.30914,False
2022-04-30,20.8,17.6,24.513871,15.806022,28.3,-3.713871,False
2022-05-01,27.4,17.1,24.41172,15.718925,28.2,2.98828,False
2022-05-02,27.5,17.1,24.300968,15.619892,28.11,3.199032,False
2022-05-03,28.6,17.1,24.222473,15.538065,28.1,4.377527,False
2022-05-04,21.0,15.5,24.116559,15.483011,28.0,-3.116559,False
2022-05-05,18.7,11.2,24.011828,15.415484,27.9,-5.311828,False
2022-05-06,20.5,13.4,23.938495,15.341183,27.8,-3.438495,False
2022-05-07,18.6,12.6,23.864946,15.268925,27.71,-5.264946,False
2022-05-08,21.2,13.6,23.758817,15.169785,27.7,-2.558817,False
2022-05-09,22.7,14.4,23.60828,15.056882,27.5,-0.90828,False
2022-05-10,23.6,13.4,23.468925,14.948925,27.4,0.131075,False
2022-05-11,23.8,14.6,23.370323,14.85172,27.2,0.429677,False
2022-05-12,22.0,16.0,23.277204,14.754731,27.2,-1.277204,False
2022-05-13,23.0,14.8,23.200645,14.68828,27.0,-0.200645,False
2022-05-14,24.3,14.5,23.134839,14.621398,26.9,1.165161,False
2022-05-15,22.4,16.3,23.051183,14.545484,26.8,-0.651183,False
2022-05-16,21.3,16.1,22.958925,14.475591,26.8,-1.658925,False
2022-05-17,17.6,11.6,22.863011,14.408172,26.7,-5.263011,False
2022-05-18,13.0,6.1,22.759785,14.338602,26.6,-9.759785,False
2022-05-19,14.3,7.6,22.667097,14.269355,26.5,-8.367097,False
2022-05-20,17.4,5.2,22.583226,14.201183,26.4,-5.183226,False
2022-05-21,19.6,7.7,22.499462,14.149247,26.3,-2.899462,False
2022-05-22,21.5,10.2,22.469677,14.096774,26.2,-0.969677,False
2022-05-23,23.3,9.3,22.463978,14.054731,26.2,0.836022,False
2022-05-24,24.4,11.2,22.435161,14.011935,26.2,1.964839,False
2022-05-25,23.9,10.4,22.41086,13.980753,26.2,1.48914,False
2022-05-26,24.1,11.8,22.395591,13.961075,26.2,1.704409,False
2022-05-27,24.4,12.1,22.364409,13.920753,26.2,2.035591,False
2022-05-28,25.3,12.2,22.32957,13.86957,26.2,2.97043,False
2022-05-29,26.7,14.2,22.308065,13.807527,26.2,4.391935,False
2022-05-30,23.5,17.2,22.300753,13.74,26.1,1.199247,False
2022-05-31,19.2,15.1,22.29828,13.689355,26.1,-3.09828,False
2022-06-01,20.6,15.1,22.288925,13.63871,26.0,-1.688925,False
2022-06-02,22.2,15.6,22.313441,13.616022,26.0,-0.113441,False
2022-06-03,18.3,14.2,22.315914,13.581398,26.0,-4.015914,False
2022-06-04,19.0,13.5,22.328817,13.556237,26.0,-3.328817,False
2022-06-05,22.3,12.9,22.301505,13.544624,26.0,-0.001505,False
2022-06-06,23.9,12.0,22.270968,13.519355,25.9,1.629032,False
2022-06-07,23.3,14.1,22.233011,13.476022,25.9,1.066989,False
2022-06-08,19.4,15.1,22.250323,13.43828,25.9,-2.850323,False
2022-06-09,20.5,14.3,22.297634,13.427097,25.9,-1.797634,False
2022-06-10,20.6,16.2,22.316022,13.423548,26.0,-1.716022,False
2022-06-11,18.5,13.7,22.286559,13.405054,26.0,-3.786559,False
2022-06-12,18.1,9.4,22.291505,13.372043,26.0,-4.191505,False
2022-06-13,17.4,5.8,22.303656,13.335591,26.0,-4.903656,False
2022-06-14,17.9,9.0,22.323226,13.316774,26.0,-4.423226,False
2022-06-15,20.3,10.5,22.342043,13.302473,26.0,-2.042043,False
2022-06-16,24.9,8.7,22.374086,13.286129,26.0,2.525914,False
2022-06-17,25.6,9.8,22.430215,13.286129,26.1,3.169785,False
2022-06-18,19.6,13.2,22.475161,13.287097,26.1,-2.875161,False
2022-06-19,17.6,12.5,22.502258,13.279032,26.11,-4.902258,False
2022-06-20,20.2,12.9,22.513118,13.26043,26.11,-2.313118,False
2022-06-21,25.1,12.6,22.544839,13.239032,26.2,2.555161,False
2022-06-22,25.7,15.3,22.534301,13.201183,26.2,3.165699,False
2022-06-23,27.2,13.8,22.492903,13.163763,26.2,4.707097,False
2022-06-24,26.3,12.8,22.483441,13.130538,26.2,3.816559,False
2022-06-25,21.1,11.7,22.455806,13.102258,26.2,-1.355806,False
2022-06-26,17.9,13.3,22.419785,13.068602,26.2,-4.519785,False
2022-06-27,18.6,12.2,22.372903,13.019032,26.2,-3.772903,False
2022-06-28,23.3,10.1,22.35828,12.972473,26.2,0.94172,False
2022-06-29,24.4,13.4,22.34957,12.948925,26.11,2.05043,False
2022-06-30,22.8,11.9,22.340108,12.921183,26.1,0.459892,False
2022-07-01,22.6,8.9,22.325054,12.904624,26.11,0.274946,False
2022-07-02,26.6,11.8,22.317527,12.880968,26.11,4.282473,False
2022-07-03,26.7,12.6,22.273548,12.84957,26.1,4.426452,False
2022-07-04,26.0,12.2,22.229677,12.816344,26.1,3.770323,False
2022-07-05,24.8,11.0,22.242473,12.76957,26.2,2.557527,False
2022-07-06,24.4,9.8,22.301398,12.733871,26.21,2.098602,False
2022-07-07,25.9,13.1,22.320753,12.71914,26.31,3.579247,False
2022-07-08,25.0,12.3,22.334516,12.702581,26.4,2.665484,False
2022-07-09,24.1,12.0,22.303978,12.68129,26.4,1.796022,False
2022-07-10,24.7,12.8,22.277527,12.65914,26.4,2.422473,False
2022-07-11,25.0,13.7,22.27828,12.621935,26.4,2.72172,False
2022-07-12,26.0,17.9,22.299785,12.586774,26.4,3.700215,False
2022-07-13,18.8,14.6,22.317312,12.580108,26.4,-3.517312,False
2022-07-14,25.4,14.7,22.341828,12.573763,26.41,3.058172,False
2022-07-15,26.8,14.7,22.332688,12.56043,26.41,4.467312,False
2022-07-16,27.4,15.6,22.336344,12.53828,26.5,5.063656,False
2022-07-17,27.1,15.8,22.355914,12.522473,26.5,4.744086,False
2022-07-18,22.8,14.8,22.33086,12.493871,26.6,0.46914,False
2022-07-19,26.5,15.6,22.294839,12.466344,26.6,4.205161,False
2022-07-20,22.9,15.4,22.279462,12.438172,26.6,0.620538,False
2022-07-21,25.2,14.0,22.264839,12.427097,26.6,2.935161,False
2022-07-22,26.7,12.6,22.28172,12.426344,26.7,4.41828,False
2022-07-23,26.7,11.2,22.354086,12.443333,26.7,4.345914,False
2022-07-24,26.3,11.7,22.424301,12.463763,26.8,3.875699,False
2022-07-25,26.4,12.6,22.480323,12.502151,26.8,3.919677,False
2022-07-26,24.4,12.6,22.515591,12.528817,26.81,1.884409,False
2022-07-27,25.2,14.0,22.549462,12.511183,26.9,2.650538,False
2022-07-28,27.1,12.5,22.616774,12.515806,27.1,4.483226,False
2022-07-29,20.9,13.5,22.701398,12.546882,27.2,-1.801398,False
2022-07-30,17.7,9.3,22.746774,12.561613,27.2,-5.046774,False
2022-07-31,22.0,8.9,22.772796,12.587527,27.2,-0.772796,False
2022-08-01,25.7,10.2,22.801935,12.60172,27.3,2.898065,False
2022-08-02,26.0,11.8,22.830215,12.629032,27.4,3.169785,False
2022-08-03,24.7,11.0,22.88,12.655806,27.4,1.82,False
2022-08-04,28.1,12.7,22.95129,12.705806,27.5,5.14871,False
2022-08-05,26.6,14.7,22.971505,12.739247,27.5,3.628495,False
2022-08-06,19.4,13.2,22.947849,12.745591,27.5,-3.547849,False
2022-08-07,20.4,14.6,22.968817,12.738925,27.5,-2.568817,False
2022-08-08,20.0,15.6,23.046882,12.767634,27.6,-3.046882,False
2022-08-09,20.0,15.2,23.137312,12.819785,27.8,-3.137312,False
2022-08-10,16.9,11.4,23.244409,12.855806,27.9,-6.344409,False
2022-08-11,16.7,9.6,23.333333,12.903871,28.0,-6.633333,False
2022-08-12,19.9,11.0,23.405914,12.954086,28.01,-3.505914,False
2022-08-13,25.0,10.8,23.461935,12.986882,28.2,1.538065,False
2022-08-14,26.6,11.0,23.527312,13.022581,28.31,3.072688,False
2022-08-15,27.2,14.3,23.640968,13.068387,28.5,3.559032,False
2022-08-16,28.3,16.3,23.752581,13.127527,28.7,4.547419,False
2022-08-17,21.4,14.8,23.82,13.195484,28.71,-2.42,False
2022-08-18,26.7,16.4,23.902903,13.256344,28.8,2.797097,False
2022-08-19,19.5,8.3,23.995806,13.303118,28.9,-4.495806,False
2022-08-20,14.1,8.2,24.038172,13.361505,29.0,-9.938172,False
2022-08-21,17.9,10.2,24.101183,13.41172,29.2,-6.201183,False
2022-08-22,20.1,11.6,24.106989,13.44086,29.2,-4.006989,False
2022-08-23,22.6,12.1,24.127312,13.480215,29.3,-1.527312,False
2022-08-24,24.3,13.3,24.175376,13.522473,29.5,0.124624,False
2022-08-25,25.0,15.3,24.221935,13.56,29.6,0.778065,False
2022-08-26,26.1,15.6,24.314516,13.61086,29.8,1.785484,False
2022-08-27,28.7,14.0,24.415054,13.7,29.9,4.284946,False
2022-08-28,27.7,13.2,24.475914,13.783548,30.0,3.224086,False
2022-08-29,15.3,10.0,24.518817,13.855376,30.0,-9.218817,False
2022-08-30,16.5,9.5,24.574731,13.955699,30.1,-8.074731,False
2022-08-31,20.8,9.3,24.640538,14.036989,30.21,-3.840538,False
2022-09-01,25.7,9.1,24.68086,14.095484,30.3,1.01914,False
2022-09-02,28.3,12.1,24.719785,14.148925,30.4,3.580215,False
2022-09-03,21.7,13.4,24.775484,14.20828,30.5,-3.075484,False
2022-09-04,13.9,10.0,24.854409,14.262796,30.51,-10.954409,False
2022-09-05,19.0,10.7,24.895699,14.339247,30.6,-5.895699,False
2022-09-06,20.2,13.6,24.944301,14.414516,30.6,-4.744301,False
2022-09-07,20.5,13.7,24.977849,14.482258,30.7,-4.477849,False
2022-09-08,28.6,14.3,25.005054,14.52914,30.9,3.594946,False
2022-09-09,32.9,17.4,25.019785,14.57129,31.0,7.880215,False
2022-09-10,30.3,15.7,24.934839,14.609677,31.0,5.365161,False
2022-09-11,16.2,11.3,24.859677,14.626022,31.02,-8.659677,False
2022-09-12,19.6,12.5,24.823548,14.645376,31.2,-5.223548,False
2022-09-13,25.2,15.1,24.820538,14.699032,31.2,0.379462,False
2022-09-14,19.5,15.0,24.802796,14.749247,31.2,-5.302796,False
2022-09-15,15.9,13.4,24.752366,14.797312,31.02,-8.852366,False
2022-09-16,16.0,12.6,24.737312,14.860323,31.2,-8.737312,False
2022-09-17,17.9,10.4,24.741828,14.92,31.2,-6.841828,False
2022-09-18,21.6,8.8,24.714301,14.986129,31.21,-3.114301,False
2022-09-19,26.8,10.8,24.716774,15.038387,31.3,2.083226,False
2022-09-20,26.8,14.3,24.788172,15.091505,31.3,2.011828,False
2022-09-21,21.9,14.7,24.827419,15.151075,31.3,-2.927419,False
2022-09-22,22.3,14.9,24.835591,15.19828,31.3,-2.535591,False
2022-09-23,22.7,12.5,24.798387,15.232043,31.3,-2.098387,False
2022-09-24,20.4,7.9,24.797097,15.267527,31.3,-4.397097,False
2022-09-25,20.9,10.3,24.824194,15.315376,31.31,-3.924194,False
2022-09-26,19.1,14.3,24.846452,15.355161,31.3,-5.746452,False
2022-09-27,24.7,14.5,24.897634,15.412258,31.3,-0.197634,False
2022-09-28,16.6,13.2,24.979677,15.486129,31.41,-8.379677,False
2022-09-29,16.4,12.8,25.014839,15.565914,31.5,-8.614839,False
2022-09-30,16.8,12.8,25.033441,15.606452,31.5,-8.233441,False
2022-10-01,23.1,14.6,25.091505,15.657527,31.5,-1.991505,False
2022-10-02,23.0,14.9,25.141075,15.734946,31.5,-2.141075,False
2022-10-03,21.9,14.0,25.175699,15.801505,31.5,-3.275699,False
2022-10-04,22.5,15.1,25.174624,15.844516,31.5,-2.674624,False
2022-10-05,26.5,14.9,25.143656,15.885054,31.5,1.356344,False
2022-10-06,30.5,15.8,25.165484,15.903333,31.5,5.334516,False
2022-10-07,25.2,19.0,25.190108,15.936882,31.5,0.009892,False
2022-10-08,26.0,14.4,25.222688,15.990538,31.41,0.777312,False
2022-10-09,28.0,14.8,25.225806,16.048602,31.3,2.774194,False
2022-10-10,19.5,16.6,25.251505,16.115054,31.2,-5.751505,False
2022-10-11,25.9,17.3,25.376667,16.212688,31.2,0.523333,False
2022-10-12,25.9,17.8,25.495591,16.319892,31.11,0.404409,False
2022-10-13,28.4,17.9,25.567312,16.388602,31.11,2.832688,False
2022-10-14,24.5,15.9,25.623763,16.416774,31.3,-1.123763,False
2022-10-15,22.0,17.0,25.66086,16.466882,31.4,-3.66086,False
2022-10-16,25.5,16.2,25.707634,16.507849,31.41,-0.207634,False
2022-10-17,26.5,16.4,25.687527,16.531828,31.4,0.812473,False
2022-10-18,20.5,16.5,25.673763,16.537312,31.3,-5.173763,False
2022-10-19,24.0,17.3,25.72871,16.549677,31.3,-1.72871,False
2022-10-20,27.4,15.8,25.749892,16.588602,31.4,1.650108,False
2022-10-21,24.7,18.9,25.72914,16.621613,31.31,-1.02914,False
2022-10-22,27.0,17.0,25.715914,16.64914,31.2,1.284086,False
2022-10-23,25.9,14.8,25.755269,16.684409,31.11,0.144731,False
2022-10-24,25.1,14.8,25.814946,16.726452,31.1,-0.714946,False
2022-10-25,24.9,15.4,25.859355,16.773011,31.1,-0.959355,False
2022-10-26,29.2,13.8,25.880108,16.818817,31.1,3.319892,False
2022-10-27,32.2,17.1,25.887634,16.866667,31.0,6.312366,False
2022-10-28,29.1,18.7,25.837634,16.896129,30.8,3.262366,False
2022-10-29,30.7,17.8,25.750753,16.91086,30.7,4.949247,False
2022-10-30,29.6,17.9,25.677742,16.892473,30.51,3.922258,False
2022-10-31,24.4,19.4,25.670108,16.898387,30.5,-1.270108,False
2022-11-01,19.1,13.8,25.634086,16.915699,30.4,-6.534086,False
2022-11-02,14.6,12.2,25.627742,16.922903,30.4,-11.027742,False
2022-11-03,16.8,11.7,25.630215,16.926882,30.4,-8.830215,False
2022-11-04,19.1,11.0,25.616344,16.934409,30.3,-6.516344,False
2022-11-05,20.4,10.8,25.603763,16.934839,30.3,-5.203763,False
2022-11-06,19.5,11.7,25.607634,16.944839,30.3,-6.107634,False
2022-11-07,19.5,12.4,25.626237,16.966237,30.2,-6.126237,False
2022-11-08,23.0,10.4,25.649247,16.985269,30.2,-2.649247,False
2022-11-09,27.0,12.9,25.685591,17.007097,30.2,1.314409,False
2022-11-10,28.6,16.0,25.71957,17.032366,30.21,2.88043,False
2022-11-11,26.2,16.5,25.716237,17.045914,30.3,0.483763,False
2022-11-12,26.3,17.3,25.720538,17.058172,30.3,0.579462,False
2022-11-13,29.4,17.1,25.720753,17.088602,30.2,3.679247,False
2022-11-14,29.0,19.4,25.73043,17.12957,30.1,3.26957,False
2022-11-15,26.8,19.0,25.737419,17.166344,30.1,1.062581,False
2022-11-16,24.7,16.4,25.745269,17.201505,30.0,-1.045269,False
2022-11-17,24.5,12.8,25.786667,17.228387,30.0,-1.286667,False
2022-11-18,24.1,14.4,25.839462,17.266667,30.0,-1.739462,False
2022-11-19,25.6,13.6,25.871935,17.308925,30.0,-0.271935,False
2022-11-20,27.0,16.0,25.932796,17.360323,30.0,1.067204,False
2022-11-21,28.8,15.4,25.993548,17.40828,30.0,2.806452,False
2022-11-22,28.3,17.8,26.050215,17.466344,30.0,2.249785,False
2022-11-23,27.7,18.1,26.117849,17.528172,30.0,1.582151,False
2022-11-24,24.8,16.7,26.136559,17.576452,30.0,-1.336559,False
2022-11-25,20.8,16.0,26.129892,17.622043,30.0,-5.329892,False
2022-11-26,24.3,15.1,26.107742,17.654624,29.91,-1.807742,False
2022-11-27,25.1,16.1,26.09828,17.692796,29.9,-0.99828,False
2022-11-28,24.6,17.4,26.13086,17.722258,29.91,-1.53086,False
2022-11-29,25.1,17.3,26.172151,17.751075,30.0,-1.072151,False
2022-11-30,24.3,17.2,26.24,17.802043,30.0,-1.94,False
2022-12-01,28.0,17.6,26.28828,17.847957,30.0,1.71172,False
2022-12-02,29.0,19.2,26.322366,17.873978,30.0,2.677634,False
2022-12-03,26.9,20.3,26.360108,17.909355,30.0,0.539892,False
2022-12-04,26.5,20.0,26.427742,17.956344,30.01,0.072258,False
2022-12-05,23.9,20.3,26.546452,18.029355,30.11,-2.646452,False
2022-12-06,23.2,20.1,26.637527,18.111398,30.2,-3.437527,False
2022-12-07,25.9,20.0,26.695484,18.199032,30.21,-0.795484,False
2022-12-08,29.5,15.9,26.724409,18.264624,30.3,2.775591,False
2022-12-09,30.6,16.2,26.754194,18.327849,30.3,3.845806,False
2022-12-10,31.8,16.0,26.750645,18.37172,30.3,5.049355,False
2022-12-11,30.1,19.8,26.762581,18.403978,30.3,3.337419,False
2022-12-12,27.0,20.9,26.795591,18.427849,30.31,0.204409,False
2022-12-13,21.3,17.4,26.823441,18.45871,30.4,-5.523441,False
2022-12-14,22.9,15.0,26.881935,18.501828,30.4,-3.981935,False
2022-12-15,26.2,14.3,26.924301,18.560753,30.4,-0.724301,False
2022-12-16,26.5,16.2,26.989677,18.615699,30.41,-0.489677,False
2022-12-17,24.5,15.6,27.032796,18.670323,30.51,-2.532796,False
2022-12-18,25.6,16.6,27.041613,18.720108,30.6,-1.441613,False
2022-12-19,21.0,17.3,27.025914,18.766774,30.6,-6.025914,False
2022-12-20,21.5,16.8,26.996989,18.800645,30.6,-5.496989,False
2022-12-21,21.2,16.6,26.976452,18.82,30.6,-5.776452,False
2022-12-22,21.1,15.4,26.997097,18.851935,30.6,-5.897097,False
2022-12-23,24.4,14.7,27.04,18.875806,30.6,-2.64,False
2022-12-24,26.6,16.6,27.054839,18.90086,30.61,-0.454839,False
2022-12-25,27.1,17.3,27.098817,18.942581,30.7,0.001183,False
2022-12-26,26.2,19.2,27.152258,18.978602,30.7,-0.952258,False
2022-12-27,26.4,19.8,27.207527,19.008172,30.8,-0.807527,False
2022-12-28,25.2,19.7,27.237527,19.04043,30.8,-2.037527,False
2022-12-29,25.8,19.8,27.261935,19.073333,30.8,-1.461935,False
2022-12-30,25.2,18.4,27.311075,19.110968,30.8,-2.111075,False
2022-12-31,26.5,18.8,27.334731,19.142258,30.8,-0.834731,False
2023-01-01,27.3,17.6,27.338387,19.167419,30.9,-0.038387,False
2023-01-02,29.4,18.6,27.340538,19.185054,30.9,2.059462,False
2023-01-03,26.6,20.1,27.354624,19.203441,30.9,-0.754624,False
2023-01-04,24.7,16.9,27.350215,19.227957,30.9,-2.650215,False
2023-01-05,18.1,16.1,27.312796,19.225376,30.9,-9.212796,False
2023-01-06,19.0,15.8,27.293226,19.226882,31.0,-8.293226,False
2023-01-07,19.7,15.4,27.285054,19.226667,31.0,-7.585054,False
2023-01-08,22.4,15.5,27.302903,19.234409,31.0,-4.902903,False
2023-01-09,22.3,17.4,27.328817,19.23129,30.91,-5.028817,False
2023-01-10,25.0,18.5,27.376667,19.254409,31.0,-2.376667,False
2023-01-11,25.8,19.4,27.375269,19.269247,31.0,-1.575269,False
2023-01-12,25.6,18.9,27.344409,19.275054,31.1,-1.744409,False
2023-01-13,26.5,19.8,27.355161,19.282796,31.1,-0.855161,False
2023-01-14,28.7,20.2,27.354086,19.301613,31.1,1.345914,False
2023-01-15,30.8,19.8,27.353871,19.31172,31.1,3.446129,False
2023-01-16,29.8,20.7,27.369032,19.312903,31.1,2.430968,False
2023-01-17,29.6,19.8,27.416667,19.311828,31.11,2.183333,False
2023-01-18,29.1,20.1,27.477419,19.331398,31.2,1.622581,False
2023-01-19,27.9,18.9,27.527527,19.345376,31.2,0.372473,False
2023-01-20,23.4,18.7,27.573118,19.353656,31.2,-4.173118,False
2023-01-21,28.3,18.0,27.628925,19.361828,31.31,0.671075,False
2023-01-22,28.6,19.5,27.633011,19.367742,31.4,0.966989,False
2023-01-23,27.4,20.6,27.62172,19.371075,31.4,-0.22172,False
2023-01-24,28.8,19.3,27.634086,19.370215,31.4,1.165914,False
2023-01-25,28.9,18.6,27.642581,19.370753,31.4,1.257419,False
2023-01-26,28.8,17.1,27.641613,19.374516,31.4,1.158387,False
2023-01-27,29.0,16.5,27.653441,19.374731,31.5,1.346559,False
2023-01-28,28.0,19.1,27.671075,19.367742,31.51,0.328925,False
2023-01-29,28.1,19.1,27.667849,19.353548,31.6,0.432151,False
2023-01-30,27.1,19.0,27.652796,19.334086,31.6,-0.552796,False
2023-01-31,28.2,20.1,27.644086,19.330108,31.6,0.555914,False
2023-02-01,26.7,20.0,27.641613,19.327957,31.6,-0.941613,False
2023-02-02,27.9,20.2,27.67129,19.339462,31.6,0.22871,False
2023-02-03,27.1,20.4,27.695591,19.344301,31.6,-0.595591,False
2023-02-04,27.7,20.2,27.721075,19.352581,31.6,-0.021075,False
2023-02-05,27.4,20.7,27.750538,19.368065,31.51,-0.350538,False
2023-02-06,26.5,20.3,27.777312,19.373333,31.5,-1.277312,False
2023-02-07,26.4,19.1,27.810323,19.377849,31.5,-1.410323,False
2023-02-08,27.4,18.9,27.844194,19.386452,31.5,-0.444194,False
2023-02-09,29.3,16.9,27.850538,19.407312,31.5,1.449462,False
2023-02-10,28.1,19.0,27.833871,19.404301,31.5,0.266129,False
2023-02-11,23.3,19.1,27.851613,19.402796,31.5,-4.551613,False
2023-02-12,27.1,19.2,27.891613,19.405269,31.5,-0.791613,False
2023-02-13,27.5,19.0,27.88086,19.410968,31.4,-0.38086,False
2023-02-14,29.2,19.3,27.863656,19.394301,31.4,1.336344,False
2023-02-15,29.8,20.6,27.848172,19.381183,31.4,1.951828,False
2023-02-16,28.5,20.6,27.805914,19.360323,31.31,0.694086,False
2023-02-17,28.5,20.6,27.762043,19.338172,31.3,0.737957,False
2023-02-18,26.0,19.2,27.730645,19.31086,31.21,-1.730645,False
2023-02-19,19.7,17.4,27.720968,19.283978,31.2,-8.020968,False
2023-02-20,28.6,18.1,27.719892,19.27,31.2,0.880108,False
2023-02-21,26.8,19.5,27.700323,19.262043,31.1,-0.900323,False
2023-02-22,27.1,19.1,27.728602,19.250538,31.0,-0.628602,False
2023-02-23,27.1,19.3,27.751505,19.249892,31.0,-0.651505,False
2023-02-24,27.9,19.4,27.726667,19.254086,31.0,0.173333,False
2023-02-25,29.0,20.3,27.708817,19.241505,30.9,1.291183,False
2023-02-26,29.7,19.6,27.682903,19.217849,30.9,2.017097,False
2023-02-27,27.9,20.1,27.656022,19.202473,30.81,0.243978,False
2023-02-28,25.9,19.6,27.641183,19.191075,30.8,-1.741183,False
2023-03-01,28.0,18.3,27.627419,19.188065,30.71,0.372581,False
2023-03-02,29.7,18.5,27.589677,19.176989,30.7,2.110323,False
2023-03-03,30.7,19.9,27.575376,19.142473,30.7,3.124624,False
2023-03-04,27.0,21.1,27.555054,19.121828,30.6,-0.555054,False
2023-03-05,27.6,19.7,27.523978,19.096667,30.6,0.076022,False
2023-03-06,28.2,19.1,27.455914,19.074516,30.6,0.744086,False
2023-03-07,28.7,18.9,27.376022,19.038387,30.51,1.323978,False
2023-03-08,28.9,18.3,27.317527,18.989785,30.5,1.582473,False
2023-03-09,28.7,19.3,27.270968,18.96129,30.5,1.429032,False
2023-03-10,27.8,19.1,27.22,18.924194,30.41,0.58,False
2023-03-11,24.2,18.5,27.17086,18.869785,30.4,-2.97086,False
2023-03-12,24.2,19.5,27.128065,18.820215,30.4,-2.928065,False
2023-03-13,26.3,19.4,27.095054,18.770753,30.4,-0.795054,False
2023-03-14,25.9,20.0,27.05043,18.736882,30.3,-1.15043,False
2023-03-15,27.2,18.7,27.001828,18.709677,30.3,0.198172,False
2023-03-16,27.9,18.3,26.976989,18.677957,30.21,0.923011,False
2023-03-17,27.4,17.3,26.966989,18.656022,30.2,0.433011,False
2023-03-18,28.7,17.1,26.934624,18.630108,30.1,1.765376,False
2023-03-19,29.8,19.2,26.905806,18.602043,30.1,2.894194,False
2023-03-20,30.2,19.8,26.870108,18.565699,30.01,3.329892,False
2023-03-21,28.4,18.0,26.830968,18.526452,30.0,1.569032,False
2023-03-22,29.1,17.7,26.787849,18.489677,30.0,2.312151,False
2023-03-23,29.1,17.6,26.734516,18.456989,29.9,2.365484,False
2023-03-24,30.6,18.9,26.667312,18.415699,29.8,3.932688,True
2023-03-25,30.2,18.0,26.577957,18.367312,29.7,3.622043,True
2023-03-26,31.5,19.3,26.503441,18.309462,29.7,4.996559,True
2023-03-27,24.1,19.0,26.492796,18.249355,29.6,-2.392796,False
2023-03-28,26.0,18.0,26.471828,18.197527,29.6,-0.471828,False
2023-03-29,29.3,19.1,26.426452,18.152043,29.6,2.873548,False
2023-03-30,29.9,19.1,26.373011,18.1,29.5,3.526989,False
2023-03-31,28.0,19.6,26.34172,18.044409,29.5,1.65828,False
2023-04-01,28.2,17.0,26.322151,17.995914,29.5,1.877849,False
2023-04-02,21.9,16.5,26.296344,17.935699,29.5,-4.396344,False
2023-04-03,26.0,14.0,26.247634,17.869355,29.5,-0.247634,False
2023-04-04,28.0,17.0,26.216237,17.789892,29.5,1.783763,False
2023-04-05,26.7,16.7,26.164516,17.720645,29.41,0.535484,False
2023-04-06,25.5,16.8,26.153656,17.66,29.41,-0.653656,False
2023-04-07,20.9,18.1,26.139677,17.62,29.5,-5.239677,False
2023-04-08,22.4,18.6,26.12043,17.586344,29.41,-3.72043,False
2023-04-09,21.6,17.8,26.103011,17.535914,29.4,-4.503011,False
2023-04-10,24.4,15.0,26.077634,17.497204,29.4,-1.677634,False
2023-04-11,26.1,14.8,26.026022,17.463548,29.3,0.073978,False
2023-04-12,26.8,16.8,25.948495,17.391075,29.21,0.851505,False
2023-04-13,28.4,17.8,25.862688,17.32043,29.2,2.537312,False
2023-04-14,22.9,19.1,25.808495,17.241613,29.2,-2.908495,False
2023-04-15,23.1,18.7,25.761828,17.154946,29.1,-2.661828,False
2023-04-16,26.3,17.5,25.696452,17.057849,29.1,0.603548,False
2023-04-17,27.5,18.4,25.624301,16.967849,29.1,1.875699,False
2023-04-18,24.4,19.8,25.565591,16.880753,29.1,-1.165591,False
2023-04-19,23.9,18.0,25.519677,16.794301,29.0,-1.619677,False
2023-04-20,21.0,13.7,25.465054,16.719247,29.0,-4.465054,False
2023-04-21,21.9,10.2,25.37871,16.643978,28.9,-3.47871,False
2023-04-22,23.7,13.0,25.277097,16.558925,28.8,-1.577097,False
2023-04-23,24.5,15.7,25.186667,16.457097,28.71,-0.686667,False
2023-04-24,24.7,14.8,25.101398,16.338817,28.7,-0.401398,False
2023-04-25,25.5,13.4,25.012043,16.232903,28.7,0.487957,False
2023-04-26,23.1,17.4,24.940753,16.149247,28.6,-1.840753,False
2023-04-27,24.0,17.5,24.829355,16.064194,28.4,-0.829355,False
2023-04-28,19.2,16.2,24.710538,15.975914,28.4,-5.510538,False
2023-04-29,23.0,14.9,24.60914,15.897204,28.4,-1.60914,False
2023-04-30,26.4,17.3,24.513871,15.806022,28.3,1.886129,False
2023-05-01,26.1,17.4,24.41172,15.718925,28.2,1.68828,False
2023-05-02,25.5,17.9,24.300968,15.619892,28.11,1.199032,False
2023-05-03,26.7,17.4,24.222473,15.538065,28.1,2.477527,False
2023-05-04,27.4,18.0,24.116559,15.483011,28.0,3.283441,False
2023-05-05,27.0,16.9,24.011828,15.415484,27.9,2.988172,False
2023-05-06,26.4,18.1,23.938495,15.341183,27.8,2.461505,False
2023-05-07,26.6,17.3,23.864946,15.268925,27.71,2.735054,False
2023-05-08,27.4,17.4,23.758817,15.169785,27.7,3.641183,False
2023-05-09,26.3,16.2,23.60828,15.056882,27.5,2.69172,False
2023-05-10,22.0,18.1,23.468925,14.948925,27.4,-1.468925,False
2023-05-11,23.6,16.9,23.370323,14.85172,27.2,0.229677,False
2023-05-12,19.4,14.0,23.277204,14.754731,27.2,-3.877204,False
2023-05-13,20.6,12.1,23.200645,14.68828,27.0,-2.600645,False
2023-05-14,22.7,11.7,23.134839,14.621398,26.9,-0.434839,False
2023-05-15,22.8,10.5,23.051183,14.545484,26.8,-0.251183,False
2023-05-16,23.1,10.4,22.958925,14.475591,26.8,0.141075,False
2023-05-17,20.7,12.1,22.863011,14.408172,26.7,-2.163011,False
2023-05-18,21.3,11.2,22.759785,14.338602,26.6,-1.459785,False
2023-05-19,22.7,12.2,22.667097,14.269355,26.5,0.032903,False
2023-05-20,23.8,11.2,22.583226,14.201183,26.4,1.216774,False
2023-05-21,23.8,10.4,22.499462,14.149247,26.3,1.300538,False
2023-05-22,23.5,11.4,22.469677,14.096774,26.2,1.030323,False
2023-05-23,24.5,12.7,22.463978,14.054731,26.2,2.036022,False
2023-05-24,24.7,13.0,22.435161,14.011935,26.2,2.264839,False
2023-05-25,25.7,15.2,22.41086,13.980753,26.2,3.28914,False
2023-05-26,25.9,14.6,22.395591,13.961075,26.2,3.504409,False
2023-05-27,26.5,14.8,22.364409,13.920753,26.2,4.135591,False
2023-05-28,22.1,15.5,22.32957,13.86957,26.2,-0.22957,False
2023-05-29,19.2,15.2,22.308065,13.807527,26.2,-3.108065,False
2023-05-30,19.3,14.1,22.300753,13.74,26.1,-3.000753,False
2023-05-31,17.1,15.0,22.29828,13.689355,26.1,-5.19828,False
2023-06-01,20.2,14.7,22.288925,13.63871,26.0,-2.088925,False
2023-06-02,21.3,13.5,22.313441,13.616022,26.0,-1.013441,False
2023-06-03,24.1,14.0,22.315914,13.581398,26.0,1.784086,False
2023-06-04,24.2,10.9,22.328817,13.556237,26.0,1.871183,False
2023-06-05,23.5,12.6,22.301505,13.544624,26.0,1.198495,False
2023-06-06,22.0,12.0,22.270968,13.519355,25.9,-0.270968,False
2023-06-07,23.6,11.3,22.233011,13.476022,25.9,1.366989,False
2023-06-08,23.4,12.6,22.250323,13.43828,25.9,1.149677,False
2023-06-09,25.0,11.1,22.297634,13.427097,25.9,2.702366,False
2023-06-10,26.0,12.8,22.316022,13.423548,26.0,3.683978,False
2023-06-11,27.2,14.4,22.286559,13.405054,26.0,4.913441,False
2023-06-12,26.7,14.5,22.291505,13.372043,26.0,4.408495,False
2023-06-13,17.4,15.3,22.303656,13.335591,26.0,-4.903656,False
2023-06-14,16.2,14.5,22.323226,13.316774,26.0,-6.123226,False
2023-06-15,17.2,14.3,22.342043,13.302473,26.0,-5.142043,False
2023-06-16,15.7,11.8,22.374086,13.286129,26.0,-6.674086,False
2023-06-17,17.3,8.0,22.430215,13.286129,26.1,-5.130215,False
2023-06-18,18.9,10.0,22.475161,13.287097,26.1,-3.575161,False
2023-06-19,20.1,10.9,22.502258,13.279032,26.11,-2.402258,False
2023-06-20,22.4,12.2,22.513118,13.26043,26.11,-0.113118,False
2023-06-21,23.4,10.3,22.544839,13.239032,26.2,0.855161,False
2023-06-22,23.9,11.8,22.534301,13.201183,26.2,1.365699,False
2023-06-23,24.1,12.0,22.492903,13.163763,26.2,1.607097,False
2023-06-24,25.2,12.9,22.483441,13.130538,26.2,2.716559,False
2023-06-25,25.8,12.0,22.455806,13.102258,26.2,3.344194,False
2023-06-26,26.1,13.6,22.419785,13.068602,26.2,3.680215,False
2023-06-27,25.1,11.3,22.372903,13.019032,26.2,2.727097,False
2023-06-28,25.5,11.3,22.35828,12.972473,26.2,3.14172,False
2023-06-29,21.6,13.1,22.34957,12.948925,26.11,-0.74957,False
2023-06-30,21.7,14.6,22.340108,12.921183,26.1,-0.640108,False
2023-07-01,22.4,14.4,22.325054,12.904624,26.11,0.074946,False
2023-07-02,21.1,13.0,22.317527,12.880968,26.11,-1.217527,False
2023-07-03,18.8,11.9,22.273548,12.84957,26.1,-3.473548,False
2023-07-04,21.3,9.2,22.229677,12.816344,26.1,-0.929677,False
2023-07-05,23.1,9.3,22.242473,12.76957,26.2,0.857527,False
2023-07-06,23.5,10.7,22.301398,12.733871,26.21,1.198602,False
2023-07-07,23.9,11.1,22.320753,12.71914,26.31,1.579247,False
2023-07-08,25.4,11.7,22.334516,12.702581,26.4,3.065484,False
2023-07-09,19.6,15.2,22.303978,12.68129,26.4,-2.703978,False
2023-07-10,21.8,15.6,22.277527,12.65914,26.4,-0.477527,False
2023-07-11,26.6,17.6,22.27828,12.621935,26.4,4.32172,False
2023-07-12,27.4,15.6,22.299785,12.586774,26.4,5.100215,False
2023-07-13,25.2,18.8,22.317312,12.580108,26.4,2.882688,False
2023-07-14,18.0,10.2,22.341828,12.573763,26.41,-4.341828,False
2023-07-15,20.4,8.7,22.332688,12.56043,26.41,-1.932688,False
2023-07-16,23.0,9.0,22.336344,12.53828,26.5,0.663656,False
2023-07-17,24.6,14.1,22.355914,12.522473,26.5,2.244086,False
2023-07-18,17.1,14.7,22.33086,12.493871,26.6,-5.23086,False
2023-07-19,17.1,13.7,22.294839,12.466344,26.6,-5.194839,False
2023-07-20,21.3,13.9,22.279462,12.438172,26.6,-0.979462,False
2023-07-21,23.6,13.7,22.264839,12.427097,26.6,1.335161,False
2023-07-22,23.1,13.6,22.28172,12.426344,26.7,0.81828,False
2023-07-23,25.3,12.7,22.354086,12.443333,26.7,2.945914,False
2023-07-24,26.0,12.6,22.424301,12.463763,26.8,3.575699,False
2023-07-25,25.7,13.8,22.480323,12.502151,26.8,3.219677,False
2023-07-26,26.6,13.1,22.515591,12.528817,26.81,4.084409,False
2023-07-27,25.7,13.8,22.549462,12.511183,26.9,3.150538,False
2023-07-28,26.4,15.6,22.616774,12.515806,27.1,3.783226,False
2023-07-29,17.6,13.1,22.701398,12.546882,27.2,-5.101398,False
2023-07-30,19.9,12.2,22.746774,12.561613,27.2,-2.846774,False
2023-07-31,23.8,14.3,22.772796,12.587527,27.2,1.027204,False
2023-08-01,24.9,13.8,22.801935,12.60172,27.3,2.098065,False
2023-08-02,28.3,12.2,22.830215,12.629032,27.4,5.469785,False
2023-08-03,28.3,11.9,22.88,12.655806,27.4,5.42,False
2023-08-04,25.3,11.7,22.95129,12.705806,27.5,2.34871,False
2023-08-05,27.7,10.9,22.971505,12.739247,27.5,4.728495,False
2023-08-06,29.5,12.4,22.947849,12.745591,27.5,6.552151,False
2023-08-07,30.0,15.5,22.968817,12.738925,27.5,7.031183,False
2023-08-08,19.5,16.5,23.046882,12.767634,27.6,-3.546882,False
2023-08-09,24.7,15.7,23.137312,12.819785,27.8,1.562688,False
2023-08-10,26.7,15.5,23.244409,12.855806,27.9,3.455591,False
2023-08-11,28.3,17.7,23.333333,12.903871,28.0,4.966667,False
2023-08-12,26.2,14.2,23.405914,12.954086,28.01,2.794086,False
2023-08-13,17.6,13.7,23.461935,12.986882,28.2,-5.861935,False
2023-08-14,18.9,13.1,23.527312,13.022581,28.31,-4.627312,False
2023-08-15,24.6,15.8,23.640968,13.068387,28.5,0.959032,False
2023-08-16,26.1,17.2,23.752581,13.127527,28.7,2.347419,False
2023-08-17,27.6,16.1,23.82,13.195484,28.71,3.78,False
2023-08-18,29.1,16.1,23.902903,13.256344,28.8,5.197097,False
2023-08-19,25.3,18.9,23.995806,13.303118,28.9,1.304194,False
2023-08-20,24.5,15.1,24.038172,13.361505,29.0,0.461828,False
2023-08-21,26.6,17.1,24.101183,13.41172,29.2,2.498817,False
2023-08-22,29.8,13.7,24.106989,13.44086,29.2,5.693011,False
2023-08-23,32.8,19.6,24.127312,13.480215,29.3,8.672688,False
2023-08-24,32.7,20.3,24.175376,13.522473,29.5,8.524624,False
2023-08-25,23.3,15.0,24.221935,13.56,29.6,-0.921935,False
2023-08-26,15.2,12.3,24.314516,13.61086,29.8,-9.114516,False
2023-08-27,12.5,11.0,24.415054,13.7,29.9,-11.915054,False
2023-08-28,15.6,11.0,24.475914,13.783548,30.0,-8.875914,False
2023-08-29,21.2,13.0,24.518817,13.855376,30.0,-3.318817,False
2023-08-30,25.0,14.0,24.574731,13.955699,30.1,0.425269,False
2023-08-31,24.9,11.5,24.640538,14.036989,30.21,0.259462,False
2023-09-01,27.7,11.1,24.68086,14.095484,30.3,3.01914,False
2023-09-02,29.2,17.2,24.719785,14.148925,30.4,4.480215,False
2023-09-03,30.5,18.1,24.775484,14.20828,30.5,5.724516,False
2023-09-04,31.7,20.7,24.854409,14.262796,30.51,6.845591,False
2023-09-05,26.0,16.0,24.895699,14.339247,30.6,1.104301,False
2023-09-06,19.4,15.5,24.944301,14.414516,30.6,-5.544301,False
2023-09-07,25.0,15.0,24.977849,14.482258,30.7,0.022151,False
2023-09-08,29.2,15.7,25.005054,14.52914,30.9,4.194946,False
2023-09-09,25.4,17.8,25.019785,14.57129,31.0,0.380215,False
2023-09-10,25.7,16.7,24.934839,14.609677,31.0,0.765161,False
2023-09-11,29.5,16.7,24.859677,14.626022,31.02,4.640323,False
2023-09-12,30.3,17.5,24.823548,14.645376,31.2,5.476452,False
2023-09-13,32.5,17.3,24.820538,14.699032,31.2,7.679462,False
2023-09-14,26.1,14.5,24.802796,14.749247,31.2,1.297204,False
2023-09-15,20.9,12.6,24.752366,14.797312,31.02,-3.852366,False
2023-09-16,28.4,12.8,24.737312,14.860323,31.2,3.662688,False
2023-09-17,32.3,16.5,24.741828,14.92,31.2,7.558172,False
2023-09-18,31.9,18.0,24.714301,14.986129,31.21,7.185699,False
2023-09-19,30.8,20.4,24.716774,15.038387,31.3,6.083226,False
2023-09-20,29.2,17.5,24.788172,15.091505,31.3,4.411828,False
2023-09-21,30.1,16.6,24.827419,15.151075,31.3,5.272581,False
2023-09-22,33.0,17.0,24.835591,15.19828,31.3,8.164409,False
2023-09-23,32.6,18.0,24.798387,15.232043,31.3,7.801613,False
2023-09-24,36.3,18.4,24.797097,15.267527,31.3,11.502903,False
2023-09-25,30.4,19.3,24.824194,15.315376,31.31,5.575806,False
2023-09-26,34.6,19.7,24.846452,15.355161,31.3,9.753548,False
2023-09-27,30.5,20.5,24.897634,15.412258,31.3,5.602366,False
2023-09-28,19.5,13.9,24.979677,15.486129,31.41,-5.479677,False
2023-09-29,22.0,14.2,25.014839,15.565914,31.5,-3.014839,False
2023-09-30,26.6,16.4,25.033441,15.606452,31.5,1.566559,False
2023-10-01,21.5,17.1,25.091505,15.657527,31.5,-3.591505,False
2023-10-02,22.4,16.3,25.141075,15.734946,31.5,-2.741075,False
2023-10-03,27.2,15.6,25.175699,15.801505,31.5,2.024301,False
2023-10-04,28.1,18.6,25.174624,15.844516,31.5,2.925376,False
2023-10-05,29.4,18.1,25.143656,15.885054,31.5,4.256344,False
2023-10-06,31.3,17.5,25.165484,15.903333,31.5,6.134516,False
2023-10-07,29.4,20.1,25.190108,15.936882,31.5,4.209892,False
2023-10-08,26.8,19.2,25.222688,15.990538,31.41,1.577312,False
2023-10-09,23.6,17.8,25.225806,16.048602,31.3,-1.625806,False
2023-10-10,24.1,16.6,25.251505,16.115054,31.2,-1.151505,False
2023-10-11,31.4,17.1,25.376667,16.212688,31.2,6.023333,False
2023-10-12,27.1,19.9,25.495591,16.319892,31.11,1.604409,False
2023-10-13,19.4,15.0,25.567312,16.388602,31.11,-6.167312,False
2023-10-14,18.5,14.5,25.623763,16.416774,31.3,-7.123763,False
2023-10-15,24.4,15.1,25.66086,16.466882,31.4,-1.26086,False
2023-10-16,31.6,17.9,25.707634,16.507849,31.41,5.892366,False
2023-10-17,25.2,18.7,25.687527,16.531828,31.4,-0.487527,False
2023-10-18,22.5,17.1,25.673763,16.537312,31.3,-3.173763,False
2023-10-19,20.0,16.0,25.72871,16.549677,31.3,-5.72871,False
2023-10-20,20.1,15.8,25.749892,16.588602,31.4,-5.649892,False
2023-10-21,22.1,15.9,25.72914,16.621613,31.31,-3.62914,False
2023-10-22,26.5,15.6,25.715914,16.64914,31.2,0.784086,False
2023-10-23,29.9,17.1,25.755269,16.684409,31.11,4.144731,False
2023-10-24,32.3,19.6,25.814946,16.726452,31.1,6.485054,False
2023-10-25,23.3,19.1,25.859355,16.773011,31.1,-2.559355,False
2023-10-26,24.9,17.6,25.880108,16.818817,31.1,-0.980108,False
2023-10-27,26.3,17.2,25.887634,16.866667,31.0,0.412366,False
2023-10-28,26.9,18.6,25.837634,16.896129,30.8,1.062366,False
2023-10-29,27.5,21.0,25.750753,16.91086,30.7,1.749247,False
2023-10-30,28.8,20.9,25.677742,16.892473,30.51,3.122258,False
2023-10-31,26.5,19.9,25.670108,16.898387,30.5,0.829892,False
2023-11-01,23.1,17.4,25.634086,16.915699,30.4,-2.534086,False
2023-11-02,22.3,16.1,25.627742,16.922903,30.4,-3.327742,False
2023-11-03,30.0,17.6,25.630215,16.926882,30.4,4.369785,False
2023-11-04,26.2,19.1,25.616344,16.934409,30.3,0.583656,False
2023-11-05,22.8,13.5,25.603763,16.934839,30.3,-2.803763,False
2023-11-06,23.7,12.3,25.607634,16.944839,30.3,-1.907634,False
2023-11-07,26.0,13.3,25.626237,16.966237,30.2,0.373763,False
2023-11-08,31.4,14.8,25.649247,16.985269,30.2,5.750753,False
2023-11-09,31.4,19.2,25.685591,17.007097,30.2,5.714409,False
2023-11-10,29.4,19.4,25.71957,17.032366,30.21,3.68043,False
2023-11-11,33.3,20.1,25.716237,17.045914,30.3,7.583763,True
2023-11-12,35.2,20.5,25.720538,17.058172,30.3,9.479462,True
2023-11-13,36.1,21.5,25.720753,17.088602,30.2,10.379247,True
2023-11-14,34.8,21.3,25.73043,17.12957,30.1,9.06957,True
2023-11-15,34.3,20.4,25.737419,17.166344,30.1,8.562581,True
2023-11-16,32.3,21.1,25.745269,17.201505,30.0,6.554731,True
2023-11-17,34.5,22.5,25.786667,17.228387,30.0,8.713333,True
2023-11-18,33.6,23.6,25.839462,17.266667,30.0,7.760538,True
2023-11-19,27.3,18.5,25.871935,17.308925,30.0,1.428065,False
2023-11-20,24.3,18.0,25.932796,17.360323,30.0,-1.632796,False
2023-11-21,30.0,19.0,25.993548,17.40828,30.0,4.006452,False
2023-11-22,30.5,21.4,26.050215,17.466344,30.0,4.449785,False
2023-11-23,29.2,20.7,26.117849,17.528172,30.0,3.082151,False
2023-11-24,20.6,16.0,26.136559,17.576452,30.0,-5.536559,False
2023-11-25,16.9,15.0,26.129892,17.622043,30.0,-9.229892,False
2023-11-26,23.0,14.4,26.107742,17.654624,29.91,-3.107742,False
2023-11-27,25.8,17.8,26.09828,17.692796,29.9,-0.29828,False
2023-11-28,28.8,19.1,26.13086,17.722258,29.91,2.66914,False
2023-11-29,26.3,19.9,26.172151,17.751075,30.0,0.127849,False
2023-11-30,29.6,19.8,26.24,17.802043,30.0,3.36,False
2023-12-01,30.1,19.9,26.28828,17.847957,30.0,3.81172,True
2023-12-02,32.4,19.2,26.322366,17.873978,30.0,6.077634,True
2023-12-03,32.5,20.0,26.360108,17.909355,30.0,6.139892,True
2023-12-04,31.4,19.4,26.427742,17.956344,30.01,4.972258,True
2023-12-05,27.5,20.0,26.546452,18.029355,30.11,0.953548,False
2023-12-06,30.3,20.7,26.637527,18.111398,30.2,3.662473,False
2023-12-07,32.4,22.6,26.695484,18.199032,30.21,5.704516,False
2023-12-08,29.4,20.3,26.724409,18.264624,30.3,2.675591,False
2023-12-09,21.7,18.0,26.754194,18.327849,30.3,-5.054194,False
2023-12-10,25.3,16.5,26.750645,18.37172,30.3,-1.450645,False
2023-12-11,26.2,17.8,26.762581,18.403978,30.3,-0.562581,False
2023-12-12,25.0,17.3,26.795591,18.427849,30.31,-1.795591,False
2023-12-13,29.2,15.5,26.823441,18.45871,30.4,2.376559,False
2023-12-14,31.1,19.0,26.881935,18.501828,30.4,4.218065,True
2023-12-15,32.6,20.0,26.924301,18.560753,30.4,5.675699,True
2023-12-16,31.8,21.2,26.989677,18.615699,30.41,4.810323,True
2023-12-17,30.3,21.3,27.032796,18.670323,30.51,3.267204,False
2023-12-18,31.6,20.6,27.041613,18.720108,30.6,4.558387,False
2023-12-19,29.9,17.8,27.025914,18.766774,30.6,2.874086,False
2023-12-20,28.0,16.9,26.996989,18.800645,30.6,1.003011,False
2023-12-21,29.9,18.4,26.976452,18.82,30.6,2.923548,False
2023-12-22,31.7,19.8,26.997097,18.851935,30.6,4.702903,False
2023-12-23,29.8,19.8,27.04,18.875806,30.6,2.76,False
2023-12-24,30.2,19.0,27.054839,18.90086,30.61,3.145161,False
2023-12-25,32.5,20.7,27.098817,18.942581,30.7,5.401183,False
2023-12-26,28.0,20.2,27.152258,18.978602,30.7,0.847742,False
2023-12-27,25.8,17.3,27.207527,19.008172,30.8,-1.407527,False
2023-12-28,30.5,15.7,27.237527,19.04043,30.8,3.262473,False
2023-12-29,33.8,18.8,27.261935,19.073333,30.8,6.538065,False
2023-12-30,26.3,19.3,27.311075,19.110968,30.8,-1.011075,False
2023-12-31,25.8,17.0,27.334731,19.142258,30.8,-1.534731,False
2024-01-01,26.5,17.7,27.338387,19.167419,30.9,-0.838387,False
2024-01-02,28.1,18.6,27.340538,19.185054,30.9,0.759462,False
2024-01-03,28.6,19.6,27.354624,19.203441,30.9,1.245376,False
2024-01-04,25.0,19.3,27.350215,19.227957,30.9,-2.350215,False
2024-01-05,26.9,18.7,27.312796,19.225376,30.9,-0.412796,False
2024-01-06,28.0,18.4,27.293226,19.226882,31.0,0.706774,False
2024-01-07,31.1,18.4,27.285054,19.226667,31.0,3.814946,True
2024-01-08,31.9,21.0,27.302903,19.234409,31.0,4.597097,True
2024-01-09,32.5,20.7,27.328817,19.23129,30.91,5.171183,True
2024-01-10,31.8,20.0,27.376667,19.254409,31.0,4.423333,True
2024-01-11,30.0,21.1,27.375269,19.269247,31.0,2.624731,False
2024-01-12,25.5,21.1,27.344409,19.275054,31.1,-1.844409,False
2024-01-13,22.7,18.7,27.355161,19.282796,31.1,-4.655161,False
2024-01-14,30.1,17.8,27.354086,19.301613,31.1,2.745914,False
2024-01-15,30.0,21.4,27.353871,19.31172,31.1,2.646129,False
2024-01-16,32.1,22.3,27.369032,19.312903,31.1,4.730968,False
2024-01-17,31.1,23.3,27.416667,19.311828,31.11,3.683333,False
2024-01-18,31.5,21.0,27.477419,19.331398,31.2,4.022581,False
2024-01-19,30.4,20.8,27.527527,19.345376,31.2,2.872473,False
2024-01-20,27.8,21.2,27.573118,19.353656,31.2,0.226882,False
2024-01-21,25.4,20.2,27.628925,19.361828,31.31,-2.228925,False
2024-01-22,24.6,18.8,27.633011,19.367742,31.4,-3.033011,False
2024-01-23,19.3,16.9,27.62172,19.371075,31.4,-8.32172,False
2024-01-24,23.4,15.7,27.634086,19.370215,31.4,-4.234086,False
2024-01-25,20.3,16.4,27.642581,19.370753,31.4,-7.342581,False
2024-01-26,22.3,15.7,27.641613,19.374516,31.4,-5.341613,False
2024-01-27,25.9,17.0,27.653441,19.374731,31.5,-1.753441,False
2024-01-28,22.9,17.7,27.671075,19.367742,31.51,-4.771075,False
2024-01-29,27.7,15.8,27.667849,19.353548,31.6,0.032151,False
2024-01-30,30.2,16.8,27.652796,19.334086,31.6,2.547204,False
2024-01-31,28.6,18.9,27.644086,19.330108,31.6,0.955914,False
2024-02-01,25.4,16.5,27.641613,19.327957,31.6,-2.241613,False
2024-02-02,23.7,18.3,27.67129,19.339462,31.6,-3.97129,False
2024-02-03,27.1,18.2,27.695591,19.344301,31.6,-0.595591,False
2024-02-04,27.2,19.8,27.721075,19.352581,31.6,-0.521075,False
2024-02-05,30.5,16.5,27.750538,19.368065,31.51,2.749462,False
2024-02-06,29.3,18.2,27.777312,19.373333,31.5,1.522688,False
2024-02-07,29.8,18.1,27.810323,19.377849,31.5,1.989677,False
2024-02-08,30.0,18.7,27.844194,19.386452,31.5,2.155806,False
2024-02-09,30.3,19.0,27.850538,19.407312,31.5,2.449462,False
2024-02-10,30.5,20.2,27.833871,19.404301,31.5,2.666129,False
2024-02-11,31.1,19.0,27.851613,19.402796,31.5,3.248387,False
2024-02-12,30.9,21.8,27.891613,19.405269,31.5,3.008387,False
2024-02-13,32.5,22.3,27.88086,19.410968,31.4,4.61914,False
2024-02-14,24.6,20.1,27.863656,19.394301,31.4,-3.263656,False
2024-02-15,21.9,19.0,27.848172,19.381183,31.4,-5.948172,False
2024-02-16,25.2,18.1,27.805914,19.360323,31.31,-2.605914,False
2024-02-17,26.2,18.1,27.762043,19.338172,31.3,-1.562043,False
2024-02-18,26.2,17.8,27.730645,19.31086,31.21,-1.530645,False
2024-02-19,27.4,17.9,27.720968,19.283978,31.2,-0.320968,False
2024-02-20,25.4,20.0,27.719892,19.27,31.2,-2.319892,False
2024-02-21,25.7,19.2,27.700323,19.262043,31.1,-2.000323,False
2024-02-22,29.1,19.1,27.728602,19.250538,31.0,1.371398,False
2024-02-23,30.1,21.2,27.751505,19.249892,31.0,2.348495,False
2024-02-24,28.9,21.7,27.726667,19.254086,31.0,1.173333,False
2024-02-25,28.6,20.7,27.708817,19.241505,30.9,0.891183,False
2024-02-26,27.2,21.0,27.682903,19.217849,30.9,-0.482903,False
2024-02-27,30.9,21.1,27.656022,19.202473,30.81,3.243978,False
2024-02-28,30.6,22.5,27.641183,19.191075,30.8,2.958817,False
2024-02-29,29.1,21.3,27.634301,19.18957,30.755,1.465699,False
2024-03-01,28.2,21.0,27.627419,19.188065,30.71,0.572581,False
2024-03-02,27.6,18.6,27.589677,19.176989,30.7,0.010323,False
2024-03-03,30.0,18.3,27.575376,19.142473,30.7,2.424624,False
2024-03-04,30.4,19.1,27.555054,19.121828,30.6,2.844946,False
2024-03-05,29.8,21.2,27.523978,19.096667,30.6,2.276022,False
2024-03-06,25.9,20.5,27.455914,19.074516,30.6,-1.555914,False
2024-03-07,26.9,20.1,27.376022,19.038387,30.51,-0.476022,False
2024-03-08,28.5,21.2,27.317527,18.989785,30.5,1.182473,False
2024-03-09,29.1,21.4,27.270968,18.96129,30.5,1.829032,False
2024-03-10,27.1,21.6,27.22,18.924194,30.41,-0.12,False
2024-03-11,26.7,19.6,27.17086,18.869785,30.4,-0.47086,False
2024-03-12,26.8,16.6,27.128065,18.820215,30.4,-0.328065,False
2024-03-13,29.8,19.2,27.095054,18.770753,30.4,2.704946,False
2024-03-14,31.9,20.8,27.05043,18.736882,30.3,4.84957,True
2024-03-15,32.7,21.0,27.001828,18.709677,30.3,5.698172,True
2024-03-16,32.6,21.5,26.976989,18.677957,30.21,5.623011,True
2024-03-17,31.7,23.2,26.966989,18.656022,30.2,4.733011,True
2024-03-18,29.5,20.8,26.934624,18.630108,30.1,2.565376,False
2024-03-19,29.6,20.9,26.905806,18.602043,30.1,2.694194,False
2024-03-20,30.9,21.0,26.870108,18.565699,30.01,4.029892,False
2024-03-21,31.8,22.5,26.830968,18.526452,30.0,4.969032,False
2024-03-22,23.6,17.6,26.787849,18.489677,30.0,-3.187849,False
2024-03-23,19.8,17.1,26.734516,18.456989,29.9,-6.934516,False
2024-03-24,22.6,16.7,26.667312,18.415699,29.8,-4.067312,False
2024-03-25,26.0,17.9,26.577957,18.367312,29.7,-0.577957,False
2024-03-26,24.1,17.4,26.503441,18.309462,29.7,-2.403441,False
2024-03-27,20.5,17.7,26.492796,18.249355,29.6,-5.992796,False
2024-03-28,21.4,17.4,26.471828,18.197527,29.6,-5.071828,False
2024-03-29,25.6,18.2,26.426452,18.152043,29.6,-0.826452,False
2024-03-30,27.4,19.6,26.373011,18.1,29.5,1.026989,False
2024-03-31,29.2,16.2,26.34172,18.044409,29.5,2.85828,False
2024-04-01,28.5,16.3,26.322151,17.995914,29.5,2.177849,False
2024-04-02,27.8,18.5,26.296344,17.935699,29.5,1.503656,False
2024-04-03,28.8,18.9,26.247634,17.869355,29.5,2.552366,False
2024-04-04,30.9,18.7,26.216237,17.789892,29.5,4.683763,False
2024-04-05,30.6,18.6,26.164516,17.720645,29.41,4.435484,False
2024-04-06,25.2,18.0,26.153656,17.66,29.41,-0.953656,False
2024-04-07,26.4,18.3,26.139677,17.62,29.5,0.260323,False
2024-04-08,25.6,18.6,26.12043,17.586344,29.41,-0.52043,False
2024-04-09,27.1,19.1,26.103011,17.535914,29.4,0.996989,False
2024-04-10,28.2,18.1,26.077634,17.497204,29.4,2.122366,False
2024-04-11,26.1,19.4,26.026022,17.463548,29.3,0.073978,False
2024-04-12,26.8,19.1,25.948495,17.391075,29.21,0.851505,False
2024-04-13,27.5,18.8,25.862688,17.32043,29.2,1.637312,False
2024-04-14,25.7,20.1,25.808495,17.241613,29.2,-0.108495,False
2024-04-15,27.4,20.6,25.761828,17.154946,29.1,1.638172,False
2024-04-16,29.1,20.7,25.696452,17.057849,29.1,3.403548,False
2024-04-17,27.3,20.9,25.624301,16.967849,29.1,1.675699,False
2024-04-18,21.9,16.2,25.565591,16.880753,29.1,-3.665591,False
2024-04-19,22.3,13.2,25.519677,16.794301,29.0,-3.219677,False
2024-04-20,24.8,14.6,25.465054,16.719247,29.0,-0.665054,False
2024-04-21,27.0,15.9,25.37871,16.643978,28.9,1.62129,False
2024-04-22,27.6,14.6,25.277097,16.558925,28.8,2.322903,False
2024-04-23,28.5,15.4,25.186667,16.457097,28.71,3.313333,False
2024-04-24,29.2,16.0,25.101398,16.338817,28.7,4.098602,False
2024-04-25,25.3,19.2,25.012043,16.232903,28.7,0.287957,False
2024-04-26,27.1,19.1,24.940753,16.149247,28.6,2.159247,False
2024-04-27,29.9,18.7,24.829355,16.064194,28.4,5.070645,False
2024-04-28,30.0,20.1,24.710538,15.975914,28.4,5.289462,False
2024-04-29,29.9,18.9,24.60914,15.897204,28.4,5.29086,False
2024-04-30,30.4,19.1,24.513871,15.806022,28.3,5.886129,False
2024-05-01,30.6,17.4,24.41172,15.718925,28.2,6.18828,False
2024-05-02,31.3,18.8,24.300968,15.619892,28.11,6.999032,False
2024-05-03,30.7,17.5,24.222473,15.538065,28.1,6.477527,False
2024-05-04,31.2,17.9,24.116559,15.483011,28.0,7.083441,False
2024-05-05,30.9,17.5,24.011828,15.415484,27.9,6.888172,False
2024-05-06,29.6,16.3,23.938495,15.341183,27.8,5.661505,False
2024-05-07,30.5,17.0,23.864946,15.268925,27.71,6.635054,False
2024-05-08,29.9,19.3,23.758817,15.169785,27.7,6.141183,False
2024-05-09,29.4,18.4,23.60828,15.056882,27.5,5.79172,False
2024-05-10,28.2,19.2,23.468925,14.948925,27.4,4.731075,False
2024-05-11,29.5,17.4,23.370323,14.85172,27.2,6.129677,False
2024-05-12,29.5,17.4,23.277204,14.754731,27.2,6.222796,False
2024-05-13,30.5,19.1,23.200645,14.68828,27.0,7.299355,False
2024-05-14,22.7,17.5,23.134839,14.621398,26.9,-0.434839,False
2024-05-15,18.4,16.2,23.051183,14.545484,26.8,-4.651183,False
2024-05-16,28.3,16.1,22.958925,14.475591,26.8,5.341075,False
2024-05-17,30.6,19.7,22.863011,14.408172,26.7,7.736989,False
2024-05-18,29.4,16.7,22.759785,14.338602,26.6,6.640215,False
2024-05-19,26.2,18.4,22.667097,14.269355,26.5,3.532903,False
2024-05-20,25.5,17.4,22.583226,14.201183,26.4,2.916774,False
2024-05-21,24.2,16.3,22.499462,14.149247,26.3,1.700538,False
2024-05-22,27.6,17.1,22.469677,14.096774,26.2,5.130323,False
2024-05-23,28.0,16.6,22.463978,14.054731,26.2,5.536022,False
2024-05-24,25.5,17.2,22.435161,14.011935,26.2,3.064839,False
2024-05-25,18.8,14.6,22.41086,13.980753,26.2,-3.61086,False
2024-05-26,15.9,13.4,22.395591,13.961075,26.2,-6.495591,False
2024-05-27,18.5,14.7,22.364409,13.920753,26.2,-3.864409,False
2024-05-28,19.0,15.3,22.32957,13.86957,26.2,-3.32957,False
2024-05-29,18.9,9.1,22.308065,13.807527,26.2,-3.408065,False
2024-05-30,18.1,8.9,22.300753,13.74,26.1,-4.200753,False
2024-05-31,19.5,10.9,22.29828,13.689355,26.1,-2.79828,False
2024-06-01,23.3,12.6,22.288925,13.63871,26.0,1.011075,False
2024-06-02,24.6,11.0,22.313441,13.616022,26.0,2.286559,False
2024-06-03,24.4,14.0,22.315914,13.581398,26.0,2.084086,False
2024-06-04,18.8,15.5,22.328817,13.556237,26.0,-3.528817,False
2024-06-05,22.7,14.5,22.301505,13.544624,26.0,0.398495,False
2024-06-06,24.4,13.0,22.270968,13.519355,25.9,2.129032,False
2024-06-07,25.7,12.8,22.233011,13.476022,25.9,3.466989,False
2024-06-08,25.1,12.6,22.250323,13.43828,25.9,2.849677,False
2024-06-09,26.1,13.2,22.297634,13.427097,25.9,3.802366,False
2024-06-10,26.6,16.3,22.316022,13.423548,26.0,4.283978,False
2024-06-11,25.9,13.2,22.286559,13.405054,26.0,3.613441,False
2024-06-12,26.3,12.5,22.291505,13.372043,26.0,4.008495,False
2024-06-13,25.8,12.5,22.303656,13.335591,26.0,3.496344,False
2024-06-14,26.5,15.0,22.323226,13.316774,26.0,4.176774,False
2024-06-15,27.2,14.9,22.342043,13.302473,26.0,4.857957,False
2024-06-16,26.8,13.3,22.374086,13.286129,26.0,4.425914,False
2024-06-17,26.4,15.8,22.430215,13.286129,26.1,3.969785,False
2024-06-18,25.5,14.0,22.475161,13.287097,26.1,3.024839,False
2024-06-19,26.1,12.8,22.502258,13.279032,26.11,3.597742,False
2024-06-20,25.9,11.0,22.513118,13.26043,26.11,3.386882,False
2024-06-21,25.2,11.1,22.544839,13.239032,26.2,2.655161,False
2024-06-22,26.4,12.5,22.534301,13.201183,26.2,3.865699,False
2024-06-23,27.4,14.8,22.492903,13.163763,26.2,4.907097,False
2024-06-24,27.6,16.0,22.483441,13.130538,26.2,5.116559,False
2024-06-25,19.5,16.3,22.455806,13.102258,26.2,-2.955806,False
2024-06-26,27.4,15.6,22.419785,13.068602,26.2,4.980215,False
2024-06-27,24.4,16.3,22.372903,13.019032,26.2,2.027097,False
2024-06-28,25.1,15.5,22.35828,12.972473,26.2,2.74172,False
2024-06-29,24.2,15.8,22.34957,12.948925,26.11,1.85043,False
2024-06-30,15.5,11.9,22.340108,12.921183,26.1,-6.840108,False
2024-07-01,16.9,11.6,22.325054,12.904624,26.11,-5.425054,False
2024-07-02,24.0,10.4,22.317527,12.880968,26.11,1.682473,False
2024-07-03,25.8,12.1,22.273548,12.84957,26.1,3.526452,False
2024-07-04,25.3,15.2,22.229677,12.816344,26.1,3.070323,False
2024-07-05,26.3,12.4,22.242473,12.76957,26.2,4.057527,False
2024-07-06,21.2,13.8,22.301398,12.733871,26.21,-1.101398,False
2024-07-07,26.1,13.0,22.320753,12.71914,26.31,3.779247,False
2024-07-08,18.1,12.9,22.334516,12.702581,26.4,-4.234516,False
2024-07-09,14.4,12.3,22.303978,12.68129,26.4,-7.903978,False
2024-07-10,19.9,13.9,22.277527,12.65914,26.4,-2.377527,False
2024-07-11,24.4,15.1,22.27828,12.621935,26.4,2.12172,False
2024-07-12,19.0,15.0,22.299785,12.586774,26.4,-3.299785,False
2024-07-13,15.4,13.2,22.317312,12.580108,26.4,-6.917312,False
2024-07-14,24.4,13.5,22.341828,12.573763,26.41,2.058172,False
2024-07-15,20.1,12.5,22.332688,12.56043,26.41,-2.232688,False
2024-07-16,22.1,12.8,22.336344,12.53828,26.5,-0.236344,False
2024-07-17,23.6,13.5,22.355914,12.522473,26.5,1.244086,False
2024-07-18,23.7,13.5,22.33086,12.493871,26.6,1.36914,False
2024-07-19,22.2,11.0,22.294839,12.466344,26.6,-0.094839,False
2024-07-20,21.7,9.9,22.279462,12.438172,26.6,-0.579462,False
2024-07-21,23.7,10.9,22.264839,12.427097,26.6,1.435161,False
2024-07-22,25.3,11.7,22.28172,12.426344,26.7,3.01828,False
2024-07-23,24.4,8.4,22.354086,12.443333,26.7,2.045914,False
2024-07-24,24.8,10.9,22.424301,12.463763,26.8,2.375699,False
2024-07-25,25.1,10.3,22.480323,12.502151,26.8,2.619677,False
2024-07-26,25.0,10.9,22.515591,12.528817,26.81,2.484409,False
2024-07-27,25.1,13.1,22.549462,12.511183,26.9,2.550538,False
2024-07-28,27.6,12.0,22.616774,12.515806,27.1,4.983226,False
2024-07-29,24.8,13.9,22.701398,12.546882,27.2,2.098602,False
2024-07-30,15.6,13.9,22.746774,12.561613,27.2,-7.146774,False
2024-07-31,23.0,13.0,22.772796,12.587527,27.2,0.227204,False
2024-08-01,24.9,14.2,22.801935,12.60172,27.3,2.098065,False
2024-08-02,26.2,13.5,22.830215,12.629032,27.4,3.369785,False
2024-08-03,27.6,14.8,22.88,12.655806,27.4,4.72,False
2024-08-04,27.8,15.5,22.95129,12.705806,27.5,4.84871,False
2024-08-05,27.6,16.6,22.971505,12.739247,27.5,4.628495,False
2024-08-06,28.4,15.4,22.947849,12.745591,27.5,5.452151,False
2024-08-07,28.2,16.8,22.968817,12.738925,27.5,5.231183,False
2024-08-08,28.9,16.9,23.046882,12.767634,27.6,5.853118,False
2024-08-09,21.3,14.4,23.137312,12.819785,27.8,-1.837312,False
2024-08-10,14.9,9.3,23.244409,12.855806,27.9,-8.344409,False
2024-08-11,19.1,5.6,23.333333,12.903871,28.0,-4.233333,False
2024-08-12,19.3,8.1,23.405914,12.954086,28.01,-4.105914,False
2024-08-13,14.1,6.0,23.461935,12.986882,28.2,-9.361935,False
2024-08-14,23.1,7.3,23.527312,13.022581,28.31,-0.427312,False
2024-08-15,27.7,9.3,23.640968,13.068387,28.5,4.059032,False
2024-08-16,29.6,11.2,23.752581,13.127527,28.7,5.847419,False
2024-08-17,30.7,13.0,23.82,13.195484,28.71,6.88,False
2024-08-18,30.5,13.5,23.902903,13.256344,28.8,6.597097,False
2024-08-19,30.8,14.3,23.995806,13.303118,28.9,6.804194,False
2024-08-20,30.1,15.3,24.038172,13.361505,29.0,6.061828,False
2024-08-21,28.2,13.9,24.101183,13.41172,29.2,4.098817,False
2024-08-22,30.5,15.4,24.106989,13.44086,29.2,6.393011,False
2024-08-23,31.5,17.1,24.127312,13.480215,29.3,7.372688,False
2024-08-24,25.0,13.6,24.175376,13.522473,29.5,0.824624,False
2024-08-25,15.2,9.3,24.221935,13.56,29.6,-9.021935,False
2024-08-26,16.0,6.9,24.314516,13.61086,29.8,-8.314516,False
2024-08-27,19.4,3.4,24.415054,13.7,29.9,-5.015054,False
2024-08-28,20.6,8.3,24.475914,13.783548,30.0,-3.875914,False
2024-08-29,26.0,12.1,24.518817,13.855376,30.0,1.481183,False
2024-08-30,28.7,12.8,24.574731,13.955699,30.1,4.125269,False
2024-08-31,28.3,13.2,24.640538,14.036989,30.21,3.659462,False
2024-09-01,30.4,13.1,24.68086,14.095484,30.3,5.71914,False
2024-09-02,27.5,15.7,24.719785,14.148925,30.4,2.780215,False
2024-09-03,30.6,14.7,24.775484,14.20828,30.5,5.824516,False
2024-09-04,31.6,16.3,24.854409,14.262796,30.51,6.745591,False
2024-09-05,23.8,16.2,24.895699,14.339247,30.6,-1.095699,False
2024-09-06,21.9,14.2,24.944301,14.414516,30.6,-3.044301,False
2024-09-07,31.6,15.6,24.977849,14.482258,30.7,6.622151,False
2024-09-08,32.9,17.6,25.005054,14.52914,30.9,7.894946,False
2024-09-09,32.7,17.5,25.019785,14.57129,31.0,7.680215,False
2024-09-10,32.0,15.5,24.934839,14.609677,31.0,7.065161,False
2024-09-11,32.1,17.3,24.859677,14.626022,31.02,7.240323,False
2024-09-12,33.0,17.1,24.823548,14.645376,31.2,8.176452,False
2024-09-13,32.4,17.6,24.820538,14.699032,31.2,7.579462,False
2024-09-14,30.5,20.4,24.802796,14.749247,31.2,5.697204,False
2024-09-15,21.3,16.9,24.752366,14.797312,31.02,-3.452366,False
2024-09-16,17.3,14.6,24.737312,14.860323,31.2,-7.437312,False
2024-09-17,18.3,13.6,24.741828,14.92,31.2,-6.441828,False
2024-09-18,20.6,13.8,24.714301,14.986129,31.21,-4.114301,False
2024-09-19,25.4,15.1,24.716774,15.038387,31.3,0.683226,False
2024-09-20,31.9,16.5,24.788172,15.091505,31.3,7.111828,False
2024-09-21,25.3,17.1,24.827419,15.151075,31.3,0.472581,False
2024-09-22,30.6,17.1,24.835591,15.19828,31.3,5.764409,False
2024-09-23,32.3,16.6,24.798387,15.232043,31.3,7.501613,False
2024-09-24,32.8,17.5,24.797097,15.267527,31.3,8.002903,False
2024-09-25,34.3,19.5,24.824194,15.315376,31.31,9.475806,False
2024-09-26,35.1,19.8,24.846452,15.355161,31.3,10.253548,False
2024-09-27,26.1,16.7,24.897634,15.412258,31.3,1.202366,False
2024-09-28,21.3,14.3,24.979677,15.486129,31.41,-3.679677,False
2024-09-29,28.7,14.7,25.014839,15.565914,31.5,3.685161,False
2024-09-30,31.2,16.7,25.033441,15.606452,31.5,6.166559,False
2024-10-01,34.0,19.3,25.091505,15.657527,31.5,8.908495,False
2024-10-02,35.4,19.4,25.141075,15.734946,31.5,10.258925,False
2024-10-03,22.8,15.6,25.175699,15.801505,31.5,-2.375699,False
2024-10-04,17.9,14.4,25.174624,15.844516,31.5,-7.274624,False
2024-10-05,22.7,14.6,25.143656,15.885054,31.5,-2.443656,False
2024-10-06,27.2,13.4,25.165484,15.903333,31.5,2.034516,False
2024-10-07,26.0,13.9,25.190108,15.936882,31.5,0.809892,False
2024-10-08,32.3,14.2,25.222688,15.990538,31.41,7.077312,False
2024-10-09,21.5,14.9,25.225806,16.048602,31.3,-3.725806,False
2024-10-10,24.7,16.8,25.251505,16.115054,31.2,-0.551505,False
2024-10-11,27.7,19.0,25.376667,16.212688,31.2,2.323333,False
2024-10-12,26.8,18.2,25.495591,16.319892,31.11,1.304409,False
2024-10-13,25.3,16.3,25.567312,16.388602,31.11,-0.267312,False
2024-10-14,24.2,16.4,25.623763,16.416774,31.3,-1.423763,False
2024-10-15,28.4,15.3,25.66086,16.466882,31.4,2.73914,False
2024-10-16,28.4,16.1,25.707634,16.507849,31.41,2.692366,False
2024-10-17,29.8,16.6,25.687527,16.531828,31.4,4.112473,False
2024-10-18,27.4,15.3,25.673763,16.537312,31.3,1.726237,False
2024-10-19,19.2,14.7,25.72871,16.549677,31.3,-6.52871,False
2024-10-20,19.1,14.5,25.749892,16.588602,31.4,-6.649892,False
2024-10-21,25.0,17.6,25.72914,16.621613,31.31,-0.72914,False
2024-10-22,29.6,19.1,25.715914,16.64914,31.2,3.884086,False
2024-10-23,27.1,20.7,25.755269,16.684409,31.11,1.344731,False
2024-10-24,27.4,20.1,25.814946,16.726452,31.1,1.585054,False
2024-10-25,25.8,19.1,25.859355,16.773011,31.1,-0.059355,False
2024-10-26,28.3,18.5,25.880108,16.818817,31.1,2.419892,False
2024-10-27,18.7,16.2,25.887634,16.866667,31.0,-7.187634,False
2024-10-28,21.8,16.0,25.837634,16.896129,30.8,-4.037634,False
2024-10-29,24.1,17.5,25.750753,16.91086,30.7,-1.650753,False
2024-10-30,26.4,16.0,25.677742,16.892473,30.51,0.722258,False
2024-10-31,25.7,15.2,25.670108,16.898387,30.5,0.029892,False
2024-11-01,27.8,16.1,25.634086,16.915699,30.4,2.165914,False
2024-11-02,26.9,18.7,25.627742,16.922903,30.4,1.272258,False
2024-11-03,22.5,19.1,25.630215,16.926882,30.4,-3.130215,False
2024-11-04,22.5,18.7,25.616344,16.934409,30.3,-3.116344,False
2024-11-05,26.7,18.6,25.603763,16.934839,30.3,1.096237,False
2024-11-06,26.9,20.2,25.607634,16.944839,30.3,1.292366,False
2024-11-07,22.5,20.7,25.626237,16.966237,30.2,-3.126237,False
2024-11-08,22.5,17.3,25.649247,16.985269,30.2,-3.149247,False
2024-11-09,21.5,16.5,25.685591,17.007097,30.2,-4.185591,False
2024-11-10,23.9,14.5,25.71957,17.032366,30.21,-1.81957,False
2024-11-11,29.6,14.3,25.716237,17.045914,30.3,3.883763,False
2024-11-12,29.5,17.8,25.720538,17.058172,30.3,3.779462,False
2024-11-13,19.2,15.5,25.720753,17.088602,30.2,-6.520753,False
2024-11-14,21.6,14.3,25.73043,17.12957,30.1,-4.13043,False
2024-11-15,25.5,16.2,25.737419,17.166344,30.1,-0.237419,False
2024-11-16,25.0,18.6,25.745269,17.201505,30.0,-0.745269,False
2024-11-17,27.5,17.9,25.786667,17.228387,30.0,1.713333,False
2024-11-18,30.6,17.0,25.839462,17.266667,30.0,4.760538,False
2024-11-19,29.0,17.9,25.871935,17.308925,30.0,3.128065,False
2024-11-20,30.1,16.7,25.932796,17.360323,30.0,4.167204,False
2024-11-21,24.1,18.5,25.993548,17.40828,30.0,-1.893548,False
2024-11-22,22.3,18.2,26.050215,17.466344,30.0,-3.750215,False
2024-11-23,23.9,17.4,26.117849,17.528172,30.0,-2.217849,False
2024-11-24,24.0,14.8,26.136559,17.576452,30.0,-2.136559,False
2024-11-25,28.3,14.9,26.129892,17.622043,30.0,2.170108,False
2024-11-26,31.2,17.3,26.107742,17.654624,29.91,5.092258,True
2024-11-27,32.4,19.5,26.09828,17.692796,29.9,6.30172,True
2024-11-28,32.1,21.4,26.13086,17.722258,29.91,5.96914,True
2024-11-29,26.5,19.8,26.172151,17.751075,30.0,0.327849,False
2024-11-30,28.4,21.1,26.24,17.802043,30.0,2.16,False
2024-12-01,29.9,19.6,26.28828,17.847957,30.0,3.61172,False
2024-12-02,28.0,21.6,26.322366,17.873978,30.0,1.677634,False
2024-12-03,22.5,20.2,26.360108,17.909355,30.0,-3.860108,False
2024-12-04,21.1,17.4,26.427742,17.956344,30.01,-5.327742,False
2024-12-05,26.3,17.3,26.546452,18.029355,30.11,-0.246452,False
2024-12-06,30.7,20.3,26.637527,18.111398,30.2,4.062473,False
2024-12-07,30.5,22.6,26.695484,18.199032,30.21,3.804516,False
2024-12-08,26.0,20.7,26.724409,18.264624,30.3,-0.724409,False
2024-12-09,24.7,20.1,26.754194,18.327849,30.3,-2.054194,False
2024-12-10,25.9,18.4,26.750645,18.37172,30.3,-0.850645,False
2024-12-11,24.0,16.6,26.762581,18.403978,30.3,-2.762581,False
2024-12-12,25.8,15.6,26.795591,18.427849,30.31,-0.995591,False
2024-12-13,26.1,17.1,26.823441,18.45871,30.4,-0.723441,False
2024-12-14,24.2,19.7,26.881935,18.501828,30.4,-2.681935,False
2024-12-15,28.0,19.7,26.924301,18.560753,30.4,1.075699,False
2024-12-16,29.2,20.3,26.989677,18.615699,30.41,2.210323,False
2024-12-17,26.8,16.5,27.032796,18.670323,30.51,-0.232796,False
2024-12-18,27.2,16.7,27.041613,18.720108,30.6,0.158387,False
2024-12-19,29.9,17.1,27.025914,18.766774,30.6,2.874086,False
2024-12-20,28.7,20.4,26.996989,18.800645,30.6,1.703011,False
2024-12-21,27.6,20.0,26.976452,18.82,30.6,0.623548,False
2024-12-22,27.5,19.3,26.997097,18.851935,30.6,0.502903,False
2024-12-23,23.9,19.6,27.04,18.875806,30.6,-3.14,False
2024-12-24,26.3,17.9,27.054839,18.90086,30.61,-0.754839,False
2024-12-25,28.9,18.9,27.098817,18.942581,30.7,1.801183,False
2024-12-26,23.6,20.0,27.152258,18.978602,30.7,-3.552258,False
2024-12-27,23.5,19.8,27.207527,19.008172,30.8,-3.707527,False
2024-12-28,28.5,20.5,27.237527,19.04043,30.8,1.262473,False
2024-12-29,27.5,19.2,27.261935,19.073333,30.8,0.238065,False
2024-12-30,26.2,17.9,27.311075,19.110968,30.8,-1.111075,False
2024-12-31,27.1,17.5,27.334731,19.142258,30.8,-0.234731,False
2025-01-01,27.8,17.8,27.338387,19.167419,30.9,0.461613,False
2025-01-02,30.1,19.0,27.340538,19.185054,30.9,2.759462,False
2025-01-03,28.5,20.2,27.354624,19.203441,30.9,1.145376,False
2025-01-04,27.4,20.0,27.350215,19.227957,30.9,0.049785,False
2025-01-05,27.8,17.9,27.312796,19.225376,30.9,0.487204,False
2025-01-06,29.1,19.3,27.293226,19.226882,31.0,1.806774,False
2025-01-07,26.8,19.6,27.285054,19.226667,31.0,-0.485054,False
2025-01-08,26.1,18.5,27.302903,19.234409,31.0,-1.202903,False
2025-01-09,23.9,18.5,27.328817,19.23129,30.91,-3.428817,False
2025-01-10,25.7,16.6,27.376667,19.254409,31.0,-1.676667,False
2025-01-11,26.7,15.5,27.375269,19.269247,31.0,-0.675269,False
2025-01-12,23.6,17.5,27.344409,19.275054,31.1,-3.744409,False
2025-01-13,23.3,16.3,27.355161,19.282796,31.1,-4.055161,False
2025-01-14,24.0,15.1,27.354086,19.301613,31.1,-3.354086,False
2025-01-15,26.2,17.1,27.353871,19.31172,31.1,-1.153871,False
2025-01-16,28.6,20.1,27.369032,19.312903,31.1,1.230968,False
2025-01-17,28.0,21.1,27.416667,19.311828,31.11,0.583333,False
2025-01-18,29.8,21.2,27.477419,19.331398,31.2,2.322581,False
2025-01-19,29.9,20.8,27.527527,19.345376,31.2,2.372473,False
2025-01-20,30.8,21.4,27.573118,19.353656,31.2,3.226882,False
2025-01-21,30.7,21.8,27.628925,19.361828,31.31,3.071075,False
2025-01-22,31.5,20.8,27.633011,19.367742,31.4,3.866989,False
2025-01-23,29.6,20.3,27.62172,19.371075,31.4,1.97828,False
2025-01-24,29.7,20.0,27.634086,19.370215,31.4,2.065914,False
2025-01-25,30.6,19.8,27.642581,19.370753,31.4,2.957419,False
2025-01-26,28.2,20.7,27.641613,19.374516,31.4,0.558387,False
2025-01-27,25.6,19.6,27.653441,19.374731,31.5,-2.053441,False
2025-01-28,26.9,19.2,27.671075,19.367742,31.51,-0.771075,False
2025-01-29,24.8,21.0,27.667849,19.353548,31.6,-2.867849,False
2025-01-30,25.1,20.4,27.652796,19.334086,31.6,-2.552796,False
2025-01-31,25.5,20.3,27.644086,19.330108,31.6,-2.144086,False
2025-02-01,25.1,19.8,27.641613,19.327957,31.6,-2.541613,False
2025-02-02,26.2,20.5,27.67129,19.339462,31.6,-1.47129,False
2025-02-03,25.5,20.4,27.695591,19.344301,31.6,-2.195591,False
2025-02-04,26.6,20.6,27.721075,19.352581,31.6,-1.121075,False
2025-02-05,28.7,19.7,27.750538,19.368065,31.51,0.949462,False
2025-02-06,30.4,19.5,27.777312,19.373333,31.5,2.622688,False
2025-02-07,29.7,19.9,27.810323,19.377849,31.5,1.889677,False
2025-02-08,28.6,20.1,27.844194,19.386452,31.5,0.755806,False
2025-02-09,30.2,19.0,27.850538,19.407312,31.5,2.349462,False
2025-02-10,29.9,18.4,27.833871,19.404301,31.5,2.066129,False
2025-02-11,31.6,19.4,27.851613,19.402796,31.5,3.748387,False
2025-02-12,30.9,20.4,27.891613,19.405269,31.5,3.008387,False
2025-02-13,28.9,20.3,27.88086,19.410968,31.4,1.01914,False
2025-02-14,29.4,19.6,27.863656,19.394301,31.4,1.536344,False
2025-02-15,29.9,19.3,27.848172,19.381183,31.4,2.051828,False
2025-02-16,31.9,21.6,27.805914,19.360323,31.31,4.094086,False
2025-02-17,32.8,20.6,27.762043,19.338172,31.3,5.037957,False
2025-02-18,31.1,20.8,27.730645,19.31086,31.21,3.369355,False
2025-02-19,31.6,20.2,27.720968,19.283978,31.2,3.879032,False
2025-02-20,30.9,21.3,27.719892,19.27,31.2,3.180108,False
2025-02-21,28.6,21.7,27.700323,19.262043,31.1,0.899677,False
2025-02-22,28.2,20.8,27.728602,19.250538,31.0,0.471398,False
2025-02-23,30.0,19.9,27.751505,19.249892,31.0,2.248495,False
2025-02-24,30.4,20.4,27.726667,19.254086,31.0,2.673333,False
2025-02-25,30.5,20.1,27.708817,19.241505,30.9,2.791183,False
2025-02-26,31.1,20.0,27.682903,19.217849,30.9,3.417097,False
2025-02-27,31.5,19.4,27.656022,19.202473,30.81,3.843978,False
2025-02-28,30.4,19.5,27.641183,19.191075,30.8,2.758817,False
2025-03-01,31.3,20.1,27.627419,19.188065,30.71,3.672581,True
2025-03-02,31.7,19.7,27.589677,19.176989,30.7,4.110323,True
2025-03-03,31.0,19.3,27.575376,19.142473,30.7,3.424624,True
2025-03-04,30.5,19.3,27.555054,19.121828,30.6,2.944946,False
2025-03-05,29.4,20.0,27.523978,19.096667,30.6,1.876022,False
2025-03-06,30.0,19.0,27.455914,19.074516,30.6,2.544086,False
2025-03-07,30.3,18.5,27.376022,19.038387,30.51,2.923978,False
2025-03-08,30.5,18.4,27.317527,18.989785,30.5,3.182473,False
2025-03-09,32.7,18.8,27.270968,18.96129,30.5,5.429032,False
2025-03-10,29.2,19.2,27.22,18.924194,30.41,1.98,False
2025-03-11,29.7,19.6,27.17086,18.869785,30.4,2.52914,False
2025-03-12,30.5,19.7,27.128065,18.820215,30.4,3.371935,False
2025-03-13,29.6,19.5,27.095054,18.770753,30.4,2.504946,False
2025-03-14,27.6,19.5,27.05043,18.736882,30.3,0.54957,False
2025-03-15,26.9,19.7,27.001828,18.709677,30.3,-0.101828,False
2025-03-16,23.4,19.3,26.976989,18.677957,30.21,-3.576989,False
2025-03-17,26.2,18.4,26.966989,18.656022,30.2,-0.766989,False
2025-03-18,28.6,18.9,26.934624,18.630108,30.1,1.665376,False
2025-03-19,23.5,18.7,26.905806,18.602043,30.1,-3.405806,False
2025-03-20,24.2,16.5,26.870108,18.565699,30.01,-2.670108,False
2025-03-21,26.1,16.1,26.830968,18.526452,30.0,-0.730968,False
2025-03-22,29.3,17.6,26.787849,18.489677,30.0,2.512151,False
2025-03-23,25.8,19.0,26.734516,18.456989,29.9,-0.934516,False
2025-03-24,28.3,17.8,26.667312,18.415699,29.8,1.632688,False
2025-03-25,28.1,18.5,26.577957,18.367312,29.7,1.522043,False
2025-03-26,24.7,18.8,26.503441,18.309462,29.7,-1.803441,False
2025-03-27,27.6,17.6,26.492796,18.249355,29.6,1.107204,False
2025-03-28,29.0,18.6,26.471828,18.197527,29.6,2.528172,False
2025-03-29,28.3,18.4,26.426452,18.152043,29.6,1.873548,False
2025-03-30,27.6,18.7,26.373011,18.1,29.5,1.226989,False
2025-03-31,26.3,18.6,26.34172,18.044409,29.5,-0.04172,False
2025-04-01,28.5,19.3,26.322151,17.995914,29.5,2.177849,False
2025-04-02,30.9,19.7,26.296344,17.935699,29.5,4.603656,False
2025-04-03,27.0,20.7,26.247634,17.869355,29.5,0.752366,False
2025-04-04,25.2,19.4,26.216237,17.789892,29.5,-1.016237,False
2025-04-05,19.5,15.8,26.164516,17.720645,29.41,-6.664516,False
2025-04-06,19.6,15.4,26.153656,17.66,29.41,-6.553656,False
2025-04-07,21.1,15.8,26.139677,17.62,29.5,-5.039677,False
2025-04-08,26.5,14.4,26.12043,17.586344,29.41,0.37957,False
2025-04-09,28.4,18.4,26.103011,17.535914,29.4,2.296989,False
2025-04-10,24.5,18.5,26.077634,17.497204,29.4,-1.577634,False
2025-04-11,24.8,17.0,26.026022,17.463548,29.3,-1.226022,False
2025-04-12,25.6,16.5,25.948495,17.391075,29.21,-0.348495,False
2025-04-13,26.7,17.7,25.862688,17.32043,29.2,0.837312,False
2025-04-14,22.4,18.0,25.808495,17.241613,29.2,-3.408495,False
2025-04-15,24.6,15.9,25.761828,17.154946,29.1,-1.161828,False
2025-04-16,24.5,17.3,25.696452,17.057849,29.1,-1.196452,False
2025-04-17,25.6,17.4,25.624301,16.967849,29.1,-0.024301,False
2025-04-18,26.4,18.3,25.565591,16.880753,29.1,0.834409,False
2025-04-19,26.5,18.5,25.519677,16.794301,29.0,0.980323,False
2025-04-20,21.8,18.1,25.465054,16.719247,29.0,-3.665054,False
2025-04-21,21.7,16.3,25.37871,16.643978,28.9,-3.67871,False
2025-04-22,21.6,14.7,25.277097,16.558925,28.8,-3.677097,False
2025-04-23,24.4,14.9,25.186667,16.457097,28.71,-0.786667,False
2025-04-24,25.6,17.3,25.101398,16.338817,28.7,0.498602,False
2025-04-25,20.7,17.7,25.012043,16.232903,28.7,-4.312043,False
2025-04-26,25.8,17.7,24.940753,16.149247,28.6,0.859247,False
2025-04-27,26.2,18.5,24.829355,16.064194,28.4,1.370645,False
2025-04-28,23.6,18.7,24.710538,15.975914,28.4,-1.110538,False
2025-04-29,22.1,15.8,24.60914,15.897204,28.4,-2.50914,False
2025-04-30,22.2,13.5,24.513871,15.806022,28.3,-2.313871,False
2025-05-01,22.9,14.4,24.41172,15.718925,28.2,-1.51172,False
2025-05-02,23.9,13.8,24.300968,15.619892,28.11,-0.400968,False
2025-05-03,24.5,14.0,24.222473,15.538065,28.1,0.277527,False
2025-05-04,23.8,14.7,24.116559,15.483011,28.0,-0.316559,False
2025-05-05,24.1,13.9,24.011828,15.415484,27.9,0.088172,False
2025-05-06,24.9,15.0,23.938495,15.341183,27.8,0.961505,False
2025-05-07,25.7,14.6,23.864946,15.268925,27.71,1.835054,False
2025-05-08,27.5,15.7,23.758817,15.169785,27.7,3.741183,False
2025-05-09,28.3,18.0,23.60828,15.056882,27.5,4.69172,False
2025-05-10,24.7,16.7,23.468925,14.948925,27.4,1.231075,False
2025-05-11,17.1,14.9,23.370323,14.85172,27.2,-6.270323,False
2025-05-12,20.4,14.8,23.277204,14.754731,27.2,-2.877204,False
2025-05-13,22.0,15.2,23.200645,14.68828,27.0,-1.200645,False
2025-05-14,21.7,13.2,23.134839,14.621398,26.9,-1.434839,False
2025-05-15,22.5,12.0,23.051183,14.545484,26.8,-0.551183,False
2025-05-16,24.1,14.1,22.958925,14.475591,26.8,1.141075,False
2025-05-17,25.2,14.2,22.863011,14.408172,26.7,2.336989,False
2025-05-18,26.2,13.8,22.759785,14.338602,26.6,3.440215,False
2025-05-19,26.2,14.2,22.667097,14.269355,26.5,3.532903,False
2025-05-20,26.3,13.8,22.583226,14.201183,26.4,3.716774,False
2025-05-21,25.6,14.8,22.499462,14.149247,26.3,3.100538,False
2025-05-22,23.5,16.7,22.469677,14.096774,26.2,1.030323,False
2025-05-23,20.5,16.8,22.463978,14.054731,26.2,-1.963978,False
2025-05-24,21.0,15.5,22.435161,14.011935,26.2,-1.435161,False
2025-05-25,24.9,13.5,22.41086,13.980753,26.2,2.48914,False
2025-05-26,25.0,13.5,22.395591,13.961075,26.2,2.604409,False
2025-05-27,24.6,15.0,22.364409,13.920753,26.2,2.235591,False
2025-05-28,24.7,18.4,22.32957,13.86957,26.2,2.37043,False
2025-05-29,19.7,12.5,22.308065,13.807527,26.2,-2.608065,False
2025-05-30,18.6,7.4,22.300753,13.74,26.1,-3.700753,False
2025-05-31,22.8,12.4,22.29828,13.689355,26.1,0.50172,False
2025-06-01,21.6,11.6,22.288925,13.63871,26.0,-0.688925,False
2025-06-02,23.0,14.3,22.313441,13.616022,26.0,0.686559,False
2025-06-03,21.3,15.5,22.315914,13.581398,26.0,-1.015914,False
2025-06-04,25.9,14.6,22.328817,13.556237,26.0,3.571183,False
2025-06-05,23.4,16.1,22.301505,13.544624,26.0,1.098495,False
2025-06-06,18.4,16.3,22.270968,13.519355,25.9,-3.870968,False
2025-06-07,22.2,15.2,22.233011,13.476022,25.9,-0.033011,False
2025-06-08,19.4,15.0,22.250323,13.43828,25.9,-2.850323,False
2025-06-09,17.8,14.8,22.297634,13.427097,25.9,-4.497634,False
2025-06-10,17.9,13.5,22.316022,13.423548,26.0,-4.416022,False
2025-06-11,16.1,11.2,22.286559,13.405054,26.0,-6.186559,False
2025-06-12,15.0,9.7,22.291505,13.372043,26.0,-7.291505,False
2025-06-13,18.9,9.2,22.303656,13.335591,26.0,-3.403656,False
2025-06-14,19.7,9.7,22.323226,13.316774,26.0,-2.623226,False
2025-06-15,19.0,11.8,22.342043,13.302473,26.0,-3.342043,False
2025-06-16,23.8,11.2,22.374086,13.286129,26.0,1.425914,False
2025-06-17,24.4,11.6,22.430215,13.286129,26.1,1.969785,False
2025-06-18,23.4,11.3,22.475161,13.287097,26.1,0.924839,False
2025-06-19,24.8,10.9,22.502258,13.279032,26.11,2.297742,False
2025-06-20,25.2,12.8,22.513118,13.26043,26.11,2.686882,False
2025-06-21,22.9,15.4,22.544839,13.239032,26.2,0.355161,False
2025-06-22,21.9,15.8,22.534301,13.201183,26.2,-0.634301,False
2025-06-23,23.1,16.7,22.492903,13.163763,26.2,0.607097,False
2025-06-24,17.6,8.6,22.483441,13.130538,26.2,-4.883441,False
2025-06-25,19.1,4.6,22.455806,13.102258,26.2,-3.355806,False
2025-06-26,25.7,10.1,22.419785,13.068602,26.2,3.280215,False
2025-06-27,22.1,15.8,22.372903,13.019032,26.2,-0.272903,False
2025-06-28,24.7,15.3,22.35828,12.972473,26.2,2.34172,False
2025-06-29,26.1,18.1,22.34957,12.948925,26.11,3.75043,False
2025-06-30,20.3,15.1,22.340108,12.921183,26.1,-2.040108,False
2025-07-01,15.2,12.0,22.325054,12.904624,26.11,-7.125054,False
2025-07-02,12.6,10.5,22.317527,12.880968,26.11,-9.717527,False
2025-07-03,13.0,10.2,22.273548,12.84957,26.1,-9.273548,False
2025-07-04,17.9,11.4,22.229677,12.816344,26.1,-4.329677,False
2025-07-05,21.0,10.2,22.242473,12.76957,26.2,-1.242473,False
2025-07-06,18.0,10.2,22.301398,12.733871,26.21,-4.301398,False
2025-07-07,19.9,10.6,22.320753,12.71914,26.31,-2.420753,False
2025-07-08,21.2,10.8,22.334516,12.702581,26.4,-1.134516,False
2025-07-09,18.5,10.3,22.303978,12.68129,26.4,-3.803978,False
2025-07-10,20.9,12.4,22.277527,12.65914,26.4,-1.377527,False
2025-07-11,22.0,12.4,22.27828,12.621935,26.4,-0.27828,False
2025-07-12,22.0,15.0,22.299785,12.586774,26.4,-0.299785,False
2025-07-13,21.9,15.1,22.317312,12.580108,26.4,-0.417312,False
2025-07-14,21.2,10.9,22.341828,12.573763,26.41,-1.141828,False
2025-07-15,22.2,9.4,22.332688,12.56043,26.41,-0.132688,False
2025-07-16,23.0,8.4,22.336344,12.53828,26.5,0.663656,False
2025-07-17,24.1,8.5,22.355914,12.522473,26.5,1.744086,False
2025-07-18,23.5,12.2,22.33086,12.493871,26.6,1.16914,False
2025-07-19,19.8,8.4,22.294839,12.466344,26.6,-2.494839,False
2025-07-20,20.1,9.8,22.279462,12.438172,26.6,-2.179462,False
2025-07-21,24.4,12.1,22.264839,12.427097,26.6,2.135161,False
2025-07-22,25.0,12.5,22.28172,12.426344,26.7,2.71828,False
2025-07-23,20.9,10.1,22.354086,12.443333,26.7,-1.454086,False
2025-07-24,19.8,11.9,22.424301,12.463763,26.8,-2.624301,False
2025-07-25,17.2,13.7,22.480323,12.502151,26.8,-5.280323,False
2025-07-26,23.7,13.2,22.515591,12.528817,26.81,1.184409,False
2025-07-27,27.5,12.1,22.549462,12.511183,26.9,4.950538,False
2025-07-28,21.8,16.4,22.616774,12.515806,27.1,-0.816774,False
2025-07-29,19.3,11.5,22.701398,12.546882,27.2,-3.401398,False
2025-07-30,16.4,5.7,22.746774,12.561613,27.2,-6.346774,False
2025-07-31,19.1,6.6,22.772796,12.587527,27.2,-3.672796,False
2025-08-01,24.2,10.0,22.801935,12.60172,27.3,1.398065,False
2025-08-02,26.0,10.0,22.830215,12.629032,27.4,3.169785,False
2025-08-03,25.3,11.0,22.88,12.655806,27.4,2.42,False
2025-08-04,23.1,10.8,22.95129,12.705806,27.5,0.14871,False
2025-08-05,18.9,13.1,22.971505,12.739247,27.5,-4.071505,False
2025-08-06,18.0,13.3,22.947849,12.745591,27.5,-4.947849,False
2025-08-07,24.7,12.5,22.968817,12.738925,27.5,1.731183,False
2025-08-08,24.3,12.3,23.046882,12.767634,27.6,1.253118,False
2025-08-09,19.3,11.2,23.137312,12.819785,27.8,-3.837312,False
2025-08-10,14.3,7.1,23.244409,12.855806,27.9,-8.944409,False
2025-08-11,17.3,8.1,23.333333,12.903871,28.0,-6.033333,False
2025-08-12,19.8,8.9,23.405914,12.954086,28.01,-3.605914,False
2025-08-13,24.8,10.1,23.461935,12.986882,28.2,1.338065,False
2025-08-14,19.4,9.6,23.527312,13.022581,28.31,-4.127312,False
2025-08-15,19.7,11.3,23.640968,13.068387,28.5,-3.940968,False
2025-08-16,22.2,13.2,23.752581,13.127527,28.7,-1.552581,False
2025-08-17,24.4,14.0,23.82,13.195484,28.71,0.58,False
2025-08-18,22.7,13.1,23.902903,13.256344,28.8,-1.202903,False
2025-08-19,25.1,12.7,23.995806,13.303118,28.9,1.104194,False
2025-08-20,27.9,16.3,24.038172,13.361505,29.0,3.861828,False
2025-08-21,30.3,16.9,24.101183,13.41172,29.2,6.198817,False
2025-08-22,31.9,16.4,24.106989,13.44086,29.2,7.793011,False
2025-08-23,31.7,18.1,24.127312,13.480215,29.3,7.572688,False
2025-08-24,21.9,14.6,24.175376,13.522473,29.5,-2.275376,False
2025-08-25,27.5,14.1,24.221935,13.56,29.6,3.278065,False
2025-08-26,22.5,13.7,24.314516,13.61086,29.8,-1.814516,False
2025-08-27,22.9,14.3,24.415054,13.7,29.9,-1.515054,False
2025-08-28,23.6,14.5,24.475914,13.783548,30.0,-0.875914,False
2025-08-29,21.3,14.5,24.518817,13.855376,30.0,-3.218817,False
2025-08-30,22.2,14.0,24.574731,13.955699,30.1,-2.374731,False
2025-08-31,23.8,13.3,24.640538,14.036989,30.21,-0.840538,False
2025-09-01,24.6,15.1,24.68086,14.095484,30.3,-0.08086,False
2025-09-02,25.8,15.4,24.719785,14.148925,30.4,1.080215,False
2025-09-03,27.4,14.8,24.775484,14.20828,30.5,2.624516,False
2025-09-04,28.3,15.3,24.854409,14.262796,30.51,3.445591,False
2025-09-05,27.5,13.9,24.895699,14.339247,30.6,2.604301,False
2025-09-06,18.7,14.9,24.944301,14.414516,30.6,-6.244301,False
2025-09-07,20.4,14.5,24.977849,14.482258,30.7,-4.577849,False
2025-09-08,28.6,15.4,25.005054,14.52914,30.9,3.594946,False
2025-09-09,26.4,20.3,25.019785,14.57129,31.0,1.380215,False
2025-09-10,26.6,12.8,24.934839,14.609677,31.0,1.665161,False
2025-09-11,30.2,11.3,24.859677,14.626022,31.02,5.340323,False
2025-09-12,21.1,12.9,24.823548,14.645376,31.2,-3.723548,False
2025-09-13,21.8,13.3,24.820538,14.699032,31.2,-3.020538,False
2025-09-14,24.9,13.1,24.802796,14.749247,31.2,0.097204,False
2025-09-15,27.7,14.3,24.752366,14.797312,31.02,2.947634,False
2025-09-16,23.2,15.9,24.737312,14.860323,31.2,-1.537312,False
2025-09-17,23.6,15.1,24.741828,14.92,31.2,-1.141828,False
2025-09-18,24.3,14.4,24.714301,14.986129,31.21,-0.414301,False
2025-09-19,30.7,15.5,24.716774,15.038387,31.3,5.983226,False
2025-09-20,32.0,17.3,24.788172,15.091505,31.3,7.211828,False
2025-09-21,33.2,20.7,24.827419,15.151075,31.3,8.372581,False
2025-09-22,23.6,17.9,24.835591,15.19828,31.3,-1.235591,False
2025-09-23,19.2,13.9,24.798387,15.232043,31.3,-5.598387,False
2025-09-24,17.8,13.2,24.797097,15.267527,31.3,-6.997097,False
2025-09-25,16.6,13.3,24.824194,15.315376,31.31,-8.224194,False
2025-09-26,18.6,12.2,24.846452,15.355161,31.3,-6.246452,False
2025-09-27,23.3,11.4,24.897634,15.412258,31.3,-1.597634,False
2025-09-28,27.3,11.9,24.979677,15.486129,31.41,2.320323,False
2025-09-29,29.0,14.9,25.014839,15.565914,31.5,3.985161,False
2025-09-30,32.2,15.4,25.033441,15.606452,31.5,7.166559,False
2025-10-01,27.0,16.0,25.091505,15.657527,31.5,1.908495,False
2025-10-02,23.8,16.4,25.141075,15.734946,31.5,-1.341075,False
2025-10-03,27.7,16.8,25.175699,15.801505,31.5,2.524301,False
2025-10-04,23.0,16.6,25.174624,15.844516,31.5,-2.174624,False
2025-10-05,31.8,17.2,25.143656,15.885054,31.5,6.656344,False
2025-10-06,33.4,19.4,25.165484,15.903333,31.5,8.234516,False
2025-10-07,26.2,15.6,25.190108,15.936882,31.5,1.009892,False
2025-10-08,17.1,14.4,25.222688,15.990538,31.41,-8.122688,False
2025-10-09,19.1,13.9,25.225806,16.048602,31.3,-6.125806,False
2025-10-10,18.9,15.0,25.251505,16.115054,31.2,-6.351505,False
2025-10-11,25.0,15.5,25.376667,16.212688,31.2,-0.376667,False
2025-10-12,28.7,16.3,25.495591,16.319892,31.11,3.204409,False
2025-10-13,24.2,18.7,25.567312,16.388602,31.11,-1.367312,False
2025-10-14,26.3,17.4,25.623763,16.416774,31.3,0.676237,False
2025-10-15,24.4,15.0,25.66086,16.466882,31.4,-1.26086,False
2025-10-16,30.2,15.9,25.707634,16.507849,31.41,4.492366,False
2025-10-17,32.7,16.7,25.687527,16.531828,31.4,7.012473,False
2025-10-18,23.1,18.5,25.673763,16.537312,31.3,-2.573763,False
2025-10-19,17.9,12.0,25.72871,16.549677,31.3,-7.82871,False
2025-10-20,17.7,10.9,25.749892,16.588602,31.4,-8.049892,False
2025-10-21,20.8,10.4,25.72914,16.621613,31.31,-4.92914,False
2025-10-22,22.4,11.2,25.715914,16.64914,31.2,-3.315914,False
2025-10-23,24.5,11.8,25.755269,16.684409,31.11,-1.255269,False
2025-10-24,25.9,12.6,25.814946,16.726452,31.1,0.085054,False
2025-10-25,30.8,15.0,25.859355,16.773011,31.1,4.940645,False
2025-10-26,31.7,17.9,25.880108,16.818817,31.1,5.819892,False
2025-10-27,22.8,16.9,25.887634,16.866667,31.0,-3.087634,False
2025-10-28,21.3,17.6,25.837634,16.896129,30.8,-4.537634,False
2025-10-29,25.7,17.6,25.750753,16.91086,30.7,-0.050753,False
2025-10-30,18.6,15.1,25.677742,16.892473,30.51,-7.077742,False
2025-10-31,20.7,14.7,25.670108,16.898387,30.5,-4.970108,False
2025-11-01,27.4,14.8,25.634086,16.915699,30.4,1.765914,False
2025-11-02,21.3,17.8,25.627742,16.922903,30.4,-4.327742,False
2025-11-03,25.4,17.8,25.630215,16.926882,30.4,-0.230215,False
2025-11-04,28.3,18.0,25.616344,16.934409,30.3,2.683656,False
2025-11-05,28.4,18.9,25.603763,16.934839,30.3,2.796237,False
2025-11-06,21.6,15.6,25.607634,16.944839,30.3,-4.007634,False
2025-11-07,27.3,13.7,25.626237,16.966237,30.2,1.673763,False
2025-11-08,24.8,17.6,25.649247,16.985269,30.2,-0.849247,False
2025-11-09,19.2,13.9,25.685591,17.007097,30.2,-6.485591,False
2025-11-10,21.8,12.3,25.71957,17.032366,30.21,-3.91957,False
2025-11-11,25.0,12.4,25.716237,17.045914,30.3,-0.716237,False
2025-11-12,29.3,14.0,25.720538,17.058172,30.3,3.579462,False
2025-11-13,25.5,16.7,25.720753,17.088602,30.2,-0.220753,False
2025-11-14,24.5,16.5,25.73043,17.12957,30.1,-1.23043,False
2025-11-15,24.4,16.3,25.737419,17.166344,30.1,-1.337419,False
2025-11-16,23.6,18.4,25.745269,17.201505,30.0,-2.145269,False
2025-11-17,25.1,20.3,25.786667,17.228387,30.0,-0.686667,False
2025-11-18,24.1,19.3,25.839462,17.266667,30.0,-1.739462,False
2025-11-19,24.9,14.8,25.871935,17.308925,30.0,-0.971935,False
2025-11-20,23.4,13.7,25.932796,17.360323,30.0,-2.532796,False
2025-11-21,30.1,13.4,25.993548,17.40828,30.0,4.106452,False
2025-11-22,28.1,17.6,26.050215,17.466344,30.0,2.049785,False
2025-11-23,23.9,17.1,26.117849,17.528172,30.0,-2.217849,False
2025-11-24,22.4,16.7,26.136559,17.576452,30.0,-3.736559,False
2025-11-25,22.6,14.3,26.129892,17.622043,30.0,-3.529892,False
2025-11-26,23.5,14.2,26.107742,17.654624,29.91,-2.607742,False
2025-11-27,24.3,12.5,26.09828,17.692796,29.9,-1.79828,False
2025-11-28,29.3,15.6,26.13086,17.722258,29.91,3.16914,False
2025-11-29,30.5,16.2,26.172151,17.751075,30.0,4.327849,True
2025-11-30,31.6,16.7,26.24,17.802043,30.0,5.36,True
2025-12-01,31.3,18.1,26.28828,17.847957,30.0,5.01172,True
2025-12-02,27.8,20.1,26.322366,17.873978,30.0,1.477634,False
2025-12-03,27.3,18.2,26.360108,17.909355,30.0,0.939892,False
2025-12-04,24.9,17.4,26.427742,17.956344,30.01,-1.527742,False
2025-12-05,27.1,15.2,26.546452,18.029355,30.11,0.553548,False
2025-12-06,29.9,16.9,26.637527,18.111398,30.2,3.262473,False
2025-12-07,30.5,18.2,26.695484,18.199032,30.21,3.804516,False
2025-12-08,28.2,20.0,26.724409,18.264624,30.3,1.475591,False
2025-12-09,21.4,19.6,26.754194,18.327849,30.3,-5.354194,False
2025-12-10,27.5,19.6,26.750645,18.37172,30.3,0.749355,False
2025-12-11,28.7,20.7,26.762581,18.403978,30.3,1.937419,False
2025-12-12,27.6,16.6,26.795591,18.427849,30.31,0.804409,False
2025-12-13,23.3,18.4,26.823441,18.45871,30.4,-3.523441,False
2025-12-14,26.4,19.9,26.881935,18.501828,30.4,-0.481935,False
2025-12-15,28.9,20.3,26.924301,18.560753,30.4,1.975699,False
2025-12-16,28.7,21.3,26.989677,18.615699,30.41,1.710323,False
2025-12-17,20.9,16.0,27.032796,18.670323,30.51,-6.132796,False
2025-12-18,22.7,15.6,27.041613,18.720108,30.6,-4.341613,False
2025-12-19,23.5,18.2,27.025914,18.766774,30.6,-3.525914,False
2025-12-20,27.7,18.5,26.996989,18.800645,30.6,0.703011,False
2025-12-21,31.4,17.6,26.976452,18.82,30.6,4.423548,False
2025-12-22,30.4,20.8,26.997097,18.851935,30.6,3.402903,False
2025-12-23,31.4,21.7,27.04,18.875806,30.6,4.36,True
2025-12-24,32.0,21.0,27.054839,18.90086,30.61,4.945161,True
2025-12-25,33.5,20.7,27.098817,18.942581,30.7,6.401183,True
2025-12-26,33.8,22.0,27.152258,18.978602,30.7,6.647742,True
2025-12-27,33.5,21.7,27.207527,19.008172,30.8,6.292473,True
2025-12-28,34.0,21.2,27.237527,19.04043,30.8,6.762473,True
2025-12-29,32.0,21.7,27.261935,19.073333,30.8,4.738065,True
2025-12-30,33.0,21.0,27.311075,19.110968,30.8,5.688925,True
2025-12-31,29.3,21.3,27.334731,19.142258,30.8,1.965269,False
