time,tmax,tmin,baselineTmax,baselineTmin,p90Tmax,tmaxAnomaly,isHotSpellDay
2006-01-01,24.0,10.3,20.113978,8.102043,23.6,3.886022,False
2006-01-02,22.9,13.9,20.013656,8.08,23.5,2.886344,False
2006-01-03,18.5,8.1,19.920215,8.042258,23.3,-1.420215,False
2006-01-04,16.7,7.1,19.839247,7.991075,23.3,-3.139247,False
2006-01-05,16.9,6.2,19.76871,7.935484,23.21,-2.86871,False
2006-01-06,18.4,5.6,19.700215,7.901398,23.2,-1.300215,False
2006-01-07,18.4,3.3,19.647204,7.885484,23.1,-1.247204,False
2006-01-08,18.1,3.4,19.626129,7.885699,23.1,-1.526129,False
2006-01-09,19.0,3.9,19.628602,7.903656,23.1,-0.628602,False
2006-01-10,19.6,6.3,19.640753,7.934839,23.1,-0.040753,False
2006-01-11,21.6,6.7,19.672151,7.975376,23.2,1.927849,False
2006-01-12,23.3,7.5,19.701075,8.02172,23.2,3.598925,False
2006-01-13,24.2,8.6,19.731935,8.082903,23.2,4.468065,False
2006-01-14,24.4,9.7,19.776129,8.150968,23.2,4.623871,False
2006-01-15,25.3,11.7,19.845699,8.21957,23.3,5.454301,False
2006-01-16,25.1,12.2,19.929247,8.268495,23.4,5.170753,False
2006-01-17,26.6,13.7,20.004839,8.303548,23.41,6.595161,False
2006-01-18,25.8,13.8,20.085161,8.34,23.6,5.714839,False
2006-01-19,22.9,11.4,20.188817,8.387957,23.71,2.711183,False
2006-01-20,24.1,10.7,20.301935,8.455269,24.0,3.798065,False
2006-01-21,21.8,10.1,20.395699,8.528817,24.01,1.404301,False
2006-01-22,20.3,6.1,20.513763,8.604301,24.2,-0.213763,False
2006-01-23,19.8,5.6,20.638817,8.695591,24.3,-0.838817,False
2006-01-24,20.8,8.0,20.744731,8.773763,24.4,0.055269,False
2006-01-25,21.2,7.3,20.850108,8.850215,24.4,0.349892,False
2006-01-26,21.5,6.4,20.94129,8.924946,24.51,0.55871,False
2006-01-27,21.7,8.0,21.042258,9.012796,24.8,0.657742,False
2006-01-28,23.1,8.9,21.163333,9.118602,25.1,1.936667,False
2006-01-29,25.8,8.5,21.28914,9.230215,25.31,4.51086,False
2006-01-30,26.0,10.3,21.417419,9.361398,25.6,4.582581,False
2006-01-31,27.7,10.1,21.532581,9.468065,25.7,6.167419,False
2006-02-01,26.1,11.7,21.68129,9.57172,25.81,4.41871,False
2006-02-02,26.6,12.9,21.839677,9.688172,26.1,4.760323,False
2006-02-03,26.1,13.0,22.015914,9.823226,26.2,4.084086,False
2006-02-04,26.2,13.1,22.197097,9.957742,26.4,4.002903,False
2006-02-05,26.8,12.2,22.380645,10.105914,26.6,4.419355,False
2006-02-06,27.5,12.4,22.569247,10.23871,26.8,4.930753,False
2006-02-07,28.6,13.7,22.757419,10.381398,26.9,5.842581,False
2006-02-08,28.1,13.6,22.914624,10.534624,27.0,5.185376,False
2006-02-09,27.4,14.3,23.071183,10.685591,27.2,4.328817,False
2006-02-10,26.9,13.1,23.216022,10.826989,27.3,3.683978,False
2006-02-11,27.5,13.1,23.344086,10.952366,27.5,4.155914,False
2006-02-12,29.4,15.4,23.488495,11.070323,27.51,5.911505,False
2006-02-13,29.9,15.9,23.637419,11.19172,27.6,6.262581,False
2006-02-14,30.1,16.5,23.786237,11.327957,27.9,6.313763,False
2006-02-15,28.0,16.0,23.932796,11.464516,28.1,4.067204,False
2006-02-16,29.5,15.4,24.102473,11.602903,28.3,5.397527,False
2006-02-17,29.5,16.9,24.276559,11.771828,28.6,5.223441,False
2006-02-18,28.2,17.9,24.457634,11.92172,28.8,3.742366,False
2006-02-19,30.2,17.6,24.618925,12.064194,29.01,5.581075,False
2006-02-20,31.7,16.9,24.792473,12.213871,29.3,6.907527,False
2006-02-21,31.7,16.9,24.967849,12.359462,29.5,6.732151,False
2006-02-22,32.3,17.3,25.141075,12.495484,29.6,7.158925,False
2006-02-23,32.6,17.3,25.301183,12.639785,29.8,7.298817,False
2006-02-24,31.9,16.9,25.500323,12.808495,30.1,6.399677,False
2006-02-25,33.2,16.8,25.704086,12.986237,30.2,7.495914,False
2006-02-26,28.6,16.9,25.889892,13.162581,30.4,2.710108,False
2006-02-27,28.9,14.9,26.056989,13.315054,30.5,2.843011,False
2006-02-28,27.0,14.1,26.215269,13.456667,30.7,0.784731,False
2006-03-01,28.0,13.7,26.392903,13.600753,30.91,1.607097,False
2006-03-02,29.5,14.1,26.615591,13.739892,31.21,2.884409,False
2006-03-03,30.1,14.1,26.866774,13.910968,31.5,3.233226,False
2006-03-04,31.2,15.1,27.111935,14.093548,31.7,4.088065,False
2006-03-05,32.0,14.8,27.347634,14.273978,31.9,4.652366,False
2006-03-06,30.2,16.6,27.550108,14.450108,32.1,2.649892,False
2006-03-07,31.4,17.8,27.747204,14.62957,32.21,3.652796,False
2006-03-08,32.6,16.5,27.955161,14.802581,32.4,4.644839,False
2006-03-09,29.7,19.0,28.17914,14.985161,32.6,1.52086,False
2006-03-10,21.0,16.4,28.386022,15.153978,33.0,-7.386022,False
2006-03-11,22.4,16.4,28.598602,15.318602,33.1,-6.198602,False
2006-03-12,24.9,15.8,28.81172,15.478065,33.4,-3.91172,False
2006-03-13,26.5,16.0,29.067312,15.654624,33.8,-2.567312,False
2006-03-14,22.0,16.0,29.307527,15.84957,34.01,-7.307527,False
2006-03-15,25.3,15.6,29.52957,16.037097,34.3,-4.22957,False
2006-03-16,27.0,14.8,29.772258,16.21871,34.6,-2.772258,False
2006-03-17,26.3,14.5,30.010753,16.402688,34.81,-3.710753,False
2006-03-18,28.1,15.3,30.266237,16.581075,35.1,-2.166237,False
2006-03-19,29.9,15.0,30.497849,16.763011,35.4,-0.597849,False
2006-03-20,31.9,17.0,30.728925,16.935699,35.61,1.171075,False
2006-03-21,29.7,17.7,30.960968,17.13043,36.1,-1.260968,False
2006-03-22,29.9,16.8,31.21172,17.335269,36.4,-1.31172,False
2006-03-23,32.9,16.1,31.433548,17.519785,36.6,1.466452,False
2006-03-24,34.1,18.6,31.657957,17.698925,36.7,2.442043,False
2006-03-25,32.0,19.5,31.866344,17.877419,36.81,0.133656,False
2006-03-26,31.2,17.9,32.11172,18.064839,37.01,-0.91172,False
2006-03-27,29.4,16.5,32.360968,18.241505,37.3,-2.960968,False
2006-03-28,29.3,16.8,32.592151,18.426559,37.6,-3.292151,False
2006-03-29,31.0,16.7,32.847742,18.622366,37.7,-1.847742,False
2006-03-30,32.3,17.9,33.134301,18.840968,37.91,-0.834301,False
2006-03-31,35.1,18.7,33.40914,19.058817,38.1,1.69086,False
2006-04-01,36.6,19.4,33.646237,19.25957,38.2,2.953763,False
2006-04-02,37.0,19.3,33.823333,19.452258,38.4,3.176667,False
2006-04-03,36.3,21.0,34.005269,19.627527,38.51,2.294731,False
2006-04-04,36.3,20.7,34.201183,19.799892,38.7,2.098817,False
2006-04-05,37.2,22.3,34.410645,19.960108,39.01,2.789355,False
2006-04-06,38.5,22.7,34.627312,20.146559,39.3,3.872688,False
2006-04-07,38.7,22.9,34.843333,20.327742,39.5,3.856667,False
2006-04-08,39.6,22.7,35.047097,20.51172,39.6,4.552903,False
2006-04-09,38.8,24.4,35.258387,20.70086,39.8,3.541613,False
2006-04-10,36.1,23.1,35.487204,20.889247,40.0,0.612796,False
2006-04-11,36.2,22.0,35.696452,21.077527,40.2,0.503548,False
2006-04-12,36.0,20.7,35.915054,21.266882,40.3,0.084946,False
2006-04-13,35.0,20.3,36.107849,21.458925,40.5,-1.107849,False
2006-04-14,37.2,19.9,36.321828,21.64,40.7,0.878172,False
2006-04-15,38.4,20.7,36.543118,21.843011,40.8,1.856882,False
2006-04-16,37.8,22.1,36.727849,22.044839,40.9,1.072151,False
2006-04-17,34.2,20.5,36.904301,22.220753,41.0,-2.704301,False
2006-04-18,33.0,20.1,37.038602,22.390215,41.01,-4.038602,False
2006-04-19,35.0,21.5,37.186022,22.557419,41.11,-2.186022,False
2006-04-20,35.4,21.5,37.332581,22.731505,41.2,-1.932581,False
2006-04-21,36.5,23.9,37.472796,22.898172,41.4,-0.972796,False
2006-04-22,37.7,23.4,37.592258,23.059892,41.6,0.107742,False
2006-04-23,38.9,24.7,37.742151,23.222366,41.7,1.157849,False
2006-04-24,39.2,24.1,37.890538,23.411935,41.7,1.309462,False
2006-04-25,40.3,23.8,38.042796,23.587634,41.8,2.257204,False
2006-04-26,41.1,26.2,38.16,23.744624,41.8,2.94,False
2006-04-27,42.1,27.5,38.258172,23.895806,41.8,3.841828,False
2006-04-28,40.9,27.1,38.365806,24.036344,41.81,2.534194,False
2006-04-29,40.8,27.8,38.477097,24.177204,41.9,2.322903,False
2006-04-30,41.2,28.4,38.595161,24.324086,42.1,2.604839,False
2006-05-01,41.9,28.2,38.696129,24.467097,42.3,3.203871,False
2006-05-02,41.1,24.8,38.802366,24.604946,42.3,2.297634,False
2006-05-03,40.2,24.5,38.939892,24.745376,42.4,1.260108,False
2006-05-04,40.8,24.7,39.05172,24.889247,42.4,1.74828,False
2006-05-05,43.4,27.0,39.123978,25.023763,42.41,4.276022,True
2006-05-06,44.5,29.2,39.19172,25.16,42.5,5.30828,True
2006-05-07,43.7,28.9,39.26957,25.267312,42.6,4.43043,True
2006-05-08,41.0,27.8,39.349785,25.394086,42.61,1.650215,False
2006-05-09,39.1,28.1,39.433978,25.518817,42.8,-0.333978,False
2006-05-10,41.0,28.5,39.504946,25.631935,42.9,1.495054,False
2006-05-11,39.8,28.2,39.559892,25.759247,43.0,0.240108,False
2006-05-12,40.4,27.0,39.638495,25.865591,43.01,0.761505,False
2006-05-13,40.7,27.9,39.686559,25.949785,43.11,1.013441,False
2006-05-14,39.3,28.9,39.714946,26.011935,43.2,-0.414946,False
2006-05-15,39.3,27.6,39.722473,26.072796,43.2,-0.422473,False
2006-05-16,38.5,27.3,39.729355,26.137419,43.3,-1.229355,False
2006-05-17,36.6,26.5,39.742473,26.207419,43.3,-3.142473,False
2006-05-18,39.1,26.7,39.762473,26.282688,43.4,-0.662473,False
2006-05-19,38.6,25.5,39.808495,26.391613,43.4,-1.208495,False
2006-05-20,37.8,25.3,39.852366,26.502688,43.41,-2.052366,False
2006-05-21,37.1,25.6,39.893656,26.604516,43.6,-2.793656,False
2006-05-22,34.7,25.0,39.927312,26.69086,43.6,-5.227312,False
2006-05-23,35.4,24.4,39.937312,26.777527,43.6,-4.537312,False
2006-05-24,39.5,28.6,39.934194,26.875484,43.7,-0.434194,False
2006-05-25,39.1,29.2,39.936129,26.94828,43.8,-0.836129,False
2006-05-26,40.1,29.8,39.953548,27.027419,43.8,0.146452,False
2006-05-27,39.8,28.9,39.963656,27.119677,43.8,-0.163656,False
2006-05-28,39.5,28.7,39.965806,27.218387,43.81,-0.465806,False
2006-05-29,38.2,28.5,39.959677,27.30828,43.9,-1.759677,False
2006-05-30,40.5,29.5,39.938817,27.384516,43.9,0.561183,False
2006-05-31,41.3,29.9,39.895699,27.449785,43.9,1.404301,False
2006-06-01,40.0,29.8,39.821505,27.505269,43.81,0.178495,False
2006-06-02,33.3,26.0,39.747527,27.560753,43.8,-6.447527,False
2006-06-03,26.8,23.3,39.665699,27.596989,43.7,-12.865699,False
2006-06-04,35.4,23.4,39.595484,27.631398,43.7,-4.195484,False
2006-06-05,36.8,25.7,39.528065,27.671935,43.71,-2.728065,False
2006-06-06,38.8,27.8,39.462796,27.726452,43.7,-0.662796,False
2006-06-07,38.6,27.1,39.398387,27.791505,43.7,-0.798387,False
2006-06-08,40.2,28.2,39.325376,27.845914,43.6,0.874624,False
2006-06-09,40.6,27.7,39.212366,27.882688,43.6,1.387634,False
2006-06-10,41.9,28.6,39.084409,27.921613,43.5,2.815591,False
2006-06-11,42.1,31.2,38.95172,27.947312,43.4,3.14828,False
2006-06-12,40.5,31.1,38.818817,27.971828,43.4,1.681183,False
2006-06-13,37.6,27.2,38.688817,28.013548,43.3,-1.088817,False
2006-06-14,37.7,27.0,38.574301,28.057312,43.2,-0.874301,False
2006-06-15,38.7,27.0,38.468172,28.107204,43.2,0.231828,False
2006-06-16,37.3,25.1,38.37043,28.141398,43.1,-1.07043,False
2006-06-17,34.3,25.1,38.273011,28.182151,42.9,-3.973011,False
2006-06-18,38.1,26.1,38.15914,28.217312,42.8,-0.05914,False
2006-06-19,37.4,25.4,38.037312,28.217312,42.7,-0.637312,False
2006-06-20,34.8,25.2,37.90086,28.22043,42.5,-3.10086,False
2006-06-21,37.7,27.4,37.765484,28.216452,42.4,-0.065484,False
2006-06-22,38.5,28.8,37.627312,28.216129,42.3,0.872688,False
2006-06-23,38.7,29.6,37.506237,28.220323,42.1,1.193763,False
2006-06-24,37.1,28.1,37.381935,28.210753,41.9,-0.281935,False
2006-06-25,35.6,27.1,37.243226,28.19,41.7,-1.643226,False
2006-06-26,34.0,26.7,37.061505,28.167312,41.4,-3.061505,False
2006-06-27,33.2,26.2,36.873118,28.126129,41.3,-3.673118,False
2006-06-28,33.8,27.1,36.722151,28.084409,41.2,-2.922151,False
2006-06-29,35.0,27.2,36.567097,28.056344,41.11,-1.567097,False
2006-06-30,34.8,27.3,36.409892,28.029892,41.0,-1.609892,False
2006-07-01,36.4,28.5,36.246022,27.995376,40.9,0.153978,False
2006-07-02,38.3,30.0,36.103871,27.971613,40.8,2.196129,False
2006-07-03,38.5,30.3,35.963656,27.940968,40.7,2.536344,False
2006-07-04,38.9,30.8,35.849247,27.928065,40.6,3.050753,False
2006-07-05,35.7,29.4,35.702903,27.904194,40.4,-0.002903,False
2006-07-06,36.4,29.4,35.553118,27.876129,40.3,0.846882,False
2006-07-07,39.8,30.5,35.40086,27.838172,40.01,4.39914,False
2006-07-08,39.2,31.7,35.262366,27.795914,39.8,3.937634,False
2006-07-09,35.2,25.9,35.133333,27.757634,39.7,0.066667,False
2006-07-10,28.3,26.1,35.022151,27.725054,39.6,-6.722151,False
2006-07-11,30.3,26.4,34.914839,27.690323,39.4,-4.614839,False
2006-07-12,29.6,26.8,34.814409,27.65129,39.2,-5.214409,False
2006-07-13,32.2,26.6,34.707312,27.621075,39.0,-2.507312,False
2006-07-14,33.9,26.5,34.605269,27.590645,38.91,-0.705269,False
2006-07-15,35.0,28.3,34.503656,27.572473,38.81,0.496344,False
2006-07-16,34.8,28.8,34.397204,27.54,38.7,0.402796,False
2006-07-17,34.4,28.6,34.276989,27.5,38.41,0.123011,False
2006-07-18,31.4,26.6,34.165591,27.452796,38.2,-2.765591,False
2006-07-19,31.8,27.3,34.062366,27.405806,38.01,-2.262366,False
2006-07-20,31.3,27.0,33.969892,27.375484,37.8,-2.669892,False
2006-07-21,33.6,27.0,33.886344,27.341935,37.51,-0.286344,False
2006-07-22,33.7,27.6,33.789892,27.320645,37.1,-0.089892,False
2006-07-23,33.0,27.8,33.709785,27.301075,36.91,-0.709785,False
2006-07-24,33.6,27.9,33.633011,27.266559,36.81,-0.033011,False
2006-07-25,31.9,27.2,33.552151,27.23129,36.7,-1.652151,False
2006-07-26,28.2,25.8,33.476667,27.207634,36.41,-5.276667,False
2006-07-27,28.2,25.9,33.442581,27.191398,36.4,-5.242581,False
2006-07-28,30.8,25.7,33.424301,27.185161,36.4,-2.624301,False
2006-07-29,32.5,26.6,33.374409,27.173226,36.3,-0.874409,False
2006-07-30,34.2,27.2,33.33129,27.155914,36.3,0.86871,False
2006-07-31,34.0,27.3,33.288495,27.125054,36.2,0.711505,False
2006-08-01,32.3,25.4,33.246559,27.100968,36.2,-0.946559,False
2006-08-02,32.6,25.3,33.223763,27.073656,36.2,-0.623763,False
2006-08-03,32.3,26.9,33.216559,27.054301,36.1,-0.916559,False
2006-08-04,34.1,27.0,33.148065,27.028925,36.1,0.951935,False
2006-08-05,32.5,27.1,33.137312,27.012258,36.0,-0.637312,False
2006-08-06,32.3,26.9,33.130108,26.993763,36.0,-0.830108,False
2006-08-07,31.9,26.4,33.11,26.966774,35.9,-1.21,False
2006-08-08,31.7,26.2,33.074946,26.943441,35.9,-1.374946,False
2006-08-09,34.1,26.7,33.045269,26.916022,35.8,1.054731,False
2006-08-10,34.5,26.7,33.024946,26.896452,35.8,1.475054,False
2006-08-11,35.4,26.7,33.021075,26.877204,35.71,2.378925,False
2006-08-12,35.4,27.1,33.022903,26.865806,35.71,2.377097,False
2006-08-13,35.4,28.5,33.028602,26.855161,35.71,2.371398,False
2006-08-14,32.2,27.3,33.032366,26.837204,35.8,-0.832366,False
2006-08-15,34.9,27.3,33.029462,26.809462,35.71,1.870538,False
2006-08-16,35.9,27.9,33.032366,26.784301,35.7,2.867634,False
2006-08-17,36.2,28.5,33.036022,26.769892,35.7,3.163978,False
2006-08-18,35.4,28.3,33.032151,26.737849,35.7,2.367849,False
2006-08-19,33.1,25.9,33.022473,26.710538,35.7,0.077527,False
2006-08-20,32.3,25.7,32.999247,26.671183,35.7,-0.699247,False
2006-08-21,33.5,27.3,32.987849,26.625591,35.7,0.512151,False
2006-08-22,33.7,27.2,32.979032,26.569247,35.7,0.720968,False
2006-08-23,32.3,26.8,32.958925,26.515699,35.7,-0.658925,False
2006-08-24,33.6,26.5,32.946452,26.468817,35.7,0.653548,False
2006-08-25,34.3,27.7,32.943441,26.433226,35.7,1.356559,False
2006-08-26,33.9,26.7,32.939355,26.393871,35.7,0.960645,False
2006-08-27,33.5,26.1,32.920968,26.352796,35.7,0.579032,False
2006-08-28,33.9,26.4,32.89957,26.310645,35.81,1.00043,False
2006-08-29,34.9,25.4,32.908602,26.269677,35.71,1.991398,False
2006-08-30,31.3,24.7,32.921183,26.224624,35.71,-1.621183,False
2006-08-31,31.6,24.8,32.930215,26.18172,35.8,-1.330215,False
2006-09-01,29.5,23.3,32.939462,26.134301,35.71,-3.439462,False
2006-09-02,28.8,23.0,32.958817,26.085806,35.71,-4.158817,False
2006-09-03,32.0,23.6,32.970753,26.032581,35.8,-0.970753,False
2006-09-04,32.6,24.3,33.014301,25.983226,35.81,-0.414301,False
2006-09-05,33.6,26.1,33.031613,25.933871,35.9,0.568387,False
2006-09-06,33.7,26.7,33.050968,25.87957,35.9,0.649032,False
2006-09-07,33.3,26.4,33.054301,25.81828,35.9,0.245699,False
2006-09-08,33.9,26.2,33.054839,25.739892,35.9,0.845161,False
2006-09-09,34.2,26.5,33.054086,25.647849,35.91,1.145914,False
2006-09-10,34.2,26.8,33.08129,25.548602,36.0,1.11871,False
2006-09-11,35.1,27.0,33.096344,25.454516,36.0,2.003656,False
2006-09-12,36.0,27.3,33.120323,25.361828,36.0,2.879677,False
2006-09-13,35.0,26.6,33.15129,25.263871,36.1,1.84871,False
2006-09-14,33.7,26.1,33.173118,25.165591,36.1,0.526882,False
2006-09-15,34.5,25.9,33.19828,25.055914,36.1,1.30172,False
2006-09-16,34.5,26.3,33.227634,24.945054,36.1,1.272366,False
2006-09-17,34.6,26.7,33.247312,24.820968,36.2,1.352688,False
2006-09-18,35.6,26.6,33.271613,24.709677,36.2,2.328387,False
2006-09-19,36.8,26.6,33.290645,24.597849,36.2,3.509355,False
2006-09-20,36.4,25.5,33.317957,24.483763,36.2,3.082043,False
2006-09-21,33.3,24.9,33.334946,24.367204,36.2,-0.034946,False
2006-09-22,34.6,22.3,33.375591,24.251935,36.2,1.224409,False
2006-09-23,34.2,22.4,33.427204,24.130108,36.2,0.772796,False
2006-09-24,34.9,22.1,33.478172,24.003763,36.2,1.421828,False
2006-09-25,35.9,22.1,33.50957,23.863011,36.2,2.39043,False
2006-09-26,36.0,22.5,33.524086,23.709462,36.11,2.475914,False
2006-09-27,36.3,23.7,33.541075,23.546344,36.1,2.758925,False
2006-09-28,37.0,23.6,33.566989,23.386559,36.1,3.433011,False
2006-09-29,36.1,23.1,33.567312,23.208817,36.1,2.532688,False
2006-09-30,35.4,23.1,33.553978,23.025054,36.1,1.846022,False
2006-10-01,35.5,23.8,33.530215,22.844731,36.1,1.969785,False
2006-10-02,36.3,22.8,33.522043,22.664194,36.1,2.777957,False
2006-10-03,36.1,22.7,33.495914,22.477097,36.01,2.604086,False
2006-10-04,37.4,23.3,33.457419,22.285591,36.0,3.942581,False
2006-10-05,36.7,23.4,33.419785,22.089247,36.0,3.280215,False
2006-10-06,36.9,25.3,33.376129,21.882688,35.91,3.523871,False
2006-10-07,36.4,25.4,33.332473,21.670753,35.9,3.067527,False
2006-10-08,35.4,25.1,33.29871,21.467527,35.9,2.10129,False
2006-10-09,35.6,23.7,33.253978,21.270215,35.8,2.346022,False
2006-10-10,35.7,23.4,33.205161,21.080215,35.8,2.494839,False
2006-10-11,35.5,23.2,33.133011,20.887634,35.7,2.366989,False
2006-10-12,35.3,23.5,33.048925,20.68957,35.6,2.251075,False
2006-10-13,35.2,23.0,32.943441,20.477312,35.5,2.256559,False
2006-10-14,35.4,21.9,32.825591,20.263763,35.4,2.574409,False
2006-10-15,34.7,21.8,32.718817,20.054731,35.3,1.981183,False
2006-10-16,34.0,22.1,32.607097,19.848387,35.21,1.392903,False
2006-10-17,33.8,21.9,32.490538,19.644409,35.2,1.309462,False
2006-10-18,34.4,22.8,32.378602,19.446774,35.1,2.021398,False
2006-10-19,29.8,20.0,32.260108,19.244731,35.0,-2.460108,False
2006-10-20,27.7,18.5,32.153441,19.040108,34.9,-4.453441,False
2006-10-21,30.1,18.5,32.037957,18.836774,34.71,-1.937957,False
2006-10-22,25.0,18.0,31.913011,18.643763,34.6,-6.913011,False
2006-10-23,28.5,17.4,31.764946,18.448602,34.5,-3.264946,False
2006-10-24,29.6,17.6,31.596774,18.240323,34.3,-1.996774,False
2006-10-25,30.6,17.9,31.433226,18.036882,34.2,-0.833226,False
2006-10-26,30.5,17.8,31.273548,17.827097,34.01,-0.773548,False
2006-10-27,30.4,18.8,31.125591,17.623763,33.9,-0.725591,False
2006-10-28,30.1,19.2,30.964624,17.435806,33.8,-0.864624,False
2006-10-29,31.0,18.2,30.79914,17.249462,33.7,0.20086,False
2006-10-30,30.1,18.0,30.636022,17.087849,33.4,-0.536022,False
2006-10-31,30.4,17.8,30.477849,16.922796,33.3,-0.077849,False
2006-11-01,29.8,18.8,30.326344,16.753011,33.1,-0.526344,False
2006-11-02,29.8,18.4,30.166989,16.573011,33.0,-0.366989,False
2006-11-03,29.6,17.4,30.005914,16.390215,32.8,-0.405914,False
2006-11-04,30.3,18.0,29.832043,16.202473,32.6,0.467957,False
2006-11-05,30.6,17.0,29.649355,16.002043,32.41,0.950645,False
2006-11-06,31.1,17.2,29.474624,15.797957,32.3,1.625376,False
2006-11-07,31.1,17.7,29.287742,15.600968,32.1,1.812258,False
2006-11-08,30.3,17.6,29.116022,15.407849,31.9,1.183978,False
2006-11-09,30.2,17.9,28.944194,15.229785,31.71,1.255806,False
2006-11-10,29.9,17.3,28.772796,15.055484,31.6,1.127204,False
2006-11-11,30.4,17.0,28.601075,14.883978,31.4,1.798925,False
2006-11-12,30.0,17.5,28.432796,14.698817,31.3,1.567204,False
2006-11-13,29.8,17.2,28.263441,14.513011,31.1,1.536559,False
2006-11-14,29.2,16.0,28.100968,14.340753,30.81,1.099032,False
2006-11-15,28.8,15.7,27.926237,14.156129,30.7,0.873763,False
2006-11-16,28.4,15.5,27.741505,13.971075,30.5,0.658495,False
2006-11-17,29.1,15.3,27.55914,13.788495,30.4,1.54086,False
2006-11-18,29.4,16.8,27.378387,13.601505,30.2,2.021613,False
2006-11-19,27.2,16.6,27.213226,13.41914,30.0,-0.013226,False
2006-11-20,27.2,15.4,27.054731,13.263656,29.9,0.145269,False
2006-11-21,27.6,15.0,26.904301,13.116237,29.7,0.695699,False
2006-11-22,26.4,16.4,26.746667,12.957204,29.6,-0.346667,False
2006-11-23,26.1,13.8,26.598495,12.79914,29.5,-0.498495,False
2006-11-24,23.8,12.1,26.447204,12.653871,29.3,-2.647204,False
2006-11-25,23.3,10.5,26.275914,12.500645,29.11,-2.975914,False
2006-11-26,23.1,9.4,26.08957,12.347419,28.9,-2.98957,False
2006-11-27,22.9,9.1,25.895376,12.205806,28.71,-2.995376,False
2006-11-28,23.9,10.0,25.696989,12.049892,28.6,-1.796989,False
2006-11-29,24.9,10.5,25.502796,11.873548,28.3,-0.602796,False
2006-11-30,25.3,10.8,25.313871,11.684516,28.0,-0.013871,False
2006-12-01,25.2,11.5,25.126667,11.501613,27.9,0.073333,False
2006-12-02,24.5,11.4,24.956882,11.329677,27.7,-0.456882,False
2006-12-03,25.2,11.5,24.783441,11.166667,27.6,0.416559,False
2006-12-04,24.0,12.9,24.595806,11.019892,27.5,-0.595806,False
2006-12-05,24.6,15.6,24.416129,10.892043,27.4,0.183871,False
2006-12-06,24.3,14.6,24.24129,10.771613,27.3,0.05871,False
2006-12-07,23.3,13.0,24.056882,10.651613,27.11,-0.756882,False
2006-12-08,21.0,8.0,23.884194,10.521398,27.0,-2.884194,False
2006-12-09,20.5,8.0,23.69914,10.386237,26.9,-3.19914,False
2006-12-10,21.7,9.2,23.514839,10.238602,26.8,-1.814839,False
2006-12-11,21.4,9.6,23.330323,10.091613,26.7,-1.930323,False
2006-12-12,19.8,9.2,23.153548,9.949785,26.6,-3.353548,False
2006-12-13,21.1,9.1,22.976237,9.812473,26.41,-1.876237,False
2006-12-14,23.6,10.0,22.809892,9.680108,26.3,0.790108,False
2006-12-15,24.3,10.9,22.617742,9.544516,26.1,1.682258,False
2006-12-16,24.5,11.4,22.41914,9.436559,26.0,2.08086,False
2006-12-17,25.0,9.9,22.242258,9.333333,25.9,2.757742,False
2006-12-18,23.3,8.4,22.063763,9.246667,25.7,1.236237,False
2006-12-19,23.9,7.8,21.883226,9.161828,25.6,2.016774,False
2006-12-20,21.5,10.5,21.690215,9.065376,25.5,-0.190215,False
2006-12-21,23.5,10.7,21.507634,8.95,25.3,1.992366,False
2006-12-22,23.1,10.7,21.316667,8.843871,25.01,1.783333,False
2006-12-23,22.1,8.3,21.136989,8.731398,24.8,0.963011,False
2006-12-24,22.3,7.6,20.94914,8.625591,24.5,1.35086,False
2006-12-25,22.4,9.0,20.783118,8.52,24.3,1.616882,False
2006-12-26,19.1,9.6,20.644086,8.426989,24.2,-1.544086,False
2006-12-27,21.2,10.7,20.52,8.346129,24.0,0.68,False
2006-12-28,20.5,6.7,20.432796,8.264086,24.0,0.067204,False
2006-12-29,20.0,6.5,20.367957,8.206344,23.81,-0.367957,False
2006-12-30,20.9,6.6,20.293441,8.156989,23.8,0.606559,False
2006-12-31,20.2,8.2,20.207957,8.123871,23.7,-0.007957,False
2007-01-01,18.4,7.7,20.113978,8.102043,23.6,-1.713978,False
2007-01-02,18.9,7.5,20.013656,8.08,23.5,-1.113656,False
2007-01-03,19.4,7.4,19.920215,8.042258,23.3,-0.520215,False
2007-01-04,19.8,6.6,19.839247,7.991075,23.3,-0.039247,False
2007-01-05,19.6,6.8,19.76871,7.935484,23.21,-0.16871,False
2007-01-06,18.7,6.4,19.700215,7.901398,23.2,-1.000215,False
2007-01-07,17.8,5.3,19.647204,7.885484,23.1,-1.847204,False
2007-01-08,16.5,5.2,19.626129,7.885699,23.1,-3.126129,False
2007-01-09,19.5,6.2,19.628602,7.903656,23.1,-0.128602,False
2007-01-10,20.0,7.0,19.640753,7.934839,23.1,0.359247,False
2007-01-11,19.1,6.4,19.672151,7.975376,23.2,-0.572151,False
2007-01-12,19.8,6.0,19.701075,8.02172,23.2,0.098925,False
2007-01-13,19.9,5.9,19.731935,8.082903,23.2,0.168065,False
2007-01-14,19.8,7.0,19.776129,8.150968,23.2,0.023871,False
2007-01-15,21.3,7.4,19.845699,8.21957,23.3,1.454301,False
2007-01-16,21.5,7.1,19.929247,8.268495,23.4,1.570753,False
2007-01-17,22.4,7.9,20.004839,8.303548,23.41,2.395161,False
2007-01-18,22.3,8.0,20.085161,8.34,23.6,2.214839,False
2007-01-19,24.2,8.0,20.188817,8.387957,23.71,4.011183,False
2007-01-20,22.1,9.1,20.301935,8.455269,24.0,1.798065,False
2007-01-21,20.4,7.9,20.395699,8.528817,24.01,0.004301,False
2007-01-22,21.4,6.9,20.513763,8.604301,24.2,0.886237,False
2007-01-23,21.2,6.7,20.638817,8.695591,24.3,0.561183,False
2007-01-24,22.4,6.1,20.744731,8.773763,24.4,1.655269,False
2007-01-25,24.9,10.0,20.850108,8.850215,24.4,4.049892,False
2007-01-26,27.2,11.1,20.94129,8.924946,24.51,6.25871,False
2007-01-27,27.0,12.0,21.042258,9.012796,24.8,5.957742,False
2007-01-28,27.2,13.5,21.163333,9.118602,25.1,6.036667,False
2007-01-29,28.2,14.7,21.28914,9.230215,25.31,6.91086,False
2007-01-30,26.0,14.0,21.417419,9.361398,25.6,4.582581,False
2007-01-31,26.5,13.5,21.532581,9.468065,25.7,4.967419,False
2007-02-01,26.5,11.2,21.68129,9.57172,25.81,4.81871,False
2007-02-02,26.1,11.2,21.839677,9.688172,26.1,4.260323,False
2007-02-03,25.6,12.2,22.015914,9.823226,26.2,3.584086,False
2007-02-04,26.1,12.0,22.197097,9.957742,26.4,3.902903,False
2007-02-05,25.7,14.0,22.380645,10.105914,26.6,3.319355,False
2007-02-06,26.0,13.8,22.569247,10.23871,26.8,3.430753,False
2007-02-07,22.1,12.6,22.757419,10.381398,26.9,-0.657419,False
2007-02-08,22.5,12.7,22.914624,10.534624,27.0,-0.414624,False
2007-02-09,20.3,13.8,23.071183,10.685591,27.2,-2.771183,False
2007-02-10,16.5,14.2,23.216022,10.826989,27.3,-6.716022,False
2007-02-11,18.4,14.7,23.344086,10.952366,27.5,-4.944086,False
2007-02-12,20.4,12.4,23.488495,11.070323,27.51,-3.088495,False
2007-02-13,16.1,10.6,23.637419,11.19172,27.6,-7.537419,False
2007-02-14,17.8,10.4,23.786237,11.327957,27.9,-5.986237,False
2007-02-15,20.8,10.2,23.932796,11.464516,28.1,-3.132796,False
2007-02-16,21.0,10.5,24.102473,11.602903,28.3,-3.102473,False
2007-02-17,21.6,10.1,24.276559,11.771828,28.6,-2.676559,False
2007-02-18,22.9,10.0,24.457634,11.92172,28.8,-1.557634,False
2007-02-19,24.4,11.9,24.618925,12.064194,29.01,-0.218925,False
2007-02-20,23.7,11.8,24.792473,12.213871,29.3,-1.092473,False
2007-02-21,25.7,12.1,24.967849,12.359462,29.5,0.732151,False
2007-02-22,26.7,14.1,25.141075,12.495484,29.6,1.558925,False
2007-02-23,25.0,13.2,25.301183,12.639785,29.8,-0.301183,False
2007-02-24,25.2,13.0,25.500323,12.808495,30.1,-0.300323,False
2007-02-25,22.8,15.3,25.704086,12.986237,30.2,-2.904086,False
2007-02-26,24.5,14.0,25.889892,13.162581,30.4,-1.389892,False
2007-02-27,26.3,13.9,26.056989,13.315054,30.5,0.243011,False
2007-02-28,21.0,15.3,26.215269,13.456667,30.7,-5.215269,False
2007-03-01,21.4,13.2,26.392903,13.600753,30.91,-4.992903,False
2007-03-02,22.3,12.1,26.615591,13.739892,31.21,-4.315591,False
2007-03-03,24.1,12.0,26.866774,13.910968,31.5,-2.766774,False
2007-03-04,26.0,13.4,27.111935,14.093548,31.7,-1.111935,False
2007-03-05,27.0,14.1,27.347634,14.273978,31.9,-0.347634,False
2007-03-06,24.5,12.7,27.550108,14.450108,32.1,-3.050108,False
2007-03-07,25.3,11.9,27.747204,14.62957,32.21,-2.447204,False
2007-03-08,27.7,11.6,27.955161,14.802581,32.4,-0.255161,False
2007-03-09,27.6,14.1,28.17914,14.985161,32.6,-0.57914,False
2007-03-10,27.9,16.8,28.386022,15.153978,33.0,-0.486022,False
2007-03-11,26.4,15.7,28.598602,15.318602,33.1,-2.198602,False
2007-03-12,21.2,14.6,28.81172,15.478065,33.4,-7.61172,False
2007-03-13,23.6,14.9,29.067312,15.654624,33.8,-5.467312,False
2007-03-14,22.4,12.6,29.307527,15.84957,34.01,-6.907527,False
2007-03-15,23.5,12.2,29.52957,16.037097,34.3,-6.02957,False
2007-03-16,25.3,13.7,29.772258,16.21871,34.6,-4.472258,False
2007-03-17,27.7,15.5,30.010753,16.402688,34.81,-2.310753,False
2007-03-18,29.8,16.7,30.266237,16.581075,35.1,-0.466237,False
2007-03-19,31.5,17.3,30.497849,16.763011,35.4,1.002151,False
2007-03-20,32.6,20.5,30.728925,16.935699,35.61,1.871075,False
2007-03-21,30.6,17.6,30.960968,17.13043,36.1,-0.360968,False
2007-03-22,29.6,17.3,31.21172,17.335269,36.4,-1.61172,False
2007-03-23,27.8,15.8,31.433548,17.519785,36.6,-3.633548,False
2007-03-24,29.3,15.6,31.657957,17.698925,36.7,-2.357957,False
2007-03-25,30.4,16.5,31.866344,17.877419,36.81,-1.466344,False
2007-03-26,31.7,17.1,32.11172,18.064839,37.01,-0.41172,False
2007-03-27,33.4,16.8,32.360968,18.241505,37.3,1.039032,False
2007-03-28,34.3,17.4,32.592151,18.426559,37.6,1.707849,False
2007-03-29,35.0,20.2,32.847742,18.622366,37.7,2.152258,False
2007-03-30,36.8,20.4,33.134301,18.840968,37.91,3.665699,False
2007-03-31,38.5,21.5,33.40914,19.058817,38.1,5.09086,False
2007-04-01,38.2,21.6,33.646237,19.25957,38.2,4.553763,False
2007-04-02,33.8,19.3,33.823333,19.452258,38.4,-0.023333,False
2007-04-03,33.4,18.3,34.005269,19.627527,38.51,-0.605269,False
2007-04-04,35.5,19.2,34.201183,19.799892,38.7,1.298817,False
2007-04-05,36.5,20.9,34.410645,19.960108,39.01,2.089355,False
2007-04-06,36.8,21.1,34.627312,20.146559,39.3,2.172688,False
2007-04-07,34.9,22.3,34.843333,20.327742,39.5,0.056667,False
2007-04-08,36.4,22.3,35.047097,20.51172,39.6,1.352903,False
2007-04-09,35.9,21.6,35.258387,20.70086,39.8,0.641613,False
2007-04-10,37.8,22.2,35.487204,20.889247,40.0,2.312796,False
2007-04-11,39.1,22.3,35.696452,21.077527,40.2,3.403548,False
2007-04-12,39.2,22.9,35.915054,21.266882,40.3,3.284946,False
2007-04-13,39.6,23.2,36.107849,21.458925,40.5,3.492151,False
2007-04-14,39.8,23.8,36.321828,21.64,40.7,3.478172,False
2007-04-15,40.2,25.0,36.543118,21.843011,40.8,3.656882,False
2007-04-16,39.6,27.0,36.727849,22.044839,40.9,2.872151,False
2007-04-17,40.2,26.6,36.904301,22.220753,41.0,3.295699,False
2007-04-18,35.4,23.4,37.038602,22.390215,41.01,-1.638602,False
2007-04-19,37.5,23.6,37.186022,22.557419,41.11,0.313978,False
2007-04-20,39.7,24.9,37.332581,22.731505,41.2,2.367419,False
2007-04-21,38.5,24.8,37.472796,22.898172,41.4,1.027204,False
2007-04-22,40.7,24.8,37.592258,23.059892,41.6,3.107742,False
2007-04-23,40.7,27.5,37.742151,23.222366,41.7,2.957849,False
2007-04-24,40.9,25.5,37.890538,23.411935,41.7,3.009462,False
2007-04-25,41.3,24.7,38.042796,23.587634,41.8,3.257204,False
2007-04-26,39.9,23.7,38.16,23.744624,41.8,1.74,False
2007-04-27,41.2,23.2,38.258172,23.895806,41.8,2.941828,False
2007-04-28,42.1,25.1,38.365806,24.036344,41.81,3.734194,False
2007-04-29,42.5,25.6,38.477097,24.177204,41.9,4.022903,False
2007-04-30,40.5,27.7,38.595161,24.324086,42.1,1.904839,False
2007-05-01,39.6,27.3,38.696129,24.467097,42.3,0.903871,False
2007-05-02,37.1,24.9,38.802366,24.604946,42.3,-1.702366,False
2007-05-03,39.2,25.0,38.939892,24.745376,42.4,0.260108,False
2007-05-04,35.7,24.8,39.05172,24.889247,42.4,-3.35172,False
2007-05-05,38.0,24.8,39.123978,25.023763,42.41,-1.123978,False
2007-05-06,40.6,25.5,39.19172,25.16,42.5,1.40828,False
2007-05-07,38.1,25.6,39.26957,25.267312,42.6,-1.16957,False
2007-05-08,39.8,28.0,39.349785,25.394086,42.61,0.450215,False
2007-05-09,38.0,26.6,39.433978,25.518817,42.8,-1.433978,False
2007-05-10,39.5,26.7,39.504946,25.631935,42.9,-0.004946,False
2007-05-11,39.6,24.5,39.559892,25.759247,43.0,0.040108,False
2007-05-12,36.0,24.4,39.638495,25.865591,43.01,-3.638495,False
2007-05-13,38.0,25.0,39.686559,25.949785,43.11,-1.686559,False
2007-05-14,39.7,26.9,39.714946,26.011935,43.2,-0.014946,False
2007-05-15,43.4,28.2,39.722473,26.072796,43.2,3.677527,False
2007-05-16,40.6,27.4,39.729355,26.137419,43.3,0.870645,False
2007-05-17,38.7,27.6,39.742473,26.207419,43.3,-1.042473,False
2007-05-18,40.3,28.4,39.762473,26.282688,43.4,0.537527,False
2007-05-19,40.2,27.7,39.808495,26.391613,43.4,0.391505,False
2007-05-20,40.4,27.3,39.852366,26.502688,43.41,0.547634,False
2007-05-21,39.5,28.4,39.893656,26.604516,43.6,-0.393656,False
2007-05-22,40.0,27.9,39.927312,26.69086,43.6,0.072688,False
2007-05-23,41.3,26.2,39.937312,26.777527,43.6,1.362688,False
2007-05-24,41.5,26.3,39.934194,26.875484,43.7,1.565806,False
2007-05-25,41.1,27.8,39.936129,26.94828,43.8,1.163871,False
2007-05-26,37.1,21.9,39.953548,27.027419,43.8,-2.853548,False
2007-05-27,37.8,22.4,39.963656,27.119677,43.8,-2.163656,False
2007-05-28,39.4,23.7,39.965806,27.218387,43.81,-0.565806,False
2007-05-29,38.4,25.4,39.959677,27.30828,43.9,-1.559677,False
2007-05-30,38.8,26.9,39.938817,27.384516,43.9,-1.138817,False
2007-05-31,40.9,27.2,39.895699,27.449785,43.9,1.004301,False
2007-06-01,42.2,27.6,39.821505,27.505269,43.81,2.378495,False
2007-06-02,43.7,28.0,39.747527,27.560753,43.8,3.952473,False
2007-06-03,43.8,31.6,39.665699,27.596989,43.7,4.134301,False
2007-06-04,39.9,29.6,39.595484,27.631398,43.7,0.304516,False
2007-06-05,41.0,29.1,39.528065,27.671935,43.71,1.471935,False
2007-06-06,42.3,31.8,39.462796,27.726452,43.7,2.837204,False
2007-06-07,43.2,33.4,39.398387,27.791505,43.7,3.801613,False
2007-06-08,44.0,33.8,39.325376,27.845914,43.6,4.674624,True
2007-06-09,45.8,34.2,39.212366,27.882688,43.6,6.587634,True
2007-06-10,44.8,33.7,39.084409,27.921613,43.5,5.715591,True
2007-06-11,42.4,31.2,38.95172,27.947312,43.4,3.44828,False
2007-06-12,37.8,29.2,38.818817,27.971828,43.4,-1.018817,False
2007-06-13,38.8,28.6,38.688817,28.013548,43.3,0.111183,False
2007-06-14,37.7,27.4,38.574301,28.057312,43.2,-0.874301,False
2007-06-15,35.6,27.4,38.468172,28.107204,43.2,-2.868172,False
2007-06-16,34.3,27.0,38.37043,28.141398,43.1,-4.07043,False
2007-06-17,34.2,25.8,38.273011,28.182151,42.9,-4.073011,False
2007-06-18,32.2,25.8,38.15914,28.217312,42.8,-5.95914,False
2007-06-19,34.5,27.3,38.037312,28.217312,42.7,-3.537312,False
2007-06-20,33.0,26.9,37.90086,28.22043,42.5,-4.90086,False
2007-06-21,33.7,26.0,37.765484,28.216452,42.4,-4.065484,False
2007-06-22,36.0,26.6,37.627312,28.216129,42.3,-1.627312,False
2007-06-23,35.8,29.8,37.506237,28.220323,42.1,-1.706237,False
2007-06-24,36.8,29.6,37.381935,28.210753,41.9,-0.581935,False
2007-06-25,38.4,27.4,37.243226,28.19,41.7,1.156774,False
2007-06-26,35.5,27.3,37.061505,28.167312,41.4,-1.561505,False
2007-06-27,35.7,28.3,36.873118,28.126129,41.3,-1.173118,False
2007-06-28,30.9,26.3,36.722151,28.084409,41.2,-5.822151,False
2007-06-29,33.8,26.7,36.567097,28.056344,41.11,-2.767097,False
2007-06-30,36.2,28.8,36.409892,28.029892,41.0,-0.209892,False
2007-07-01,35.8,28.7,36.246022,27.995376,40.9,-0.446022,False
2007-07-02,35.0,27.7,36.103871,27.971613,40.8,-1.103871,False
2007-07-03,32.5,26.5,35.963656,27.940968,40.7,-3.463656,False
2007-07-04,31.2,26.8,35.849247,27.928065,40.6,-4.649247,False
2007-07-05,34.5,27.8,35.702903,27.904194,40.4,-1.202903,False
2007-07-06,35.6,28.2,35.553118,27.876129,40.3,0.046882,False
2007-07-07,34.7,27.7,35.40086,27.838172,40.01,-0.70086,False
2007-07-08,34.9,27.8,35.262366,27.795914,39.8,-0.362366,False
2007-07-09,32.3,27.2,35.133333,27.757634,39.7,-2.833333,False
2007-07-10,33.9,27.1,35.022151,27.725054,39.6,-1.122151,False
2007-07-11,36.2,28.4,34.914839,27.690323,39.4,1.285161,False
2007-07-12,37.5,27.6,34.814409,27.65129,39.2,2.685591,False
2007-07-13,34.6,27.1,34.707312,27.621075,39.0,-0.107312,False
2007-07-14,34.6,27.0,34.605269,27.590645,38.91,-0.005269,False
2007-07-15,35.0,26.8,34.503656,27.572473,38.81,0.496344,False
2007-07-16,35.0,27.0,34.397204,27.54,38.7,0.602796,False
2007-07-17,36.1,27.8,34.276989,27.5,38.41,1.823011,False
2007-07-18,37.2,29.0,34.165591,27.452796,38.2,3.034409,False
2007-07-19,38.3,30.2,34.062366,27.405806,38.01,4.237634,False
2007-07-20,36.8,30.0,33.969892,27.375484,37.8,2.830108,False
2007-07-21,36.4,29.9,33.886344,27.341935,37.51,2.513656,False
2007-07-22,36.6,29.6,33.789892,27.320645,37.1,2.810108,False
2007-07-23,35.6,27.3,33.709785,27.301075,36.91,1.890215,False
2007-07-24,32.7,27.2,33.633011,27.266559,36.81,-0.933011,False
2007-07-25,36.0,27.7,33.552151,27.23129,36.7,2.447849,False
2007-07-26,36.2,28.6,33.476667,27.207634,36.41,2.723333,False
2007-07-27,35.0,26.0,33.442581,27.191398,36.4,1.557419,False
2007-07-28,33.7,25.9,33.424301,27.185161,36.4,0.275699,False
2007-07-29,34.3,26.5,33.374409,27.173226,36.3,0.925591,False
2007-07-30,35.5,27.8,33.33129,27.155914,36.3,2.16871,False
2007-07-31,34.4,27.4,33.288495,27.125054,36.2,1.111505,False
2007-08-01,33.5,25.6,33.246559,27.100968,36.2,0.253441,False
2007-08-02,28.1,25.4,33.223763,27.073656,36.2,-5.123763,False
2007-08-03,28.6,25.1,33.216559,27.054301,36.1,-4.616559,False
2007-08-04,32.0,26.0,33.148065,27.028925,36.1,-1.148065,False
2007-08-05,32.9,27.4,33.137312,27.012258,36.0,-0.237312,False
2007-08-06,34.7,27.6,33.130108,26.993763,36.0,1.569892,False
2007-08-07,35.9,28.0,33.11,26.966774,35.9,2.79,False
2007-08-08,34.1,28.0,33.074946,26.943441,35.9,1.025054,False
2007-08-09,33.1,27.8,33.045269,26.916022,35.8,0.054731,False
2007-08-10,34.8,27.8,33.024946,26.896452,35.8,1.775054,False
2007-08-11,35.2,28.6,33.021075,26.877204,35.71,2.178925,False
2007-08-12,33.1,28.0,33.022903,26.865806,35.71,0.077097,False
2007-08-13,32.1,27.8,33.028602,26.855161,35.71,-0.928602,False
2007-08-14,32.4,27.8,33.032366,26.837204,35.8,-0.632366,False
2007-08-15,34.5,27.5,33.029462,26.809462,35.71,1.470538,False
2007-08-16,35.4,27.8,33.032366,26.784301,35.7,2.367634,False
2007-08-17,36.2,27.8,33.036022,26.769892,35.7,3.163978,False
2007-08-18,35.5,26.5,33.032151,26.737849,35.7,2.467849,False
2007-08-19,31.0,26.1,33.022473,26.710538,35.7,-2.022473,False
2007-08-20,32.6,26.0,32.999247,26.671183,35.7,-0.399247,False
2007-08-21,33.5,27.1,32.987849,26.625591,35.7,0.512151,False
2007-08-22,32.9,26.5,32.979032,26.569247,35.7,-0.079032,False
2007-08-23,33.3,26.0,32.958925,26.515699,35.7,0.341075,False
2007-08-24,34.3,28.1,32.946452,26.468817,35.7,1.353548,False
2007-08-25,33.6,27.2,32.943441,26.433226,35.7,0.656559,False
2007-08-26,34.2,26.9,32.939355,26.393871,35.7,1.260645,False
2007-08-27,34.3,27.2,32.920968,26.352796,35.7,1.379032,False
2007-08-28,31.1,26.5,32.89957,26.310645,35.81,-1.79957,False
2007-08-29,31.8,26.2,32.908602,26.269677,35.71,-1.108602,False
2007-08-30,32.4,26.4,32.921183,26.224624,35.71,-0.521183,False
2007-08-31,29.6,25.4,32.930215,26.18172,35.8,-3.330215,False
2007-09-01,32.6,25.8,32.939462,26.134301,35.71,-0.339462,False
2007-09-02,32.6,26.2,32.958817,26.085806,35.71,-0.358817,False
2007-09-03,33.5,26.3,32.970753,26.032581,35.8,0.529247,False
2007-09-04,33.3,26.4,33.014301,25.983226,35.81,0.285699,False
2007-09-05,35.1,25.9,33.031613,25.933871,35.9,2.068387,False
2007-09-06,30.4,25.4,33.050968,25.87957,35.9,-2.650968,False
2007-09-07,32.2,25.3,33.054301,25.81828,35.9,-0.854301,False
2007-09-08,33.8,25.5,33.054839,25.739892,35.9,0.745161,False
2007-09-09,33.6,26.8,33.054086,25.647849,35.91,0.545914,False
2007-09-10,33.5,26.4,33.08129,25.548602,36.0,0.41871,False
2007-09-11,33.6,25.6,33.096344,25.454516,36.0,0.503656,False
2007-09-12,34.7,24.8,33.120323,25.361828,36.0,1.579677,False
2007-09-13,33.1,24.6,33.15129,25.263871,36.1,-0.05129,False
2007-09-14,32.1,24.9,33.173118,25.165591,36.1,-1.073118,False
2007-09-15,31.9,24.9,33.19828,25.055914,36.1,-1.29828,False
2007-09-16,33.0,24.8,33.227634,24.945054,36.1,-0.227634,False
2007-09-17,35.3,25.7,33.247312,24.820968,36.2,2.052688,False
2007-09-18,35.5,27.2,33.271613,24.709677,36.2,2.228387,False
2007-09-19,35.2,26.5,33.290645,24.597849,36.2,1.909355,False
2007-09-20,34.3,26.0,33.317957,24.483763,36.2,0.982043,False
2007-09-21,35.2,27.3,33.334946,24.367204,36.2,1.865054,False
2007-09-22,34.5,25.5,33.375591,24.251935,36.2,1.124409,False
2007-09-23,34.4,25.3,33.427204,24.130108,36.2,0.972796,False
2007-09-24,33.7,25.1,33.478172,24.003763,36.2,0.221828,False
2007-09-25,31.0,23.6,33.50957,23.863011,36.2,-2.50957,False
2007-09-26,28.4,23.4,33.524086,23.709462,36.11,-5.124086,False
2007-09-27,30.1,23.5,33.541075,23.546344,36.1,-3.441075,False
2007-09-28,31.9,23.0,33.566989,23.386559,36.1,-1.666989,False
2007-09-29,31.4,23.0,33.567312,23.208817,36.1,-2.167312,False
2007-09-30,34.5,21.8,33.553978,23.025054,36.1,0.946022,False
2007-10-01,35.0,20.4,33.530215,22.844731,36.1,1.469785,False
2007-10-02,35.0,20.0,33.522043,22.664194,36.1,1.477957,False
2007-10-03,35.0,20.4,33.495914,22.477097,36.01,1.504086,False
2007-10-04,35.8,20.3,33.457419,22.285591,36.0,2.342581,False
2007-10-05,35.5,19.9,33.419785,22.089247,36.0,2.080215,False
2007-10-06,35.2,20.1,33.376129,21.882688,35.91,1.823871,False
2007-10-07,34.9,19.8,33.332473,21.670753,35.9,1.567527,False
2007-10-08,34.8,18.5,33.29871,21.467527,35.9,1.50129,False
2007-10-09,34.3,17.9,33.253978,21.270215,35.8,1.046022,False
2007-10-10,34.2,18.2,33.205161,21.080215,35.8,0.994839,False
2007-10-11,34.0,17.4,33.133011,20.887634,35.7,0.866989,False
2007-10-12,33.9,17.9,33.048925,20.68957,35.6,0.851075,False
2007-10-13,34.3,18.1,32.943441,20.477312,35.5,1.356559,False
2007-10-14,33.3,17.5,32.825591,20.263763,35.4,0.474409,False
2007-10-15,32.7,17.8,32.718817,20.054731,35.3,-0.018817,False
2007-10-16,31.0,19.7,32.607097,19.848387,35.21,-1.607097,False
2007-10-17,30.6,19.5,32.490538,19.644409,35.2,-1.890538,False
2007-10-18,32.1,18.6,32.378602,19.446774,35.1,-0.278602,False
2007-10-19,32.5,18.6,32.260108,19.244731,35.0,0.239892,False
2007-10-20,33.7,18.4,32.153441,19.040108,34.9,1.546559,False
2007-10-21,34.3,17.8,32.037957,18.836774,34.71,2.262043,False
2007-10-22,33.8,17.1,31.913011,18.643763,34.6,1.886989,False
2007-10-23,32.3,18.3,31.764946,18.448602,34.5,0.535054,False
2007-10-24,32.2,17.6,31.596774,18.240323,34.3,0.603226,False
2007-10-25,32.5,17.1,31.433226,18.036882,34.2,1.066774,False
2007-10-26,32.7,19.2,31.273548,17.827097,34.01,1.426452,False
2007-10-27,32.6,19.3,31.125591,17.623763,33.9,1.474409,False
2007-10-28,33.1,17.0,30.964624,17.435806,33.8,2.135376,False
2007-10-29,32.0,16.3,30.79914,17.249462,33.7,1.20086,False
2007-10-30,31.2,17.4,30.636022,17.087849,33.4,0.563978,False
2007-10-31,30.9,15.4,30.477849,16.922796,33.3,0.422151,False
2007-11-01,31.1,15.2,30.326344,16.753011,33.1,0.773656,False
2007-11-02,30.8,15.9,30.166989,16.573011,33.0,0.633011,False
2007-11-03,31.0,15.6,30.005914,16.390215,32.8,0.994086,False
2007-11-04,30.6,15.2,29.832043,16.202473,32.6,0.767957,False
2007-11-05,31.3,15.4,29.649355,16.002043,32.41,1.650645,False
2007-11-06,30.9,15.1,29.474624,15.797957,32.3,1.425376,False
2007-11-07,30.7,16.1,29.287742,15.600968,32.1,1.412258,False
2007-11-08,28.4,16.9,29.116022,15.407849,31.9,-0.716022,False
2007-11-09,29.2,17.0,28.944194,15.229785,31.71,0.255806,False
2007-11-10,29.4,16.3,28.772796,15.055484,31.6,0.627204,False
2007-11-11,29.9,16.5,28.601075,14.883978,31.4,1.298925,False
2007-11-12,29.7,16.1,28.432796,14.698817,31.3,1.267204,False
2007-11-13,29.1,16.5,28.263441,14.513011,31.1,0.836559,False
2007-11-14,28.9,16.0,28.100968,14.340753,30.81,0.799032,False
2007-11-15,28.8,15.5,27.926237,14.156129,30.7,0.873763,False
2007-11-16,29.0,15.0,27.741505,13.971075,30.5,1.258495,False
2007-11-17,27.8,13.5,27.55914,13.788495,30.4,0.24086,False
2007-11-18,26.8,12.5,27.378387,13.601505,30.2,-0.578387,False
2007-11-19,26.8,12.1,27.213226,13.41914,30.0,-0.413226,False
2007-11-20,27.1,11.6,27.054731,13.263656,29.9,0.045269,False
2007-11-21,27.0,11.8,26.904301,13.116237,29.7,0.095699,False
2007-11-22,27.8,11.6,26.746667,12.957204,29.6,1.053333,False
2007-11-23,27.6,11.4,26.598495,12.79914,29.5,1.001505,False
2007-11-24,27.5,11.3,26.447204,12.653871,29.3,1.052796,False
2007-11-25,27.5,12.4,26.275914,12.500645,29.11,1.224086,False
2007-11-26,27.2,12.3,26.08957,12.347419,28.9,1.11043,False
2007-11-27,26.6,11.5,25.895376,12.205806,28.71,0.704624,False
2007-11-28,26.9,11.9,25.696989,12.049892,28.6,1.203011,False
2007-11-29,26.7,14.4,25.502796,11.873548,28.3,1.197204,False
2007-11-30,25.4,12.6,25.313871,11.684516,28.0,0.086129,False
2007-12-01,25.7,12.4,25.126667,11.501613,27.9,0.573333,False
2007-12-02,22.6,13.9,24.956882,11.329677,27.7,-2.356882,False
2007-12-03,23.9,11.5,24.783441,11.166667,27.6,-0.883441,False
2007-12-04,23.1,9.7,24.595806,11.019892,27.5,-1.495806,False
2007-12-05,23.1,9.3,24.416129,10.892043,27.4,-1.316129,False
2007-12-06,23.3,9.0,24.24129,10.771613,27.3,-0.94129,False
2007-12-07,22.7,9.1,24.056882,10.651613,27.11,-1.356882,False
2007-12-08,22.9,8.8,23.884194,10.521398,27.0,-0.984194,False
2007-12-09,20.1,8.4,23.69914,10.386237,26.9,-3.59914,False
2007-12-10,22.0,11.4,23.514839,10.238602,26.8,-1.514839,False
2007-12-11,19.7,9.6,23.330323,10.091613,26.7,-3.630323,False
2007-12-12,20.9,9.3,23.153548,9.949785,26.6,-2.253548,False
2007-12-13,18.8,10.6,22.976237,9.812473,26.41,-4.176237,False
2007-12-14,19.6,9.4,22.809892,9.680108,26.3,-3.209892,False
2007-12-15,20.8,7.0,22.617742,9.544516,26.1,-1.817742,False
2007-12-16,20.5,6.9,22.41914,9.436559,26.0,-1.91914,False
2007-12-17,21.0,6.5,22.242258,9.333333,25.9,-1.242258,False
2007-12-18,21.6,6.0,22.063763,9.246667,25.7,-0.463763,False
2007-12-19,21.8,7.2,21.883226,9.161828,25.6,-0.083226,False
2007-12-20,22.5,6.8,21.690215,9.065376,25.5,0.809785,False
2007-12-21,25.0,8.9,21.507634,8.95,25.3,3.492366,False
2007-12-22,25.3,12.7,21.316667,8.843871,25.01,3.983333,False
2007-12-23,23.7,14.3,21.136989,8.731398,24.8,2.563011,False
2007-12-24,26.4,11.7,20.94914,8.625591,24.5,5.45086,False
2007-12-25,23.8,9.8,20.783118,8.52,24.3,3.016882,False
2007-12-26,22.6,7.9,20.644086,8.426989,24.2,1.955914,False
2007-12-27,21.7,7.3,20.52,8.346129,24.0,1.18,False
2007-12-28,21.5,7.6,20.432796,8.264086,24.0,1.067204,False
2007-12-29,21.1,6.2,20.367957,8.206344,23.81,0.732043,False
2007-12-30,21.4,6.5,20.293441,8.156989,23.8,1.106559,False
2007-12-31,20.3,5.8,20.207957,8.123871,23.7,0.092043,False
2008-01-01,20.1,5.2,20.113978,8.102043,23.6,-0.013978,False
2008-01-02,19.8,4.3,20.013656,8.08,23.5,-0.213656,False
2008-01-03,20.6,5.2,19.920215,8.042258,23.3,0.679785,False
2008-01-04,20.8,6.1,19.839247,7.991075,23.3,0.960753,False
2008-01-05,21.5,7.7,19.76871,7.935484,23.21,1.73129,False
2008-01-06,22.0,9.2,19.700215,7.901398,23.2,2.299785,False
2008-01-07,24.9,9.1,19.647204,7.885484,23.1,5.252796,False
2008-01-08,25.4,12.6,19.626129,7.885699,23.1,5.773871,False
2008-01-09,23.6,13.5,19.628602,7.903656,23.1,3.971398,False
2008-01-10,22.9,12.7,19.640753,7.934839,23.1,3.259247,False
2008-01-11,21.5,8.0,19.672151,7.975376,23.2,1.827849,False
2008-01-12,18.6,7.7,19.701075,8.02172,23.2,-1.101075,False
2008-01-13,20.8,9.0,19.731935,8.082903,23.2,1.068065,False
2008-01-14,21.2,8.7,19.776129,8.150968,23.2,1.423871,False
2008-01-15,22.9,10.5,19.845699,8.21957,23.3,3.054301,False
2008-01-16,24.0,11.7,19.929247,8.268495,23.4,4.070753,False
2008-01-17,24.5,14.0,20.004839,8.303548,23.41,4.495161,False
2008-01-18,22.2,10.2,20.085161,8.34,23.6,2.114839,False
2008-01-19,18.1,7.4,20.188817,8.387957,23.71,-2.088817,False
2008-01-20,18.0,6.2,20.301935,8.455269,24.0,-2.301935,False
2008-01-21,17.1,4.6,20.395699,8.528817,24.01,-3.295699,False
2008-01-22,16.1,4.1,20.513763,8.604301,24.2,-4.413763,False
2008-01-23,17.6,5.6,20.638817,8.695591,24.3,-3.038817,False
2008-01-24,18.9,5.5,20.744731,8.773763,24.4,-1.844731,False
2008-01-25,18.8,6.8,20.850108,8.850215,24.4,-2.050108,False
2008-01-26,18.2,6.2,20.94129,8.924946,24.51,-2.74129,False
2008-01-27,17.7,4.9,21.042258,9.012796,24.8,-3.342258,False
2008-01-28,15.6,4.6,21.163333,9.118602,25.1,-5.563333,False
2008-01-29,18.4,6.3,21.28914,9.230215,25.31,-2.88914,False
2008-01-30,19.4,5.7,21.417419,9.361398,25.6,-2.017419,False
2008-01-31,19.8,5.7,21.532581,9.468065,25.7,-1.732581,False
2008-02-01,19.5,5.1,21.68129,9.57172,25.81,-2.18129,False
2008-02-02,19.3,6.8,21.839677,9.688172,26.1,-2.539677,False
2008-02-03,18.0,9.9,22.015914,9.823226,26.2,-4.015914,False
2008-02-04,20.8,9.9,22.197097,9.957742,26.4,-1.397097,False
2008-02-05,18.5,9.1,22.380645,10.105914,26.6,-3.880645,False
2008-02-06,19.2,8.6,22.569247,10.23871,26.8,-3.369247,False
2008-02-07,20.6,8.7,22.757419,10.381398,26.9,-2.157419,False
2008-02-08,17.4,7.7,22.914624,10.534624,27.0,-5.514624,False
2008-02-09,18.0,7.1,23.071183,10.685591,27.2,-5.071183,False
2008-02-10,19.2,6.0,23.216022,10.826989,27.3,-4.016022,False
2008-02-11,20.6,5.4,23.344086,10.952366,27.5,-2.744086,False
2008-02-12,20.4,7.1,23.488495,11.070323,27.51,-3.088495,False
2008-02-13,21.2,7.0,23.637419,11.19172,27.6,-2.437419,False
2008-02-14,23.1,7.1,23.786237,11.327957,27.9,-0.686237,False
2008-02-15,25.3,7.7,23.932796,11.464516,28.1,1.367204,False
2008-02-16,26.4,11.4,24.102473,11.602903,28.3,2.297527,False
2008-02-17,26.9,12.0,24.276559,11.771828,28.6,2.623441,False
2008-02-18,25.3,10.9,24.457634,11.92172,28.8,0.842366,False
2008-02-19,25.9,10.5,24.618925,12.064194,29.01,1.281075,False
2008-02-20,26.5,12.1,24.792473,12.213871,29.3,1.707527,False
2008-02-21,26.7,11.4,24.967849,12.359462,29.5,1.732151,False
2008-02-22,26.8,13.9,25.141075,12.495484,29.6,1.658925,False
2008-02-23,26.6,15.6,25.301183,12.639785,29.8,1.298817,False
2008-02-24,26.6,14.0,25.500323,12.808495,30.1,1.099677,False
2008-02-25,25.3,12.7,25.704086,12.986237,30.2,-0.404086,False
2008-02-26,25.7,12.2,25.889892,13.162581,30.4,-0.189892,False
2008-02-27,27.5,11.8,26.056989,13.315054,30.5,1.443011,False
2008-02-28,29.7,13.1,26.215269,13.456667,30.7,3.484731,False
2008-02-29,30.8,12.9,26.304086,13.52871,30.805,4.495914,False
2008-03-01,32.4,15.6,26.392903,13.600753,30.91,6.007097,False
2008-03-02,31.7,15.0,26.615591,13.739892,31.21,5.084409,False
2008-03-03,30.6,17.7,26.866774,13.910968,31.5,3.733226,False
2008-03-04,32.4,16.8,27.111935,14.093548,31.7,5.288065,False
2008-03-05,32.4,16.2,27.347634,14.273978,31.9,5.052366,False
2008-03-06,32.6,17.2,27.550108,14.450108,32.1,5.049892,False
2008-03-07,31.9,18.7,27.747204,14.62957,32.21,4.152796,False
2008-03-08,29.7,18.5,27.955161,14.802581,32.4,1.744839,False
2008-03-09,30.7,18.2,28.17914,14.985161,32.6,2.52086,False
2008-03-10,29.5,18.4,28.386022,15.153978,33.0,1.113978,False
2008-03-11,29.9,18.8,28.598602,15.318602,33.1,1.301398,False
2008-03-12,30.6,19.1,28.81172,15.478065,33.4,1.78828,False
2008-03-13,26.0,15.0,29.067312,15.654624,33.8,-3.067312,False
2008-03-14,30.4,14.3,29.307527,15.84957,34.01,1.092473,False
2008-03-15,31.3,17.3,29.52957,16.037097,34.3,1.77043,False
2008-03-16,33.6,17.4,29.772258,16.21871,34.6,3.827742,False
2008-03-17,34.9,18.8,30.010753,16.402688,34.81,4.889247,False
2008-03-18,36.2,18.9,30.266237,16.581075,35.1,5.933763,False
2008-03-19,33.4,19.8,30.497849,16.763011,35.4,2.902151,False
2008-03-20,33.1,18.4,30.728925,16.935699,35.61,2.371075,False
2008-03-21,33.4,17.5,30.960968,17.13043,36.1,2.439032,False
2008-03-22,34.8,17.2,31.21172,17.335269,36.4,3.58828,False
2008-03-23,34.1,19.0,31.433548,17.519785,36.6,2.666452,False
2008-03-24,33.2,18.1,31.657957,17.698925,36.7,1.542043,False
2008-03-25,33.7,18.3,31.866344,17.877419,36.81,1.833656,False
2008-03-26,34.6,19.3,32.11172,18.064839,37.01,2.48828,False
2008-03-27,34.7,20.6,32.360968,18.241505,37.3,2.339032,False
2008-03-28,34.7,20.6,32.592151,18.426559,37.6,2.107849,False
2008-03-29,34.7,19.4,32.847742,18.622366,37.7,1.852258,False
2008-03-30,35.5,19.0,33.134301,18.840968,37.91,2.365699,False
2008-03-31,34.3,20.2,33.40914,19.058817,38.1,0.89086,False
2008-04-01,29.8,20.0,33.646237,19.25957,38.2,-3.846237,False
2008-04-02,33.9,19.3,33.823333,19.452258,38.4,0.076667,False
2008-04-03,28.3,18.9,34.005269,19.627527,38.51,-5.705269,False
2008-04-04,28.4,18.7,34.201183,19.799892,38.7,-5.801183,False
2008-04-05,27.3,16.0,34.410645,19.960108,39.01,-7.110645,False
2008-04-06,28.6,16.0,34.627312,20.146559,39.3,-6.027312,False
2008-04-07,31.7,17.3,34.843333,20.327742,39.5,-3.143333,False
2008-04-08,33.9,19.9,35.047097,20.51172,39.6,-1.147097,False
2008-04-09,35.7,22.0,35.258387,20.70086,39.8,0.441613,False
2008-04-10,36.8,22.6,35.487204,20.889247,40.0,1.312796,False
2008-04-11,37.0,23.2,35.696452,21.077527,40.2,1.303548,False
2008-04-12,36.6,24.1,35.915054,21.266882,40.3,0.684946,False
2008-04-13,38.0,22.9,36.107849,21.458925,40.5,1.892151,False
2008-04-14,38.7,22.5,36.321828,21.64,40.7,2.378172,False
2008-04-15,38.1,25.3,36.543118,21.843011,40.8,1.556882,False
2008-04-16,37.3,21.1,36.727849,22.044839,40.9,0.572151,False
2008-04-17,34.1,21.0,36.904301,22.220753,41.0,-2.804301,False
2008-04-18,36.2,21.7,37.038602,22.390215,41.01,-0.838602,False
2008-04-19,38.0,22.1,37.186022,22.557419,41.11,0.813978,False
2008-04-20,39.2,21.9,37.332581,22.731505,41.2,1.867419,False
2008-04-21,40.1,24.6,37.472796,22.898172,41.4,2.627204,False
2008-04-22,40.6,24.9,37.592258,23.059892,41.6,3.007742,False
2008-04-23,40.6,25.0,37.742151,23.222366,41.7,2.857849,False
2008-04-24,40.5,25.0,37.890538,23.411935,41.7,2.609462,False
2008-04-25,40.9,26.0,38.042796,23.587634,41.8,2.857204,False
2008-04-26,41.2,25.6,38.16,23.744624,41.8,3.04,False
2008-04-27,40.4,23.9,38.258172,23.895806,41.8,2.141828,False
2008-04-28,40.9,23.8,38.365806,24.036344,41.81,2.534194,False
2008-04-29,41.7,23.9,38.477097,24.177204,41.9,3.222903,False
2008-04-30,42.4,24.7,38.595161,24.324086,42.1,3.804839,False
2008-05-01,42.1,27.6,38.696129,24.467097,42.3,3.403871,False
2008-05-02,40.7,27.7,38.802366,24.604946,42.3,1.897634,False
2008-05-03,42.6,28.8,38.939892,24.745376,42.4,3.660108,False
2008-05-04,42.5,29.4,39.05172,24.889247,42.4,3.44828,False
2008-05-05,38.0,25.2,39.123978,25.023763,42.41,-1.123978,False
2008-05-06,39.0,25.2,39.19172,25.16,42.5,-0.19172,False
2008-05-07,37.2,25.8,39.26957,25.267312,42.6,-2.06957,False
2008-05-08,39.1,25.9,39.349785,25.394086,42.61,-0.249785,False
2008-05-09,37.0,26.5,39.433978,25.518817,42.8,-2.433978,False
2008-05-10,36.8,26.0,39.504946,25.631935,42.9,-2.704946,False
2008-05-11,37.6,25.6,39.559892,25.759247,43.0,-1.959892,False
2008-05-12,39.6,25.1,39.638495,25.865591,43.01,-0.038495,False
2008-05-13,38.4,26.0,39.686559,25.949785,43.11,-1.286559,False
2008-05-14,38.3,26.0,39.714946,26.011935,43.2,-1.414946,False
2008-05-15,39.0,25.9,39.722473,26.072796,43.2,-0.722473,False
2008-05-16,40.7,27.9,39.729355,26.137419,43.3,0.970645,False
2008-05-17,41.9,29.4,39.742473,26.207419,43.3,2.157527,False
2008-05-18,38.4,24.3,39.762473,26.282688,43.4,-1.362473,False
2008-05-19,34.1,24.4,39.808495,26.391613,43.4,-5.708495,False
2008-05-20,31.3,22.6,39.852366,26.502688,43.41,-8.552366,False
2008-05-21,25.1,20.4,39.893656,26.604516,43.6,-14.793656,False
2008-05-22,28.7,21.4,39.927312,26.69086,43.6,-11.227312,False
2008-05-23,32.4,22.1,39.937312,26.777527,43.6,-7.537312,False
2008-05-24,33.2,23.5,39.934194,26.875484,43.7,-6.734194,False
2008-05-25,35.0,24.9,39.936129,26.94828,43.8,-4.936129,False
2008-05-26,33.0,24.6,39.953548,27.027419,43.8,-6.953548,False
2008-05-27,37.0,24.5,39.963656,27.119677,43.8,-2.963656,False
2008-05-28,36.1,24.5,39.965806,27.218387,43.81,-3.865806,False
2008-05-29,38.0,24.3,39.959677,27.30828,43.9,-1.959677,False
2008-05-30,37.4,24.1,39.938817,27.384516,43.9,-2.538817,False
2008-05-31,38.9,24.5,39.895699,27.449785,43.9,-0.995699,False
2008-06-01,34.4,25.2,39.821505,27.505269,43.81,-5.421505,False
2008-06-02,36.5,25.8,39.747527,27.560753,43.8,-3.247527,False
2008-06-03,34.5,27.1,39.665699,27.596989,43.7,-5.165699,False
2008-06-04,36.8,27.4,39.595484,27.631398,43.7,-2.795484,False
2008-06-05,36.3,26.8,39.528065,27.671935,43.71,-3.228065,False
2008-06-06,37.6,26.9,39.462796,27.726452,43.7,-1.862796,False
2008-06-07,34.1,25.3,39.398387,27.791505,43.7,-5.298387,False
2008-06-08,34.4,25.3,39.325376,27.845914,43.6,-4.925376,False
2008-06-09,32.3,26.0,39.212366,27.882688,43.6,-6.912366,False
2008-06-10,34.4,25.7,39.084409,27.921613,43.5,-4.684409,False
2008-06-11,34.8,27.6,38.95172,27.947312,43.4,-4.15172,False
2008-06-12,34.3,28.0,38.818817,27.971828,43.4,-4.518817,False
2008-06-13,32.7,27.3,38.688817,28.013548,43.3,-5.988817,False
2008-06-14,34.2,27.6,38.574301,28.057312,43.2,-4.374301,False
2008-06-15,31.8,25.9,38.468172,28.107204,43.2,-6.668172,False
2008-06-16,29.2,25.9,38.37043,28.141398,43.1,-9.17043,False
2008-06-17,29.8,25.9,38.273011,28.182151,42.9,-8.473011,False
2008-06-18,32.6,26.4,38.15914,28.217312,42.8,-5.55914,False
2008-06-19,31.7,26.4,38.037312,28.217312,42.7,-6.337312,False
2008-06-20,33.0,24.9,37.90086,28.22043,42.5,-4.90086,False
2008-06-21,33.2,25.0,37.765484,28.216452,42.4,-4.565484,False
2008-06-22,33.1,26.1,37.627312,28.216129,42.3,-4.527312,False
2008-06-23,35.1,27.5,37.506237,28.220323,42.1,-2.406237,False
2008-06-24,34.3,27.4,37.381935,28.210753,41.9,-3.081935,False
2008-06-25,33.7,27.1,37.243226,28.19,41.7,-3.543226,False
2008-06-26,35.8,28.5,37.061505,28.167312,41.4,-1.261505,False
2008-06-27,31.7,25.7,36.873118,28.126129,41.3,-5.173118,False
2008-06-28,31.5,25.9,36.722151,28.084409,41.2,-5.222151,False
2008-06-29,33.9,25.7,36.567097,28.056344,41.11,-2.667097,False
2008-06-30,33.6,25.7,36.409892,28.029892,41.0,-2.809892,False
2008-07-01,34.6,26.7,36.246022,27.995376,40.9,-1.646022,False
2008-07-02,36.0,27.2,36.103871,27.971613,40.8,-0.103871,False
2008-07-03,35.5,27.4,35.963656,27.940968,40.7,-0.463656,False
2008-07-04,36.3,27.3,35.849247,27.928065,40.6,0.450753,False
2008-07-05,33.0,27.5,35.702903,27.904194,40.4,-2.702903,False
2008-07-06,29.5,26.9,35.553118,27.876129,40.3,-6.053118,False
2008-07-07,32.9,26.8,35.40086,27.838172,40.01,-2.50086,False
2008-07-08,32.4,26.1,35.262366,27.795914,39.8,-2.862366,False
2008-07-09,32.7,26.3,35.133333,27.757634,39.7,-2.433333,False
2008-07-10,33.9,26.5,35.022151,27.725054,39.6,-1.122151,False
2008-07-11,35.2,27.5,34.914839,27.690323,39.4,0.285161,False
2008-07-12,31.6,25.4,34.814409,27.65129,39.2,-3.214409,False
2008-07-13,31.4,24.8,34.707312,27.621075,39.0,-3.307312,False
2008-07-14,33.0,24.9,34.605269,27.590645,38.91,-1.605269,False
2008-07-15,34.0,26.3,34.503656,27.572473,38.81,-0.503656,False
2008-07-16,34.7,27.5,34.397204,27.54,38.7,0.302796,False
2008-07-17,33.8,27.8,34.276989,27.5,38.41,-0.476989,False
2008-07-18,35.1,28.1,34.165591,27.452796,38.2,0.934409,False
2008-07-19,34.8,27.4,34.062366,27.405806,38.01,0.737634,False
2008-07-20,34.0,27.0,33.969892,27.375484,37.8,0.030108,False
2008-07-21,33.0,26.9,33.886344,27.341935,37.51,-0.886344,False
2008-07-22,35.1,27.3,33.789892,27.320645,37.1,1.310108,False
2008-07-23,36.2,29.2,33.709785,27.301075,36.91,2.490215,False
2008-07-24,37.0,28.5,33.633011,27.266559,36.81,3.366989,False
2008-07-25,35.0,27.7,33.552151,27.23129,36.7,1.447849,False
2008-07-26,34.7,26.7,33.476667,27.207634,36.41,1.223333,False
2008-07-27,31.7,26.6,33.442581,27.191398,36.4,-1.742581,False
2008-07-28,33.3,26.1,33.424301,27.185161,36.4,-0.124301,False
2008-07-29,35.5,27.6,33.374409,27.173226,36.3,2.125591,False
2008-07-30,33.9,28.1,33.33129,27.155914,36.3,0.56871,False
2008-07-31,30.9,26.2,33.288495,27.125054,36.2,-2.388495,False
2008-08-01,32.6,26.4,33.246559,27.100968,36.2,-0.646559,False
2008-08-02,33.7,26.9,33.223763,27.073656,36.2,0.476237,False
2008-08-03,33.7,26.4,33.216559,27.054301,36.1,0.483441,False
2008-08-04,30.3,25.2,33.148065,27.028925,36.1,-2.848065,False
2008-08-05,30.1,25.2,33.137312,27.012258,36.0,-3.037312,False
2008-08-06,32.1,25.9,33.130108,26.993763,36.0,-1.030108,False
2008-08-07,29.8,25.7,33.11,26.966774,35.9,-3.31,False
2008-08-08,28.0,26.0,33.074946,26.943441,35.9,-5.074946,False
2008-08-09,33.1,25.9,33.045269,26.916022,35.8,0.054731,False
2008-08-10,32.4,27.2,33.024946,26.896452,35.8,-0.624946,False
2008-08-11,33.3,27.4,33.021075,26.877204,35.71,0.278925,False
2008-08-12,30.2,26.0,33.022903,26.865806,35.71,-2.822903,False
2008-08-13,28.4,25.9,33.028602,26.855161,35.71,-4.628602,False
2008-08-14,30.2,25.8,33.032366,26.837204,35.8,-2.832366,False
2008-08-15,30.4,25.8,33.029462,26.809462,35.71,-2.629462,False
2008-08-16,31.0,25.8,33.032366,26.784301,35.7,-2.032366,False
2008-08-17,30.8,25.6,33.036022,26.769892,35.7,-2.236022,False
2008-08-18,33.3,26.0,33.032151,26.737849,35.7,0.267849,False
2008-08-19,33.4,26.3,33.022473,26.710538,35.7,0.377527,False
2008-08-20,32.8,26.3,32.999247,26.671183,35.7,-0.199247,False
2008-08-21,29.8,27.0,32.987849,26.625591,35.7,-3.187849,False
2008-08-22,28.9,26.4,32.979032,26.569247,35.7,-4.079032,False
2008-08-23,32.2,26.5,32.958925,26.515699,35.7,-0.758925,False
2008-08-24,34.3,27.3,32.946452,26.468817,35.7,1.353548,False
2008-08-25,34.2,28.1,32.943441,26.433226,35.7,1.256559,False
2008-08-26,33.9,26.8,32.939355,26.393871,35.7,0.960645,False
2008-08-27,35.5,26.9,32.920968,26.352796,35.7,2.579032,False
2008-08-28,35.4,27.9,32.89957,26.310645,35.81,2.50043,False
2008-08-29,35.0,27.0,32.908602,26.269677,35.71,2.091398,False
2008-08-30,34.3,25.4,32.921183,26.224624,35.71,1.378817,False
2008-08-31,34.0,25.4,32.930215,26.18172,35.8,1.069785,False
2008-09-01,35.4,25.9,32.939462,26.134301,35.71,2.460538,False
2008-09-02,35.7,26.7,32.958817,26.085806,35.71,2.741183,False
2008-09-03,36.7,26.9,32.970753,26.032581,35.8,3.729247,True
2008-09-04,36.8,26.8,33.014301,25.983226,35.81,3.785699,True
2008-09-05,37.2,23.6,33.031613,25.933871,35.9,4.168387,True
2008-09-06,32.7,23.5,33.050968,25.87957,35.9,-0.350968,False
2008-09-07,32.1,24.5,33.054301,25.81828,35.9,-0.954301,False
2008-09-08,32.7,24.3,33.054839,25.739892,35.9,-0.354839,False
2008-09-09,33.9,24.9,33.054086,25.647849,35.91,0.845914,False
2008-09-10,34.4,25.3,33.08129,25.548602,36.0,1.31871,False
2008-09-11,32.8,25.6,33.096344,25.454516,36.0,-0.296344,False
2008-09-12,33.2,25.3,33.120323,25.361828,36.0,0.079677,False
2008-09-13,32.7,25.4,33.15129,25.263871,36.1,-0.45129,False
2008-09-14,33.9,25.0,33.173118,25.165591,36.1,0.726882,False
2008-09-15,32.1,25.3,33.19828,25.055914,36.1,-1.09828,False
2008-09-16,34.1,26.2,33.227634,24.945054,36.1,0.872366,False
2008-09-17,31.7,24.7,33.247312,24.820968,36.2,-1.547312,False
2008-09-18,28.8,23.1,33.271613,24.709677,36.2,-4.471613,False
2008-09-19,28.7,22.4,33.290645,24.597849,36.2,-4.590645,False
2008-09-20,27.4,22.0,33.317957,24.483763,36.2,-5.917957,False
2008-09-21,28.3,21.6,33.334946,24.367204,36.2,-5.034946,False
2008-09-22,31.4,22.0,33.375591,24.251935,36.2,-1.975591,False
2008-09-23,31.8,22.1,33.427204,24.130108,36.2,-1.627204,False
2008-09-24,32.4,22.1,33.478172,24.003763,36.2,-1.078172,False
2008-09-25,32.9,22.9,33.50957,23.863011,36.2,-0.60957,False
2008-09-26,33.7,24.6,33.524086,23.709462,36.11,0.175914,False
2008-09-27,33.4,24.9,33.541075,23.546344,36.1,-0.141075,False
2008-09-28,34.0,25.5,33.566989,23.386559,36.1,0.433011,False
2008-09-29,34.0,25.5,33.567312,23.208817,36.1,0.432688,False
2008-09-30,33.9,25.4,33.553978,23.025054,36.1,0.346022,False
2008-10-01,32.9,25.7,33.530215,22.844731,36.1,-0.630215,False
2008-10-02,33.9,25.4,33.522043,22.664194,36.1,0.377957,False
2008-10-03,33.6,25.9,33.495914,22.477097,36.01,0.104086,False
2008-10-04,34.8,25.8,33.457419,22.285591,36.0,1.342581,False
2008-10-05,34.7,25.0,33.419785,22.089247,36.0,1.280215,False
2008-10-06,32.9,23.9,33.376129,21.882688,35.91,-0.476129,False
2008-10-07,33.9,23.9,33.332473,21.670753,35.9,0.567527,False
2008-10-08,34.9,22.5,33.29871,21.467527,35.9,1.60129,False
2008-10-09,34.6,22.5,33.253978,21.270215,35.8,1.346022,False
2008-10-10,34.6,22.5,33.205161,21.080215,35.8,1.394839,False
2008-10-11,33.8,21.8,33.133011,20.887634,35.7,0.666989,False
2008-10-12,35.2,21.7,33.048925,20.68957,35.6,2.151075,False
2008-10-13,34.6,21.8,32.943441,20.477312,35.5,1.656559,False
2008-10-14,34.1,22.7,32.825591,20.263763,35.4,1.274409,False
2008-10-15,30.8,21.6,32.718817,20.054731,35.3,-1.918817,False
2008-10-16,29.7,19.4,32.607097,19.848387,35.21,-2.907097,False
2008-10-17,32.5,19.2,32.490538,19.644409,35.2,0.009462,False
2008-10-18,32.0,18.2,32.378602,19.446774,35.1,-0.378602,False
2008-10-19,32.5,17.7,32.260108,19.244731,35.0,0.239892,False
2008-10-20,32.4,17.5,32.153441,19.040108,34.9,0.246559,False
2008-10-21,32.9,18.1,32.037957,18.836774,34.71,0.862043,False
2008-10-22,32.8,19.2,31.913011,18.643763,34.6,0.886989,False
2008-10-23,32.7,19.5,31.764946,18.448602,34.5,0.935054,False
2008-10-24,32.5,19.4,31.596774,18.240323,34.3,0.903226,False
2008-10-25,31.9,18.9,31.433226,18.036882,34.2,0.466774,False
2008-10-26,31.1,19.4,31.273548,17.827097,34.01,-0.173548,False
2008-10-27,31.3,18.1,31.125591,17.623763,33.9,0.174409,False
2008-10-28,31.4,18.5,30.964624,17.435806,33.8,0.435376,False
2008-10-29,32.2,18.6,30.79914,17.249462,33.7,1.40086,False
2008-10-30,33.0,18.6,30.636022,17.087849,33.4,2.363978,False
2008-10-31,31.4,18.6,30.477849,16.922796,33.3,0.922151,False
2008-11-01,31.7,17.2,30.326344,16.753011,33.1,1.373656,False
2008-11-02,32.6,17.0,30.166989,16.573011,33.0,2.433011,False
2008-11-03,33.0,17.0,30.005914,16.390215,32.8,2.994086,False
2008-11-04,32.1,15.4,29.832043,16.202473,32.6,2.267957,False
2008-11-05,31.0,14.8,29.649355,16.002043,32.41,1.350645,False
2008-11-06,30.8,17.1,29.474624,15.797957,32.3,1.325376,False
2008-11-07,30.9,15.6,29.287742,15.600968,32.1,1.612258,False
2008-11-08,30.2,14.8,29.116022,15.407849,31.9,1.083978,False
2008-11-09,30.1,14.9,28.944194,15.229785,31.71,1.155806,False
2008-11-10,29.7,15.5,28.772796,15.055484,31.6,0.927204,False
2008-11-11,30.0,15.3,28.601075,14.883978,31.4,1.398925,False
2008-11-12,29.0,15.3,28.432796,14.698817,31.3,0.567204,False
2008-11-13,27.8,15.3,28.263441,14.513011,31.1,-0.463441,False
2008-11-14,28.1,15.1,28.100968,14.340753,30.81,-0.000968,False
2008-11-15,28.0,14.6,27.926237,14.156129,30.7,0.073763,False
2008-11-16,28.6,15.0,27.741505,13.971075,30.5,0.858495,False
2008-11-17,28.6,14.5,27.55914,13.788495,30.4,1.04086,False
2008-11-18,28.2,14.7,27.378387,13.601505,30.2,0.821613,False
2008-11-19,28.3,16.2,27.213226,13.41914,30.0,1.086774,False
2008-11-20,22.9,13.9,27.054731,13.263656,29.9,-4.154731,False
2008-11-21,24.1,12.2,26.904301,13.116237,29.7,-2.804301,False
2008-11-22,24.3,11.4,26.746667,12.957204,29.6,-2.446667,False
2008-11-23,25.0,11.4,26.598495,12.79914,29.5,-1.598495,False
2008-11-24,25.9,12.4,26.447204,12.653871,29.3,-0.547204,False
2008-11-25,26.1,11.4,26.275914,12.500645,29.11,-0.175914,False
2008-11-26,26.7,12.0,26.08957,12.347419,28.9,0.61043,False
2008-11-27,26.9,11.8,25.895376,12.205806,28.71,1.004624,False
2008-11-28,25.8,11.9,25.696989,12.049892,28.6,0.103011,False
2008-11-29,26.6,11.7,25.502796,11.873548,28.3,1.097204,False
2008-11-30,24.9,11.4,25.313871,11.684516,28.0,-0.413871,False
2008-12-01,24.1,11.9,25.126667,11.501613,27.9,-1.026667,False
2008-12-02,26.0,11.8,24.956882,11.329677,27.7,1.043118,False
2008-12-03,25.9,11.3,24.783441,11.166667,27.6,1.116559,False
2008-12-04,27.2,12.0,24.595806,11.019892,27.5,2.604194,False
2008-12-05,26.8,12.2,24.416129,10.892043,27.4,2.383871,False
2008-12-06,26.8,12.2,24.24129,10.771613,27.3,2.55871,False
2008-12-07,25.6,14.4,24.056882,10.651613,27.11,1.543118,False
2008-12-08,25.7,14.1,23.884194,10.521398,27.0,1.815806,False
2008-12-09,26.2,14.6,23.69914,10.386237,26.9,2.50086,False
2008-12-10,27.1,14.7,23.514839,10.238602,26.8,3.585161,False
2008-12-11,24.3,12.1,23.330323,10.091613,26.7,0.969677,False
2008-12-12,22.7,10.4,23.153548,9.949785,26.6,-0.453548,False
2008-12-13,23.1,9.3,22.976237,9.812473,26.41,0.123763,False
2008-12-14,22.4,8.7,22.809892,9.680108,26.3,-0.409892,False
2008-12-15,24.4,9.8,22.617742,9.544516,26.1,1.782258,False
2008-12-16,23.5,10.9,22.41914,9.436559,26.0,1.08086,False
2008-12-17,25.5,11.0,22.242258,9.333333,25.9,3.257742,False
2008-12-18,26.2,13.9,22.063763,9.246667,25.7,4.136237,False
2008-12-19,23.0,16.8,21.883226,9.161828,25.6,1.116774,False
2008-12-20,22.1,15.3,21.690215,9.065376,25.5,0.409785,False
2008-12-21,22.8,12.3,21.507634,8.95,25.3,1.292366,False
2008-12-22,21.5,10.6,21.316667,8.843871,25.01,0.183333,False
2008-12-23,22.1,10.1,21.136989,8.731398,24.8,0.963011,False
2008-12-24,21.9,8.6,20.94914,8.625591,24.5,0.95086,False
2008-12-25,23.0,7.7,20.783118,8.52,24.3,2.216882,False
2008-12-26,22.6,7.9,20.644086,8.426989,24.2,1.955914,False
2008-12-27,23.3,9.0,20.52,8.346129,24.0,2.78,False
2008-12-28,22.8,9.5,20.432796,8.264086,24.0,2.367204,False
2008-12-29,20.7,8.8,20.367957,8.206344,23.81,0.332043,False
2008-12-30,20.2,8.9,20.293441,8.156989,23.8,-0.093441,False
2008-12-31,19.6,8.3,20.207957,8.123871,23.7,-0.607957,False
2009-01-01,18.4,6.9,20.113978,8.102043,23.6,-1.713978,False
2009-01-02,20.6,6.7,20.013656,8.08,23.5,0.586344,False
2009-01-03,17.5,8.1,19.920215,8.042258,23.3,-2.420215,False
2009-01-04,17.6,8.1,19.839247,7.991075,23.3,-2.239247,False
2009-01-05,19.6,9.1,19.76871,7.935484,23.21,-0.16871,False
2009-01-06,20.4,8.3,19.700215,7.901398,23.2,0.699785,False
2009-01-07,20.3,7.5,19.647204,7.885484,23.1,0.652796,False
2009-01-08,19.3,7.5,19.626129,7.885699,23.1,-0.326129,False
2009-01-09,19.6,8.4,19.628602,7.903656,23.1,-0.028602,False
2009-01-10,21.8,9.2,19.640753,7.934839,23.1,2.159247,False
2009-01-11,20.9,8.3,19.672151,7.975376,23.2,1.227849,False
2009-01-12,21.1,8.1,19.701075,8.02172,23.2,1.398925,False
2009-01-13,21.2,7.1,19.731935,8.082903,23.2,1.468065,False
2009-01-14,22.8,9.2,19.776129,8.150968,23.2,3.023871,False
2009-01-15,22.6,8.6,19.845699,8.21957,23.3,2.754301,False
2009-01-16,23.1,11.9,19.929247,8.268495,23.4,3.170753,False
2009-01-17,23.2,13.1,20.004839,8.303548,23.41,3.195161,False
2009-01-18,23.1,14.0,20.085161,8.34,23.6,3.014839,False
2009-01-19,21.1,10.9,20.188817,8.387957,23.71,0.911183,False
2009-01-20,20.8,10.7,20.301935,8.455269,24.0,0.498065,False
2009-01-21,20.6,10.4,20.395699,8.528817,24.01,0.204301,False
2009-01-22,20.3,11.7,20.513763,8.604301,24.2,-0.213763,False
2009-01-23,24.1,12.3,20.638817,8.695591,24.3,3.461183,False
2009-01-24,24.4,12.3,20.744731,8.773763,24.4,3.655269,False
2009-01-25,24.3,12.3,20.850108,8.850215,24.4,3.449892,False
2009-01-26,24.2,11.5,20.94129,8.924946,24.51,3.25871,False
2009-01-27,23.6,10.7,21.042258,9.012796,24.8,2.557742,False
2009-01-28,22.8,10.3,21.163333,9.118602,25.1,1.636667,False
2009-01-29,22.9,9.8,21.28914,9.230215,25.31,1.61086,False
2009-01-30,23.4,9.8,21.417419,9.361398,25.6,1.982581,False
2009-01-31,22.5,10.9,21.532581,9.468065,25.7,0.967419,False
2009-02-01,23.1,9.2,21.68129,9.57172,25.81,1.41871,False
2009-02-02,23.8,8.9,21.839677,9.688172,26.1,1.960323,False
2009-02-03,24.8,10.2,22.015914,9.823226,26.2,2.784086,False
2009-02-04,26.2,11.9,22.197097,9.957742,26.4,4.002903,False
2009-02-05,25.5,14.1,22.380645,10.105914,26.6,3.119355,False
2009-02-06,26.1,13.7,22.569247,10.23871,26.8,3.530753,False
2009-02-07,23.7,11.4,22.757419,10.381398,26.9,0.942581,False
2009-02-08,22.6,9.1,22.914624,10.534624,27.0,-0.314624,False
2009-02-09,24.4,8.7,23.071183,10.685591,27.2,1.328817,False
2009-02-10,23.1,11.8,23.216022,10.826989,27.3,-0.116022,False
2009-02-11,18.9,10.5,23.344086,10.952366,27.5,-4.444086,False
2009-02-12,21.8,10.5,23.488495,11.070323,27.51,-1.688495,False
2009-02-13,24.7,11.9,23.637419,11.19172,27.6,1.062581,False
2009-02-14,25.6,13.6,23.786237,11.327957,27.9,1.813763,False
2009-02-15,22.4,10.7,23.932796,11.464516,28.1,-1.532796,False
2009-02-16,22.2,10.4,24.102473,11.602903,28.3,-1.902473,False
2009-02-17,23.3,10.2,24.276559,11.771828,28.6,-0.976559,False
2009-02-18,24.6,11.4,24.457634,11.92172,28.8,0.142366,False
2009-02-19,25.8,12.5,24.618925,12.064194,29.01,1.181075,False
2009-02-20,28.3,12.8,24.792473,12.213871,29.3,3.507527,False
2009-02-21,28.4,13.9,24.967849,12.359462,29.5,3.432151,False
2009-02-22,28.1,13.7,25.141075,12.495484,29.6,2.958925,False
2009-02-23,29.5,14.8,25.301183,12.639785,29.8,4.198817,False
2009-02-24,28.8,15.6,25.500323,12.808495,30.1,3.299677,False
2009-02-25,28.1,15.0,25.704086,12.986237,30.2,2.395914,False
2009-02-26,27.3,14.5,25.889892,13.162581,30.4,1.410108,False
2009-02-27,27.3,14.7,26.056989,13.315054,30.5,1.243011,False
2009-02-28,26.3,13.9,26.215269,13.456667,30.7,0.084731,False
2009-03-01,28.3,14.1,26.392903,13.600753,30.91,1.907097,False
2009-03-02,29.9,15.4,26.615591,13.739892,31.21,3.284409,False
2009-03-03,31.8,14.8,26.866774,13.910968,31.5,4.933226,False
2009-03-04,31.8,17.8,27.111935,14.093548,31.7,4.688065,False
2009-03-05,29.3,16.8,27.347634,14.273978,31.9,1.952366,False
2009-03-06,30.1,15.4,27.550108,14.450108,32.1,2.549892,False
2009-03-07,31.0,16.3,27.747204,14.62957,32.21,3.252796,False
2009-03-08,29.2,15.1,27.955161,14.802581,32.4,1.244839,False
2009-03-09,29.6,15.7,28.17914,14.985161,32.6,1.42086,False
2009-03-10,29.9,14.8,28.386022,15.153978,33.0,1.513978,False
2009-03-11,28.4,14.7,28.598602,15.318602,33.1,-0.198602,False
2009-03-12,29.6,15.0,28.81172,15.478065,33.4,0.78828,False
2009-03-13,31.2,14.9,29.067312,15.654624,33.8,2.132688,False
2009-03-14,31.3,15.6,29.307527,15.84957,34.01,1.992473,False
2009-03-15,31.7,17.0,29.52957,16.037097,34.3,2.17043,False
2009-03-16,31.0,16.6,29.772258,16.21871,34.6,1.227742,False
2009-03-17,32.3,16.4,30.010753,16.402688,34.81,2.289247,False
2009-03-18,33.3,17.2,30.266237,16.581075,35.1,3.033763,False
2009-03-19,33.9,17.7,30.497849,16.763011,35.4,3.402151,False
2009-03-20,31.5,19.0,30.728925,16.935699,35.61,0.771075,False
2009-03-21,30.2,17.6,30.960968,17.13043,36.1,-0.760968,False
2009-03-22,30.9,17.6,31.21172,17.335269,36.4,-0.31172,False
2009-03-23,31.8,19.0,31.433548,17.519785,36.6,0.366452,False
2009-03-24,33.5,18.2,31.657957,17.698925,36.7,1.842043,False
2009-03-25,29.0,16.5,31.866344,17.877419,36.81,-2.866344,False
2009-03-26,29.8,16.7,32.11172,18.064839,37.01,-2.31172,False
2009-03-27,26.6,17.6,32.360968,18.241505,37.3,-5.760968,False
2009-03-28,30.6,17.4,32.592151,18.426559,37.6,-1.992151,False
2009-03-29,29.7,18.6,32.847742,18.622366,37.7,-3.147742,False
2009-03-30,30.3,18.4,33.134301,18.840968,37.91,-2.834301,False
2009-03-31,31.3,18.9,33.40914,19.058817,38.1,-2.10914,False
2009-04-01,33.7,20.3,33.646237,19.25957,38.2,0.053763,False
2009-04-02,35.0,21.2,33.823333,19.452258,38.4,1.176667,False
2009-04-03,35.8,21.5,34.005269,19.627527,38.51,1.794731,False
2009-04-04,33.9,20.5,34.201183,19.799892,38.7,-0.301183,False
2009-04-05,33.3,20.8,34.410645,19.960108,39.01,-1.110645,False
2009-04-06,34.6,20.4,34.627312,20.146559,39.3,-0.027312,False
2009-04-07,34.1,20.0,34.843333,20.327742,39.5,-0.743333,False
2009-04-08,30.1,16.7,35.047097,20.51172,39.6,-4.947097,False
2009-04-09,27.4,17.5,35.258387,20.70086,39.8,-7.858387,False
2009-04-10,29.5,17.8,35.487204,20.889247,40.0,-5.987204,False
2009-04-11,33.3,18.9,35.696452,21.077527,40.2,-2.396452,False
2009-04-12,35.5,20.5,35.915054,21.266882,40.3,-0.415054,False
2009-04-13,36.6,21.5,36.107849,21.458925,40.5,0.492151,False
2009-04-14,38.4,21.6,36.321828,21.64,40.7,2.078172,False
2009-04-15,38.7,23.9,36.543118,21.843011,40.8,2.156882,False
2009-04-16,37.3,23.7,36.727849,22.044839,40.9,0.572151,False
2009-04-17,35.2,23.5,36.904301,22.220753,41.0,-1.704301,False
2009-04-18,37.0,22.9,37.038602,22.390215,41.01,-0.038602,False
2009-04-19,39.8,25.4,37.186022,22.557419,41.11,2.613978,False
2009-04-20,40.9,25.9,37.332581,22.731505,41.2,3.567419,False
2009-04-21,39.6,26.7,37.472796,22.898172,41.4,2.127204,False
2009-04-22,37.5,23.9,37.592258,23.059892,41.6,-0.092258,False
2009-04-23,37.2,23.2,37.742151,23.222366,41.7,-0.542151,False
2009-04-24,37.2,22.9,37.890538,23.411935,41.7,-0.690538,False
2009-04-25,36.6,22.5,38.042796,23.587634,41.8,-1.442796,False
2009-04-26,38.3,22.3,38.16,23.744624,41.8,0.14,False
2009-04-27,40.9,24.4,38.258172,23.895806,41.8,2.641828,False
2009-04-28,41.5,27.7,38.365806,24.036344,41.81,3.134194,False
2009-04-29,42.7,25.6,38.477097,24.177204,41.9,4.222903,False
2009-04-30,42.6,25.8,38.595161,24.324086,42.1,4.004839,False
2009-05-01,43.3,26.7,38.696129,24.467097,42.3,4.603871,False
2009-05-02,40.8,27.9,38.802366,24.604946,42.3,1.997634,False
2009-05-03,38.7,26.3,38.939892,24.745376,42.4,-0.239892,False
2009-05-04,39.3,25.1,39.05172,24.889247,42.4,0.24828,False
2009-05-05,38.1,24.8,39.123978,25.023763,42.41,-1.023978,False
2009-05-06,36.4,24.9,39.19172,25.16,42.5,-2.79172,False
2009-05-07,38.5,25.0,39.26957,25.267312,42.6,-0.76957,False
2009-05-08,39.9,24.7,39.349785,25.394086,42.61,0.550215,False
2009-05-09,39.7,25.7,39.433978,25.518817,42.8,0.266022,False
2009-05-10,40.9,23.5,39.504946,25.631935,42.9,1.395054,False
2009-05-11,38.1,23.5,39.559892,25.759247,43.0,-1.459892,False
2009-05-12,36.6,24.3,39.638495,25.865591,43.01,-3.038495,False
2009-05-13,38.9,25.7,39.686559,25.949785,43.11,-0.786559,False
2009-05-14,39.7,26.2,39.714946,26.011935,43.2,-0.014946,False
2009-05-15,39.3,28.5,39.722473,26.072796,43.2,-0.422473,False
2009-05-16,39.9,28.6,39.729355,26.137419,43.3,0.170645,False
2009-05-17,41.5,29.6,39.742473,26.207419,43.3,1.757527,False
2009-05-18,42.9,28.0,39.762473,26.282688,43.4,3.137527,False
2009-05-19,42.8,27.4,39.808495,26.391613,43.4,2.991505,False
2009-05-20,41.5,27.5,39.852366,26.502688,43.41,1.647634,False
2009-05-21,41.3,29.9,39.893656,26.604516,43.6,1.406344,False
2009-05-22,41.5,26.8,39.927312,26.69086,43.6,1.572688,False
2009-05-23,39.1,25.7,39.937312,26.777527,43.6,-0.837312,False
2009-05-24,38.8,24.7,39.934194,26.875484,43.7,-1.134194,False
2009-05-25,37.0,24.4,39.936129,26.94828,43.8,-2.936129,False
2009-05-26,38.7,26.1,39.953548,27.027419,43.8,-1.253548,False
2009-05-27,41.7,26.0,39.963656,27.119677,43.8,1.736344,False
2009-05-28,40.7,26.1,39.965806,27.218387,43.81,0.734194,False
2009-05-29,37.7,24.7,39.959677,27.30828,43.9,-2.259677,False
2009-05-30,33.6,24.7,39.938817,27.384516,43.9,-6.338817,False
2009-05-31,36.1,25.1,39.895699,27.449785,43.9,-3.795699,False
2009-06-01,36.2,26.2,39.821505,27.505269,43.81,-3.621505,False
2009-06-02,39.4,28.3,39.747527,27.560753,43.8,-0.347527,False
2009-06-03,41.0,31.8,39.665699,27.596989,43.7,1.334301,False
2009-06-04,42.1,31.4,39.595484,27.631398,43.7,2.504516,False
2009-06-05,41.6,29.9,39.528065,27.671935,43.71,2.071935,False
2009-06-06,40.7,28.1,39.462796,27.726452,43.7,1.237204,False
2009-06-07,41.0,26.5,39.398387,27.791505,43.7,1.601613,False
2009-06-08,42.0,26.3,39.325376,27.845914,43.6,2.674624,False
2009-06-09,42.0,26.8,39.212366,27.882688,43.6,2.787634,False
2009-06-10,41.2,27.7,39.084409,27.921613,43.5,2.115591,False
2009-06-11,40.9,29.0,38.95172,27.947312,43.4,1.94828,False
2009-06-12,41.5,28.2,38.818817,27.971828,43.4,2.681183,False
2009-06-13,41.4,28.2,38.688817,28.013548,43.3,2.711183,False
2009-06-14,39.7,27.7,38.574301,28.057312,43.2,1.125699,False
2009-06-15,38.2,26.3,38.468172,28.107204,43.2,-0.268172,False
2009-06-16,36.6,26.3,38.37043,28.141398,43.1,-1.77043,False
2009-06-17,38.1,27.3,38.273011,28.182151,42.9,-0.173011,False
2009-06-18,39.4,27.6,38.15914,28.217312,42.8,1.24086,False
2009-06-19,40.8,29.2,38.037312,28.217312,42.7,2.762688,False
2009-06-20,41.9,28.9,37.90086,28.22043,42.5,3.99914,False
2009-06-21,43.2,29.3,37.765484,28.216452,42.4,5.434516,True
2009-06-22,43.3,29.2,37.627312,28.216129,42.3,5.672688,True
2009-06-23,43.2,31.5,37.506237,28.220323,42.1,5.693763,True
2009-06-24,43.5,32.0,37.381935,28.210753,41.9,6.118065,True
2009-06-25,42.1,31.6,37.243226,28.19,41.7,4.856774,True
2009-06-26,42.8,31.6,37.061505,28.167312,41.4,5.738495,True
2009-06-27,43.5,32.7,36.873118,28.126129,41.3,6.626882,True
2009-06-28,42.2,30.6,36.722151,28.084409,41.2,5.477849,True
2009-06-29,38.9,27.8,36.567097,28.056344,41.11,2.332903,False
2009-06-30,36.7,27.8,36.409892,28.029892,41.0,0.290108,False
2009-07-01,34.8,26.2,36.246022,27.995376,40.9,-1.446022,False
2009-07-02,34.5,26.6,36.103871,27.971613,40.8,-1.603871,False
2009-07-03,36.4,27.8,35.963656,27.940968,40.7,0.436344,False
2009-07-04,36.6,28.5,35.849247,27.928065,40.6,0.750753,False
2009-07-05,39.9,28.9,35.702903,27.904194,40.4,4.197097,False
2009-07-06,40.9,28.5,35.553118,27.876129,40.3,5.346882,False
2009-07-07,41.3,30.1,35.40086,27.838172,40.01,5.89914,False
2009-07-08,38.9,30.2,35.262366,27.795914,39.8,3.637634,False
2009-07-09,36.3,29.8,35.133333,27.757634,39.7,1.166667,False
2009-07-10,34.6,28.5,35.022151,27.725054,39.6,-0.422151,False
2009-07-11,35.7,28.3,34.914839,27.690323,39.4,0.785161,False
2009-07-12,36.1,27.6,34.814409,27.65129,39.2,1.285591,False
2009-07-13,31.8,27.3,34.707312,27.621075,39.0,-2.907312,False
2009-07-14,34.8,27.3,34.605269,27.590645,38.91,0.194731,False
2009-07-15,34.2,28.9,34.503656,27.572473,38.81,-0.303656,False
2009-07-16,36.5,28.7,34.397204,27.54,38.7,2.102796,False
2009-07-17,36.3,28.9,34.276989,27.5,38.41,2.023011,False
2009-07-18,35.3,28.6,34.165591,27.452796,38.2,1.134409,False
2009-07-19,37.0,29.1,34.062366,27.405806,38.01,2.937634,False
2009-07-20,35.0,29.4,33.969892,27.375484,37.8,1.030108,False
2009-07-21,34.8,28.8,33.886344,27.341935,37.51,0.913656,False
2009-07-22,36.9,28.9,33.789892,27.320645,37.1,3.110108,False
2009-07-23,34.6,27.6,33.709785,27.301075,36.91,0.890215,False
2009-07-24,33.0,27.3,33.633011,27.266559,36.81,-0.633011,False
2009-07-25,35.5,26.9,33.552151,27.23129,36.7,1.947849,False
2009-07-26,37.9,29.5,33.476667,27.207634,36.41,4.423333,False
2009-07-27,35.1,26.7,33.442581,27.191398,36.4,1.657419,False
2009-07-28,33.4,26.5,33.424301,27.185161,36.4,-0.024301,False
2009-07-29,34.1,28.4,33.374409,27.173226,36.3,0.725591,False
2009-07-30,36.4,29.0,33.33129,27.155914,36.3,3.06871,True
2009-07-31,37.0,29.0,33.288495,27.125054,36.2,3.711505,True
2009-08-01,37.2,29.5,33.246559,27.100968,36.2,3.953441,True
2009-08-02,38.1,30.0,33.223763,27.073656,36.2,4.876237,True
2009-08-03,38.6,30.8,33.216559,27.054301,36.1,5.383441,True
2009-08-04,38.3,31.3,33.148065,27.028925,36.1,5.151935,True
2009-08-05,38.0,30.6,33.137312,27.012258,36.0,4.862688,True
2009-08-06,37.9,31.3,33.130108,26.993763,36.0,4.769892,True
2009-08-07,38.3,31.1,33.11,26.966774,35.9,5.19,True
2009-08-08,39.9,31.1,33.074946,26.943441,35.9,6.825054,True
2009-08-09,39.7,31.4,33.045269,26.916022,35.8,6.654731,True
2009-08-10,39.7,31.2,33.024946,26.896452,35.8,6.675054,True
2009-08-11,38.4,29.7,33.021075,26.877204,35.71,5.378925,True
2009-08-12,37.1,30.0,33.022903,26.865806,35.71,4.077097,True
2009-08-13,36.5,28.9,33.028602,26.855161,35.71,3.471398,True
2009-08-14,36.2,27.9,33.032366,26.837204,35.8,3.167634,True
2009-08-15,28.9,26.6,33.029462,26.809462,35.71,-4.129462,False
2009-08-16,28.3,26.1,33.032366,26.784301,35.7,-4.732366,False
2009-08-17,29.8,26.3,33.036022,26.769892,35.7,-3.236022,False
2009-08-18,35.6,26.3,33.032151,26.737849,35.7,2.567849,False
2009-08-19,34.1,27.5,33.022473,26.710538,35.7,1.077527,False
2009-08-20,35.7,27.3,32.999247,26.671183,35.7,2.700753,False
2009-08-21,34.1,26.2,32.987849,26.625591,35.7,1.112151,False
2009-08-22,35.6,26.2,32.979032,26.569247,35.7,2.620968,False
2009-08-23,36.3,27.8,32.958925,26.515699,35.7,3.341075,False
2009-08-24,36.3,27.1,32.946452,26.468817,35.7,3.353548,False
2009-08-25,31.7,26.6,32.943441,26.433226,35.7,-1.243441,False
2009-08-26,32.0,26.5,32.939355,26.393871,35.7,-0.939355,False
2009-08-27,33.2,26.6,32.920968,26.352796,35.7,0.279032,False
2009-08-28,33.5,27.2,32.89957,26.310645,35.81,0.60043,False
2009-08-29,34.8,26.6,32.908602,26.269677,35.71,1.891398,False
2009-08-30,30.6,26.0,32.921183,26.224624,35.71,-2.321183,False
2009-08-31,33.5,26.2,32.930215,26.18172,35.8,0.569785,False
2009-09-01,34.7,27.4,32.939462,26.134301,35.71,1.760538,False
2009-09-02,34.4,26.7,32.958817,26.085806,35.71,1.441183,False
2009-09-03,32.5,24.3,32.970753,26.032581,35.8,-0.470753,False
2009-09-04,30.4,24.2,33.014301,25.983226,35.81,-2.614301,False
2009-09-05,32.2,25.0,33.031613,25.933871,35.9,-0.831613,False
2009-09-06,33.7,24.6,33.050968,25.87957,35.9,0.649032,False
2009-09-07,33.9,24.4,33.054301,25.81828,35.9,0.845699,False
2009-09-08,29.9,24.6,33.054839,25.739892,35.9,-3.154839,False
2009-09-09,30.9,24.5,33.054086,25.647849,35.91,-2.154086,False
2009-09-10,25.8,24.2,33.08129,25.548602,36.0,-7.28129,False
2009-09-11,26.5,23.1,33.096344,25.454516,36.0,-6.596344,False
2009-09-12,27.4,23.0,33.120323,25.361828,36.0,-5.720323,False
2009-09-13,32.1,23.7,33.15129,25.263871,36.1,-1.05129,False
2009-09-14,34.5,23.6,33.173118,25.165591,36.1,1.326882,False
2009-09-15,33.9,23.6,33.19828,25.055914,36.1,0.70172,False
2009-09-16,34.3,25.0,33.227634,24.945054,36.1,1.072366,False
2009-09-17,34.6,25.0,33.247312,24.820968,36.2,1.352688,False
2009-09-18,35.0,25.1,33.271613,24.709677,36.2,1.728387,False
2009-09-19,35.8,25.3,33.290645,24.597849,36.2,2.509355,False
2009-09-20,35.4,25.9,33.317957,24.483763,36.2,2.082043,False
2009-09-21,35.7,26.9,33.334946,24.367204,36.2,2.365054,False
2009-09-22,35.5,27.0,33.375591,24.251935,36.2,2.124409,False
2009-09-23,36.5,26.6,33.427204,24.130108,36.2,3.072796,True
2009-09-24,36.8,25.4,33.478172,24.003763,36.2,3.321828,True
2009-09-25,37.0,25.1,33.50957,23.863011,36.2,3.49043,True
2009-09-26,35.3,26.2,33.524086,23.709462,36.11,1.775914,False
2009-09-27,35.4,26.0,33.541075,23.546344,36.1,1.858925,False
2009-09-28,36.3,26.0,33.566989,23.386559,36.1,2.733011,True
2009-09-29,36.5,25.6,33.567312,23.208817,36.1,2.932688,True
2009-09-30,36.7,26.5,33.553978,23.025054,36.1,3.146022,True
2009-10-01,36.1,27.0,33.530215,22.844731,36.1,2.569785,False
2009-10-02,36.1,26.5,33.522043,22.664194,36.1,2.577957,False
2009-10-03,35.4,26.0,33.495914,22.477097,36.01,1.904086,False
2009-10-04,31.0,23.9,33.457419,22.285591,36.0,-2.457419,False
2009-10-05,28.0,22.5,33.419785,22.089247,36.0,-5.419785,False
2009-10-06,29.3,21.0,33.376129,21.882688,35.91,-4.076129,False
2009-10-07,33.6,20.9,33.332473,21.670753,35.9,0.267527,False
2009-10-08,35.3,21.6,33.29871,21.467527,35.9,2.00129,False
2009-10-09,36.1,21.5,33.253978,21.270215,35.8,2.846022,False
2009-10-10,35.8,21.4,33.205161,21.080215,35.8,2.594839,False
2009-10-11,34.7,22.8,33.133011,20.887634,35.7,1.566989,False
2009-10-12,35.0,20.8,33.048925,20.68957,35.6,1.951075,False
2009-10-13,34.7,21.5,32.943441,20.477312,35.5,1.756559,False
2009-10-14,34.5,21.4,32.825591,20.263763,35.4,1.674409,False
2009-10-15,34.9,21.3,32.718817,20.054731,35.3,2.181183,False
2009-10-16,33.9,20.6,32.607097,19.848387,35.21,1.292903,False
2009-10-17,34.1,19.0,32.490538,19.644409,35.2,1.609462,False
2009-10-18,33.7,18.7,32.378602,19.446774,35.1,1.321398,False
2009-10-19,33.5,17.7,32.260108,19.244731,35.0,1.239892,False
2009-10-20,33.0,17.6,32.153441,19.040108,34.9,0.846559,False
2009-10-21,33.7,17.5,32.037957,18.836774,34.71,1.662043,False
2009-10-22,33.8,16.7,31.913011,18.643763,34.6,1.886989,False
2009-10-23,32.3,17.1,31.764946,18.448602,34.5,0.535054,False
2009-10-24,31.9,15.6,31.596774,18.240323,34.3,0.303226,False
2009-10-25,32.5,15.5,31.433226,18.036882,34.2,1.066774,False
2009-10-26,32.0,15.4,31.273548,17.827097,34.01,0.726452,False
2009-10-27,32.4,16.0,31.125591,17.623763,33.9,1.274409,False
2009-10-28,31.7,15.5,30.964624,17.435806,33.8,0.735376,False
2009-10-29,32.3,16.3,30.79914,17.249462,33.7,1.50086,False
2009-10-30,32.7,18.3,30.636022,17.087849,33.4,2.063978,False
2009-10-31,32.5,18.4,30.477849,16.922796,33.3,2.022151,False
2009-11-01,32.4,18.3,30.326344,16.753011,33.1,2.073656,False
2009-11-02,31.5,18.1,30.166989,16.573011,33.0,1.333011,False
2009-11-03,29.4,18.1,30.005914,16.390215,32.8,-0.605914,False
2009-11-04,29.9,17.3,29.832043,16.202473,32.6,0.067957,False
2009-11-05,30.0,16.7,29.649355,16.002043,32.41,0.350645,False
2009-11-06,30.1,16.4,29.474624,15.797957,32.3,0.625376,False
2009-11-07,30.0,16.9,29.287742,15.600968,32.1,0.712258,False
2009-11-08,30.5,16.4,29.116022,15.407849,31.9,1.383978,False
2009-11-09,31.6,18.0,28.944194,15.229785,31.71,2.655806,False
2009-11-10,29.2,15.9,28.772796,15.055484,31.6,0.427204,False
2009-11-11,25.2,15.6,28.601075,14.883978,31.4,-3.401075,False
2009-11-12,21.7,15.7,28.432796,14.698817,31.3,-6.732796,False
2009-11-13,22.8,16.2,28.263441,14.513011,31.1,-5.463441,False
2009-11-14,26.6,19.0,28.100968,14.340753,30.81,-1.500968,False
2009-11-15,26.9,17.8,27.926237,14.156129,30.7,-1.026237,False
2009-11-16,27.4,16.8,27.741505,13.971075,30.5,-0.341505,False
2009-11-17,25.8,15.0,27.55914,13.788495,30.4,-1.75914,False
2009-11-18,25.9,13.3,27.378387,13.601505,30.2,-1.478387,False
2009-11-19,24.7,12.0,27.213226,13.41914,30.0,-2.513226,False
2009-11-20,24.7,10.3,27.054731,13.263656,29.9,-2.354731,False
2009-11-21,25.6,10.0,26.904301,13.116237,29.7,-1.304301,False
2009-11-22,25.9,10.8,26.746667,12.957204,29.6,-0.846667,False
2009-11-23,26.3,12.6,26.598495,12.79914,29.5,-0.298495,False
2009-11-24,26.5,11.5,26.447204,12.653871,29.3,0.052796,False
2009-11-25,28.0,11.6,26.275914,12.500645,29.11,1.724086,False
2009-11-26,27.7,11.7,26.08957,12.347419,28.9,1.61043,False
2009-11-27,25.7,10.2,25.895376,12.205806,28.71,-0.195376,False
2009-11-28,24.7,10.2,25.696989,12.049892,28.6,-0.996989,False
2009-11-29,23.2,10.3,25.502796,11.873548,28.3,-2.302796,False
2009-11-30,25.4,10.7,25.313871,11.684516,28.0,0.086129,False
2009-12-01,25.0,11.4,25.126667,11.501613,27.9,-0.126667,False
2009-12-02,26.1,11.9,24.956882,11.329677,27.7,1.143118,False
2009-12-03,26.0,11.0,24.783441,11.166667,27.6,1.216559,False
2009-12-04,26.9,12.9,24.595806,11.019892,27.5,2.304194,False
2009-12-05,26.8,13.1,24.416129,10.892043,27.4,2.383871,False
2009-12-06,26.1,13.5,24.24129,10.771613,27.3,1.85871,False
2009-12-07,25.1,11.5,24.056882,10.651613,27.11,1.043118,False
2009-12-08,22.9,10.0,23.884194,10.521398,27.0,-0.984194,False
2009-12-09,24.0,10.5,23.69914,10.386237,26.9,0.30086,False
2009-12-10,24.4,12.6,23.514839,10.238602,26.8,0.885161,False
2009-12-11,25.0,13.8,23.330323,10.091613,26.7,1.669677,False
2009-12-12,23.9,13.4,23.153548,9.949785,26.6,0.746452,False
2009-12-13,23.6,11.1,22.976237,9.812473,26.41,0.623763,False
2009-12-14,23.5,10.5,22.809892,9.680108,26.3,0.690108,False
2009-12-15,21.2,12.6,22.617742,9.544516,26.1,-1.417742,False
2009-12-16,23.8,11.7,22.41914,9.436559,26.0,1.38086,False
2009-12-17,23.5,10.5,22.242258,9.333333,25.9,1.257742,False
2009-12-18,22.9,9.5,22.063763,9.246667,25.7,0.836237,False
2009-12-19,22.1,8.5,21.883226,9.161828,25.6,0.216774,False
2009-12-20,22.5,8.5,21.690215,9.065376,25.5,0.809785,False
2009-12-21,21.9,8.7,21.507634,8.95,25.3,0.392366,False
2009-12-22,21.5,8.4,21.316667,8.843871,25.01,0.183333,False
2009-12-23,22.4,8.5,21.136989,8.731398,24.8,1.263011,False
2009-12-24,22.4,8.2,20.94914,8.625591,24.5,1.45086,False
2009-12-25,21.8,7.6,20.783118,8.52,24.3,1.016882,False
2009-12-26,21.7,7.0,20.644086,8.426989,24.2,1.055914,False
2009-12-27,21.4,8.3,20.52,8.346129,24.0,0.88,False
2009-12-28,21.4,7.5,20.432796,8.264086,24.0,0.967204,False
2009-12-29,20.8,7.1,20.367957,8.206344,23.81,0.432043,False
2009-12-30,19.8,6.9,20.293441,8.156989,23.8,-0.493441,False
2009-12-31,20.4,8.0,20.207957,8.123871,23.7,0.192043,False
2010-01-01,21.1,8.6,20.113978,8.102043,23.6,0.986022,False
2010-01-02,17.4,10.1,20.013656,8.08,23.5,-2.613656,False
2010-01-03,14.8,10.2,19.920215,8.042258,23.3,-5.120215,False
2010-01-04,14.8,10.0,19.839247,7.991075,23.3,-5.039247,False
2010-01-05,17.4,8.9,19.76871,7.935484,23.21,-2.36871,False
2010-01-06,19.1,8.3,19.700215,7.901398,23.2,-0.600215,False
2010-01-07,18.0,8.1,19.647204,7.885484,23.1,-1.647204,False
2010-01-08,17.1,8.0,19.626129,7.885699,23.1,-2.526129,False
2010-01-09,17.1,8.0,19.628602,7.903656,23.1,-2.528602,False
2010-01-10,17.9,7.7,19.640753,7.934839,23.1,-1.740753,False
2010-01-11,15.5,6.3,19.672151,7.975376,23.2,-4.172151,False
2010-01-12,16.5,6.0,19.701075,8.02172,23.2,-3.201075,False
2010-01-13,16.2,8.1,19.731935,8.082903,23.2,-3.531935,False
2010-01-14,17.5,7.9,19.776129,8.150968,23.2,-2.276129,False
2010-01-15,18.1,8.5,19.845699,8.21957,23.3,-1.745699,False
2010-01-16,19.9,8.0,19.929247,8.268495,23.4,-0.029247,False
2010-01-17,17.6,7.9,20.004839,8.303548,23.41,-2.404839,False
2010-01-18,18.5,7.3,20.085161,8.34,23.6,-1.585161,False
2010-01-19,17.4,7.2,20.188817,8.387957,23.71,-2.788817,False
2010-01-20,17.4,7.1,20.301935,8.455269,24.0,-2.901935,False
2010-01-21,18.1,8.1,20.395699,8.528817,24.01,-2.295699,False
2010-01-22,19.2,7.7,20.513763,8.604301,24.2,-1.313763,False
2010-01-23,21.3,8.1,20.638817,8.695591,24.3,0.661183,False
2010-01-24,22.1,9.4,20.744731,8.773763,24.4,1.355269,False
2010-01-25,22.9,10.5,20.850108,8.850215,24.4,2.049892,False
2010-01-26,22.7,9.8,20.94129,8.924946,24.51,1.75871,False
2010-01-27,24.5,10.1,21.042258,9.012796,24.8,3.457742,False
2010-01-28,24.9,12.6,21.163333,9.118602,25.1,3.736667,False
2010-01-29,26.2,12.7,21.28914,9.230215,25.31,4.91086,False
2010-01-30,24.0,11.3,21.417419,9.361398,25.6,2.582581,False
2010-01-31,22.7,10.0,21.532581,9.468065,25.7,1.167419,False
2010-02-01,23.0,9.9,21.68129,9.57172,25.81,1.31871,False
2010-02-02,23.7,9.0,21.839677,9.688172,26.1,1.860323,False
2010-02-03,23.4,10.0,22.015914,9.823226,26.2,1.384086,False
2010-02-04,24.8,10.3,22.197097,9.957742,26.4,2.602903,False
2010-02-05,25.7,11.9,22.380645,10.105914,26.6,3.319355,False
2010-02-06,28.1,12.1,22.569247,10.23871,26.8,5.530753,False
2010-02-07,28.7,13.2,22.757419,10.381398,26.9,5.942581,False
2010-02-08,23.0,15.5,22.914624,10.534624,27.0,0.085376,False
2010-02-09,22.6,13.1,23.071183,10.685591,27.2,-0.471183,False
2010-02-10,21.9,12.8,23.216022,10.826989,27.3,-1.316022,False
2010-02-11,22.3,12.2,23.344086,10.952366,27.5,-1.044086,False
2010-02-12,23.6,13.1,23.488495,11.070323,27.51,0.111505,False
2010-02-13,23.3,12.5,23.637419,11.19172,27.6,-0.337419,False
2010-02-14,23.8,11.1,23.786237,11.327957,27.9,0.013763,False
2010-02-15,23.5,11.0,23.932796,11.464516,28.1,-0.432796,False
2010-02-16,25.8,12.0,24.102473,11.602903,28.3,1.697527,False
2010-02-17,23.0,10.9,24.276559,11.771828,28.6,-1.276559,False
2010-02-18,24.0,10.8,24.457634,11.92172,28.8,-0.457634,False
2010-02-19,24.6,10.3,24.618925,12.064194,29.01,-0.018925,False
2010-02-20,26.8,11.5,24.792473,12.213871,29.3,2.007527,False
2010-02-21,28.0,12.5,24.967849,12.359462,29.5,3.032151,False
2010-02-22,27.1,13.1,25.141075,12.495484,29.6,1.958925,False
2010-02-23,26.2,15.8,25.301183,12.639785,29.8,0.898817,False
2010-02-24,27.0,15.4,25.500323,12.808495,30.1,1.499677,False
2010-02-25,28.0,15.5,25.704086,12.986237,30.2,2.295914,False
2010-02-26,30.4,14.8,25.889892,13.162581,30.4,4.510108,False
2010-02-27,31.3,16.1,26.056989,13.315054,30.5,5.243011,False
2010-02-28,31.3,17.7,26.215269,13.456667,30.7,5.084731,False
2010-03-01,32.5,19.4,26.392903,13.600753,30.91,6.107097,False
2010-03-02,32.3,18.9,26.615591,13.739892,31.21,5.684409,False
2010-03-03,31.7,18.2,26.866774,13.910968,31.5,4.833226,False
2010-03-04,31.6,17.9,27.111935,14.093548,31.7,4.488065,False
2010-03-05,29.8,16.9,27.347634,14.273978,31.9,2.452366,False
2010-03-06,30.4,16.8,27.550108,14.450108,32.1,2.849892,False
2010-03-07,28.5,15.5,27.747204,14.62957,32.21,0.752796,False
2010-03-08,27.2,15.1,27.955161,14.802581,32.4,-0.755161,False
2010-03-09,28.8,14.7,28.17914,14.985161,32.6,0.62086,False
2010-03-10,29.6,15.7,28.386022,15.153978,33.0,1.213978,False
2010-03-11,30.7,15.3,28.598602,15.318602,33.1,2.101398,False
2010-03-12,32.1,15.5,28.81172,15.478065,33.4,3.28828,False
2010-03-13,32.3,17.0,29.067312,15.654624,33.8,3.232688,False
2010-03-14,32.7,18.1,29.307527,15.84957,34.01,3.392473,False
2010-03-15,32.9,17.8,29.52957,16.037097,34.3,3.37043,False
2010-03-16,33.1,19.7,29.772258,16.21871,34.6,3.327742,False
2010-03-17,33.8,19.6,30.010753,16.402688,34.81,3.789247,False
2010-03-18,33.9,19.5,30.266237,16.581075,35.1,3.633763,False
2010-03-19,34.3,20.4,30.497849,16.763011,35.4,3.802151,False
2010-03-20,36.1,20.6,30.728925,16.935699,35.61,5.371075,False
2010-03-21,38.6,21.0,30.960968,17.13043,36.1,7.639032,False
2010-03-22,38.2,21.9,31.21172,17.335269,36.4,6.98828,False
2010-03-23,38.4,21.4,31.433548,17.519785,36.6,6.966452,False
2010-03-24,38.5,22.5,31.657957,17.698925,36.7,6.842043,False
2010-03-25,37.2,22.1,31.866344,17.877419,36.81,5.333656,False
2010-03-26,37.8,21.8,32.11172,18.064839,37.01,5.68828,False
2010-03-27,38.1,22.7,32.360968,18.241505,37.3,5.739032,False
2010-03-28,37.5,21.9,32.592151,18.426559,37.6,4.907849,False
2010-03-29,37.8,22.2,32.847742,18.622366,37.7,4.952258,False
2010-03-30,38.0,23.4,33.134301,18.840968,37.91,4.865699,False
2010-03-31,37.2,22.6,33.40914,19.058817,38.1,3.79086,False
2010-04-01,36.9,21.2,33.646237,19.25957,38.2,3.253763,False
2010-04-02,37.3,21.6,33.823333,19.452258,38.4,3.476667,False
2010-04-03,37.3,22.6,34.005269,19.627527,38.51,3.294731,False
2010-04-04,38.6,22.5,34.201183,19.799892,38.7,4.398817,False
2010-04-05,38.6,24.0,34.410645,19.960108,39.01,4.189355,False
2010-04-06,36.7,22.2,34.627312,20.146559,39.3,2.072688,False
2010-04-07,38.6,21.5,34.843333,20.327742,39.5,3.756667,False
2010-04-08,39.9,22.3,35.047097,20.51172,39.6,4.852903,False
2010-04-09,40.6,24.5,35.258387,20.70086,39.8,5.341613,False
2010-04-10,41.0,25.2,35.487204,20.889247,40.0,5.512796,False
2010-04-11,41.8,25.6,35.696452,21.077527,40.2,6.103548,False
2010-04-12,41.7,26.4,35.915054,21.266882,40.3,5.784946,False
2010-04-13,40.2,25.9,36.107849,21.458925,40.5,4.092151,False
2010-04-14,41.5,25.8,36.321828,21.64,40.7,5.178172,False
2010-04-15,42.8,25.1,36.543118,21.843011,40.8,6.256882,False
2010-04-16,43.7,25.9,36.727849,22.044839,40.9,6.972151,False
2010-04-17,44.3,27.6,36.904301,22.220753,41.0,7.395699,False
2010-04-18,44.3,31.1,37.038602,22.390215,41.01,7.261398,False
2010-04-19,41.7,29.2,37.186022,22.557419,41.11,4.513978,False
2010-04-20,42.7,29.1,37.332581,22.731505,41.2,5.367419,False
2010-04-21,41.2,27.3,37.472796,22.898172,41.4,3.727204,False
2010-04-22,40.3,27.0,37.592258,23.059892,41.6,2.707742,False
2010-04-23,39.6,25.4,37.742151,23.222366,41.7,1.857849,False
2010-04-24,40.3,24.9,37.890538,23.411935,41.7,2.409462,False
2010-04-25,40.2,25.2,38.042796,23.587634,41.8,2.157204,False
2010-04-26,42.3,25.3,38.16,23.744624,41.8,4.14,False
2010-04-27,43.6,28.1,38.258172,23.895806,41.8,5.341828,False
2010-04-28,41.1,26.9,38.365806,24.036344,41.81,2.734194,False
2010-04-29,39.8,26.8,38.477097,24.177204,41.9,1.322903,False
2010-04-30,39.9,26.1,38.595161,24.324086,42.1,1.304839,False
2010-05-01,39.6,25.5,38.696129,24.467097,42.3,0.903871,False
2010-05-02,37.5,25.5,38.802366,24.604946,42.3,-1.302366,False
2010-05-03,38.3,26.5,38.939892,24.745376,42.4,-0.639892,False
2010-05-04,40.3,26.5,39.05172,24.889247,42.4,1.24828,False
2010-05-05,40.4,29.3,39.123978,25.023763,42.41,1.276022,False
2010-05-06,37.6,28.3,39.19172,25.16,42.5,-1.59172,False
2010-05-07,35.9,23.3,39.26957,25.267312,42.6,-3.36957,False
2010-05-08,36.5,23.3,39.349785,25.394086,42.61,-2.849785,False
2010-05-09,38.4,26.1,39.433978,25.518817,42.8,-1.033978,False
2010-05-10,40.5,26.2,39.504946,25.631935,42.9,0.995054,False
2010-05-11,41.2,27.1,39.559892,25.759247,43.0,1.640108,False
2010-05-12,41.9,26.6,39.638495,25.865591,43.01,2.261505,False
2010-05-13,43.8,26.2,39.686559,25.949785,43.11,4.113441,False
2010-05-14,43.1,30.5,39.714946,26.011935,43.2,3.385054,False
2010-05-15,43.3,27.7,39.722473,26.072796,43.2,3.577527,True
2010-05-16,44.4,28.4,39.729355,26.137419,43.3,4.670645,True
2010-05-17,45.1,28.9,39.742473,26.207419,43.3,5.357527,True
2010-05-18,44.2,30.4,39.762473,26.282688,43.4,4.437527,True
2010-05-19,42.0,30.1,39.808495,26.391613,43.4,2.191505,False
2010-05-20,42.3,27.5,39.852366,26.502688,43.41,2.447634,False
2010-05-21,43.0,27.2,39.893656,26.604516,43.6,3.106344,False
2010-05-22,43.7,26.9,39.927312,26.69086,43.6,3.772688,False
2010-05-23,43.0,30.3,39.937312,26.777527,43.6,3.062688,False
2010-05-24,43.3,28.6,39.934194,26.875484,43.7,3.365806,False
2010-05-25,44.5,28.3,39.936129,26.94828,43.8,4.563871,False
2010-05-26,45.0,30.0,39.953548,27.027419,43.8,5.046452,False
2010-05-27,42.5,30.1,39.963656,27.119677,43.8,2.536344,False
2010-05-28,39.2,30.7,39.965806,27.218387,43.81,-0.765806,False
2010-05-29,39.8,28.9,39.959677,27.30828,43.9,-0.159677,False
2010-05-30,39.4,27.1,39.938817,27.384516,43.9,-0.538817,False
2010-05-31,42.8,27.8,39.895699,27.449785,43.9,2.904301,False
2010-06-01,44.0,29.0,39.821505,27.505269,43.81,4.178495,False
2010-06-02,42.6,33.7,39.747527,27.560753,43.8,2.852473,False
2010-06-03,41.9,28.2,39.665699,27.596989,43.7,2.234301,False
2010-06-04,39.7,28.3,39.595484,27.631398,43.7,0.104516,False
2010-06-05,37.2,26.5,39.528065,27.671935,43.71,-2.328065,False
2010-06-06,38.3,26.8,39.462796,27.726452,43.7,-1.162796,False
2010-06-07,33.4,23.8,39.398387,27.791505,43.7,-5.998387,False
2010-06-08,28.0,23.0,39.325376,27.845914,43.6,-11.325376,False
2010-06-09,36.4,23.9,39.212366,27.882688,43.6,-2.812366,False
2010-06-10,39.3,26.2,39.084409,27.921613,43.5,0.215591,False
2010-06-11,41.3,27.6,38.95172,27.947312,43.4,2.34828,False
2010-06-12,42.8,29.1,38.818817,27.971828,43.4,3.981183,False
2010-06-13,42.5,27.2,38.688817,28.013548,43.3,3.811183,False
2010-06-14,38.7,27.0,38.574301,28.057312,43.2,0.125699,False
2010-06-15,40.1,28.5,38.468172,28.107204,43.2,1.631828,False
2010-06-16,37.4,28.6,38.37043,28.141398,43.1,-0.97043,False
2010-06-17,40.4,28.4,38.273011,28.182151,42.9,2.126989,False
2010-06-18,42.4,29.5,38.15914,28.217312,42.8,4.24086,False
2010-06-19,43.6,29.6,38.037312,28.217312,42.7,5.562688,True
2010-06-20,44.4,31.4,37.90086,28.22043,42.5,6.49914,True
2010-06-21,43.9,31.7,37.765484,28.216452,42.4,6.134516,True
2010-06-22,43.2,31.2,37.627312,28.216129,42.3,5.572688,True
2010-06-23,43.0,32.2,37.506237,28.220323,42.1,5.493763,True
2010-06-24,41.2,25.9,37.381935,28.210753,41.9,3.818065,False
2010-06-25,37.9,26.7,37.243226,28.19,41.7,0.656774,False
2010-06-26,40.7,29.7,37.061505,28.167312,41.4,3.638495,False
2010-06-27,40.8,30.2,36.873118,28.126129,41.3,3.926882,False
2010-06-28,39.8,29.8,36.722151,28.084409,41.2,3.077849,False
2010-06-29,41.8,29.4,36.567097,28.056344,41.11,5.232903,False
2010-06-30,41.5,31.2,36.409892,28.029892,41.0,5.090108,False
2010-07-01,37.6,27.8,36.246022,27.995376,40.9,1.353978,False
2010-07-02,37.2,28.1,36.103871,27.971613,40.8,1.096129,False
2010-07-03,36.9,28.5,35.963656,27.940968,40.7,0.936344,False
2010-07-04,32.5,25.3,35.849247,27.928065,40.6,-3.349247,False
2010-07-05,29.2,25.7,35.702903,27.904194,40.4,-6.502903,False
2010-07-06,31.3,26.1,35.553118,27.876129,40.3,-4.253118,False
2010-07-07,34.6,27.2,35.40086,27.838172,40.01,-0.80086,False
2010-07-08,35.3,28.2,35.262366,27.795914,39.8,0.037634,False
2010-07-09,37.2,28.4,35.133333,27.757634,39.7,2.066667,False
2010-07-10,37.1,29.6,35.022151,27.725054,39.6,2.077849,False
2010-07-11,35.6,29.0,34.914839,27.690323,39.4,0.685161,False
2010-07-12,34.3,25.0,34.814409,27.65129,39.2,-0.514409,False
2010-07-13,34.1,25.1,34.707312,27.621075,39.0,-0.607312,False
2010-07-14,36.1,29.6,34.605269,27.590645,38.91,1.494731,False
2010-07-15,34.8,28.9,34.503656,27.572473,38.81,0.296344,False
2010-07-16,35.4,28.9,34.397204,27.54,38.7,1.002796,False
2010-07-17,33.8,28.4,34.276989,27.5,38.41,-0.476989,False
2010-07-18,36.9,28.6,34.165591,27.452796,38.2,2.734409,False
2010-07-19,32.0,25.9,34.062366,27.405806,38.01,-2.062366,False
2010-07-20,28.5,25.6,33.969892,27.375484,37.8,-5.469892,False
2010-07-21,30.8,25.9,33.886344,27.341935,37.51,-3.086344,False
2010-07-22,31.4,26.3,33.789892,27.320645,37.1,-2.389892,False
2010-07-23,33.1,26.9,33.709785,27.301075,36.91,-0.609785,False
2010-07-24,34.9,27.6,33.633011,27.266559,36.81,1.266989,False
2010-07-25,33.7,27.8,33.552151,27.23129,36.7,0.147849,False
2010-07-26,34.1,27.9,33.476667,27.207634,36.41,0.623333,False
2010-07-27,29.2,26.2,33.442581,27.191398,36.4,-4.242581,False
2010-07-28,32.5,26.4,33.424301,27.185161,36.4,-0.924301,False
2010-07-29,34.4,27.8,33.374409,27.173226,36.3,1.025591,False
2010-07-30,32.2,26.3,33.33129,27.155914,36.3,-1.13129,False
2010-07-31,28.3,26.1,33.288495,27.125054,36.2,-4.988495,False
2010-08-01,30.6,25.9,33.246559,27.100968,36.2,-2.646559,False
2010-08-02,31.8,25.8,33.223763,27.073656,36.2,-1.423763,False
2010-08-03,32.5,26.7,33.216559,27.054301,36.1,-0.716559,False
2010-08-04,32.3,26.7,33.148065,27.028925,36.1,-0.848065,False
2010-08-05,31.5,26.8,33.137312,27.012258,36.0,-1.637312,False
2010-08-06,34.7,27.2,33.130108,26.993763,36.0,1.569892,False
2010-08-07,33.2,27.9,33.11,26.966774,35.9,0.09,False
2010-08-08,34.8,28.0,33.074946,26.943441,35.9,1.725054,False
2010-08-09,35.7,28.2,33.045269,26.916022,35.8,2.654731,False
2010-08-10,34.6,27.5,33.024946,26.896452,35.8,1.575054,False
2010-08-11,33.0,26.0,33.021075,26.877204,35.71,-0.021075,False
2010-08-12,31.7,26.1,33.022903,26.865806,35.71,-1.322903,False
2010-08-13,33.2,26.6,33.028602,26.855161,35.71,0.171398,False
2010-08-14,31.3,26.7,33.032366,26.837204,35.8,-1.732366,False
2010-08-15,33.8,27.2,33.029462,26.809462,35.71,0.770538,False
2010-08-16,31.9,27.3,33.032366,26.784301,35.7,-1.132366,False
2010-08-17,32.2,27.3,33.036022,26.769892,35.7,-0.836022,False
2010-08-18,32.0,26.9,33.032151,26.737849,35.7,-1.032151,False
2010-08-19,28.6,26.5,33.022473,26.710538,35.7,-4.422473,False
2010-08-20,30.2,26.6,32.999247,26.671183,35.7,-2.799247,False
2010-08-21,29.6,26.1,32.987849,26.625591,35.7,-3.387849,False
2010-08-22,30.7,26.0,32.979032,26.569247,35.7,-2.279032,False
2010-08-23,32.4,26.3,32.958925,26.515699,35.7,-0.558925,False
2010-08-24,31.8,25.5,32.946452,26.468817,35.7,-1.146452,False
2010-08-25,30.3,25.6,32.943441,26.433226,35.7,-2.643441,False
2010-08-26,31.4,26.3,32.939355,26.393871,35.7,-1.539355,False
2010-08-27,33.1,26.5,32.920968,26.352796,35.7,0.179032,False
2010-08-28,33.6,26.9,32.89957,26.310645,35.81,0.70043,False
2010-08-29,32.5,27.3,32.908602,26.269677,35.71,-0.408602,False
2010-08-30,33.2,27.0,32.921183,26.224624,35.71,0.278817,False
2010-08-31,32.7,27.2,32.930215,26.18172,35.8,-0.230215,False
2010-09-01,33.2,26.7,32.939462,26.134301,35.71,0.260538,False
2010-09-02,32.5,26.4,32.958817,26.085806,35.71,-0.458817,False
2010-09-03,32.1,25.6,32.970753,26.032581,35.8,-0.870753,False
2010-09-04,29.7,25.6,33.014301,25.983226,35.81,-3.314301,False
2010-09-05,30.0,25.5,33.031613,25.933871,35.9,-3.031613,False
2010-09-06,31.7,25.7,33.050968,25.87957,35.9,-1.350968,False
2010-09-07,30.9,26.3,33.054301,25.81828,35.9,-2.154301,False
2010-09-08,30.1,26.4,33.054839,25.739892,35.9,-2.954839,False
2010-09-09,31.1,26.5,33.054086,25.647849,35.91,-1.954086,False
2010-09-10,32.0,26.1,33.08129,25.548602,36.0,-1.08129,False
2010-09-11,29.5,25.2,33.096344,25.454516,36.0,-3.596344,False
2010-09-12,30.5,25.3,33.120323,25.361828,36.0,-2.620323,False
2010-09-13,29.7,25.3,33.15129,25.263871,36.1,-3.45129,False
2010-09-14,29.4,25.3,33.173118,25.165591,36.1,-3.773118,False
2010-09-15,30.8,24.6,33.19828,25.055914,36.1,-2.39828,False
2010-09-16,30.5,24.6,33.227634,24.945054,36.1,-2.727634,False
2010-09-17,32.0,23.1,33.247312,24.820968,36.2,-1.247312,False
2010-09-18,30.5,23.7,33.271613,24.709677,36.2,-2.771613,False
2010-09-19,24.9,23.3,33.290645,24.597849,36.2,-8.390645,False
2010-09-20,27.0,23.5,33.317957,24.483763,36.2,-6.317957,False
2010-09-21,27.4,25.2,33.334946,24.367204,36.2,-5.934946,False
2010-09-22,27.4,23.7,33.375591,24.251935,36.2,-5.975591,False
2010-09-23,28.9,22.2,33.427204,24.130108,36.2,-4.527204,False
2010-09-24,32.0,23.0,33.478172,24.003763,36.2,-1.478172,False
2010-09-25,32.5,23.2,33.50957,23.863011,36.2,-1.00957,False
2010-09-26,32.9,22.7,33.524086,23.709462,36.11,-0.624086,False
2010-09-27,33.4,21.9,33.541075,23.546344,36.1,-0.141075,False
2010-09-28,33.9,21.4,33.566989,23.386559,36.1,0.333011,False
2010-09-29,34.0,21.3,33.567312,23.208817,36.1,0.432688,False
2010-09-30,33.6,21.7,33.553978,23.025054,36.1,0.046022,False
2010-10-01,33.7,22.6,33.530215,22.844731,36.1,0.169785,False
2010-10-02,33.8,23.0,33.522043,22.664194,36.1,0.277957,False
2010-10-03,34.3,23.3,33.495914,22.477097,36.01,0.804086,False
2010-10-04,33.8,23.5,33.457419,22.285591,36.0,0.342581,False
2010-10-05,33.2,22.9,33.419785,22.089247,36.0,-0.219785,False
2010-10-06,33.2,23.0,33.376129,21.882688,35.91,-0.176129,False
2010-10-07,32.9,23.0,33.332473,21.670753,35.9,-0.432473,False
2010-10-08,32.7,22.9,33.29871,21.467527,35.9,-0.59871,False
2010-10-09,33.4,22.6,33.253978,21.270215,35.8,0.146022,False
2010-10-10,33.5,21.0,33.205161,21.080215,35.8,0.294839,False
2010-10-11,33.2,20.7,33.133011,20.887634,35.7,0.066989,False
2010-10-12,33.9,20.8,33.048925,20.68957,35.6,0.851075,False
2010-10-13,33.5,22.0,32.943441,20.477312,35.5,0.556559,False
2010-10-14,33.8,21.6,32.825591,20.263763,35.4,0.974409,False
2010-10-15,33.8,21.1,32.718817,20.054731,35.3,1.081183,False
2010-10-16,34.0,21.8,32.607097,19.848387,35.21,1.392903,False
2010-10-17,31.9,24.1,32.490538,19.644409,35.2,-0.590538,False
2010-10-18,31.8,23.8,32.378602,19.446774,35.1,-0.578602,False
2010-10-19,32.1,23.3,32.260108,19.244731,35.0,-0.160108,False
2010-10-20,32.7,23.1,32.153441,19.040108,34.9,0.546559,False
2010-10-21,31.9,21.5,32.037957,18.836774,34.71,-0.137957,False
2010-10-22,32.9,21.5,31.913011,18.643763,34.6,0.986989,False
2010-10-23,31.2,18.7,31.764946,18.448602,34.5,-0.564946,False
2010-10-24,30.1,16.1,31.596774,18.240323,34.3,-1.496774,False
2010-10-25,30.5,15.9,31.433226,18.036882,34.2,-0.933226,False
2010-10-26,30.7,17.8,31.273548,17.827097,34.01,-0.573548,False
2010-10-27,30.0,17.1,31.125591,17.623763,33.9,-1.125591,False
2010-10-28,30.0,15.9,30.964624,17.435806,33.8,-0.964624,False
2010-10-29,29.2,15.9,30.79914,17.249462,33.7,-1.59914,False
2010-10-30,29.3,17.1,30.636022,17.087849,33.4,-1.336022,False
2010-10-31,29.8,16.9,30.477849,16.922796,33.3,-0.677849,False
2010-11-01,29.7,16.4,30.326344,16.753011,33.1,-0.626344,False
2010-11-02,29.8,15.7,30.166989,16.573011,33.0,-0.366989,False
2010-11-03,29.7,15.8,30.005914,16.390215,32.8,-0.305914,False
2010-11-04,29.7,15.8,29.832043,16.202473,32.6,-0.132043,False
2010-11-05,29.6,16.2,29.649355,16.002043,32.41,-0.049355,False
2010-11-06,29.7,16.1,29.474624,15.797957,32.3,0.225376,False
2010-11-07,29.7,16.8,29.287742,15.600968,32.1,0.412258,False
2010-11-08,29.7,17.1,29.116022,15.407849,31.9,0.583978,False
2010-11-09,29.4,18.0,28.944194,15.229785,31.71,0.455806,False
2010-11-10,29.1,15.6,28.772796,15.055484,31.6,0.327204,False
2010-11-11,28.9,16.2,28.601075,14.883978,31.4,0.298925,False
2010-11-12,28.6,17.4,28.432796,14.698817,31.3,0.167204,False
2010-11-13,24.8,19.0,28.263441,14.513011,31.1,-3.463441,False
2010-11-14,27.4,18.8,28.100968,14.340753,30.81,-0.700968,False
2010-11-15,28.6,19.3,27.926237,14.156129,30.7,0.673763,False
2010-11-16,25.1,18.8,27.741505,13.971075,30.5,-2.641505,False
2010-11-17,25.6,17.7,27.55914,13.788495,30.4,-1.95914,False
2010-11-18,27.1,16.7,27.378387,13.601505,30.2,-0.278387,False
2010-11-19,26.6,13.9,27.213226,13.41914,30.0,-0.613226,False
2010-11-20,25.3,13.4,27.054731,13.263656,29.9,-1.754731,False
2010-11-21,26.5,13.3,26.904301,13.116237,29.7,-0.404301,False
2010-11-22,23.5,13.1,26.746667,12.957204,29.6,-3.246667,False
2010-11-23,23.5,15.6,26.598495,12.79914,29.5,-3.098495,False
2010-11-24,22.0,16.0,26.447204,12.653871,29.3,-4.447204,False
2010-11-25,23.2,16.0,26.275914,12.500645,29.11,-3.075914,False
2010-11-26,24.8,14.4,26.08957,12.347419,28.9,-1.28957,False
2010-11-27,25.8,12.3,25.895376,12.205806,28.71,-0.095376,False
2010-11-28,24.9,11.3,25.696989,12.049892,28.6,-0.796989,False
2010-11-29,24.5,11.1,25.502796,11.873548,28.3,-1.002796,False
2010-11-30,24.0,10.5,25.313871,11.684516,28.0,-1.313871,False
2010-12-01,23.9,10.1,25.126667,11.501613,27.9,-1.226667,False
2010-12-02,23.0,9.9,24.956882,11.329677,27.7,-1.956882,False
2010-12-03,22.9,9.7,24.783441,11.166667,27.6,-1.883441,False
2010-12-04,22.6,9.0,24.595806,11.019892,27.5,-1.995806,False
2010-12-05,23.1,9.3,24.416129,10.892043,27.4,-1.316129,False
2010-12-06,22.6,9.9,24.24129,10.771613,27.3,-1.64129,False
2010-12-07,22.7,8.9,24.056882,10.651613,27.11,-1.356882,False
2010-12-08,23.4,9.1,23.884194,10.521398,27.0,-0.484194,False
2010-12-09,23.1,10.5,23.69914,10.386237,26.9,-0.59914,False
2010-12-10,20.7,8.1,23.514839,10.238602,26.8,-2.814839,False
2010-12-11,20.4,8.0,23.330323,10.091613,26.7,-2.930323,False
2010-12-12,22.8,8.9,23.153548,9.949785,26.6,-0.353548,False
2010-12-13,23.6,7.8,22.976237,9.812473,26.41,0.623763,False
2010-12-14,23.2,7.8,22.809892,9.680108,26.3,0.390108,False
2010-12-15,23.0,8.0,22.617742,9.544516,26.1,0.382258,False
2010-12-16,23.3,7.6,22.41914,9.436559,26.0,0.88086,False
2010-12-17,23.9,8.4,22.242258,9.333333,25.9,1.657742,False
2010-12-18,22.0,8.1,22.063763,9.246667,25.7,-0.063763,False
2010-12-19,22.0,8.8,21.883226,9.161828,25.6,0.116774,False
2010-12-20,22.6,8.6,21.690215,9.065376,25.5,0.909785,False
2010-12-21,21.9,6.9,21.507634,8.95,25.3,0.392366,False
2010-12-22,22.9,6.8,21.316667,8.843871,25.01,1.583333,False
2010-12-23,22.7,8.6,21.136989,8.731398,24.8,1.563011,False
2010-12-24,22.7,8.7,20.94914,8.625591,24.5,1.75086,False
2010-12-25,19.3,8.2,20.783118,8.52,24.3,-1.483118,False
2010-12-26,18.5,7.9,20.644086,8.426989,24.2,-2.144086,False
2010-12-27,19.8,7.2,20.52,8.346129,24.0,-0.72,False
2010-12-28,16.8,9.0,20.432796,8.264086,24.0,-3.632796,False
2010-12-29,20.1,10.7,20.367957,8.206344,23.81,-0.267957,False
2010-12-30,20.5,13.2,20.293441,8.156989,23.8,0.206559,False
2010-12-31,16.9,8.8,20.207957,8.123871,23.7,-3.307957,False
2011-01-01,16.2,8.6,20.113978,8.102043,23.6,-3.913978,False
2011-01-02,13.7,8.6,20.013656,8.08,23.5,-6.313656,False
2011-01-03,14.3,6.1,19.920215,8.042258,23.3,-5.620215,False
2011-01-04,14.5,5.6,19.839247,7.991075,23.3,-5.339247,False
2011-01-05,13.7,5.9,19.76871,7.935484,23.21,-6.06871,False
2011-01-06,14.3,5.5,19.700215,7.901398,23.2,-5.400215,False
2011-01-07,15.8,5.3,19.647204,7.885484,23.1,-3.847204,False
2011-01-08,13.9,4.5,19.626129,7.885699,23.1,-5.726129,False
2011-01-09,13.0,5.6,19.628602,7.903656,23.1,-6.628602,False
2011-01-10,16.2,5.9,19.640753,7.934839,23.1,-3.440753,False
2011-01-11,18.3,6.4,19.672151,7.975376,23.2,-1.372151,False
2011-01-12,19.8,6.0,19.701075,8.02172,23.2,0.098925,False
2011-01-13,22.1,8.0,19.731935,8.082903,23.2,2.368065,False
2011-01-14,23.4,10.6,19.776129,8.150968,23.2,3.623871,False
2011-01-15,20.4,9.0,19.845699,8.21957,23.3,0.554301,False
2011-01-16,17.5,7.6,19.929247,8.268495,23.4,-2.429247,False
2011-01-17,19.7,5.8,20.004839,8.303548,23.41,-0.304839,False
2011-01-18,20.9,5.8,20.085161,8.34,23.6,0.814839,False
2011-01-19,20.2,7.0,20.188817,8.387957,23.71,0.011183,False
2011-01-20,20.4,6.9,20.301935,8.455269,24.0,0.098065,False
2011-01-21,22.2,7.4,20.395699,8.528817,24.01,1.804301,False
2011-01-22,22.2,9.7,20.513763,8.604301,24.2,1.686237,False
2011-01-23,23.0,10.2,20.638817,8.695591,24.3,2.361183,False
2011-01-24,21.6,7.8,20.744731,8.773763,24.4,0.855269,False
2011-01-25,21.9,7.9,20.850108,8.850215,24.4,1.049892,False
2011-01-26,22.6,8.6,20.94129,8.924946,24.51,1.65871,False
2011-01-27,19.3,7.5,21.042258,9.012796,24.8,-1.742258,False
2011-01-28,21.2,7.3,21.163333,9.118602,25.1,0.036667,False
2011-01-29,21.3,7.3,21.28914,9.230215,25.31,0.01086,False
2011-01-30,22.4,10.1,21.417419,9.361398,25.6,0.982581,False
2011-01-31,22.1,9.2,21.532581,9.468065,25.7,0.567419,False
2011-02-01,22.2,9.6,21.68129,9.57172,25.81,0.51871,False
2011-02-02,24.2,10.0,21.839677,9.688172,26.1,2.360323,False
2011-02-03,25.1,10.3,22.015914,9.823226,26.2,3.084086,False
2011-02-04,27.6,10.7,22.197097,9.957742,26.4,5.402903,False
2011-02-05,29.3,14.0,22.380645,10.105914,26.6,6.919355,False
2011-02-06,26.6,15.3,22.569247,10.23871,26.8,4.030753,False
2011-02-07,27.2,12.4,22.757419,10.381398,26.9,4.442581,False
2011-02-08,23.9,10.7,22.914624,10.534624,27.0,0.985376,False
2011-02-09,22.7,9.7,23.071183,10.685591,27.2,-0.371183,False
2011-02-10,23.5,9.8,23.216022,10.826989,27.3,0.283978,False
2011-02-11,24.7,10.3,23.344086,10.952366,27.5,1.355914,False
2011-02-12,27.6,12.5,23.488495,11.070323,27.51,4.111505,False
2011-02-13,26.9,15.2,23.637419,11.19172,27.6,3.262581,False
2011-02-14,23.8,16.0,23.786237,11.327957,27.9,0.013763,False
2011-02-15,17.2,13.2,23.932796,11.464516,28.1,-6.732796,False
2011-02-16,21.3,12.0,24.102473,11.602903,28.3,-2.802473,False
2011-02-17,20.1,10.2,24.276559,11.771828,28.6,-4.176559,False
2011-02-18,21.4,10.0,24.457634,11.92172,28.8,-3.057634,False
2011-02-19,22.5,10.7,24.618925,12.064194,29.01,-2.118925,False
2011-02-20,22.8,11.2,24.792473,12.213871,29.3,-1.992473,False
2011-02-21,20.7,11.2,24.967849,12.359462,29.5,-4.267849,False
2011-02-22,21.5,11.7,25.141075,12.495484,29.6,-3.641075,False
2011-02-23,23.1,12.2,25.301183,12.639785,29.8,-2.201183,False
2011-02-24,23.5,13.2,25.500323,12.808495,30.1,-2.000323,False
2011-02-25,24.1,12.5,25.704086,12.986237,30.2,-1.604086,False
2011-02-26,20.8,11.8,25.889892,13.162581,30.4,-5.089892,False
2011-02-27,23.4,10.9,26.056989,13.315054,30.5,-2.656989,False
2011-02-28,23.9,10.5,26.215269,13.456667,30.7,-2.315269,False
2011-03-01,21.9,10.7,26.392903,13.600753,30.91,-4.492903,False
2011-03-02,23.8,13.6,26.615591,13.739892,31.21,-2.815591,False
2011-03-03,23.2,15.0,26.866774,13.910968,31.5,-3.666774,False
2011-03-04,22.8,12.8,27.111935,14.093548,31.7,-4.311935,False
2011-03-05,26.5,13.0,27.347634,14.273978,31.9,-0.847634,False
2011-03-06,26.8,13.1,27.550108,14.450108,32.1,-0.750108,False
2011-03-07,27.6,13.8,27.747204,14.62957,32.21,-0.147204,False
2011-03-08,27.0,15.8,27.955161,14.802581,32.4,-0.955161,False
2011-03-09,26.5,15.3,28.17914,14.985161,32.6,-1.67914,False
2011-03-10,26.0,14.0,28.386022,15.153978,33.0,-2.386022,False
2011-03-11,27.3,13.6,28.598602,15.318602,33.1,-1.298602,False
2011-03-12,28.2,12.9,28.81172,15.478065,33.4,-0.61172,False
2011-03-13,29.6,13.5,29.067312,15.654624,33.8,0.532688,False
2011-03-14,30.5,14.3,29.307527,15.84957,34.01,1.192473,False
2011-03-15,31.4,18.0,29.52957,16.037097,34.3,1.87043,False
2011-03-16,31.8,16.5,29.772258,16.21871,34.6,2.027742,False
2011-03-17,32.5,16.8,30.010753,16.402688,34.81,2.489247,False
2011-03-18,33.0,18.7,30.266237,16.581075,35.1,2.733763,False
2011-03-19,33.1,19.5,30.497849,16.763011,35.4,2.602151,False
2011-03-20,32.4,17.9,30.728925,16.935699,35.61,1.671075,False
2011-03-21,30.2,15.3,30.960968,17.13043,36.1,-0.760968,False
2011-03-22,32.6,14.3,31.21172,17.335269,36.4,1.38828,False
2011-03-23,33.4,17.2,31.433548,17.519785,36.6,1.966452,False
2011-03-24,32.5,18.6,31.657957,17.698925,36.7,0.842043,False
2011-03-25,32.5,18.5,31.866344,17.877419,36.81,0.633656,False
2011-03-26,34.2,18.8,32.11172,18.064839,37.01,2.08828,False
2011-03-27,35.4,18.7,32.360968,18.241505,37.3,3.039032,False
2011-03-28,34.4,20.9,32.592151,18.426559,37.6,1.807849,False
2011-03-29,31.7,20.2,32.847742,18.622366,37.7,-1.147742,False
2011-03-30,31.5,19.5,33.134301,18.840968,37.91,-1.634301,False
2011-03-31,32.7,19.0,33.40914,19.058817,38.1,-0.70914,False
2011-04-01,32.9,18.7,33.646237,19.25957,38.2,-0.746237,False
2011-04-02,32.9,20.6,33.823333,19.452258,38.4,-0.923333,False
2011-04-03,31.4,18.1,34.005269,19.627527,38.51,-2.605269,False
2011-04-04,31.5,16.6,34.201183,19.799892,38.7,-2.701183,False
2011-04-05,34.3,16.5,34.410645,19.960108,39.01,-0.110645,False
2011-04-06,34.1,17.7,34.627312,20.146559,39.3,-0.527312,False
2011-04-07,33.3,18.7,34.843333,20.327742,39.5,-1.543333,False
2011-04-08,33.0,18.0,35.047097,20.51172,39.6,-2.047097,False
2011-04-09,33.8,18.6,35.258387,20.70086,39.8,-1.458387,False
2011-04-10,32.4,21.7,35.487204,20.889247,40.0,-3.087204,False
2011-04-11,34.2,21.0,35.696452,21.077527,40.2,-1.496452,False
2011-04-12,33.1,19.9,35.915054,21.266882,40.3,-2.815054,False
2011-04-13,34.0,19.9,36.107849,21.458925,40.5,-2.107849,False
2011-04-14,34.5,20.5,36.321828,21.64,40.7,-1.821828,False
2011-04-15,35.5,21.3,36.543118,21.843011,40.8,-1.043118,False
2011-04-16,35.5,21.4,36.727849,22.044839,40.9,-1.227849,False
2011-04-17,34.3,20.2,36.904301,22.220753,41.0,-2.604301,False
2011-04-18,32.5,20.1,37.038602,22.390215,41.01,-4.538602,False
2011-04-19,34.0,19.2,37.186022,22.557419,41.11,-3.186022,False
2011-04-20,34.0,19.0,37.332581,22.731505,41.2,-3.332581,False
2011-04-21,35.4,20.0,37.472796,22.898172,41.4,-2.072796,False
2011-04-22,36.1,20.5,37.592258,23.059892,41.6,-1.492258,False
2011-04-23,36.8,21.7,37.742151,23.222366,41.7,-0.942151,False
2011-04-24,38.3,22.4,37.890538,23.411935,41.7,0.409462,False
2011-04-25,39.8,23.8,38.042796,23.587634,41.8,1.757204,False
2011-04-26,35.3,23.5,38.16,23.744624,41.8,-2.86,False
2011-04-27,36.0,23.5,38.258172,23.895806,41.8,-2.258172,False
2011-04-28,39.2,25.3,38.365806,24.036344,41.81,0.834194,False
2011-04-29,40.7,25.2,38.477097,24.177204,41.9,2.222903,False
2011-04-30,40.2,26.2,38.595161,24.324086,42.1,1.604839,False
2011-05-01,40.5,25.4,38.696129,24.467097,42.3,1.803871,False
2011-05-02,40.4,25.6,38.802366,24.604946,42.3,1.597634,False
2011-05-03,40.9,26.6,38.939892,24.745376,42.4,1.960108,False
2011-05-04,39.9,27.5,39.05172,24.889247,42.4,0.84828,False
2011-05-05,38.0,26.7,39.123978,25.023763,42.41,-1.123978,False
2011-05-06,36.6,24.3,39.19172,25.16,42.5,-2.59172,False
2011-05-07,36.3,23.9,39.26957,25.267312,42.6,-2.96957,False
2011-05-08,38.1,23.6,39.349785,25.394086,42.61,-1.249785,False
2011-05-09,40.8,26.2,39.433978,25.518817,42.8,1.366022,False
2011-05-10,41.6,26.8,39.504946,25.631935,42.9,2.095054,False
2011-05-11,41.8,26.9,39.559892,25.759247,43.0,2.240108,False
2011-05-12,42.5,27.5,39.638495,25.865591,43.01,2.861505,False
2011-05-13,39.7,26.2,39.686559,25.949785,43.11,0.013441,False
2011-05-14,40.4,25.9,39.714946,26.011935,43.2,0.685054,False
2011-05-15,41.8,25.9,39.722473,26.072796,43.2,2.077527,False
2011-05-16,41.7,28.6,39.729355,26.137419,43.3,1.970645,False
2011-05-17,42.4,28.9,39.742473,26.207419,43.3,2.657527,False
2011-05-18,42.1,27.6,39.762473,26.282688,43.4,2.337527,False
2011-05-19,42.0,26.2,39.808495,26.391613,43.4,2.191505,False
2011-05-20,39.0,26.2,39.852366,26.502688,43.41,-0.852366,False
2011-05-21,37.6,22.8,39.893656,26.604516,43.6,-2.293656,False
2011-05-22,32.4,23.3,39.927312,26.69086,43.6,-7.527312,False
2011-05-23,36.7,23.7,39.937312,26.777527,43.6,-3.237312,False
2011-05-24,40.3,27.1,39.934194,26.875484,43.7,0.365806,False
2011-05-25,41.2,27.2,39.936129,26.94828,43.8,1.263871,False
2011-05-26,39.9,26.7,39.953548,27.027419,43.8,-0.053548,False
2011-05-27,36.5,26.0,39.963656,27.119677,43.8,-3.463656,False
2011-05-28,38.4,25.5,39.965806,27.218387,43.81,-1.565806,False
2011-05-29,40.1,25.7,39.959677,27.30828,43.9,0.140323,False
2011-05-30,39.6,25.5,39.938817,27.384516,43.9,-0.338817,False
2011-05-31,39.9,27.4,39.895699,27.449785,43.9,0.004301,False
2011-06-01,35.2,26.6,39.821505,27.505269,43.81,-4.621505,False
2011-06-02,34.4,25.0,39.747527,27.560753,43.8,-5.347527,False
2011-06-03,38.3,25.7,39.665699,27.596989,43.7,-1.365699,False
2011-06-04,39.6,25.6,39.595484,27.631398,43.7,0.004516,False
2011-06-05,41.2,27.2,39.528065,27.671935,43.71,1.671935,False
2011-06-06,42.8,30.4,39.462796,27.726452,43.7,3.337204,False
2011-06-07,42.4,28.9,39.398387,27.791505,43.7,3.001613,False
2011-06-08,38.0,28.5,39.325376,27.845914,43.6,-1.325376,False
2011-06-09,37.1,25.6,39.212366,27.882688,43.6,-2.112366,False
2011-06-10,36.0,24.5,39.084409,27.921613,43.5,-3.084409,False
2011-06-11,39.9,27.3,38.95172,27.947312,43.4,0.94828,False
2011-06-12,38.5,28.7,38.818817,27.971828,43.4,-0.318817,False
2011-06-13,40.2,28.7,38.688817,28.013548,43.3,1.511183,False
2011-06-14,40.1,28.0,38.574301,28.057312,43.2,1.525699,False
2011-06-15,35.0,27.6,38.468172,28.107204,43.2,-3.468172,False
2011-06-16,37.1,26.9,38.37043,28.141398,43.1,-1.27043,False
2011-06-17,36.2,27.6,38.273011,28.182151,42.9,-2.073011,False
2011-06-18,36.6,27.1,38.15914,28.217312,42.8,-1.55914,False
2011-06-19,37.3,27.2,38.037312,28.217312,42.7,-0.737312,False
2011-06-20,36.8,27.7,37.90086,28.22043,42.5,-1.10086,False
2011-06-21,36.5,28.7,37.765484,28.216452,42.4,-1.265484,False
2011-06-22,37.4,29.3,37.627312,28.216129,42.3,-0.227312,False
2011-06-23,36.5,29.8,37.506237,28.220323,42.1,-1.006237,False
2011-06-24,38.0,29.7,37.381935,28.210753,41.9,0.618065,False
2011-06-25,35.7,27.5,37.243226,28.19,41.7,-1.543226,False
2011-06-26,31.2,26.9,37.061505,28.167312,41.4,-5.861505,False
2011-06-27,30.0,27.1,36.873118,28.126129,41.3,-6.873118,False
2011-06-28,31.8,26.9,36.722151,28.084409,41.2,-4.922151,False
2011-06-29,30.0,26.3,36.567097,28.056344,41.11,-6.567097,False
2011-06-30,33.0,26.2,36.409892,28.029892,41.0,-3.409892,False
2011-07-01,34.0,26.4,36.246022,27.995376,40.9,-2.246022,False
2011-07-02,35.0,27.8,36.103871,27.971613,40.8,-1.103871,False
2011-07-03,37.1,27.6,35.963656,27.940968,40.7,1.136344,False
2011-07-04,37.3,27.5,35.849247,27.928065,40.6,1.450753,False
2011-07-05,36.0,27.5,35.702903,27.904194,40.4,0.297097,False
2011-07-06,33.0,27.2,35.553118,27.876129,40.3,-2.553118,False
2011-07-07,34.0,26.9,35.40086,27.838172,40.01,-1.40086,False
2011-07-08,31.3,26.4,35.262366,27.795914,39.8,-3.962366,False
2011-07-09,32.1,26.1,35.133333,27.757634,39.7,-3.033333,False
2011-07-10,32.1,26.2,35.022151,27.725054,39.6,-2.922151,False
2011-07-11,33.2,26.2,34.914839,27.690323,39.4,-1.714839,False
2011-07-12,34.1,28.0,34.814409,27.65129,39.2,-0.714409,False
2011-07-13,32.9,27.4,34.707312,27.621075,39.0,-1.807312,False
2011-07-14,32.1,26.8,34.605269,27.590645,38.91,-2.505269,False
2011-07-15,28.8,25.2,34.503656,27.572473,38.81,-5.703656,False
2011-07-16,31.3,25.3,34.397204,27.54,38.7,-3.097204,False
2011-07-17,30.9,26.0,34.276989,27.5,38.41,-3.376989,False
2011-07-18,31.1,26.0,34.165591,27.452796,38.2,-3.065591,False
2011-07-19,34.4,27.0,34.062366,27.405806,38.01,0.337634,False
2011-07-20,34.9,26.7,33.969892,27.375484,37.8,0.930108,False
2011-07-21,31.6,26.3,33.886344,27.341935,37.51,-2.286344,False
2011-07-22,33.7,27.3,33.789892,27.320645,37.1,-0.089892,False
2011-07-23,31.5,26.7,33.709785,27.301075,36.91,-2.209785,False
2011-07-24,32.3,26.6,33.633011,27.266559,36.81,-1.333011,False
2011-07-25,32.2,27.0,33.552151,27.23129,36.7,-1.352151,False
2011-07-26,33.9,28.0,33.476667,27.207634,36.41,0.423333,False
2011-07-27,33.1,27.1,33.442581,27.191398,36.4,-0.342581,False
2011-07-28,30.8,25.8,33.424301,27.185161,36.4,-2.624301,False
2011-07-29,32.9,25.8,33.374409,27.173226,36.3,-0.474409,False
2011-07-30,33.2,26.9,33.33129,27.155914,36.3,-0.13129,False
2011-07-31,34.6,27.0,33.288495,27.125054,36.2,1.311505,False
2011-08-01,33.9,27.0,33.246559,27.100968,36.2,0.653441,False
2011-08-02,35.9,28.2,33.223763,27.073656,36.2,2.676237,False
2011-08-03,33.9,27.5,33.216559,27.054301,36.1,0.683441,False
2011-08-04,31.8,27.1,33.148065,27.028925,36.1,-1.348065,False
2011-08-05,33.7,26.0,33.137312,27.012258,36.0,0.562688,False
2011-08-06,30.1,26.3,33.130108,26.993763,36.0,-3.030108,False
2011-08-07,33.8,27.1,33.11,26.966774,35.9,0.69,False
2011-08-08,33.1,27.5,33.074946,26.943441,35.9,0.025054,False
2011-08-09,32.4,26.9,33.045269,26.916022,35.8,-0.645269,False
2011-08-10,31.5,26.1,33.024946,26.896452,35.8,-1.524946,False
2011-08-11,31.2,25.4,33.021075,26.877204,35.71,-1.821075,False
2011-08-12,29.7,25.3,33.022903,26.865806,35.71,-3.322903,False
2011-08-13,32.2,25.4,33.028602,26.855161,35.71,-0.828602,False
2011-08-14,30.9,25.2,33.032366,26.837204,35.8,-2.132366,False
2011-08-15,28.7,25.1,33.029462,26.809462,35.71,-4.329462,False
2011-08-16,28.0,24.8,33.032366,26.784301,35.7,-5.032366,False
2011-08-17,32.2,24.7,33.036022,26.769892,35.7,-0.836022,False
2011-08-18,32.3,25.0,33.032151,26.737849,35.7,-0.732151,False
2011-08-19,30.7,25.5,33.022473,26.710538,35.7,-2.322473,False
2011-08-20,31.8,25.6,32.999247,26.671183,35.7,-1.199247,False
2011-08-21,33.2,27.0,32.987849,26.625591,35.7,0.212151,False
2011-08-22,34.7,27.8,32.979032,26.569247,35.7,1.720968,False
2011-08-23,32.2,25.4,32.958925,26.515699,35.7,-0.758925,False
2011-08-24,30.2,25.8,32.946452,26.468817,35.7,-2.746452,False
2011-08-25,33.0,25.9,32.943441,26.433226,35.7,0.056559,False
2011-08-26,32.2,26.3,32.939355,26.393871,35.7,-0.739355,False
2011-08-27,32.3,27.0,32.920968,26.352796,35.7,-0.620968,False
2011-08-28,34.2,27.5,32.89957,26.310645,35.81,1.30043,False
2011-08-29,33.8,27.6,32.908602,26.269677,35.71,0.891398,False
2011-08-30,34.8,27.8,32.921183,26.224624,35.71,1.878817,False
2011-08-31,34.6,28.1,32.930215,26.18172,35.8,1.669785,False
2011-09-01,34.3,28.2,32.939462,26.134301,35.71,1.360538,False
2011-09-02,33.3,26.1,32.958817,26.085806,35.71,0.341183,False
2011-09-03,32.6,25.8,32.970753,26.032581,35.8,-0.370753,False
2011-09-04,30.5,25.1,33.014301,25.983226,35.81,-2.514301,False
2011-09-05,31.4,25.3,33.031613,25.933871,35.9,-1.631613,False
2011-09-06,30.6,25.9,33.050968,25.87957,35.9,-2.450968,False
2011-09-07,31.7,26.3,33.054301,25.81828,35.9,-1.354301,False
2011-09-08,32.6,26.2,33.054839,25.739892,35.9,-0.454839,False
2011-09-09,29.8,26.0,33.054086,25.647849,35.91,-3.254086,False
2011-09-10,32.7,25.9,33.08129,25.548602,36.0,-0.38129,False
2011-09-11,31.7,26.9,33.096344,25.454516,36.0,-1.396344,False
2011-09-12,32.1,26.5,33.120323,25.361828,36.0,-1.020323,False
2011-09-13,33.7,26.7,33.15129,25.263871,36.1,0.54871,False
2011-09-14,34.2,26.9,33.173118,25.165591,36.1,1.026882,False
2011-09-15,31.3,24.8,33.19828,25.055914,36.1,-1.89828,False
2011-09-16,30.2,24.7,33.227634,24.945054,36.1,-3.027634,False
2011-09-17,31.9,24.6,33.247312,24.820968,36.2,-1.347312,False
2011-09-18,32.2,25.4,33.271613,24.709677,36.2,-1.071613,False
2011-09-19,32.7,25.6,33.290645,24.597849,36.2,-0.590645,False
2011-09-20,32.4,25.2,33.317957,24.483763,36.2,-0.917957,False
2011-09-21,32.5,25.1,33.334946,24.367204,36.2,-0.834946,False
2011-09-22,32.5,25.0,33.375591,24.251935,36.2,-0.875591,False
2011-09-23,32.8,23.7,33.427204,24.130108,36.2,-0.627204,False
2011-09-24,33.3,22.8,33.478172,24.003763,36.2,-0.178172,False
2011-09-25,33.5,22.9,33.50957,23.863011,36.2,-0.00957,False
2011-09-26,33.2,24.2,33.524086,23.709462,36.11,-0.324086,False
2011-09-27,33.2,23.9,33.541075,23.546344,36.1,-0.341075,False
2011-09-28,33.3,23.7,33.566989,23.386559,36.1,-0.266989,False
2011-09-29,33.5,22.3,33.567312,23.208817,36.1,-0.067312,False
2011-09-30,33.8,22.6,33.553978,23.025054,36.1,0.246022,False
2011-10-01,33.3,22.9,33.530215,22.844731,36.1,-0.230215,False
2011-10-02,33.7,23.4,33.522043,22.664194,36.1,0.177957,False
2011-10-03,33.7,23.5,33.495914,22.477097,36.01,0.204086,False
2011-10-04,33.7,23.1,33.457419,22.285591,36.0,0.242581,False
2011-10-05,33.8,22.7,33.419785,22.089247,36.0,0.380215,False
2011-10-06,34.0,22.6,33.376129,21.882688,35.91,0.623871,False
2011-10-07,34.1,22.3,33.332473,21.670753,35.9,0.767527,False
2011-10-08,33.8,22.7,33.29871,21.467527,35.9,0.50129,False
2011-10-09,33.7,21.8,33.253978,21.270215,35.8,0.446022,False
2011-10-10,33.6,21.9,33.205161,21.080215,35.8,0.394839,False
2011-10-11,33.9,22.1,33.133011,20.887634,35.7,0.766989,False
2011-10-12,33.9,21.4,33.048925,20.68957,35.6,0.851075,False
2011-10-13,33.9,21.2,32.943441,20.477312,35.5,0.956559,False
2011-10-14,34.1,21.0,32.825591,20.263763,35.4,1.274409,False
2011-10-15,33.9,19.0,32.718817,20.054731,35.3,1.181183,False
2011-10-16,33.3,18.6,32.607097,19.848387,35.21,0.692903,False
2011-10-17,33.0,17.9,32.490538,19.644409,35.2,0.509462,False
2011-10-18,32.1,17.9,32.378602,19.446774,35.1,-0.278602,False
2011-10-19,32.8,17.6,32.260108,19.244731,35.0,0.539892,False
2011-10-20,33.1,17.6,32.153441,19.040108,34.9,0.946559,False
2011-10-21,31.9,18.2,32.037957,18.836774,34.71,-0.137957,False
2011-10-22,32.1,18.4,31.913011,18.643763,34.6,0.186989,False
2011-10-23,33.3,18.8,31.764946,18.448602,34.5,1.535054,False
2011-10-24,33.0,19.0,31.596774,18.240323,34.3,1.403226,False
2011-10-25,31.2,19.0,31.433226,18.036882,34.2,-0.233226,False
2011-10-26,30.4,17.2,31.273548,17.827097,34.01,-0.873548,False
2011-10-27,29.5,16.1,31.125591,17.623763,33.9,-1.625591,False
2011-10-28,29.8,16.0,30.964624,17.435806,33.8,-1.164624,False
2011-10-29,29.9,15.9,30.79914,17.249462,33.7,-0.89914,False
2011-10-30,30.5,15.7,30.636022,17.087849,33.4,-0.136022,False
2011-10-31,31.3,15.4,30.477849,16.922796,33.3,0.822151,False
2011-11-01,31.2,15.8,30.326344,16.753011,33.1,0.873656,False
2011-11-02,31.4,16.4,30.166989,16.573011,33.0,1.233011,False
2011-11-03,31.4,17.1,30.005914,16.390215,32.8,1.394086,False
2011-11-04,31.0,17.1,29.832043,16.202473,32.6,1.167957,False
2011-11-05,30.2,17.0,29.649355,16.002043,32.41,0.550645,False
2011-11-06,29.9,17.3,29.474624,15.797957,32.3,0.425376,False
2011-11-07,29.7,14.2,29.287742,15.600968,32.1,0.412258,False
2011-11-08,29.8,14.0,29.116022,15.407849,31.9,0.683978,False
2011-11-09,30.4,15.5,28.944194,15.229785,31.71,1.455806,False
2011-11-10,30.5,18.5,28.772796,15.055484,31.6,1.727204,False
2011-11-11,29.9,18.2,28.601075,14.883978,31.4,1.298925,False
2011-11-12,29.3,15.2,28.432796,14.698817,31.3,0.867204,False
2011-11-13,29.4,14.8,28.263441,14.513011,31.1,1.136559,False
2011-11-14,28.9,14.8,28.100968,14.340753,30.81,0.799032,False
2011-11-15,28.9,14.6,27.926237,14.156129,30.7,0.973763,False
2011-11-16,28.8,16.5,27.741505,13.971075,30.5,1.058495,False
2011-11-17,29.2,15.1,27.55914,13.788495,30.4,1.64086,False
2011-11-18,29.1,15.2,27.378387,13.601505,30.2,1.721613,False
2011-11-19,28.2,15.5,27.213226,13.41914,30.0,0.986774,False
2011-11-20,27.6,15.3,27.054731,13.263656,29.9,0.545269,False
2011-11-21,27.7,16.6,26.904301,13.116237,29.7,0.795699,False
2011-11-22,27.5,16.8,26.746667,12.957204,29.6,0.753333,False
2011-11-23,27.2,15.3,26.598495,12.79914,29.5,0.601505,False
2011-11-24,26.8,13.7,26.447204,12.653871,29.3,0.352796,False
2011-11-25,26.9,12.7,26.275914,12.500645,29.11,0.624086,False
2011-11-26,26.0,13.1,26.08957,12.347419,28.9,-0.08957,False
2011-11-27,25.6,12.6,25.895376,12.205806,28.71,-0.295376,False
2011-11-28,24.3,12.9,25.696989,12.049892,28.6,-1.396989,False
2011-11-29,25.8,12.5,25.502796,11.873548,28.3,0.297204,False
2011-11-30,25.9,12.7,25.313871,11.684516,28.0,0.586129,False
2011-12-01,25.6,12.0,25.126667,11.501613,27.9,0.473333,False
2011-12-02,26.8,13.7,24.956882,11.329677,27.7,1.843118,False
2011-12-03,27.0,13.4,24.783441,11.166667,27.6,2.216559,False
2011-12-04,27.1,12.2,24.595806,11.019892,27.5,2.504194,False
2011-12-05,27.7,12.4,24.416129,10.892043,27.4,3.283871,False
2011-12-06,26.5,15.1,24.24129,10.771613,27.3,2.25871,False
2011-12-07,26.0,15.7,24.056882,10.651613,27.11,1.943118,False
2011-12-08,27.6,15.6,23.884194,10.521398,27.0,3.715806,False
2011-12-09,24.5,14.0,23.69914,10.386237,26.9,0.80086,False
2011-12-10,22.9,11.2,23.514839,10.238602,26.8,-0.614839,False
2011-12-11,22.8,8.6,23.330323,10.091613,26.7,-0.530323,False
2011-12-12,22.5,7.3,23.153548,9.949785,26.6,-0.653548,False
2011-12-13,22.5,7.5,22.976237,9.812473,26.41,-0.476237,False
2011-12-14,21.9,7.2,22.809892,9.680108,26.3,-0.909892,False
2011-12-15,21.7,6.7,22.617742,9.544516,26.1,-0.917742,False
2011-12-16,20.6,6.5,22.41914,9.436559,26.0,-1.81914,False
2011-12-17,21.5,6.3,22.242258,9.333333,25.9,-0.742258,False
2011-12-18,21.6,7.1,22.063763,9.246667,25.7,-0.463763,False
2011-12-19,20.6,7.3,21.883226,9.161828,25.6,-1.283226,False
2011-12-20,20.2,7.6,21.690215,9.065376,25.5,-1.490215,False
2011-12-21,21.4,8.3,21.507634,8.95,25.3,-0.107634,False
2011-12-22,21.6,7.6,21.316667,8.843871,25.01,0.283333,False
2011-12-23,19.3,5.0,21.136989,8.731398,24.8,-1.836989,False
2011-12-24,18.9,4.8,20.94914,8.625591,24.5,-2.04914,False
2011-12-25,19.7,3.9,20.783118,8.52,24.3,-1.083118,False
2011-12-26,20.1,3.8,20.644086,8.426989,24.2,-0.544086,False
2011-12-27,21.1,4.9,20.52,8.346129,24.0,0.58,False
2011-12-28,22.1,5.8,20.432796,8.264086,24.0,1.667204,False
2011-12-29,22.1,8.4,20.367957,8.206344,23.81,1.732043,False
2011-12-30,20.5,8.1,20.293441,8.156989,23.8,0.206559,False
2011-12-31,20.7,7.8,20.207957,8.123871,23.7,0.492043,False
2012-01-01,18.1,12.0,20.113978,8.102043,23.6,-2.013978,False
2012-01-02,19.3,10.0,20.013656,8.08,23.5,-0.713656,False
2012-01-03,19.9,8.3,19.920215,8.042258,23.3,-0.020215,False
2012-01-04,20.3,8.5,19.839247,7.991075,23.3,0.460753,False
2012-01-05,19.2,10.7,19.76871,7.935484,23.21,-0.56871,False
2012-01-06,17.4,12.4,19.700215,7.901398,23.2,-2.300215,False
2012-01-07,18.6,11.7,19.647204,7.885484,23.1,-1.047204,False
2012-01-08,17.4,8.1,19.626129,7.885699,23.1,-2.226129,False
2012-01-09,15.8,5.9,19.628602,7.903656,23.1,-3.828602,False
2012-01-10,17.0,5.7,19.640753,7.934839,23.1,-2.640753,False
2012-01-11,18.1,5.7,19.672151,7.975376,23.2,-1.572151,False
2012-01-12,18.5,6.0,19.701075,8.02172,23.2,-1.201075,False
2012-01-13,19.9,6.3,19.731935,8.082903,23.2,0.168065,False
2012-01-14,22.1,7.0,19.776129,8.150968,23.2,2.323871,False
2012-01-15,21.7,12.1,19.845699,8.21957,23.3,1.854301,False
2012-01-16,18.4,9.5,19.929247,8.268495,23.4,-1.529247,False
2012-01-17,14.7,7.5,20.004839,8.303548,23.41,-5.304839,False
2012-01-18,14.6,7.4,20.085161,8.34,23.6,-5.485161,False
2012-01-19,16.4,6.4,20.188817,8.387957,23.71,-3.788817,False
2012-01-20,15.9,6.1,20.301935,8.455269,24.0,-4.401935,False
2012-01-21,17.8,6.0,20.395699,8.528817,24.01,-2.595699,False
2012-01-22,17.3,5.6,20.513763,8.604301,24.2,-3.213763,False
2012-01-23,21.0,5.8,20.638817,8.695591,24.3,0.361183,False
2012-01-24,21.4,8.1,20.744731,8.773763,24.4,0.655269,False
2012-01-25,20.1,9.4,20.850108,8.850215,24.4,-0.750108,False
2012-01-26,20.3,8.6,20.94129,8.924946,24.51,-0.64129,False
2012-01-27,20.7,7.3,21.042258,9.012796,24.8,-0.342258,False
2012-01-28,20.3,6.6,21.163333,9.118602,25.1,-0.863333,False
2012-01-29,20.1,6.5,21.28914,9.230215,25.31,-1.18914,False
2012-01-30,21.3,5.8,21.417419,9.361398,25.6,-0.117419,False
2012-01-31,21.3,6.4,21.532581,9.468065,25.7,-0.232581,False
2012-02-01,21.5,8.4,21.68129,9.57172,25.81,-0.18129,False
2012-02-02,22.0,9.8,21.839677,9.688172,26.1,0.160323,False
2012-02-03,21.9,11.3,22.015914,9.823226,26.2,-0.115914,False
2012-02-04,22.0,11.4,22.197097,9.957742,26.4,-0.197097,False
2012-02-05,23.0,11.9,22.380645,10.105914,26.6,0.619355,False
2012-02-06,21.3,10.0,22.569247,10.23871,26.8,-1.269247,False
2012-02-07,19.0,9.2,22.757419,10.381398,26.9,-3.757419,False
2012-02-08,18.7,4.2,22.914624,10.534624,27.0,-4.214624,False
2012-02-09,18.8,4.4,23.071183,10.685591,27.2,-4.271183,False
2012-02-10,20.6,6.4,23.216022,10.826989,27.3,-2.616022,False
2012-02-11,20.3,6.0,23.344086,10.952366,27.5,-3.044086,False
2012-02-12,24.7,10.4,23.488495,11.070323,27.51,1.211505,False
2012-02-13,23.8,12.7,23.637419,11.19172,27.6,0.162581,False
2012-02-14,22.4,12.2,23.786237,11.327957,27.9,-1.386237,False
2012-02-15,20.9,9.2,23.932796,11.464516,28.1,-3.032796,False
2012-02-16,20.8,7.8,24.102473,11.602903,28.3,-3.302473,False
2012-02-17,21.3,7.3,24.276559,11.771828,28.6,-2.976559,False
2012-02-18,23.4,9.2,24.457634,11.92172,28.8,-1.057634,False
2012-02-19,23.4,10.9,24.618925,12.064194,29.01,-1.218925,False
2012-02-20,25.1,11.8,24.792473,12.213871,29.3,0.307527,False
2012-02-21,27.4,12.2,24.967849,12.359462,29.5,2.432151,False
2012-02-22,28.7,14.3,25.141075,12.495484,29.6,3.558925,False
2012-02-23,27.4,14.0,25.301183,12.639785,29.8,2.098817,False
2012-02-24,25.6,12.3,25.500323,12.808495,30.1,0.099677,False
2012-02-25,22.9,10.3,25.704086,12.986237,30.2,-2.804086,False
2012-02-26,24.3,9.8,25.889892,13.162581,30.4,-1.589892,False
2012-02-27,25.2,11.2,26.056989,13.315054,30.5,-0.856989,False
2012-02-28,26.2,11.7,26.215269,13.456667,30.7,-0.015269,False
2012-02-29,26.1,11.5,26.304086,13.52871,30.805,-0.204086,False
2012-03-01,27.6,11.7,26.392903,13.600753,30.91,1.207097,False
2012-03-02,28.1,13.2,26.615591,13.739892,31.21,1.484409,False
2012-03-03,28.6,13.7,26.866774,13.910968,31.5,1.733226,False
2012-03-04,31.0,15.2,27.111935,14.093548,31.7,3.888065,False
2012-03-05,31.0,17.9,27.347634,14.273978,31.9,3.652366,False
2012-03-06,28.0,14.7,27.550108,14.450108,32.1,0.449892,False
2012-03-07,27.3,12.5,27.747204,14.62957,32.21,-0.447204,False
2012-03-08,26.3,12.0,27.955161,14.802581,32.4,-1.655161,False
2012-03-09,24.6,10.7,28.17914,14.985161,32.6,-3.57914,False
2012-03-10,25.2,10.5,28.386022,15.153978,33.0,-3.186022,False
2012-03-11,26.3,11.5,28.598602,15.318602,33.1,-2.298602,False
2012-03-12,28.2,12.2,28.81172,15.478065,33.4,-0.61172,False
2012-03-13,25.0,13.4,29.067312,15.654624,33.8,-4.067312,False
2012-03-14,26.0,13.0,29.307527,15.84957,34.01,-3.307527,False
2012-03-15,27.5,13.4,29.52957,16.037097,34.3,-2.02957,False
2012-03-16,29.9,14.2,29.772258,16.21871,34.6,0.127742,False
2012-03-17,33.0,16.9,30.010753,16.402688,34.81,2.989247,False
2012-03-18,33.7,17.8,30.266237,16.581075,35.1,3.433763,False
2012-03-19,35.1,19.7,30.497849,16.763011,35.4,4.602151,False
2012-03-20,33.1,15.5,30.728925,16.935699,35.61,2.371075,False
2012-03-21,25.9,14.2,30.960968,17.13043,36.1,-5.060968,False
2012-03-22,26.8,14.4,31.21172,17.335269,36.4,-4.41172,False
2012-03-23,30.2,14.8,31.433548,17.519785,36.6,-1.233548,False
2012-03-24,32.7,17.0,31.657957,17.698925,36.7,1.042043,False
2012-03-25,32.8,19.0,31.866344,17.877419,36.81,0.933656,False
2012-03-26,33.8,18.0,32.11172,18.064839,37.01,1.68828,False
2012-03-27,32.8,18.4,32.360968,18.241505,37.3,0.439032,False
2012-03-28,33.4,19.1,32.592151,18.426559,37.6,0.807849,False
2012-03-29,32.3,19.0,32.847742,18.622366,37.7,-0.547742,False
2012-03-30,33.9,19.7,33.134301,18.840968,37.91,0.765699,False
2012-03-31,35.2,19.3,33.40914,19.058817,38.1,1.79086,False
2012-04-01,35.5,21.8,33.646237,19.25957,38.2,1.853763,False
2012-04-02,36.7,22.0,33.823333,19.452258,38.4,2.876667,False
2012-04-03,37.9,22.2,34.005269,19.627527,38.51,3.894731,False
2012-04-04,36.8,21.6,34.201183,19.799892,38.7,2.598817,False
2012-04-05,36.7,21.3,34.410645,19.960108,39.01,2.289355,False
2012-04-06,36.3,22.1,34.627312,20.146559,39.3,1.672688,False
2012-04-07,36.8,21.8,34.843333,20.327742,39.5,1.956667,False
2012-04-08,36.5,22.0,35.047097,20.51172,39.6,1.452903,False
2012-04-09,37.7,22.3,35.258387,20.70086,39.8,2.441613,False
2012-04-10,36.5,21.9,35.487204,20.889247,40.0,1.012796,False
2012-04-11,33.2,20.0,35.696452,21.077527,40.2,-2.496452,False
2012-04-12,34.1,21.0,35.915054,21.266882,40.3,-1.815054,False
2012-04-13,30.1,20.0,36.107849,21.458925,40.5,-6.007849,False
2012-04-14,28.2,18.6,36.321828,21.64,40.7,-8.121828,False
2012-04-15,30.4,18.8,36.543118,21.843011,40.8,-6.143118,False
2012-04-16,34.0,19.5,36.727849,22.044839,40.9,-2.727849,False
2012-04-17,33.1,21.5,36.904301,22.220753,41.0,-3.804301,False
2012-04-18,33.4,22.5,37.038602,22.390215,41.01,-3.638602,False
2012-04-19,36.1,22.3,37.186022,22.557419,41.11,-1.086022,False
2012-04-20,36.6,23.4,37.332581,22.731505,41.2,-0.732581,False
2012-04-21,34.2,22.8,37.472796,22.898172,41.4,-3.272796,False
2012-04-22,34.7,20.8,37.592258,23.059892,41.6,-2.892258,False
2012-04-23,35.0,20.8,37.742151,23.222366,41.7,-2.742151,False
2012-04-24,36.0,22.4,37.890538,23.411935,41.7,-1.890538,False
2012-04-25,35.0,22.2,38.042796,23.587634,41.8,-3.042796,False
2012-04-26,33.2,20.5,38.16,23.744624,41.8,-4.96,False
2012-04-27,34.3,21.2,38.258172,23.895806,41.8,-3.958172,False
2012-04-28,35.4,21.5,38.365806,24.036344,41.81,-2.965806,False
2012-04-29,36.5,21.8,38.477097,24.177204,41.9,-1.977097,False
2012-04-30,36.6,23.0,38.595161,24.324086,42.1,-1.995161,False
2012-05-01,35.6,22.5,38.696129,24.467097,42.3,-3.096129,False
2012-05-02,37.2,22.1,38.802366,24.604946,42.3,-1.602366,False
2012-05-03,37.4,22.0,38.939892,24.745376,42.4,-1.539892,False
2012-05-04,38.1,21.5,39.05172,24.889247,42.4,-0.95172,False
2012-05-05,37.9,23.6,39.123978,25.023763,42.41,-1.223978,False
2012-05-06,38.4,25.0,39.19172,25.16,42.5,-0.79172,False
2012-05-07,39.4,25.0,39.26957,25.267312,42.6,0.13043,False
2012-05-08,39.6,27.4,39.349785,25.394086,42.61,0.250215,False
2012-05-09,40.8,27.6,39.433978,25.518817,42.8,1.366022,False
2012-05-10,41.4,27.7,39.504946,25.631935,42.9,1.895054,False
2012-05-11,37.4,26.8,39.559892,25.759247,43.0,-2.159892,False
2012-05-12,38.9,24.2,39.638495,25.865591,43.01,-0.738495,False
2012-05-13,37.5,24.2,39.686559,25.949785,43.11,-2.186559,False
2012-05-14,36.4,23.8,39.714946,26.011935,43.2,-3.314946,False
2012-05-15,39.0,24.3,39.722473,26.072796,43.2,-0.722473,False
2012-05-16,41.6,25.6,39.729355,26.137419,43.3,1.870645,False
2012-05-17,39.5,28.0,39.742473,26.207419,43.3,-0.242473,False
2012-05-18,39.9,27.3,39.762473,26.282688,43.4,0.137527,False
2012-05-19,40.1,27.2,39.808495,26.391613,43.4,0.291505,False
2012-05-20,40.6,26.8,39.852366,26.502688,43.41,0.747634,False
2012-05-21,41.6,27.2,39.893656,26.604516,43.6,1.706344,False
2012-05-22,41.9,26.9,39.927312,26.69086,43.6,1.972688,False
2012-05-23,42.0,27.1,39.937312,26.777527,43.6,2.062688,False
2012-05-24,43.0,27.1,39.934194,26.875484,43.7,3.065806,False
2012-05-25,43.9,27.5,39.936129,26.94828,43.8,3.963871,False
2012-05-26,42.3,30.9,39.953548,27.027419,43.8,2.346452,False
2012-05-27,41.2,27.8,39.963656,27.119677,43.8,1.236344,False
2012-05-28,41.7,27.2,39.965806,27.218387,43.81,1.734194,False
2012-05-29,43.3,28.1,39.959677,27.30828,43.9,3.340323,False
2012-05-30,44.9,28.8,39.938817,27.384516,43.9,4.961183,True
2012-05-31,44.6,34.0,39.895699,27.449785,43.9,4.704301,True
2012-06-01,44.7,32.7,39.821505,27.505269,43.81,4.878495,True
2012-06-02,43.9,32.0,39.747527,27.560753,43.8,4.152473,True
2012-06-03,41.7,31.3,39.665699,27.596989,43.7,2.034301,False
2012-06-04,41.7,30.4,39.595484,27.631398,43.7,2.104516,False
2012-06-05,40.6,27.2,39.528065,27.671935,43.71,1.071935,False
2012-06-06,38.7,26.9,39.462796,27.726452,43.7,-0.762796,False
2012-06-07,38.1,26.4,39.398387,27.791505,43.7,-1.298387,False
2012-06-08,38.9,26.7,39.325376,27.845914,43.6,-0.425376,False
2012-06-09,40.2,28.4,39.212366,27.882688,43.6,0.987634,False
2012-06-10,41.2,29.4,39.084409,27.921613,43.5,2.115591,False
2012-06-11,41.2,28.4,38.95172,27.947312,43.4,2.24828,False
2012-06-12,41.9,29.1,38.818817,27.971828,43.4,3.081183,False
2012-06-13,42.9,31.0,38.688817,28.013548,43.3,4.211183,False
2012-06-14,42.4,32.1,38.574301,28.057312,43.2,3.825699,False
2012-06-15,42.9,32.4,38.468172,28.107204,43.2,4.431828,False
2012-06-16,42.5,32.6,38.37043,28.141398,43.1,4.12957,False
2012-06-17,42.8,33.6,38.273011,28.182151,42.9,4.526989,False
2012-06-18,38.6,28.5,38.15914,28.217312,42.8,0.44086,False
2012-06-19,41.3,28.9,38.037312,28.217312,42.7,3.262688,False
2012-06-20,43.1,30.6,37.90086,28.22043,42.5,5.19914,False
2012-06-21,42.6,33.6,37.765484,28.216452,42.4,4.834516,False
2012-06-22,41.7,31.2,37.627312,28.216129,42.3,4.072688,False
2012-06-23,41.2,31.0,37.506237,28.220323,42.1,3.693763,False
2012-06-24,41.3,32.5,37.381935,28.210753,41.9,3.918065,False
2012-06-25,41.7,32.4,37.243226,28.19,41.7,4.456774,False
2012-06-26,40.3,32.4,37.061505,28.167312,41.4,3.238495,False
2012-06-27,39.7,31.1,36.873118,28.126129,41.3,2.826882,False
2012-06-28,41.4,31.4,36.722151,28.084409,41.2,4.677849,True
2012-06-29,41.3,31.8,36.567097,28.056344,41.11,4.732903,True
2012-06-30,42.3,31.5,36.409892,28.029892,41.0,5.890108,True
2012-07-01,42.2,31.7,36.246022,27.995376,40.9,5.953978,True
2012-07-02,41.4,32.3,36.103871,27.971613,40.8,5.296129,True
2012-07-03,38.1,29.7,35.963656,27.940968,40.7,2.136344,False
2012-07-04,39.4,29.2,35.849247,27.928065,40.6,3.550753,False
2012-07-05,39.7,28.9,35.702903,27.904194,40.4,3.997097,False
2012-07-06,37.4,25.4,35.553118,27.876129,40.3,1.846882,False
2012-07-07,31.4,25.6,35.40086,27.838172,40.01,-4.00086,False
2012-07-08,32.5,26.4,35.262366,27.795914,39.8,-2.762366,False
2012-07-09,34.2,27.4,35.133333,27.757634,39.7,-0.933333,False
2012-07-10,34.2,26.7,35.022151,27.725054,39.6,-0.822151,False
2012-07-11,32.4,26.9,34.914839,27.690323,39.4,-2.514839,False
2012-07-12,31.4,27.2,34.814409,27.65129,39.2,-3.414409,False
2012-07-13,33.6,25.7,34.707312,27.621075,39.0,-1.107312,False
2012-07-14,32.0,26.2,34.605269,27.590645,38.91,-2.605269,False
2012-07-15,35.7,27.5,34.503656,27.572473,38.81,1.196344,False
2012-07-16,35.6,28.4,34.397204,27.54,38.7,1.202796,False
2012-07-17,37.1,29.0,34.276989,27.5,38.41,2.823011,False
2012-07-18,39.2,29.5,34.165591,27.452796,38.2,5.034409,False
2012-07-19,39.1,31.7,34.062366,27.405806,38.01,5.037634,False
2012-07-20,34.9,28.5,33.969892,27.375484,37.8,0.930108,False
2012-07-21,33.0,28.2,33.886344,27.341935,37.51,-0.886344,False
2012-07-22,35.9,28.3,33.789892,27.320645,37.1,2.110108,False
2012-07-23,36.3,27.9,33.709785,27.301075,36.91,2.590215,False
2012-07-24,36.7,27.9,33.633011,27.266559,36.81,3.066989,False
2012-07-25,33.6,27.2,33.552151,27.23129,36.7,0.047849,False
2012-07-26,29.8,27.3,33.476667,27.207634,36.41,-3.676667,False
2012-07-27,32.6,28.0,33.442581,27.191398,36.4,-0.842581,False
2012-07-28,32.6,27.5,33.424301,27.185161,36.4,-0.824301,False
2012-07-29,32.9,27.0,33.374409,27.173226,36.3,-0.474409,False
2012-07-30,31.6,26.9,33.33129,27.155914,36.3,-1.73129,False
2012-07-31,29.1,26.6,33.288495,27.125054,36.2,-4.188495,False
2012-08-01,30.6,26.7,33.246559,27.100968,36.2,-2.646559,False
2012-08-02,35.2,27.9,33.223763,27.073656,36.2,1.976237,False
2012-08-03,34.6,26.3,33.216559,27.054301,36.1,1.383441,False
2012-08-04,32.6,26.2,33.148065,27.028925,36.1,-0.548065,False
2012-08-05,32.8,26.4,33.137312,27.012258,36.0,-0.337312,False
2012-08-06,33.0,27.5,33.130108,26.993763,36.0,-0.130108,False
2012-08-07,32.9,27.4,33.11,26.966774,35.9,-0.21,False
2012-08-08,31.5,26.3,33.074946,26.943441,35.9,-1.574946,False
2012-08-09,31.2,26.0,33.045269,26.916022,35.8,-1.845269,False
2012-08-10,31.6,26.3,33.024946,26.896452,35.8,-1.424946,False
2012-08-11,32.5,26.4,33.021075,26.877204,35.71,-0.521075,False
2012-08-12,33.3,26.6,33.022903,26.865806,35.71,0.277097,False
2012-08-13,31.3,25.9,33.028602,26.855161,35.71,-1.728602,False
2012-08-14,31.4,26.3,33.032366,26.837204,35.8,-1.632366,False
2012-08-15,32.6,25.0,33.029462,26.809462,35.71,-0.429462,False
2012-08-16,32.2,25.2,33.032366,26.784301,35.7,-0.832366,False
2012-08-17,34.0,26.1,33.036022,26.769892,35.7,0.963978,False
2012-08-18,34.2,28.1,33.032151,26.737849,35.7,1.167849,False
2012-08-19,31.5,27.7,33.022473,26.710538,35.7,-1.522473,False
2012-08-20,30.2,26.5,32.999247,26.671183,35.7,-2.799247,False
2012-08-21,28.4,25.1,32.987849,26.625591,35.7,-4.587849,False
2012-08-22,28.8,25.3,32.979032,26.569247,35.7,-4.179032,False
2012-08-23,29.6,25.3,32.958925,26.515699,35.7,-3.358925,False
2012-08-24,30.1,25.8,32.946452,26.468817,35.7,-2.846452,False
2012-08-25,29.0,25.6,32.943441,26.433226,35.7,-3.943441,False
2012-08-26,29.3,25.8,32.939355,26.393871,35.7,-3.639355,False
2012-08-27,30.2,25.6,32.920968,26.352796,35.7,-2.720968,False
2012-08-28,31.5,25.6,32.89957,26.310645,35.81,-1.39957,False
2012-08-29,31.8,25.4,32.908602,26.269677,35.71,-1.108602,False
2012-08-30,30.0,25.5,32.921183,26.224624,35.71,-2.921183,False
2012-08-31,33.3,26.0,32.930215,26.18172,35.8,0.369785,False
2012-09-01,33.9,27.3,32.939462,26.134301,35.71,0.960538,False
2012-09-02,31.9,26.2,32.958817,26.085806,35.71,-1.058817,False
2012-09-03,31.8,26.4,32.970753,26.032581,35.8,-1.170753,False
2012-09-04,30.7,26.6,33.014301,25.983226,35.81,-2.314301,False
2012-09-05,32.8,26.8,33.031613,25.933871,35.9,-0.231613,False
2012-09-06,32.1,26.4,33.050968,25.87957,35.9,-0.950968,False
2012-09-07,29.7,25.3,33.054301,25.81828,35.9,-3.354301,False
2012-09-08,31.0,25.4,33.054839,25.739892,35.9,-2.054839,False
2012-09-09,34.1,26.7,33.054086,25.647849,35.91,1.045914,False
2012-09-10,34.9,27.6,33.08129,25.548602,36.0,1.81871,False
2012-09-11,33.6,27.2,33.096344,25.454516,36.0,0.503656,False
2012-09-12,32.8,27.0,33.120323,25.361828,36.0,-0.320323,False
2012-09-13,32.9,26.6,33.15129,25.263871,36.1,-0.25129,False
2012-09-14,31.0,25.0,33.173118,25.165591,36.1,-2.173118,False
2012-09-15,32.0,25.3,33.19828,25.055914,36.1,-1.19828,False
2012-09-16,31.5,25.5,33.227634,24.945054,36.1,-1.727634,False
2012-09-17,31.0,25.0,33.247312,24.820968,36.2,-2.247312,False
2012-09-18,29.2,24.3,33.271613,24.709677,36.2,-4.071613,False
2012-09-19,31.1,24.3,33.290645,24.597849,36.2,-2.190645,False
2012-09-20,32.3,24.0,33.317957,24.483763,36.2,-1.017957,False
2012-09-21,32.6,23.7,33.334946,24.367204,36.2,-0.734946,False
2012-09-22,34.0,22.6,33.375591,24.251935,36.2,0.624409,False
2012-09-23,34.0,22.3,33.427204,24.130108,36.2,0.572796,False
2012-09-24,33.5,22.4,33.478172,24.003763,36.2,0.021828,False
2012-09-25,33.3,22.4,33.50957,23.863011,36.2,-0.20957,False
2012-09-26,33.7,23.0,33.524086,23.709462,36.11,0.175914,False
2012-09-27,33.3,22.8,33.541075,23.546344,36.1,-0.241075,False
2012-09-28,33.6,22.4,33.566989,23.386559,36.1,0.033011,False
2012-09-29,33.8,22.7,33.567312,23.208817,36.1,0.232688,False
2012-09-30,34.0,21.7,33.553978,23.025054,36.1,0.446022,False
2012-10-01,34.1,21.8,33.530215,22.844731,36.1,0.569785,False
2012-10-02,33.9,22.6,33.522043,22.664194,36.1,0.377957,False
2012-10-03,34.5,21.6,33.495914,22.477097,36.01,1.004086,False
2012-10-04,34.8,21.5,33.457419,22.285591,36.0,1.342581,False
2012-10-05,35.1,21.3,33.419785,22.089247,36.0,1.680215,False
2012-10-06,35.1,19.9,33.376129,21.882688,35.91,1.723871,False
2012-10-07,34.6,19.8,33.332473,21.670753,35.9,1.267527,False
2012-10-08,33.5,19.5,33.29871,21.467527,35.9,0.20129,False
2012-10-09,33.2,20.0,33.253978,21.270215,35.8,-0.053978,False
2012-10-10,32.8,19.8,33.205161,21.080215,35.8,-0.405161,False
2012-10-11,33.0,20.1,33.133011,20.887634,35.7,-0.133011,False
2012-10-12,33.8,20.1,33.048925,20.68957,35.6,0.751075,False
2012-10-13,34.0,20.3,32.943441,20.477312,35.5,1.056559,False
2012-10-14,35.0,20.7,32.825591,20.263763,35.4,2.174409,False
2012-10-15,33.9,20.1,32.718817,20.054731,35.3,1.181183,False
2012-10-16,31.5,19.2,32.607097,19.848387,35.21,-1.107097,False
2012-10-17,31.8,19.2,32.490538,19.644409,35.2,-0.690538,False
2012-10-18,31.8,18.9,32.378602,19.446774,35.1,-0.578602,False
2012-10-19,31.8,18.7,32.260108,19.244731,35.0,-0.460108,False
2012-10-20,30.6,18.7,32.153441,19.040108,34.9,-1.553441,False
2012-10-21,31.2,18.3,32.037957,18.836774,34.71,-0.837957,False
2012-10-22,31.3,18.6,31.913011,18.643763,34.6,-0.613011,False
2012-10-23,30.4,17.6,31.764946,18.448602,34.5,-1.364946,False
2012-10-24,27.0,15.5,31.596774,18.240323,34.3,-4.596774,False
2012-10-25,27.7,15.1,31.433226,18.036882,34.2,-3.733226,False
2012-10-26,28.9,14.5,31.273548,17.827097,34.01,-2.373548,False
2012-10-27,29.2,14.9,31.125591,17.623763,33.9,-1.925591,False
2012-10-28,29.3,14.8,30.964624,17.435806,33.8,-1.664624,False
2012-10-29,29.4,15.3,30.79914,17.249462,33.7,-1.39914,False
2012-10-30,29.6,16.0,30.636022,17.087849,33.4,-1.036022,False
2012-10-31,29.6,15.6,30.477849,16.922796,33.3,-0.877849,False
2012-11-01,29.4,15.8,30.326344,16.753011,33.1,-0.926344,False
2012-11-02,28.4,15.6,30.166989,16.573011,33.0,-1.766989,False
2012-11-03,28.4,15.0,30.005914,16.390215,32.8,-1.605914,False
2012-11-04,27.7,14.4,29.832043,16.202473,32.6,-2.132043,False
2012-11-05,28.5,14.4,29.649355,16.002043,32.41,-1.149355,False
2012-11-06,28.0,14.4,29.474624,15.797957,32.3,-1.474624,False
2012-11-07,28.5,15.2,29.287742,15.600968,32.1,-0.787742,False
2012-11-08,27.6,13.3,29.116022,15.407849,31.9,-1.516022,False
2012-11-09,29.9,13.6,28.944194,15.229785,31.71,0.955806,False
2012-11-10,29.0,15.2,28.772796,15.055484,31.6,0.227204,False
2012-11-11,28.4,14.7,28.601075,14.883978,31.4,-0.201075,False
2012-11-12,28.3,14.4,28.432796,14.698817,31.3,-0.132796,False
2012-11-13,27.3,13.7,28.263441,14.513011,31.1,-0.963441,False
2012-11-14,27.3,13.4,28.100968,14.340753,30.81,-0.800968,False
2012-11-15,27.1,13.2,27.926237,14.156129,30.7,-0.826237,False
2012-11-16,26.9,12.1,27.741505,13.971075,30.5,-0.841505,False
2012-11-17,27.3,12.2,27.55914,13.788495,30.4,-0.25914,False
2012-11-18,27.5,12.1,27.378387,13.601505,30.2,0.121613,False
2012-11-19,27.6,13.4,27.213226,13.41914,30.0,0.386774,False
2012-11-20,26.6,11.6,27.054731,13.263656,29.9,-0.454731,False
2012-11-21,25.9,10.8,26.904301,13.116237,29.7,-1.004301,False
2012-11-22,25.2,10.4,26.746667,12.957204,29.6,-1.546667,False
2012-11-23,25.7,9.9,26.598495,12.79914,29.5,-0.898495,False
2012-11-24,25.9,10.7,26.447204,12.653871,29.3,-0.547204,False
2012-11-25,25.9,11.7,26.275914,12.500645,29.11,-0.375914,False
2012-11-26,25.2,11.2,26.08957,12.347419,28.9,-0.88957,False
2012-11-27,25.2,11.0,25.895376,12.205806,28.71,-0.695376,False
2012-11-28,25.3,9.8,25.696989,12.049892,28.6,-0.396989,False
2012-11-29,24.7,12.4,25.502796,11.873548,28.3,-0.802796,False
2012-11-30,22.6,10.8,25.313871,11.684516,28.0,-2.713871,False
2012-12-01,23.1,8.3,25.126667,11.501613,27.9,-2.026667,False
2012-12-02,22.9,8.3,24.956882,11.329677,27.7,-2.056882,False
2012-12-03,23.3,8.0,24.783441,11.166667,27.6,-1.483441,False
2012-12-04,24.0,8.6,24.595806,11.019892,27.5,-0.595806,False
2012-12-05,24.8,9.5,24.416129,10.892043,27.4,0.383871,False
2012-12-06,25.6,9.5,24.24129,10.771613,27.3,1.35871,False
2012-12-07,25.0,10.9,24.056882,10.651613,27.11,0.943118,False
2012-12-08,26.2,10.4,23.884194,10.521398,27.0,2.315806,False
2012-12-09,27.1,10.0,23.69914,10.386237,26.9,3.40086,False
2012-12-10,25.7,11.1,23.514839,10.238602,26.8,2.185161,False
2012-12-11,20.7,9.3,23.330323,10.091613,26.7,-2.630323,False
2012-12-12,21.6,9.2,23.153548,9.949785,26.6,-1.553548,False
2012-12-13,22.9,12.7,22.976237,9.812473,26.41,-0.076237,False
2012-12-14,20.3,12.9,22.809892,9.680108,26.3,-2.509892,False
2012-12-15,22.2,12.2,22.617742,9.544516,26.1,-0.417742,False
2012-12-16,22.2,11.6,22.41914,9.436559,26.0,-0.21914,False
2012-12-17,22.3,11.1,22.242258,9.333333,25.9,0.057742,False
2012-12-18,23.6,11.3,22.063763,9.246667,25.7,1.536237,False
2012-12-19,22.2,10.4,21.883226,9.161828,25.6,0.316774,False
2012-12-20,22.0,8.5,21.690215,9.065376,25.5,0.309785,False
2012-12-21,21.3,7.7,21.507634,8.95,25.3,-0.207634,False
2012-12-22,21.1,6.8,21.316667,8.843871,25.01,-0.216667,False
2012-12-23,18.6,7.1,21.136989,8.731398,24.8,-2.536989,False
2012-12-24,17.4,8.5,20.94914,8.625591,24.5,-3.54914,False
2012-12-25,17.4,8.4,20.783118,8.52,24.3,-3.383118,False
2012-12-26,17.4,7.8,20.644086,8.426989,24.2,-3.244086,False
2012-12-27,16.0,6.6,20.52,8.346129,24.0,-4.52,False
2012-12-28,18.5,6.6,20.432796,8.264086,24.0,-1.932796,False
2012-12-29,20.0,8.0,20.367957,8.206344,23.81,-0.367957,False
2012-12-30,16.2,6.3,20.293441,8.156989,23.8,-4.093441,False
2012-12-31,14.2,4.7,20.207957,8.123871,23.7,-6.007957,False
2013-01-01,14.4,4.4,20.113978,8.102043,23.6,-5.713978,False
2013-01-02,12.9,4.9,20.013656,8.08,23.5,-7.113656,False
2013-01-03,14.1,4.7,19.920215,8.042258,23.3,-5.820215,False
2013-01-04,14.8,4.3,19.839247,7.991075,23.3,-5.039247,False
2013-01-05,12.6,4.0,19.76871,7.935484,23.21,-7.16871,False
2013-01-06,13.0,4.0,19.700215,7.901398,23.2,-6.700215,False
2013-01-07,13.9,4.0,19.647204,7.885484,23.1,-5.747204,False
2013-01-08,15.3,4.5,19.626129,7.885699,23.1,-4.326129,False
2013-01-09,19.3,5.3,19.628602,7.903656,23.1,-0.328602,False
2013-01-10,20.7,7.8,19.640753,7.934839,23.1,1.059247,False
2013-01-11,21.7,8.6,19.672151,7.975376,23.2,2.027849,False
2013-01-12,22.6,8.8,19.701075,8.02172,23.2,2.898925,False
2013-01-13,22.8,10.7,19.731935,8.082903,23.2,3.068065,False
2013-01-14,20.1,7.9,19.776129,8.150968,23.2,0.323871,False
2013-01-15,21.3,7.3,19.845699,8.21957,23.3,1.454301,False
2013-01-16,23.0,11.3,19.929247,8.268495,23.4,3.070753,False
2013-01-17,20.1,14.6,20.004839,8.303548,23.41,0.095161,False
2013-01-18,16.3,8.3,20.085161,8.34,23.6,-3.785161,False
2013-01-19,17.9,7.9,20.188817,8.387957,23.71,-2.288817,False
2013-01-20,17.3,7.8,20.301935,8.455269,24.0,-3.001935,False
2013-01-21,18.0,6.7,20.395699,8.528817,24.01,-2.395699,False
2013-01-22,18.6,6.6,20.513763,8.604301,24.2,-1.913763,False
2013-01-23,18.4,6.4,20.638817,8.695591,24.3,-2.238817,False
2013-01-24,18.9,6.5,20.744731,8.773763,24.4,-1.844731,False
2013-01-25,20.1,6.7,20.850108,8.850215,24.4,-0.750108,False
2013-01-26,19.9,7.0,20.94129,8.924946,24.51,-1.04129,False
2013-01-27,21.3,7.6,21.042258,9.012796,24.8,0.257742,False
2013-01-28,20.6,8.2,21.163333,9.118602,25.1,-0.563333,False
2013-01-29,22.2,7.0,21.28914,9.230215,25.31,0.91086,False
2013-01-30,22.4,7.3,21.417419,9.361398,25.6,0.982581,False
2013-01-31,21.1,8.3,21.532581,9.468065,25.7,-0.432581,False
2013-02-01,22.7,8.8,21.68129,9.57172,25.81,1.01871,False
2013-02-02,23.4,10.6,21.839677,9.688172,26.1,1.560323,False
2013-02-03,24.2,9.5,22.015914,9.823226,26.2,2.184086,False
2013-02-04,20.4,14.6,22.197097,9.957742,26.4,-1.797097,False
2013-02-05,17.5,14.8,22.380645,10.105914,26.6,-4.880645,False
2013-02-06,19.9,9.3,22.569247,10.23871,26.8,-2.669247,False
2013-02-07,20.0,9.1,22.757419,10.381398,26.9,-2.757419,False
2013-02-08,20.9,9.0,22.914624,10.534624,27.0,-2.014624,False
2013-02-09,21.9,8.9,23.071183,10.685591,27.2,-1.171183,False
2013-02-10,21.9,8.5,23.216022,10.826989,27.3,-1.316022,False
2013-02-11,22.2,9.2,23.344086,10.952366,27.5,-1.144086,False
2013-02-12,23.4,10.2,23.488495,11.070323,27.51,-0.088495,False
2013-02-13,24.1,10.3,23.637419,11.19172,27.6,0.462581,False
2013-02-14,26.0,11.5,23.786237,11.327957,27.9,2.213763,False
2013-02-15,19.2,13.7,23.932796,11.464516,28.1,-4.732796,False
2013-02-16,15.7,12.7,24.102473,11.602903,28.3,-8.402473,False
2013-02-17,17.9,10.9,24.276559,11.771828,28.6,-6.376559,False
2013-02-18,20.6,10.5,24.457634,11.92172,28.8,-3.857634,False
2013-02-19,20.1,11.1,24.618925,12.064194,29.01,-4.518925,False
2013-02-20,22.8,11.1,24.792473,12.213871,29.3,-1.992473,False
2013-02-21,23.2,10.8,24.967849,12.359462,29.5,-1.767849,False
2013-02-22,24.9,15.9,25.141075,12.495484,29.6,-0.241075,False
2013-02-23,20.1,12.4,25.301183,12.639785,29.8,-5.201183,False
2013-02-24,22.5,11.2,25.500323,12.808495,30.1,-3.000323,False
2013-02-25,23.1,11.7,25.704086,12.986237,30.2,-2.604086,False
2013-02-26,24.8,12.2,25.889892,13.162581,30.4,-1.089892,False
2013-02-27,25.5,13.2,26.056989,13.315054,30.5,-0.556989,False
2013-02-28,25.1,12.8,26.215269,13.456667,30.7,-1.115269,False
2013-03-01,23.5,12.2,26.392903,13.600753,30.91,-2.892903,False
2013-03-02,25.0,12.7,26.615591,13.739892,31.21,-1.615591,False
2013-03-03,26.8,13.0,26.866774,13.910968,31.5,-0.066774,False
2013-03-04,27.7,13.0,27.111935,14.093548,31.7,0.588065,False
2013-03-05,28.6,12.4,27.347634,14.273978,31.9,1.252366,False
2013-03-06,28.0,14.5,27.550108,14.450108,32.1,0.449892,False
2013-03-07,28.9,14.3,27.747204,14.62957,32.21,1.152796,False
2013-03-08,29.8,14.2,27.955161,14.802581,32.4,1.844839,False
2013-03-09,30.5,16.1,28.17914,14.985161,32.6,2.32086,False
2013-03-10,29.3,16.6,28.386022,15.153978,33.0,0.913978,False
2013-03-11,30.1,16.3,28.598602,15.318602,33.1,1.501398,False
2013-03-12,30.1,15.6,28.81172,15.478065,33.4,1.28828,False
2013-03-13,30.6,15.8,29.067312,15.654624,33.8,1.532688,False
2013-03-14,25.3,13.8,29.307527,15.84957,34.01,-4.007527,False
2013-03-15,28.1,13.3,29.52957,16.037097,34.3,-1.42957,False
2013-03-16,27.9,14.0,29.772258,16.21871,34.6,-1.872258,False
2013-03-17,29.1,15.6,30.010753,16.402688,34.81,-0.910753,False
2013-03-18,29.2,16.6,30.266237,16.581075,35.1,-1.066237,False
2013-03-19,30.6,17.8,30.497849,16.763011,35.4,0.102151,False
2013-03-20,32.4,18.6,30.728925,16.935699,35.61,1.671075,False
2013-03-21,32.5,18.7,30.960968,17.13043,36.1,1.539032,False
2013-03-22,30.9,18.7,31.21172,17.335269,36.4,-0.31172,False
2013-03-23,33.2,19.3,31.433548,17.519785,36.6,1.766452,False
2013-03-24,32.2,17.4,31.657957,17.698925,36.7,0.542043,False
2013-03-25,28.7,17.1,31.866344,17.877419,36.81,-3.166344,False
2013-03-26,28.7,17.0,32.11172,18.064839,37.01,-3.41172,False
2013-03-27,28.4,16.9,32.360968,18.241505,37.3,-3.960968,False
2013-03-28,31.0,17.8,32.592151,18.426559,37.6,-1.592151,False
2013-03-29,25.7,17.1,32.847742,18.622366,37.7,-7.147742,False
2013-03-30,28.5,16.9,33.134301,18.840968,37.91,-4.634301,False
2013-03-31,30.9,17.8,33.40914,19.058817,38.1,-2.50914,False
2013-04-01,33.1,18.2,33.646237,19.25957,38.2,-0.546237,False
2013-04-02,33.8,18.9,33.823333,19.452258,38.4,-0.023333,False
2013-04-03,31.6,18.4,34.005269,19.627527,38.51,-2.405269,False
2013-04-04,31.7,18.7,34.201183,19.799892,38.7,-2.501183,False
2013-04-05,31.8,17.9,34.410645,19.960108,39.01,-2.610645,False
2013-04-06,33.7,18.1,34.627312,20.146559,39.3,-0.927312,False
2013-04-07,35.8,19.4,34.843333,20.327742,39.5,0.956667,False
2013-04-08,36.3,20.4,35.047097,20.51172,39.6,1.252903,False
2013-04-09,36.5,21.3,35.258387,20.70086,39.8,1.241613,False
2013-04-10,36.4,22.1,35.487204,20.889247,40.0,0.912796,False
2013-04-11,34.2,22.6,35.696452,21.077527,40.2,-1.496452,False
2013-04-12,35.1,22.3,35.915054,21.266882,40.3,-0.815054,False
2013-04-13,35.7,21.7,36.107849,21.458925,40.5,-0.407849,False
2013-04-14,36.2,20.1,36.321828,21.64,40.7,-0.121828,False
2013-04-15,35.4,20.2,36.543118,21.843011,40.8,-1.143118,False
2013-04-16,39.1,21.7,36.727849,22.044839,40.9,2.372151,False
2013-04-17,36.6,21.0,36.904301,22.220753,41.0,-0.304301,False
2013-04-18,37.2,20.9,37.038602,22.390215,41.01,0.161398,False
2013-04-19,37.4,21.3,37.186022,22.557419,41.11,0.213978,False
2013-04-20,36.8,22.0,37.332581,22.731505,41.2,-0.532581,False
2013-04-21,32.8,22.1,37.472796,22.898172,41.4,-4.672796,False
2013-04-22,31.4,21.7,37.592258,23.059892,41.6,-6.192258,False
2013-04-23,33.9,22.4,37.742151,23.222366,41.7,-3.842151,False
2013-04-24,36.3,23.8,37.890538,23.411935,41.7,-1.590538,False
2013-04-25,36.9,23.8,38.042796,23.587634,41.8,-1.142796,False
2013-04-26,35.1,23.9,38.16,23.744624,41.8,-3.06,False
2013-04-27,37.1,23.6,38.258172,23.895806,41.8,-1.158172,False
2013-04-28,35.9,23.7,38.365806,24.036344,41.81,-2.465806,False
2013-04-29,38.0,25.4,38.477097,24.177204,41.9,-0.477097,False
2013-04-30,38.9,24.2,38.595161,24.324086,42.1,0.304839,False
2013-05-01,38.5,23.3,38.696129,24.467097,42.3,-0.196129,False
2013-05-02,36.5,22.6,38.802366,24.604946,42.3,-2.302366,False
2013-05-03,37.7,22.1,38.939892,24.745376,42.4,-1.239892,False
2013-05-04,40.6,22.2,39.05172,24.889247,42.4,1.54828,False
2013-05-05,40.6,26.0,39.123978,25.023763,42.41,1.476022,False
2013-05-06,40.5,26.6,39.19172,25.16,42.5,1.30828,False
2013-05-07,40.3,25.1,39.26957,25.267312,42.6,1.03043,False
2013-05-08,41.2,25.1,39.349785,25.394086,42.61,1.850215,False
2013-05-09,41.4,26.2,39.433978,25.518817,42.8,1.966022,False
2013-05-10,40.8,26.3,39.504946,25.631935,42.9,1.295054,False
2013-05-11,37.4,25.7,39.559892,25.759247,43.0,-2.159892,False
2013-05-12,33.0,22.2,39.638495,25.865591,43.01,-6.638495,False
2013-05-13,36.4,22.7,39.686559,25.949785,43.11,-3.286559,False
2013-05-14,39.5,24.0,39.714946,26.011935,43.2,-0.214946,False
2013-05-15,39.3,24.8,39.722473,26.072796,43.2,-0.422473,False
2013-05-16,40.2,25.6,39.729355,26.137419,43.3,0.470645,False
2013-05-17,41.3,26.1,39.742473,26.207419,43.3,1.557527,False
2013-05-18,42.5,26.8,39.762473,26.282688,43.4,2.737527,False
2013-05-19,44.0,27.9,39.808495,26.391613,43.4,4.191505,True
2013-05-20,43.6,28.8,39.852366,26.502688,43.41,3.747634,True
2013-05-21,43.9,29.0,39.893656,26.604516,43.6,4.006344,True
2013-05-22,43.8,30.8,39.927312,26.69086,43.6,3.872688,True
2013-05-23,45.1,31.1,39.937312,26.777527,43.6,5.162688,True
2013-05-24,44.6,30.8,39.934194,26.875484,43.7,4.665806,True
2013-05-25,43.3,32.5,39.936129,26.94828,43.8,3.363871,False
2013-05-26,42.8,32.3,39.953548,27.027419,43.8,2.846452,False
2013-05-27,40.5,30.4,39.963656,27.119677,43.8,0.536344,False
2013-05-28,42.4,28.3,39.965806,27.218387,43.81,2.434194,False
2013-05-29,42.2,26.1,39.959677,27.30828,43.9,2.240323,False
2013-05-30,40.3,24.5,39.938817,27.384516,43.9,0.361183,False
2013-05-31,39.7,24.3,39.895699,27.449785,43.9,-0.195699,False
2013-06-01,36.8,26.9,39.821505,27.505269,43.81,-3.021505,False
2013-06-02,36.8,27.0,39.747527,27.560753,43.8,-2.947527,False
2013-06-03,37.9,28.7,39.665699,27.596989,43.7,-1.765699,False
2013-06-04,40.6,28.9,39.595484,27.631398,43.7,1.004516,False
2013-06-05,43.2,32.2,39.528065,27.671935,43.71,3.671935,False
2013-06-06,42.1,28.9,39.462796,27.726452,43.7,2.637204,False
2013-06-07,38.3,28.4,39.398387,27.791505,43.7,-1.098387,False
2013-06-08,39.5,30.4,39.325376,27.845914,43.6,0.174624,False
2013-06-09,39.6,30.9,39.212366,27.882688,43.6,0.387634,False
2013-06-10,41.1,29.6,39.084409,27.921613,43.5,2.015591,False
2013-06-11,31.2,26.7,38.95172,27.947312,43.4,-7.75172,False
2013-06-12,38.0,27.0,38.818817,27.971828,43.4,-0.818817,False
2013-06-13,35.5,28.0,38.688817,28.013548,43.3,-3.188817,False
2013-06-14,37.6,28.4,38.574301,28.057312,43.2,-0.974301,False
2013-06-15,34.9,26.0,38.468172,28.107204,43.2,-3.568172,False
2013-06-16,28.7,25.1,38.37043,28.141398,43.1,-9.67043,False
2013-06-17,31.3,24.9,38.273011,28.182151,42.9,-6.973011,False
2013-06-18,30.8,25.1,38.15914,28.217312,42.8,-7.35914,False
2013-06-19,35.6,25.5,38.037312,28.217312,42.7,-2.437312,False
2013-06-20,38.3,27.6,37.90086,28.22043,42.5,0.39914,False
2013-06-21,41.0,27.9,37.765484,28.216452,42.4,3.234516,False
2013-06-22,40.5,29.6,37.627312,28.216129,42.3,2.872688,False
2013-06-23,39.9,29.3,37.506237,28.220323,42.1,2.393763,False
2013-06-24,38.3,28.7,37.381935,28.210753,41.9,0.918065,False
2013-06-25,34.5,26.9,37.243226,28.19,41.7,-2.743226,False
2013-06-26,34.0,27.0,37.061505,28.167312,41.4,-3.061505,False
2013-06-27,34.1,26.1,36.873118,28.126129,41.3,-2.773118,False
2013-06-28,35.5,26.5,36.722151,28.084409,41.2,-1.222151,False
2013-06-29,38.1,27.9,36.567097,28.056344,41.11,1.532903,False
2013-06-30,36.8,27.6,36.409892,28.029892,41.0,0.390108,False
2013-07-01,37.5,28.3,36.246022,27.995376,40.9,1.253978,False
2013-07-02,36.1,27.8,36.103871,27.971613,40.8,-0.003871,False
2013-07-03,32.9,28.3,35.963656,27.940968,40.7,-3.063656,False
2013-07-04,35.2,28.4,35.849247,27.928065,40.6,-0.649247,False
2013-07-05,34.4,27.4,35.702903,27.904194,40.4,-1.302903,False
2013-07-06,33.2,27.3,35.553118,27.876129,40.3,-2.353118,False
2013-07-07,33.6,27.5,35.40086,27.838172,40.01,-1.80086,False
2013-07-08,31.7,26.1,35.262366,27.795914,39.8,-3.562366,False
2013-07-09,33.3,26.0,35.133333,27.757634,39.7,-1.833333,False
2013-07-10,34.4,26.5,35.022151,27.725054,39.6,-0.622151,False
2013-07-11,34.6,27.3,34.914839,27.690323,39.4,-0.314839,False
2013-07-12,32.4,27.8,34.814409,27.65129,39.2,-2.414409,False
2013-07-13,34.2,27.9,34.707312,27.621075,39.0,-0.507312,False
2013-07-14,34.3,27.4,34.605269,27.590645,38.91,-0.305269,False
2013-07-15,32.4,27.4,34.503656,27.572473,38.81,-2.103656,False
2013-07-16,32.6,27.5,34.397204,27.54,38.7,-1.797204,False
2013-07-17,32.1,27.5,34.276989,27.5,38.41,-2.176989,False
2013-07-18,33.2,27.4,34.165591,27.452796,38.2,-0.965591,False
2013-07-19,34.6,26.1,34.062366,27.405806,38.01,0.537634,False
2013-07-20,27.2,25.7,33.969892,27.375484,37.8,-6.769892,False
2013-07-21,31.8,25.9,33.886344,27.341935,37.51,-2.086344,False
2013-07-22,31.6,26.4,33.789892,27.320645,37.1,-2.189892,False
2013-07-23,33.5,26.6,33.709785,27.301075,36.91,-0.209785,False
2013-07-24,33.6,27.2,33.633011,27.266559,36.81,-0.033011,False
2013-07-25,31.3,25.4,33.552151,27.23129,36.7,-2.252151,False
2013-07-26,33.4,25.6,33.476667,27.207634,36.41,-0.076667,False
2013-07-27,30.6,26.7,33.442581,27.191398,36.4,-2.842581,False
2013-07-28,34.4,27.2,33.424301,27.185161,36.4,0.975699,False
2013-07-29,34.0,28.0,33.374409,27.173226,36.3,0.625591,False
2013-07-30,32.8,27.1,33.33129,27.155914,36.3,-0.53129,False
2013-07-31,31.1,26.5,33.288495,27.125054,36.2,-2.188495,False
2013-08-01,32.2,26.4,33.246559,27.100968,36.2,-1.046559,False
2013-08-02,32.7,27.7,33.223763,27.073656,36.2,-0.523763,False
2013-08-03,33.2,27.7,33.216559,27.054301,36.1,-0.016559,False
2013-08-04,34.5,27.7,33.148065,27.028925,36.1,1.351935,False
2013-08-05,31.3,26.5,33.137312,27.012258,36.0,-1.837312,False
2013-08-06,28.3,25.8,33.130108,26.993763,36.0,-4.830108,False
2013-08-07,30.7,26.1,33.11,26.966774,35.9,-2.41,False
2013-08-08,30.1,26.1,33.074946,26.943441,35.9,-2.974946,False
2013-08-09,28.5,26.1,33.045269,26.916022,35.8,-4.545269,False
2013-08-10,31.9,26.2,33.024946,26.896452,35.8,-1.124946,False
2013-08-11,31.8,26.7,33.021075,26.877204,35.71,-1.221075,False
2013-08-12,31.7,27.0,33.022903,26.865806,35.71,-1.322903,False
2013-08-13,31.4,25.7,33.028602,26.855161,35.71,-1.628602,False
2013-08-14,32.8,25.7,33.032366,26.837204,35.8,-0.232366,False
2013-08-15,29.5,25.6,33.029462,26.809462,35.71,-3.529462,False
2013-08-16,29.6,25.4,33.032366,26.784301,35.7,-3.432366,False
2013-08-17,30.1,25.5,33.036022,26.769892,35.7,-2.936022,False
2013-08-18,31.8,25.6,33.032151,26.737849,35.7,-1.232151,False
2013-08-19,30.3,26.1,33.022473,26.710538,35.7,-2.722473,False
2013-08-20,32.1,25.9,32.999247,26.671183,35.7,-0.899247,False
2013-08-21,32.3,25.7,32.987849,26.625591,35.7,-0.687849,False
2013-08-22,30.9,25.9,32.979032,26.569247,35.7,-2.079032,False
2013-08-23,33.7,26.6,32.958925,26.515699,35.7,0.741075,False
2013-08-24,34.0,27.7,32.946452,26.468817,35.7,1.053548,False
2013-08-25,33.9,27.4,32.943441,26.433226,35.7,0.956559,False
2013-08-26,35.0,28.4,32.939355,26.393871,35.7,2.060645,False
2013-08-27,34.3,26.9,32.920968,26.352796,35.7,1.379032,False
2013-08-28,32.8,26.2,32.89957,26.310645,35.81,-0.09957,False
2013-08-29,31.0,26.4,32.908602,26.269677,35.71,-1.908602,False
2013-08-30,30.2,26.7,32.921183,26.224624,35.71,-2.721183,False
2013-08-31,31.6,26.4,32.930215,26.18172,35.8,-1.330215,False
2013-09-01,32.9,26.3,32.939462,26.134301,35.71,-0.039462,False
2013-09-02,34.4,26.6,32.958817,26.085806,35.71,1.441183,False
2013-09-03,35.1,26.5,32.970753,26.032581,35.8,2.129247,False
2013-09-04,34.9,26.5,33.014301,25.983226,35.81,1.885699,False
2013-09-05,34.5,25.6,33.031613,25.933871,35.9,1.468387,False
2013-09-06,34.6,25.4,33.050968,25.87957,35.9,1.549032,False
2013-09-07,34.8,25.5,33.054301,25.81828,35.9,1.745699,False
2013-09-08,33.6,25.0,33.054839,25.739892,35.9,0.545161,False
2013-09-09,34.7,25.4,33.054086,25.647849,35.91,1.645914,False
2013-09-10,34.7,25.8,33.08129,25.548602,36.0,1.61871,False
2013-09-11,34.4,26.2,33.096344,25.454516,36.0,1.303656,False
2013-09-12,34.2,26.0,33.120323,25.361828,36.0,1.079677,False
2013-09-13,34.2,26.5,33.15129,25.263871,36.1,1.04871,False
2013-09-14,35.3,26.1,33.173118,25.165591,36.1,2.126882,False
2013-09-15,35.8,24.7,33.19828,25.055914,36.1,2.60172,False
2013-09-16,32.1,23.4,33.227634,24.945054,36.1,-1.127634,False
2013-09-17,34.7,23.5,33.247312,24.820968,36.2,1.452688,False
2013-09-18,35.1,23.4,33.271613,24.709677,36.2,1.828387,False
2013-09-19,34.4,24.7,33.290645,24.597849,36.2,1.109355,False
2013-09-20,31.6,24.8,33.317957,24.483763,36.2,-1.717957,False
2013-09-21,30.6,24.6,33.334946,24.367204,36.2,-2.734946,False
2013-09-22,31.7,25.7,33.375591,24.251935,36.2,-1.675591,False
2013-09-23,33.7,26.6,33.427204,24.130108,36.2,0.272796,False
2013-09-24,34.2,24.9,33.478172,24.003763,36.2,0.721828,False
2013-09-25,31.0,24.6,33.50957,23.863011,36.2,-2.50957,False
2013-09-26,31.9,24.2,33.524086,23.709462,36.11,-1.624086,False
2013-09-27,32.7,25.2,33.541075,23.546344,36.1,-0.841075,False
2013-09-28,32.6,25.6,33.566989,23.386559,36.1,-0.966989,False
2013-09-29,31.5,25.2,33.567312,23.208817,36.1,-2.067312,False
2013-09-30,30.3,25.0,33.553978,23.025054,36.1,-3.253978,False
2013-10-01,31.5,24.9,33.530215,22.844731,36.1,-2.030215,False
2013-10-02,31.9,24.8,33.522043,22.664194,36.1,-1.622043,False
2013-10-03,30.2,22.4,33.495914,22.477097,36.01,-3.295914,False
2013-10-04,26.5,22.4,33.457419,22.285591,36.0,-6.957419,False
2013-10-05,31.9,22.9,33.419785,22.089247,36.0,-1.519785,False
2013-10-06,32.0,24.1,33.376129,21.882688,35.91,-1.376129,False
2013-10-07,31.9,25.1,33.332473,21.670753,35.9,-1.432473,False
2013-10-08,32.6,25.3,33.29871,21.467527,35.9,-0.69871,False
2013-10-09,33.1,23.7,33.253978,21.270215,35.8,-0.153978,False
2013-10-10,33.3,24.3,33.205161,21.080215,35.8,0.094839,False
2013-10-11,27.2,22.8,33.133011,20.887634,35.7,-5.933011,False
2013-10-12,29.4,22.4,33.048925,20.68957,35.6,-3.648925,False
2013-10-13,31.5,23.3,32.943441,20.477312,35.5,-1.443441,False
2013-10-14,31.7,22.6,32.825591,20.263763,35.4,-1.125591,False
2013-10-15,31.9,21.0,32.718817,20.054731,35.3,-0.818817,False
2013-10-16,32.2,21.0,32.607097,19.848387,35.21,-0.407097,False
2013-10-17,33.1,22.5,32.490538,19.644409,35.2,0.609462,False
2013-10-18,32.8,22.7,32.378602,19.446774,35.1,0.421398,False
2013-10-19,32.6,18.7,32.260108,19.244731,35.0,0.339892,False
2013-10-20,32.0,18.7,32.153441,19.040108,34.9,-0.153441,False
2013-10-21,31.9,18.3,32.037957,18.836774,34.71,-0.137957,False
2013-10-22,32.0,18.7,31.913011,18.643763,34.6,0.086989,False
2013-10-23,31.4,19.3,31.764946,18.448602,34.5,-0.364946,False
2013-10-24,30.4,19.0,31.596774,18.240323,34.3,-1.196774,False
2013-10-25,30.7,19.1,31.433226,18.036882,34.2,-0.733226,False
2013-10-26,30.3,18.0,31.273548,17.827097,34.01,-0.973548,False
2013-10-27,30.4,17.7,31.125591,17.623763,33.9,-0.725591,False
2013-10-28,31.0,16.0,30.964624,17.435806,33.8,0.035376,False
2013-10-29,31.2,16.1,30.79914,17.249462,33.7,0.40086,False
2013-10-30,32.1,18.1,30.636022,17.087849,33.4,1.463978,False
2013-10-31,29.6,18.4,30.477849,16.922796,33.3,-0.877849,False
2013-11-01,29.6,17.9,30.326344,16.753011,33.1,-0.726344,False
2013-11-02,28.2,15.1,30.166989,16.573011,33.0,-1.966989,False
2013-11-03,28.4,13.2,30.005914,16.390215,32.8,-1.605914,False
2013-11-04,28.6,13.7,29.832043,16.202473,32.6,-1.232043,False
2013-11-05,26.7,13.6,29.649355,16.002043,32.41,-2.949355,False
2013-11-06,27.4,14.8,29.474624,15.797957,32.3,-2.074624,False
2013-11-07,24.5,16.3,29.287742,15.600968,32.1,-4.787742,False
2013-11-08,23.8,13.7,29.116022,15.407849,31.9,-5.316022,False
2013-11-09,25.5,13.6,28.944194,15.229785,31.71,-3.444194,False
2013-11-10,25.8,13.4,28.772796,15.055484,31.6,-2.972796,False
2013-11-11,25.9,12.6,28.601075,14.883978,31.4,-2.701075,False
2013-11-12,26.1,11.7,28.432796,14.698817,31.3,-2.332796,False
2013-11-13,26.0,11.6,28.263441,14.513011,31.1,-2.263441,False
2013-11-14,25.6,11.4,28.100968,14.340753,30.81,-2.500968,False
2013-11-15,25.8,10.6,27.926237,14.156129,30.7,-2.126237,False
2013-11-16,25.4,11.0,27.741505,13.971075,30.5,-2.341505,False
2013-11-17,25.9,11.1,27.55914,13.788495,30.4,-1.65914,False
2013-11-18,26.8,11.9,27.378387,13.601505,30.2,-0.578387,False
2013-11-19,27.0,11.6,27.213226,13.41914,30.0,-0.213226,False
2013-11-20,27.5,11.6,27.054731,13.263656,29.9,0.445269,False
2013-11-21,27.5,11.5,26.904301,13.116237,29.7,0.595699,False
2013-11-22,26.5,12.0,26.746667,12.957204,29.6,-0.246667,False
2013-11-23,26.7,12.2,26.598495,12.79914,29.5,0.101505,False
2013-11-24,27.1,12.7,26.447204,12.653871,29.3,0.652796,False
2013-11-25,28.0,14.0,26.275914,12.500645,29.11,1.724086,False
2013-11-26,28.5,14.1,26.08957,12.347419,28.9,2.41043,False
2013-11-27,28.4,12.9,25.895376,12.205806,28.71,2.504624,False
2013-11-28,27.6,12.4,25.696989,12.049892,28.6,1.903011,False
2013-11-29,27.5,12.5,25.502796,11.873548,28.3,1.997204,False
2013-11-30,26.7,11.0,25.313871,11.684516,28.0,1.386129,False
2013-12-01,27.3,11.4,25.126667,11.501613,27.9,2.173333,False
2013-12-02,26.5,11.5,24.956882,11.329677,27.7,1.543118,False
2013-12-03,26.0,11.4,24.783441,11.166667,27.6,1.216559,False
2013-12-04,25.1,11.4,24.595806,11.019892,27.5,0.504194,False
2013-12-05,25.3,11.2,24.416129,10.892043,27.4,0.883871,False
2013-12-06,25.0,9.6,24.24129,10.771613,27.3,0.75871,False
2013-12-07,25.3,10.0,24.056882,10.651613,27.11,1.243118,False
2013-12-08,25.3,10.1,23.884194,10.521398,27.0,1.415806,False
2013-12-09,24.8,10.3,23.69914,10.386237,26.9,1.10086,False
2013-12-10,24.2,10.2,23.514839,10.238602,26.8,0.685161,False
2013-12-11,24.8,10.3,23.330323,10.091613,26.7,1.469677,False
2013-12-12,24.4,12.7,23.153548,9.949785,26.6,1.246452,False
2013-12-13,24.2,11.3,22.976237,9.812473,26.41,1.223763,False
2013-12-14,23.6,11.3,22.809892,9.680108,26.3,0.790108,False
2013-12-15,23.8,11.1,22.617742,9.544516,26.1,1.182258,False
2013-12-16,24.1,10.8,22.41914,9.436559,26.0,1.68086,False
2013-12-17,23.4,11.3,22.242258,9.333333,25.9,1.157742,False
2013-12-18,21.9,11.3,22.063763,9.246667,25.7,-0.163763,False
2013-12-19,20.6,13.5,21.883226,9.161828,25.6,-1.283226,False
2013-12-20,17.8,13.7,21.690215,9.065376,25.5,-3.890215,False
2013-12-21,16.8,13.5,21.507634,8.95,25.3,-4.707634,False
2013-12-22,17.6,12.7,21.316667,8.843871,25.01,-3.716667,False
2013-12-23,18.7,10.4,21.136989,8.731398,24.8,-2.436989,False
2013-12-24,18.9,8.4,20.94914,8.625591,24.5,-2.04914,False
2013-12-25,20.2,7.1,20.783118,8.52,24.3,-0.583118,False
2013-12-26,20.5,7.2,20.644086,8.426989,24.2,-0.144086,False
2013-12-27,18.0,7.6,20.52,8.346129,24.0,-2.52,False
2013-12-28,20.3,5.1,20.432796,8.264086,24.0,-0.132796,False
2013-12-29,19.0,4.5,20.367957,8.206344,23.81,-1.367957,False
2013-12-30,18.5,4.2,20.293441,8.156989,23.8,-1.793441,False
2013-12-31,14.8,11.3,20.207957,8.123871,23.7,-5.407957,False
2014-01-01,17.3,6.7,20.113978,8.102043,23.6,-2.813978,False
2014-01-02,18.0,6.6,20.013656,8.08,23.5,-2.013656,False
2014-01-03,18.9,6.3,19.920215,8.042258,23.3,-1.020215,False
2014-01-04,17.7,8.4,19.839247,7.991075,23.3,-2.139247,False
2014-01-05,18.9,7.1,19.76871,7.935484,23.21,-0.86871,False
2014-01-06,17.3,6.9,19.700215,7.901398,23.2,-2.400215,False
2014-01-07,18.8,5.8,19.647204,7.885484,23.1,-0.847204,False
2014-01-08,18.6,5.8,19.626129,7.885699,23.1,-1.026129,False
2014-01-09,18.6,7.4,19.628602,7.903656,23.1,-1.028602,False
2014-01-10,18.7,5.7,19.640753,7.934839,23.1,-0.940753,False
2014-01-11,18.0,8.0,19.672151,7.975376,23.2,-1.672151,False
2014-01-12,19.9,8.0,19.701075,8.02172,23.2,0.198925,False
2014-01-13,19.8,8.1,19.731935,8.082903,23.2,0.068065,False
2014-01-14,20.4,8.2,19.776129,8.150968,23.2,0.623871,False
2014-01-15,17.1,7.1,19.845699,8.21957,23.3,-2.745699,False
2014-01-16,16.9,7.2,19.929247,8.268495,23.4,-3.029247,False
2014-01-17,14.6,10.3,20.004839,8.303548,23.41,-5.404839,False
2014-01-18,16.3,10.3,20.085161,8.34,23.6,-3.785161,False
2014-01-19,18.8,8.8,20.188817,8.387957,23.71,-1.388817,False
2014-01-20,19.4,8.4,20.301935,8.455269,24.0,-0.901935,False
2014-01-21,14.1,12.2,20.395699,8.528817,24.01,-6.295699,False
2014-01-22,16.5,11.9,20.513763,8.604301,24.2,-4.013763,False
2014-01-23,20.2,11.9,20.638817,8.695591,24.3,-0.438817,False
2014-01-24,18.8,10.6,20.744731,8.773763,24.4,-1.944731,False
2014-01-25,16.4,10.2,20.850108,8.850215,24.4,-4.450108,False
2014-01-26,20.2,10.3,20.94129,8.924946,24.51,-0.74129,False
2014-01-27,22.8,10.4,21.042258,9.012796,24.8,1.757742,False
2014-01-28,22.8,10.9,21.163333,9.118602,25.1,1.636667,False
2014-01-29,21.6,11.3,21.28914,9.230215,25.31,0.31086,False
2014-01-30,20.3,10.1,21.417419,9.361398,25.6,-1.117419,False
2014-01-31,18.6,10.4,21.532581,9.468065,25.7,-2.932581,False
2014-02-01,18.7,9.3,21.68129,9.57172,25.81,-2.98129,False
2014-02-02,20.7,8.8,21.839677,9.688172,26.1,-1.139677,False
2014-02-03,24.2,10.1,22.015914,9.823226,26.2,2.184086,False
2014-02-04,24.1,12.3,22.197097,9.957742,26.4,1.902903,False
2014-02-05,23.4,11.5,22.380645,10.105914,26.6,1.019355,False
2014-02-06,24.4,11.7,22.569247,10.23871,26.8,1.830753,False
2014-02-07,24.2,15.0,22.757419,10.381398,26.9,1.442581,False
2014-02-08,19.5,9.1,22.914624,10.534624,27.0,-3.414624,False
2014-02-09,19.0,7.1,23.071183,10.685591,27.2,-4.071183,False
2014-02-10,19.1,6.3,23.216022,10.826989,27.3,-4.116022,False
2014-02-11,20.8,6.9,23.344086,10.952366,27.5,-2.544086,False
2014-02-12,21.0,7.2,23.488495,11.070323,27.51,-2.488495,False
2014-02-13,19.5,7.1,23.637419,11.19172,27.6,-4.137419,False
2014-02-14,15.7,11.9,23.786237,11.327957,27.9,-8.086237,False
2014-02-15,18.0,9.5,23.932796,11.464516,28.1,-5.932796,False
2014-02-16,19.6,9.1,24.102473,11.602903,28.3,-4.502473,False
2014-02-17,20.6,10.2,24.276559,11.771828,28.6,-3.676559,False
2014-02-18,22.8,10.5,24.457634,11.92172,28.8,-1.657634,False
2014-02-19,21.6,9.3,24.618925,12.064194,29.01,-3.018925,False
2014-02-20,23.4,10.8,24.792473,12.213871,29.3,-1.392473,False
2014-02-21,22.9,10.9,24.967849,12.359462,29.5,-2.067849,False
2014-02-22,21.8,12.7,25.141075,12.495484,29.6,-3.341075,False
2014-02-23,21.2,11.3,25.301183,12.639785,29.8,-4.101183,False
2014-02-24,22.6,10.7,25.500323,12.808495,30.1,-2.900323,False
2014-02-25,24.1,10.5,25.704086,12.986237,30.2,-1.604086,False
2014-02-26,25.4,12.8,25.889892,13.162581,30.4,-0.489892,False
2014-02-27,23.4,13.4,26.056989,13.315054,30.5,-2.656989,False
2014-02-28,19.3,12.2,26.215269,13.456667,30.7,-6.915269,False
2014-03-01,18.7,12.0,26.392903,13.600753,30.91,-7.692903,False
2014-03-02,21.0,10.8,26.615591,13.739892,31.21,-5.615591,False
2014-03-03,24.1,11.2,26.866774,13.910968,31.5,-2.766774,False
2014-03-04,25.1,13.1,27.111935,14.093548,31.7,-2.011935,False
2014-03-05,25.0,12.9,27.347634,14.273978,31.9,-2.347634,False
2014-03-06,24.9,12.0,27.550108,14.450108,32.1,-2.650108,False
2014-03-07,25.6,12.1,27.747204,14.62957,32.21,-2.147204,False
2014-03-08,26.8,13.3,27.955161,14.802581,32.4,-1.155161,False
2014-03-09,28.3,13.5,28.17914,14.985161,32.6,0.12086,False
2014-03-10,25.2,16.4,28.386022,15.153978,33.0,-3.186022,False
2014-03-11,24.3,14.3,28.598602,15.318602,33.1,-4.298602,False
2014-03-12,25.5,14.1,28.81172,15.478065,33.4,-3.31172,False
2014-03-13,25.3,12.9,29.067312,15.654624,33.8,-3.767312,False
2014-03-14,25.9,12.9,29.307527,15.84957,34.01,-3.407527,False
2014-03-15,28.1,12.7,29.52957,16.037097,34.3,-1.42957,False
2014-03-16,30.4,15.4,29.772258,16.21871,34.6,0.627742,False
2014-03-17,31.9,16.1,30.010753,16.402688,34.81,1.889247,False
2014-03-18,30.8,16.9,30.266237,16.581075,35.1,0.533763,False
2014-03-19,27.7,14.3,30.497849,16.763011,35.4,-2.797849,False
2014-03-20,27.9,14.1,30.728925,16.935699,35.61,-2.828925,False
2014-03-21,30.5,16.1,30.960968,17.13043,36.1,-0.460968,False
2014-03-22,31.2,17.4,31.21172,17.335269,36.4,-0.01172,False
2014-03-23,26.7,18.2,31.433548,17.519785,36.6,-4.733548,False
2014-03-24,27.7,17.7,31.657957,17.698925,36.7,-3.957957,False
2014-03-25,30.8,17.4,31.866344,17.877419,36.81,-1.066344,False
2014-03-26,29.7,20.4,32.11172,18.064839,37.01,-2.41172,False
2014-03-27,28.2,18.9,32.360968,18.241505,37.3,-4.160968,False
2014-03-28,30.1,18.3,32.592151,18.426559,37.6,-2.492151,False
2014-03-29,30.8,18.4,32.847742,18.622366,37.7,-2.047742,False
2014-03-30,30.3,16.9,33.134301,18.840968,37.91,-2.834301,False
2014-03-31,30.8,16.8,33.40914,19.058817,38.1,-2.60914,False
2014-04-01,32.4,15.7,33.646237,19.25957,38.2,-1.246237,False
2014-04-02,33.3,18.1,33.823333,19.452258,38.4,-0.523333,False
2014-04-03,31.3,17.4,34.005269,19.627527,38.51,-2.705269,False
2014-04-04,32.4,17.4,34.201183,19.799892,38.7,-1.801183,False
2014-04-05,34.0,19.3,34.410645,19.960108,39.01,-0.410645,False
2014-04-06,36.4,19.9,34.627312,20.146559,39.3,1.772688,False
2014-04-07,32.2,19.4,34.843333,20.327742,39.5,-2.643333,False
2014-04-08,31.5,18.2,35.047097,20.51172,39.6,-3.547097,False
2014-04-09,32.5,17.9,35.258387,20.70086,39.8,-2.758387,False
2014-04-10,33.5,17.7,35.487204,20.889247,40.0,-1.987204,False
2014-04-11,35.3,17.7,35.696452,21.077527,40.2,-0.396452,False
2014-04-12,36.4,19.2,35.915054,21.266882,40.3,0.484946,False
2014-04-13,32.9,21.0,36.107849,21.458925,40.5,-3.207849,False
2014-04-14,34.2,21.0,36.321828,21.64,40.7,-2.121828,False
2014-04-15,36.1,21.1,36.543118,21.843011,40.8,-0.443118,False
2014-04-16,33.7,22.3,36.727849,22.044839,40.9,-3.027849,False
2014-04-17,31.1,21.6,36.904301,22.220753,41.0,-5.804301,False
2014-04-18,26.5,19.2,37.038602,22.390215,41.01,-10.538602,False
2014-04-19,31.2,19.3,37.186022,22.557419,41.11,-5.986022,False
2014-04-20,33.3,18.8,37.332581,22.731505,41.2,-4.032581,False
2014-04-21,34.9,19.4,37.472796,22.898172,41.4,-2.572796,False
2014-04-22,36.4,21.4,37.592258,23.059892,41.6,-1.192258,False
2014-04-23,35.1,21.4,37.742151,23.222366,41.7,-2.642151,False
2014-04-24,36.9,21.4,37.890538,23.411935,41.7,-0.990538,False
2014-04-25,38.2,22.8,38.042796,23.587634,41.8,0.157204,False
2014-04-26,38.6,23.5,38.16,23.744624,41.8,0.44,False
2014-04-27,38.6,22.6,38.258172,23.895806,41.8,0.341828,False
2014-04-28,39.7,22.4,38.365806,24.036344,41.81,1.334194,False
2014-04-29,40.8,23.5,38.477097,24.177204,41.9,2.322903,False
2014-04-30,41.8,24.5,38.595161,24.324086,42.1,3.204839,False
2014-05-01,42.2,25.2,38.696129,24.467097,42.3,3.503871,False
2014-05-02,40.5,26.1,38.802366,24.604946,42.3,1.697634,False
2014-05-03,37.5,25.2,38.939892,24.745376,42.4,-1.439892,False
2014-05-04,38.1,25.7,39.05172,24.889247,42.4,-0.95172,False
2014-05-05,36.0,25.2,39.123978,25.023763,42.41,-3.123978,False
2014-05-06,34.7,25.5,39.19172,25.16,42.5,-4.49172,False
2014-05-07,37.2,25.2,39.26957,25.267312,42.6,-2.06957,False
2014-05-08,39.7,24.1,39.349785,25.394086,42.61,0.350215,False
2014-05-09,38.7,23.5,39.433978,25.518817,42.8,-0.733978,False
2014-05-10,38.1,23.9,39.504946,25.631935,42.9,-1.404946,False
2014-05-11,35.3,24.5,39.559892,25.759247,43.0,-4.259892,False
2014-05-12,34.4,21.2,39.638495,25.865591,43.01,-5.238495,False
2014-05-13,31.5,20.7,39.686559,25.949785,43.11,-8.186559,False
2014-05-14,33.3,21.7,39.714946,26.011935,43.2,-6.414946,False
2014-05-15,35.0,23.3,39.722473,26.072796,43.2,-4.722473,False
2014-05-16,36.8,24.5,39.729355,26.137419,43.3,-2.929355,False
2014-05-17,36.5,24.4,39.742473,26.207419,43.3,-3.242473,False
2014-05-18,37.9,25.2,39.762473,26.282688,43.4,-1.862473,False
2014-05-19,38.0,24.7,39.808495,26.391613,43.4,-1.808495,False
2014-05-20,38.7,24.8,39.852366,26.502688,43.41,-1.152366,False
2014-05-21,37.6,24.5,39.893656,26.604516,43.6,-2.293656,False
2014-05-22,40.1,25.0,39.927312,26.69086,43.6,0.172688,False
2014-05-23,42.3,26.0,39.937312,26.777527,43.6,2.362688,False
2014-05-24,39.1,25.9,39.934194,26.875484,43.7,-0.834194,False
2014-05-25,37.7,24.6,39.936129,26.94828,43.8,-2.236129,False
2014-05-26,36.7,24.2,39.953548,27.027419,43.8,-3.253548,False
2014-05-27,38.6,25.1,39.963656,27.119677,43.8,-1.363656,False
2014-05-28,40.3,24.8,39.965806,27.218387,43.81,0.334194,False
2014-05-29,42.6,26.1,39.959677,27.30828,43.9,2.640323,False
2014-05-30,41.2,27.9,39.938817,27.384516,43.9,1.261183,False
2014-05-31,41.7,26.8,39.895699,27.449785,43.9,1.804301,False
2014-06-01,36.5,26.0,39.821505,27.505269,43.81,-3.321505,False
2014-06-02,39.7,26.1,39.747527,27.560753,43.8,-0.047527,False
2014-06-03,41.8,27.1,39.665699,27.596989,43.7,2.134301,False
2014-06-04,42.5,26.6,39.595484,27.631398,43.7,2.904516,False
2014-06-05,43.8,28.2,39.528065,27.671935,43.71,4.271935,True
2014-06-06,44.5,29.9,39.462796,27.726452,43.7,5.037204,True
2014-06-07,44.9,30.1,39.398387,27.791505,43.7,5.501613,True
2014-06-08,44.8,30.3,39.325376,27.845914,43.6,5.474624,True
2014-06-09,44.5,27.7,39.212366,27.882688,43.6,5.287634,True
2014-06-10,44.3,28.7,39.084409,27.921613,43.5,5.215591,True
2014-06-11,43.7,29.0,38.95172,27.947312,43.4,4.74828,True
2014-06-12,41.1,28.3,38.818817,27.971828,43.4,2.281183,False
2014-06-13,36.9,28.5,38.688817,28.013548,43.3,-1.788817,False
2014-06-14,37.4,29.0,38.574301,28.057312,43.2,-1.174301,False
2014-06-15,39.6,30.5,38.468172,28.107204,43.2,1.131828,False
2014-06-16,41.1,31.9,38.37043,28.141398,43.1,2.72957,False
2014-06-17,41.6,29.9,38.273011,28.182151,42.9,3.326989,False
2014-06-18,41.0,29.1,38.15914,28.217312,42.8,2.84086,False
2014-06-19,41.3,28.6,38.037312,28.217312,42.7,3.262688,False
2014-06-20,42.2,32.3,37.90086,28.22043,42.5,4.29914,False
2014-06-21,40.8,30.2,37.765484,28.216452,42.4,3.034516,False
2014-06-22,38.4,29.3,37.627312,28.216129,42.3,0.772688,False
2014-06-23,37.0,27.8,37.506237,28.220323,42.1,-0.506237,False
2014-06-24,37.7,27.9,37.381935,28.210753,41.9,0.318065,False
2014-06-25,35.7,27.8,37.243226,28.19,41.7,-1.543226,False
2014-06-26,38.0,28.4,37.061505,28.167312,41.4,0.938495,False
2014-06-27,39.3,28.9,36.873118,28.126129,41.3,2.426882,False
2014-06-28,39.6,29.9,36.722151,28.084409,41.2,2.877849,False
2014-06-29,39.4,29.0,36.567097,28.056344,41.11,2.832903,False
2014-06-30,37.8,28.8,36.409892,28.029892,41.0,1.390108,False
2014-07-01,35.2,27.9,36.246022,27.995376,40.9,-1.046022,False
2014-07-02,36.3,27.6,36.103871,27.971613,40.8,0.196129,False
2014-07-03,34.2,27.3,35.963656,27.940968,40.7,-1.763656,False
2014-07-04,35.7,28.0,35.849247,27.928065,40.6,-0.149247,False
2014-07-05,38.2,28.4,35.702903,27.904194,40.4,2.497097,False
2014-07-06,38.4,27.3,35.553118,27.876129,40.3,2.846882,False
2014-07-07,39.0,27.6,35.40086,27.838172,40.01,3.59914,False
2014-07-08,40.6,29.2,35.262366,27.795914,39.8,5.337634,True
2014-07-09,40.1,30.3,35.133333,27.757634,39.7,4.966667,True
2014-07-10,40.7,30.3,35.022151,27.725054,39.6,5.677849,True
2014-07-11,41.4,30.8,34.914839,27.690323,39.4,6.485161,True
2014-07-12,40.9,30.7,34.814409,27.65129,39.2,6.085591,True
2014-07-13,38.1,28.5,34.707312,27.621075,39.0,3.392688,False
2014-07-14,35.7,28.2,34.605269,27.590645,38.91,1.094731,False
2014-07-15,35.7,28.7,34.503656,27.572473,38.81,1.196344,False
2014-07-16,35.6,28.6,34.397204,27.54,38.7,1.202796,False
2014-07-17,34.1,26.4,34.276989,27.5,38.41,-0.176989,False
2014-07-18,28.6,26.3,34.165591,27.452796,38.2,-5.565591,False
2014-07-19,30.5,26.1,34.062366,27.405806,38.01,-3.562366,False
2014-07-20,32.7,26.3,33.969892,27.375484,37.8,-1.269892,False
2014-07-21,35.2,26.9,33.886344,27.341935,37.51,1.313656,False
2014-07-22,34.1,28.3,33.789892,27.320645,37.1,0.310108,False
2014-07-23,33.7,27.6,33.709785,27.301075,36.91,-0.009785,False
2014-07-24,32.5,27.2,33.633011,27.266559,36.81,-1.133011,False
2014-07-25,32.3,27.0,33.552151,27.23129,36.7,-1.252151,False
2014-07-26,35.2,27.7,33.476667,27.207634,36.41,1.723333,False
2014-07-27,35.7,27.6,33.442581,27.191398,36.4,2.257419,False
2014-07-28,31.7,26.0,33.424301,27.185161,36.4,-1.724301,False
2014-07-29,31.8,26.1,33.374409,27.173226,36.3,-1.574409,False
2014-07-30,34.2,26.9,33.33129,27.155914,36.3,0.86871,False
2014-07-31,33.7,28.0,33.288495,27.125054,36.2,0.411505,False
2014-08-01,34.4,28.3,33.246559,27.100968,36.2,1.153441,False
2014-08-02,35.0,27.7,33.223763,27.073656,36.2,1.776237,False
2014-08-03,34.0,27.2,33.216559,27.054301,36.1,0.783441,False
2014-08-04,31.7,26.2,33.148065,27.028925,36.1,-1.448065,False
2014-08-05,32.9,26.2,33.137312,27.012258,36.0,-0.237312,False
2014-08-06,34.0,27.7,33.130108,26.993763,36.0,0.869892,False
2014-08-07,32.7,26.7,33.11,26.966774,35.9,-0.41,False
2014-08-08,32.1,26.5,33.074946,26.943441,35.9,-0.974946,False
2014-08-09,33.7,27.5,33.045269,26.916022,35.8,0.654731,False
2014-08-10,32.8,27.1,33.024946,26.896452,35.8,-0.224946,False
2014-08-11,34.2,27.1,33.021075,26.877204,35.71,1.178925,False
2014-08-12,34.9,27.9,33.022903,26.865806,35.71,1.877097,False
2014-08-13,34.9,28.2,33.028602,26.855161,35.71,1.871398,False
2014-08-14,34.5,27.7,33.032366,26.837204,35.8,1.467634,False
2014-08-15,32.4,26.5,33.029462,26.809462,35.71,-0.629462,False
2014-08-16,32.8,26.3,33.032366,26.784301,35.7,-0.232366,False
2014-08-17,35.0,26.7,33.036022,26.769892,35.7,1.963978,False
2014-08-18,35.5,26.9,33.032151,26.737849,35.7,2.467849,False
2014-08-19,37.0,27.8,33.022473,26.710538,35.7,3.977527,True
2014-08-20,38.2,28.2,32.999247,26.671183,35.7,5.200753,True
2014-08-21,38.4,27.7,32.987849,26.625591,35.7,5.412151,True
2014-08-22,38.2,27.6,32.979032,26.569247,35.7,5.220968,True
2014-08-23,38.6,27.9,32.958925,26.515699,35.7,5.641075,True
2014-08-24,39.2,28.0,32.946452,26.468817,35.7,6.253548,True
2014-08-25,39.1,28.2,32.943441,26.433226,35.7,6.156559,True
2014-08-26,39.5,29.7,32.939355,26.393871,35.7,6.560645,True
2014-08-27,38.3,28.8,32.920968,26.352796,35.7,5.379032,True
2014-08-28,35.4,27.6,32.89957,26.310645,35.81,2.50043,False
2014-08-29,35.0,27.7,32.908602,26.269677,35.71,2.091398,False
2014-08-30,34.7,27.9,32.921183,26.224624,35.71,1.778817,False
2014-08-31,33.9,26.9,32.930215,26.18172,35.8,0.969785,False
2014-09-01,33.9,26.5,32.939462,26.134301,35.71,0.960538,False
2014-09-02,32.7,26.3,32.958817,26.085806,35.71,-0.258817,False
2014-09-03,30.5,25.8,32.970753,26.032581,35.8,-2.470753,False
2014-09-04,30.5,25.3,33.014301,25.983226,35.81,-2.514301,False
2014-09-05,28.2,24.8,33.031613,25.933871,35.9,-4.831613,False
2014-09-06,31.7,25.3,33.050968,25.87957,35.9,-1.350968,False
2014-09-07,33.6,26.6,33.054301,25.81828,35.9,0.545699,False
2014-09-08,33.5,27.3,33.054839,25.739892,35.9,0.445161,False
2014-09-09,33.2,27.1,33.054086,25.647849,35.91,0.145914,False
2014-09-10,33.2,25.8,33.08129,25.548602,36.0,0.11871,False
2014-09-11,30.0,24.7,33.096344,25.454516,36.0,-3.096344,False
2014-09-12,31.1,23.8,33.120323,25.361828,36.0,-2.020323,False
2014-09-13,33.0,23.8,33.15129,25.263871,36.1,-0.15129,False
2014-09-14,33.6,24.6,33.173118,25.165591,36.1,0.426882,False
2014-09-15,34.3,24.6,33.19828,25.055914,36.1,1.10172,False
2014-09-16,34.1,26.2,33.227634,24.945054,36.1,0.872366,False
2014-09-17,34.5,26.4,33.247312,24.820968,36.2,1.252688,False
2014-09-18,35.8,26.9,33.271613,24.709677,36.2,2.528387,False
2014-09-19,36.4,26.8,33.290645,24.597849,36.2,3.109355,False
2014-09-20,35.5,25.1,33.317957,24.483763,36.2,2.182043,False
2014-09-21,36.2,25.4,33.334946,24.367204,36.2,2.865054,False
2014-09-22,36.7,26.3,33.375591,24.251935,36.2,3.324409,True
2014-09-23,36.9,26.3,33.427204,24.130108,36.2,3.472796,True
2014-09-24,36.6,25.5,33.478172,24.003763,36.2,3.121828,True
2014-09-25,36.4,25.2,33.50957,23.863011,36.2,2.89043,True
2014-09-26,36.4,25.4,33.524086,23.709462,36.11,2.875914,True
2014-09-27,37.1,25.6,33.541075,23.546344,36.1,3.558925,True
2014-09-28,36.7,24.9,33.566989,23.386559,36.1,3.133011,True
2014-09-29,37.1,25.4,33.567312,23.208817,36.1,3.532688,True
2014-09-30,37.1,25.2,33.553978,23.025054,36.1,3.546022,True
2014-10-01,36.1,24.7,33.530215,22.844731,36.1,2.569785,False
2014-10-02,36.0,25.6,33.522043,22.664194,36.1,2.477957,False
2014-10-03,36.4,25.2,33.495914,22.477097,36.01,2.904086,False
2014-10-04,37.4,25.5,33.457419,22.285591,36.0,3.942581,False
2014-10-05,36.8,25.1,33.419785,22.089247,36.0,3.380215,False
2014-10-06,36.7,25.5,33.376129,21.882688,35.91,3.323871,False
2014-10-07,35.4,26.2,33.332473,21.670753,35.9,2.067527,False
2014-10-08,35.0,23.9,33.29871,21.467527,35.9,1.70129,False
2014-10-09,35.8,22.8,33.253978,21.270215,35.8,2.546022,False
2014-10-10,35.4,21.8,33.205161,21.080215,35.8,2.194839,False
2014-10-11,35.1,21.5,33.133011,20.887634,35.7,1.966989,False
2014-10-12,35.0,21.8,33.048925,20.68957,35.6,1.951075,False
2014-10-13,33.2,22.7,32.943441,20.477312,35.5,0.256559,False
2014-10-14,26.2,19.2,32.825591,20.263763,35.4,-6.625591,False
2014-10-15,29.5,20.0,32.718817,20.054731,35.3,-3.218817,False
2014-10-16,31.3,17.6,32.607097,19.848387,35.21,-1.307097,False
2014-10-17,31.4,18.2,32.490538,19.644409,35.2,-1.090538,False
2014-10-18,31.5,18.1,32.378602,19.446774,35.1,-0.878602,False
2014-10-19,32.4,19.0,32.260108,19.244731,35.0,0.139892,False
2014-10-20,32.9,20.5,32.153441,19.040108,34.9,0.746559,False
2014-10-21,34.0,20.9,32.037957,18.836774,34.71,1.962043,False
2014-10-22,33.9,20.7,31.913011,18.643763,34.6,1.986989,False
2014-10-23,33.1,21.0,31.764946,18.448602,34.5,1.335054,False
2014-10-24,32.4,21.2,31.596774,18.240323,34.3,0.803226,False
2014-10-25,31.9,20.9,31.433226,18.036882,34.2,0.466774,False
2014-10-26,31.6,20.8,31.273548,17.827097,34.01,0.326452,False
2014-10-27,31.4,20.4,31.125591,17.623763,33.9,0.274409,False
2014-10-28,31.9,20.7,30.964624,17.435806,33.8,0.935376,False
2014-10-29,31.9,20.6,30.79914,17.249462,33.7,1.10086,False
2014-10-30,32.2,19.0,30.636022,17.087849,33.4,1.563978,False
2014-10-31,30.8,19.0,30.477849,16.922796,33.3,0.322151,False
2014-11-01,29.3,16.1,30.326344,16.753011,33.1,-1.026344,False
2014-11-02,31.1,17.0,30.166989,16.573011,33.0,0.933011,False
2014-11-03,31.7,17.3,30.005914,16.390215,32.8,1.694086,False
2014-11-04,31.4,18.8,29.832043,16.202473,32.6,1.567957,False
2014-11-05,30.6,17.3,29.649355,16.002043,32.41,0.950645,False
2014-11-06,30.6,17.8,29.474624,15.797957,32.3,1.125376,False
2014-11-07,31.7,19.1,29.287742,15.600968,32.1,2.412258,False
2014-11-08,31.8,19.4,29.116022,15.407849,31.9,2.683978,False
2014-11-09,31.3,18.2,28.944194,15.229785,31.71,2.355806,False
2014-11-10,29.7,13.9,28.772796,15.055484,31.6,0.927204,False
2014-11-11,28.5,13.5,28.601075,14.883978,31.4,-0.101075,False
2014-11-12,27.4,13.1,28.432796,14.698817,31.3,-1.032796,False
2014-11-13,27.2,12.1,28.263441,14.513011,31.1,-1.063441,False
2014-11-14,26.9,12.4,28.100968,14.340753,30.81,-1.200968,False
2014-11-15,27.4,11.5,27.926237,14.156129,30.7,-0.526237,False
2014-11-16,27.6,11.7,27.741505,13.971075,30.5,-0.141505,False
2014-11-17,27.7,11.5,27.55914,13.788495,30.4,0.14086,False
2014-11-18,27.5,11.3,27.378387,13.601505,30.2,0.121613,False
2014-11-19,27.7,11.9,27.213226,13.41914,30.0,0.486774,False
2014-11-20,27.7,12.6,27.054731,13.263656,29.9,0.645269,False
2014-11-21,27.1,11.7,26.904301,13.116237,29.7,0.195699,False
2014-11-22,27.1,11.9,26.746667,12.957204,29.6,0.353333,False
2014-11-23,27.8,10.9,26.598495,12.79914,29.5,1.201505,False
2014-11-24,26.0,11.2,26.447204,12.653871,29.3,-0.447204,False
2014-11-25,26.2,11.3,26.275914,12.500645,29.11,-0.075914,False
2014-11-26,26.9,12.0,26.08957,12.347419,28.9,0.81043,False
2014-11-27,27.9,12.7,25.895376,12.205806,28.71,2.004624,False
2014-11-28,28.6,14.1,25.696989,12.049892,28.6,2.903011,False
2014-11-29,29.7,14.8,25.502796,11.873548,28.3,4.197204,False
2014-11-30,29.2,14.9,25.313871,11.684516,28.0,3.886129,False
2014-12-01,28.7,14.5,25.126667,11.501613,27.9,3.573333,False
2014-12-02,27.6,13.8,24.956882,11.329677,27.7,2.643118,False
2014-12-03,27.9,14.6,24.783441,11.166667,27.6,3.116559,False
2014-12-04,28.1,12.2,24.595806,11.019892,27.5,3.504194,False
2014-12-05,27.1,12.1,24.416129,10.892043,27.4,2.683871,False
2014-12-06,27.1,12.4,24.24129,10.771613,27.3,2.85871,False
2014-12-07,26.4,12.1,24.056882,10.651613,27.11,2.343118,False
2014-12-08,25.8,11.0,23.884194,10.521398,27.0,1.915806,False
2014-12-09,25.6,10.3,23.69914,10.386237,26.9,1.90086,False
2014-12-10,22.9,8.6,23.514839,10.238602,26.8,-0.614839,False
2014-12-11,23.0,7.4,23.330323,10.091613,26.7,-0.330323,False
2014-12-12,21.8,6.9,23.153548,9.949785,26.6,-1.353548,False
2014-12-13,16.7,12.8,22.976237,9.812473,26.41,-6.276237,False
2014-12-14,16.7,12.7,22.809892,9.680108,26.3,-6.109892,False
2014-12-15,18.3,10.7,22.617742,9.544516,26.1,-4.317742,False
2014-12-16,20.2,9.3,22.41914,9.436559,26.0,-2.21914,False
2014-12-17,19.7,8.6,22.242258,9.333333,25.9,-2.542258,False
2014-12-18,17.9,8.5,22.063763,9.246667,25.7,-4.163763,False
2014-12-19,17.4,9.0,21.883226,9.161828,25.6,-4.483226,False
2014-12-20,16.9,7.1,21.690215,9.065376,25.5,-4.790215,False
2014-12-21,15.6,6.2,21.507634,8.95,25.3,-5.907634,False
2014-12-22,14.7,5.1,21.316667,8.843871,25.01,-6.616667,False
2014-12-23,16.2,5.6,21.136989,8.731398,24.8,-4.936989,False
2014-12-24,17.8,5.6,20.94914,8.625591,24.5,-3.14914,False
2014-12-25,16.2,7.3,20.783118,8.52,24.3,-4.583118,False
2014-12-26,17.4,7.4,20.644086,8.426989,24.2,-3.244086,False
2014-12-27,19.7,5.9,20.52,8.346129,24.0,-0.82,False
2014-12-28,18.7,6.6,20.432796,8.264086,24.0,-1.732796,False
2014-12-29,19.2,6.7,20.367957,8.206344,23.81,-1.167957,False
2014-12-30,19.4,5.6,20.293441,8.156989,23.8,-0.893441,False
2014-12-31,16.8,8.0,20.207957,8.123871,23.7,-3.407957,False
2015-01-01,20.9,11.4,20.113978,8.102043,23.6,0.786022,False
2015-01-02,15.9,13.5,20.013656,8.08,23.5,-4.113656,False
2015-01-03,16.6,12.5,19.920215,8.042258,23.3,-3.320215,False
2015-01-04,18.1,10.0,19.839247,7.991075,23.3,-1.739247,False
2015-01-05,20.4,9.8,19.76871,7.935484,23.21,0.63129,False
2015-01-06,18.0,9.6,19.700215,7.901398,23.2,-1.700215,False
2015-01-07,16.5,7.3,19.647204,7.885484,23.1,-3.147204,False
2015-01-08,17.4,7.5,19.626129,7.885699,23.1,-2.226129,False
2015-01-09,17.1,7.8,19.628602,7.903656,23.1,-2.528602,False
2015-01-10,16.9,7.6,19.640753,7.934839,23.1,-2.740753,False
2015-01-11,16.8,7.4,19.672151,7.975376,23.2,-2.872151,False
2015-01-12,16.5,6.1,19.701075,8.02172,23.2,-3.201075,False
2015-01-13,17.5,5.8,19.731935,8.082903,23.2,-2.231935,False
2015-01-14,15.2,8.3,19.776129,8.150968,23.2,-4.576129,False
2015-01-15,17.8,7.1,19.845699,8.21957,23.3,-2.045699,False
2015-01-16,18.8,7.9,19.929247,8.268495,23.4,-1.129247,False
2015-01-17,19.6,8.9,20.004839,8.303548,23.41,-0.404839,False
2015-01-18,19.9,8.7,20.085161,8.34,23.6,-0.185161,False
2015-01-19,18.2,8.4,20.188817,8.387957,23.71,-1.988817,False
2015-01-20,16.7,9.2,20.301935,8.455269,24.0,-3.601935,False
2015-01-21,15.0,9.8,20.395699,8.528817,24.01,-5.395699,False
2015-01-22,13.4,10.6,20.513763,8.604301,24.2,-7.113763,False
2015-01-23,18.8,10.7,20.638817,8.695591,24.3,-1.838817,False
2015-01-24,16.9,11.3,20.744731,8.773763,24.4,-3.844731,False
2015-01-25,15.6,8.0,20.850108,8.850215,24.4,-5.250108,False
2015-01-26,17.4,8.0,20.94129,8.924946,24.51,-3.54129,False
2015-01-27,18.0,8.6,21.042258,9.012796,24.8,-3.042258,False
2015-01-28,16.9,5.3,21.163333,9.118602,25.1,-4.263333,False
2015-01-29,18.0,5.5,21.28914,9.230215,25.31,-3.28914,False
2015-01-30,19.6,6.8,21.417419,9.361398,25.6,-1.817419,False
2015-01-31,20.9,8.3,21.532581,9.468065,25.7,-0.632581,False
2015-02-01,21.5,8.9,21.68129,9.57172,25.81,-0.18129,False
2015-02-02,21.3,12.9,21.839677,9.688172,26.1,-0.539677,False
2015-02-03,22.5,11.4,22.015914,9.823226,26.2,0.484086,False
2015-02-04,19.7,10.0,22.197097,9.957742,26.4,-2.497097,False
2015-02-05,21.4,8.4,22.380645,10.105914,26.6,-0.980645,False
2015-02-06,21.7,9.0,22.569247,10.23871,26.8,-0.869247,False
2015-02-07,23.5,9.8,22.757419,10.381398,26.9,0.742581,False
2015-02-08,23.3,11.1,22.914624,10.534624,27.0,0.385376,False
2015-02-09,24.4,10.9,23.071183,10.685591,27.2,1.328817,False
2015-02-10,23.1,9.1,23.216022,10.826989,27.3,-0.116022,False
2015-02-11,22.9,9.1,23.344086,10.952366,27.5,-0.444086,False
2015-02-12,22.5,10.1,23.488495,11.070323,27.51,-0.988495,False
2015-02-13,25.2,11.1,23.637419,11.19172,27.6,1.562581,False
2015-02-14,27.1,12.9,23.786237,11.327957,27.9,3.313763,False
2015-02-15,25.8,12.2,23.932796,11.464516,28.1,1.867204,False
2015-02-16,25.8,15.3,24.102473,11.602903,28.3,1.697527,False
2015-02-17,26.4,15.5,24.276559,11.771828,28.6,2.123441,False
2015-02-18,27.5,16.7,24.457634,11.92172,28.8,3.042366,False
2015-02-19,27.6,17.4,24.618925,12.064194,29.01,2.981075,False
2015-02-20,27.0,16.7,24.792473,12.213871,29.3,2.207527,False
2015-02-21,27.8,16.8,24.967849,12.359462,29.5,2.832151,False
2015-02-22,27.8,15.2,25.141075,12.495484,29.6,2.658925,False
2015-02-23,27.6,15.4,25.301183,12.639785,29.8,2.298817,False
2015-02-24,27.2,16.0,25.500323,12.808495,30.1,1.699677,False
2015-02-25,27.9,16.5,25.704086,12.986237,30.2,2.195914,False
2015-02-26,25.4,13.1,25.889892,13.162581,30.4,-0.489892,False
2015-02-27,25.5,12.8,26.056989,13.315054,30.5,-0.556989,False
2015-02-28,26.1,14.0,26.215269,13.456667,30.7,-0.115269,False
2015-03-01,19.0,15.4,26.392903,13.600753,30.91,-7.392903,False
2015-03-02,19.6,13.1,26.615591,13.739892,31.21,-7.015591,False
2015-03-03,21.7,11.8,26.866774,13.910968,31.5,-5.166774,False
2015-03-04,23.2,11.5,27.111935,14.093548,31.7,-3.911935,False
2015-03-05,26.4,12.1,27.347634,14.273978,31.9,-0.947634,False
2015-03-06,26.7,14.1,27.550108,14.450108,32.1,-0.850108,False
2015-03-07,25.7,14.6,27.747204,14.62957,32.21,-2.047204,False
2015-03-08,24.0,14.5,27.955161,14.802581,32.4,-3.955161,False
2015-03-09,23.4,10.7,28.17914,14.985161,32.6,-4.77914,False
2015-03-10,23.8,11.7,28.386022,15.153978,33.0,-4.586022,False
2015-03-11,25.8,12.3,28.598602,15.318602,33.1,-2.798602,False
2015-03-12,27.7,13.4,28.81172,15.478065,33.4,-1.11172,False
2015-03-13,25.8,16.2,29.067312,15.654624,33.8,-3.267312,False
2015-03-14,25.9,16.9,29.307527,15.84957,34.01,-3.407527,False
2015-03-15,20.1,14.8,29.52957,16.037097,34.3,-9.42957,False
2015-03-16,23.9,16.1,29.772258,16.21871,34.6,-5.872258,False
2015-03-17,26.3,15.0,30.010753,16.402688,34.81,-3.710753,False
2015-03-18,25.8,14.6,30.266237,16.581075,35.1,-4.466237,False
2015-03-19,27.9,14.4,30.497849,16.763011,35.4,-2.597849,False
2015-03-20,29.1,16.3,30.728925,16.935699,35.61,-1.628925,False
2015-03-21,30.9,18.6,30.960968,17.13043,36.1,-0.060968,False
2015-03-22,31.4,19.0,31.21172,17.335269,36.4,0.18828,False
2015-03-23,32.4,18.7,31.433548,17.519785,36.6,0.966452,False
2015-03-24,33.8,19.6,31.657957,17.698925,36.7,2.142043,False
2015-03-25,34.0,20.9,31.866344,17.877419,36.81,2.133656,False
2015-03-26,35.2,22.2,32.11172,18.064839,37.01,3.08828,False
2015-03-27,35.4,18.7,32.360968,18.241505,37.3,3.039032,False
2015-03-28,35.2,19.3,32.592151,18.426559,37.6,2.607849,False
2015-03-29,31.6,21.0,32.847742,18.622366,37.7,-1.247742,False
2015-03-30,26.0,19.0,33.134301,18.840968,37.91,-7.134301,False
2015-03-31,29.2,19.4,33.40914,19.058817,38.1,-4.20914,False
2015-04-01,32.3,21.0,33.646237,19.25957,38.2,-1.346237,False
2015-04-02,33.8,20.8,33.823333,19.452258,38.4,-0.023333,False
2015-04-03,31.8,18.6,34.005269,19.627527,38.51,-2.205269,False
2015-04-04,25.6,17.3,34.201183,19.799892,38.7,-8.601183,False
2015-04-05,28.6,18.0,34.410645,19.960108,39.01,-5.810645,False
2015-04-06,31.0,18.7,34.627312,20.146559,39.3,-3.627312,False
2015-04-07,27.2,18.4,34.843333,20.327742,39.5,-7.643333,False
2015-04-08,31.3,18.9,35.047097,20.51172,39.6,-3.747097,False
2015-04-09,31.8,19.1,35.258387,20.70086,39.8,-3.458387,False
2015-04-10,34.0,20.1,35.487204,20.889247,40.0,-1.487204,False
2015-04-11,35.4,20.8,35.696452,21.077527,40.2,-0.296452,False
2015-04-12,28.7,19.7,35.915054,21.266882,40.3,-7.215054,False
2015-04-13,29.9,21.1,36.107849,21.458925,40.5,-6.207849,False
2015-04-14,30.6,21.2,36.321828,21.64,40.7,-5.721828,False
2015-04-15,33.1,21.4,36.543118,21.843011,40.8,-3.443118,False
2015-04-16,29.9,19.8,36.727849,22.044839,40.9,-6.827849,False
2015-04-17,34.8,22.1,36.904301,22.220753,41.0,-2.104301,False
2015-04-18,37.6,23.1,37.038602,22.390215,41.01,0.561398,False
2015-04-19,39.8,25.0,37.186022,22.557419,41.11,2.613978,False
2015-04-20,38.4,25.5,37.332581,22.731505,41.2,1.067419,False
2015-04-21,39.0,23.1,37.472796,22.898172,41.4,1.527204,False
2015-04-22,38.7,22.4,37.592258,23.059892,41.6,1.107742,False
2015-04-23,39.3,23.2,37.742151,23.222366,41.7,1.557849,False
2015-04-24,40.2,23.8,37.890538,23.411935,41.7,2.309462,False
2015-04-25,36.7,24.0,38.042796,23.587634,41.8,-1.342796,False
2015-04-26,33.8,24.7,38.16,23.744624,41.8,-4.36,False
2015-04-27,36.1,24.9,38.258172,23.895806,41.8,-2.158172,False
2015-04-28,37.7,24.7,38.365806,24.036344,41.81,-0.665806,False
2015-04-29,37.2,24.9,38.477097,24.177204,41.9,-1.277097,False
2015-04-30,38.9,25.6,38.595161,24.324086,42.1,0.304839,False
2015-05-01,36.3,24.6,38.696129,24.467097,42.3,-2.396129,False
2015-05-02,37.7,23.1,38.802366,24.604946,42.3,-1.102366,False
2015-05-03,38.6,22.3,38.939892,24.745376,42.4,-0.339892,False
2015-05-04,39.7,21.6,39.05172,24.889247,42.4,0.64828,False
2015-05-05,40.6,23.5,39.123978,25.023763,42.41,1.476022,False
2015-05-06,42.5,25.1,39.19172,25.16,42.5,3.30828,False
2015-05-07,42.4,27.6,39.26957,25.267312,42.6,3.13043,False
2015-05-08,42.4,27.2,39.349785,25.394086,42.61,3.050215,False
2015-05-09,41.7,27.8,39.433978,25.518817,42.8,2.266022,False
2015-05-10,42.0,27.3,39.504946,25.631935,42.9,2.495054,False
2015-05-11,39.1,26.7,39.559892,25.759247,43.0,-0.459892,False
2015-05-12,36.4,27.0,39.638495,25.865591,43.01,-3.238495,False
2015-05-13,35.9,23.6,39.686559,25.949785,43.11,-3.786559,False
2015-05-14,36.0,24.5,39.714946,26.011935,43.2,-3.714946,False
2015-05-15,34.5,23.1,39.722473,26.072796,43.2,-5.222473,False
2015-05-16,36.4,25.2,39.729355,26.137419,43.3,-3.329355,False
2015-05-17,38.6,27.0,39.742473,26.207419,43.3,-1.142473,False
2015-05-18,41.9,28.0,39.762473,26.282688,43.4,2.137527,False
2015-05-19,40.3,24.8,39.808495,26.391613,43.4,0.491505,False
2015-05-20,40.2,26.2,39.852366,26.502688,43.41,0.347634,False
2015-05-21,42.3,27.5,39.893656,26.604516,43.6,2.406344,False
2015-05-22,43.2,26.5,39.927312,26.69086,43.6,3.272688,False
2015-05-23,43.9,28.1,39.937312,26.777527,43.6,3.962688,False
2015-05-24,43.6,28.8,39.934194,26.875484,43.7,3.665806,False
2015-05-25,44.5,30.1,39.936129,26.94828,43.8,4.563871,False
2015-05-26,44.2,27.1,39.953548,27.027419,43.8,4.246452,False
2015-05-27,42.0,26.1,39.963656,27.119677,43.8,2.036344,False
2015-05-28,42.0,28.4,39.965806,27.218387,43.81,2.034194,False
2015-05-29,41.4,27.8,39.959677,27.30828,43.9,1.440323,False
2015-05-30,42.5,29.4,39.938817,27.384516,43.9,2.561183,False
2015-05-31,40.1,26.3,39.895699,27.449785,43.9,0.204301,False
2015-06-01,39.4,26.7,39.821505,27.505269,43.81,-0.421505,False
2015-06-02,37.8,26.0,39.747527,27.560753,43.8,-1.947527,False
2015-06-03,36.0,24.8,39.665699,27.596989,43.7,-3.665699,False
2015-06-04,37.6,26.5,39.595484,27.631398,43.7,-1.995484,False
2015-06-05,38.4,27.5,39.528065,27.671935,43.71,-1.128065,False
2015-06-06,39.6,26.8,39.462796,27.726452,43.7,0.137204,False
2015-06-07,41.8,28.4,39.398387,27.791505,43.7,2.401613,False
2015-06-08,43.6,29.6,39.325376,27.845914,43.6,4.274624,False
2015-06-09,42.5,31.9,39.212366,27.882688,43.6,3.287634,False
2015-06-10,40.9,30.0,39.084409,27.921613,43.5,1.815591,False
2015-06-11,40.6,30.5,38.95172,27.947312,43.4,1.64828,False
2015-06-12,40.9,31.6,38.818817,27.971828,43.4,2.081183,False
2015-06-13,38.7,24.6,38.688817,28.013548,43.3,0.011183,False
2015-06-14,31.7,24.8,38.574301,28.057312,43.2,-6.874301,False
2015-06-15,35.1,26.3,38.468172,28.107204,43.2,-3.368172,False
2015-06-16,36.7,28.0,38.37043,28.141398,43.1,-1.67043,False
2015-06-17,38.5,29.3,38.273011,28.182151,42.9,0.226989,False
2015-06-18,40.0,30.4,38.15914,28.217312,42.8,1.84086,False
2015-06-19,40.0,30.8,38.037312,28.217312,42.7,1.962688,False
2015-06-20,35.9,28.2,37.90086,28.22043,42.5,-2.00086,False
2015-06-21,35.0,28.6,37.765484,28.216452,42.4,-2.765484,False
2015-06-22,35.9,29.3,37.627312,28.216129,42.3,-1.727312,False
2015-06-23,38.1,28.1,37.506237,28.220323,42.1,0.593763,False
2015-06-24,36.3,24.7,37.381935,28.210753,41.9,-1.081935,False
2015-06-25,27.9,24.8,37.243226,28.19,41.7,-9.343226,False
2015-06-26,35.1,26.5,37.061505,28.167312,41.4,-1.961505,False
2015-06-27,36.1,29.0,36.873118,28.126129,41.3,-0.773118,False
2015-06-28,38.0,27.4,36.722151,28.084409,41.2,1.277849,False
2015-06-29,33.6,26.2,36.567097,28.056344,41.11,-2.967097,False
2015-06-30,33.0,26.3,36.409892,28.029892,41.0,-3.409892,False
2015-07-01,36.3,27.0,36.246022,27.995376,40.9,0.053978,False
2015-07-02,36.4,28.6,36.103871,27.971613,40.8,0.296129,False
2015-07-03,37.4,27.9,35.963656,27.940968,40.7,1.436344,False
2015-07-04,36.8,28.5,35.849247,27.928065,40.6,0.950753,False
2015-07-05,37.5,29.8,35.702903,27.904194,40.4,1.797097,False
2015-07-06,33.4,25.1,35.553118,27.876129,40.3,-2.153118,False
2015-07-07,32.3,25.5,35.40086,27.838172,40.01,-3.10086,False
2015-07-08,32.3,27.0,35.262366,27.795914,39.8,-2.962366,False
2015-07-09,31.3,26.5,35.133333,27.757634,39.7,-3.833333,False
2015-07-10,27.4,24.7,35.022151,27.725054,39.6,-7.622151,False
2015-07-11,27.3,25.0,34.914839,27.690323,39.4,-7.614839,False
2015-07-12,27.5,25.1,34.814409,27.65129,39.2,-7.314409,False
2015-07-13,33.8,26.0,34.707312,27.621075,39.0,-0.907312,False
2015-07-14,34.3,28.4,34.605269,27.590645,38.91,-0.305269,False
2015-07-15,36.0,29.4,34.503656,27.572473,38.81,1.496344,False
2015-07-16,35.0,27.5,34.397204,27.54,38.7,0.602796,False
2015-07-17,32.3,27.6,34.276989,27.5,38.41,-1.976989,False
2015-07-18,33.1,27.4,34.165591,27.452796,38.2,-1.065591,False
2015-07-19,33.2,27.4,34.062366,27.405806,38.01,-0.862366,False
2015-07-20,31.7,26.4,33.969892,27.375484,37.8,-2.269892,False
2015-07-21,33.9,28.2,33.886344,27.341935,37.51,0.013656,False
2015-07-22,33.1,28.6,33.789892,27.320645,37.1,-0.689892,False
2015-07-23,34.2,28.0,33.709785,27.301075,36.91,0.490215,False
2015-07-24,33.5,28.0,33.633011,27.266559,36.81,-0.133011,False
2015-07-25,34.5,27.1,33.552151,27.23129,36.7,0.947849,False
2015-07-26,32.6,25.7,33.476667,27.207634,36.41,-0.876667,False
2015-07-27,32.4,25.5,33.442581,27.191398,36.4,-1.042581,False
2015-07-28,32.8,25.6,33.424301,27.185161,36.4,-0.624301,False
2015-07-29,30.8,26.1,33.374409,27.173226,36.3,-2.574409,False
2015-07-30,31.0,26.5,33.33129,27.155914,36.3,-2.33129,False
2015-07-31,31.9,26.6,33.288495,27.125054,36.2,-1.388495,False
2015-08-01,30.4,26.3,33.246559,27.100968,36.2,-2.846559,False
2015-08-02,31.5,26.7,33.223763,27.073656,36.2,-1.723763,False
2015-08-03,34.0,27.6,33.216559,27.054301,36.1,0.783441,False
2015-08-04,35.3,27.3,33.148065,27.028925,36.1,2.151935,False
2015-08-05,32.8,27.1,33.137312,27.012258,36.0,-0.337312,False
2015-08-06,32.7,27.3,33.130108,26.993763,36.0,-0.430108,False
2015-08-07,33.0,26.4,33.11,26.966774,35.9,-0.11,False
2015-08-08,29.1,26.2,33.074946,26.943441,35.9,-3.974946,False
2015-08-09,30.3,26.0,33.045269,26.916022,35.8,-2.745269,False
2015-08-10,31.8,26.6,33.024946,26.896452,35.8,-1.224946,False
2015-08-11,29.8,26.1,33.021075,26.877204,35.71,-3.221075,False
2015-08-12,33.0,27.5,33.022903,26.865806,35.71,-0.022903,False
2015-08-13,33.3,27.7,33.028602,26.855161,35.71,0.271398,False
2015-08-14,31.9,27.5,33.032366,26.837204,35.8,-1.132366,False
2015-08-15,30.6,25.9,33.029462,26.809462,35.71,-2.429462,False
2015-08-16,30.5,26.4,33.032366,26.784301,35.7,-2.532366,False
2015-08-17,33.5,27.0,33.036022,26.769892,35.7,0.463978,False
2015-08-18,34.5,26.4,33.032151,26.737849,35.7,1.467849,False
2015-08-19,34.7,27.7,33.022473,26.710538,35.7,1.677527,False
2015-08-20,33.8,27.0,32.999247,26.671183,35.7,0.800753,False
2015-08-21,32.9,26.8,32.987849,26.625591,35.7,-0.087849,False
2015-08-22,32.1,25.6,32.979032,26.569247,35.7,-0.879032,False
2015-08-23,33.7,26.1,32.958925,26.515699,35.7,0.741075,False
2015-08-24,33.8,27.3,32.946452,26.468817,35.7,0.853548,False
2015-08-25,34.9,27.9,32.943441,26.433226,35.7,1.956559,False
2015-08-26,35.6,27.9,32.939355,26.393871,35.7,2.660645,False
2015-08-27,34.9,26.5,32.920968,26.352796,35.7,1.979032,False
2015-08-28,34.4,27.5,32.89957,26.310645,35.81,1.50043,False
2015-08-29,35.5,28.0,32.908602,26.269677,35.71,2.591398,False
2015-08-30,35.7,27.9,32.921183,26.224624,35.71,2.778817,False
2015-08-31,35.7,26.7,32.930215,26.18172,35.8,2.769785,False
2015-09-01,35.6,27.0,32.939462,26.134301,35.71,2.660538,False
2015-09-02,35.7,26.6,32.958817,26.085806,35.71,2.741183,False
2015-09-03,35.5,26.4,32.970753,26.032581,35.8,2.529247,False
2015-09-04,36.5,24.5,33.014301,25.983226,35.81,3.485699,True
2015-09-05,36.2,24.5,33.031613,25.933871,35.9,3.168387,True
2015-09-06,36.2,25.5,33.050968,25.87957,35.9,3.149032,True
2015-09-07,36.1,25.1,33.054301,25.81828,35.9,3.045699,True
2015-09-08,36.6,25.7,33.054839,25.739892,35.9,3.545161,True
2015-09-09,36.3,24.0,33.054086,25.647849,35.91,3.245914,True
2015-09-10,37.0,24.5,33.08129,25.548602,36.0,3.91871,True
2015-09-11,36.2,24.8,33.096344,25.454516,36.0,3.103656,True
2015-09-12,36.0,25.9,33.120323,25.361828,36.0,2.879677,False
2015-09-13,36.2,26.6,33.15129,25.263871,36.1,3.04871,True
2015-09-14,36.9,26.3,33.173118,25.165591,36.1,3.726882,True
2015-09-15,36.5,26.9,33.19828,25.055914,36.1,3.30172,True
2015-09-16,36.0,25.7,33.227634,24.945054,36.1,2.772366,False
2015-09-17,35.4,27.5,33.247312,24.820968,36.2,2.152688,False
2015-09-18,32.3,25.7,33.271613,24.709677,36.2,-0.971613,False
2015-09-19,32.9,26.5,33.290645,24.597849,36.2,-0.390645,False
2015-09-20,32.4,25.8,33.317957,24.483763,36.2,-0.917957,False
2015-09-21,32.4,25.7,33.334946,24.367204,36.2,-0.934946,False
2015-09-22,34.3,24.9,33.375591,24.251935,36.2,0.924409,False
2015-09-23,31.7,25.0,33.427204,24.130108,36.2,-1.727204,False
2015-09-24,32.4,23.0,33.478172,24.003763,36.2,-1.078172,False
2015-09-25,32.1,23.7,33.50957,23.863011,36.2,-1.40957,False
2015-09-26,34.1,24.3,33.524086,23.709462,36.11,0.575914,False
2015-09-27,34.2,23.5,33.541075,23.546344,36.1,0.658925,False
2015-09-28,33.7,21.8,33.566989,23.386559,36.1,0.133011,False
2015-09-29,33.7,22.1,33.567312,23.208817,36.1,0.132688,False
2015-09-30,34.2,21.3,33.553978,23.025054,36.1,0.646022,False
2015-10-01,34.3,20.1,33.530215,22.844731,36.1,0.769785,False
2015-10-02,34.6,20.4,33.522043,22.664194,36.1,1.077957,False
2015-10-03,35.1,22.6,33.495914,22.477097,36.01,1.604086,False
2015-10-04,36.1,23.1,33.457419,22.285591,36.0,2.642581,False
2015-10-05,36.3,21.9,33.419785,22.089247,36.0,2.880215,False
2015-10-06,35.1,22.6,33.376129,21.882688,35.91,1.723871,False
2015-10-07,34.4,23.0,33.332473,21.670753,35.9,1.067527,False
2015-10-08,35.0,22.1,33.29871,21.467527,35.9,1.70129,False
2015-10-09,35.8,21.9,33.253978,21.270215,35.8,2.546022,False
2015-10-10,36.4,22.8,33.205161,21.080215,35.8,3.194839,False
2015-10-11,36.2,21.4,33.133011,20.887634,35.7,3.066989,False
2015-10-12,35.0,22.6,33.048925,20.68957,35.6,1.951075,False
2015-10-13,33.1,24.5,32.943441,20.477312,35.5,0.156559,False
2015-10-14,33.7,21.6,32.825591,20.263763,35.4,0.874409,False
2015-10-15,33.0,23.1,32.718817,20.054731,35.3,0.281183,False
2015-10-16,33.8,22.6,32.607097,19.848387,35.21,1.192903,False
2015-10-17,34.0,24.1,32.490538,19.644409,35.2,1.509462,False
2015-10-18,33.8,23.4,32.378602,19.446774,35.1,1.421398,False
2015-10-19,34.6,22.9,32.260108,19.244731,35.0,2.339892,False
2015-10-20,35.0,22.1,32.153441,19.040108,34.9,2.846559,False
2015-10-21,33.4,19.2,32.037957,18.836774,34.71,1.362043,False
2015-10-22,32.6,17.3,31.913011,18.643763,34.6,0.686989,False
2015-10-23,32.5,17.9,31.764946,18.448602,34.5,0.735054,False
2015-10-24,32.7,20.1,31.596774,18.240323,34.3,1.103226,False
2015-10-25,33.5,20.7,31.433226,18.036882,34.2,2.066774,False
2015-10-26,31.1,19.7,31.273548,17.827097,34.01,-0.173548,False
2015-10-27,31.5,19.3,31.125591,17.623763,33.9,0.374409,False
2015-10-28,24.5,15.4,30.964624,17.435806,33.8,-6.464624,False
2015-10-29,27.0,15.8,30.79914,17.249462,33.7,-3.79914,False
2015-10-30,27.8,17.1,30.636022,17.087849,33.4,-2.836022,False
2015-10-31,29.1,17.4,30.477849,16.922796,33.3,-1.377849,False
2015-11-01,30.2,17.3,30.326344,16.753011,33.1,-0.126344,False
2015-11-02,30.0,18.1,30.166989,16.573011,33.0,-0.166989,False
2015-11-03,29.2,17.5,30.005914,16.390215,32.8,-0.805914,False
2015-11-04,30.3,18.9,29.832043,16.202473,32.6,0.467957,False
2015-11-05,26.2,18.2,29.649355,16.002043,32.41,-3.449355,False
2015-11-06,28.4,17.2,29.474624,15.797957,32.3,-1.074624,False
2015-11-07,27.9,17.4,29.287742,15.600968,32.1,-1.387742,False
2015-11-08,28.5,18.7,29.116022,15.407849,31.9,-0.616022,False
2015-11-09,29.9,18.6,28.944194,15.229785,31.71,0.955806,False
2015-11-10,29.5,17.9,28.772796,15.055484,31.6,0.727204,False
2015-11-11,29.1,17.0,28.601075,14.883978,31.4,0.498925,False
2015-11-12,29.6,16.5,28.432796,14.698817,31.3,1.167204,False
2015-11-13,30.0,17.6,28.263441,14.513011,31.1,1.736559,False
2015-11-14,30.0,17.0,28.100968,14.340753,30.81,1.899032,False
2015-11-15,30.7,17.4,27.926237,14.156129,30.7,2.773763,False
2015-11-16,29.3,15.9,27.741505,13.971075,30.5,1.558495,False
2015-11-17,28.0,12.3,27.55914,13.788495,30.4,0.44086,False
2015-11-18,27.7,12.7,27.378387,13.601505,30.2,0.321613,False
2015-11-19,27.6,12.2,27.213226,13.41914,30.0,0.386774,False
2015-11-20,27.5,12.4,27.054731,13.263656,29.9,0.445269,False
2015-11-21,27.2,12.4,26.904301,13.116237,29.7,0.295699,False
2015-11-22,27.6,11.8,26.746667,12.957204,29.6,0.853333,False
2015-11-23,27.9,11.8,26.598495,12.79914,29.5,1.301505,False
2015-11-24,27.9,12.8,26.447204,12.653871,29.3,1.452796,False
2015-11-25,27.8,12.8,26.275914,12.500645,29.11,1.524086,False
2015-11-26,27.4,13.8,26.08957,12.347419,28.9,1.31043,False
2015-11-27,23.8,14.0,25.895376,12.205806,28.71,-2.095376,False
2015-11-28,24.4,13.5,25.696989,12.049892,28.6,-1.296989,False
2015-11-29,26.1,13.3,25.502796,11.873548,28.3,0.597204,False
2015-11-30,27.5,15.6,25.313871,11.684516,28.0,2.186129,False
2015-12-01,26.5,15.4,25.126667,11.501613,27.9,1.373333,False
2015-12-02,25.0,12.9,24.956882,11.329677,27.7,0.043118,False
2015-12-03,24.8,12.8,24.783441,11.166667,27.6,0.016559,False
2015-12-04,26.2,11.3,24.595806,11.019892,27.5,1.604194,False
2015-12-05,26.1,11.3,24.416129,10.892043,27.4,1.683871,False
2015-12-06,26.0,12.5,24.24129,10.771613,27.3,1.75871,False
2015-12-07,25.3,12.5,24.056882,10.651613,27.11,1.243118,False
2015-12-08,26.1,13.0,23.884194,10.521398,27.0,2.215806,False
2015-12-09,22.8,13.5,23.69914,10.386237,26.9,-0.89914,False
2015-12-10,25.5,14.9,23.514839,10.238602,26.8,1.985161,False
2015-12-11,22.5,11.3,23.330323,10.091613,26.7,-0.830323,False
2015-12-12,19.5,9.2,23.153548,9.949785,26.6,-3.653548,False
2015-12-13,19.8,8.0,22.976237,9.812473,26.41,-3.176237,False
2015-12-14,20.5,7.9,22.809892,9.680108,26.3,-2.309892,False
2015-12-15,21.5,6.7,22.617742,9.544516,26.1,-1.117742,False
2015-12-16,21.3,6.6,22.41914,9.436559,26.0,-1.11914,False
2015-12-17,20.7,7.9,22.242258,9.333333,25.9,-1.542258,False
2015-12-18,21.2,8.1,22.063763,9.246667,25.7,-0.863763,False
2015-12-19,21.4,7.3,21.883226,9.161828,25.6,-0.483226,False
2015-12-20,20.6,7.1,21.690215,9.065376,25.5,-1.090215,False
2015-12-21,20.1,6.5,21.507634,8.95,25.3,-1.407634,False
2015-12-22,20.4,6.8,21.316667,8.843871,25.01,-0.916667,False
2015-12-23,19.7,6.6,21.136989,8.731398,24.8,-1.436989,False
2015-12-24,19.2,6.5,20.94914,8.625591,24.5,-1.74914,False
2015-12-25,19.5,6.9,20.783118,8.52,24.3,-1.283118,False
2015-12-26,22.1,7.6,20.644086,8.426989,24.2,1.455914,False
2015-12-27,22.9,9.2,20.52,8.346129,24.0,2.38,False
2015-12-28,24.2,11.7,20.432796,8.264086,24.0,3.767204,False
2015-12-29,23.2,10.3,20.367957,8.206344,23.81,2.832043,False
2015-12-30,24.3,9.9,20.293441,8.156989,23.8,4.006559,False
2015-12-31,23.6,9.3,20.207957,8.123871,23.7,3.392043,False
2016-01-01,22.6,8.7,20.113978,8.102043,23.6,2.486022,False
2016-01-02,22.5,8.0,20.013656,8.08,23.5,2.486344,False
2016-01-03,22.6,8.7,19.920215,8.042258,23.3,2.679785,False
2016-01-04,23.6,8.8,19.839247,7.991075,23.3,3.760753,False
2016-01-05,25.6,12.1,19.76871,7.935484,23.21,5.83129,False
2016-01-06,24.7,12.2,19.700215,7.901398,23.2,4.999785,False
2016-01-07,24.2,12.2,19.647204,7.885484,23.1,4.552796,False
2016-01-08,22.6,11.2,19.626129,7.885699,23.1,2.973871,False
2016-01-09,22.3,10.0,19.628602,7.903656,23.1,2.671398,False
2016-01-10,23.7,9.9,19.640753,7.934839,23.1,4.059247,False
2016-01-11,24.4,9.8,19.672151,7.975376,23.2,4.727849,False
2016-01-12,24.3,11.2,19.701075,8.02172,23.2,4.598925,False
2016-01-13,22.1,12.5,19.731935,8.082903,23.2,2.368065,False
2016-01-14,18.7,10.2,19.776129,8.150968,23.2,-1.076129,False
2016-01-15,17.1,8.8,19.845699,8.21957,23.3,-2.745699,False
2016-01-16,16.7,9.5,19.929247,8.268495,23.4,-3.229247,False
2016-01-17,17.8,7.6,20.004839,8.303548,23.41,-2.204839,False
2016-01-18,18.2,7.2,20.085161,8.34,23.6,-1.885161,False
2016-01-19,16.2,9.0,20.188817,8.387957,23.71,-3.988817,False
2016-01-20,15.8,7.5,20.301935,8.455269,24.0,-4.501935,False
2016-01-21,16.5,5.8,20.395699,8.528817,24.01,-3.895699,False
2016-01-22,16.9,6.1,20.513763,8.604301,24.2,-3.613763,False
2016-01-23,19.5,6.6,20.638817,8.695591,24.3,-1.138817,False
2016-01-24,17.2,7.6,20.744731,8.773763,24.4,-3.544731,False
2016-01-25,16.9,6.7,20.850108,8.850215,24.4,-3.950108,False
2016-01-26,20.6,8.3,20.94129,8.924946,24.51,-0.34129,False
2016-01-27,23.0,10.7,21.042258,9.012796,24.8,1.957742,False
2016-01-28,23.1,10.2,21.163333,9.118602,25.1,1.936667,False
2016-01-29,24.3,12.2,21.28914,9.230215,25.31,3.01086,False
2016-01-30,25.8,14.9,21.417419,9.361398,25.6,4.382581,False
2016-01-31,22.7,11.0,21.532581,9.468065,25.7,1.167419,False
2016-02-01,22.6,7.8,21.68129,9.57172,25.81,0.91871,False
2016-02-02,21.1,8.1,21.839677,9.688172,26.1,-0.739677,False
2016-02-03,21.3,8.9,22.015914,9.823226,26.2,-0.715914,False
2016-02-04,23.0,8.5,22.197097,9.957742,26.4,0.802903,False
2016-02-05,23.6,8.1,22.380645,10.105914,26.6,1.219355,False
2016-02-06,23.5,8.6,22.569247,10.23871,26.8,0.930753,False
2016-02-07,20.2,10.2,22.757419,10.381398,26.9,-2.557419,False
2016-02-08,22.8,10.1,22.914624,10.534624,27.0,-0.114624,False
2016-02-09,24.0,9.5,23.071183,10.685591,27.2,0.928817,False
2016-02-10,24.8,10.2,23.216022,10.826989,27.3,1.583978,False
2016-02-11,25.0,11.2,23.344086,10.952366,27.5,1.655914,False
2016-02-12,25.1,12.0,23.488495,11.070323,27.51,1.611505,False
2016-02-13,21.4,11.2,23.637419,11.19172,27.6,-2.237419,False
2016-02-14,24.1,11.0,23.786237,11.327957,27.9,0.313763,False
2016-02-15,22.9,11.2,23.932796,11.464516,28.1,-1.032796,False
2016-02-16,23.8,10.4,24.102473,11.602903,28.3,-0.302473,False
2016-02-17,25.4,12.3,24.276559,11.771828,28.6,1.123441,False
2016-02-18,24.3,15.1,24.457634,11.92172,28.8,-0.157634,False
2016-02-19,27.7,16.7,24.618925,12.064194,29.01,3.081075,False
2016-02-20,25.6,16.2,24.792473,12.213871,29.3,0.807527,False
2016-02-21,25.5,12.9,24.967849,12.359462,29.5,0.532151,False
2016-02-22,26.7,14.0,25.141075,12.495484,29.6,1.558925,False
2016-02-23,27.8,12.3,25.301183,12.639785,29.8,2.498817,False
2016-02-24,28.3,12.7,25.500323,12.808495,30.1,2.799677,False
2016-02-25,28.5,13.7,25.704086,12.986237,30.2,2.795914,False
2016-02-26,28.4,14.0,25.889892,13.162581,30.4,2.510108,False
2016-02-27,28.2,14.1,26.056989,13.315054,30.5,2.143011,False
2016-02-28,29.0,15.9,26.215269,13.456667,30.7,2.784731,False
2016-02-29,28.8,16.4,26.304086,13.52871,30.805,2.495914,False
2016-03-01,30.2,16.5,26.392903,13.600753,30.91,3.807097,False
2016-03-02,31.0,16.9,26.615591,13.739892,31.21,4.384409,False
2016-03-03,31.9,17.2,26.866774,13.910968,31.5,5.033226,False
2016-03-04,32.1,18.8,27.111935,14.093548,31.7,4.988065,False
2016-03-05,27.6,16.0,27.347634,14.273978,31.9,0.252366,False
2016-03-06,27.4,16.4,27.550108,14.450108,32.1,-0.150108,False
2016-03-07,28.7,17.5,27.747204,14.62957,32.21,0.952796,False
2016-03-08,28.3,16.6,27.955161,14.802581,32.4,0.344839,False
2016-03-09,28.6,16.4,28.17914,14.985161,32.6,0.42086,False
2016-03-10,30.0,17.7,28.386022,15.153978,33.0,1.613978,False
2016-03-11,30.5,19.2,28.598602,15.318602,33.1,1.901398,False
2016-03-12,26.4,17.6,28.81172,15.478065,33.4,-2.41172,False
2016-03-13,28.3,18.4,29.067312,15.654624,33.8,-0.767312,False
2016-03-14,24.8,17.0,29.307527,15.84957,34.01,-4.507527,False
2016-03-15,28.2,15.9,29.52957,16.037097,34.3,-1.32957,False
2016-03-16,28.3,17.0,29.772258,16.21871,34.6,-1.472258,False
2016-03-17,30.3,18.8,30.010753,16.402688,34.81,0.289247,False
2016-03-18,30.6,19.7,30.266237,16.581075,35.1,0.333763,False
2016-03-19,31.5,19.5,30.497849,16.763011,35.4,1.002151,False
2016-03-20,31.9,19.6,30.728925,16.935699,35.61,1.171075,False
2016-03-21,31.1,17.3,30.960968,17.13043,36.1,0.139032,False
2016-03-22,29.5,17.1,31.21172,17.335269,36.4,-1.71172,False
2016-03-23,32.4,16.7,31.433548,17.519785,36.6,0.966452,False
2016-03-24,34.4,19.1,31.657957,17.698925,36.7,2.742043,False
2016-03-25,35.2,20.0,31.866344,17.877419,36.81,3.333656,False
2016-03-26,31.6,19.8,32.11172,18.064839,37.01,-0.51172,False
2016-03-27,31.4,17.4,32.360968,18.241505,37.3,-0.960968,False
2016-03-28,32.4,18.3,32.592151,18.426559,37.6,-0.192151,False
2016-03-29,32.4,19.4,32.847742,18.622366,37.7,-0.447742,False
2016-03-30,34.7,19.7,33.134301,18.840968,37.91,1.565699,False
2016-03-31,36.4,21.2,33.40914,19.058817,38.1,2.99086,False
2016-04-01,37.2,22.4,33.646237,19.25957,38.2,3.553763,False
2016-04-02,37.8,23.9,33.823333,19.452258,38.4,3.976667,False
2016-04-03,38.8,25.1,34.005269,19.627527,38.51,4.794731,False
2016-04-04,37.9,24.1,34.201183,19.799892,38.7,3.698817,False
2016-04-05,36.5,23.4,34.410645,19.960108,39.01,2.089355,False
2016-04-06,36.0,22.3,34.627312,20.146559,39.3,1.372688,False
2016-04-07,35.9,19.9,34.843333,20.327742,39.5,1.056667,False
2016-04-08,35.7,21.4,35.047097,20.51172,39.6,0.652903,False
2016-04-09,37.3,22.9,35.258387,20.70086,39.8,2.041613,False
2016-04-10,37.6,22.3,35.487204,20.889247,40.0,2.112796,False
2016-04-11,36.0,22.4,35.696452,21.077527,40.2,0.303548,False
2016-04-12,34.9,23.7,35.915054,21.266882,40.3,-1.015054,False
2016-04-13,37.3,24.1,36.107849,21.458925,40.5,1.192151,False
2016-04-14,39.1,23.9,36.321828,21.64,40.7,2.778172,False
2016-04-15,40.1,24.4,36.543118,21.843011,40.8,3.556882,False
2016-04-16,42.0,27.1,36.727849,22.044839,40.9,5.272151,False
2016-04-17,40.8,28.2,36.904301,22.220753,41.0,3.895699,False
2016-04-18,40.0,26.9,37.038602,22.390215,41.01,2.961398,False
2016-04-19,38.9,25.9,37.186022,22.557419,41.11,1.713978,False
2016-04-20,39.6,26.0,37.332581,22.731505,41.2,2.267419,False
2016-04-21,39.5,26.3,37.472796,22.898172,41.4,2.027204,False
2016-04-22,38.8,24.1,37.592258,23.059892,41.6,1.207742,False
2016-04-23,37.5,20.3,37.742151,23.222366,41.7,-0.242151,False
2016-04-24,38.0,21.5,37.890538,23.411935,41.7,0.109462,False
2016-04-25,38.7,22.5,38.042796,23.587634,41.8,0.657204,False
2016-04-26,39.8,23.5,38.16,23.744624,41.8,1.64,False
2016-04-27,40.5,23.8,38.258172,23.895806,41.8,2.241828,False
2016-04-28,40.6,24.0,38.365806,24.036344,41.81,2.234194,False
2016-04-29,40.3,22.6,38.477097,24.177204,41.9,1.822903,False
2016-04-30,40.8,23.3,38.595161,24.324086,42.1,2.204839,False
2016-05-01,42.3,24.7,38.696129,24.467097,42.3,3.603871,False
2016-05-02,44.0,27.9,38.802366,24.604946,42.3,5.197634,False
2016-05-03,39.8,26.9,38.939892,24.745376,42.4,0.860108,False
2016-05-04,38.4,25.2,39.05172,24.889247,42.4,-0.65172,False
2016-05-05,34.8,24.2,39.123978,25.023763,42.41,-4.323978,False
2016-05-06,34.3,25.3,39.19172,25.16,42.5,-4.89172,False
2016-05-07,37.4,26.5,39.26957,25.267312,42.6,-1.86957,False
2016-05-08,38.8,27.3,39.349785,25.394086,42.61,-0.549785,False
2016-05-09,37.5,28.1,39.433978,25.518817,42.8,-1.933978,False
2016-05-10,37.7,26.5,39.504946,25.631935,42.9,-1.804946,False
2016-05-11,36.8,26.0,39.559892,25.759247,43.0,-2.759892,False
2016-05-12,40.3,27.8,39.638495,25.865591,43.01,0.661505,False
2016-05-13,41.8,28.0,39.686559,25.949785,43.11,2.113441,False
2016-05-14,41.8,28.4,39.714946,26.011935,43.2,2.085054,False
2016-05-15,42.8,28.0,39.722473,26.072796,43.2,3.077527,False
2016-05-16,43.4,28.3,39.729355,26.137419,43.3,3.670645,False
2016-05-17,43.2,27.8,39.742473,26.207419,43.3,3.457527,False
2016-05-18,44.1,28.1,39.762473,26.282688,43.4,4.337527,False
2016-05-19,42.1,29.8,39.808495,26.391613,43.4,2.291505,False
2016-05-20,40.9,29.4,39.852366,26.502688,43.41,1.047634,False
2016-05-21,40.5,29.9,39.893656,26.604516,43.6,0.606344,False
2016-05-22,42.5,30.4,39.927312,26.69086,43.6,2.572688,False
2016-05-23,40.6,23.2,39.937312,26.777527,43.6,0.662688,False
2016-05-24,35.9,26.2,39.934194,26.875484,43.7,-4.034194,False
2016-05-25,39.9,26.3,39.936129,26.94828,43.8,-0.036129,False
2016-05-26,39.9,28.2,39.953548,27.027419,43.8,-0.053548,False
2016-05-27,41.7,30.6,39.963656,27.119677,43.8,1.736344,False
2016-05-28,41.3,24.1,39.965806,27.218387,43.81,1.334194,False
2016-05-29,36.4,24.5,39.959677,27.30828,43.9,-3.559677,False
2016-05-30,32.1,23.5,39.938817,27.384516,43.9,-7.838817,False
2016-05-31,37.7,27.6,39.895699,27.449785,43.9,-2.195699,False
2016-06-01,39.9,29.9,39.821505,27.505269,43.81,0.078495,False
2016-06-02,41.4,28.4,39.747527,27.560753,43.8,1.652473,False
2016-06-03,42.1,30.0,39.665699,27.596989,43.7,2.434301,False
2016-06-04,42.9,31.1,39.595484,27.631398,43.7,3.304516,False
2016-06-05,41.6,29.8,39.528065,27.671935,43.71,2.071935,False
2016-06-06,38.9,29.4,39.462796,27.726452,43.7,-0.562796,False
2016-06-07,38.1,29.2,39.398387,27.791505,43.7,-1.298387,False
2016-06-08,40.8,30.0,39.325376,27.845914,43.6,1.474624,False
2016-06-09,40.5,29.1,39.212366,27.882688,43.6,1.287634,False
2016-06-10,41.8,28.5,39.084409,27.921613,43.5,2.715591,False
2016-06-11,39.8,26.8,38.95172,27.947312,43.4,0.84828,False
2016-06-12,39.0,28.9,38.818817,27.971828,43.4,0.181183,False
2016-06-13,40.1,26.3,38.688817,28.013548,43.3,1.411183,False
2016-06-14,37.3,26.5,38.574301,28.057312,43.2,-1.274301,False
2016-06-15,36.8,28.4,38.468172,28.107204,43.2,-1.668172,False
2016-06-16,37.0,28.1,38.37043,28.141398,43.1,-1.37043,False
2016-06-17,37.9,29.2,38.273011,28.182151,42.9,-0.373011,False
2016-06-18,36.8,29.1,38.15914,28.217312,42.8,-1.35914,False
2016-06-19,37.6,30.6,38.037312,28.217312,42.7,-0.437312,False
2016-06-20,37.1,28.0,37.90086,28.22043,42.5,-0.80086,False
2016-06-21,34.9,27.8,37.765484,28.216452,42.4,-2.865484,False
2016-06-22,35.1,28.2,37.627312,28.216129,42.3,-2.527312,False
2016-06-23,37.6,29.6,37.506237,28.220323,42.1,0.093763,False
2016-06-24,40.2,31.5,37.381935,28.210753,41.9,2.818065,False
2016-06-25,38.6,29.5,37.243226,28.19,41.7,1.356774,False
2016-06-26,36.6,29.2,37.061505,28.167312,41.4,-0.461505,False
2016-06-27,37.9,27.4,36.873118,28.126129,41.3,1.026882,False
2016-06-28,35.3,28.1,36.722151,28.084409,41.2,-1.422151,False
2016-06-29,38.5,30.0,36.567097,28.056344,41.11,1.932903,False
2016-06-30,39.0,28.9,36.409892,28.029892,41.0,2.590108,False
2016-07-01,38.3,25.8,36.246022,27.995376,40.9,2.053978,False
2016-07-02,31.1,25.9,36.103871,27.971613,40.8,-5.003871,False
2016-07-03,31.3,26.6,35.963656,27.940968,40.7,-4.663656,False
2016-07-04,33.9,27.4,35.849247,27.928065,40.6,-1.949247,False
2016-07-05,36.2,28.2,35.702903,27.904194,40.4,0.497097,False
2016-07-06,34.2,27.8,35.553118,27.876129,40.3,-1.353118,False
2016-07-07,35.2,28.9,35.40086,27.838172,40.01,-0.20086,False
2016-07-08,34.2,28.5,35.262366,27.795914,39.8,-1.062366,False
2016-07-09,34.5,28.7,35.133333,27.757634,39.7,-0.633333,False
2016-07-10,35.7,28.7,35.022151,27.725054,39.6,0.677849,False
2016-07-11,33.9,27.7,34.914839,27.690323,39.4,-1.014839,False
2016-07-12,33.5,28.2,34.814409,27.65129,39.2,-1.314409,False
2016-07-13,34.7,29.1,34.707312,27.621075,39.0,-0.007312,False
2016-07-14,31.6,26.9,34.605269,27.590645,38.91,-3.005269,False
2016-07-15,31.1,27.1,34.503656,27.572473,38.81,-3.403656,False
2016-07-16,28.0,26.2,34.397204,27.54,38.7,-6.397204,False
2016-07-17,29.5,25.7,34.276989,27.5,38.41,-4.776989,False
2016-07-18,33.2,26.5,34.165591,27.452796,38.2,-0.965591,False
2016-07-19,35.1,28.2,34.062366,27.405806,38.01,1.037634,False
2016-07-20,36.3,29.8,33.969892,27.375484,37.8,2.330108,False
2016-07-21,35.8,28.5,33.886344,27.341935,37.51,1.913656,False
2016-07-22,35.0,28.6,33.789892,27.320645,37.1,1.210108,False
2016-07-23,32.4,27.7,33.709785,27.301075,36.91,-1.309785,False
2016-07-24,33.3,27.8,33.633011,27.266559,36.81,-0.333011,False
2016-07-25,34.1,28.1,33.552151,27.23129,36.7,0.547849,False
2016-07-26,32.3,26.9,33.476667,27.207634,36.41,-1.176667,False
2016-07-27,30.7,26.7,33.442581,27.191398,36.4,-2.742581,False
2016-07-28,30.5,26.3,33.424301,27.185161,36.4,-2.924301,False
2016-07-29,28.5,26.1,33.374409,27.173226,36.3,-4.874409,False
2016-07-30,30.5,26.2,33.33129,27.155914,36.3,-2.83129,False
2016-07-31,31.1,26.6,33.288495,27.125054,36.2,-2.188495,False
2016-08-01,31.0,25.7,33.246559,27.100968,36.2,-2.246559,False
2016-08-02,32.2,26.5,33.223763,27.073656,36.2,-1.023763,False
2016-08-03,34.4,28.1,33.216559,27.054301,36.1,1.183441,False
2016-08-04,34.9,28.7,33.148065,27.028925,36.1,1.751935,False
2016-08-05,35.1,29.1,33.137312,27.012258,36.0,1.962688,False
2016-08-06,31.3,27.2,33.130108,26.993763,36.0,-1.830108,False
2016-08-07,34.9,28.1,33.11,26.966774,35.9,1.79,False
2016-08-08,33.7,27.5,33.074946,26.943441,35.9,0.625054,False
2016-08-09,32.5,27.2,33.045269,26.916022,35.8,-0.545269,False
2016-08-10,31.3,26.6,33.024946,26.896452,35.8,-1.724946,False
2016-08-11,30.0,25.9,33.021075,26.877204,35.71,-3.021075,False
2016-08-12,31.1,26.3,33.022903,26.865806,35.71,-1.922903,False
2016-08-13,32.4,26.4,33.028602,26.855161,35.71,-0.628602,False
2016-08-14,31.6,26.8,33.032366,26.837204,35.8,-1.432366,False
2016-08-15,33.8,27.4,33.029462,26.809462,35.71,0.770538,False
2016-08-16,35.1,27.9,33.032366,26.784301,35.7,2.067634,False
2016-08-17,31.9,26.5,33.036022,26.769892,35.7,-1.136022,False
2016-08-18,31.5,26.9,33.032151,26.737849,35.7,-1.532151,False
2016-08-19,34.3,27.9,33.022473,26.710538,35.7,1.277527,False
2016-08-20,32.8,26.6,32.999247,26.671183,35.7,-0.199247,False
2016-08-21,32.2,25.2,32.987849,26.625591,35.7,-0.787849,False
2016-08-22,32.8,26.0,32.979032,26.569247,35.7,-0.179032,False
2016-08-23,32.1,27.9,32.958925,26.515699,35.7,-0.858925,False
2016-08-24,29.9,26.8,32.946452,26.468817,35.7,-3.046452,False
2016-08-25,33.7,27.3,32.943441,26.433226,35.7,0.756559,False
2016-08-26,34.6,26.9,32.939355,26.393871,35.7,1.660645,False
2016-08-27,33.5,27.0,32.920968,26.352796,35.7,0.579032,False
2016-08-28,34.9,26.4,32.89957,26.310645,35.81,2.00043,False
2016-08-29,31.6,25.4,32.908602,26.269677,35.71,-1.308602,False
2016-08-30,32.4,25.9,32.921183,26.224624,35.71,-0.521183,False
2016-08-31,30.7,25.2,32.930215,26.18172,35.8,-2.230215,False
2016-09-01,31.8,25.8,32.939462,26.134301,35.71,-1.139462,False
2016-09-02,33.8,26.5,32.958817,26.085806,35.71,0.841183,False
2016-09-03,33.9,26.7,32.970753,26.032581,35.8,0.929247,False
2016-09-04,34.3,25.8,33.014301,25.983226,35.81,1.285699,False
2016-09-05,33.7,26.7,33.031613,25.933871,35.9,0.668387,False
2016-09-06,33.3,26.0,33.050968,25.87957,35.9,0.249032,False
2016-09-07,34.2,26.9,33.054301,25.81828,35.9,1.145699,False
2016-09-08,34.3,26.7,33.054839,25.739892,35.9,1.245161,False
2016-09-09,35.0,26.9,33.054086,25.647849,35.91,1.945914,False
2016-09-10,34.2,26.5,33.08129,25.548602,36.0,1.11871,False
2016-09-11,34.6,26.7,33.096344,25.454516,36.0,1.503656,False
2016-09-12,33.7,26.8,33.120323,25.361828,36.0,0.579677,False
2016-09-13,33.7,25.7,33.15129,25.263871,36.1,0.54871,False
2016-09-14,33.5,26.6,33.173118,25.165591,36.1,0.326882,False
2016-09-15,34.3,26.6,33.19828,25.055914,36.1,1.10172,False
2016-09-16,34.4,25.8,33.227634,24.945054,36.1,1.172366,False
2016-09-17,35.2,26.1,33.247312,24.820968,36.2,1.952688,False
2016-09-18,34.7,25.9,33.271613,24.709677,36.2,1.428387,False
2016-09-19,35.4,26.1,33.290645,24.597849,36.2,2.109355,False
2016-09-20,36.3,27.5,33.317957,24.483763,36.2,2.982043,False
2016-09-21,35.8,24.5,33.334946,24.367204,36.2,2.465054,False
2016-09-22,30.6,24.1,33.375591,24.251935,36.2,-2.775591,False
2016-09-23,33.7,25.2,33.427204,24.130108,36.2,0.272796,False
2016-09-24,33.8,25.2,33.478172,24.003763,36.2,0.321828,False
2016-09-25,33.1,25.7,33.50957,23.863011,36.2,-0.40957,False
2016-09-26,33.3,25.4,33.524086,23.709462,36.11,-0.224086,False
2016-09-27,34.4,25.8,33.541075,23.546344,36.1,0.858925,False
2016-09-28,34.8,25.7,33.566989,23.386559,36.1,1.233011,False
2016-09-29,34.5,26.2,33.567312,23.208817,36.1,0.932688,False
2016-09-30,34.4,27.0,33.553978,23.025054,36.1,0.846022,False
2016-10-01,35.0,27.5,33.530215,22.844731,36.1,1.469785,False
2016-10-02,35.1,28.1,33.522043,22.664194,36.1,1.577957,False
2016-10-03,34.0,26.7,33.495914,22.477097,36.01,0.504086,False
2016-10-04,33.7,25.2,33.457419,22.285591,36.0,0.242581,False
2016-10-05,31.1,25.6,33.419785,22.089247,36.0,-2.319785,False
2016-10-06,33.1,25.5,33.376129,21.882688,35.91,-0.276129,False
2016-10-07,34.2,24.6,33.332473,21.670753,35.9,0.867527,False
2016-10-08,35.5,23.6,33.29871,21.467527,35.9,2.20129,False
2016-10-09,35.5,24.2,33.253978,21.270215,35.8,2.246022,False
2016-10-10,33.9,22.2,33.205161,21.080215,35.8,0.694839,False
2016-10-11,34.2,20.8,33.133011,20.887634,35.7,1.066989,False
2016-10-12,34.5,20.1,33.048925,20.68957,35.6,1.451075,False
2016-10-13,34.7,19.2,32.943441,20.477312,35.5,1.756559,False
2016-10-14,34.8,19.1,32.825591,20.263763,35.4,1.974409,False
2016-10-15,34.0,18.6,32.718817,20.054731,35.3,1.281183,False
2016-10-16,34.0,19.9,32.607097,19.848387,35.21,1.392903,False
2016-10-17,34.1,18.1,32.490538,19.644409,35.2,1.609462,False
2016-10-18,33.9,18.0,32.378602,19.446774,35.1,1.521398,False
2016-10-19,34.2,19.0,32.260108,19.244731,35.0,1.939892,False
2016-10-20,34.6,20.4,32.153441,19.040108,34.9,2.446559,False
2016-10-21,34.4,20.0,32.037957,18.836774,34.71,2.362043,False
2016-10-22,34.5,19.4,31.913011,18.643763,34.6,2.586989,False
2016-10-23,33.3,19.5,31.764946,18.448602,34.5,1.535054,False
2016-10-24,33.4,19.4,31.596774,18.240323,34.3,1.803226,False
2016-10-25,33.4,18.2,31.433226,18.036882,34.2,1.966774,False
2016-10-26,33.3,16.8,31.273548,17.827097,34.01,2.026452,False
2016-10-27,32.4,17.4,31.125591,17.623763,33.9,1.274409,False
2016-10-28,31.4,17.4,30.964624,17.435806,33.8,0.435376,False
2016-10-29,32.0,17.1,30.79914,17.249462,33.7,1.20086,False
2016-10-30,31.1,17.8,30.636022,17.087849,33.4,0.463978,False
2016-10-31,30.7,15.9,30.477849,16.922796,33.3,0.222151,False
2016-11-01,30.0,15.4,30.326344,16.753011,33.1,-0.326344,False
2016-11-02,30.4,15.6,30.166989,16.573011,33.0,0.233011,False
2016-11-03,30.7,15.7,30.005914,16.390215,32.8,0.694086,False
2016-11-04,30.4,16.1,29.832043,16.202473,32.6,0.567957,False
2016-11-05,29.7,15.4,29.649355,16.002043,32.41,0.050645,False
2016-11-06,29.9,14.6,29.474624,15.797957,32.3,0.425376,False
2016-11-07,29.6,16.5,29.287742,15.600968,32.1,0.312258,False
2016-11-08,29.9,14.3,29.116022,15.407849,31.9,0.783978,False
2016-11-09,30.3,13.4,28.944194,15.229785,31.71,1.355806,False
2016-11-10,30.6,14.1,28.772796,15.055484,31.6,1.827204,False
2016-11-11,30.5,14.4,28.601075,14.883978,31.4,1.898925,False
2016-11-12,30.7,15.1,28.432796,14.698817,31.3,2.267204,False
2016-11-13,30.1,16.8,28.263441,14.513011,31.1,1.836559,False
2016-11-14,28.7,16.3,28.100968,14.340753,30.81,0.599032,False
2016-11-15,27.9,13.4,27.926237,14.156129,30.7,-0.026237,False
2016-11-16,27.5,13.9,27.741505,13.971075,30.5,-0.241505,False
2016-11-17,28.2,13.8,27.55914,13.788495,30.4,0.64086,False
2016-11-18,28.0,12.7,27.378387,13.601505,30.2,0.621613,False
2016-11-19,27.7,12.2,27.213226,13.41914,30.0,0.486774,False
2016-11-20,29.0,13.3,27.054731,13.263656,29.9,1.945269,False
2016-11-21,29.9,12.2,26.904301,13.116237,29.7,2.995699,False
2016-11-22,29.8,13.0,26.746667,12.957204,29.6,3.053333,False
2016-11-23,29.2,13.2,26.598495,12.79914,29.5,2.601505,False
2016-11-24,28.6,13.7,26.447204,12.653871,29.3,2.152796,False
2016-11-25,28.4,15.3,26.275914,12.500645,29.11,2.124086,False
2016-11-26,29.6,16.2,26.08957,12.347419,28.9,3.51043,False
2016-11-27,29.5,15.8,25.895376,12.205806,28.71,3.604624,False
2016-11-28,28.8,11.7,25.696989,12.049892,28.6,3.103011,False
2016-11-29,27.9,11.4,25.502796,11.873548,28.3,2.397204,False
2016-11-30,27.1,12.9,25.313871,11.684516,28.0,1.786129,False
2016-12-01,26.3,14.2,25.126667,11.501613,27.9,1.173333,False
2016-12-02,25.5,12.1,24.956882,11.329677,27.7,0.543118,False
2016-12-03,26.1,11.0,24.783441,11.166667,27.6,1.316559,False
2016-12-04,25.7,10.9,24.595806,11.019892,27.5,1.104194,False
2016-12-05,25.7,11.3,24.416129,10.892043,27.4,1.283871,False
2016-12-06,26.8,11.0,24.24129,10.771613,27.3,2.55871,False
2016-12-07,23.3,11.4,24.056882,10.651613,27.11,-0.756882,False
2016-12-08,23.9,10.7,23.884194,10.521398,27.0,0.015806,False
2016-12-09,25.6,10.7,23.69914,10.386237,26.9,1.90086,False
2016-12-10,24.6,12.5,23.514839,10.238602,26.8,1.085161,False
2016-12-11,25.8,13.2,23.330323,10.091613,26.7,2.469677,False
2016-12-12,25.5,12.2,23.153548,9.949785,26.6,2.346452,False
2016-12-13,25.0,12.4,22.976237,9.812473,26.41,2.023763,False
2016-12-14,23.8,11.1,22.809892,9.680108,26.3,0.990108,False
2016-12-15,23.8,8.6,22.617742,9.544516,26.1,1.182258,False
2016-12-16,23.5,8.2,22.41914,9.436559,26.0,1.08086,False
2016-12-17,23.3,8.8,22.242258,9.333333,25.9,1.057742,False
2016-12-18,22.9,8.6,22.063763,9.246667,25.7,0.836237,False
2016-12-19,23.3,9.2,21.883226,9.161828,25.6,1.416774,False
2016-12-20,24.7,12.2,21.690215,9.065376,25.5,3.009785,False
2016-12-21,25.3,9.6,21.507634,8.95,25.3,3.792366,False
2016-12-22,23.9,9.3,21.316667,8.843871,25.01,2.583333,False
2016-12-23,25.5,9.1,21.136989,8.731398,24.8,4.363011,False
2016-12-24,24.8,9.6,20.94914,8.625591,24.5,3.85086,False
2016-12-25,19.9,12.1,20.783118,8.52,24.3,-0.883118,False
2016-12-26,23.1,10.1,20.644086,8.426989,24.2,2.455914,False
2016-12-27,23.8,8.9,20.52,8.346129,24.0,3.28,False
2016-12-28,24.0,9.4,20.432796,8.264086,24.0,3.567204,False
2016-12-29,22.7,10.2,20.367957,8.206344,23.81,2.332043,False
2016-12-30,21.1,10.0,20.293441,8.156989,23.8,0.806559,False
2016-12-31,20.5,10.1,20.207957,8.123871,23.7,0.292043,False
2017-01-01,22.4,11.2,20.113978,8.102043,23.6,2.286022,False
2017-01-02,22.2,11.6,20.013656,8.08,23.5,2.186344,False
2017-01-03,23.2,11.3,19.920215,8.042258,23.3,3.279785,False
2017-01-04,23.5,10.9,19.839247,7.991075,23.3,3.660753,False
2017-01-05,24.5,11.5,19.76871,7.935484,23.21,4.73129,False
2017-01-06,22.9,12.8,19.700215,7.901398,23.2,3.199785,False
2017-01-07,17.7,10.8,19.647204,7.885484,23.1,-1.947204,False
2017-01-08,19.4,10.3,19.626129,7.885699,23.1,-0.226129,False
2017-01-09,19.9,7.1,19.628602,7.903656,23.1,0.271398,False
2017-01-10,17.7,4.7,19.640753,7.934839,23.1,-1.940753,False
2017-01-11,17.5,4.6,19.672151,7.975376,23.2,-2.172151,False
2017-01-12,18.3,4.3,19.701075,8.02172,23.2,-1.401075,False
2017-01-13,19.4,5.0,19.731935,8.082903,23.2,-0.331935,False
2017-01-14,19.0,4.8,19.776129,8.150968,23.2,-0.776129,False
2017-01-15,22.5,8.8,19.845699,8.21957,23.3,2.654301,False
2017-01-16,19.7,7.4,19.929247,8.268495,23.4,-0.229247,False
2017-01-17,15.5,6.0,20.004839,8.303548,23.41,-4.504839,False
2017-01-18,18.9,5.5,20.085161,8.34,23.6,-1.185161,False
2017-01-19,21.1,7.2,20.188817,8.387957,23.71,0.911183,False
2017-01-20,20.2,7.7,20.301935,8.455269,24.0,-0.101935,False
2017-01-21,19.0,8.2,20.395699,8.528817,24.01,-1.395699,False
2017-01-22,22.9,10.5,20.513763,8.604301,24.2,2.386237,False
2017-01-23,24.2,10.8,20.638817,8.695591,24.3,3.561183,False
2017-01-24,25.6,10.9,20.744731,8.773763,24.4,4.855269,False
2017-01-25,25.7,14.4,20.850108,8.850215,24.4,4.849892,False
2017-01-26,17.4,14.4,20.94129,8.924946,24.51,-3.54129,False
2017-01-27,18.1,11.3,21.042258,9.012796,24.8,-2.942258,False
2017-01-28,19.8,11.1,21.163333,9.118602,25.1,-1.363333,False
2017-01-29,21.1,11.8,21.28914,9.230215,25.31,-0.18914,False
2017-01-30,22.1,11.0,21.417419,9.361398,25.6,0.682581,False
2017-01-31,22.8,10.7,21.532581,9.468065,25.7,1.267419,False
2017-02-01,22.3,9.5,21.68129,9.57172,25.81,0.61871,False
2017-02-02,22.6,10.1,21.839677,9.688172,26.1,0.760323,False
2017-02-03,23.3,10.3,22.015914,9.823226,26.2,1.284086,False
2017-02-04,22.4,13.0,22.197097,9.957742,26.4,0.202903,False
2017-02-05,23.3,14.0,22.380645,10.105914,26.6,0.919355,False
2017-02-06,23.2,10.3,22.569247,10.23871,26.8,0.630753,False
2017-02-07,21.2,10.2,22.757419,10.381398,26.9,-1.557419,False
2017-02-08,23.0,10.2,22.914624,10.534624,27.0,0.085376,False
2017-02-09,22.0,10.5,23.071183,10.685591,27.2,-1.071183,False
2017-02-10,22.5,8.8,23.216022,10.826989,27.3,-0.716022,False
2017-02-11,23.3,9.3,23.344086,10.952366,27.5,-0.044086,False
2017-02-12,23.2,10.0,23.488495,11.070323,27.51,-0.288495,False
2017-02-13,24.0,11.2,23.637419,11.19172,27.6,0.362581,False
2017-02-14,25.0,10.6,23.786237,11.327957,27.9,1.213763,False
2017-02-15,25.6,10.9,23.932796,11.464516,28.1,1.667204,False
2017-02-16,27.0,14.1,24.102473,11.602903,28.3,2.897527,False
2017-02-17,27.2,14.4,24.276559,11.771828,28.6,2.923441,False
2017-02-18,30.0,14.6,24.457634,11.92172,28.8,5.542366,False
2017-02-19,29.3,15.2,24.618925,12.064194,29.01,4.681075,False
2017-02-20,30.7,17.0,24.792473,12.213871,29.3,5.907527,False
2017-02-21,25.9,13.2,24.967849,12.359462,29.5,0.932151,False
2017-02-22,27.1,12.0,25.141075,12.495484,29.6,1.958925,False
2017-02-23,25.7,11.9,25.301183,12.639785,29.8,0.398817,False
2017-02-24,25.7,12.3,25.500323,12.808495,30.1,0.199677,False
2017-02-25,28.1,12.5,25.704086,12.986237,30.2,2.395914,False
2017-02-26,27.3,11.6,25.889892,13.162581,30.4,1.410108,False
2017-02-27,29.0,12.6,26.056989,13.315054,30.5,2.943011,False
2017-02-28,29.6,15.0,26.215269,13.456667,30.7,3.384731,False
2017-03-01,30.8,16.5,26.392903,13.600753,30.91,4.407097,False
2017-03-02,27.7,14.8,26.615591,13.739892,31.21,1.084409,False
2017-03-03,27.3,11.9,26.866774,13.910968,31.5,0.433226,False
2017-03-04,26.3,12.0,27.111935,14.093548,31.7,-0.811935,False
2017-03-05,27.9,12.1,27.347634,14.273978,31.9,0.552366,False
2017-03-06,28.2,12.9,27.550108,14.450108,32.1,0.649892,False
2017-03-07,28.8,13.6,27.747204,14.62957,32.21,1.052796,False
2017-03-08,25.3,15.2,27.955161,14.802581,32.4,-2.655161,False
2017-03-09,26.4,15.2,28.17914,14.985161,32.6,-1.77914,False
2017-03-10,22.4,12.5,28.386022,15.153978,33.0,-5.986022,False
2017-03-11,21.7,10.8,28.598602,15.318602,33.1,-6.898602,False
2017-03-12,22.9,10.5,28.81172,15.478065,33.4,-5.91172,False
2017-03-13,24.1,10.7,29.067312,15.654624,33.8,-4.967312,False
2017-03-14,25.9,11.9,29.307527,15.84957,34.01,-3.407527,False
2017-03-15,28.6,12.9,29.52957,16.037097,34.3,-0.92957,False
2017-03-16,28.5,15.0,29.772258,16.21871,34.6,-1.272258,False
2017-03-17,27.7,14.4,30.010753,16.402688,34.81,-2.310753,False
2017-03-18,28.9,14.7,30.266237,16.581075,35.1,-1.366237,False
2017-03-19,29.2,15.9,30.497849,16.763011,35.4,-1.297849,False
2017-03-20,30.5,15.6,30.728925,16.935699,35.61,-0.228925,False
2017-03-21,33.1,17.0,30.960968,17.13043,36.1,2.139032,False
2017-03-22,34.4,18.4,31.21172,17.335269,36.4,3.18828,False
2017-03-23,35.9,19.5,31.433548,17.519785,36.6,4.466452,False
2017-03-24,34.6,18.9,31.657957,17.698925,36.7,2.942043,False
2017-03-25,34.1,19.2,31.866344,17.877419,36.81,2.233656,False
2017-03-26,35.0,20.9,32.11172,18.064839,37.01,2.88828,False
2017-03-27,36.9,22.3,32.360968,18.241505,37.3,4.539032,False
2017-03-28,37.6,23.0,32.592151,18.426559,37.6,5.007849,False
2017-03-29,38.0,24.2,32.847742,18.622366,37.7,5.152258,False
2017-03-30,38.4,23.0,33.134301,18.840968,37.91,5.265699,False
2017-03-31,38.6,23.1,33.40914,19.058817,38.1,5.19086,False
2017-04-01,39.2,23.7,33.646237,19.25957,38.2,5.553763,False
2017-04-02,38.0,21.5,33.823333,19.452258,38.4,4.176667,False
2017-04-03,38.8,22.7,34.005269,19.627527,38.51,4.794731,False
2017-04-04,36.8,24.0,34.201183,19.799892,38.7,2.598817,False
2017-04-05,33.4,24.0,34.410645,19.960108,39.01,-1.010645,False
2017-04-06,38.3,22.6,34.627312,20.146559,39.3,3.672688,False
2017-04-07,35.1,18.2,34.843333,20.327742,39.5,0.256667,False
2017-04-08,34.2,19.1,35.047097,20.51172,39.6,-0.847097,False
2017-04-09,33.1,19.1,35.258387,20.70086,39.8,-2.158387,False
2017-04-10,34.5,19.7,35.487204,20.889247,40.0,-0.987204,False
2017-04-11,37.6,21.2,35.696452,21.077527,40.2,1.903548,False
2017-04-12,39.4,20.9,35.915054,21.266882,40.3,3.484946,False
2017-04-13,39.4,22.6,36.107849,21.458925,40.5,3.292151,False
2017-04-14,40.2,22.9,36.321828,21.64,40.7,3.878172,False
2017-04-15,41.0,23.3,36.543118,21.843011,40.8,4.456882,False
2017-04-16,39.9,25.1,36.727849,22.044839,40.9,3.172151,False
2017-04-17,40.7,25.9,36.904301,22.220753,41.0,3.795699,False
2017-04-18,42.3,26.6,37.038602,22.390215,41.01,5.261398,False
2017-04-19,42.5,26.7,37.186022,22.557419,41.11,5.313978,False
2017-04-20,42.9,27.4,37.332581,22.731505,41.2,5.567419,False
2017-04-21,41.8,28.6,37.472796,22.898172,41.4,4.327204,False
2017-04-22,40.1,26.3,37.592258,23.059892,41.6,2.507742,False
2017-04-23,40.1,26.3,37.742151,23.222366,41.7,2.357849,False
2017-04-24,38.5,25.5,37.890538,23.411935,41.7,0.609462,False
2017-04-25,38.2,24.5,38.042796,23.587634,41.8,0.157204,False
2017-04-26,38.2,24.4,38.16,23.744624,41.8,0.04,False
2017-04-27,37.8,25.0,38.258172,23.895806,41.8,-0.458172,False
2017-04-28,39.3,25.2,38.365806,24.036344,41.81,0.934194,False
2017-04-29,37.8,25.0,38.477097,24.177204,41.9,-0.677097,False
2017-04-30,38.1,24.1,38.595161,24.324086,42.1,-0.495161,False
2017-05-01,37.3,23.3,38.696129,24.467097,42.3,-1.396129,False
2017-05-02,39.3,25.0,38.802366,24.604946,42.3,0.497634,False
2017-05-03,38.8,26.0,38.939892,24.745376,42.4,-0.139892,False
2017-05-04,38.8,24.6,39.05172,24.889247,42.4,-0.25172,False
2017-05-05,40.4,25.4,39.123978,25.023763,42.41,1.276022,False
2017-05-06,41.8,26.0,39.19172,25.16,42.5,2.60828,False
2017-05-07,43.3,26.3,39.26957,25.267312,42.6,4.03043,False
2017-05-08,41.8,26.7,39.349785,25.394086,42.61,2.450215,False
2017-05-09,41.2,27.1,39.433978,25.518817,42.8,1.766022,False
2017-05-10,38.6,27.8,39.504946,25.631935,42.9,-0.904946,False
2017-05-11,40.5,28.4,39.559892,25.759247,43.0,0.940108,False
2017-05-12,40.7,27.3,39.638495,25.865591,43.01,1.061505,False
2017-05-13,41.6,28.9,39.686559,25.949785,43.11,1.913441,False
2017-05-14,43.8,27.7,39.714946,26.011935,43.2,4.085054,False
2017-05-15,43.6,28.5,39.722473,26.072796,43.2,3.877527,False
2017-05-16,42.2,27.8,39.729355,26.137419,43.3,2.470645,False
2017-05-17,38.2,26.5,39.742473,26.207419,43.3,-1.542473,False
2017-05-18,39.7,28.3,39.762473,26.282688,43.4,-0.062473,False
2017-05-19,40.1,27.8,39.808495,26.391613,43.4,0.291505,False
2017-05-20,39.4,28.5,39.852366,26.502688,43.41,-0.452366,False
2017-05-21,39.4,24.9,39.893656,26.604516,43.6,-0.493656,False
2017-05-22,37.0,25.4,39.927312,26.69086,43.6,-2.927312,False
2017-05-23,39.0,26.8,39.937312,26.777527,43.6,-0.937312,False
2017-05-24,40.2,28.4,39.934194,26.875484,43.7,0.265806,False
2017-05-25,42.2,29.7,39.936129,26.94828,43.8,2.263871,False
2017-05-26,43.0,29.1,39.953548,27.027419,43.8,3.046452,False
2017-05-27,39.6,29.0,39.963656,27.119677,43.8,-0.363656,False
2017-05-28,37.8,26.1,39.965806,27.218387,43.81,-2.165806,False
2017-05-29,34.1,24.3,39.959677,27.30828,43.9,-5.859677,False
2017-05-30,36.7,26.6,39.938817,27.384516,43.9,-3.238817,False
2017-05-31,34.8,24.7,39.895699,27.449785,43.9,-5.095699,False
2017-06-01,37.1,25.6,39.821505,27.505269,43.81,-2.721505,False
2017-06-02,40.6,27.2,39.747527,27.560753,43.8,0.852473,False
2017-06-03,43.1,30.6,39.665699,27.596989,43.7,3.434301,False
2017-06-04,44.9,32.8,39.595484,27.631398,43.7,5.304516,False
2017-06-05,43.6,34.6,39.528065,27.671935,43.71,4.071935,False
2017-06-06,42.3,27.6,39.462796,27.726452,43.7,2.837204,False
2017-06-07,35.0,26.9,39.398387,27.791505,43.7,-4.398387,False
2017-06-08,34.1,27.0,39.325376,27.845914,43.6,-5.225376,False
2017-06-09,36.4,27.5,39.212366,27.882688,43.6,-2.812366,False
2017-06-10,39.3,26.9,39.084409,27.921613,43.5,0.215591,False
2017-06-11,37.9,26.7,38.95172,27.947312,43.4,-1.05172,False
2017-06-12,40.1,28.5,38.818817,27.971828,43.4,1.281183,False
2017-06-13,41.2,28.6,38.688817,28.013548,43.3,2.511183,False
2017-06-14,41.8,27.5,38.574301,28.057312,43.2,3.225699,False
2017-06-15,38.8,24.9,38.468172,28.107204,43.2,0.331828,False
2017-06-16,34.9,24.1,38.37043,28.141398,43.1,-3.47043,False
2017-06-17,34.3,25.3,38.273011,28.182151,42.9,-3.973011,False
2017-06-18,36.3,26.3,38.15914,28.217312,42.8,-1.85914,False
2017-06-19,35.7,25.0,38.037312,28.217312,42.7,-2.337312,False
2017-06-20,32.9,24.6,37.90086,28.22043,42.5,-5.00086,False
2017-06-21,33.8,26.0,37.765484,28.216452,42.4,-3.965484,False
2017-06-22,33.9,26.4,37.627312,28.216129,42.3,-3.727312,False
2017-06-23,36.2,28.6,37.506237,28.220323,42.1,-1.306237,False
2017-06-24,37.4,30.3,37.381935,28.210753,41.9,0.018065,False
2017-06-25,39.2,30.7,37.243226,28.19,41.7,1.956774,False
2017-06-26,38.0,29.4,37.061505,28.167312,41.4,0.938495,False
2017-06-27,37.6,27.9,36.873118,28.126129,41.3,0.726882,False
2017-06-28,32.7,26.0,36.722151,28.084409,41.2,-4.022151,False
2017-06-29,29.7,26.1,36.567097,28.056344,41.11,-6.867097,False
2017-06-30,32.1,27.0,36.409892,28.029892,41.0,-4.309892,False
2017-07-01,35.3,27.1,36.246022,27.995376,40.9,-0.946022,False
2017-07-02,31.0,27.0,36.103871,27.971613,40.8,-5.103871,False
2017-07-03,34.2,27.7,35.963656,27.940968,40.7,-1.763656,False
2017-07-04,36.3,29.2,35.849247,27.928065,40.6,0.450753,False
2017-07-05,36.2,28.3,35.702903,27.904194,40.4,0.497097,False
2017-07-06,34.3,26.6,35.553118,27.876129,40.3,-1.253118,False
2017-07-07,34.6,27.6,35.40086,27.838172,40.01,-0.80086,False
2017-07-08,36.9,29.0,35.262366,27.795914,39.8,1.637634,False
2017-07-09,36.9,30.1,35.133333,27.757634,39.7,1.766667,False
2017-07-10,36.6,27.7,35.022151,27.725054,39.6,1.577849,False
2017-07-11,34.5,26.2,34.914839,27.690323,39.4,-0.414839,False
2017-07-12,29.7,26.3,34.814409,27.65129,39.2,-5.114409,False
2017-07-13,33.8,28.0,34.707312,27.621075,39.0,-0.907312,False
2017-07-14,34.6,28.3,34.605269,27.590645,38.91,-0.005269,False
2017-07-15,33.3,27.4,34.503656,27.572473,38.81,-1.203656,False
2017-07-16,34.8,28.7,34.397204,27.54,38.7,0.402796,False
2017-07-17,32.2,28.0,34.276989,27.5,38.41,-2.076989,False
2017-07-18,35.6,28.5,34.165591,27.452796,38.2,1.434409,False
2017-07-19,36.5,27.6,34.062366,27.405806,38.01,2.437634,False
2017-07-20,33.8,26.6,33.969892,27.375484,37.8,-0.169892,False
2017-07-21,34.2,27.9,33.886344,27.341935,37.51,0.313656,False
2017-07-22,33.6,27.1,33.789892,27.320645,37.1,-0.189892,False
2017-07-23,33.3,26.8,33.709785,27.301075,36.91,-0.409785,False
2017-07-24,31.7,26.8,33.633011,27.266559,36.81,-1.933011,False
2017-07-25,32.2,27.3,33.552151,27.23129,36.7,-1.352151,False
2017-07-26,33.2,27.9,33.476667,27.207634,36.41,-0.276667,False
2017-07-27,33.1,28.3,33.442581,27.191398,36.4,-0.342581,False
2017-07-28,33.2,27.1,33.424301,27.185161,36.4,-0.224301,False
2017-07-29,34.2,27.1,33.374409,27.173226,36.3,0.825591,False
2017-07-30,33.2,27.3,33.33129,27.155914,36.3,-0.13129,False
2017-07-31,30.2,26.7,33.288495,27.125054,36.2,-3.088495,False
2017-08-01,29.9,27.0,33.246559,27.100968,36.2,-3.346559,False
2017-08-02,31.3,26.8,33.223763,27.073656,36.2,-1.923763,False
2017-08-03,33.3,27.3,33.216559,27.054301,36.1,0.083441,False
2017-08-04,33.4,28.0,33.148065,27.028925,36.1,0.251935,False
2017-08-05,34.4,28.7,33.137312,27.012258,36.0,1.262688,False
2017-08-06,33.4,28.5,33.130108,26.993763,36.0,0.269892,False
2017-08-07,32.2,27.7,33.11,26.966774,35.9,-0.91,False
2017-08-08,34.1,27.8,33.074946,26.943441,35.9,1.025054,False
2017-08-09,30.9,26.9,33.045269,26.916022,35.8,-2.145269,False
2017-08-10,33.7,27.6,33.024946,26.896452,35.8,0.675054,False
2017-08-11,34.6,28.5,33.021075,26.877204,35.71,1.578925,False
2017-08-12,33.3,27.3,33.022903,26.865806,35.71,0.277097,False
2017-08-13,34.0,27.0,33.028602,26.855161,35.71,0.971398,False
2017-08-14,34.1,28.1,33.032366,26.837204,35.8,1.067634,False
2017-08-15,34.9,27.8,33.029462,26.809462,35.71,1.870538,False
2017-08-16,35.7,29.0,33.032366,26.784301,35.7,2.667634,False
2017-08-17,36.6,28.8,33.036022,26.769892,35.7,3.563978,False
2017-08-18,36.4,28.4,33.032151,26.737849,35.7,3.367849,False
2017-08-19,29.9,27.0,33.022473,26.710538,35.7,-3.122473,False
2017-08-20,34.4,27.9,32.999247,26.671183,35.7,1.400753,False
2017-08-21,33.4,27.9,32.987849,26.625591,35.7,0.412151,False
2017-08-22,32.2,27.0,32.979032,26.569247,35.7,-0.779032,False
2017-08-23,30.5,26.0,32.958925,26.515699,35.7,-2.458925,False
2017-08-24,32.6,27.0,32.946452,26.468817,35.7,-0.346452,False
2017-08-25,32.0,26.2,32.943441,26.433226,35.7,-0.943441,False
2017-08-26,31.4,25.9,32.939355,26.393871,35.7,-1.539355,False
2017-08-27,34.0,26.5,32.920968,26.352796,35.7,1.079032,False
2017-08-28,30.6,26.0,32.89957,26.310645,35.81,-2.29957,False
2017-08-29,32.6,27.3,32.908602,26.269677,35.71,-0.308602,False
2017-08-30,33.6,26.5,32.921183,26.224624,35.71,0.678817,False
2017-08-31,30.5,25.3,32.930215,26.18172,35.8,-2.430215,False
2017-09-01,30.5,26.0,32.939462,26.134301,35.71,-2.439462,False
2017-09-02,29.1,24.9,32.958817,26.085806,35.71,-3.858817,False
2017-09-03,33.7,25.9,32.970753,26.032581,35.8,0.729247,False
2017-09-04,34.9,26.2,33.014301,25.983226,35.81,1.885699,False
2017-09-05,34.1,26.8,33.031613,25.933871,35.9,1.068387,False
2017-09-06,33.7,25.1,33.050968,25.87957,35.9,0.649032,False
2017-09-07,32.5,24.6,33.054301,25.81828,35.9,-0.554301,False
2017-09-08,34.4,26.0,33.054839,25.739892,35.9,1.345161,False
2017-09-09,34.7,26.5,33.054086,25.647849,35.91,1.645914,False
2017-09-10,36.6,27.8,33.08129,25.548602,36.0,3.51871,False
2017-09-11,35.5,25.7,33.096344,25.454516,36.0,2.403656,False
2017-09-12,34.6,26.6,33.120323,25.361828,36.0,1.479677,False
2017-09-13,35.5,27.6,33.15129,25.263871,36.1,2.34871,False
2017-09-14,34.8,27.2,33.173118,25.165591,36.1,1.626882,False
2017-09-15,35.2,27.0,33.19828,25.055914,36.1,2.00172,False
2017-09-16,33.0,25.8,33.227634,24.945054,36.1,-0.227634,False
2017-09-17,32.6,25.1,33.247312,24.820968,36.2,-0.647312,False
2017-09-18,35.8,26.1,33.271613,24.709677,36.2,2.528387,False
2017-09-19,34.8,25.9,33.290645,24.597849,36.2,1.509355,False
2017-09-20,35.5,25.6,33.317957,24.483763,36.2,2.182043,False
2017-09-21,33.0,25.9,33.334946,24.367204,36.2,-0.334946,False
2017-09-22,26.5,23.5,33.375591,24.251935,36.2,-6.875591,False
2017-09-23,25.3,21.2,33.427204,24.130108,36.2,-8.127204,False
2017-09-24,31.2,22.1,33.478172,24.003763,36.2,-2.278172,False
2017-09-25,34.2,24.8,33.50957,23.863011,36.2,0.69043,False
2017-09-26,34.2,24.0,33.524086,23.709462,36.11,0.675914,False
2017-09-27,35.1,23.8,33.541075,23.546344,36.1,1.558925,False
2017-09-28,35.1,23.6,33.566989,23.386559,36.1,1.533011,False
2017-09-29,34.9,24.1,33.567312,23.208817,36.1,1.332688,False
2017-09-30,35.1,20.9,33.553978,23.025054,36.1,1.546022,False
2017-10-01,35.3,21.4,33.530215,22.844731,36.1,1.769785,False
2017-10-02,35.3,21.1,33.522043,22.664194,36.1,1.777957,False
2017-10-03,34.2,22.0,33.495914,22.477097,36.01,0.704086,False
2017-10-04,34.2,23.4,33.457419,22.285591,36.0,0.742581,False
2017-10-05,34.5,23.1,33.419785,22.089247,36.0,1.080215,False
2017-10-06,34.5,20.4,33.376129,21.882688,35.91,1.123871,False
2017-10-07,34.0,20.6,33.332473,21.670753,35.9,0.667527,False
2017-10-08,34.2,21.3,33.29871,21.467527,35.9,0.90129,False
2017-10-09,34.1,22.0,33.253978,21.270215,35.8,0.846022,False
2017-10-10,34.0,22.2,33.205161,21.080215,35.8,0.794839,False
2017-10-11,33.3,22.1,33.133011,20.887634,35.7,0.166989,False
2017-10-12,33.8,21.5,33.048925,20.68957,35.6,0.751075,False
2017-10-13,34.0,19.8,32.943441,20.477312,35.5,1.056559,False
2017-10-14,35.3,19.2,32.825591,20.263763,35.4,2.474409,False
2017-10-15,35.1,18.3,32.718817,20.054731,35.3,2.381183,False
2017-10-16,34.6,18.3,32.607097,19.848387,35.21,1.992903,False
2017-10-17,33.9,19.6,32.490538,19.644409,35.2,1.409462,False
2017-10-18,33.8,19.0,32.378602,19.446774,35.1,1.421398,False
2017-10-19,34.3,20.2,32.260108,19.244731,35.0,2.039892,False
2017-10-20,34.5,19.4,32.153441,19.040108,34.9,2.346559,False
2017-10-21,34.5,18.3,32.037957,18.836774,34.71,2.462043,False
2017-10-22,34.9,19.6,31.913011,18.643763,34.6,2.986989,False
2017-10-23,34.1,18.3,31.764946,18.448602,34.5,2.335054,False
2017-10-24,33.0,16.9,31.596774,18.240323,34.3,1.403226,False
2017-10-25,32.1,17.3,31.433226,18.036882,34.2,0.666774,False
2017-10-26,32.4,17.0,31.273548,17.827097,34.01,1.126452,False
2017-10-27,31.6,18.6,31.125591,17.623763,33.9,0.474409,False
2017-10-28,32.5,18.4,30.964624,17.435806,33.8,1.535376,False
2017-10-29,31.2,17.9,30.79914,17.249462,33.7,0.40086,False
2017-10-30,30.2,17.1,30.636022,17.087849,33.4,-0.436022,False
2017-10-31,30.5,17.9,30.477849,16.922796,33.3,0.022151,False
2017-11-01,30.5,18.7,30.326344,16.753011,33.1,0.173656,False
2017-11-02,30.4,18.1,30.166989,16.573011,33.0,0.233011,False
2017-11-03,29.5,17.8,30.005914,16.390215,32.8,-0.505914,False
2017-11-04,29.3,18.2,29.832043,16.202473,32.6,-0.532043,False
2017-11-05,29.6,17.1,29.649355,16.002043,32.41,-0.049355,False
2017-11-06,29.8,16.3,29.474624,15.797957,32.3,0.325376,False
2017-11-07,29.3,16.3,29.287742,15.600968,32.1,0.012258,False
2017-11-08,28.5,16.3,29.116022,15.407849,31.9,-0.616022,False
2017-11-09,29.0,15.2,28.944194,15.229785,31.71,0.055806,False
2017-11-10,29.6,15.4,28.772796,15.055484,31.6,0.827204,False
2017-11-11,28.7,14.4,28.601075,14.883978,31.4,0.098925,False
2017-11-12,27.9,14.3,28.432796,14.698817,31.3,-0.532796,False
2017-11-13,27.9,15.4,28.263441,14.513011,31.1,-0.363441,False
2017-11-14,27.6,15.8,28.100968,14.340753,30.81,-0.500968,False
2017-11-15,27.0,16.0,27.926237,14.156129,30.7,-0.926237,False
2017-11-16,25.9,15.9,27.741505,13.971075,30.5,-1.841505,False
2017-11-17,25.6,16.1,27.55914,13.788495,30.4,-1.95914,False
2017-11-18,25.9,16.1,27.378387,13.601505,30.2,-1.478387,False
2017-11-19,25.2,12.3,27.213226,13.41914,30.0,-2.013226,False
2017-11-20,23.9,10.3,27.054731,13.263656,29.9,-3.154731,False
2017-11-21,24.1,11.2,26.904301,13.116237,29.7,-2.804301,False
2017-11-22,25.1,11.0,26.746667,12.957204,29.6,-1.646667,False
2017-11-23,25.6,10.4,26.598495,12.79914,29.5,-0.998495,False
2017-11-24,26.0,10.7,26.447204,12.653871,29.3,-0.447204,False
2017-11-25,26.5,9.4,26.275914,12.500645,29.11,0.224086,False
2017-11-26,26.5,9.9,26.08957,12.347419,28.9,0.41043,False
2017-11-27,26.3,10.7,25.895376,12.205806,28.71,0.404624,False
2017-11-28,26.9,10.2,25.696989,12.049892,28.6,1.203011,False
2017-11-29,27.8,11.1,25.502796,11.873548,28.3,2.297204,False
2017-11-30,26.3,10.1,25.313871,11.684516,28.0,0.986129,False
2017-12-01,25.6,9.8,25.126667,11.501613,27.9,0.473333,False
2017-12-02,25.1,10.3,24.956882,11.329677,27.7,0.143118,False
2017-12-03,24.1,9.6,24.783441,11.166667,27.6,-0.683441,False
2017-12-04,23.2,9.9,24.595806,11.019892,27.5,-1.395806,False
2017-12-05,22.2,14.6,24.416129,10.892043,27.4,-2.216129,False
2017-12-06,22.7,14.4,24.24129,10.771613,27.3,-1.54129,False
2017-12-07,23.4,11.6,24.056882,10.651613,27.11,-0.656882,False
2017-12-08,24.4,10.8,23.884194,10.521398,27.0,0.515806,False
2017-12-09,26.0,10.9,23.69914,10.386237,26.9,2.30086,False
2017-12-10,26.5,10.5,23.514839,10.238602,26.8,2.985161,False
2017-12-11,23.5,11.3,23.330323,10.091613,26.7,0.169677,False
2017-12-12,21.1,12.5,23.153548,9.949785,26.6,-2.053548,False
2017-12-13,18.7,10.9,22.976237,9.812473,26.41,-4.276237,False
2017-12-14,18.8,8.7,22.809892,9.680108,26.3,-4.009892,False
2017-12-15,18.6,8.5,22.617742,9.544516,26.1,-4.017742,False
2017-12-16,19.3,8.1,22.41914,9.436559,26.0,-3.11914,False
2017-12-17,22.0,8.9,22.242258,9.333333,25.9,-0.242258,False
2017-12-18,24.9,10.1,22.063763,9.246667,25.7,2.836237,False
2017-12-19,24.0,10.6,21.883226,9.161828,25.6,2.116774,False
2017-12-20,21.9,10.9,21.690215,9.065376,25.5,0.209785,False
2017-12-21,24.3,11.2,21.507634,8.95,25.3,2.792366,False
2017-12-22,24.0,10.8,21.316667,8.843871,25.01,2.683333,False
2017-12-23,23.4,8.1,21.136989,8.731398,24.8,2.263011,False
2017-12-24,23.7,8.4,20.94914,8.625591,24.5,2.75086,False
2017-12-25,22.5,9.5,20.783118,8.52,24.3,1.716882,False
2017-12-26,23.2,9.1,20.644086,8.426989,24.2,2.555914,False
2017-12-27,24.1,8.3,20.52,8.346129,24.0,3.58,False
2017-12-28,24.4,8.6,20.432796,8.264086,24.0,3.967204,False
2017-12-29,23.5,7.8,20.367957,8.206344,23.81,3.132043,False
2017-12-30,22.5,8.0,20.293441,8.156989,23.8,2.206559,False
2017-12-31,21.7,6.9,20.207957,8.123871,23.7,1.492043,False
2018-01-01,18.7,7.1,20.113978,8.102043,23.6,-1.413978,False
2018-01-02,18.0,8.1,20.013656,8.08,23.5,-2.013656,False
2018-01-03,17.5,5.4,19.920215,8.042258,23.3,-2.420215,False
2018-01-04,19.2,5.9,19.839247,7.991075,23.3,-0.639247,False
2018-01-05,18.7,6.2,19.76871,7.935484,23.21,-1.06871,False
2018-01-06,19.7,5.7,19.700215,7.901398,23.2,-0.000215,False
2018-01-07,20.0,7.1,19.647204,7.885484,23.1,0.352796,False
2018-01-08,20.4,5.3,19.626129,7.885699,23.1,0.773871,False
2018-01-09,20.5,5.1,19.628602,7.903656,23.1,0.871398,False
2018-01-10,22.6,7.1,19.640753,7.934839,23.1,2.959247,False
2018-01-11,22.4,9.2,19.672151,7.975376,23.2,2.727849,False
2018-01-12,22.9,8.4,19.701075,8.02172,23.2,3.198925,False
2018-01-13,22.2,7.1,19.731935,8.082903,23.2,2.468065,False
2018-01-14,23.2,7.1,19.776129,8.150968,23.2,3.423871,False
2018-01-15,22.0,7.7,19.845699,8.21957,23.3,2.154301,False
2018-01-16,23.9,6.8,19.929247,8.268495,23.4,3.970753,False
2018-01-17,22.5,7.2,20.004839,8.303548,23.41,2.495161,False
2018-01-18,25.4,9.0,20.085161,8.34,23.6,5.314839,False
2018-01-19,23.9,9.7,20.188817,8.387957,23.71,3.711183,False
2018-01-20,22.3,7.5,20.301935,8.455269,24.0,1.998065,False
2018-01-21,22.9,6.8,20.395699,8.528817,24.01,2.504301,False
2018-01-22,23.1,8.2,20.513763,8.604301,24.2,2.586237,False
2018-01-23,16.6,8.6,20.638817,8.695591,24.3,-4.038817,False
2018-01-24,18.1,8.6,20.744731,8.773763,24.4,-2.644731,False
2018-01-25,18.8,8.1,20.850108,8.850215,24.4,-2.050108,False
2018-01-26,18.9,7.6,20.94129,8.924946,24.51,-2.04129,False
2018-01-27,19.1,7.3,21.042258,9.012796,24.8,-1.942258,False
2018-01-28,20.1,7.2,21.163333,9.118602,25.1,-1.063333,False
2018-01-29,22.6,7.8,21.28914,9.230215,25.31,1.31086,False
2018-01-30,25.3,10.8,21.417419,9.361398,25.6,3.882581,False
2018-01-31,24.8,12.5,21.532581,9.468065,25.7,3.267419,False
2018-02-01,26.5,12.0,21.68129,9.57172,25.81,4.81871,False
2018-02-02,25.6,12.3,21.839677,9.688172,26.1,3.760323,False
2018-02-03,24.0,9.4,22.015914,9.823226,26.2,1.984086,False
2018-02-04,23.1,9.1,22.197097,9.957742,26.4,0.902903,False
2018-02-05,21.4,8.6,22.380645,10.105914,26.6,-0.980645,False
2018-02-06,21.4,8.6,22.569247,10.23871,26.8,-1.169247,False
2018-02-07,23.0,6.5,22.757419,10.381398,26.9,0.242581,False
2018-02-08,22.8,6.7,22.914624,10.534624,27.0,-0.114624,False
2018-02-09,23.9,8.6,23.071183,10.685591,27.2,0.828817,False
2018-02-10,25.0,8.6,23.216022,10.826989,27.3,1.783978,False
2018-02-11,22.0,11.5,23.344086,10.952366,27.5,-1.344086,False
2018-02-12,19.8,11.1,23.488495,11.070323,27.51,-3.688495,False
2018-02-13,22.8,10.7,23.637419,11.19172,27.6,-0.837419,False
2018-02-14,22.7,11.3,23.786237,11.327957,27.9,-1.086237,False
2018-02-15,23.5,12.4,23.932796,11.464516,28.1,-0.432796,False
2018-02-16,24.7,12.6,24.102473,11.602903,28.3,0.597527,False
2018-02-17,25.9,12.0,24.276559,11.771828,28.6,1.623441,False
2018-02-18,25.3,11.9,24.457634,11.92172,28.8,0.842366,False
2018-02-19,26.1,11.6,24.618925,12.064194,29.01,1.481075,False
2018-02-20,27.6,12.2,24.792473,12.213871,29.3,2.807527,False
2018-02-21,29.6,14.3,24.967849,12.359462,29.5,4.632151,False
2018-02-22,29.6,16.6,25.141075,12.495484,29.6,4.458925,False
2018-02-23,29.8,17.4,25.301183,12.639785,29.8,4.498817,False
2018-02-24,28.9,18.3,25.500323,12.808495,30.1,3.399677,False
2018-02-25,28.2,15.9,25.704086,12.986237,30.2,2.495914,False
2018-02-26,27.3,15.9,25.889892,13.162581,30.4,1.410108,False
2018-02-27,29.1,16.3,26.056989,13.315054,30.5,3.043011,False
2018-02-28,29.2,16.5,26.215269,13.456667,30.7,2.984731,False
2018-03-01,29.2,16.8,26.392903,13.600753,30.91,2.807097,False
2018-03-02,31.7,17.1,26.615591,13.739892,31.21,5.084409,False
2018-03-03,32.3,18.0,26.866774,13.910968,31.5,5.433226,False
2018-03-04,29.0,16.0,27.111935,14.093548,31.7,1.888065,False
2018-03-05,28.6,14.9,27.347634,14.273978,31.9,1.252366,False
2018-03-06,27.9,14.9,27.550108,14.450108,32.1,0.349892,False
2018-03-07,29.5,16.1,27.747204,14.62957,32.21,1.752796,False
2018-03-08,30.7,15.7,27.955161,14.802581,32.4,2.744839,False
2018-03-09,31.7,17.0,28.17914,14.985161,32.6,3.52086,False
2018-03-10,32.1,17.1,28.386022,15.153978,33.0,3.713978,False
2018-03-11,31.9,16.4,28.598602,15.318602,33.1,3.301398,False
2018-03-12,33.0,17.4,28.81172,15.478065,33.4,4.18828,False
2018-03-13,35.5,18.1,29.067312,15.654624,33.8,6.432688,False
2018-03-14,32.6,18.4,29.307527,15.84957,34.01,3.292473,False
2018-03-15,32.6,17.0,29.52957,16.037097,34.3,3.07043,False
2018-03-16,30.7,16.8,29.772258,16.21871,34.6,0.927742,False
2018-03-17,30.6,15.3,30.010753,16.402688,34.81,0.589247,False
2018-03-18,31.9,17.2,30.266237,16.581075,35.1,1.633763,False
2018-03-19,33.8,16.5,30.497849,16.763011,35.4,3.302151,False
2018-03-20,34.3,18.6,30.728925,16.935699,35.61,3.571075,False
2018-03-21,32.1,19.0,30.960968,17.13043,36.1,1.139032,False
2018-03-22,30.6,18.2,31.21172,17.335269,36.4,-0.61172,False
2018-03-23,29.8,18.5,31.433548,17.519785,36.6,-1.633548,False
2018-03-24,32.1,19.0,31.657957,17.698925,36.7,0.442043,False
2018-03-25,33.0,19.2,31.866344,17.877419,36.81,1.133656,False
2018-03-26,34.1,18.3,32.11172,18.064839,37.01,1.98828,False
2018-03-27,36.7,19.5,32.360968,18.241505,37.3,4.339032,False
2018-03-28,37.7,20.5,32.592151,18.426559,37.6,5.107849,False
2018-03-29,36.0,21.4,32.847742,18.622366,37.7,3.152258,False
2018-03-30,36.0,20.2,33.134301,18.840968,37.91,2.865699,False
2018-03-31,33.2,20.8,33.40914,19.058817,38.1,-0.20914,False
2018-04-01,34.1,22.3,33.646237,19.25957,38.2,0.453763,False
2018-04-02,35.6,22.7,33.823333,19.452258,38.4,1.776667,False
2018-04-03,37.6,22.7,34.005269,19.627527,38.51,3.594731,False
2018-04-04,38.2,23.3,34.201183,19.799892,38.7,3.998817,False
2018-04-05,37.0,23.8,34.410645,19.960108,39.01,2.589355,False
2018-04-06,35.8,21.5,34.627312,20.146559,39.3,1.172688,False
2018-04-07,34.1,22.5,34.843333,20.327742,39.5,-0.743333,False
2018-04-08,34.8,23.8,35.047097,20.51172,39.6,-0.247097,False
2018-04-09,30.6,21.6,35.258387,20.70086,39.8,-4.658387,False
2018-04-10,34.6,23.7,35.487204,20.889247,40.0,-0.887204,False
2018-04-11,31.6,19.9,35.696452,21.077527,40.2,-4.096452,False
2018-04-12,32.8,19.9,35.915054,21.266882,40.3,-3.115054,False
2018-04-13,34.9,20.0,36.107849,21.458925,40.5,-1.207849,False
2018-04-14,36.6,21.6,36.321828,21.64,40.7,0.278172,False
2018-04-15,38.3,22.7,36.543118,21.843011,40.8,1.756882,False
2018-04-16,38.8,24.8,36.727849,22.044839,40.9,2.072151,False
2018-04-17,38.6,24.9,36.904301,22.220753,41.0,1.695699,False
2018-04-18,38.4,23.9,37.038602,22.390215,41.01,1.361398,False
2018-04-19,39.4,25.3,37.186022,22.557419,41.11,2.213978,False
2018-04-20,38.8,23.2,37.332581,22.731505,41.2,1.467419,False
2018-04-21,34.8,22.8,37.472796,22.898172,41.4,-2.672796,False
2018-04-22,35.1,21.1,37.592258,23.059892,41.6,-2.492258,False
2018-04-23,36.2,22.6,37.742151,23.222366,41.7,-1.542151,False
2018-04-24,38.9,22.5,37.890538,23.411935,41.7,1.009462,False
2018-04-25,41.4,22.9,38.042796,23.587634,41.8,3.357204,False
2018-04-26,40.6,26.9,38.16,23.744624,41.8,2.44,False
2018-04-27,38.9,27.3,38.258172,23.895806,41.8,0.641828,False
2018-04-28,38.7,26.4,38.365806,24.036344,41.81,0.334194,False
2018-04-29,39.8,25.8,38.477097,24.177204,41.9,1.322903,False
2018-04-30,39.4,26.6,38.595161,24.324086,42.1,0.804839,False
2018-05-01,36.9,27.8,38.696129,24.467097,42.3,-1.796129,False
2018-05-02,37.9,22.9,38.802366,24.604946,42.3,-0.902366,False
2018-05-03,34.3,24.3,38.939892,24.745376,42.4,-4.639892,False
2018-05-04,35.9,26.5,39.05172,24.889247,42.4,-3.15172,False
2018-05-05,39.5,27.1,39.123978,25.023763,42.41,0.376022,False
2018-05-06,38.7,24.5,39.19172,25.16,42.5,-0.49172,False
2018-05-07,39.7,26.1,39.26957,25.267312,42.6,0.43043,False
2018-05-08,35.0,22.8,39.349785,25.394086,42.61,-4.349785,False
2018-05-09,36.8,23.0,39.433978,25.518817,42.8,-2.633978,False
2018-05-10,38.7,25.2,39.504946,25.631935,42.9,-0.804946,False
2018-05-11,41.5,27.0,39.559892,25.759247,43.0,1.940108,False
2018-05-12,41.6,28.0,39.638495,25.865591,43.01,1.961505,False
2018-05-13,40.4,23.3,39.686559,25.949785,43.11,0.713441,False
2018-05-14,35.6,25.7,39.714946,26.011935,43.2,-4.114946,False
2018-05-15,37.0,26.2,39.722473,26.072796,43.2,-2.722473,False
2018-05-16,40.0,27.6,39.729355,26.137419,43.3,0.270645,False
2018-05-17,40.5,28.0,39.742473,26.207419,43.3,0.757527,False
2018-05-18,39.8,28.6,39.762473,26.282688,43.4,0.037527,False
2018-05-19,40.7,26.7,39.808495,26.391613,43.4,0.891505,False
2018-05-20,41.3,27.8,39.852366,26.502688,43.41,1.447634,False
2018-05-21,42.4,28.8,39.893656,26.604516,43.6,2.506344,False
2018-05-22,44.2,28.4,39.927312,26.69086,43.6,4.272688,False
2018-05-23,42.7,27.7,39.937312,26.777527,43.6,2.762688,False
2018-05-24,42.3,25.4,39.934194,26.875484,43.7,2.365806,False
2018-05-25,43.1,26.9,39.936129,26.94828,43.8,3.163871,False
2018-05-26,44.4,26.9,39.953548,27.027419,43.8,4.446452,False
2018-05-27,43.2,27.4,39.963656,27.119677,43.8,3.236344,False
2018-05-28,42.6,28.1,39.965806,27.218387,43.81,2.634194,False
2018-05-29,43.3,29.3,39.959677,27.30828,43.9,3.340323,False
2018-05-30,39.6,27.6,39.938817,27.384516,43.9,-0.338817,False
2018-05-31,41.3,30.0,39.895699,27.449785,43.9,1.404301,False
2018-06-01,40.9,27.2,39.821505,27.505269,43.81,1.078495,False
2018-06-02,37.4,28.5,39.747527,27.560753,43.8,-2.347527,False
2018-06-03,38.7,29.9,39.665699,27.596989,43.7,-0.965699,False
2018-06-04,40.9,32.2,39.595484,27.631398,43.7,1.304516,False
2018-06-05,40.6,30.6,39.528065,27.671935,43.71,1.071935,False
2018-06-06,35.6,29.2,39.462796,27.726452,43.7,-3.862796,False
2018-06-07,40.1,31.0,39.398387,27.791505,43.7,0.701613,False
2018-06-08,38.7,29.3,39.325376,27.845914,43.6,-0.625376,False
2018-06-09,36.0,25.9,39.212366,27.882688,43.6,-3.212366,False
2018-06-10,35.1,27.4,39.084409,27.921613,43.5,-3.984409,False
2018-06-11,39.3,29.0,38.95172,27.947312,43.4,0.34828,False
2018-06-12,41.1,30.9,38.818817,27.971828,43.4,2.281183,False
2018-06-13,40.3,33.8,38.688817,28.013548,43.3,1.611183,False
2018-06-14,39.8,33.0,38.574301,28.057312,43.2,1.225699,False
2018-06-15,38.1,31.4,38.468172,28.107204,43.2,-0.368172,False
2018-06-16,37.9,28.9,38.37043,28.141398,43.1,-0.47043,False
2018-06-17,36.9,27.3,38.273011,28.182151,42.9,-1.373011,False
2018-06-18,36.7,26.7,38.15914,28.217312,42.8,-1.45914,False
2018-06-19,39.2,29.2,38.037312,28.217312,42.7,1.162688,False
2018-06-20,40.4,30.4,37.90086,28.22043,42.5,2.49914,False
2018-06-21,40.6,31.3,37.765484,28.216452,42.4,2.834516,False
2018-06-22,42.3,31.3,37.627312,28.216129,42.3,4.672688,False
2018-06-23,42.1,31.4,37.506237,28.220323,42.1,4.593763,False
2018-06-24,41.2,31.2,37.381935,28.210753,41.9,3.818065,False
2018-06-25,41.8,30.1,37.243226,28.19,41.7,4.556774,False
2018-06-26,33.7,27.1,37.061505,28.167312,41.4,-3.361505,False
2018-06-27,34.9,25.9,36.873118,28.126129,41.3,-1.973118,False
2018-06-28,32.8,26.5,36.722151,28.084409,41.2,-3.922151,False
2018-06-29,32.9,27.6,36.567097,28.056344,41.11,-3.667097,False
2018-06-30,34.6,28.8,36.409892,28.029892,41.0,-1.809892,False
2018-07-01,35.6,28.6,36.246022,27.995376,40.9,-0.646022,False
2018-07-02,36.2,28.6,36.103871,27.971613,40.8,0.096129,False
2018-07-03,35.3,28.3,35.963656,27.940968,40.7,-0.663656,False
2018-07-04,34.9,27.4,35.849247,27.928065,40.6,-0.949247,False
2018-07-05,36.0,28.2,35.702903,27.904194,40.4,0.297097,False
2018-07-06,37.3,29.4,35.553118,27.876129,40.3,1.746882,False
2018-07-07,38.4,30.1,35.40086,27.838172,40.01,2.99914,False
2018-07-08,39.9,30.9,35.262366,27.795914,39.8,4.637634,False
2018-07-09,38.5,30.3,35.133333,27.757634,39.7,3.366667,False
2018-07-10,37.7,29.3,35.022151,27.725054,39.6,2.677849,False
2018-07-11,35.0,27.7,34.914839,27.690323,39.4,0.085161,False
2018-07-12,34.9,27.8,34.814409,27.65129,39.2,0.085591,False
2018-07-13,30.2,26.9,34.707312,27.621075,39.0,-4.507312,False
2018-07-14,30.5,26.9,34.605269,27.590645,38.91,-4.105269,False
2018-07-15,33.7,27.9,34.503656,27.572473,38.81,-0.803656,False
2018-07-16,32.5,28.7,34.397204,27.54,38.7,-1.897204,False
2018-07-17,35.1,29.9,34.276989,27.5,38.41,0.823011,False
2018-07-18,34.5,28.7,34.165591,27.452796,38.2,0.334409,False
2018-07-19,36.0,29.1,34.062366,27.405806,38.01,1.937634,False
2018-07-20,32.9,28.8,33.969892,27.375484,37.8,-1.069892,False
2018-07-21,32.9,27.2,33.886344,27.341935,37.51,-0.986344,False
2018-07-22,31.6,27.2,33.789892,27.320645,37.1,-2.189892,False
2018-07-23,34.3,27.9,33.709785,27.301075,36.91,0.590215,False
2018-07-24,35.1,28.2,33.633011,27.266559,36.81,1.466989,False
2018-07-25,32.1,27.3,33.552151,27.23129,36.7,-1.452151,False
2018-07-26,28.5,26.6,33.476667,27.207634,36.41,-4.976667,False
2018-07-27,28.6,25.5,33.442581,27.191398,36.4,-4.842581,False
2018-07-28,31.7,26.5,33.424301,27.185161,36.4,-1.724301,False
2018-07-29,34.0,27.0,33.374409,27.173226,36.3,0.625591,False
2018-07-30,34.2,27.9,33.33129,27.155914,36.3,0.86871,False
2018-07-31,33.7,26.9,33.288495,27.125054,36.2,0.411505,False
2018-08-01,34.7,28.0,33.246559,27.100968,36.2,1.453441,False
2018-08-02,35.5,29.2,33.223763,27.073656,36.2,2.276237,False
2018-08-03,34.8,29.3,33.216559,27.054301,36.1,1.583441,False
2018-08-04,35.5,28.6,33.148065,27.028925,36.1,2.351935,False
2018-08-05,33.0,26.8,33.137312,27.012258,36.0,-0.137312,False
2018-08-06,30.4,26.0,33.130108,26.993763,36.0,-2.730108,False
2018-08-07,32.7,26.6,33.11,26.966774,35.9,-0.41,False
2018-08-08,32.8,26.7,33.074946,26.943441,35.9,-0.274946,False
2018-08-09,34.4,28.4,33.045269,26.916022,35.8,1.354731,False
2018-08-10,34.6,28.4,33.024946,26.896452,35.8,1.575054,False
2018-08-11,33.9,28.6,33.021075,26.877204,35.71,0.878925,False
2018-08-12,33.1,28.0,33.022903,26.865806,35.71,0.077097,False
2018-08-13,33.0,28.0,33.028602,26.855161,35.71,-0.028602,False
2018-08-14,34.2,28.5,33.032366,26.837204,35.8,1.167634,False
2018-08-15,34.1,26.9,33.029462,26.809462,35.71,1.070538,False
2018-08-16,35.0,28.3,33.032366,26.784301,35.7,1.967634,False
2018-08-17,34.3,27.8,33.036022,26.769892,35.7,1.263978,False
2018-08-18,34.3,27.6,33.032151,26.737849,35.7,1.267849,False
2018-08-19,33.3,27.1,33.022473,26.710538,35.7,0.277527,False
2018-08-20,32.3,27.2,32.999247,26.671183,35.7,-0.699247,False
2018-08-21,35.2,28.8,32.987849,26.625591,35.7,2.212151,False
2018-08-22,32.8,27.1,32.979032,26.569247,35.7,-0.179032,False
2018-08-23,31.8,26.4,32.958925,26.515699,35.7,-1.158925,False
2018-08-24,32.5,26.9,32.946452,26.468817,35.7,-0.446452,False
2018-08-25,33.7,27.5,32.943441,26.433226,35.7,0.756559,False
2018-08-26,34.0,27.9,32.939355,26.393871,35.7,1.060645,False
2018-08-27,31.5,27.3,32.920968,26.352796,35.7,-1.420968,False
2018-08-28,32.2,27.1,32.89957,26.310645,35.81,-0.69957,False
2018-08-29,31.7,26.6,32.908602,26.269677,35.71,-1.208602,False
2018-08-30,33.7,27.4,32.921183,26.224624,35.71,0.778817,False
2018-08-31,33.7,27.8,32.930215,26.18172,35.8,0.769785,False
2018-09-01,31.4,27.6,32.939462,26.134301,35.71,-1.539462,False
2018-09-02,28.7,25.4,32.958817,26.085806,35.71,-4.258817,False
2018-09-03,28.4,25.5,32.970753,26.032581,35.8,-4.570753,False
2018-09-04,29.7,26.1,33.014301,25.983226,35.81,-3.314301,False
2018-09-05,31.1,26.6,33.031613,25.933871,35.9,-1.931613,False
2018-09-06,33.6,25.7,33.050968,25.87957,35.9,0.549032,False
2018-09-07,32.6,26.1,33.054301,25.81828,35.9,-0.454301,False
2018-09-08,30.3,25.1,33.054839,25.739892,35.9,-2.754839,False
2018-09-09,30.4,25.0,33.054086,25.647849,35.91,-2.654086,False
2018-09-10,31.1,25.8,33.08129,25.548602,36.0,-1.98129,False
2018-09-11,32.8,26.8,33.096344,25.454516,36.0,-0.296344,False
2018-09-12,32.8,26.9,33.120323,25.361828,36.0,-0.320323,False
2018-09-13,33.4,25.8,33.15129,25.263871,36.1,0.24871,False
2018-09-14,33.7,26.0,33.173118,25.165591,36.1,0.526882,False
2018-09-15,34.0,25.1,33.19828,25.055914,36.1,0.80172,False
2018-09-16,34.0,25.7,33.227634,24.945054,36.1,0.772366,False
2018-09-17,33.9,25.3,33.247312,24.820968,36.2,0.652688,False
2018-09-18,34.8,24.9,33.271613,24.709677,36.2,1.528387,False
2018-09-19,35.0,24.2,33.290645,24.597849,36.2,1.709355,False
2018-09-20,35.0,25.7,33.317957,24.483763,36.2,1.682043,False
2018-09-21,32.5,23.2,33.334946,24.367204,36.2,-0.834946,False
2018-09-22,26.6,24.1,33.375591,24.251935,36.2,-6.775591,False
2018-09-23,27.6,24.8,33.427204,24.130108,36.2,-5.827204,False
2018-09-24,25.4,23.0,33.478172,24.003763,36.2,-8.078172,False
2018-09-25,28.2,22.4,33.50957,23.863011,36.2,-5.30957,False
2018-09-26,32.3,23.3,33.524086,23.709462,36.11,-1.224086,False
2018-09-27,33.7,24.4,33.541075,23.546344,36.1,0.158925,False
2018-09-28,34.5,23.6,33.566989,23.386559,36.1,0.933011,False
2018-09-29,34.3,24.6,33.567312,23.208817,36.1,0.732688,False
2018-09-30,33.6,23.1,33.553978,23.025054,36.1,0.046022,False
2018-10-01,35.1,23.2,33.530215,22.844731,36.1,1.569785,False
2018-10-02,35.2,22.4,33.522043,22.664194,36.1,1.677957,False
2018-10-03,35.1,24.2,33.495914,22.477097,36.01,1.604086,False
2018-10-04,34.1,23.1,33.457419,22.285591,36.0,0.642581,False
2018-10-05,34.3,21.7,33.419785,22.089247,36.0,0.880215,False
2018-10-06,34.1,20.7,33.376129,21.882688,35.91,0.723871,False
2018-10-07,33.6,21.1,33.332473,21.670753,35.9,0.267527,False
2018-10-08,34.6,22.0,33.29871,21.467527,35.9,1.30129,False
2018-10-09,33.6,23.3,33.253978,21.270215,35.8,0.346022,False
2018-10-10,33.4,23.7,33.205161,21.080215,35.8,0.194839,False
2018-10-11,30.3,20.1,33.133011,20.887634,35.7,-2.833011,False
2018-10-12,31.6,18.1,33.048925,20.68957,35.6,-1.448925,False
2018-10-13,31.0,17.8,32.943441,20.477312,35.5,-1.943441,False
2018-10-14,32.1,17.8,32.825591,20.263763,35.4,-0.725591,False
2018-10-15,33.3,19.2,32.718817,20.054731,35.3,0.581183,False
2018-10-16,33.2,20.0,32.607097,19.848387,35.21,0.592903,False
2018-10-17,34.4,19.8,32.490538,19.644409,35.2,1.909462,False
2018-10-18,33.8,19.6,32.378602,19.446774,35.1,1.421398,False
2018-10-19,33.0,18.8,32.260108,19.244731,35.0,0.739892,False
2018-10-20,32.6,19.1,32.153441,19.040108,34.9,0.446559,False
2018-10-21,31.7,16.3,32.037957,18.836774,34.71,-0.337957,False
2018-10-22,31.4,16.3,31.913011,18.643763,34.6,-0.513011,False
2018-10-23,32.1,17.3,31.764946,18.448602,34.5,0.335054,False
2018-10-24,32.5,17.7,31.596774,18.240323,34.3,0.903226,False
2018-10-25,32.1,18.2,31.433226,18.036882,34.2,0.666774,False
2018-10-26,31.2,17.8,31.273548,17.827097,34.01,-0.073548,False
2018-10-27,31.0,17.4,31.125591,17.623763,33.9,-0.125591,False
2018-10-28,31.2,16.4,30.964624,17.435806,33.8,0.235376,False
2018-10-29,31.3,17.3,30.79914,17.249462,33.7,0.50086,False
2018-10-30,31.5,17.9,30.636022,17.087849,33.4,0.863978,False
2018-10-31,31.3,17.2,30.477849,16.922796,33.3,0.822151,False
2018-11-01,31.4,17.0,30.326344,16.753011,33.1,1.073656,False
2018-11-02,32.0,18.4,30.166989,16.573011,33.0,1.833011,False
2018-11-03,29.5,19.9,30.005914,16.390215,32.8,-0.505914,False
2018-11-04,28.9,15.9,29.832043,16.202473,32.6,-0.932043,False
2018-11-05,26.8,16.2,29.649355,16.002043,32.41,-2.849355,False
2018-11-06,27.5,13.3,29.474624,15.797957,32.3,-1.974624,False
2018-11-07,28.1,13.8,29.287742,15.600968,32.1,-1.187742,False
2018-11-08,28.1,14.0,29.116022,15.407849,31.9,-1.016022,False
2018-11-09,29.2,14.6,28.944194,15.229785,31.71,0.255806,False
2018-11-10,29.5,15.1,28.772796,15.055484,31.6,0.727204,False
2018-11-11,30.1,14.6,28.601075,14.883978,31.4,1.498925,False
2018-11-12,30.2,15.8,28.432796,14.698817,31.3,1.767204,False
2018-11-13,29.5,18.2,28.263441,14.513011,31.1,1.236559,False
2018-11-14,28.7,18.5,28.100968,14.340753,30.81,0.599032,False
2018-11-15,26.8,15.2,27.926237,14.156129,30.7,-1.126237,False
2018-11-16,26.8,13.8,27.741505,13.971075,30.5,-0.941505,False
2018-11-17,26.9,13.2,27.55914,13.788495,30.4,-0.65914,False
2018-11-18,28.7,14.9,27.378387,13.601505,30.2,1.321613,False
2018-11-19,28.2,15.0,27.213226,13.41914,30.0,0.986774,False
2018-11-20,28.7,14.8,27.054731,13.263656,29.9,1.645269,False
2018-11-21,28.1,12.4,26.904301,13.116237,29.7,1.195699,False
2018-11-22,28.1,13.1,26.746667,12.957204,29.6,1.353333,False
2018-11-23,27.8,13.4,26.598495,12.79914,29.5,1.201505,False
2018-11-24,27.5,12.3,26.447204,12.653871,29.3,1.052796,False
2018-11-25,27.5,12.2,26.275914,12.500645,29.11,1.224086,False
2018-11-26,27.5,12.7,26.08957,12.347419,28.9,1.41043,False
2018-11-27,26.7,12.9,25.895376,12.205806,28.71,0.804624,False
2018-11-28,26.4,13.0,25.696989,12.049892,28.6,0.703011,False
2018-11-29,26.3,12.5,25.502796,11.873548,28.3,0.797204,False
2018-11-30,26.9,11.8,25.313871,11.684516,28.0,1.586129,False
2018-12-01,26.2,10.1,25.126667,11.501613,27.9,1.073333,False
2018-12-02,26.4,11.5,24.956882,11.329677,27.7,1.443118,False
2018-12-03,26.0,9.9,24.783441,11.166667,27.6,1.216559,False
2018-12-04,25.4,10.6,24.595806,11.019892,27.5,0.804194,False
2018-12-05,25.3,10.8,24.416129,10.892043,27.4,0.883871,False
2018-12-06,24.9,11.0,24.24129,10.771613,27.3,0.65871,False
2018-12-07,24.4,9.6,24.056882,10.651613,27.11,0.343118,False
2018-12-08,24.6,9.8,23.884194,10.521398,27.0,0.715806,False
2018-12-09,24.7,10.0,23.69914,10.386237,26.9,1.00086,False
2018-12-10,23.9,11.1,23.514839,10.238602,26.8,0.385161,False
2018-12-11,23.0,11.8,23.330323,10.091613,26.7,-0.330323,False
2018-12-12,20.1,11.5,23.153548,9.949785,26.6,-3.053548,False
2018-12-13,20.4,10.9,22.976237,9.812473,26.41,-2.576237,False
2018-12-14,21.3,9.5,22.809892,9.680108,26.3,-1.509892,False
2018-12-15,21.7,8.5,22.617742,9.544516,26.1,-0.917742,False
2018-12-16,22.0,7.7,22.41914,9.436559,26.0,-0.41914,False
2018-12-17,21.0,7.4,22.242258,9.333333,25.9,-1.242258,False
2018-12-18,21.9,7.6,22.063763,9.246667,25.7,-0.163763,False
2018-12-19,22.3,5.8,21.883226,9.161828,25.6,0.416774,False
2018-12-20,22.1,6.1,21.690215,9.065376,25.5,0.409785,False
2018-12-21,21.1,6.2,21.507634,8.95,25.3,-0.407634,False
2018-12-22,20.7,5.9,21.316667,8.843871,25.01,-0.616667,False
2018-12-23,20.7,6.1,21.136989,8.731398,24.8,-0.436989,False
2018-12-24,20.9,6.5,20.94914,8.625591,24.5,-0.04914,False
2018-12-25,20.5,4.9,20.783118,8.52,24.3,-0.283118,False
2018-12-26,20.1,5.5,20.644086,8.426989,24.2,-0.544086,False
2018-12-27,20.5,6.5,20.52,8.346129,24.0,-0.02,False
2018-12-28,19.0,5.9,20.432796,8.264086,24.0,-1.432796,False
2018-12-29,21.0,4.7,20.367957,8.206344,23.81,0.632043,False
2018-12-30,21.4,5.3,20.293441,8.156989,23.8,1.106559,False
2018-12-31,22.2,5.8,20.207957,8.123871,23.7,1.992043,False
2019-01-01,21.6,6.4,20.113978,8.102043,23.6,1.486022,False
2019-01-02,22.8,7.8,20.013656,8.08,23.5,2.786344,False
2019-01-03,21.5,8.1,19.920215,8.042258,23.3,1.579785,False
2019-01-04,19.0,8.5,19.839247,7.991075,23.3,-0.839247,False
2019-01-05,20.7,8.7,19.76871,7.935484,23.21,0.93129,False
2019-01-06,19.4,9.0,19.700215,7.901398,23.2,-0.300215,False
2019-01-07,20.2,8.8,19.647204,7.885484,23.1,0.552796,False
2019-01-08,19.7,8.6,19.626129,7.885699,23.1,0.073871,False
2019-01-09,21.0,7.2,19.628602,7.903656,23.1,1.371398,False
2019-01-10,21.0,7.4,19.640753,7.934839,23.1,1.359247,False
2019-01-11,21.2,7.2,19.672151,7.975376,23.2,1.527849,False
2019-01-12,21.4,9.0,19.701075,8.02172,23.2,1.698925,False
2019-01-13,21.9,9.9,19.731935,8.082903,23.2,2.168065,False
2019-01-14,19.9,7.3,19.776129,8.150968,23.2,0.123871,False
2019-01-15,19.3,5.3,19.845699,8.21957,23.3,-0.545699,False
2019-01-16,20.2,6.2,19.929247,8.268495,23.4,0.270753,False
2019-01-17,21.8,6.3,20.004839,8.303548,23.41,1.795161,False
2019-01-18,21.9,6.7,20.085161,8.34,23.6,1.814839,False
2019-01-19,24.2,7.7,20.188817,8.387957,23.71,4.011183,False
2019-01-20,26.7,11.5,20.301935,8.455269,24.0,6.398065,False
2019-01-21,23.2,13.6,20.395699,8.528817,24.01,2.804301,False
2019-01-22,18.5,11.0,20.513763,8.604301,24.2,-2.013763,False
2019-01-23,19.4,10.5,20.638817,8.695591,24.3,-1.238817,False
2019-01-24,19.8,10.4,20.744731,8.773763,24.4,-0.944731,False
2019-01-25,18.2,8.8,20.850108,8.850215,24.4,-2.650108,False
2019-01-26,18.7,6.8,20.94129,8.924946,24.51,-2.24129,False
2019-01-27,17.7,6.9,21.042258,9.012796,24.8,-3.342258,False
2019-01-28,18.6,7.0,21.163333,9.118602,25.1,-2.563333,False
2019-01-29,20.2,7.1,21.28914,9.230215,25.31,-1.08914,False
2019-01-30,20.2,7.2,21.417419,9.361398,25.6,-1.217419,False
2019-01-31,20.4,9.4,21.532581,9.468065,25.7,-1.132581,False
2019-02-01,20.1,9.8,21.68129,9.57172,25.81,-1.58129,False
2019-02-02,18.1,9.9,21.839677,9.688172,26.1,-3.739677,False
2019-02-03,19.0,8.2,22.015914,9.823226,26.2,-3.015914,False
2019-02-04,20.8,8.4,22.197097,9.957742,26.4,-1.397097,False
2019-02-05,21.8,10.6,22.380645,10.105914,26.6,-0.580645,False
2019-02-06,24.5,14.5,22.569247,10.23871,26.8,1.930753,False
2019-02-07,21.1,9.3,22.757419,10.381398,26.9,-1.657419,False
2019-02-08,20.2,8.7,22.914624,10.534624,27.0,-2.714624,False
2019-02-09,20.2,8.1,23.071183,10.685591,27.2,-2.871183,False
2019-02-10,19.7,7.9,23.216022,10.826989,27.3,-3.516022,False
2019-02-11,21.3,8.8,23.344086,10.952366,27.5,-2.044086,False
2019-02-12,23.2,12.4,23.488495,11.070323,27.51,-0.288495,False
2019-02-13,23.7,12.9,23.637419,11.19172,27.6,0.062581,False
2019-02-14,20.1,14.8,23.786237,11.327957,27.9,-3.686237,False
2019-02-15,19.9,12.9,23.932796,11.464516,28.1,-4.032796,False
2019-02-16,20.0,11.7,24.102473,11.602903,28.3,-4.102473,False
2019-02-17,20.8,11.8,24.276559,11.771828,28.6,-3.476559,False
2019-02-18,23.4,13.2,24.457634,11.92172,28.8,-1.057634,False
2019-02-19,24.5,13.7,24.618925,12.064194,29.01,-0.118925,False
2019-02-20,21.5,15.6,24.792473,12.213871,29.3,-3.292473,False
2019-02-21,27.3,15.7,24.967849,12.359462,29.5,2.332151,False
2019-02-22,23.3,11.5,25.141075,12.495484,29.6,-1.841075,False
2019-02-23,22.2,11.6,25.301183,12.639785,29.8,-3.101183,False
2019-02-24,23.0,10.5,25.500323,12.808495,30.1,-2.500323,False
2019-02-25,23.6,11.6,25.704086,12.986237,30.2,-2.104086,False
2019-02-26,22.0,11.7,25.889892,13.162581,30.4,-3.889892,False
2019-02-27,19.1,8.5,26.056989,13.315054,30.5,-6.956989,False
2019-02-28,21.4,8.8,26.215269,13.456667,30.7,-4.815269,False
2019-03-01,23.5,9.3,26.392903,13.600753,30.91,-2.892903,False
2019-03-02,18.7,12.7,26.615591,13.739892,31.21,-7.915591,False
2019-03-03,21.6,13.3,26.866774,13.910968,31.5,-5.266774,False
2019-03-04,24.1,13.1,27.111935,14.093548,31.7,-3.011935,False
2019-03-05,23.8,12.1,27.347634,14.273978,31.9,-3.547634,False
2019-03-06,24.8,11.4,27.550108,14.450108,32.1,-2.750108,False
2019-03-07,26.8,13.8,27.747204,14.62957,32.21,-0.947204,False
2019-03-08,26.1,14.7,27.955161,14.802581,32.4,-1.855161,False
2019-03-09,26.1,13.1,28.17914,14.985161,32.6,-2.07914,False
2019-03-10,26.7,13.3,28.386022,15.153978,33.0,-1.686022,False
2019-03-11,26.7,15.1,28.598602,15.318602,33.1,-1.898602,False
2019-03-12,27.5,15.8,28.81172,15.478065,33.4,-1.31172,False
2019-03-13,23.7,14.2,29.067312,15.654624,33.8,-5.367312,False
2019-03-14,23.1,12.8,29.307527,15.84957,34.01,-6.207527,False
2019-03-15,26.1,13.3,29.52957,16.037097,34.3,-3.42957,False
2019-03-16,26.3,14.1,29.772258,16.21871,34.6,-3.472258,False
2019-03-17,28.0,13.1,30.010753,16.402688,34.81,-2.010753,False
2019-03-18,28.9,14.3,30.266237,16.581075,35.1,-1.366237,False
2019-03-19,30.9,15.2,30.497849,16.763011,35.4,0.402151,False
2019-03-20,32.1,17.8,30.728925,16.935699,35.61,1.371075,False
2019-03-21,31.0,18.1,30.960968,17.13043,36.1,0.039032,False
2019-03-22,30.3,16.4,31.21172,17.335269,36.4,-0.91172,False
2019-03-23,31.3,17.1,31.433548,17.519785,36.6,-0.133548,False
2019-03-24,32.2,18.4,31.657957,17.698925,36.7,0.542043,False
2019-03-25,29.2,16.4,31.866344,17.877419,36.81,-2.666344,False
2019-03-26,30.5,16.6,32.11172,18.064839,37.01,-1.61172,False
2019-03-27,32.1,17.6,32.360968,18.241505,37.3,-0.260968,False
2019-03-28,35.0,19.4,32.592151,18.426559,37.6,2.407849,False
2019-03-29,36.6,20.5,32.847742,18.622366,37.7,3.752258,False
2019-03-30,37.6,22.7,33.134301,18.840968,37.91,4.465699,False
2019-03-31,35.3,19.5,33.40914,19.058817,38.1,1.89086,False
2019-04-01,34.5,18.6,33.646237,19.25957,38.2,0.853763,False
2019-04-02,34.3,17.5,33.823333,19.452258,38.4,0.476667,False
2019-04-03,36.5,19.5,34.005269,19.627527,38.51,2.494731,False
2019-04-04,38.2,20.8,34.201183,19.799892,38.7,3.998817,False
2019-04-05,38.2,22.9,34.410645,19.960108,39.01,3.789355,False
2019-04-06,37.9,24.3,34.627312,20.146559,39.3,3.272688,False
2019-04-07,34.8,23.3,34.843333,20.327742,39.5,-0.043333,False
2019-04-08,33.5,21.3,35.047097,20.51172,39.6,-1.547097,False
2019-04-09,36.2,22.8,35.258387,20.70086,39.8,0.941613,False
2019-04-10,38.0,23.4,35.487204,20.889247,40.0,2.512796,False
2019-04-11,39.3,24.8,35.696452,21.077527,40.2,3.603548,False
2019-04-12,37.3,24.6,35.915054,21.266882,40.3,1.384946,False
2019-04-13,37.6,25.1,36.107849,21.458925,40.5,1.492151,False
2019-04-14,39.1,26.1,36.321828,21.64,40.7,2.778172,False
2019-04-15,39.7,24.8,36.543118,21.843011,40.8,3.156882,False
2019-04-16,30.5,20.5,36.727849,22.044839,40.9,-6.227849,False
2019-04-17,28.0,17.6,36.904301,22.220753,41.0,-8.904301,False
2019-04-18,30.3,19.2,37.038602,22.390215,41.01,-6.738602,False
2019-04-19,32.3,21.3,37.186022,22.557419,41.11,-4.886022,False
2019-04-20,34.6,21.6,37.332581,22.731505,41.2,-2.732581,False
2019-04-21,37.7,23.1,37.472796,22.898172,41.4,0.227204,False
2019-04-22,39.0,23.9,37.592258,23.059892,41.6,1.407742,False
2019-04-23,40.8,25.1,37.742151,23.222366,41.7,3.057849,False
2019-04-24,41.6,27.2,37.890538,23.411935,41.7,3.709462,False
2019-04-25,41.3,26.7,38.042796,23.587634,41.8,3.257204,False
2019-04-26,41.3,27.7,38.16,23.744624,41.8,3.14,False
2019-04-27,41.8,27.2,38.258172,23.895806,41.8,3.541828,False
2019-04-28,41.8,26.9,38.365806,24.036344,41.81,3.434194,False
2019-04-29,42.4,25.7,38.477097,24.177204,41.9,3.922903,False
2019-04-30,44.0,26.8,38.595161,24.324086,42.1,5.404839,False
2019-05-01,42.1,27.7,38.696129,24.467097,42.3,3.403871,False
2019-05-02,40.5,26.2,38.802366,24.604946,42.3,1.697634,False
2019-05-03,38.3,24.8,38.939892,24.745376,42.4,-0.639892,False
2019-05-04,39.4,24.1,39.05172,24.889247,42.4,0.34828,False
2019-05-05,40.3,24.2,39.123978,25.023763,42.41,1.176022,False
2019-05-06,41.8,23.2,39.19172,25.16,42.5,2.60828,False
2019-05-07,41.9,24.8,39.26957,25.267312,42.6,2.63043,False
2019-05-08,42.9,26.5,39.349785,25.394086,42.61,3.550215,False
2019-05-09,42.4,30.4,39.433978,25.518817,42.8,2.966022,False
2019-05-10,41.5,26.2,39.504946,25.631935,42.9,1.995054,False
2019-05-11,39.6,27.3,39.559892,25.759247,43.0,0.040108,False
2019-05-12,38.2,25.5,39.638495,25.865591,43.01,-1.438495,False
2019-05-13,40.2,24.7,39.686559,25.949785,43.11,0.513441,False
2019-05-14,36.5,25.1,39.714946,26.011935,43.2,-3.214946,False
2019-05-15,36.0,26.3,39.722473,26.072796,43.2,-3.722473,False
2019-05-16,37.1,25.4,39.729355,26.137419,43.3,-2.629355,False
2019-05-17,36.1,23.1,39.742473,26.207419,43.3,-3.642473,False
2019-05-18,34.4,23.9,39.762473,26.282688,43.4,-5.362473,False
2019-05-19,38.3,25.2,39.808495,26.391613,43.4,-1.508495,False
2019-05-20,40.9,25.9,39.852366,26.502688,43.41,1.047634,False
2019-05-21,41.4,28.2,39.893656,26.604516,43.6,1.506344,False
2019-05-22,40.5,28.2,39.927312,26.69086,43.6,0.572688,False
2019-05-23,40.5,27.2,39.937312,26.777527,43.6,0.562688,False
2019-05-24,35.8,26.0,39.934194,26.875484,43.7,-4.134194,False
2019-05-25,38.3,25.9,39.936129,26.94828,43.8,-1.636129,False
2019-05-26,40.0,27.1,39.953548,27.027419,43.8,0.046452,False
2019-05-27,42.1,26.4,39.963656,27.119677,43.8,2.136344,False
2019-05-28,42.3,26.9,39.965806,27.218387,43.81,2.334194,False
2019-05-29,43.8,28.2,39.959677,27.30828,43.9,3.840323,False
2019-05-30,45.4,28.8,39.938817,27.384516,43.9,5.461183,False
2019-05-31,44.9,31.9,39.895699,27.449785,43.9,5.004301,False
2019-06-01,43.6,30.7,39.821505,27.505269,43.81,3.778495,False
2019-06-02,42.4,30.2,39.747527,27.560753,43.8,2.652473,False
2019-06-03,40.5,29.8,39.665699,27.596989,43.7,0.834301,False
2019-06-04,40.9,30.4,39.595484,27.631398,43.7,1.304516,False
2019-06-05,42.8,31.9,39.528065,27.671935,43.71,3.271935,False
2019-06-06,43.4,26.4,39.462796,27.726452,43.7,3.937204,False
2019-06-07,40.3,28.1,39.398387,27.791505,43.7,0.901613,False
2019-06-08,43.1,27.7,39.325376,27.845914,43.6,3.774624,False
2019-06-09,44.4,28.4,39.212366,27.882688,43.6,5.187634,True
2019-06-10,45.7,29.8,39.084409,27.921613,43.5,6.615591,True
2019-06-11,44.4,31.6,38.95172,27.947312,43.4,5.44828,True
2019-06-12,40.2,28.8,38.818817,27.971828,43.4,1.381183,False
2019-06-13,40.6,30.6,38.688817,28.013548,43.3,1.911183,False
2019-06-14,43.4,28.9,38.574301,28.057312,43.2,4.825699,False
2019-06-15,43.5,30.4,38.468172,28.107204,43.2,5.031828,False
2019-06-16,35.7,27.7,38.37043,28.141398,43.1,-2.67043,False
2019-06-17,36.0,24.5,38.273011,28.182151,42.9,-2.273011,False
2019-06-18,33.0,25.1,38.15914,28.217312,42.8,-5.15914,False
2019-06-19,35.1,25.0,38.037312,28.217312,42.7,-2.937312,False
2019-06-20,38.5,26.8,37.90086,28.22043,42.5,0.59914,False
2019-06-21,39.0,29.3,37.765484,28.216452,42.4,1.234516,False
2019-06-22,40.9,29.3,37.627312,28.216129,42.3,3.272688,False
2019-06-23,39.1,28.2,37.506237,28.220323,42.1,1.593763,False
2019-06-24,35.8,29.0,37.381935,28.210753,41.9,-1.581935,False
2019-06-25,38.5,29.5,37.243226,28.19,41.7,1.256774,False
2019-06-26,40.8,29.4,37.061505,28.167312,41.4,3.738495,False
2019-06-27,40.0,30.0,36.873118,28.126129,41.3,3.126882,False
2019-06-28,41.4,31.1,36.722151,28.084409,41.2,4.677849,True
2019-06-29,42.5,32.4,36.567097,28.056344,41.11,5.932903,True
2019-06-30,42.2,30.3,36.409892,28.029892,41.0,5.790108,True
2019-07-01,41.2,31.3,36.246022,27.995376,40.9,4.953978,True
2019-07-02,39.8,30.8,36.103871,27.971613,40.8,3.696129,False
2019-07-03,38.8,31.6,35.963656,27.940968,40.7,2.836344,False
2019-07-04,34.2,28.0,35.849247,27.928065,40.6,-1.649247,False
2019-07-05,33.6,27.3,35.702903,27.904194,40.4,-2.102903,False
2019-07-06,33.4,27.9,35.553118,27.876129,40.3,-2.153118,False
2019-07-07,35.3,27.9,35.40086,27.838172,40.01,-0.10086,False
2019-07-08,35.6,27.6,35.262366,27.795914,39.8,0.337634,False
2019-07-09,32.8,27.4,35.133333,27.757634,39.7,-2.333333,False
2019-07-10,38.0,28.2,35.022151,27.725054,39.6,2.977849,False
2019-07-11,37.1,29.8,34.914839,27.690323,39.4,2.185161,False
2019-07-12,37.3,31.1,34.814409,27.65129,39.2,2.485591,False
2019-07-13,38.1,29.3,34.707312,27.621075,39.0,3.392688,False
2019-07-14,36.2,27.2,34.605269,27.590645,38.91,1.594731,False
2019-07-15,35.3,25.1,34.503656,27.572473,38.81,0.796344,False
2019-07-16,32.1,24.8,34.397204,27.54,38.7,-2.297204,False
2019-07-17,32.6,25.4,34.276989,27.5,38.41,-1.676989,False
2019-07-18,30.9,26.0,34.165591,27.452796,38.2,-3.265591,False
2019-07-19,34.7,27.9,34.062366,27.405806,38.01,0.637634,False
2019-07-20,33.7,27.2,33.969892,27.375484,37.8,-0.269892,False
2019-07-21,34.6,27.7,33.886344,27.341935,37.51,0.713656,False
2019-07-22,34.4,29.3,33.789892,27.320645,37.1,0.610108,False
2019-07-23,36.9,29.9,33.709785,27.301075,36.91,3.190215,False
2019-07-24,36.7,26.6,33.633011,27.266559,36.81,3.066989,False
2019-07-25,28.8,26.1,33.552151,27.23129,36.7,-4.752151,False
2019-07-26,28.8,25.7,33.476667,27.207634,36.41,-4.676667,False
2019-07-27,30.3,26.4,33.442581,27.191398,36.4,-3.142581,False
2019-07-28,32.4,27.1,33.424301,27.185161,36.4,-1.024301,False
2019-07-29,33.4,27.8,33.374409,27.173226,36.3,0.025591,False
2019-07-30,33.2,28.0,33.33129,27.155914,36.3,-0.13129,False
2019-07-31,32.5,28.0,33.288495,27.125054,36.2,-0.788495,False
2019-08-01,33.9,27.6,33.246559,27.100968,36.2,0.653441,False
2019-08-02,31.3,27.1,33.223763,27.073656,36.2,-1.923763,False
2019-08-03,31.2,27.3,33.216559,27.054301,36.1,-2.016559,False
2019-08-04,32.8,27.7,33.148065,27.028925,36.1,-0.348065,False
2019-08-05,33.7,27.4,33.137312,27.012258,36.0,0.562688,False
2019-08-06,31.4,26.4,33.130108,26.993763,36.0,-1.730108,False
2019-08-07,32.4,27.1,33.11,26.966774,35.9,-0.71,False
2019-08-08,36.1,29.3,33.074946,26.943441,35.9,3.025054,False
2019-08-09,32.2,27.2,33.045269,26.916022,35.8,-0.845269,False
2019-08-10,32.3,27.5,33.024946,26.896452,35.8,-0.724946,False
2019-08-11,34.0,28.1,33.021075,26.877204,35.71,0.978925,False
2019-08-12,34.6,28.7,33.022903,26.865806,35.71,1.577097,False
2019-08-13,34.5,25.9,33.028602,26.855161,35.71,1.471398,False
2019-08-14,33.7,26.9,33.032366,26.837204,35.8,0.667634,False
2019-08-15,33.6,27.1,33.029462,26.809462,35.71,0.570538,False
2019-08-16,30.8,26.1,33.032366,26.784301,35.7,-2.232366,False
2019-08-17,28.5,25.5,33.036022,26.769892,35.7,-4.536022,False
2019-08-18,30.8,25.6,33.032151,26.737849,35.7,-2.232151,False
2019-08-19,33.1,25.9,33.022473,26.710538,35.7,0.077527,False
2019-08-20,34.0,25.9,32.999247,26.671183,35.7,1.000753,False
2019-08-21,34.8,25.8,32.987849,26.625591,35.7,1.812151,False
2019-08-22,33.9,26.5,32.979032,26.569247,35.7,0.920968,False
2019-08-23,35.0,27.9,32.958925,26.515699,35.7,2.041075,False
2019-08-24,34.1,26.6,32.946452,26.468817,35.7,1.153548,False
2019-08-25,31.4,25.8,32.943441,26.433226,35.7,-1.543441,False
2019-08-26,35.0,27.1,32.939355,26.393871,35.7,2.060645,False
2019-08-27,35.9,28.5,32.920968,26.352796,35.7,2.979032,False
2019-08-28,36.3,28.8,32.89957,26.310645,35.81,3.40043,False
2019-08-29,34.8,28.0,32.908602,26.269677,35.71,1.891398,False
2019-08-30,35.4,28.9,32.921183,26.224624,35.71,2.478817,False
2019-08-31,35.5,27.7,32.930215,26.18172,35.8,2.569785,False
2019-09-01,31.5,27.2,32.939462,26.134301,35.71,-1.439462,False
2019-09-02,35.5,28.2,32.958817,26.085806,35.71,2.541183,False
2019-09-03,35.1,28.2,32.970753,26.032581,35.8,2.129247,False
2019-09-04,32.6,27.9,33.014301,25.983226,35.81,-0.414301,False
2019-09-05,35.1,28.0,33.031613,25.933871,35.9,2.068387,False
2019-09-06,34.2,26.9,33.050968,25.87957,35.9,1.149032,False
2019-09-07,34.0,27.2,33.054301,25.81828,35.9,0.945699,False
2019-09-08,33.9,27.6,33.054839,25.739892,35.9,0.845161,False
2019-09-09,35.1,28.6,33.054086,25.647849,35.91,2.045914,False
2019-09-10,36.3,28.2,33.08129,25.548602,36.0,3.21871,False
2019-09-11,37.1,28.0,33.096344,25.454516,36.0,4.003656,False
2019-09-12,34.3,27.5,33.120323,25.361828,36.0,1.179677,False
2019-09-13,35.2,27.2,33.15129,25.263871,36.1,2.04871,False
2019-09-14,33.3,27.1,33.173118,25.165591,36.1,0.126882,False
2019-09-15,32.4,26.3,33.19828,25.055914,36.1,-0.79828,False
2019-09-16,35.0,27.6,33.227634,24.945054,36.1,1.772366,False
2019-09-17,34.7,26.7,33.247312,24.820968,36.2,1.452688,False
2019-09-18,33.7,26.0,33.271613,24.709677,36.2,0.428387,False
2019-09-19,31.1,24.5,33.290645,24.597849,36.2,-2.190645,False
2019-09-20,32.9,25.8,33.317957,24.483763,36.2,-0.417957,False
2019-09-21,33.0,25.4,33.334946,24.367204,36.2,-0.334946,False
2019-09-22,30.0,24.4,33.375591,24.251935,36.2,-3.375591,False
2019-09-23,31.4,24.3,33.427204,24.130108,36.2,-2.027204,False
2019-09-24,31.3,24.9,33.478172,24.003763,36.2,-2.178172,False
2019-09-25,32.7,25.0,33.50957,23.863011,36.2,-0.80957,False
2019-09-26,31.9,24.8,33.524086,23.709462,36.11,-1.624086,False
2019-09-27,30.8,24.1,33.541075,23.546344,36.1,-2.741075,False
2019-09-28,30.0,24.0,33.566989,23.386559,36.1,-3.566989,False
2019-09-29,27.1,23.7,33.567312,23.208817,36.1,-6.467312,False
2019-09-30,30.3,23.5,33.553978,23.025054,36.1,-3.253978,False
2019-10-01,30.1,23.9,33.530215,22.844731,36.1,-3.430215,False
2019-10-02,31.9,23.9,33.522043,22.664194,36.1,-1.622043,False
2019-10-03,33.5,22.7,33.495914,22.477097,36.01,0.004086,False
2019-10-04,30.8,22.6,33.457419,22.285591,36.0,-2.657419,False
2019-10-05,31.7,22.0,33.419785,22.089247,36.0,-1.719785,False
2019-10-06,32.1,22.6,33.376129,21.882688,35.91,-1.276129,False
2019-10-07,31.9,21.1,33.332473,21.670753,35.9,-1.432473,False
2019-10-08,32.1,20.8,33.29871,21.467527,35.9,-1.19871,False
2019-10-09,32.1,20.7,33.253978,21.270215,35.8,-1.153978,False
2019-10-10,32.1,20.6,33.205161,21.080215,35.8,-1.105161,False
2019-10-11,32.5,20.7,33.133011,20.887634,35.7,-0.633011,False
2019-10-12,32.9,21.8,33.048925,20.68957,35.6,-0.148925,False
2019-10-13,33.4,22.8,32.943441,20.477312,35.5,0.456559,False
2019-10-14,33.6,22.4,32.825591,20.263763,35.4,0.774409,False
2019-10-15,33.5,22.6,32.718817,20.054731,35.3,0.781183,False
2019-10-16,33.3,22.5,32.607097,19.848387,35.21,0.692903,False
2019-10-17,32.8,21.8,32.490538,19.644409,35.2,0.309462,False
2019-10-18,32.4,22.5,32.378602,19.446774,35.1,0.021398,False
2019-10-19,31.9,21.6,32.260108,19.244731,35.0,-0.360108,False
2019-10-20,32.0,19.2,32.153441,19.040108,34.9,-0.153441,False
2019-10-21,32.0,18.5,32.037957,18.836774,34.71,-0.037957,False
2019-10-22,31.8,17.3,31.913011,18.643763,34.6,-0.113011,False
2019-10-23,32.2,18.4,31.764946,18.448602,34.5,0.435054,False
2019-10-24,31.7,19.2,31.596774,18.240323,34.3,0.103226,False
2019-10-25,30.7,18.8,31.433226,18.036882,34.2,-0.733226,False
2019-10-26,30.2,19.0,31.273548,17.827097,34.01,-1.073548,False
2019-10-27,31.8,18.3,31.125591,17.623763,33.9,0.674409,False
2019-10-28,30.6,19.1,30.964624,17.435806,33.8,-0.364624,False
2019-10-29,29.7,20.5,30.79914,17.249462,33.7,-1.09914,False
2019-10-30,31.2,19.2,30.636022,17.087849,33.4,0.563978,False
2019-10-31,31.9,19.0,30.477849,16.922796,33.3,1.422151,False
2019-11-01,31.9,19.6,30.326344,16.753011,33.1,1.573656,False
2019-11-02,30.0,19.4,30.166989,16.573011,33.0,-0.166989,False
2019-11-03,28.7,20.0,30.005914,16.390215,32.8,-1.305914,False
2019-11-04,30.4,18.3,29.832043,16.202473,32.6,0.567957,False
2019-11-05,30.8,17.2,29.649355,16.002043,32.41,1.150645,False
2019-11-06,30.1,19.0,29.474624,15.797957,32.3,0.625376,False
2019-11-07,24.5,17.5,29.287742,15.600968,32.1,-4.787742,False
2019-11-08,29.2,17.8,29.116022,15.407849,31.9,0.083978,False
2019-11-09,29.2,16.0,28.944194,15.229785,31.71,0.255806,False
2019-11-10,28.8,16.3,28.772796,15.055484,31.6,0.027204,False
2019-11-11,27.7,13.7,28.601075,14.883978,31.4,-0.901075,False
2019-11-12,28.2,14.3,28.432796,14.698817,31.3,-0.232796,False
2019-11-13,28.7,15.6,28.263441,14.513011,31.1,0.436559,False
2019-11-14,27.9,17.6,28.100968,14.340753,30.81,-0.200968,False
2019-11-15,28.6,17.7,27.926237,14.156129,30.7,0.673763,False
2019-11-16,28.8,17.2,27.741505,13.971075,30.5,1.058495,False
2019-11-17,29.0,16.1,27.55914,13.788495,30.4,1.44086,False
2019-11-18,26.6,14.9,27.378387,13.601505,30.2,-0.778387,False
2019-11-19,26.8,13.5,27.213226,13.41914,30.0,-0.413226,False
2019-11-20,27.4,13.6,27.054731,13.263656,29.9,0.345269,False
2019-11-21,27.3,14.0,26.904301,13.116237,29.7,0.395699,False
2019-11-22,27.8,15.3,26.746667,12.957204,29.6,1.053333,False
2019-11-23,26.4,16.0,26.598495,12.79914,29.5,-0.198495,False
2019-11-24,26.4,15.0,26.447204,12.653871,29.3,-0.047204,False
2019-11-25,26.9,15.1,26.275914,12.500645,29.11,0.624086,False
2019-11-26,26.5,16.5,26.08957,12.347419,28.9,0.41043,False
2019-11-27,27.2,16.7,25.895376,12.205806,28.71,1.304624,False
2019-11-28,22.6,14.4,25.696989,12.049892,28.6,-3.096989,False
2019-11-29,23.2,14.0,25.502796,11.873548,28.3,-2.302796,False
2019-11-30,22.7,12.2,25.313871,11.684516,28.0,-2.613871,False
2019-12-01,22.5,11.4,25.126667,11.501613,27.9,-2.626667,False
2019-12-02,22.8,9.8,24.956882,11.329677,27.7,-2.156882,False
2019-12-03,23.7,9.7,24.783441,11.166667,27.6,-1.083441,False
2019-12-04,23.8,9.8,24.595806,11.019892,27.5,-0.795806,False
2019-12-05,23.1,10.8,24.416129,10.892043,27.4,-1.316129,False
2019-12-06,22.4,11.0,24.24129,10.771613,27.3,-1.84129,False
2019-12-07,24.0,10.1,24.056882,10.651613,27.11,-0.056882,False
2019-12-08,23.6,9.2,23.884194,10.521398,27.0,-0.284194,False
2019-12-09,23.7,9.4,23.69914,10.386237,26.9,0.00086,False
2019-12-10,22.6,9.3,23.514839,10.238602,26.8,-0.914839,False
2019-12-11,22.3,10.4,23.330323,10.091613,26.7,-1.030323,False
2019-12-12,20.1,14.1,23.153548,9.949785,26.6,-3.053548,False
2019-12-13,18.2,11.7,22.976237,9.812473,26.41,-4.776237,False
2019-12-14,17.6,10.6,22.809892,9.680108,26.3,-5.209892,False
2019-12-15,19.0,10.9,22.617742,9.544516,26.1,-3.617742,False
2019-12-16,14.9,10.3,22.41914,9.436559,26.0,-7.51914,False
2019-12-17,15.5,9.9,22.242258,9.333333,25.9,-6.742258,False
2019-12-18,15.8,7.5,22.063763,9.246667,25.7,-6.263763,False
2019-12-19,16.1,8.1,21.883226,9.161828,25.6,-5.783226,False
2019-12-20,18.2,8.4,21.690215,9.065376,25.5,-3.490215,False
2019-12-21,16.2,9.5,21.507634,8.95,25.3,-5.307634,False
2019-12-22,17.2,9.2,21.316667,8.843871,25.01,-4.116667,False
2019-12-23,16.2,7.3,21.136989,8.731398,24.8,-4.936989,False
2019-12-24,14.6,6.5,20.94914,8.625591,24.5,-6.34914,False
2019-12-25,14.7,6.5,20.783118,8.52,24.3,-6.083118,False
2019-12-26,12.8,6.4,20.644086,8.426989,24.2,-7.844086,False
2019-12-27,14.3,4.2,20.52,8.346129,24.0,-6.22,False
2019-12-28,11.7,4.4,20.432796,8.264086,24.0,-8.732796,False
2019-12-29,11.7,3.7,20.367957,8.206344,23.81,-8.667957,False
2019-12-30,10.2,4.0,20.293441,8.156989,23.8,-10.093441,False
2019-12-31,12.7,2.5,20.207957,8.123871,23.7,-7.507957,False
2020-01-01,18.0,2.6,20.113978,8.102043,23.6,-2.113978,False
2020-01-02,21.3,7.4,20.013656,8.08,23.5,1.286344,False
2020-01-03,21.5,9.3,19.920215,8.042258,23.3,1.579785,False
2020-01-04,20.0,8.2,19.839247,7.991075,23.3,0.160753,False
2020-01-05,20.3,8.4,19.76871,7.935484,23.21,0.53129,False
2020-01-06,18.7,9.9,19.700215,7.901398,23.2,-1.000215,False
2020-01-07,18.4,12.5,19.647204,7.885484,23.1,-1.247204,False
2020-01-08,14.2,8.4,19.626129,7.885699,23.1,-5.426129,False
2020-01-09,15.3,6.7,19.628602,7.903656,23.1,-4.328602,False
2020-01-10,17.0,7.0,19.640753,7.934839,23.1,-2.640753,False
2020-01-11,18.1,7.9,19.672151,7.975376,23.2,-1.572151,False
2020-01-12,20.4,7.4,19.701075,8.02172,23.2,0.698925,False
2020-01-13,19.7,9.0,19.731935,8.082903,23.2,-0.031935,False
2020-01-14,16.7,7.7,19.776129,8.150968,23.2,-3.076129,False
2020-01-15,18.3,6.7,19.845699,8.21957,23.3,-1.545699,False
2020-01-16,15.7,10.1,19.929247,8.268495,23.4,-4.229247,False
2020-01-17,16.4,9.5,20.004839,8.303548,23.41,-3.604839,False
2020-01-18,16.1,8.8,20.085161,8.34,23.6,-3.985161,False
2020-01-19,17.0,7.9,20.188817,8.387957,23.71,-3.188817,False
2020-01-20,16.4,8.6,20.301935,8.455269,24.0,-3.901935,False
2020-01-21,18.6,7.4,20.395699,8.528817,24.01,-1.795699,False
2020-01-22,19.0,7.5,20.513763,8.604301,24.2,-1.513763,False
2020-01-23,19.2,8.9,20.638817,8.695591,24.3,-1.438817,False
2020-01-24,20.3,7.4,20.744731,8.773763,24.4,-0.444731,False
2020-01-25,19.4,6.7,20.850108,8.850215,24.4,-1.450108,False
2020-01-26,22.0,7.9,20.94129,8.924946,24.51,1.05871,False
2020-01-27,20.2,10.6,21.042258,9.012796,24.8,-0.842258,False
2020-01-28,19.2,11.0,21.163333,9.118602,25.1,-1.963333,False
2020-01-29,19.4,9.7,21.28914,9.230215,25.31,-1.88914,False
2020-01-30,20.3,9.2,21.417419,9.361398,25.6,-1.117419,False
2020-01-31,18.7,7.0,21.532581,9.468065,25.7,-2.832581,False
2020-02-01,19.1,7.8,21.68129,9.57172,25.81,-2.58129,False
2020-02-02,19.2,7.3,21.839677,9.688172,26.1,-2.639677,False
2020-02-03,20.4,7.4,22.015914,9.823226,26.2,-1.615914,False
2020-02-04,20.9,7.3,22.197097,9.957742,26.4,-1.297097,False
2020-02-05,20.8,7.5,22.380645,10.105914,26.6,-1.580645,False
2020-02-06,19.2,7.6,22.569247,10.23871,26.8,-3.369247,False
2020-02-07,19.8,8.5,22.757419,10.381398,26.9,-2.957419,False
2020-02-08,20.9,8.5,22.914624,10.534624,27.0,-2.014624,False
2020-02-09,21.8,7.9,23.071183,10.685591,27.2,-1.271183,False
2020-02-10,21.3,8.0,23.216022,10.826989,27.3,-1.916022,False
2020-02-11,22.1,8.5,23.344086,10.952366,27.5,-1.244086,False
2020-02-12,24.1,10.2,23.488495,11.070323,27.51,0.611505,False
2020-02-13,26.8,13.6,23.637419,11.19172,27.6,3.162581,False
2020-02-14,24.2,12.0,23.786237,11.327957,27.9,0.413763,False
2020-02-15,25.1,11.6,23.932796,11.464516,28.1,1.167204,False
2020-02-16,26.5,10.0,24.102473,11.602903,28.3,2.397527,False
2020-02-17,26.9,10.5,24.276559,11.771828,28.6,2.623441,False
2020-02-18,26.9,9.9,24.457634,11.92172,28.8,2.442366,False
2020-02-19,25.7,10.5,24.618925,12.064194,29.01,1.081075,False
2020-02-20,26.4,16.0,24.792473,12.213871,29.3,1.607527,False
2020-02-21,19.0,14.4,24.967849,12.359462,29.5,-5.967849,False
2020-02-22,22.5,14.4,25.141075,12.495484,29.6,-2.641075,False
2020-02-23,24.6,14.0,25.301183,12.639785,29.8,-0.701183,False
2020-02-24,25.1,13.8,25.500323,12.808495,30.1,-0.400323,False
2020-02-25,24.5,13.8,25.704086,12.986237,30.2,-1.204086,False
2020-02-26,25.7,14.5,25.889892,13.162581,30.4,-0.189892,False
2020-02-27,25.7,14.5,26.056989,13.315054,30.5,-0.356989,False
2020-02-28,24.8,17.0,26.215269,13.456667,30.7,-1.415269,False
2020-02-29,23.3,14.5,26.304086,13.52871,30.805,-3.004086,False
2020-03-01,25.1,15.6,26.392903,13.600753,30.91,-1.292903,False
2020-03-02,26.7,15.5,26.615591,13.739892,31.21,0.084409,False
2020-03-03,27.4,15.6,26.866774,13.910968,31.5,0.533226,False
2020-03-04,24.7,14.7,27.111935,14.093548,31.7,-2.411935,False
2020-03-05,25.2,15.1,27.347634,14.273978,31.9,-2.147634,False
2020-03-06,18.5,13.2,27.550108,14.450108,32.1,-9.050108,False
2020-03-07,20.2,12.8,27.747204,14.62957,32.21,-7.547204,False
2020-03-08,24.3,13.1,27.955161,14.802581,32.4,-3.655161,False
2020-03-09,24.7,12.3,28.17914,14.985161,32.6,-3.47914,False
2020-03-10,24.4,12.9,28.386022,15.153978,33.0,-3.986022,False
2020-03-11,25.2,15.8,28.598602,15.318602,33.1,-3.398602,False
2020-03-12,26.3,16.8,28.81172,15.478065,33.4,-2.51172,False
2020-03-13,25.9,15.8,29.067312,15.654624,33.8,-3.167312,False
2020-03-14,22.2,12.9,29.307527,15.84957,34.01,-7.107527,False
2020-03-15,22.9,13.4,29.52957,16.037097,34.3,-6.62957,False
2020-03-16,25.1,14.9,29.772258,16.21871,34.6,-4.672258,False
2020-03-17,27.3,15.2,30.010753,16.402688,34.81,-2.710753,False
2020-03-18,28.6,16.4,30.266237,16.581075,35.1,-1.666237,False
2020-03-19,29.1,17.2,30.497849,16.763011,35.4,-1.397849,False
2020-03-20,30.2,18.9,30.728925,16.935699,35.61,-0.528925,False
2020-03-21,29.9,18.3,30.960968,17.13043,36.1,-1.060968,False
2020-03-22,30.2,18.6,31.21172,17.335269,36.4,-1.01172,False
2020-03-23,30.0,18.7,31.433548,17.519785,36.6,-1.433548,False
2020-03-24,29.9,18.5,31.657957,17.698925,36.7,-1.757957,False
2020-03-25,31.5,19.9,31.866344,17.877419,36.81,-0.366344,False
2020-03-26,26.3,19.2,32.11172,18.064839,37.01,-5.81172,False
2020-03-27,24.8,17.2,32.360968,18.241505,37.3,-7.560968,False
2020-03-28,27.7,17.4,32.592151,18.426559,37.6,-4.892151,False
2020-03-29,29.2,17.7,32.847742,18.622366,37.7,-3.647742,False
2020-03-30,29.7,17.3,33.134301,18.840968,37.91,-3.434301,False
2020-03-31,30.3,18.3,33.40914,19.058817,38.1,-3.10914,False
2020-04-01,31.5,18.8,33.646237,19.25957,38.2,-2.146237,False
2020-04-02,30.2,16.7,33.823333,19.452258,38.4,-3.623333,False
2020-04-03,29.6,16.5,34.005269,19.627527,38.51,-4.405269,False
2020-04-04,31.6,17.2,34.201183,19.799892,38.7,-2.601183,False
2020-04-05,32.5,19.2,34.410645,19.960108,39.01,-1.910645,False
2020-04-06,34.7,19.6,34.627312,20.146559,39.3,0.072688,False
2020-04-07,32.4,20.0,34.843333,20.327742,39.5,-2.443333,False
2020-04-08,32.7,18.7,35.047097,20.51172,39.6,-2.347097,False
2020-04-09,31.9,18.3,35.258387,20.70086,39.8,-3.358387,False
2020-04-10,35.0,20.2,35.487204,20.889247,40.0,-0.487204,False
2020-04-11,35.9,22.0,35.696452,21.077527,40.2,0.203548,False
2020-04-12,34.9,21.0,35.915054,21.266882,40.3,-1.015054,False
2020-04-13,37.5,22.1,36.107849,21.458925,40.5,1.392151,False
2020-04-14,38.1,24.6,36.321828,21.64,40.7,1.778172,False
2020-04-15,38.4,23.7,36.543118,21.843011,40.8,1.856882,False
2020-04-16,38.2,24.6,36.727849,22.044839,40.9,1.472151,False
2020-04-17,36.7,24.3,36.904301,22.220753,41.0,-0.204301,False
2020-04-18,35.7,22.3,37.038602,22.390215,41.01,-1.338602,False
2020-04-19,34.9,21.9,37.186022,22.557419,41.11,-2.286022,False
2020-04-20,31.8,18.7,37.332581,22.731505,41.2,-5.532581,False
2020-04-21,33.8,20.3,37.472796,22.898172,41.4,-3.672796,False
2020-04-22,34.9,21.9,37.592258,23.059892,41.6,-2.692258,False
2020-04-23,35.0,22.3,37.742151,23.222366,41.7,-2.742151,False
2020-04-24,35.8,24.2,37.890538,23.411935,41.7,-2.090538,False
2020-04-25,35.8,24.5,38.042796,23.587634,41.8,-2.242796,False
2020-04-26,30.3,20.4,38.16,23.744624,41.8,-7.86,False
2020-04-27,31.0,20.6,38.258172,23.895806,41.8,-7.258172,False
2020-04-28,32.7,23.5,38.365806,24.036344,41.81,-5.665806,False
2020-04-29,35.3,24.9,38.477097,24.177204,41.9,-3.177097,False
2020-04-30,36.8,24.0,38.595161,24.324086,42.1,-1.795161,False
2020-05-01,36.6,25.0,38.696129,24.467097,42.3,-2.096129,False
2020-05-02,35.9,26.0,38.802366,24.604946,42.3,-2.902366,False
2020-05-03,36.0,20.9,38.939892,24.745376,42.4,-2.939892,False
2020-05-04,33.3,22.7,39.05172,24.889247,42.4,-5.75172,False
2020-05-05,35.3,24.2,39.123978,25.023763,42.41,-3.823978,False
2020-05-06,34.1,22.1,39.19172,25.16,42.5,-5.09172,False
2020-05-07,35.8,23.7,39.26957,25.267312,42.6,-3.46957,False
2020-05-08,37.9,25.2,39.349785,25.394086,42.61,-1.449785,False
2020-05-09,38.9,26.8,39.433978,25.518817,42.8,-0.533978,False
2020-05-10,34.1,22.0,39.504946,25.631935,42.9,-5.404946,False
2020-05-11,34.8,23.5,39.559892,25.759247,43.0,-4.759892,False
2020-05-12,34.9,24.8,39.638495,25.865591,43.01,-4.738495,False
2020-05-13,34.3,24.9,39.686559,25.949785,43.11,-5.386559,False
2020-05-14,38.3,24.9,39.714946,26.011935,43.2,-1.414946,False
2020-05-15,38.2,25.4,39.722473,26.072796,43.2,-1.522473,False
2020-05-16,38.5,23.7,39.729355,26.137419,43.3,-1.229355,False
2020-05-17,39.7,24.1,39.742473,26.207419,43.3,-0.042473,False
2020-05-18,39.8,23.5,39.762473,26.282688,43.4,0.037527,False
2020-05-19,39.7,24.4,39.808495,26.391613,43.4,-0.108495,False
2020-05-20,38.5,25.0,39.852366,26.502688,43.41,-1.352366,False
2020-05-21,41.1,24.5,39.893656,26.604516,43.6,1.206344,False
2020-05-22,42.5,25.6,39.927312,26.69086,43.6,2.572688,False
2020-05-23,42.8,28.0,39.937312,26.777527,43.6,2.862688,False
2020-05-24,43.2,27.7,39.934194,26.875484,43.7,3.265806,False
2020-05-25,43.5,28.3,39.936129,26.94828,43.8,3.563871,False
2020-05-26,44.8,27.3,39.953548,27.027419,43.8,4.846452,False
2020-05-27,44.1,27.8,39.963656,27.119677,43.8,4.136344,False
2020-05-28,38.9,25.7,39.965806,27.218387,43.81,-1.065806,False
2020-05-29,34.4,22.4,39.959677,27.30828,43.9,-5.559677,False
2020-05-30,31.7,23.3,39.938817,27.384516,43.9,-8.238817,False
2020-05-31,31.2,22.7,39.895699,27.449785,43.9,-8.695699,False
2020-06-01,34.0,23.2,39.821505,27.505269,43.81,-5.821505,False
2020-06-02,34.9,24.6,39.747527,27.560753,43.8,-4.847527,False
2020-06-03,34.9,25.8,39.665699,27.596989,43.7,-4.765699,False
2020-06-04,34.2,24.7,39.595484,27.631398,43.7,-5.395484,False
2020-06-05,33.2,24.6,39.528065,27.671935,43.71,-6.328065,False
2020-06-06,35.1,25.6,39.462796,27.726452,43.7,-4.362796,False
2020-06-07,33.7,25.3,39.398387,27.791505,43.7,-5.698387,False
2020-06-08,36.7,27.1,39.325376,27.845914,43.6,-2.625376,False
2020-06-09,39.5,28.4,39.212366,27.882688,43.6,0.287634,False
2020-06-10,39.3,28.8,39.084409,27.921613,43.5,0.215591,False
2020-06-11,38.4,29.8,38.95172,27.947312,43.4,-0.55172,False
2020-06-12,39.6,31.3,38.818817,27.971828,43.4,0.781183,False
2020-06-13,37.5,29.3,38.688817,28.013548,43.3,-1.188817,False
2020-06-14,37.6,29.9,38.574301,28.057312,43.2,-0.974301,False
2020-06-15,40.7,29.9,38.468172,28.107204,43.2,2.231828,False
2020-06-16,40.1,30.2,38.37043,28.141398,43.1,1.72957,False
2020-06-17,40.2,29.8,38.273011,28.182151,42.9,1.926989,False
2020-06-18,41.7,30.7,38.15914,28.217312,42.8,3.54086,False
2020-06-19,40.2,30.1,38.037312,28.217312,42.7,2.162688,False
2020-06-20,36.9,27.8,37.90086,28.22043,42.5,-1.00086,False
2020-06-21,36.4,28.2,37.765484,28.216452,42.4,-1.365484,False
2020-06-22,36.9,28.8,37.627312,28.216129,42.3,-0.727312,False
2020-06-23,35.8,28.8,37.506237,28.220323,42.1,-1.706237,False
2020-06-24,32.5,27.5,37.381935,28.210753,41.9,-4.881935,False
2020-06-25,35.1,27.9,37.243226,28.19,41.7,-2.143226,False
2020-06-26,36.5,29.1,37.061505,28.167312,41.4,-0.561505,False
2020-06-27,39.2,30.3,36.873118,28.126129,41.3,2.326882,False
2020-06-28,40.0,31.7,36.722151,28.084409,41.2,3.277849,False
2020-06-29,38.4,27.8,36.567097,28.056344,41.11,1.832903,False
2020-06-30,36.7,28.7,36.409892,28.029892,41.0,0.290108,False
2020-07-01,37.6,30.3,36.246022,27.995376,40.9,1.353978,False
2020-07-02,39.5,31.4,36.103871,27.971613,40.8,3.396129,False
2020-07-03,40.7,27.9,35.963656,27.940968,40.7,4.736344,False
2020-07-04,36.9,25.7,35.849247,27.928065,40.6,1.050753,False
2020-07-05,34.6,26.1,35.702903,27.904194,40.4,-1.102903,False
2020-07-06,35.0,27.8,35.553118,27.876129,40.3,-0.553118,False
2020-07-07,33.1,26.4,35.40086,27.838172,40.01,-2.30086,False
2020-07-08,33.7,27.7,35.262366,27.795914,39.8,-1.562366,False
2020-07-09,35.5,29.1,35.133333,27.757634,39.7,0.366667,False
2020-07-10,38.1,28.4,35.022151,27.725054,39.6,3.077849,False
2020-07-11,36.4,29.1,34.914839,27.690323,39.4,1.485161,False
2020-07-12,34.1,26.2,34.814409,27.65129,39.2,-0.714409,False
2020-07-13,36.5,27.1,34.707312,27.621075,39.0,1.792688,False
2020-07-14,37.8,29.2,34.605269,27.590645,38.91,3.194731,False
2020-07-15,35.3,28.6,34.503656,27.572473,38.81,0.796344,False
2020-07-16,36.0,28.0,34.397204,27.54,38.7,1.602796,False
2020-07-17,35.6,29.7,34.276989,27.5,38.41,1.323011,False
2020-07-18,34.7,29.2,34.165591,27.452796,38.2,0.534409,False
2020-07-19,34.8,26.7,34.062366,27.405806,38.01,0.737634,False
2020-07-20,31.9,24.7,33.969892,27.375484,37.8,-2.069892,False
2020-07-21,30.8,25.6,33.886344,27.341935,37.51,-3.086344,False
2020-07-22,29.3,25.4,33.789892,27.320645,37.1,-4.489892,False
2020-07-23,33.8,26.9,33.709785,27.301075,36.91,0.090215,False
2020-07-24,33.0,26.8,33.633011,27.266559,36.81,-0.633011,False
2020-07-25,34.4,27.8,33.552151,27.23129,36.7,0.847849,False
2020-07-26,34.3,28.4,33.476667,27.207634,36.41,0.823333,False
2020-07-27,35.9,29.0,33.442581,27.191398,36.4,2.457419,False
2020-07-28,36.7,29.5,33.424301,27.185161,36.4,3.275699,False
2020-07-29,34.3,27.0,33.374409,27.173226,36.3,0.925591,False
2020-07-30,32.6,27.4,33.33129,27.155914,36.3,-0.73129,False
2020-07-31,34.3,27.8,33.288495,27.125054,36.2,1.011505,False
2020-08-01,33.1,27.4,33.246559,27.100968,36.2,-0.146559,False
2020-08-02,36.3,28.0,33.223763,27.073656,36.2,3.076237,False
2020-08-03,35.8,28.3,33.216559,27.054301,36.1,2.583441,False
2020-08-04,36.6,29.1,33.148065,27.028925,36.1,3.451935,False
2020-08-05,34.0,28.3,33.137312,27.012258,36.0,0.862688,False
2020-08-06,36.1,28.4,33.130108,26.993763,36.0,2.969892,False
2020-08-07,34.9,29.0,33.11,26.966774,35.9,1.79,False
2020-08-08,36.1,28.4,33.074946,26.943441,35.9,3.025054,False
2020-08-09,33.7,28.5,33.045269,26.916022,35.8,0.654731,False
2020-08-10,33.3,28.0,33.024946,26.896452,35.8,0.275054,False
2020-08-11,35.0,27.7,33.021075,26.877204,35.71,1.978925,False
2020-08-12,34.2,26.5,33.022903,26.865806,35.71,1.177097,False
2020-08-13,30.0,26.4,33.028602,26.855161,35.71,-3.028602,False
2020-08-14,31.1,26.8,33.032366,26.837204,35.8,-1.932366,False
2020-08-15,33.8,27.5,33.029462,26.809462,35.71,0.770538,False
2020-08-16,34.5,28.1,33.032366,26.784301,35.7,1.467634,False
2020-08-17,34.1,27.8,33.036022,26.769892,35.7,1.063978,False
2020-08-18,33.8,27.3,33.032151,26.737849,35.7,0.767849,False
2020-08-19,28.0,25.7,33.022473,26.710538,35.7,-5.022473,False
2020-08-20,30.2,26.3,32.999247,26.671183,35.7,-2.799247,False
2020-08-21,32.9,26.9,32.987849,26.625591,35.7,-0.087849,False
2020-08-22,33.2,27.1,32.979032,26.569247,35.7,0.220968,False
2020-08-23,32.4,26.8,32.958925,26.515699,35.7,-0.558925,False
2020-08-24,32.0,26.6,32.946452,26.468817,35.7,-0.946452,False
2020-08-25,32.5,27.2,32.943441,26.433226,35.7,-0.443441,False
2020-08-26,33.1,27.5,32.939355,26.393871,35.7,0.160645,False
2020-08-27,33.3,27.4,32.920968,26.352796,35.7,0.379032,False
2020-08-28,32.5,26.1,32.89957,26.310645,35.81,-0.39957,False
2020-08-29,33.6,27.2,32.908602,26.269677,35.71,0.691398,False
2020-08-30,30.7,25.9,32.921183,26.224624,35.71,-2.221183,False
2020-08-31,32.2,26.2,32.930215,26.18172,35.8,-0.730215,False
2020-09-01,32.6,26.8,32.939462,26.134301,35.71,-0.339462,False
2020-09-02,33.4,27.5,32.958817,26.085806,35.71,0.441183,False
2020-09-03,32.2,27.3,32.970753,26.032581,35.8,-0.770753,False
2020-09-04,33.4,27.0,33.014301,25.983226,35.81,0.385699,False
2020-09-05,32.9,25.7,33.031613,25.933871,35.9,-0.131613,False
2020-09-06,34.0,26.7,33.050968,25.87957,35.9,0.949032,False
2020-09-07,33.8,27.1,33.054301,25.81828,35.9,0.745699,False
2020-09-08,34.9,26.9,33.054839,25.739892,35.9,1.845161,False
2020-09-09,35.7,27.4,33.054086,25.647849,35.91,2.645914,False
2020-09-10,36.0,27.6,33.08129,25.548602,36.0,2.91871,False
2020-09-11,36.3,27.9,33.096344,25.454516,36.0,3.203656,False
2020-09-12,36.1,28.3,33.120323,25.361828,36.0,2.979677,False
2020-09-13,35.6,28.2,33.15129,25.263871,36.1,2.44871,False
2020-09-14,36.5,27.4,33.173118,25.165591,36.1,3.326882,True
2020-09-15,36.9,28.4,33.19828,25.055914,36.1,3.70172,True
2020-09-16,37.7,27.8,33.227634,24.945054,36.1,4.472366,True
2020-09-17,37.5,28.7,33.247312,24.820968,36.2,4.252688,True
2020-09-18,37.7,28.9,33.271613,24.709677,36.2,4.428387,True
2020-09-19,37.0,27.8,33.290645,24.597849,36.2,3.709355,True
2020-09-20,36.3,26.9,33.317957,24.483763,36.2,2.982043,True
2020-09-21,36.4,27.4,33.334946,24.367204,36.2,3.065054,True
2020-09-22,35.3,27.8,33.375591,24.251935,36.2,1.924409,False
2020-09-23,34.5,26.0,33.427204,24.130108,36.2,1.072796,False
2020-09-24,35.1,26.7,33.478172,24.003763,36.2,1.621828,False
2020-09-25,36.8,24.9,33.50957,23.863011,36.2,3.29043,False
2020-09-26,34.8,25.3,33.524086,23.709462,36.11,1.275914,False
2020-09-27,35.3,25.1,33.541075,23.546344,36.1,1.758925,False
2020-09-28,35.6,23.3,33.566989,23.386559,36.1,2.033011,False
2020-09-29,35.9,23.5,33.567312,23.208817,36.1,2.332688,False
2020-09-30,35.9,22.6,33.553978,23.025054,36.1,2.346022,False
2020-10-01,36.7,22.2,33.530215,22.844731,36.1,3.169785,False
2020-10-02,36.1,22.2,33.522043,22.664194,36.1,2.577957,False
2020-10-03,35.9,20.9,33.495914,22.477097,36.01,2.404086,False
2020-10-04,35.0,20.7,33.457419,22.285591,36.0,1.542581,False
2020-10-05,35.3,21.2,33.419785,22.089247,36.0,1.880215,False
2020-10-06,36.2,20.0,33.376129,21.882688,35.91,2.823871,False
2020-10-07,36.2,20.6,33.332473,21.670753,35.9,2.867527,False
2020-10-08,35.5,20.0,33.29871,21.467527,35.9,2.20129,False
2020-10-09,35.4,20.8,33.253978,21.270215,35.8,2.146022,False
2020-10-10,35.1,21.6,33.205161,21.080215,35.8,1.894839,False
2020-10-11,35.3,20.2,33.133011,20.887634,35.7,2.166989,False
2020-10-12,35.3,21.7,33.048925,20.68957,35.6,2.251075,False
2020-10-13,34.5,23.1,32.943441,20.477312,35.5,1.556559,False
2020-10-14,34.3,23.0,32.825591,20.263763,35.4,1.474409,False
2020-10-15,34.5,19.8,32.718817,20.054731,35.3,1.781183,False
2020-10-16,34.6,20.0,32.607097,19.848387,35.21,1.992903,False
2020-10-17,34.3,19.6,32.490538,19.644409,35.2,1.809462,False
2020-10-18,34.6,19.7,32.378602,19.446774,35.1,2.221398,False
2020-10-19,33.9,17.2,32.260108,19.244731,35.0,1.639892,False
2020-10-20,34.2,16.9,32.153441,19.040108,34.9,2.046559,False
2020-10-21,34.1,19.2,32.037957,18.836774,34.71,2.062043,False
2020-10-22,33.8,18.3,31.913011,18.643763,34.6,1.886989,False
2020-10-23,34.0,16.8,31.764946,18.448602,34.5,2.235054,False
2020-10-24,33.7,17.5,31.596774,18.240323,34.3,2.103226,False
2020-10-25,34.1,17.9,31.433226,18.036882,34.2,2.666774,False
2020-10-26,33.4,17.1,31.273548,17.827097,34.01,2.126452,False
2020-10-27,32.3,14.7,31.125591,17.623763,33.9,1.174409,False
2020-10-28,31.8,15.7,30.964624,17.435806,33.8,0.835376,False
2020-10-29,31.5,15.7,30.79914,17.249462,33.7,0.70086,False
2020-10-30,31.5,15.9,30.636022,17.087849,33.4,0.863978,False
2020-10-31,31.1,14.9,30.477849,16.922796,33.3,0.622151,False
2020-11-01,30.5,13.8,30.326344,16.753011,33.1,0.173656,False
2020-11-02,30.7,12.9,30.166989,16.573011,33.0,0.533011,False
2020-11-03,31.0,13.8,30.005914,16.390215,32.8,0.994086,False
2020-11-04,29.6,14.7,29.832043,16.202473,32.6,-0.232043,False
2020-11-05,31.6,14.1,29.649355,16.002043,32.41,1.950645,False
2020-11-06,31.9,14.4,29.474624,15.797957,32.3,2.425376,False
2020-11-07,30.6,13.3,29.287742,15.600968,32.1,1.312258,False
2020-11-08,29.8,13.2,29.116022,15.407849,31.9,0.683978,False
2020-11-09,29.5,13.3,28.944194,15.229785,31.71,0.555806,False
2020-11-10,29.2,13.8,28.772796,15.055484,31.6,0.427204,False
2020-11-11,28.6,14.0,28.601075,14.883978,31.4,-0.001075,False
2020-11-12,28.5,14.1,28.432796,14.698817,31.3,0.067204,False
2020-11-13,28.8,13.4,28.263441,14.513011,31.1,0.536559,False
2020-11-14,28.2,14.7,28.100968,14.340753,30.81,0.099032,False
2020-11-15,29.2,15.8,27.926237,14.156129,30.7,1.273763,False
2020-11-16,23.9,15.3,27.741505,13.971075,30.5,-3.841505,False
2020-11-17,24.7,14.3,27.55914,13.788495,30.4,-2.85914,False
2020-11-18,24.6,12.9,27.378387,13.601505,30.2,-2.778387,False
2020-11-19,25.2,11.5,27.213226,13.41914,30.0,-2.013226,False
2020-11-20,24.6,11.7,27.054731,13.263656,29.9,-2.454731,False
2020-11-21,24.1,10.0,26.904301,13.116237,29.7,-2.804301,False
2020-11-22,24.3,8.9,26.746667,12.957204,29.6,-2.446667,False
2020-11-23,24.2,9.8,26.598495,12.79914,29.5,-2.398495,False
2020-11-24,24.2,11.3,26.447204,12.653871,29.3,-2.247204,False
2020-11-25,23.0,13.9,26.275914,12.500645,29.11,-3.275914,False
2020-11-26,23.0,13.0,26.08957,12.347419,28.9,-3.08957,False
2020-11-27,25.8,12.4,25.895376,12.205806,28.71,-0.095376,False
2020-11-28,26.2,11.1,25.696989,12.049892,28.6,0.503011,False
2020-11-29,25.7,9.9,25.502796,11.873548,28.3,0.197204,False
2020-11-30,25.6,10.3,25.313871,11.684516,28.0,0.286129,False
2020-12-01,26.4,10.6,25.126667,11.501613,27.9,1.273333,False
2020-12-02,27.2,11.9,24.956882,11.329677,27.7,2.243118,False
2020-12-03,27.5,11.2,24.783441,11.166667,27.6,2.716559,False
2020-12-04,28.2,11.5,24.595806,11.019892,27.5,3.604194,False
2020-12-05,27.7,14.2,24.416129,10.892043,27.4,3.283871,False
2020-12-06,27.7,13.7,24.24129,10.771613,27.3,3.45871,False
2020-12-07,27.2,12.1,24.056882,10.651613,27.11,3.143118,False
2020-12-08,27.1,12.5,23.884194,10.521398,27.0,3.215806,False
2020-12-09,28.0,13.2,23.69914,10.386237,26.9,4.30086,False
2020-12-10,28.2,14.6,23.514839,10.238602,26.8,4.685161,False
2020-12-11,26.2,14.4,23.330323,10.091613,26.7,2.869677,False
2020-12-12,22.1,13.9,23.153548,9.949785,26.6,-1.053548,False
2020-12-13,19.7,10.1,22.976237,9.812473,26.41,-3.276237,False
2020-12-14,19.0,7.7,22.809892,9.680108,26.3,-3.809892,False
2020-12-15,18.7,7.4,22.617742,9.544516,26.1,-3.917742,False
2020-12-16,18.4,6.4,22.41914,9.436559,26.0,-4.01914,False
2020-12-17,16.0,6.0,22.242258,9.333333,25.9,-6.242258,False
2020-12-18,19.8,6.2,22.063763,9.246667,25.7,-2.263763,False
2020-12-19,21.4,6.8,21.883226,9.161828,25.6,-0.483226,False
2020-12-20,21.9,7.2,21.690215,9.065376,25.5,0.209785,False
2020-12-21,22.9,8.7,21.507634,8.95,25.3,1.392366,False
2020-12-22,23.1,6.9,21.316667,8.843871,25.01,1.783333,False
2020-12-23,23.4,6.9,21.136989,8.731398,24.8,2.263011,False
2020-12-24,23.2,7.1,20.94914,8.625591,24.5,2.25086,False
2020-12-25,22.2,7.6,20.783118,8.52,24.3,1.416882,False
2020-12-26,21.4,7.8,20.644086,8.426989,24.2,0.755914,False
2020-12-27,22.7,8.3,20.52,8.346129,24.0,2.18,False
2020-12-28,19.4,6.1,20.432796,8.264086,24.0,-1.032796,False
2020-12-29,18.9,5.7,20.367957,8.206344,23.81,-1.467957,False
2020-12-30,16.5,5.4,20.293441,8.156989,23.8,-3.793441,False
2020-12-31,16.8,4.4,20.207957,8.123871,23.7,-3.407957,False
2021-01-01,17.3,4.9,20.113978,8.102043,23.6,-2.813978,False
2021-01-02,17.6,10.7,20.013656,8.08,23.5,-2.413656,False
2021-01-03,22.5,12.9,19.920215,8.042258,23.3,2.579785,False
2021-01-04,22.8,14.3,19.839247,7.991075,23.3,2.960753,False
2021-01-05,22.3,15.6,19.76871,7.935484,23.21,2.53129,False
2021-01-06,22.1,14.5,19.700215,7.901398,23.2,2.399785,False
2021-01-07,18.1,10.2,19.647204,7.885484,23.1,-1.547204,False
2021-01-08,17.4,10.0,19.626129,7.885699,23.1,-2.226129,False
2021-01-09,20.6,11.8,19.628602,7.903656,23.1,0.971398,False
2021-01-10,17.1,8.9,19.640753,7.934839,23.1,-2.540753,False
2021-01-11,17.1,7.4,19.672151,7.975376,23.2,-2.572151,False
2021-01-12,17.7,6.7,19.701075,8.02172,23.2,-2.001075,False
2021-01-13,18.7,5.0,19.731935,8.082903,23.2,-1.031935,False
2021-01-14,19.6,5.4,19.776129,8.150968,23.2,-0.176129,False
2021-01-15,21.0,6.6,19.845699,8.21957,23.3,1.154301,False
2021-01-16,17.9,6.1,19.929247,8.268495,23.4,-2.029247,False
2021-01-17,16.4,6.7,20.004839,8.303548,23.41,-3.604839,False
2021-01-18,17.8,10.2,20.085161,8.34,23.6,-2.285161,False
2021-01-19,20.9,10.3,20.188817,8.387957,23.71,0.711183,False
2021-01-20,19.9,10.3,20.301935,8.455269,24.0,-0.401935,False
2021-01-21,21.9,7.3,20.395699,8.528817,24.01,1.504301,False
2021-01-22,20.3,7.4,20.513763,8.604301,24.2,-0.213763,False
2021-01-23,20.2,10.2,20.638817,8.695591,24.3,-0.438817,False
2021-01-24,16.4,9.8,20.744731,8.773763,24.4,-4.344731,False
2021-01-25,17.7,8.5,20.850108,8.850215,24.4,-3.150108,False
2021-01-26,18.9,7.4,20.94129,8.924946,24.51,-2.04129,False
2021-01-27,20.5,6.1,21.042258,9.012796,24.8,-0.542258,False
2021-01-28,18.7,5.9,21.163333,9.118602,25.1,-2.463333,False
2021-01-29,19.5,7.2,21.28914,9.230215,25.31,-1.78914,False
2021-01-30,21.1,5.9,21.417419,9.361398,25.6,-0.317419,False
2021-01-31,22.8,5.9,21.532581,9.468065,25.7,1.267419,False
2021-02-01,24.6,8.6,21.68129,9.57172,25.81,2.91871,False
2021-02-02,25.5,9.0,21.839677,9.688172,26.1,3.660323,False
2021-02-03,26.0,12.6,22.015914,9.823226,26.2,3.984086,False
2021-02-04,20.8,8.8,22.197097,9.957742,26.4,-1.397097,False
2021-02-05,20.7,8.8,22.380645,10.105914,26.6,-1.680645,False
2021-02-06,22.0,10.5,22.569247,10.23871,26.8,-0.569247,False
2021-02-07,22.8,10.2,22.757419,10.381398,26.9,0.042581,False
2021-02-08,24.5,10.2,22.914624,10.534624,27.0,1.585376,False
2021-02-09,26.1,10.4,23.071183,10.685591,27.2,3.028817,False
2021-02-10,27.6,11.6,23.216022,10.826989,27.3,4.383978,False
2021-02-11,25.7,11.8,23.344086,10.952366,27.5,2.355914,False
2021-02-12,24.0,11.9,23.488495,11.070323,27.51,0.511505,False
2021-02-13,24.9,11.7,23.637419,11.19172,27.6,1.262581,False
2021-02-14,26.8,12.3,23.786237,11.327957,27.9,3.013763,False
2021-02-15,28.5,12.6,23.932796,11.464516,28.1,4.567204,False
2021-02-16,28.4,12.9,24.102473,11.602903,28.3,4.297527,False
2021-02-17,27.8,12.5,24.276559,11.771828,28.6,3.523441,False
2021-02-18,27.8,12.5,24.457634,11.92172,28.8,3.342366,False
2021-02-19,27.0,13.4,24.618925,12.064194,29.01,2.381075,False
2021-02-20,27.4,12.4,24.792473,12.213871,29.3,2.607527,False
2021-02-21,28.1,13.1,24.967849,12.359462,29.5,3.132151,False
2021-02-22,29.2,12.9,25.141075,12.495484,29.6,4.058925,False
2021-02-23,31.5,13.6,25.301183,12.639785,29.8,6.198817,False
2021-02-24,32.9,15.0,25.500323,12.808495,30.1,7.399677,False
2021-02-25,32.8,15.7,25.704086,12.986237,30.2,7.095914,False
2021-02-26,33.3,16.9,25.889892,13.162581,30.4,7.410108,False
2021-02-27,32.3,18.1,26.056989,13.315054,30.5,6.243011,False
2021-02-28,31.5,15.9,26.215269,13.456667,30.7,5.284731,False
2021-03-01,28.7,14.9,26.392903,13.600753,30.91,2.307097,False
2021-03-02,28.9,15.5,26.615591,13.739892,31.21,2.284409,False
2021-03-03,31.3,14.7,26.866774,13.910968,31.5,4.433226,False
2021-03-04,32.6,15.3,27.111935,14.093548,31.7,5.488065,False
2021-03-05,31.2,16.5,27.347634,14.273978,31.9,3.852366,False
2021-03-06,32.0,16.7,27.550108,14.450108,32.1,4.449892,False
2021-03-07,33.2,17.9,27.747204,14.62957,32.21,5.452796,False
2021-03-08,31.7,19.8,27.955161,14.802581,32.4,3.744839,False
2021-03-09,32.6,20.5,28.17914,14.985161,32.6,4.42086,False
2021-03-10,33.0,18.2,28.386022,15.153978,33.0,4.613978,False
2021-03-11,33.8,19.2,28.598602,15.318602,33.1,5.201398,False
2021-03-12,28.4,17.0,28.81172,15.478065,33.4,-0.41172,False
2021-03-13,30.6,17.7,29.067312,15.654624,33.8,1.532688,False
2021-03-14,31.8,18.2,29.307527,15.84957,34.01,2.492473,False
2021-03-15,32.4,19.1,29.52957,16.037097,34.3,2.87043,False
2021-03-16,32.6,18.8,29.772258,16.21871,34.6,2.827742,False
2021-03-17,34.6,19.1,30.010753,16.402688,34.81,4.589247,False
2021-03-18,34.3,19.7,30.266237,16.581075,35.1,4.033763,False
2021-03-19,33.2,20.0,30.497849,16.763011,35.4,2.702151,False
2021-03-20,34.3,18.9,30.728925,16.935699,35.61,3.571075,False
2021-03-21,35.2,19.6,30.960968,17.13043,36.1,4.239032,False
2021-03-22,33.3,21.4,31.21172,17.335269,36.4,2.08828,False
2021-03-23,30.3,18.7,31.433548,17.519785,36.6,-1.133548,False
2021-03-24,32.8,18.8,31.657957,17.698925,36.7,1.142043,False
2021-03-25,30.6,17.8,31.866344,17.877419,36.81,-1.266344,False
2021-03-26,32.1,18.1,32.11172,18.064839,37.01,-0.01172,False
2021-03-27,34.8,19.1,32.360968,18.241505,37.3,2.439032,False
2021-03-28,37.0,19.8,32.592151,18.426559,37.6,4.407849,False
2021-03-29,39.7,21.8,32.847742,18.622366,37.7,6.852258,False
2021-03-30,38.6,22.4,33.134301,18.840968,37.91,5.465699,False
2021-03-31,35.5,20.0,33.40914,19.058817,38.1,2.09086,False
2021-04-01,35.0,18.3,33.646237,19.25957,38.2,1.353763,False
2021-04-02,35.1,17.4,33.823333,19.452258,38.4,1.276667,False
2021-04-03,35.5,17.8,34.005269,19.627527,38.51,1.494731,False
2021-04-04,37.6,18.6,34.201183,19.799892,38.7,3.398817,False
2021-04-05,39.4,21.4,34.410645,19.960108,39.01,4.989355,False
2021-04-06,38.8,23.8,34.627312,20.146559,39.3,4.172688,False
2021-04-07,37.1,23.1,34.843333,20.327742,39.5,2.256667,False
2021-04-08,35.9,19.8,35.047097,20.51172,39.6,0.852903,False
2021-04-09,37.0,20.8,35.258387,20.70086,39.8,1.741613,False
2021-04-10,37.8,21.6,35.487204,20.889247,40.0,2.312796,False
2021-04-11,38.8,21.6,35.696452,21.077527,40.2,3.103548,False
2021-04-12,40.0,22.7,35.915054,21.266882,40.3,4.084946,False
2021-04-13,40.3,23.9,36.107849,21.458925,40.5,4.192151,False
2021-04-14,41.1,24.7,36.321828,21.64,40.7,4.778172,False
2021-04-15,40.5,23.0,36.543118,21.843011,40.8,3.956882,False
2021-04-16,39.3,21.5,36.727849,22.044839,40.9,2.572151,False
2021-04-17,35.3,21.5,36.904301,22.220753,41.0,-1.604301,False
2021-04-18,37.0,22.3,37.038602,22.390215,41.01,-0.038602,False
2021-04-19,38.6,23.1,37.186022,22.557419,41.11,1.413978,False
2021-04-20,34.7,21.1,37.332581,22.731505,41.2,-2.632581,False
2021-04-21,34.0,20.7,37.472796,22.898172,41.4,-3.472796,False
2021-04-22,33.5,22.4,37.592258,23.059892,41.6,-4.092258,False
2021-04-23,34.6,20.8,37.742151,23.222366,41.7,-3.142151,False
2021-04-24,34.1,22.1,37.890538,23.411935,41.7,-3.790538,False
2021-04-25,38.0,21.3,38.042796,23.587634,41.8,-0.042796,False
2021-04-26,40.6,22.3,38.16,23.744624,41.8,2.44,False
2021-04-27,42.1,23.8,38.258172,23.895806,41.8,3.841828,False
2021-04-28,42.9,26.2,38.365806,24.036344,41.81,4.534194,False
2021-04-29,42.9,26.9,38.477097,24.177204,41.9,4.422903,False
2021-04-30,41.1,28.8,38.595161,24.324086,42.1,2.504839,False
2021-05-01,39.9,27.7,38.696129,24.467097,42.3,1.203871,False
2021-05-02,38.8,26.6,38.802366,24.604946,42.3,-0.002366,False
2021-05-03,38.8,25.9,38.939892,24.745376,42.4,-0.139892,False
2021-05-04,39.6,26.3,39.05172,24.889247,42.4,0.54828,False
2021-05-05,38.6,27.7,39.123978,25.023763,42.41,-0.523978,False
2021-05-06,39.0,22.5,39.19172,25.16,42.5,-0.19172,False
2021-05-07,36.0,24.0,39.26957,25.267312,42.6,-3.26957,False
2021-05-08,38.1,25.9,39.349785,25.394086,42.61,-1.249785,False
2021-05-09,38.5,25.0,39.433978,25.518817,42.8,-0.933978,False
2021-05-10,36.9,25.4,39.504946,25.631935,42.9,-2.604946,False
2021-05-11,38.6,25.5,39.559892,25.759247,43.0,-0.959892,False
2021-05-12,36.0,24.0,39.638495,25.865591,43.01,-3.638495,False
2021-05-13,33.7,24.1,39.686559,25.949785,43.11,-5.986559,False
2021-05-14,37.4,25.0,39.714946,26.011935,43.2,-2.314946,False
2021-05-15,36.6,26.2,39.722473,26.072796,43.2,-3.122473,False
2021-05-16,40.2,27.0,39.729355,26.137419,43.3,0.470645,False
2021-05-17,38.3,26.9,39.742473,26.207419,43.3,-1.442473,False
2021-05-18,29.4,23.7,39.762473,26.282688,43.4,-10.362473,False
2021-05-19,26.3,21.4,39.808495,26.391613,43.4,-13.508495,False
2021-05-20,30.5,22.0,39.852366,26.502688,43.41,-9.352366,False
2021-05-21,31.6,22.4,39.893656,26.604516,43.6,-8.293656,False
2021-05-22,34.2,24.5,39.927312,26.69086,43.6,-5.727312,False
2021-05-23,34.3,23.7,39.937312,26.777527,43.6,-5.637312,False
2021-05-24,35.9,25.6,39.934194,26.875484,43.7,-4.034194,False
2021-05-25,38.4,23.9,39.936129,26.94828,43.8,-1.536129,False
2021-05-26,38.9,25.2,39.953548,27.027419,43.8,-1.053548,False
2021-05-27,39.9,26.3,39.963656,27.119677,43.8,-0.063656,False
2021-05-28,37.4,27.5,39.965806,27.218387,43.81,-2.565806,False
2021-05-29,36.3,25.7,39.959677,27.30828,43.9,-3.659677,False
2021-05-30,37.2,26.9,39.938817,27.384516,43.9,-2.738817,False
2021-05-31,39.0,22.4,39.895699,27.449785,43.9,-0.895699,False
2021-06-01,32.6,24.5,39.821505,27.505269,43.81,-7.221505,False
2021-06-02,35.3,25.2,39.747527,27.560753,43.8,-4.447527,False
2021-06-03,37.2,27.2,39.665699,27.596989,43.7,-2.465699,False
2021-06-04,37.7,26.6,39.595484,27.631398,43.7,-1.895484,False
2021-06-05,37.5,27.2,39.528065,27.671935,43.71,-2.028065,False
2021-06-06,38.5,27.8,39.462796,27.726452,43.7,-0.962796,False
2021-06-07,40.5,29.7,39.398387,27.791505,43.7,1.101613,False
2021-06-08,41.8,32.4,39.325376,27.845914,43.6,2.474624,False
2021-06-09,43.1,31.2,39.212366,27.882688,43.6,3.887634,False
2021-06-10,38.3,27.1,39.084409,27.921613,43.5,-0.784409,False
2021-06-11,38.9,28.4,38.95172,27.947312,43.4,-0.05172,False
2021-06-12,36.2,25.2,38.818817,27.971828,43.4,-2.618817,False
2021-06-13,34.8,27.3,38.688817,28.013548,43.3,-3.888817,False
2021-06-14,37.5,27.9,38.574301,28.057312,43.2,-1.074301,False
2021-06-15,37.4,25.5,38.468172,28.107204,43.2,-1.068172,False
2021-06-16,34.2,27.1,38.37043,28.141398,43.1,-4.17043,False
2021-06-17,35.9,26.8,38.273011,28.182151,42.9,-2.373011,False
2021-06-18,34.7,25.9,38.15914,28.217312,42.8,-3.45914,False
2021-06-19,33.0,26.2,38.037312,28.217312,42.7,-5.037312,False
2021-06-20,33.6,26.2,37.90086,28.22043,42.5,-4.30086,False
2021-06-21,36.7,27.6,37.765484,28.216452,42.4,-1.065484,False
2021-06-22,39.9,29.4,37.627312,28.216129,42.3,2.272688,False
2021-06-23,40.0,29.2,37.506237,28.220323,42.1,2.493763,False
2021-06-24,37.4,27.7,37.381935,28.210753,41.9,0.018065,False
2021-06-25,38.6,26.1,37.243226,28.19,41.7,1.356774,False
2021-06-26,36.9,27.3,37.061505,28.167312,41.4,-0.161505,False
2021-06-27,38.7,30.0,36.873118,28.126129,41.3,1.826882,False
2021-06-28,40.4,30.4,36.722151,28.084409,41.2,3.677849,False
2021-06-29,42.6,31.3,36.567097,28.056344,41.11,6.032903,True
2021-06-30,43.0,33.5,36.409892,28.029892,41.0,6.590108,True
2021-07-01,42.4,33.7,36.246022,27.995376,40.9,6.153978,True
2021-07-02,41.9,29.3,36.103871,27.971613,40.8,5.796129,True
2021-07-03,39.8,29.1,35.963656,27.940968,40.7,3.836344,False
2021-07-04,38.9,29.8,35.849247,27.928065,40.6,3.050753,False
2021-07-05,40.3,30.9,35.702903,27.904194,40.4,4.597097,False
2021-07-06,41.2,32.1,35.553118,27.876129,40.3,5.646882,True
2021-07-07,42.0,32.9,35.40086,27.838172,40.01,6.59914,True
2021-07-08,41.1,29.5,35.262366,27.795914,39.8,5.837634,True
2021-07-09,37.9,29.8,35.133333,27.757634,39.7,2.766667,False
2021-07-10,38.5,31.7,35.022151,27.725054,39.6,3.477849,False
2021-07-11,37.7,28.5,34.914839,27.690323,39.4,2.785161,False
2021-07-12,36.3,28.4,34.814409,27.65129,39.2,1.485591,False
2021-07-13,33.3,28.4,34.707312,27.621075,39.0,-1.407312,False
2021-07-14,35.7,27.1,34.605269,27.590645,38.91,1.094731,False
2021-07-15,34.1,28.9,34.503656,27.572473,38.81,-0.403656,False
2021-07-16,36.5,29.8,34.397204,27.54,38.7,2.102796,False
2021-07-17,37.6,29.0,34.276989,27.5,38.41,3.323011,False
2021-07-18,35.0,26.1,34.165591,27.452796,38.2,0.834409,False
2021-07-19,26.7,25.8,34.062366,27.405806,38.01,-7.362366,False
2021-07-20,31.4,25.8,33.969892,27.375484,37.8,-2.569892,False
2021-07-21,34.1,26.5,33.886344,27.341935,37.51,0.213656,False
2021-07-22,32.9,27.2,33.789892,27.320645,37.1,-0.889892,False
2021-07-23,34.0,27.8,33.709785,27.301075,36.91,0.290215,False
2021-07-24,35.6,29.2,33.633011,27.266559,36.81,1.966989,False
2021-07-25,35.7,29.6,33.552151,27.23129,36.7,2.147849,False
2021-07-26,31.9,28.5,33.476667,27.207634,36.41,-1.576667,False
2021-07-27,29.8,26.5,33.442581,27.191398,36.4,-3.642581,False
2021-07-28,27.1,25.8,33.424301,27.185161,36.4,-6.324301,False
2021-07-29,28.8,26.6,33.374409,27.173226,36.3,-4.574409,False
2021-07-30,29.9,26.0,33.33129,27.155914,36.3,-3.43129,False
2021-07-31,33.0,27.4,33.288495,27.125054,36.2,-0.288495,False
2021-08-01,32.9,27.5,33.246559,27.100968,36.2,-0.346559,False
2021-08-02,31.3,27.2,33.223763,27.073656,36.2,-1.923763,False
2021-08-03,31.8,27.4,33.216559,27.054301,36.1,-1.416559,False
2021-08-04,32.7,27.6,33.148065,27.028925,36.1,-0.448065,False
2021-08-05,33.9,27.9,33.137312,27.012258,36.0,0.762688,False
2021-08-06,35.1,28.7,33.130108,26.993763,36.0,1.969892,False
2021-08-07,31.9,27.2,33.11,26.966774,35.9,-1.21,False
2021-08-08,32.1,26.9,33.074946,26.943441,35.9,-0.974946,False
2021-08-09,33.2,26.8,33.045269,26.916022,35.8,0.154731,False
2021-08-10,35.8,27.8,33.024946,26.896452,35.8,2.775054,False
2021-08-11,35.5,27.9,33.021075,26.877204,35.71,2.478925,False
2021-08-12,35.4,28.4,33.022903,26.865806,35.71,2.377097,False
2021-08-13,35.8,28.3,33.028602,26.855161,35.71,2.771398,False
2021-08-14,35.7,28.2,33.032366,26.837204,35.8,2.667634,False
2021-08-15,36.3,28.2,33.029462,26.809462,35.71,3.270538,True
2021-08-16,36.7,28.6,33.032366,26.784301,35.7,3.667634,True
2021-08-17,37.4,29.3,33.036022,26.769892,35.7,4.363978,True
2021-08-18,37.0,29.1,33.032151,26.737849,35.7,3.967849,True
2021-08-19,36.3,28.0,33.022473,26.710538,35.7,3.277527,True
2021-08-20,29.8,26.3,32.999247,26.671183,35.7,-3.199247,False
2021-08-21,29.8,25.4,32.987849,26.625591,35.7,-3.187849,False
2021-08-22,32.6,26.9,32.979032,26.569247,35.7,-0.379032,False
2021-08-23,34.0,28.0,32.958925,26.515699,35.7,1.041075,False
2021-08-24,33.3,28.2,32.946452,26.468817,35.7,0.353548,False
2021-08-25,35.9,28.4,32.943441,26.433226,35.7,2.956559,False
2021-08-26,34.8,27.4,32.939355,26.393871,35.7,1.860645,False
2021-08-27,35.3,28.1,32.920968,26.352796,35.7,2.379032,False
2021-08-28,35.3,27.3,32.89957,26.310645,35.81,2.40043,False
2021-08-29,32.8,25.9,32.908602,26.269677,35.71,-0.108602,False
2021-08-30,32.2,26.2,32.921183,26.224624,35.71,-0.721183,False
2021-08-31,29.3,26.5,32.930215,26.18172,35.8,-3.630215,False
2021-09-01,28.5,25.4,32.939462,26.134301,35.71,-4.439462,False
2021-09-02,33.2,26.2,32.958817,26.085806,35.71,0.241183,False
2021-09-03,32.3,26.4,32.970753,26.032581,35.8,-0.670753,False
2021-09-04,31.2,26.6,33.014301,25.983226,35.81,-1.814301,False
2021-09-05,32.4,27.3,33.031613,25.933871,35.9,-0.631613,False
2021-09-06,34.4,28.2,33.050968,25.87957,35.9,1.349032,False
2021-09-07,33.8,27.2,33.054301,25.81828,35.9,0.745699,False
2021-09-08,32.4,27.1,33.054839,25.739892,35.9,-0.654839,False
2021-09-09,33.2,26.3,33.054086,25.647849,35.91,0.145914,False
2021-09-10,32.4,25.6,33.08129,25.548602,36.0,-0.68129,False
2021-09-11,29.6,25.0,33.096344,25.454516,36.0,-3.496344,False
2021-09-12,32.4,25.7,33.120323,25.361828,36.0,-0.720323,False
2021-09-13,32.2,25.6,33.15129,25.263871,36.1,-0.95129,False
2021-09-14,33.6,26.2,33.173118,25.165591,36.1,0.426882,False
2021-09-15,32.8,26.8,33.19828,25.055914,36.1,-0.39828,False
2021-09-16,31.9,25.2,33.227634,24.945054,36.1,-1.327634,False
2021-09-17,29.0,25.2,33.247312,24.820968,36.2,-4.247312,False
2021-09-18,32.4,26.1,33.271613,24.709677,36.2,-0.871613,False
2021-09-19,33.5,26.4,33.290645,24.597849,36.2,0.209355,False
2021-09-20,34.0,26.8,33.317957,24.483763,36.2,0.682043,False
2021-09-21,32.4,25.3,33.334946,24.367204,36.2,-0.934946,False
2021-09-22,28.8,24.9,33.375591,24.251935,36.2,-4.575591,False
2021-09-23,31.3,25.1,33.427204,24.130108,36.2,-2.127204,False
2021-09-24,31.8,25.7,33.478172,24.003763,36.2,-1.678172,False
2021-09-25,32.3,25.6,33.50957,23.863011,36.2,-1.20957,False
2021-09-26,32.4,26.1,33.524086,23.709462,36.11,-1.124086,False
2021-09-27,33.1,26.8,33.541075,23.546344,36.1,-0.441075,False
2021-09-28,34.1,26.8,33.566989,23.386559,36.1,0.533011,False
2021-09-29,33.1,26.8,33.567312,23.208817,36.1,-0.467312,False
2021-09-30,33.0,26.4,33.553978,23.025054,36.1,-0.553978,False
2021-10-01,33.9,26.8,33.530215,22.844731,36.1,0.369785,False
2021-10-02,34.2,26.5,33.522043,22.664194,36.1,0.677957,False
2021-10-03,34.4,27.1,33.495914,22.477097,36.01,0.904086,False
2021-10-04,34.3,27.2,33.457419,22.285591,36.0,0.842581,False
2021-10-05,33.5,26.3,33.419785,22.089247,36.0,0.080215,False
2021-10-06,33.9,24.8,33.376129,21.882688,35.91,0.523871,False
2021-10-07,33.6,23.4,33.332473,21.670753,35.9,0.267527,False
2021-10-08,34.6,23.2,33.29871,21.467527,35.9,1.30129,False
2021-10-09,35.6,22.8,33.253978,21.270215,35.8,2.346022,False
2021-10-10,35.7,23.1,33.205161,21.080215,35.8,2.494839,False
2021-10-11,35.5,23.9,33.133011,20.887634,35.7,2.366989,False
2021-10-12,35.3,22.5,33.048925,20.68957,35.6,2.251075,False
2021-10-13,33.2,20.5,32.943441,20.477312,35.5,0.256559,False
2021-10-14,32.5,20.2,32.825591,20.263763,35.4,-0.325591,False
2021-10-15,33.7,20.1,32.718817,20.054731,35.3,0.981183,False
2021-10-16,33.8,21.5,32.607097,19.848387,35.21,1.192903,False
2021-10-17,28.9,21.6,32.490538,19.644409,35.2,-3.590538,False
2021-10-18,23.7,19.9,32.378602,19.446774,35.1,-8.678602,False
2021-10-19,30.0,21.0,32.260108,19.244731,35.0,-2.260108,False
2021-10-20,31.6,18.7,32.153441,19.040108,34.9,-0.553441,False
2021-10-21,31.5,20.0,32.037957,18.836774,34.71,-0.537957,False
2021-10-22,32.0,19.9,31.913011,18.643763,34.6,0.086989,False
2021-10-23,31.4,19.1,31.764946,18.448602,34.5,-0.364946,False
2021-10-24,28.4,17.5,31.596774,18.240323,34.3,-3.196774,False
2021-10-25,28.5,18.0,31.433226,18.036882,34.2,-2.933226,False
2021-10-26,28.0,16.4,31.273548,17.827097,34.01,-3.273548,False
2021-10-27,28.2,16.5,31.125591,17.623763,33.9,-2.925591,False
2021-10-28,28.2,15.4,30.964624,17.435806,33.8,-2.764624,False
2021-10-29,28.9,15.9,30.79914,17.249462,33.7,-1.89914,False
2021-10-30,29.1,16.9,30.636022,17.087849,33.4,-1.536022,False
2021-10-31,29.8,15.4,30.477849,16.922796,33.3,-0.677849,False
2021-11-01,30.2,15.8,30.326344,16.753011,33.1,-0.126344,False
2021-11-02,29.4,16.1,30.166989,16.573011,33.0,-0.766989,False
2021-11-03,29.1,17.4,30.005914,16.390215,32.8,-0.905914,False
2021-11-04,27.9,15.4,29.832043,16.202473,32.6,-1.932043,False
2021-11-05,27.1,14.7,29.649355,16.002043,32.41,-2.549355,False
2021-11-06,28.6,16.0,29.474624,15.797957,32.3,-0.874624,False
2021-11-07,28.8,14.6,29.287742,15.600968,32.1,-0.487742,False
2021-11-08,28.7,15.0,29.116022,15.407849,31.9,-0.416022,False
2021-11-09,28.1,14.5,28.944194,15.229785,31.71,-0.844194,False
2021-11-10,28.7,12.9,28.772796,15.055484,31.6,-0.072796,False
2021-11-11,27.7,13.7,28.601075,14.883978,31.4,-0.901075,False
2021-11-12,28.0,12.2,28.432796,14.698817,31.3,-0.432796,False
2021-11-13,27.2,12.5,28.263441,14.513011,31.1,-1.063441,False
2021-11-14,27.2,12.2,28.100968,14.340753,30.81,-0.900968,False
2021-11-15,26.1,12.0,27.926237,14.156129,30.7,-1.826237,False
2021-11-16,25.9,10.5,27.741505,13.971075,30.5,-1.841505,False
2021-11-17,25.5,11.3,27.55914,13.788495,30.4,-2.05914,False
2021-11-18,25.3,12.3,27.378387,13.601505,30.2,-2.078387,False
2021-11-19,25.7,12.8,27.213226,13.41914,30.0,-1.513226,False
2021-11-20,24.5,14.6,27.054731,13.263656,29.9,-2.554731,False
2021-11-21,26.6,13.4,26.904301,13.116237,29.7,-0.304301,False
2021-11-22,27.0,12.2,26.746667,12.957204,29.6,0.253333,False
2021-11-23,26.8,11.2,26.598495,12.79914,29.5,0.201505,False
2021-11-24,27.5,11.5,26.447204,12.653871,29.3,1.052796,False
2021-11-25,26.4,12.3,26.275914,12.500645,29.11,0.124086,False
2021-11-26,26.9,12.5,26.08957,12.347419,28.9,0.81043,False
2021-11-27,26.6,13.3,25.895376,12.205806,28.71,0.704624,False
2021-11-28,26.1,12.9,25.696989,12.049892,28.6,0.403011,False
2021-11-29,25.9,13.1,25.502796,11.873548,28.3,0.397204,False
2021-11-30,25.3,13.5,25.313871,11.684516,28.0,-0.013871,False
2021-12-01,21.3,13.7,25.126667,11.501613,27.9,-3.826667,False
2021-12-02,19.0,14.0,24.956882,11.329677,27.7,-5.956882,False
2021-12-03,22.6,13.2,24.783441,11.166667,27.6,-2.183441,False
2021-12-04,26.3,13.7,24.595806,11.019892,27.5,1.704194,False
2021-12-05,24.9,14.8,24.416129,10.892043,27.4,0.483871,False
2021-12-06,25.2,13.5,24.24129,10.771613,27.3,0.95871,False
2021-12-07,24.5,11.8,24.056882,10.651613,27.11,0.443118,False
2021-12-08,24.0,11.0,23.884194,10.521398,27.0,0.115806,False
2021-12-09,23.4,10.7,23.69914,10.386237,26.9,-0.29914,False
2021-12-10,23.5,10.4,23.514839,10.238602,26.8,-0.014839,False
2021-12-11,23.0,8.7,23.330323,10.091613,26.7,-0.330323,False
2021-12-12,22.8,9.5,23.153548,9.949785,26.6,-0.353548,False
2021-12-13,20.7,8.1,22.976237,9.812473,26.41,-2.276237,False
2021-12-14,21.2,8.8,22.809892,9.680108,26.3,-1.609892,False
2021-12-15,21.3,9.5,22.617742,9.544516,26.1,-1.317742,False
2021-12-16,20.5,10.1,22.41914,9.436559,26.0,-1.91914,False
2021-12-17,18.7,7.8,22.242258,9.333333,25.9,-3.542258,False
2021-12-18,17.2,6.6,22.063763,9.246667,25.7,-4.863763,False
2021-12-19,18.8,5.9,21.883226,9.161828,25.6,-3.083226,False
2021-12-20,20.3,5.9,21.690215,9.065376,25.5,-1.390215,False
2021-12-21,21.7,6.0,21.507634,8.95,25.3,0.192366,False
2021-12-22,22.5,6.3,21.316667,8.843871,25.01,1.183333,False
2021-12-23,22.5,8.5,21.136989,8.731398,24.8,1.363011,False
2021-12-24,22.6,9.0,20.94914,8.625591,24.5,1.65086,False
2021-12-25,22.5,8.7,20.783118,8.52,24.3,1.716882,False
2021-12-26,19.2,12.1,20.644086,8.426989,24.2,-1.444086,False
2021-12-27,21.3,11.8,20.52,8.346129,24.0,0.78,False
2021-12-28,18.7,10.2,20.432796,8.264086,24.0,-1.732796,False
2021-12-29,20.4,6.7,20.367957,8.206344,23.81,0.032043,False
2021-12-30,18.6,6.2,20.293441,8.156989,23.8,-1.693441,False
2021-12-31,19.0,6.2,20.207957,8.123871,23.7,-1.207957,False
2022-01-01,19.7,6.7,20.113978,8.102043,23.6,-0.413978,False
2022-01-02,20.4,7.3,20.013656,8.08,23.5,0.386344,False
2022-01-03,21.4,7.1,19.920215,8.042258,23.3,1.479785,False
2022-01-04,22.5,9.7,19.839247,7.991075,23.3,2.660753,False
2022-01-05,15.0,12.8,19.76871,7.935484,23.21,-4.76871,False
2022-01-06,18.1,13.4,19.700215,7.901398,23.2,-1.600215,False
2022-01-07,19.4,14.4,19.647204,7.885484,23.1,-0.247204,False
2022-01-08,17.1,15.0,19.626129,7.885699,23.1,-2.526129,False
2022-01-09,16.5,9.8,19.628602,7.903656,23.1,-3.128602,False
2022-01-10,17.9,9.1,19.640753,7.934839,23.1,-1.740753,False
2022-01-11,16.8,8.7,19.672151,7.975376,23.2,-2.872151,False
2022-01-12,16.7,9.6,19.701075,8.02172,23.2,-3.001075,False
2022-01-13,15.8,8.5,19.731935,8.082903,23.2,-3.931935,False
2022-01-14,15.4,8.4,19.776129,8.150968,23.2,-4.376129,False
2022-01-15,13.8,9.2,19.845699,8.21957,23.3,-6.045699,False
2022-01-16,14.2,7.8,19.929247,8.268495,23.4,-5.729247,False
2022-01-17,13.5,6.8,20.004839,8.303548,23.41,-6.504839,False
2022-01-18,14.5,7.9,20.085161,8.34,23.6,-5.585161,False
2022-01-19,16.1,8.7,20.188817,8.387957,23.71,-4.088817,False
2022-01-20,16.5,8.2,20.301935,8.455269,24.0,-3.801935,False
2022-01-21,17.8,8.3,20.395699,8.528817,24.01,-2.595699,False
2022-01-22,14.6,11.9,20.513763,8.604301,24.2,-5.913763,False
2022-01-23,15.2,9.3,20.638817,8.695591,24.3,-5.438817,False
2022-01-24,15.8,8.9,20.744731,8.773763,24.4,-4.944731,False
2022-01-25,14.3,8.2,20.850108,8.850215,24.4,-6.550108,False
2022-01-26,16.4,8.2,20.94129,8.924946,24.51,-4.54129,False
2022-01-27,18.0,7.9,21.042258,9.012796,24.8,-3.042258,False
2022-01-28,19.6,7.0,21.163333,9.118602,25.1,-1.563333,False
2022-01-29,20.8,7.2,21.28914,9.230215,25.31,-0.48914,False
2022-01-30,21.9,9.0,21.417419,9.361398,25.6,0.482581,False
2022-01-31,19.6,9.7,21.532581,9.468065,25.7,-1.932581,False
2022-02-01,20.1,8.6,21.68129,9.57172,25.81,-1.58129,False
2022-02-02,20.3,11.0,21.839677,9.688172,26.1,-1.539677,False
2022-02-03,14.2,11.4,22.015914,9.823226,26.2,-7.815914,False
2022-02-04,16.9,8.2,22.197097,9.957742,26.4,-5.297097,False
2022-02-05,18.6,7.7,22.380645,10.105914,26.6,-3.780645,False
2022-02-06,21.1,7.8,22.569247,10.23871,26.8,-1.469247,False
2022-02-07,23.4,10.3,22.757419,10.381398,26.9,0.642581,False
2022-02-08,24.4,11.8,22.914624,10.534624,27.0,1.485376,False
2022-02-09,19.6,10.4,23.071183,10.685591,27.2,-3.471183,False
2022-02-10,21.7,10.1,23.216022,10.826989,27.3,-1.516022,False
2022-02-11,21.9,9.9,23.344086,10.952366,27.5,-1.444086,False
2022-02-12,23.1,10.1,23.488495,11.070323,27.51,-0.388495,False
2022-02-13,24.9,9.7,23.637419,11.19172,27.6,1.262581,False
2022-02-14,25.0,10.2,23.786237,11.327957,27.9,1.213763,False
2022-02-15,25.4,10.9,23.932796,11.464516,28.1,1.467204,False
2022-02-16,25.2,11.4,24.102473,11.602903,28.3,1.097527,False
2022-02-17,25.6,11.1,24.276559,11.771828,28.6,1.323441,False
2022-02-18,26.8,11.7,24.457634,11.92172,28.8,2.342366,False
2022-02-19,25.3,12.6,24.618925,12.064194,29.01,0.681075,False
2022-02-20,24.8,12.8,24.792473,12.213871,29.3,0.007527,False
2022-02-21,26.0,12.8,24.967849,12.359462,29.5,1.032151,False
2022-02-22,25.4,13.8,25.141075,12.495484,29.6,0.258925,False
2022-02-23,24.0,13.6,25.301183,12.639785,29.8,-1.301183,False
2022-02-24,25.7,14.2,25.500323,12.808495,30.1,0.199677,False
2022-02-25,26.5,15.1,25.704086,12.986237,30.2,0.795914,False
2022-02-26,22.4,13.7,25.889892,13.162581,30.4,-3.489892,False
2022-02-27,24.6,12.2,26.056989,13.315054,30.5,-1.456989,False
2022-02-28,24.4,11.1,26.215269,13.456667,30.7,-1.815269,False
2022-03-01,25.6,11.9,26.392903,13.600753,30.91,-0.792903,False
2022-03-02,26.5,12.6,26.615591,13.739892,31.21,-0.115591,False
2022-03-03,27.8,15.8,26.866774,13.910968,31.5,0.933226,False
2022-03-04,26.4,14.5,27.111935,14.093548,31.7,-0.711935,False
2022-03-05,26.4,14.7,27.347634,14.273978,31.9,-0.947634,False
2022-03-06,26.9,15.2,27.550108,14.450108,32.1,-0.650108,False
2022-03-07,28.4,14.6,27.747204,14.62957,32.21,0.652796,False
2022-03-08,30.1,15.0,27.955161,14.802581,32.4,2.144839,False
2022-03-09,30.5,15.9,28.17914,14.985161,32.6,2.32086,False
2022-03-10,29.3,16.4,28.386022,15.153978,33.0,0.913978,False
2022-03-11,29.5,16.3,28.598602,15.318602,33.1,0.901398,False
2022-03-12,30.7,16.8,28.81172,15.478065,33.4,1.88828,False
2022-03-13,32.2,18.0,29.067312,15.654624,33.8,3.132688,False
2022-03-14,32.6,19.6,29.307527,15.84957,34.01,3.292473,False
2022-03-15,33.8,20.2,29.52957,16.037097,34.3,4.27043,False
2022-03-16,34.8,21.2,29.772258,16.21871,34.6,5.027742,False
2022-03-17,33.7,21.7,30.010753,16.402688,34.81,3.689247,False
2022-03-18,34.6,21.1,30.266237,16.581075,35.1,4.333763,False
2022-03-19,35.8,21.6,30.497849,16.763011,35.4,5.302151,False
2022-03-20,36.8,22.0,30.728925,16.935699,35.61,6.071075,False
2022-03-21,36.3,22.7,30.960968,17.13043,36.1,5.339032,False
2022-03-22,35.1,20.4,31.21172,17.335269,36.4,3.88828,False
2022-03-23,35.3,20.5,31.433548,17.519785,36.6,3.866452,False
2022-03-24,35.6,21.0,31.657957,17.698925,36.7,3.942043,False
2022-03-25,35.0,20.6,31.866344,17.877419,36.81,3.133656,False
2022-03-26,35.0,21.0,32.11172,18.064839,37.01,2.88828,False
2022-03-27,36.8,21.3,32.360968,18.241505,37.3,4.439032,False
2022-03-28,38.9,20.0,32.592151,18.426559,37.6,6.307849,False
2022-03-29,39.7,20.2,32.847742,18.622366,37.7,6.852258,False
2022-03-30,38.9,21.1,33.134301,18.840968,37.91,5.765699,False
2022-03-31,38.7,22.9,33.40914,19.058817,38.1,5.29086,False
2022-04-01,36.7,20.0,33.646237,19.25957,38.2,3.053763,False
2022-04-02,39.3,21.6,33.823333,19.452258,38.4,5.476667,False
2022-04-03,39.6,22.0,34.005269,19.627527,38.51,5.594731,False
2022-04-04,38.9,20.8,34.201183,19.799892,38.7,4.698817,False
2022-04-05,39.1,20.8,34.410645,19.960108,39.01,4.689355,False
2022-04-06,39.5,21.3,34.627312,20.146559,39.3,4.872688,False
2022-04-07,40.4,21.9,34.843333,20.327742,39.5,5.556667,False
2022-04-08,41.7,22.3,35.047097,20.51172,39.6,6.652903,False
2022-04-09,42.3,22.9,35.258387,20.70086,39.8,7.041613,False
2022-04-10,42.0,24.0,35.487204,20.889247,40.0,6.512796,False
2022-04-11,42.3,24.9,35.696452,21.077527,40.2,6.603548,False
2022-04-12,39.4,24.5,35.915054,21.266882,40.3,3.484946,False
2022-04-13,40.0,25.8,36.107849,21.458925,40.5,3.892151,False
2022-04-14,40.3,24.2,36.321828,21.64,40.7,3.978172,False
2022-04-15,39.9,22.5,36.543118,21.843011,40.8,3.356882,False
2022-04-16,40.3,22.5,36.727849,22.044839,40.9,3.572151,False
2022-04-17,40.8,23.7,36.904301,22.220753,41.0,3.895699,False
2022-04-18,41.6,25.2,37.038602,22.390215,41.01,4.561398,False
2022-04-19,42.4,26.5,37.186022,22.557419,41.11,5.213978,False
2022-04-20,41.5,27.6,37.332581,22.731505,41.2,4.167419,False
2022-04-21,35.8,24.8,37.472796,22.898172,41.4,-1.672796,False
2022-04-22,38.4,23.0,37.592258,23.059892,41.6,0.807742,False
2022-04-23,39.6,24.0,37.742151,23.222366,41.7,1.857849,False
2022-04-24,40.0,24.2,37.890538,23.411935,41.7,2.109462,False
2022-04-25,40.7,26.2,38.042796,23.587634,41.8,2.657204,False
2022-04-26,41.1,24.1,38.16,23.744624,41.8,2.94,False
2022-04-27,41.7,24.4,38.258172,23.895806,41.8,3.441828,False
2022-04-28,43.3,25.6,38.365806,24.036344,41.81,4.934194,False
2022-04-29,44.0,27.1,38.477097,24.177204,41.9,5.522903,False
2022-04-30,43.9,27.8,38.595161,24.324086,42.1,5.304839,False
2022-05-01,40.1,27.8,38.696129,24.467097,42.3,1.403871,False
2022-05-02,39.3,29.0,38.802366,24.604946,42.3,0.497634,False
2022-05-03,39.2,28.3,38.939892,24.745376,42.4,0.260108,False
2022-05-04,38.3,22.5,39.05172,24.889247,42.4,-0.75172,False
2022-05-05,36.6,24.7,39.123978,25.023763,42.41,-2.523978,False
2022-05-06,38.8,25.7,39.19172,25.16,42.5,-0.39172,False
2022-05-07,39.6,25.5,39.26957,25.267312,42.6,0.33043,False
2022-05-08,40.1,27.1,39.349785,25.394086,42.61,0.750215,False
2022-05-09,39.4,28.6,39.433978,25.518817,42.8,-0.033978,False
2022-05-10,38.8,28.4,39.504946,25.631935,42.9,-0.704946,False
2022-05-11,40.8,29.3,39.559892,25.759247,43.0,1.240108,False
2022-05-12,42.1,28.6,39.638495,25.865591,43.01,2.461505,False
2022-05-13,42.8,28.9,39.686559,25.949785,43.11,3.113441,False
2022-05-14,44.6,28.9,39.714946,26.011935,43.2,4.885054,False
2022-05-15,44.7,29.9,39.722473,26.072796,43.2,4.977527,False
2022-05-16,42.5,28.1,39.729355,26.137419,43.3,2.770645,False
2022-05-17,41.0,29.5,39.742473,26.207419,43.3,1.257527,False
2022-05-18,40.6,28.9,39.762473,26.282688,43.4,0.837527,False
2022-05-19,43.0,29.7,39.808495,26.391613,43.4,3.191505,False
2022-05-20,44.6,30.1,39.852366,26.502688,43.41,4.747634,False
2022-05-21,42.7,26.4,39.893656,26.604516,43.6,2.806344,False
2022-05-22,39.3,25.5,39.927312,26.69086,43.6,-0.627312,False
2022-05-23,31.1,20.4,39.937312,26.777527,43.6,-8.837312,False
2022-05-24,31.5,21.6,39.934194,26.875484,43.7,-8.434194,False
2022-05-25,33.9,24.6,39.936129,26.94828,43.8,-6.036129,False
2022-05-26,37.0,25.9,39.953548,27.027419,43.8,-2.953548,False
2022-05-27,39.2,28.6,39.963656,27.119677,43.8,-0.763656,False
2022-05-28,40.8,28.5,39.965806,27.218387,43.81,0.834194,False
2022-05-29,40.2,28.7,39.959677,27.30828,43.9,0.240323,False
2022-05-30,40.7,27.8,39.938817,27.384516,43.9,0.761183,False
2022-05-31,40.7,26.6,39.895699,27.449785,43.9,0.804301,False
2022-06-01,42.9,28.7,39.821505,27.505269,43.81,3.078495,False
2022-06-02,42.9,28.5,39.747527,27.560753,43.8,3.152473,False
2022-06-03,43.9,27.4,39.665699,27.596989,43.7,4.234301,True
2022-06-04,44.6,28.8,39.595484,27.631398,43.7,5.004516,True
2022-06-05,44.5,29.9,39.528065,27.671935,43.71,4.971935,True
2022-06-06,43.3,30.6,39.462796,27.726452,43.7,3.837204,False
2022-06-07,44.0,33.3,39.398387,27.791505,43.7,4.601613,False
2022-06-08,43.9,32.1,39.325376,27.845914,43.6,4.574624,False
2022-06-09,43.4,32.6,39.212366,27.882688,43.6,4.187634,False
2022-06-10,43.7,32.3,39.084409,27.921613,43.5,4.615591,True
2022-06-11,44.0,30.9,38.95172,27.947312,43.4,5.04828,True
2022-06-12,43.7,32.5,38.818817,27.971828,43.4,4.881183,True
2022-06-13,43.6,32.5,38.688817,28.013548,43.3,4.911183,True
2022-06-14,39.9,31.4,38.574301,28.057312,43.2,1.325699,False
2022-06-15,41.9,30.6,38.468172,28.107204,43.2,3.431828,False
2022-06-16,38.9,27.2,38.37043,28.141398,43.1,0.52957,False
2022-06-17,34.9,26.7,38.273011,28.182151,42.9,-3.373011,False
2022-06-18,31.7,25.8,38.15914,28.217312,42.8,-6.45914,False
2022-06-19,31.6,25.0,38.037312,28.217312,42.7,-6.437312,False
2022-06-20,34.2,25.7,37.90086,28.22043,42.5,-3.70086,False
2022-06-21,34.1,26.7,37.765484,28.216452,42.4,-3.665484,False
2022-06-22,36.8,26.1,37.627312,28.216129,42.3,-0.827312,False
2022-06-23,38.1,26.6,37.506237,28.220323,42.1,0.593763,False
2022-06-24,39.4,26.0,37.381935,28.210753,41.9,2.018065,False
2022-06-25,40.1,27.2,37.243226,28.19,41.7,2.856774,False
2022-06-26,40.0,30.9,37.061505,28.167312,41.4,2.938495,False
2022-06-27,40.0,32.1,36.873118,28.126129,41.3,3.126882,False
2022-06-28,40.8,31.3,36.722151,28.084409,41.2,4.077849,False
2022-06-29,39.2,28.8,36.567097,28.056344,41.11,2.632903,False
2022-06-30,27.5,25.7,36.409892,28.029892,41.0,-8.909892,False
2022-07-01,31.4,26.7,36.246022,27.995376,40.9,-4.846022,False
2022-07-02,34.1,26.8,36.103871,27.971613,40.8,-2.003871,False
2022-07-03,33.8,28.0,35.963656,27.940968,40.7,-2.163656,False
2022-07-04,35.5,29.6,35.849247,27.928065,40.6,-0.349247,False
2022-07-05,37.4,30.5,35.702903,27.904194,40.4,1.697097,False
2022-07-06,36.5,30.1,35.553118,27.876129,40.3,0.946882,False
2022-07-07,37.1,30.7,35.40086,27.838172,40.01,1.69914,False
2022-07-08,38.0,31.3,35.262366,27.795914,39.8,2.737634,False
2022-07-09,35.2,27.9,35.133333,27.757634,39.7,0.066667,False
2022-07-10,33.0,26.6,35.022151,27.725054,39.6,-2.022151,False
2022-07-11,36.4,29.7,34.914839,27.690323,39.4,1.485161,False
2022-07-12,33.5,29.0,34.814409,27.65129,39.2,-1.314409,False
2022-07-13,36.1,29.3,34.707312,27.621075,39.0,1.392688,False
2022-07-14,36.3,29.0,34.605269,27.590645,38.91,1.694731,False
2022-07-15,37.1,30.1,34.503656,27.572473,38.81,2.596344,False
2022-07-16,35.5,26.1,34.397204,27.54,38.7,1.102796,False
2022-07-17,34.5,27.1,34.276989,27.5,38.41,0.223011,False
2022-07-18,36.9,29.8,34.165591,27.452796,38.2,2.734409,False
2022-07-19,35.2,29.6,34.062366,27.405806,38.01,1.137634,False
2022-07-20,33.1,26.1,33.969892,27.375484,37.8,-0.869892,False
2022-07-21,32.8,26.3,33.886344,27.341935,37.51,-1.086344,False
2022-07-22,32.8,26.7,33.789892,27.320645,37.1,-0.989892,False
2022-07-23,33.4,27.6,33.709785,27.301075,36.91,-0.309785,False
2022-07-24,33.3,27.7,33.633011,27.266559,36.81,-0.333011,False
2022-07-25,34.3,27.3,33.552151,27.23129,36.7,0.747849,False
2022-07-26,33.4,27.6,33.476667,27.207634,36.41,-0.076667,False
2022-07-27,33.2,27.2,33.442581,27.191398,36.4,-0.242581,False
2022-07-28,32.3,27.1,33.424301,27.185161,36.4,-1.124301,False
2022-07-29,32.5,26.5,33.374409,27.173226,36.3,-0.874409,False
2022-07-30,32.5,26.9,33.33129,27.155914,36.3,-0.83129,False
2022-07-31,32.1,27.5,33.288495,27.125054,36.2,-1.188495,False
2022-08-01,33.0,27.6,33.246559,27.100968,36.2,-0.246559,False
2022-08-02,34.8,28.1,33.223763,27.073656,36.2,1.576237,False
2022-08-03,34.2,27.5,33.216559,27.054301,36.1,0.983441,False
2022-08-04,32.1,26.8,33.148065,27.028925,36.1,-1.048065,False
2022-08-05,30.4,26.7,33.137312,27.012258,36.0,-2.737312,False
2022-08-06,33.3,27.5,33.130108,26.993763,36.0,0.169892,False
2022-08-07,28.4,25.8,33.11,26.966774,35.9,-4.71,False
2022-08-08,35.5,27.0,33.074946,26.943441,35.9,2.425054,False
2022-08-09,35.5,29.2,33.045269,26.916022,35.8,2.454731,False
2022-08-10,34.9,28.6,33.024946,26.896452,35.8,1.875054,False
2022-08-11,31.9,27.4,33.021075,26.877204,35.71,-1.121075,False
2022-08-12,34.2,27.8,33.022903,26.865806,35.71,1.177097,False
2022-08-13,34.1,28.2,33.028602,26.855161,35.71,1.071398,False
2022-08-14,32.6,26.5,33.032366,26.837204,35.8,-0.432366,False
2022-08-15,32.3,26.8,33.029462,26.809462,35.71,-0.729462,False
2022-08-16,31.4,26.4,33.032366,26.784301,35.7,-1.632366,False
2022-08-17,33.1,27.0,33.036022,26.769892,35.7,0.063978,False
2022-08-18,34.3,28.1,33.032151,26.737849,35.7,1.267849,False
2022-08-19,34.3,28.0,33.022473,26.710538,35.7,1.277527,False
2022-08-20,32.4,27.1,32.999247,26.671183,35.7,-0.599247,False
2022-08-21,34.8,28.0,32.987849,26.625591,35.7,1.812151,False
2022-08-22,35.0,28.0,32.979032,26.569247,35.7,2.020968,False
2022-08-23,33.1,26.7,32.958925,26.515699,35.7,0.141075,False
2022-08-24,32.7,26.7,32.946452,26.468817,35.7,-0.246452,False
2022-08-25,33.4,27.1,32.943441,26.433226,35.7,0.456559,False
2022-08-26,34.7,28.0,32.939355,26.393871,35.7,1.760645,False
2022-08-27,35.7,28.0,32.920968,26.352796,35.7,2.779032,False
2022-08-28,35.1,28.2,32.89957,26.310645,35.81,2.20043,False
2022-08-29,35.2,28.2,32.908602,26.269677,35.71,2.291398,False
2022-08-30,34.8,28.0,32.921183,26.224624,35.71,1.878817,False
2022-08-31,36.6,28.7,32.930215,26.18172,35.8,3.669785,False
2022-09-01,36.9,28.8,32.939462,26.134301,35.71,3.960538,False
2022-09-02,35.6,28.0,32.958817,26.085806,35.71,2.641183,False
2022-09-03,37.0,28.7,32.970753,26.032581,35.8,4.029247,True
2022-09-04,37.6,28.0,33.014301,25.983226,35.81,4.585699,True
2022-09-05,37.3,28.1,33.031613,25.933871,35.9,4.268387,True
2022-09-06,36.9,28.0,33.050968,25.87957,35.9,3.849032,True
2022-09-07,37.2,28.5,33.054301,25.81828,35.9,4.145699,True
2022-09-08,36.9,28.7,33.054839,25.739892,35.9,3.845161,True
2022-09-09,36.2,28.9,33.054086,25.647849,35.91,3.145914,True
2022-09-10,36.1,28.4,33.08129,25.548602,36.0,3.01871,True
2022-09-11,37.0,29.0,33.096344,25.454516,36.0,3.903656,True
2022-09-12,37.3,27.0,33.120323,25.361828,36.0,4.179677,True
2022-09-13,35.8,27.9,33.15129,25.263871,36.1,2.64871,False
2022-09-14,30.5,26.4,33.173118,25.165591,36.1,-2.673118,False
2022-09-15,27.0,24.8,33.19828,25.055914,36.1,-6.19828,False
2022-09-16,29.5,24.6,33.227634,24.945054,36.1,-3.727634,False
2022-09-17,33.7,25.0,33.247312,24.820968,36.2,0.452688,False
2022-09-18,34.2,25.9,33.271613,24.709677,36.2,0.928387,False
2022-09-19,32.9,26.2,33.290645,24.597849,36.2,-0.390645,False
2022-09-20,33.0,25.9,33.317957,24.483763,36.2,-0.317957,False
2022-09-21,30.2,24.8,33.334946,24.367204,36.2,-3.134946,False
2022-09-22,27.0,24.7,33.375591,24.251935,36.2,-6.375591,False
2022-09-23,28.6,24.5,33.427204,24.130108,36.2,-4.827204,False
2022-09-24,28.9,24.6,33.478172,24.003763,36.2,-4.578172,False
2022-09-25,31.2,24.7,33.50957,23.863011,36.2,-2.30957,False
2022-09-26,32.3,24.5,33.524086,23.709462,36.11,-1.224086,False
2022-09-27,33.2,24.5,33.541075,23.546344,36.1,-0.341075,False
2022-09-28,34.1,25.2,33.566989,23.386559,36.1,0.533011,False
2022-09-29,34.1,25.5,33.567312,23.208817,36.1,0.532688,False
2022-09-30,33.9,25.2,33.553978,23.025054,36.1,0.346022,False
2022-10-01,34.5,25.0,33.530215,22.844731,36.1,0.969785,False
2022-10-02,35.0,24.5,33.522043,22.664194,36.1,1.477957,False
2022-10-03,35.0,24.9,33.495914,22.477097,36.01,1.504086,False
2022-10-04,34.3,25.6,33.457419,22.285591,36.0,0.842581,False
2022-10-05,33.5,23.9,33.419785,22.089247,36.0,0.080215,False
2022-10-06,31.6,23.6,33.376129,21.882688,35.91,-1.776129,False
2022-10-07,25.5,22.7,33.332473,21.670753,35.9,-7.832473,False
2022-10-08,22.7,20.9,33.29871,21.467527,35.9,-10.59871,False
2022-10-09,25.2,21.1,33.253978,21.270215,35.8,-8.053978,False
2022-10-10,26.7,22.4,33.205161,21.080215,35.8,-6.505161,False
2022-10-11,27.6,21.6,33.133011,20.887634,35.7,-5.533011,False
2022-10-12,30.1,21.1,33.048925,20.68957,35.6,-2.948925,False
2022-10-13,30.5,20.7,32.943441,20.477312,35.5,-2.443441,False
2022-10-14,31.1,20.6,32.825591,20.263763,35.4,-1.725591,False
2022-10-15,31.4,19.8,32.718817,20.054731,35.3,-1.318817,False
2022-10-16,32.0,19.4,32.607097,19.848387,35.21,-0.607097,False
2022-10-17,32.0,19.6,32.490538,19.644409,35.2,-0.490538,False
2022-10-18,32.1,19.5,32.378602,19.446774,35.1,-0.278602,False
2022-10-19,32.9,19.7,32.260108,19.244731,35.0,0.639892,False
2022-10-20,33.0,18.9,32.153441,19.040108,34.9,0.846559,False
2022-10-21,32.6,19.7,32.037957,18.836774,34.71,0.562043,False
2022-10-22,31.3,17.9,31.913011,18.643763,34.6,-0.613011,False
2022-10-23,30.4,17.9,31.764946,18.448602,34.5,-1.364946,False
2022-10-24,30.9,17.1,31.596774,18.240323,34.3,-0.696774,False
2022-10-25,30.5,17.0,31.433226,18.036882,34.2,-0.933226,False
2022-10-26,31.2,17.8,31.273548,17.827097,34.01,-0.073548,False
2022-10-27,31.2,18.1,31.125591,17.623763,33.9,0.074409,False
2022-10-28,31.1,18.6,30.964624,17.435806,33.8,0.135376,False
2022-10-29,30.3,16.6,30.79914,17.249462,33.7,-0.49914,False
2022-10-30,30.6,16.7,30.636022,17.087849,33.4,-0.036022,False
2022-10-31,30.8,17.7,30.477849,16.922796,33.3,0.322151,False
2022-11-01,32.1,18.7,30.326344,16.753011,33.1,1.773656,False
2022-11-02,30.3,18.7,30.166989,16.573011,33.0,0.133011,False
2022-11-03,31.1,19.2,30.005914,16.390215,32.8,1.094086,False
2022-11-04,31.2,20.3,29.832043,16.202473,32.6,1.367957,False
2022-11-05,31.1,20.0,29.649355,16.002043,32.41,1.450645,False
2022-11-06,31.1,18.9,29.474624,15.797957,32.3,1.625376,False
2022-11-07,31.7,18.6,29.287742,15.600968,32.1,2.412258,False
2022-11-08,28.4,18.8,29.116022,15.407849,31.9,-0.716022,False
2022-11-09,28.2,19.1,28.944194,15.229785,31.71,-0.744194,False
2022-11-10,27.5,16.7,28.772796,15.055484,31.6,-1.272796,False
2022-11-11,28.1,15.5,28.601075,14.883978,31.4,-0.501075,False
2022-11-12,27.8,14.8,28.432796,14.698817,31.3,-0.632796,False
2022-11-13,27.8,15.9,28.263441,14.513011,31.1,-0.463441,False
2022-11-14,28.7,16.9,28.100968,14.340753,30.81,0.599032,False
2022-11-15,28.1,16.7,27.926237,14.156129,30.7,0.173763,False
2022-11-16,26.7,13.8,27.741505,13.971075,30.5,-1.041505,False
2022-11-17,25.3,12.9,27.55914,13.788495,30.4,-2.25914,False
2022-11-18,25.6,12.4,27.378387,13.601505,30.2,-1.778387,False
2022-11-19,25.9,12.6,27.213226,13.41914,30.0,-1.313226,False
2022-11-20,26.1,12.7,27.054731,13.263656,29.9,-0.954731,False
2022-11-21,26.7,12.3,26.904301,13.116237,29.7,-0.204301,False
2022-11-22,25.9,11.9,26.746667,12.957204,29.6,-0.846667,False
2022-11-23,25.9,11.9,26.598495,12.79914,29.5,-0.698495,False
2022-11-24,26.4,12.4,26.447204,12.653871,29.3,-0.047204,False
2022-11-25,26.6,11.7,26.275914,12.500645,29.11,0.324086,False
2022-11-26,26.5,11.1,26.08957,12.347419,28.9,0.41043,False
2022-11-27,26.2,11.4,25.895376,12.205806,28.71,0.304624,False
2022-11-28,25.7,11.7,25.696989,12.049892,28.6,0.003011,False
2022-11-29,25.3,11.1,25.502796,11.873548,28.3,-0.202796,False
2022-11-30,25.5,11.9,25.313871,11.684516,28.0,0.186129,False
2022-12-01,25.1,10.8,25.126667,11.501613,27.9,-0.026667,False
2022-12-02,25.6,10.6,24.956882,11.329677,27.7,0.643118,False
2022-12-03,25.0,12.1,24.783441,11.166667,27.6,0.216559,False
2022-12-04,24.6,10.5,24.595806,11.019892,27.5,0.004194,False
2022-12-05,24.3,10.6,24.416129,10.892043,27.4,-0.116129,False
2022-12-06,23.9,11.4,24.24129,10.771613,27.3,-0.34129,False
2022-12-07,24.4,11.0,24.056882,10.651613,27.11,0.343118,False
2022-12-08,24.8,10.7,23.884194,10.521398,27.0,0.915806,False
2022-12-09,25.4,11.0,23.69914,10.386237,26.9,1.70086,False
2022-12-10,26.5,11.0,23.514839,10.238602,26.8,2.985161,False
2022-12-11,27.0,11.9,23.330323,10.091613,26.7,3.669677,False
2022-12-12,26.4,12.1,23.153548,9.949785,26.6,3.246452,False
2022-12-13,25.6,12.3,22.976237,9.812473,26.41,2.623763,False
2022-12-14,23.9,9.1,22.809892,9.680108,26.3,1.090108,False
2022-12-15,23.1,9.4,22.617742,9.544516,26.1,0.482258,False
2022-12-16,23.0,8.8,22.41914,9.436559,26.0,0.58086,False
2022-12-17,23.4,8.1,22.242258,9.333333,25.9,1.157742,False
2022-12-18,23.4,8.0,22.063763,9.246667,25.7,1.336237,False
2022-12-19,22.8,8.5,21.883226,9.161828,25.6,0.916774,False
2022-12-20,20.5,8.9,21.690215,9.065376,25.5,-1.190215,False
2022-12-21,20.0,9.3,21.507634,8.95,25.3,-1.507634,False
2022-12-22,19.6,8.8,21.316667,8.843871,25.01,-1.716667,False
2022-12-23,19.9,8.1,21.136989,8.731398,24.8,-1.236989,False
2022-12-24,18.9,7.4,20.94914,8.625591,24.5,-2.04914,False
2022-12-25,16.4,7.2,20.783118,8.52,24.3,-4.383118,False
2022-12-26,16.8,7.3,20.644086,8.426989,24.2,-3.844086,False
2022-12-27,18.2,7.4,20.52,8.346129,24.0,-2.32,False
2022-12-28,21.9,8.5,20.432796,8.264086,24.0,1.467204,False
2022-12-29,21.7,10.2,20.367957,8.206344,23.81,1.332043,False
2022-12-30,21.4,11.0,20.293441,8.156989,23.8,1.106559,False
2022-12-31,18.6,8.8,20.207957,8.123871,23.7,-1.607957,False
2023-01-01,18.4,8.2,20.113978,8.102043,23.6,-1.713978,False
2023-01-02,15.7,8.4,20.013656,8.08,23.5,-4.313656,False
2023-01-03,15.4,7.4,19.920215,8.042258,23.3,-4.520215,False
2023-01-04,14.9,6.7,19.839247,7.991075,23.3,-4.939247,False
2023-01-05,12.6,5.6,19.76871,7.935484,23.21,-7.16871,False
2023-01-06,12.9,4.2,19.700215,7.901398,23.2,-6.800215,False
2023-01-07,14.9,4.9,19.647204,7.885484,23.1,-4.747204,False
2023-01-08,17.9,6.1,19.626129,7.885699,23.1,-1.726129,False
2023-01-09,16.8,6.4,19.628602,7.903656,23.1,-2.828602,False
2023-01-10,18.5,7.7,19.640753,7.934839,23.1,-1.140753,False
2023-01-11,17.9,8.2,19.672151,7.975376,23.2,-1.772151,False
2023-01-12,19.7,11.2,19.701075,8.02172,23.2,-0.001075,False
2023-01-13,19.9,11.7,19.731935,8.082903,23.2,0.168065,False
2023-01-14,16.6,6.5,19.776129,8.150968,23.2,-3.176129,False
2023-01-15,16.7,3.9,19.845699,8.21957,23.3,-3.145699,False
2023-01-16,18.0,3.7,19.929247,8.268495,23.4,-1.929247,False
2023-01-17,18.5,4.2,20.004839,8.303548,23.41,-1.504839,False
2023-01-18,18.7,3.9,20.085161,8.34,23.6,-1.385161,False
2023-01-19,19.7,7.5,20.188817,8.387957,23.71,-0.488817,False
2023-01-20,20.8,8.5,20.301935,8.455269,24.0,0.498065,False
2023-01-21,21.9,7.7,20.395699,8.528817,24.01,1.504301,False
2023-01-22,23.2,9.1,20.513763,8.604301,24.2,2.686237,False
2023-01-23,24.0,9.9,20.638817,8.695591,24.3,3.361183,False
2023-01-24,19.9,13.6,20.744731,8.773763,24.4,-0.844731,False
2023-01-25,20.5,13.8,20.850108,8.850215,24.4,-0.350108,False
2023-01-26,18.3,8.8,20.94129,8.924946,24.51,-2.64129,False
2023-01-27,20.1,7.9,21.042258,9.012796,24.8,-0.942258,False
2023-01-28,23.0,7.9,21.163333,9.118602,25.1,1.836667,False
2023-01-29,16.2,10.8,21.28914,9.230215,25.31,-5.08914,False
2023-01-30,16.6,11.5,21.417419,9.361398,25.6,-4.817419,False
2023-01-31,21.0,11.3,21.532581,9.468065,25.7,-0.532581,False
2023-02-01,21.0,10.4,21.68129,9.57172,25.81,-0.68129,False
2023-02-02,23.9,10.8,21.839677,9.688172,26.1,2.060323,False
2023-02-03,24.2,10.8,22.015914,9.823226,26.2,2.184086,False
2023-02-04,24.9,11.1,22.197097,9.957742,26.4,2.702903,False
2023-02-05,26.0,11.1,22.380645,10.105914,26.6,3.619355,False
2023-02-06,27.6,11.2,22.569247,10.23871,26.8,5.030753,False
2023-02-07,25.1,11.3,22.757419,10.381398,26.9,2.342581,False
2023-02-08,24.4,11.0,22.914624,10.534624,27.0,1.485376,False
2023-02-09,27.7,10.7,23.071183,10.685591,27.2,4.628817,False
2023-02-10,27.7,14.2,23.216022,10.826989,27.3,4.483978,False
2023-02-11,27.4,13.3,23.344086,10.952366,27.5,4.055914,False
2023-02-12,24.3,10.9,23.488495,11.070323,27.51,0.811505,False
2023-02-13,23.1,11.1,23.637419,11.19172,27.6,-0.537419,False
2023-02-14,25.7,12.2,23.786237,11.327957,27.9,1.913763,False
2023-02-15,28.0,13.2,23.932796,11.464516,28.1,4.067204,False
2023-02-16,27.5,12.6,24.102473,11.602903,28.3,3.397527,False
2023-02-17,28.7,13.8,24.276559,11.771828,28.6,4.423441,False
2023-02-18,29.0,12.9,24.457634,11.92172,28.8,4.542366,False
2023-02-19,30.1,14.6,24.618925,12.064194,29.01,5.481075,False
2023-02-20,31.8,15.6,24.792473,12.213871,29.3,7.007527,False
2023-02-21,31.1,16.4,24.967849,12.359462,29.5,6.132151,False
2023-02-22,29.3,14.5,25.141075,12.495484,29.6,4.158925,False
2023-02-23,29.5,13.4,25.301183,12.639785,29.8,4.198817,False
2023-02-24,29.1,13.3,25.500323,12.808495,30.1,3.599677,False
2023-02-25,30.2,14.4,25.704086,12.986237,30.2,4.495914,False
2023-02-26,31.2,15.4,25.889892,13.162581,30.4,5.310108,False
2023-02-27,31.1,15.8,26.056989,13.315054,30.5,5.043011,False
2023-02-28,30.2,16.1,26.215269,13.456667,30.7,3.984731,False
2023-03-01,30.8,16.3,26.392903,13.600753,30.91,4.407097,False
2023-03-02,31.2,16.7,26.615591,13.739892,31.21,4.584409,False
2023-03-03,32.2,18.4,26.866774,13.910968,31.5,5.333226,False
2023-03-04,28.3,17.2,27.111935,14.093548,31.7,1.188065,False
2023-03-05,30.0,17.0,27.347634,14.273978,31.9,2.652366,False
2023-03-06,30.0,16.3,27.550108,14.450108,32.1,2.449892,False
2023-03-07,30.5,16.4,27.747204,14.62957,32.21,2.752796,False
2023-03-08,29.4,18.2,27.955161,14.802581,32.4,1.444839,False
2023-03-09,29.6,17.4,28.17914,14.985161,32.6,1.42086,False
2023-03-10,30.3,16.8,28.386022,15.153978,33.0,1.913978,False
2023-03-11,32.1,17.1,28.598602,15.318602,33.1,3.501398,False
2023-03-12,33.3,19.8,28.81172,15.478065,33.4,4.48828,False
2023-03-13,32.9,19.3,29.067312,15.654624,33.8,3.832688,False
2023-03-14,33.8,19.4,29.307527,15.84957,34.01,4.492473,False
2023-03-15,33.3,20.9,29.52957,16.037097,34.3,3.77043,False
2023-03-16,32.1,20.3,29.772258,16.21871,34.6,2.327742,False
2023-03-17,30.9,19.0,30.010753,16.402688,34.81,0.889247,False
2023-03-18,24.9,18.1,30.266237,16.581075,35.1,-5.366237,False
2023-03-19,26.2,18.3,30.497849,16.763011,35.4,-4.297849,False
2023-03-20,24.1,16.7,30.728925,16.935699,35.61,-6.628925,False
2023-03-21,24.4,15.6,30.960968,17.13043,36.1,-6.560968,False
2023-03-22,27.3,17.0,31.21172,17.335269,36.4,-3.91172,False
2023-03-23,30.0,17.5,31.433548,17.519785,36.6,-1.433548,False
2023-03-24,27.9,18.5,31.657957,17.698925,36.7,-3.757957,False
2023-03-25,28.2,18.6,31.866344,17.877419,36.81,-3.666344,False
2023-03-26,29.6,18.0,32.11172,18.064839,37.01,-2.51172,False
2023-03-27,28.9,17.3,32.360968,18.241505,37.3,-3.460968,False
2023-03-28,30.3,18.1,32.592151,18.426559,37.6,-2.292151,False
2023-03-29,32.4,18.7,32.847742,18.622366,37.7,-0.447742,False
2023-03-30,32.3,18.8,33.134301,18.840968,37.91,-0.834301,False
2023-03-31,25.2,16.9,33.40914,19.058817,38.1,-8.20914,False
2023-04-01,27.8,17.4,33.646237,19.25957,38.2,-5.846237,False
2023-04-02,29.6,17.8,33.823333,19.452258,38.4,-4.223333,False
2023-04-03,31.4,19.6,34.005269,19.627527,38.51,-2.605269,False
2023-04-04,30.5,18.5,34.201183,19.799892,38.7,-3.701183,False
2023-04-05,31.7,19.4,34.410645,19.960108,39.01,-2.710645,False
2023-04-06,32.9,18.7,34.627312,20.146559,39.3,-1.727312,False
2023-04-07,32.7,17.8,34.843333,20.327742,39.5,-2.143333,False
2023-04-08,33.5,17.8,35.047097,20.51172,39.6,-1.547097,False
2023-04-09,34.5,17.5,35.258387,20.70086,39.8,-0.758387,False
2023-04-10,34.7,18.2,35.487204,20.889247,40.0,-0.787204,False
2023-04-11,35.9,21.9,35.696452,21.077527,40.2,0.203548,False
2023-04-12,37.2,22.0,35.915054,21.266882,40.3,1.284946,False
2023-04-13,38.1,22.6,36.107849,21.458925,40.5,1.992151,False
2023-04-14,39.1,23.1,36.321828,21.64,40.7,2.778172,False
2023-04-15,40.7,22.7,36.543118,21.843011,40.8,4.156882,False
2023-04-16,40.3,23.5,36.727849,22.044839,40.9,3.572151,False
2023-04-17,40.9,25.2,36.904301,22.220753,41.0,3.995699,False
2023-04-18,40.8,24.4,37.038602,22.390215,41.01,3.761398,False
2023-04-19,39.3,24.8,37.186022,22.557419,41.11,2.113978,False
2023-04-20,37.4,22.5,37.332581,22.731505,41.2,0.067419,False
2023-04-21,36.0,22.2,37.472796,22.898172,41.4,-1.472796,False
2023-04-22,36.4,23.8,37.592258,23.059892,41.6,-1.192258,False
2023-04-23,32.2,20.5,37.742151,23.222366,41.7,-5.542151,False
2023-04-24,32.7,20.2,37.890538,23.411935,41.7,-5.190538,False
2023-04-25,34.5,21.9,38.042796,23.587634,41.8,-3.542796,False
2023-04-26,36.5,23.5,38.16,23.744624,41.8,-1.66,False
2023-04-27,37.9,24.5,38.258172,23.895806,41.8,-0.358172,False
2023-04-28,33.6,23.7,38.365806,24.036344,41.81,-4.765806,False
2023-04-29,32.7,23.0,38.477097,24.177204,41.9,-5.777097,False
2023-04-30,29.1,20.8,38.595161,24.324086,42.1,-9.495161,False
2023-05-01,26.9,20.5,38.696129,24.467097,42.3,-11.796129,False
2023-05-02,27.2,20.7,38.802366,24.604946,42.3,-11.602366,False
2023-05-03,26.8,19.1,38.939892,24.745376,42.4,-12.139892,False
2023-05-04,31.4,20.5,39.05172,24.889247,42.4,-7.65172,False
2023-05-05,34.3,23.1,39.123978,25.023763,42.41,-4.823978,False
2023-05-06,35.7,22.9,39.19172,25.16,42.5,-3.49172,False
2023-05-07,36.7,23.8,39.26957,25.267312,42.6,-2.56957,False
2023-05-08,36.9,22.4,39.349785,25.394086,42.61,-2.449785,False
2023-05-09,37.1,22.3,39.433978,25.518817,42.8,-2.333978,False
2023-05-10,36.5,20.6,39.504946,25.631935,42.9,-3.004946,False
2023-05-11,38.7,21.5,39.559892,25.759247,43.0,-0.859892,False
2023-05-12,41.2,23.3,39.638495,25.865591,43.01,1.561505,False
2023-05-13,41.2,25.7,39.686559,25.949785,43.11,1.513441,False
2023-05-14,40.8,27.1,39.714946,26.011935,43.2,1.085054,False
2023-05-15,40.7,27.1,39.722473,26.072796,43.2,0.977527,False
2023-05-16,40.1,27.6,39.729355,26.137419,43.3,0.370645,False
2023-05-17,40.9,26.1,39.742473,26.207419,43.3,1.157527,False
2023-05-18,36.5,26.2,39.762473,26.282688,43.4,-3.262473,False
2023-05-19,38.3,25.8,39.808495,26.391613,43.4,-1.508495,False
2023-05-20,40.5,25.3,39.852366,26.502688,43.41,0.647634,False
2023-05-21,42.8,26.8,39.893656,26.604516,43.6,2.906344,False
2023-05-22,43.2,31.0,39.927312,26.69086,43.6,3.272688,False
2023-05-23,43.9,28.7,39.937312,26.777527,43.6,3.962688,False
2023-05-24,36.7,25.0,39.934194,26.875484,43.7,-3.234194,False
2023-05-25,36.1,22.6,39.936129,26.94828,43.8,-3.836129,False
2023-05-26,34.4,22.8,39.953548,27.027419,43.8,-5.553548,False
2023-05-27,33.5,21.1,39.963656,27.119677,43.8,-6.463656,False
2023-05-28,35.0,23.1,39.965806,27.218387,43.81,-4.965806,False
2023-05-29,33.6,23.5,39.959677,27.30828,43.9,-6.359677,False
2023-05-30,34.8,23.6,39.938817,27.384516,43.9,-5.138817,False
2023-05-31,32.0,21.8,39.895699,27.449785,43.9,-7.895699,False
2023-06-01,33.2,22.7,39.821505,27.505269,43.81,-6.621505,False
2023-06-02,35.2,24.9,39.747527,27.560753,43.8,-4.547527,False
2023-06-03,36.7,26.5,39.665699,27.596989,43.7,-2.965699,False
2023-06-04,36.0,27.1,39.595484,27.631398,43.7,-3.595484,False
2023-06-05,38.9,25.8,39.528065,27.671935,43.71,-0.628065,False
2023-06-06,39.0,26.0,39.462796,27.726452,43.7,-0.462796,False
2023-06-07,39.1,26.7,39.398387,27.791505,43.7,-0.298387,False
2023-06-08,41.0,27.8,39.325376,27.845914,43.6,1.674624,False
2023-06-09,41.5,29.3,39.212366,27.882688,43.6,2.287634,False
2023-06-10,41.3,28.8,39.084409,27.921613,43.5,2.215591,False
2023-06-11,40.4,29.3,38.95172,27.947312,43.4,1.44828,False
2023-06-12,41.8,31.6,38.818817,27.971828,43.4,2.981183,False
2023-06-13,42.3,30.3,38.688817,28.013548,43.3,3.611183,False
2023-06-14,41.3,30.6,38.574301,28.057312,43.2,2.725699,False
2023-06-15,38.5,29.2,38.468172,28.107204,43.2,0.031828,False
2023-06-16,39.7,30.2,38.37043,28.141398,43.1,1.32957,False
2023-06-17,38.9,28.9,38.273011,28.182151,42.9,0.626989,False
2023-06-18,36.8,27.7,38.15914,28.217312,42.8,-1.35914,False
2023-06-19,35.5,28.0,38.037312,28.217312,42.7,-2.537312,False
2023-06-20,34.9,28.4,37.90086,28.22043,42.5,-3.00086,False
2023-06-21,36.6,28.9,37.765484,28.216452,42.4,-1.165484,False
2023-06-22,37.2,29.8,37.627312,28.216129,42.3,-0.427312,False
2023-06-23,35.8,30.3,37.506237,28.220323,42.1,-1.706237,False
2023-06-24,35.9,28.0,37.381935,28.210753,41.9,-1.481935,False
2023-06-25,28.9,26.3,37.243226,28.19,41.7,-8.343226,False
2023-06-26,31.4,26.3,37.061505,28.167312,41.4,-5.661505,False
2023-06-27,33.4,27.0,36.873118,28.126129,41.3,-3.473118,False
2023-06-28,33.5,28.4,36.722151,28.084409,41.2,-3.222151,False
2023-06-29,31.7,26.8,36.567097,28.056344,41.11,-4.867097,False
2023-06-30,33.8,26.4,36.409892,28.029892,41.0,-2.609892,False
2023-07-01,33.8,26.8,36.246022,27.995376,40.9,-2.446022,False
2023-07-02,35.0,27.0,36.103871,27.971613,40.8,-1.103871,False
2023-07-03,37.1,29.3,35.963656,27.940968,40.7,1.136344,False
2023-07-04,35.3,28.4,35.849247,27.928065,40.6,-0.549247,False
2023-07-05,33.1,27.3,35.702903,27.904194,40.4,-2.602903,False
2023-07-06,30.5,26.3,35.553118,27.876129,40.3,-5.053118,False
2023-07-07,31.8,26.9,35.40086,27.838172,40.01,-3.60086,False
2023-07-08,29.3,26.5,35.262366,27.795914,39.8,-5.962366,False
2023-07-09,30.0,26.3,35.133333,27.757634,39.7,-5.133333,False
2023-07-10,30.3,26.1,35.022151,27.725054,39.6,-4.722151,False
2023-07-11,32.0,26.7,34.914839,27.690323,39.4,-2.914839,False
2023-07-12,32.6,27.1,34.814409,27.65129,39.2,-2.214409,False
2023-07-13,31.8,27.5,34.707312,27.621075,39.0,-2.907312,False
2023-07-14,33.3,27.6,34.605269,27.590645,38.91,-1.305269,False
2023-07-15,32.9,27.3,34.503656,27.572473,38.81,-1.603656,False
2023-07-16,33.6,27.9,34.397204,27.54,38.7,-0.797204,False
2023-07-17,32.7,28.2,34.276989,27.5,38.41,-1.576989,False
2023-07-18,31.8,28.1,34.165591,27.452796,38.2,-2.365591,False
2023-07-19,34.1,28.7,34.062366,27.405806,38.01,0.037634,False
2023-07-20,36.7,30.4,33.969892,27.375484,37.8,2.730108,False
2023-07-21,37.1,30.2,33.886344,27.341935,37.51,3.213656,False
2023-07-22,34.5,29.3,33.789892,27.320645,37.1,0.710108,False
2023-07-23,36.2,29.5,33.709785,27.301075,36.91,2.490215,False
2023-07-24,34.9,29.4,33.633011,27.266559,36.81,1.266989,False
2023-07-25,34.3,26.8,33.552151,27.23129,36.7,0.747849,False
2023-07-26,30.3,26.3,33.476667,27.207634,36.41,-3.176667,False
2023-07-27,32.3,26.9,33.442581,27.191398,36.4,-1.142581,False
2023-07-28,30.6,26.5,33.424301,27.185161,36.4,-2.824301,False
2023-07-29,30.6,26.7,33.374409,27.173226,36.3,-2.774409,False
2023-07-30,34.2,27.6,33.33129,27.155914,36.3,0.86871,False
2023-07-31,34.4,28.5,33.288495,27.125054,36.2,1.111505,False
2023-08-01,36.1,28.8,33.246559,27.100968,36.2,2.853441,False
2023-08-02,34.7,28.3,33.223763,27.073656,36.2,1.476237,False
2023-08-03,34.4,28.4,33.216559,27.054301,36.1,1.183441,False
2023-08-04,32.8,27.9,33.148065,27.028925,36.1,-0.348065,False
2023-08-05,33.4,28.3,33.137312,27.012258,36.0,0.262688,False
2023-08-06,33.7,28.3,33.130108,26.993763,36.0,0.569892,False
2023-08-07,33.6,27.8,33.11,26.966774,35.9,0.49,False
2023-08-08,33.6,28.0,33.074946,26.943441,35.9,0.525054,False
2023-08-09,33.9,28.5,33.045269,26.916022,35.8,0.854731,False
2023-08-10,33.7,28.6,33.024946,26.896452,35.8,0.675054,False
2023-08-11,35.0,28.6,33.021075,26.877204,35.71,1.978925,False
2023-08-12,34.6,28.2,33.022903,26.865806,35.71,1.577097,False
2023-08-13,33.6,27.9,33.028602,26.855161,35.71,0.571398,False
2023-08-14,34.1,27.5,33.032366,26.837204,35.8,1.067634,False
2023-08-15,33.2,28.1,33.029462,26.809462,35.71,0.170538,False
2023-08-16,35.6,28.8,33.032366,26.784301,35.7,2.567634,False
2023-08-17,35.8,29.2,33.036022,26.769892,35.7,2.763978,False
2023-08-18,35.6,28.2,33.032151,26.737849,35.7,2.567849,False
2023-08-19,34.9,26.4,33.022473,26.710538,35.7,1.877527,False
2023-08-20,34.6,28.7,32.999247,26.671183,35.7,1.600753,False
2023-08-21,36.9,29.3,32.987849,26.625591,35.7,3.912151,False
2023-08-22,35.6,27.5,32.979032,26.569247,35.7,2.620968,False
2023-08-23,29.3,26.4,32.958925,26.515699,35.7,-3.658925,False
2023-08-24,32.4,27.2,32.946452,26.468817,35.7,-0.546452,False
2023-08-25,34.7,27.3,32.943441,26.433226,35.7,1.756559,False
2023-08-26,34.9,27.7,32.939355,26.393871,35.7,1.960645,False
2023-08-27,35.4,28.1,32.920968,26.352796,35.7,2.479032,False
2023-08-28,34.8,28.0,32.89957,26.310645,35.81,1.90043,False
2023-08-29,36.0,27.9,32.908602,26.269677,35.71,3.091398,True
2023-08-30,36.7,27.5,32.921183,26.224624,35.71,3.778817,True
2023-08-31,36.9,28.0,32.930215,26.18172,35.8,3.969785,True
2023-09-01,38.0,27.8,32.939462,26.134301,35.71,5.060538,True
2023-09-02,37.6,27.2,32.958817,26.085806,35.71,4.641183,True
2023-09-03,37.2,26.7,32.970753,26.032581,35.8,4.229247,True
2023-09-04,37.5,27.3,33.014301,25.983226,35.81,4.485699,True
2023-09-05,35.9,27.6,33.031613,25.933871,35.9,2.868387,False
2023-09-06,35.7,27.7,33.050968,25.87957,35.9,2.649032,False
2023-09-07,37.0,28.2,33.054301,25.81828,35.9,3.945699,False
2023-09-08,34.0,26.3,33.054839,25.739892,35.9,0.945161,False
2023-09-09,30.1,24.5,33.054086,25.647849,35.91,-2.954086,False
2023-09-10,28.2,24.8,33.08129,25.548602,36.0,-4.88129,False
2023-09-11,31.7,25.7,33.096344,25.454516,36.0,-1.396344,False
2023-09-12,33.8,26.2,33.120323,25.361828,36.0,0.679677,False
2023-09-13,34.5,28.1,33.15129,25.263871,36.1,1.34871,False
2023-09-14,34.8,28.9,33.173118,25.165591,36.1,1.626882,False
2023-09-15,31.5,26.7,33.19828,25.055914,36.1,-1.69828,False
2023-09-16,32.8,26.6,33.227634,24.945054,36.1,-0.427634,False
2023-09-17,30.0,25.3,33.247312,24.820968,36.2,-3.247312,False
2023-09-18,33.1,25.9,33.271613,24.709677,36.2,-0.171613,False
2023-09-19,34.7,27.4,33.290645,24.597849,36.2,1.409355,False
2023-09-20,35.0,27.8,33.317957,24.483763,36.2,1.682043,False
2023-09-21,36.0,27.6,33.334946,24.367204,36.2,2.665054,False
2023-09-22,34.7,27.3,33.375591,24.251935,36.2,1.324409,False
2023-09-23,31.9,25.4,33.427204,24.130108,36.2,-1.527204,False
2023-09-24,33.3,25.5,33.478172,24.003763,36.2,-0.178172,False
2023-09-25,33.9,26.2,33.50957,23.863011,36.2,0.39043,False
2023-09-26,34.5,25.7,33.524086,23.709462,36.11,0.975914,False
2023-09-27,34.2,23.3,33.541075,23.546344,36.1,0.658925,False
2023-09-28,34.3,22.6,33.566989,23.386559,36.1,0.733011,False
2023-09-29,34.7,23.3,33.567312,23.208817,36.1,1.132688,False
2023-09-30,35.4,23.7,33.553978,23.025054,36.1,1.846022,False
2023-10-01,34.9,22.2,33.530215,22.844731,36.1,1.369785,False
2023-10-02,35.1,19.9,33.522043,22.664194,36.1,1.577957,False
2023-10-03,34.6,21.1,33.495914,22.477097,36.01,1.104086,False
2023-10-04,34.6,20.6,33.457419,22.285591,36.0,1.142581,False
2023-10-05,35.4,20.7,33.419785,22.089247,36.0,1.980215,False
2023-10-06,36.0,22.0,33.376129,21.882688,35.91,2.623871,False
2023-10-07,35.8,23.1,33.332473,21.670753,35.9,2.467527,False
2023-10-08,36.8,25.4,33.29871,21.467527,35.9,3.50129,False
2023-10-09,37.0,24.8,33.253978,21.270215,35.8,3.746022,False
2023-10-10,34.8,22.8,33.205161,21.080215,35.8,1.594839,False
2023-10-11,34.9,19.9,33.133011,20.887634,35.7,1.766989,False
2023-10-12,34.6,20.8,33.048925,20.68957,35.6,1.551075,False
2023-10-13,35.7,22.6,32.943441,20.477312,35.5,2.756559,False
2023-10-14,36.5,22.8,32.825591,20.263763,35.4,3.674409,False
2023-10-15,34.9,23.1,32.718817,20.054731,35.3,2.181183,False
2023-10-16,30.2,19.8,32.607097,19.848387,35.21,-2.407097,False
2023-10-17,27.3,18.9,32.490538,19.644409,35.2,-5.190538,False
2023-10-18,30.0,18.6,32.378602,19.446774,35.1,-2.378602,False
2023-10-19,29.5,18.0,32.260108,19.244731,35.0,-2.760108,False
2023-10-20,30.2,17.7,32.153441,19.040108,34.9,-1.953441,False
2023-10-21,31.0,18.4,32.037957,18.836774,34.71,-1.037957,False
2023-10-22,30.2,19.0,31.913011,18.643763,34.6,-1.713011,False
2023-10-23,30.6,19.3,31.764946,18.448602,34.5,-1.164946,False
2023-10-24,31.1,19.0,31.596774,18.240323,34.3,-0.496774,False
2023-10-25,31.2,18.9,31.433226,18.036882,34.2,-0.233226,False
2023-10-26,31.5,18.1,31.273548,17.827097,34.01,0.226452,False
2023-10-27,32.2,18.3,31.125591,17.623763,33.9,1.074409,False
2023-10-28,31.2,17.6,30.964624,17.435806,33.8,0.235376,False
2023-10-29,32.7,18.6,30.79914,17.249462,33.7,1.90086,False
2023-10-30,32.6,20.2,30.636022,17.087849,33.4,1.963978,False
2023-10-31,31.9,19.8,30.477849,16.922796,33.3,1.422151,False
2023-11-01,31.7,19.2,30.326344,16.753011,33.1,1.373656,False
2023-11-02,31.2,18.5,30.166989,16.573011,33.0,1.033011,False
2023-11-03,30.6,19.1,30.005914,16.390215,32.8,0.594086,False
2023-11-04,30.5,17.8,29.832043,16.202473,32.6,0.667957,False
2023-11-05,30.7,18.3,29.649355,16.002043,32.41,1.050645,False
2023-11-06,30.5,17.5,29.474624,15.797957,32.3,1.025376,False
2023-11-07,31.2,17.5,29.287742,15.600968,32.1,1.912258,False
2023-11-08,30.9,17.3,29.116022,15.407849,31.9,1.783978,False
2023-11-09,30.3,17.9,28.944194,15.229785,31.71,1.355806,False
2023-11-10,24.9,16.5,28.772796,15.055484,31.6,-3.872796,False
2023-11-11,26.1,15.5,28.601075,14.883978,31.4,-2.501075,False
2023-11-12,27.3,14.4,28.432796,14.698817,31.3,-1.132796,False
2023-11-13,27.4,14.7,28.263441,14.513011,31.1,-0.863441,False
2023-11-14,26.5,14.1,28.100968,14.340753,30.81,-1.600968,False
2023-11-15,27.1,13.7,27.926237,14.156129,30.7,-0.826237,False
2023-11-16,27.6,13.8,27.741505,13.971075,30.5,-0.141505,False
2023-11-17,28.0,15.1,27.55914,13.788495,30.4,0.44086,False
2023-11-18,27.7,14.9,27.378387,13.601505,30.2,0.321613,False
2023-11-19,26.5,14.6,27.213226,13.41914,30.0,-0.713226,False
2023-11-20,26.6,14.4,27.054731,13.263656,29.9,-0.454731,False
2023-11-21,26.7,13.4,26.904301,13.116237,29.7,-0.204301,False
2023-11-22,26.2,11.7,26.746667,12.957204,29.6,-0.546667,False
2023-11-23,26.2,12.3,26.598495,12.79914,29.5,-0.398495,False
2023-11-24,26.3,12.2,26.447204,12.653871,29.3,-0.147204,False
2023-11-25,26.1,12.5,26.275914,12.500645,29.11,-0.175914,False
2023-11-26,25.6,13.8,26.08957,12.347419,28.9,-0.48957,False
2023-11-27,22.7,16.1,25.895376,12.205806,28.71,-3.195376,False
2023-11-28,21.8,14.5,25.696989,12.049892,28.6,-3.896989,False
2023-11-29,25.3,14.8,25.502796,11.873548,28.3,-0.202796,False
2023-11-30,23.9,15.8,25.313871,11.684516,28.0,-1.413871,False
2023-12-01,24.8,15.4,25.126667,11.501613,27.9,-0.326667,False
2023-12-02,24.9,13.1,24.956882,11.329677,27.7,-0.056882,False
2023-12-03,24.7,13.3,24.783441,11.166667,27.6,-0.083441,False
2023-12-04,23.6,13.2,24.595806,11.019892,27.5,-0.995806,False
2023-12-05,24.4,12.9,24.416129,10.892043,27.4,-0.016129,False
2023-12-06,25.0,12.7,24.24129,10.771613,27.3,0.75871,False
2023-12-07,25.6,11.9,24.056882,10.651613,27.11,1.543118,False
2023-12-08,25.3,10.9,23.884194,10.521398,27.0,1.415806,False
2023-12-09,24.7,11.3,23.69914,10.386237,26.9,1.00086,False
2023-12-10,23.7,9.6,23.514839,10.238602,26.8,0.185161,False
2023-12-11,24.0,9.4,23.330323,10.091613,26.7,0.669677,False
2023-12-12,24.1,9.7,23.153548,9.949785,26.6,0.946452,False
2023-12-13,24.5,10.4,22.976237,9.812473,26.41,1.523763,False
2023-12-14,24.0,8.1,22.809892,9.680108,26.3,1.190108,False
2023-12-15,24.2,8.3,22.617742,9.544516,26.1,1.582258,False
2023-12-16,23.6,9.3,22.41914,9.436559,26.0,1.18086,False
2023-12-17,23.7,10.0,22.242258,9.333333,25.9,1.457742,False
2023-12-18,22.3,9.7,22.063763,9.246667,25.7,0.236237,False
2023-12-19,22.7,9.2,21.883226,9.161828,25.6,0.816774,False
2023-12-20,22.0,8.9,21.690215,9.065376,25.5,0.309785,False
2023-12-21,23.5,8.1,21.507634,8.95,25.3,1.992366,False
2023-12-22,22.9,7.8,21.316667,8.843871,25.01,1.583333,False
2023-12-23,23.3,9.4,21.136989,8.731398,24.8,2.163011,False
2023-12-24,23.9,9.5,20.94914,8.625591,24.5,2.95086,False
2023-12-25,23.4,10.2,20.783118,8.52,24.3,2.616882,False
2023-12-26,22.8,9.5,20.644086,8.426989,24.2,2.155914,False
2023-12-27,21.8,9.8,20.52,8.346129,24.0,1.28,False
2023-12-28,19.0,10.1,20.432796,8.264086,24.0,-1.432796,False
2023-12-29,17.2,9.9,20.367957,8.206344,23.81,-3.167957,False
2023-12-30,16.5,10.2,20.293441,8.156989,23.8,-3.793441,False
2023-12-31,15.3,8.8,20.207957,8.123871,23.7,-4.907957,False
2024-01-01,15.0,7.5,20.113978,8.102043,23.6,-5.113978,False
2024-01-02,13.5,7.2,20.013656,8.08,23.5,-6.513656,False
2024-01-03,14.6,7.2,19.920215,8.042258,23.3,-5.320215,False
2024-01-04,14.3,9.8,19.839247,7.991075,23.3,-5.539247,False
2024-01-05,15.1,11.1,19.76871,7.935484,23.21,-4.66871,False
2024-01-06,15.0,8.2,19.700215,7.901398,23.2,-4.700215,False
2024-01-07,15.9,7.5,19.647204,7.885484,23.1,-3.747204,False
2024-01-08,15.0,7.9,19.626129,7.885699,23.1,-4.626129,False
2024-01-09,15.7,8.5,19.628602,7.903656,23.1,-3.928602,False
2024-01-10,15.5,7.8,19.640753,7.934839,23.1,-4.140753,False
2024-01-11,17.0,7.0,19.672151,7.975376,23.2,-2.672151,False
2024-01-12,17.8,6.2,19.701075,8.02172,23.2,-1.901075,False
2024-01-13,17.7,6.0,19.731935,8.082903,23.2,-2.031935,False
2024-01-14,17.4,5.5,19.776129,8.150968,23.2,-2.376129,False
2024-01-15,17.0,5.4,19.845699,8.21957,23.3,-2.845699,False
2024-01-16,15.7,4.7,19.929247,8.268495,23.4,-4.229247,False
2024-01-17,16.0,5.5,20.004839,8.303548,23.41,-4.004839,False
2024-01-18,16.1,6.6,20.085161,8.34,23.6,-3.985161,False
2024-01-19,13.8,7.1,20.188817,8.387957,23.71,-6.388817,False
2024-01-20,15.3,6.3,20.301935,8.455269,24.0,-5.001935,False
2024-01-21,15.1,6.6,20.395699,8.528817,24.01,-5.295699,False
2024-01-22,14.9,7.0,20.513763,8.604301,24.2,-5.613763,False
2024-01-23,16.7,7.2,20.638817,8.695591,24.3,-3.938817,False
2024-01-24,17.1,6.9,20.744731,8.773763,24.4,-3.644731,False
2024-01-25,16.9,6.8,20.850108,8.850215,24.4,-3.950108,False
2024-01-26,18.7,7.3,20.94129,8.924946,24.51,-2.24129,False
2024-01-27,22.7,7.4,21.042258,9.012796,24.8,1.657742,False
2024-01-28,18.3,8.6,21.163333,9.118602,25.1,-2.863333,False
2024-01-29,21.0,10.1,21.28914,9.230215,25.31,-0.28914,False
2024-01-30,20.0,10.1,21.417419,9.361398,25.6,-1.417419,False
2024-01-31,19.8,10.3,21.532581,9.468065,25.7,-1.732581,False
2024-02-01,20.3,11.4,21.68129,9.57172,25.81,-1.38129,False
2024-02-02,19.3,9.9,21.839677,9.688172,26.1,-2.539677,False
2024-02-03,21.8,9.7,22.015914,9.823226,26.2,-0.215914,False
2024-02-04,20.2,14.0,22.197097,9.957742,26.4,-1.997097,False
2024-02-05,19.9,10.0,22.380645,10.105914,26.6,-2.480645,False
2024-02-06,19.5,9.7,22.569247,10.23871,26.8,-3.069247,False
2024-02-07,19.9,9.7,22.757419,10.381398,26.9,-2.857419,False
2024-02-08,21.4,9.3,22.914624,10.534624,27.0,-1.514624,False
2024-02-09,22.6,8.9,23.071183,10.685591,27.2,-0.471183,False
2024-02-10,22.1,9.3,23.216022,10.826989,27.3,-1.116022,False
2024-02-11,23.0,9.4,23.344086,10.952366,27.5,-0.344086,False
2024-02-12,22.0,9.3,23.488495,11.070323,27.51,-1.488495,False
2024-02-13,22.8,10.5,23.637419,11.19172,27.6,-0.837419,False
2024-02-14,23.9,11.7,23.786237,11.327957,27.9,0.113763,False
2024-02-15,24.9,9.7,23.932796,11.464516,28.1,0.967204,False
2024-02-16,25.4,9.5,24.102473,11.602903,28.3,1.297527,False
2024-02-17,25.2,10.4,24.276559,11.771828,28.6,0.923441,False
2024-02-18,26.9,12.4,24.457634,11.92172,28.8,2.442366,False
2024-02-19,26.6,15.3,24.618925,12.064194,29.01,1.981075,False
2024-02-20,26.2,15.4,24.792473,12.213871,29.3,1.407527,False
2024-02-21,25.8,12.6,24.967849,12.359462,29.5,0.832151,False
2024-02-22,25.0,10.8,25.141075,12.495484,29.6,-0.141075,False
2024-02-23,23.7,10.5,25.301183,12.639785,29.8,-1.601183,False
2024-02-24,23.1,10.9,25.500323,12.808495,30.1,-2.400323,False
2024-02-25,24.9,10.8,25.704086,12.986237,30.2,-0.804086,False
2024-02-26,24.5,12.4,25.889892,13.162581,30.4,-1.389892,False
2024-02-27,23.8,12.6,26.056989,13.315054,30.5,-2.256989,False
2024-02-28,24.8,12.9,26.215269,13.456667,30.7,-1.415269,False
2024-02-29,26.4,13.3,26.304086,13.52871,30.805,0.095914,False
2024-03-01,26.9,15.7,26.392903,13.600753,30.91,0.507097,False
2024-03-02,23.4,17.5,26.615591,13.739892,31.21,-3.215591,False
2024-03-03,22.9,11.8,26.866774,13.910968,31.5,-3.966774,False
2024-03-04,22.9,10.9,27.111935,14.093548,31.7,-4.211935,False
2024-03-05,21.5,10.5,27.347634,14.273978,31.9,-5.847634,False
2024-03-06,21.9,11.1,27.550108,14.450108,32.1,-5.650108,False
2024-03-07,25.8,11.7,27.747204,14.62957,32.21,-1.947204,False
2024-03-08,26.1,13.0,27.955161,14.802581,32.4,-1.855161,False
2024-03-09,25.4,13.6,28.17914,14.985161,32.6,-2.77914,False
2024-03-10,26.7,14.3,28.386022,15.153978,33.0,-1.686022,False
2024-03-11,29.3,15.8,28.598602,15.318602,33.1,0.701398,False
2024-03-12,29.3,15.0,28.81172,15.478065,33.4,0.48828,False
2024-03-13,29.5,14.9,29.067312,15.654624,33.8,0.432688,False
2024-03-14,29.2,15.7,29.307527,15.84957,34.01,-0.107527,False
2024-03-15,27.7,13.7,29.52957,16.037097,34.3,-1.82957,False
2024-03-16,28.1,14.4,29.772258,16.21871,34.6,-1.672258,False
2024-03-17,28.4,14.6,30.010753,16.402688,34.81,-1.610753,False
2024-03-18,28.9,14.7,30.266237,16.581075,35.1,-1.366237,False
2024-03-19,29.8,15.1,30.497849,16.763011,35.4,-0.697849,False
2024-03-20,31.0,16.7,30.728925,16.935699,35.61,0.271075,False
2024-03-21,28.7,17.9,30.960968,17.13043,36.1,-2.260968,False
2024-03-22,31.3,19.5,31.21172,17.335269,36.4,0.08828,False
2024-03-23,33.3,18.9,31.433548,17.519785,36.6,1.866452,False
2024-03-24,30.5,17.8,31.657957,17.698925,36.7,-1.157957,False
2024-03-25,32.8,18.6,31.866344,17.877419,36.81,0.933656,False
2024-03-26,33.5,20.2,32.11172,18.064839,37.01,1.38828,False
2024-03-27,35.0,22.2,32.360968,18.241505,37.3,2.639032,False
2024-03-28,36.3,21.8,32.592151,18.426559,37.6,3.707849,False
2024-03-29,35.7,22.3,32.847742,18.622366,37.7,2.852258,False
2024-03-30,35.1,21.3,33.134301,18.840968,37.91,1.965699,False
2024-03-31,35.0,20.2,33.40914,19.058817,38.1,1.59086,False
2024-04-01,31.2,18.5,33.646237,19.25957,38.2,-2.446237,False
2024-04-02,32.5,19.1,33.823333,19.452258,38.4,-1.323333,False
2024-04-03,35.1,21.4,34.005269,19.627527,38.51,1.094731,False
2024-04-04,36.3,22.1,34.201183,19.799892,38.7,2.098817,False
2024-04-05,34.8,21.5,34.410645,19.960108,39.01,0.389355,False
2024-04-06,34.8,19.0,34.627312,20.146559,39.3,0.172688,False
2024-04-07,34.9,19.2,34.843333,20.327742,39.5,0.056667,False
2024-04-08,36.7,20.0,35.047097,20.51172,39.6,1.652903,False
2024-04-09,37.0,20.5,35.258387,20.70086,39.8,1.741613,False
2024-04-10,38.6,21.7,35.487204,20.889247,40.0,3.112796,False
2024-04-11,37.8,22.1,35.696452,21.077527,40.2,2.103548,False
2024-04-12,38.4,22.4,35.915054,21.266882,40.3,2.484946,False
2024-04-13,36.9,24.4,36.107849,21.458925,40.5,0.792151,False
2024-04-14,33.0,23.7,36.321828,21.64,40.7,-3.321828,False
2024-04-15,34.8,24.3,36.543118,21.843011,40.8,-1.743118,False
2024-04-16,35.6,23.3,36.727849,22.044839,40.9,-1.127849,False
2024-04-17,35.1,22.5,36.904301,22.220753,41.0,-1.804301,False
2024-04-18,37.5,23.8,37.038602,22.390215,41.01,0.461398,False
2024-04-19,38.3,23.9,37.186022,22.557419,41.11,1.113978,False
2024-04-20,36.9,24.4,37.332581,22.731505,41.2,-0.432581,False
2024-04-21,36.8,24.4,37.472796,22.898172,41.4,-0.672796,False
2024-04-22,36.9,23.9,37.592258,23.059892,41.6,-0.692258,False
2024-04-23,36.6,21.0,37.742151,23.222366,41.7,-1.142151,False
2024-04-24,37.6,21.8,37.890538,23.411935,41.7,-0.290538,False
2024-04-25,39.1,23.1,38.042796,23.587634,41.8,1.057204,False
2024-04-26,40.0,25.0,38.16,23.744624,41.8,1.84,False
2024-04-27,39.0,24.4,38.258172,23.895806,41.8,0.741828,False
2024-04-28,38.3,24.7,38.365806,24.036344,41.81,-0.065806,False
2024-04-29,37.7,25.0,38.477097,24.177204,41.9,-0.777097,False
2024-04-30,36.9,22.3,38.595161,24.324086,42.1,-1.695161,False
2024-05-01,33.8,20.8,38.696129,24.467097,42.3,-4.896129,False
2024-05-02,36.1,21.4,38.802366,24.604946,42.3,-2.702366,False
2024-05-03,38.2,23.2,38.939892,24.745376,42.4,-0.739892,False
2024-05-04,40.4,25.4,39.05172,24.889247,42.4,1.34828,False
2024-05-05,41.3,26.4,39.123978,25.023763,42.41,2.176022,False
2024-05-06,40.8,26.5,39.19172,25.16,42.5,1.60828,False
2024-05-07,41.2,27.0,39.26957,25.267312,42.6,1.93043,False
2024-05-08,38.0,26.9,39.349785,25.394086,42.61,-1.349785,False
2024-05-09,37.5,27.3,39.433978,25.518817,42.8,-1.933978,False
2024-05-10,38.8,26.9,39.504946,25.631935,42.9,-0.704946,False
2024-05-11,39.0,26.9,39.559892,25.759247,43.0,-0.559892,False
2024-05-12,39.4,27.6,39.638495,25.865591,43.01,-0.238495,False
2024-05-13,39.6,25.3,39.686559,25.949785,43.11,-0.086559,False
2024-05-14,40.7,25.9,39.714946,26.011935,43.2,0.985054,False
2024-05-15,41.7,26.7,39.722473,26.072796,43.2,1.977527,False
2024-05-16,42.5,27.9,39.729355,26.137419,43.3,2.770645,False
2024-05-17,44.5,28.7,39.742473,26.207419,43.3,4.757527,True
2024-05-18,44.8,30.2,39.762473,26.282688,43.4,5.037527,True
2024-05-19,44.9,30.6,39.808495,26.391613,43.4,5.091505,True
2024-05-20,44.3,30.7,39.852366,26.502688,43.41,4.447634,True
2024-05-21,41.8,31.2,39.893656,26.604516,43.6,1.906344,False
2024-05-22,42.0,31.4,39.927312,26.69086,43.6,2.072688,False
2024-05-23,41.0,31.2,39.937312,26.777527,43.6,1.062688,False
2024-05-24,41.0,31.3,39.934194,26.875484,43.7,1.065806,False
2024-05-25,43.6,29.0,39.936129,26.94828,43.8,3.663871,False
2024-05-26,45.3,30.2,39.953548,27.027419,43.8,5.346452,True
2024-05-27,45.4,29.6,39.963656,27.119677,43.8,5.436344,True
2024-05-28,46.5,30.9,39.965806,27.218387,43.81,6.534194,True
2024-05-29,46.3,33.3,39.959677,27.30828,43.9,6.340323,True
2024-05-30,46.0,30.6,39.938817,27.384516,43.9,6.061183,True
2024-05-31,46.2,32.0,39.895699,27.449785,43.9,6.304301,True
2024-06-01,44.0,31.8,39.821505,27.505269,43.81,4.178495,True
2024-06-02,42.4,30.6,39.747527,27.560753,43.8,2.652473,False
2024-06-03,44.0,30.2,39.665699,27.596989,43.7,4.334301,False
2024-06-04,43.6,31.2,39.595484,27.631398,43.7,4.004516,False
2024-06-05,44.1,27.9,39.528065,27.671935,43.71,4.571935,False
2024-06-06,41.2,28.4,39.462796,27.726452,43.7,1.737204,False
2024-06-07,42.2,30.0,39.398387,27.791505,43.7,2.801613,False
2024-06-08,41.0,29.4,39.325376,27.845914,43.6,1.674624,False
2024-06-09,42.5,29.7,39.212366,27.882688,43.6,3.287634,False
2024-06-10,42.7,30.2,39.084409,27.921613,43.5,3.615591,False
2024-06-11,43.4,30.3,38.95172,27.947312,43.4,4.44828,False
2024-06-12,44.9,31.7,38.818817,27.971828,43.4,6.081183,True
2024-06-13,44.8,33.4,38.688817,28.013548,43.3,6.111183,True
2024-06-14,43.9,34.0,38.574301,28.057312,43.2,5.325699,True
2024-06-15,44.3,33.7,38.468172,28.107204,43.2,5.831828,True
2024-06-16,45.0,34.5,38.37043,28.141398,43.1,6.62957,True
2024-06-17,45.6,35.5,38.273011,28.182151,42.9,7.326989,True
2024-06-18,44.4,35.7,38.15914,28.217312,42.8,6.24086,True
2024-06-19,43.5,29.6,38.037312,28.217312,42.7,5.462688,True
2024-06-20,38.4,28.7,37.90086,28.22043,42.5,0.49914,False
2024-06-21,36.5,28.1,37.765484,28.216452,42.4,-1.265484,False
2024-06-22,37.6,30.2,37.627312,28.216129,42.3,-0.027312,False
2024-06-23,37.7,31.6,37.506237,28.220323,42.1,0.193763,False
2024-06-24,37.0,29.3,37.381935,28.210753,41.9,-0.381935,False
2024-06-25,37.0,30.4,37.243226,28.19,41.7,-0.243226,False
2024-06-26,33.7,28.9,37.061505,28.167312,41.4,-3.361505,False
2024-06-27,31.8,26.5,36.873118,28.126129,41.3,-5.073118,False
2024-06-28,32.8,26.3,36.722151,28.084409,41.2,-3.922151,False
2024-06-29,33.4,28.4,36.567097,28.056344,41.11,-3.167097,False
2024-06-30,35.5,28.4,36.409892,28.029892,41.0,-0.909892,False
2024-07-01,34.8,28.7,36.246022,27.995376,40.9,-1.446022,False
2024-07-02,33.6,28.8,36.103871,27.971613,40.8,-2.503871,False
2024-07-03,31.1,27.0,35.963656,27.940968,40.7,-4.863656,False
2024-07-04,30.4,26.5,35.849247,27.928065,40.6,-5.449247,False
2024-07-05,30.4,27.1,35.702903,27.904194,40.4,-5.302903,False
2024-07-06,31.3,26.6,35.553118,27.876129,40.3,-4.253118,False
2024-07-07,33.3,26.3,35.40086,27.838172,40.01,-2.10086,False
2024-07-08,31.7,26.4,35.262366,27.795914,39.8,-3.562366,False
2024-07-09,33.7,28.3,35.133333,27.757634,39.7,-1.433333,False
2024-07-10,35.0,29.4,35.022151,27.725054,39.6,-0.022151,False
2024-07-11,37.6,29.5,34.914839,27.690323,39.4,2.685161,False
2024-07-12,35.6,28.1,34.814409,27.65129,39.2,0.785591,False
2024-07-13,34.7,28.4,34.707312,27.621075,39.0,-0.007312,False
2024-07-14,36.0,29.1,34.605269,27.590645,38.91,1.394731,False
2024-07-15,33.8,29.2,34.503656,27.572473,38.81,-0.703656,False
2024-07-16,35.9,29.8,34.397204,27.54,38.7,1.502796,False
2024-07-17,33.8,30.0,34.276989,27.5,38.41,-0.476989,False
2024-07-18,34.6,28.6,34.165591,27.452796,38.2,0.434409,False
2024-07-19,33.9,28.7,34.062366,27.405806,38.01,-0.162366,False
2024-07-20,36.2,29.4,33.969892,27.375484,37.8,2.230108,False
2024-07-21,35.3,30.6,33.886344,27.341935,37.51,1.413656,False
2024-07-22,34.5,29.5,33.789892,27.320645,37.1,0.710108,False
2024-07-23,33.9,29.3,33.709785,27.301075,36.91,0.190215,False
2024-07-24,33.2,28.6,33.633011,27.266559,36.81,-0.433011,False
2024-07-25,34.5,29.3,33.552151,27.23129,36.7,0.947849,False
2024-07-26,34.2,29.3,33.476667,27.207634,36.41,0.723333,False
2024-07-27,34.8,29.4,33.442581,27.191398,36.4,1.357419,False
2024-07-28,36.1,29.9,33.424301,27.185161,36.4,2.675699,False
2024-07-29,36.5,30.8,33.374409,27.173226,36.3,3.125591,False
2024-07-30,36.4,31.5,33.33129,27.155914,36.3,3.06871,False
2024-07-31,35.3,26.3,33.288495,27.125054,36.2,2.011505,False
2024-08-01,32.4,26.5,33.246559,27.100968,36.2,-0.846559,False
2024-08-02,32.7,28.3,33.223763,27.073656,36.2,-0.523763,False
2024-08-03,33.7,28.3,33.216559,27.054301,36.1,0.483441,False
2024-08-04,34.7,28.5,33.148065,27.028925,36.1,1.551935,False
2024-08-05,33.2,27.8,33.137312,27.012258,36.0,0.062688,False
2024-08-06,33.2,27.8,33.130108,26.993763,36.0,0.069892,False
2024-08-07,29.7,26.6,33.11,26.966774,35.9,-3.41,False
2024-08-08,31.3,27.2,33.074946,26.943441,35.9,-1.774946,False
2024-08-09,32.9,27.4,33.045269,26.916022,35.8,-0.145269,False
2024-08-10,30.9,27.2,33.024946,26.896452,35.8,-2.124946,False
2024-08-11,29.3,26.3,33.021075,26.877204,35.71,-3.721075,False
2024-08-12,30.8,26.9,33.022903,26.865806,35.71,-2.222903,False
2024-08-13,32.3,27.6,33.028602,26.855161,35.71,-0.728602,False
2024-08-14,32.3,28.1,33.032366,26.837204,35.8,-0.732366,False
2024-08-15,33.1,27.7,33.029462,26.809462,35.71,0.070538,False
2024-08-16,32.4,28.3,33.032366,26.784301,35.7,-0.632366,False
2024-08-17,34.4,28.8,33.036022,26.769892,35.7,1.363978,False
2024-08-18,33.9,29.1,33.032151,26.737849,35.7,0.867849,False
2024-08-19,33.0,28.5,33.022473,26.710538,35.7,-0.022473,False
2024-08-20,31.6,27.0,32.999247,26.671183,35.7,-1.399247,False
2024-08-21,33.9,27.5,32.987849,26.625591,35.7,0.912151,False
2024-08-22,34.9,27.2,32.979032,26.569247,35.7,1.920968,False
2024-08-23,31.1,27.4,32.958925,26.515699,35.7,-1.858925,False
2024-08-24,34.3,27.5,32.946452,26.468817,35.7,1.353548,False
2024-08-25,33.7,27.9,32.943441,26.433226,35.7,0.756559,False
2024-08-26,33.3,25.8,32.939355,26.393871,35.7,0.360645,False
2024-08-27,33.0,25.7,32.920968,26.352796,35.7,0.079032,False
2024-08-28,32.0,26.1,32.89957,26.310645,35.81,-0.89957,False
2024-08-29,31.1,26.1,32.908602,26.269677,35.71,-1.808602,False
2024-08-30,34.1,27.4,32.921183,26.224624,35.71,1.178817,False
2024-08-31,34.8,28.3,32.930215,26.18172,35.8,1.869785,False
2024-09-01,35.3,27.7,32.939462,26.134301,35.71,2.360538,False
2024-09-02,32.4,28.0,32.958817,26.085806,35.71,-0.558817,False
2024-09-03,33.6,26.7,32.970753,26.032581,35.8,0.629247,False
2024-09-04,30.0,26.0,33.014301,25.983226,35.81,-3.014301,False
2024-09-05,32.1,26.6,33.031613,25.933871,35.9,-0.931613,False
2024-09-06,30.7,26.1,33.050968,25.87957,35.9,-2.350968,False
2024-09-07,30.6,26.4,33.054301,25.81828,35.9,-2.454301,False
2024-09-08,31.3,27.1,33.054839,25.739892,35.9,-1.754839,False
2024-09-09,34.5,26.9,33.054086,25.647849,35.91,1.445914,False
2024-09-10,32.0,26.6,33.08129,25.548602,36.0,-1.08129,False
2024-09-11,31.4,26.7,33.096344,25.454516,36.0,-1.696344,False
2024-09-12,26.4,23.7,33.120323,25.361828,36.0,-6.720323,False
2024-09-13,27.2,23.8,33.15129,25.263871,36.1,-5.95129,False
2024-09-14,31.8,24.3,33.173118,25.165591,36.1,-1.373118,False
2024-09-15,32.3,25.9,33.19828,25.055914,36.1,-0.89828,False
2024-09-16,33.6,26.0,33.227634,24.945054,36.1,0.372366,False
2024-09-17,32.0,26.5,33.247312,24.820968,36.2,-1.247312,False
2024-09-18,28.1,22.9,33.271613,24.709677,36.2,-5.171613,False
2024-09-19,31.2,24.9,33.290645,24.597849,36.2,-2.090645,False
2024-09-20,33.1,25.9,33.317957,24.483763,36.2,-0.217957,False
2024-09-21,34.0,26.6,33.334946,24.367204,36.2,0.665054,False
2024-09-22,35.0,27.0,33.375591,24.251935,36.2,1.624409,False
2024-09-23,35.3,27.7,33.427204,24.130108,36.2,1.872796,False
2024-09-24,35.7,28.6,33.478172,24.003763,36.2,2.221828,False
2024-09-25,34.7,26.5,33.50957,23.863011,36.2,1.19043,False
2024-09-26,33.2,26.9,33.524086,23.709462,36.11,-0.324086,False
2024-09-27,31.5,24.5,33.541075,23.546344,36.1,-2.041075,False
2024-09-28,30.6,24.3,33.566989,23.386559,36.1,-2.966989,False
2024-09-29,32.4,24.9,33.567312,23.208817,36.1,-1.167312,False
2024-09-30,33.6,25.9,33.553978,23.025054,36.1,0.046022,False
2024-10-01,34.2,26.3,33.530215,22.844731,36.1,0.669785,False
2024-10-02,35.6,25.6,33.522043,22.664194,36.1,2.077957,False
2024-10-03,35.4,24.9,33.495914,22.477097,36.01,1.904086,False
2024-10-04,35.4,26.3,33.457419,22.285591,36.0,1.942581,False
2024-10-05,35.0,25.1,33.419785,22.089247,36.0,1.580215,False
2024-10-06,35.2,23.9,33.376129,21.882688,35.91,1.823871,False
2024-10-07,34.3,23.6,33.332473,21.670753,35.9,0.967527,False
2024-10-08,33.9,23.4,33.29871,21.467527,35.9,0.60129,False
2024-10-09,33.5,23.2,33.253978,21.270215,35.8,0.246022,False
2024-10-10,33.3,20.5,33.205161,21.080215,35.8,0.094839,False
2024-10-11,32.8,20.9,33.133011,20.887634,35.7,-0.333011,False
2024-10-12,33.9,21.4,33.048925,20.68957,35.6,0.851075,False
2024-10-13,34.0,22.3,32.943441,20.477312,35.5,1.056559,False
2024-10-14,33.8,20.5,32.825591,20.263763,35.4,0.974409,False
2024-10-15,33.3,20.0,32.718817,20.054731,35.3,0.581183,False
2024-10-16,33.8,21.3,32.607097,19.848387,35.21,1.192903,False
2024-10-17,34.4,20.8,32.490538,19.644409,35.2,1.909462,False
2024-10-18,35.0,21.4,32.378602,19.446774,35.1,2.621398,False
2024-10-19,35.3,22.3,32.260108,19.244731,35.0,3.039892,False
2024-10-20,34.2,21.7,32.153441,19.040108,34.9,2.046559,False
2024-10-21,33.6,21.9,32.037957,18.836774,34.71,1.562043,False
2024-10-22,32.8,21.5,31.913011,18.643763,34.6,0.886989,False
2024-10-23,32.8,21.4,31.764946,18.448602,34.5,1.035054,False
2024-10-24,33.4,19.8,31.596774,18.240323,34.3,1.803226,False
2024-10-25,33.2,19.8,31.433226,18.036882,34.2,1.766774,False
2024-10-26,32.5,20.5,31.273548,17.827097,34.01,1.226452,False
2024-10-27,32.4,20.9,31.125591,17.623763,33.9,1.274409,False
2024-10-28,32.7,21.1,30.964624,17.435806,33.8,1.735376,False
2024-10-29,34.1,22.0,30.79914,17.249462,33.7,3.30086,False
2024-10-30,34.4,21.3,30.636022,17.087849,33.4,3.763978,False
2024-10-31,33.2,19.9,30.477849,16.922796,33.3,2.722151,False
2024-11-01,32.5,18.0,30.326344,16.753011,33.1,2.173656,False
2024-11-02,32.9,18.4,30.166989,16.573011,33.0,2.733011,False
2024-11-03,32.0,17.7,30.005914,16.390215,32.8,1.994086,False
2024-11-04,31.2,17.8,29.832043,16.202473,32.6,1.367957,False
2024-11-05,30.9,18.6,29.649355,16.002043,32.41,1.250645,False
2024-11-06,30.9,19.3,29.474624,15.797957,32.3,1.425376,False
2024-11-07,30.8,19.1,29.287742,15.600968,32.1,1.512258,False
2024-11-08,31.0,19.7,29.116022,15.407849,31.9,1.883978,False
2024-11-09,31.0,19.9,28.944194,15.229785,31.71,2.055806,False
2024-11-10,31.1,20.1,28.772796,15.055484,31.6,2.327204,False
2024-11-11,30.5,19.2,28.601075,14.883978,31.4,1.898925,False
2024-11-12,31.2,18.5,28.432796,14.698817,31.3,2.767204,False
2024-11-13,27.2,17.8,28.263441,14.513011,31.1,-1.063441,False
2024-11-14,28.3,17.4,28.100968,14.340753,30.81,0.199032,False
2024-11-15,29.3,16.5,27.926237,14.156129,30.7,1.373763,False
2024-11-16,28.4,16.8,27.741505,13.971075,30.5,0.658495,False
2024-11-17,26.9,15.4,27.55914,13.788495,30.4,-0.65914,False
2024-11-18,24.4,13.8,27.378387,13.601505,30.2,-2.978387,False
2024-11-19,25.2,13.0,27.213226,13.41914,30.0,-2.013226,False
2024-11-20,26.4,12.2,27.054731,13.263656,29.9,-0.654731,False
2024-11-21,26.5,12.7,26.904301,13.116237,29.7,-0.404301,False
2024-11-22,26.9,12.8,26.746667,12.957204,29.6,0.153333,False
2024-11-23,27.8,12.8,26.598495,12.79914,29.5,1.201505,False
2024-11-24,28.3,14.0,26.447204,12.653871,29.3,1.852796,False
2024-11-25,26.4,13.2,26.275914,12.500645,29.11,0.124086,False
2024-11-26,26.3,12.0,26.08957,12.347419,28.9,0.21043,False
2024-11-27,26.4,11.4,25.895376,12.205806,28.71,0.504624,False
2024-11-28,26.2,10.3,25.696989,12.049892,28.6,0.503011,False
2024-11-29,25.7,10.9,25.502796,11.873548,28.3,0.197204,False
2024-11-30,25.6,11.6,25.313871,11.684516,28.0,0.286129,False
2024-12-01,25.8,12.7,25.126667,11.501613,27.9,0.673333,False
2024-12-02,27.1,12.5,24.956882,11.329677,27.7,2.143118,False
2024-12-03,26.8,12.3,24.783441,11.166667,27.6,2.016559,False
2024-12-04,26.5,11.4,24.595806,11.019892,27.5,1.904194,False
2024-12-05,24.4,11.0,24.416129,10.892043,27.4,-0.016129,False
2024-12-06,24.7,8.6,24.24129,10.771613,27.3,0.45871,False
2024-12-07,24.0,9.1,24.056882,10.651613,27.11,-0.056882,False
2024-12-08,23.2,10.8,23.884194,10.521398,27.0,-0.684194,False
2024-12-09,21.3,9.2,23.69914,10.386237,26.9,-2.39914,False
2024-12-10,21.9,7.5,23.514839,10.238602,26.8,-1.614839,False
2024-12-11,22.0,7.0,23.330323,10.091613,26.7,-1.330323,False
2024-12-12,21.7,7.0,23.153548,9.949785,26.6,-1.453548,False
2024-12-13,22.3,8.6,22.976237,9.812473,26.41,-0.676237,False
2024-12-14,22.3,7.2,22.809892,9.680108,26.3,-0.509892,False
2024-12-15,21.9,5.9,22.617742,9.544516,26.1,-0.717742,False
2024-12-16,22.8,6.1,22.41914,9.436559,26.0,0.38086,False
2024-12-17,22.5,7.2,22.242258,9.333333,25.9,0.257742,False
2024-12-18,21.9,7.2,22.063763,9.246667,25.7,-0.163763,False
2024-12-19,21.4,7.3,21.883226,9.161828,25.6,-0.483226,False
2024-12-20,22.8,9.4,21.690215,9.065376,25.5,1.109785,False
2024-12-21,23.1,9.0,21.507634,8.95,25.3,1.592366,False
2024-12-22,22.8,9.7,21.316667,8.843871,25.01,1.483333,False
2024-12-23,17.6,11.2,21.136989,8.731398,24.8,-3.536989,False
2024-12-24,20.5,11.2,20.94914,8.625591,24.5,-0.44914,False
2024-12-25,21.8,10.4,20.783118,8.52,24.3,1.016882,False
2024-12-26,22.7,10.2,20.644086,8.426989,24.2,2.055914,False
2024-12-27,15.4,13.2,20.52,8.346129,24.0,-5.12,False
2024-12-28,16.6,13.1,20.432796,8.264086,24.0,-3.832796,False
2024-12-29,16.0,12.1,20.367957,8.206344,23.81,-4.367957,False
2024-12-30,15.4,10.3,20.293441,8.156989,23.8,-4.893441,False
2024-12-31,13.4,9.2,20.207957,8.123871,23.7,-6.807957,False
2025-01-01,14.6,9.1,20.113978,8.102043,23.6,-5.513978,False
2025-01-02,16.3,8.0,20.013656,8.08,23.5,-3.713656,False
2025-01-03,18.9,8.3,19.920215,8.042258,23.3,-1.020215,False
2025-01-04,19.8,8.5,19.839247,7.991075,23.3,-0.039247,False
2025-01-05,16.8,8.6,19.76871,7.935484,23.21,-2.96871,False
2025-01-06,16.6,10.6,19.700215,7.901398,23.2,-3.100215,False
2025-01-07,15.7,9.6,19.647204,7.885484,23.1,-3.947204,False
2025-01-08,19.8,7.1,19.626129,7.885699,23.1,0.173871,False
2025-01-09,19.7,6.7,19.628602,7.903656,23.1,0.071398,False
2025-01-10,17.1,7.7,19.640753,7.934839,23.1,-2.540753,False
2025-01-11,17.3,9.3,19.672151,7.975376,23.2,-2.372151,False
2025-01-12,17.0,10.6,19.701075,8.02172,23.2,-2.701075,False
2025-01-13,18.6,9.6,19.731935,8.082903,23.2,-1.131935,False
2025-01-14,19.1,8.9,19.776129,8.150968,23.2,-0.676129,False
2025-01-15,15.5,8.2,19.845699,8.21957,23.3,-4.345699,False
2025-01-16,17.9,10.3,19.929247,8.268495,23.4,-2.029247,False
2025-01-17,17.4,8.8,20.004839,8.303548,23.41,-2.604839,False
2025-01-18,16.3,8.8,20.085161,8.34,23.6,-3.785161,False
2025-01-19,23.5,10.1,20.188817,8.387957,23.71,3.311183,False
2025-01-20,23.8,12.1,20.301935,8.455269,24.0,3.498065,False
2025-01-21,23.3,11.3,20.395699,8.528817,24.01,2.904301,False
2025-01-22,24.3,10.5,20.513763,8.604301,24.2,3.786237,False
2025-01-23,23.1,11.2,20.638817,8.695591,24.3,2.461183,False
2025-01-24,22.6,9.6,20.744731,8.773763,24.4,1.855269,False
2025-01-25,22.8,8.2,20.850108,8.850215,24.4,1.949892,False
2025-01-26,22.1,8.1,20.94129,8.924946,24.51,1.15871,False
2025-01-27,21.7,7.4,21.042258,9.012796,24.8,0.657742,False
2025-01-28,23.2,7.9,21.163333,9.118602,25.1,2.036667,False
2025-01-29,23.6,9.8,21.28914,9.230215,25.31,2.31086,False
2025-01-30,24.9,10.9,21.417419,9.361398,25.6,3.482581,False
2025-01-31,24.6,11.8,21.532581,9.468065,25.7,3.067419,False
2025-02-01,24.6,11.9,21.68129,9.57172,25.81,2.91871,False
2025-02-02,22.9,11.8,21.839677,9.688172,26.1,1.060323,False
2025-02-03,22.7,10.7,22.015914,9.823226,26.2,0.684086,False
2025-02-04,21.6,13.1,22.197097,9.957742,26.4,-0.597097,False
2025-02-05,22.7,11.9,22.380645,10.105914,26.6,0.319355,False
2025-02-06,22.5,10.6,22.569247,10.23871,26.8,-0.069247,False
2025-02-07,22.3,10.8,22.757419,10.381398,26.9,-0.457419,False
2025-02-08,24.2,10.9,22.914624,10.534624,27.0,1.285376,False
2025-02-09,25.7,10.3,23.071183,10.685591,27.2,2.628817,False
2025-02-10,26.8,10.6,23.216022,10.826989,27.3,3.583978,False
2025-02-11,28.0,11.2,23.344086,10.952366,27.5,4.655914,False
2025-02-12,25.4,13.6,23.488495,11.070323,27.51,1.911505,False
2025-02-13,24.0,12.1,23.637419,11.19172,27.6,0.362581,False
2025-02-14,25.2,11.7,23.786237,11.327957,27.9,1.413763,False
2025-02-15,25.6,11.7,23.932796,11.464516,28.1,1.667204,False
2025-02-16,26.5,11.6,24.102473,11.602903,28.3,2.397527,False
2025-02-17,27.1,13.9,24.276559,11.771828,28.6,2.823441,False
2025-02-18,25.8,12.1,24.457634,11.92172,28.8,1.342366,False
2025-02-19,26.5,12.7,24.618925,12.064194,29.01,1.881075,False
2025-02-20,23.7,14.5,24.792473,12.213871,29.3,-1.092473,False
2025-02-21,25.4,13.7,24.967849,12.359462,29.5,0.432151,False
2025-02-22,23.8,12.8,25.141075,12.495484,29.6,-1.341075,False
2025-02-23,25.6,12.0,25.301183,12.639785,29.8,0.298817,False
2025-02-24,26.1,12.2,25.500323,12.808495,30.1,0.599677,False
2025-02-25,26.4,13.8,25.704086,12.986237,30.2,0.695914,False
2025-02-26,29.3,16.5,25.889892,13.162581,30.4,3.410108,False
2025-02-27,23.6,19.1,26.056989,13.315054,30.5,-2.456989,False
2025-02-28,25.1,17.0,26.215269,13.456667,30.7,-1.115269,False
2025-03-01,25.4,16.8,26.392903,13.600753,30.91,-0.992903,False
2025-03-02,26.4,12.0,26.615591,13.739892,31.21,-0.215591,False
2025-03-03,29.0,12.4,26.866774,13.910968,31.5,2.133226,False
2025-03-04,26.4,12.9,27.111935,14.093548,31.7,-0.711935,False
2025-03-05,24.3,13.1,27.347634,14.273978,31.9,-3.047634,False
2025-03-06,27.4,11.1,27.550108,14.450108,32.1,-0.150108,False
2025-03-07,27.9,11.9,27.747204,14.62957,32.21,0.152796,False
2025-03-08,29.6,14.6,27.955161,14.802581,32.4,1.644839,False
2025-03-09,30.9,15.1,28.17914,14.985161,32.6,2.72086,False
2025-03-10,31.2,17.4,28.386022,15.153978,33.0,2.813978,False
2025-03-11,32.6,17.3,28.598602,15.318602,33.1,4.001398,False
2025-03-12,32.7,19.0,28.81172,15.478065,33.4,3.88828,False
2025-03-13,32.5,18.3,29.067312,15.654624,33.8,3.432688,False
2025-03-14,32.9,19.0,29.307527,15.84957,34.01,3.592473,False
2025-03-15,31.5,18.8,29.52957,16.037097,34.3,1.97043,False
2025-03-16,30.5,17.4,29.772258,16.21871,34.6,0.727742,False
2025-03-17,28.6,17.2,30.010753,16.402688,34.81,-1.410753,False
2025-03-18,29.7,15.7,30.266237,16.581075,35.1,-0.566237,False
2025-03-19,32.1,16.6,30.497849,16.763011,35.4,1.602151,False
2025-03-20,33.1,16.8,30.728925,16.935699,35.61,2.371075,False
2025-03-21,32.1,17.1,30.960968,17.13043,36.1,1.139032,False
2025-03-22,31.7,16.5,31.21172,17.335269,36.4,0.48828,False
2025-03-23,32.4,17.2,31.433548,17.519785,36.6,0.966452,False
2025-03-24,34.1,17.9,31.657957,17.698925,36.7,2.442043,False
2025-03-25,35.6,19.2,31.866344,17.877419,36.81,3.733656,False
2025-03-26,38.2,20.8,32.11172,18.064839,37.01,6.08828,False
2025-03-27,36.2,21.5,32.360968,18.241505,37.3,3.839032,False
2025-03-28,31.9,15.1,32.592151,18.426559,37.6,-0.692151,False
2025-03-29,29.4,16.4,32.847742,18.622366,37.7,-3.447742,False
2025-03-30,31.9,16.3,33.134301,18.840968,37.91,-1.234301,False
2025-03-31,34.5,17.5,33.40914,19.058817,38.1,1.09086,False
2025-04-01,34.3,15.8,33.646237,19.25957,38.2,0.653763,False
2025-04-02,36.1,16.8,33.823333,19.452258,38.4,2.276667,False
2025-04-03,37.8,18.3,34.005269,19.627527,38.51,3.794731,False
2025-04-04,37.5,21.1,34.201183,19.799892,38.7,3.298817,False
2025-04-05,35.7,20.2,34.410645,19.960108,39.01,1.289355,False
2025-04-06,37.9,21.2,34.627312,20.146559,39.3,3.272688,False
2025-04-07,39.8,23.2,34.843333,20.327742,39.5,4.956667,False
2025-04-08,39.8,25.4,35.047097,20.51172,39.6,4.752903,False
2025-04-09,40.1,26.1,35.258387,20.70086,39.8,4.841613,False
2025-04-10,38.3,23.5,35.487204,20.889247,40.0,2.812796,False
2025-04-11,35.1,19.9,35.696452,21.077527,40.2,-0.596452,False
2025-04-12,34.3,21.5,35.915054,21.266882,40.3,-1.615054,False
2025-04-13,35.7,23.2,36.107849,21.458925,40.5,-0.407849,False
2025-04-14,36.7,23.4,36.321828,21.64,40.7,0.378172,False
2025-04-15,37.3,26.0,36.543118,21.843011,40.8,0.756882,False
2025-04-16,38.1,26.1,36.727849,22.044839,40.9,1.372151,False
2025-04-17,40.5,26.2,36.904301,22.220753,41.0,3.595699,False
2025-04-18,40.1,26.8,37.038602,22.390215,41.01,3.061398,False
2025-04-19,38.6,27.5,37.186022,22.557419,41.11,1.413978,False
2025-04-20,39.9,27.5,37.332581,22.731505,41.2,2.567419,False
2025-04-21,40.9,24.0,37.472796,22.898172,41.4,3.427204,False
2025-04-22,40.6,23.6,37.592258,23.059892,41.6,3.007742,False
2025-04-23,40.0,22.9,37.742151,23.222366,41.7,2.257849,False
2025-04-24,41.4,22.9,37.890538,23.411935,41.7,3.509462,False
2025-04-25,42.4,23.9,38.042796,23.587634,41.8,4.357204,False
2025-04-26,41.0,24.7,38.16,23.744624,41.8,2.84,False
2025-04-27,41.1,26.4,38.258172,23.895806,41.8,2.841828,False
2025-04-28,40.6,25.5,38.365806,24.036344,41.81,2.234194,False
2025-04-29,37.0,26.7,38.477097,24.177204,41.9,-1.477097,False
2025-04-30,38.0,27.8,38.595161,24.324086,42.1,-0.595161,False
2025-05-01,38.3,26.1,38.696129,24.467097,42.3,-0.396129,False
2025-05-02,31.6,23.3,38.802366,24.604946,42.3,-7.202366,False
2025-05-03,36.1,25.2,38.939892,24.745376,42.4,-2.839892,False
2025-05-04,37.5,23.6,39.05172,24.889247,42.4,-1.55172,False
2025-05-05,30.7,22.8,39.123978,25.023763,42.41,-8.423978,False
2025-05-06,35.1,24.4,39.19172,25.16,42.5,-4.09172,False
2025-05-07,34.3,25.7,39.26957,25.267312,42.6,-4.96957,False
2025-05-08,34.9,26.0,39.349785,25.394086,42.61,-4.449785,False
2025-05-09,35.8,26.0,39.433978,25.518817,42.8,-3.633978,False
2025-05-10,35.7,26.0,39.504946,25.631935,42.9,-3.804946,False
2025-05-11,38.3,26.4,39.559892,25.759247,43.0,-1.259892,False
2025-05-12,39.1,27.2,39.638495,25.865591,43.01,-0.538495,False
2025-05-13,40.3,26.4,39.686559,25.949785,43.11,0.613441,False
2025-05-14,40.7,27.5,39.714946,26.011935,43.2,0.985054,False
2025-05-15,42.0,27.8,39.722473,26.072796,43.2,2.277527,False
2025-05-16,42.1,28.7,39.729355,26.137419,43.3,2.370645,False
2025-05-17,42.5,28.8,39.742473,26.207419,43.3,2.757527,False
2025-05-18,42.3,29.9,39.762473,26.282688,43.4,2.537527,False
2025-05-19,41.3,30.7,39.808495,26.391613,43.4,1.491505,False
2025-05-20,42.9,31.0,39.852366,26.502688,43.41,3.047634,False
2025-05-21,41.5,25.4,39.893656,26.604516,43.6,1.606344,False
2025-05-22,35.7,26.9,39.927312,26.69086,43.6,-4.227312,False
2025-05-23,37.7,28.4,39.937312,26.777527,43.6,-2.237312,False
2025-05-24,37.9,24.4,39.934194,26.875484,43.7,-2.034194,False
2025-05-25,34.3,24.1,39.936129,26.94828,43.8,-5.636129,False
2025-05-26,34.6,26.2,39.953548,27.027419,43.8,-5.353548,False
2025-05-27,37.0,28.8,39.963656,27.119677,43.8,-2.963656,False
2025-05-28,38.7,29.7,39.965806,27.218387,43.81,-1.265806,False
2025-05-29,39.5,27.7,39.959677,27.30828,43.9,-0.459677,False
2025-05-30,35.1,26.9,39.938817,27.384516,43.9,-4.838817,False
2025-05-31,39.4,27.7,39.895699,27.449785,43.9,-0.495699,False
2025-06-01,38.2,26.6,39.821505,27.505269,43.81,-1.621505,False
2025-06-02,36.4,25.1,39.747527,27.560753,43.8,-3.347527,False
2025-06-03,33.6,24.1,39.665699,27.596989,43.7,-6.065699,False
2025-06-04,33.4,24.4,39.595484,27.631398,43.7,-6.195484,False
2025-06-05,35.3,25.4,39.528065,27.671935,43.71,-4.228065,False
2025-06-06,37.1,27.4,39.462796,27.726452,43.7,-2.362796,False
2025-06-07,39.5,28.6,39.398387,27.791505,43.7,0.101613,False
2025-06-08,42.4,29.4,39.325376,27.845914,43.6,3.074624,False
2025-06-09,43.2,29.9,39.212366,27.882688,43.6,3.987634,False
2025-06-10,43.6,29.2,39.084409,27.921613,43.5,4.515591,False
2025-06-11,42.8,30.8,38.95172,27.947312,43.4,3.84828,False
2025-06-12,42.9,32.8,38.818817,27.971828,43.4,4.081183,False
2025-06-13,39.6,30.1,38.688817,28.013548,43.3,0.911183,False
2025-06-14,41.9,31.1,38.574301,28.057312,43.2,3.325699,False
2025-06-15,34.9,29.0,38.468172,28.107204,43.2,-3.568172,False
2025-06-16,33.8,27.4,38.37043,28.141398,43.1,-4.57043,False
2025-06-17,34.7,26.2,38.273011,28.182151,42.9,-3.573011,False
2025-06-18,33.7,27.1,38.15914,28.217312,42.8,-4.45914,False
2025-06-19,33.9,28.1,38.037312,28.217312,42.7,-4.137312,False
2025-06-20,32.2,27.6,37.90086,28.22043,42.5,-5.70086,False
2025-06-21,36.2,28.7,37.765484,28.216452,42.4,-1.565484,False
2025-06-22,34.1,29.2,37.627312,28.216129,42.3,-3.527312,False
2025-06-23,34.1,28.9,37.506237,28.220323,42.1,-3.406237,False
2025-06-24,34.7,29.3,37.381935,28.210753,41.9,-2.681935,False
2025-06-25,32.7,29.2,37.243226,28.19,41.7,-4.543226,False
2025-06-26,35.8,30.1,37.061505,28.167312,41.4,-1.261505,False
2025-06-27,36.4,28.8,36.873118,28.126129,41.3,-0.473118,False
2025-06-28,34.8,27.0,36.722151,28.084409,41.2,-1.922151,False
2025-06-29,31.4,27.0,36.567097,28.056344,41.11,-5.167097,False
2025-06-30,31.3,26.2,36.409892,28.029892,41.0,-5.109892,False
2025-07-01,33.1,26.9,36.246022,27.995376,40.9,-3.146022,False
2025-07-02,34.2,28.9,36.103871,27.971613,40.8,-1.903871,False
2025-07-03,34.8,28.4,35.963656,27.940968,40.7,-1.163656,False
2025-07-04,34.8,28.2,35.849247,27.928065,40.6,-1.049247,False
2025-07-05,34.3,28.6,35.702903,27.904194,40.4,-1.402903,False
2025-07-06,33.3,27.3,35.553118,27.876129,40.3,-2.253118,False
2025-07-07,32.9,27.2,35.40086,27.838172,40.01,-2.50086,False
2025-07-08,35.4,28.2,35.262366,27.795914,39.8,0.137634,False
2025-07-09,34.7,25.5,35.133333,27.757634,39.7,-0.433333,False
2025-07-10,29.0,26.0,35.022151,27.725054,39.6,-6.022151,False
2025-07-11,32.1,27.4,34.914839,27.690323,39.4,-2.814839,False
2025-07-12,33.5,27.5,34.814409,27.65129,39.2,-1.314409,False
2025-07-13,33.8,26.6,34.707312,27.621075,39.0,-0.907312,False
2025-07-14,32.3,25.9,34.605269,27.590645,38.91,-2.305269,False
2025-07-15,31.5,26.9,34.503656,27.572473,38.81,-3.003656,False
2025-07-16,32.0,27.1,34.397204,27.54,38.7,-2.397204,False
2025-07-17,30.5,26.9,34.276989,27.5,38.41,-3.776989,False
2025-07-18,32.9,26.9,34.165591,27.452796,38.2,-1.265591,False
2025-07-19,32.9,26.8,34.062366,27.405806,38.01,-1.162366,False
2025-07-20,33.7,27.5,33.969892,27.375484,37.8,-0.269892,False
2025-07-21,30.5,28.1,33.886344,27.341935,37.51,-3.386344,False
2025-07-22,31.8,28.3,33.789892,27.320645,37.1,-1.989892,False
2025-07-23,31.4,27.0,33.709785,27.301075,36.91,-2.309785,False
2025-07-24,35.2,27.7,33.633011,27.266559,36.81,1.566989,False
2025-07-25,35.9,27.0,33.552151,27.23129,36.7,2.347849,False
2025-07-26,34.7,28.2,33.476667,27.207634,36.41,1.223333,False
2025-07-27,34.2,29.0,33.442581,27.191398,36.4,0.757419,False
2025-07-28,34.2,27.7,33.424301,27.185161,36.4,0.775699,False
2025-07-29,31.0,27.2,33.374409,27.173226,36.3,-2.374409,False
2025-07-30,30.1,26.5,33.33129,27.155914,36.3,-3.23129,False
2025-07-31,28.2,26.4,33.288495,27.125054,36.2,-5.088495,False
2025-08-01,32.3,27.0,33.246559,27.100968,36.2,-0.946559,False
2025-08-02,32.6,27.0,33.223763,27.073656,36.2,-0.623763,False
2025-08-03,33.3,27.7,33.216559,27.054301,36.1,0.083441,False
2025-08-04,31.5,27.1,33.148065,27.028925,36.1,-1.648065,False
2025-08-05,31.6,27.2,33.137312,27.012258,36.0,-1.537312,False
2025-08-06,33.2,27.4,33.130108,26.993763,36.0,0.069892,False
2025-08-07,35.0,28.2,33.11,26.966774,35.9,1.89,False
2025-08-08,34.4,27.5,33.074946,26.943441,35.9,1.325054,False
2025-08-09,28.5,26.2,33.045269,26.916022,35.8,-4.545269,False
2025-08-10,32.5,27.1,33.024946,26.896452,35.8,-0.524946,False
2025-08-11,32.6,27.4,33.021075,26.877204,35.71,-0.421075,False
2025-08-12,34.1,28.0,33.022903,26.865806,35.71,1.077097,False
2025-08-13,34.6,27.6,33.028602,26.855161,35.71,1.571398,False
2025-08-14,28.9,26.6,33.032366,26.837204,35.8,-4.132366,False
2025-08-15,31.8,27.1,33.029462,26.809462,35.71,-1.229462,False
2025-08-16,33.0,28.2,33.032366,26.784301,35.7,-0.032366,False
2025-08-17,32.7,27.7,33.036022,26.769892,35.7,-0.336022,False
2025-08-18,33.0,27.6,33.032151,26.737849,35.7,-0.032151,False
2025-08-19,34.2,27.8,33.022473,26.710538,35.7,1.177527,False
2025-08-20,34.1,27.5,32.999247,26.671183,35.7,1.100753,False
2025-08-21,33.6,27.4,32.987849,26.625591,35.7,0.612151,False
2025-08-22,32.5,27.5,32.979032,26.569247,35.7,-0.479032,False
2025-08-23,30.8,26.5,32.958925,26.515699,35.7,-2.158925,False
2025-08-24,31.7,26.2,32.946452,26.468817,35.7,-1.246452,False
2025-08-25,29.8,26.1,32.943441,26.433226,35.7,-3.143441,False
2025-08-26,31.4,26.9,32.939355,26.393871,35.7,-1.539355,False
2025-08-27,32.3,27.0,32.920968,26.352796,35.7,-0.620968,False
2025-08-28,33.4,27.4,32.89957,26.310645,35.81,0.50043,False
2025-08-29,30.9,26.5,32.908602,26.269677,35.71,-2.008602,False
2025-08-30,33.1,27.1,32.921183,26.224624,35.71,0.178817,False
2025-08-31,28.9,25.6,32.930215,26.18172,35.8,-4.030215,False
2025-09-01,28.7,24.9,32.939462,26.134301,35.71,-4.239462,False
2025-09-02,28.9,25.5,32.958817,26.085806,35.71,-4.058817,False
2025-09-03,30.6,25.3,32.970753,26.032581,35.8,-2.370753,False
2025-09-04,32.7,26.1,33.014301,25.983226,35.81,-0.314301,False
2025-09-05,31.3,26.5,33.031613,25.933871,35.9,-1.731613,False
2025-09-06,32.3,26.6,33.050968,25.87957,35.9,-0.750968,False
2025-09-07,33.1,26.3,33.054301,25.81828,35.9,0.045699,False
2025-09-08,34.5,27.0,33.054839,25.739892,35.9,1.445161,False
2025-09-09,34.1,27.5,33.054086,25.647849,35.91,1.045914,False
2025-09-10,34.1,26.5,33.08129,25.548602,36.0,1.01871,False
2025-09-11,33.3,26.3,33.096344,25.454516,36.0,0.203656,False
2025-09-12,33.3,27.0,33.120323,25.361828,36.0,0.179677,False
2025-09-13,34.4,27.6,33.15129,25.263871,36.1,1.24871,False
2025-09-14,34.4,27.8,33.173118,25.165591,36.1,1.226882,False
2025-09-15,35.0,26.8,33.19828,25.055914,36.1,1.80172,False
2025-09-16,34.4,27.2,33.227634,24.945054,36.1,1.172366,False
2025-09-17,34.3,26.8,33.247312,24.820968,36.2,1.052688,False
2025-09-18,32.8,27.1,33.271613,24.709677,36.2,-0.471613,False
2025-09-19,33.3,27.0,33.290645,24.597849,36.2,0.009355,False
2025-09-20,35.1,26.3,33.317957,24.483763,36.2,1.782043,False
2025-09-21,35.1,26.0,33.334946,24.367204,36.2,1.765054,False
2025-09-22,35.8,25.4,33.375591,24.251935,36.2,2.424409,False
2025-09-23,35.7,24.9,33.427204,24.130108,36.2,2.272796,False
2025-09-24,35.4,24.6,33.478172,24.003763,36.2,1.921828,False
2025-09-25,35.4,24.9,33.50957,23.863011,36.2,1.89043,False
2025-09-26,35.5,26.0,33.524086,23.709462,36.11,1.975914,False
2025-09-27,35.7,26.7,33.541075,23.546344,36.1,2.158925,False
2025-09-28,35.8,27.5,33.566989,23.386559,36.1,2.233011,False
2025-09-29,35.4,27.4,33.567312,23.208817,36.1,1.832688,False
2025-09-30,31.0,25.1,33.553978,23.025054,36.1,-2.553978,False
2025-10-01,32.5,25.9,33.530215,22.844731,36.1,-1.030215,False
2025-10-02,32.9,25.0,33.522043,22.664194,36.1,-0.622043,False
2025-10-03,32.4,25.5,33.495914,22.477097,36.01,-1.095914,False
2025-10-04,33.6,24.5,33.457419,22.285591,36.0,0.142581,False
2025-10-05,34.1,23.5,33.419785,22.089247,36.0,0.680215,False
2025-10-06,28.3,21.5,33.376129,21.882688,35.91,-5.076129,False
2025-10-07,26.5,20.5,33.332473,21.670753,35.9,-6.832473,False
2025-10-08,27.6,21.0,33.29871,21.467527,35.9,-5.69871,False
2025-10-09,29.0,20.0,33.253978,21.270215,35.8,-4.253978,False
2025-10-10,29.6,19.3,33.205161,21.080215,35.8,-3.605161,False
2025-10-11,29.6,20.3,33.133011,20.887634,35.7,-3.533011,False
2025-10-12,30.9,19.1,33.048925,20.68957,35.6,-2.148925,False
2025-10-13,31.7,19.1,32.943441,20.477312,35.5,-1.243441,False
2025-10-14,31.7,18.4,32.825591,20.263763,35.4,-1.125591,False
2025-10-15,31.4,18.6,32.718817,20.054731,35.3,-1.318817,False
2025-10-16,31.8,18.8,32.607097,19.848387,35.21,-0.807097,False
2025-10-17,31.7,20.2,32.490538,19.644409,35.2,-0.790538,False
2025-10-18,31.8,20.5,32.378602,19.446774,35.1,-0.578602,False
2025-10-19,32.1,21.2,32.260108,19.244731,35.0,-0.160108,False
2025-10-20,32.6,22.2,32.153441,19.040108,34.9,0.446559,False
2025-10-21,31.3,21.7,32.037957,18.836774,34.71,-0.737957,False
2025-10-22,31.8,19.4,31.913011,18.643763,34.6,-0.113011,False
2025-10-23,31.6,18.2,31.764946,18.448602,34.5,-0.164946,False
2025-10-24,31.0,17.7,31.596774,18.240323,34.3,-0.596774,False
2025-10-25,30.9,19.8,31.433226,18.036882,34.2,-0.533226,False
2025-10-26,31.0,18.8,31.273548,17.827097,34.01,-0.273548,False
2025-10-27,29.4,19.1,31.125591,17.623763,33.9,-1.725591,False
2025-10-28,26.4,18.3,30.964624,17.435806,33.8,-4.564624,False
2025-10-29,28.7,19.2,30.79914,17.249462,33.7,-2.09914,False
2025-10-30,26.6,21.6,30.636022,17.087849,33.4,-4.036022,False
2025-10-31,28.9,20.3,30.477849,16.922796,33.3,-1.577849,False
2025-11-01,30.3,19.2,30.326344,16.753011,33.1,-0.026344,False
2025-11-02,30.5,17.0,30.166989,16.573011,33.0,0.333011,False
2025-11-03,31.3,16.5,30.005914,16.390215,32.8,1.294086,False
2025-11-04,28.4,17.5,29.832043,16.202473,32.6,-1.432043,False
2025-11-05,29.8,15.9,29.649355,16.002043,32.41,0.150645,False
2025-11-06,26.9,13.9,29.474624,15.797957,32.3,-2.574624,False
2025-11-07,27.9,12.6,29.287742,15.600968,32.1,-1.387742,False
2025-11-08,27.4,12.7,29.116022,15.407849,31.9,-1.716022,False
2025-11-09,27.5,11.8,28.944194,15.229785,31.71,-1.444194,False
2025-11-10,27.2,11.9,28.772796,15.055484,31.6,-1.572796,False
2025-11-11,27.1,12.3,28.601075,14.883978,31.4,-1.501075,False
2025-11-12,27.6,12.2,28.432796,14.698817,31.3,-0.832796,False
2025-11-13,26.9,11.8,28.263441,14.513011,31.1,-1.363441,False
2025-11-14,26.3,11.5,28.100968,14.340753,30.81,-1.800968,False
2025-11-15,26.4,11.5,27.926237,14.156129,30.7,-1.526237,False
2025-11-16,26.2,11.0,27.741505,13.971075,30.5,-1.541505,False
2025-11-17,26.0,11.4,27.55914,13.788495,30.4,-1.55914,False
2025-11-18,26.2,11.8,27.378387,13.601505,30.2,-1.178387,False
2025-11-19,26.7,12.1,27.213226,13.41914,30.0,-0.513226,False
2025-11-20,26.9,12.8,27.054731,13.263656,29.9,-0.154731,False
2025-11-21,26.5,13.2,26.904301,13.116237,29.7,-0.404301,False
2025-11-22,26.5,12.1,26.746667,12.957204,29.6,-0.246667,False
2025-11-23,25.4,10.9,26.598495,12.79914,29.5,-1.198495,False
2025-11-24,25.0,10.2,26.447204,12.653871,29.3,-1.447204,False
2025-11-25,24.4,9.8,26.275914,12.500645,29.11,-1.875914,False
2025-11-26,24.3,9.7,26.08957,12.347419,28.9,-1.78957,False
2025-11-27,24.3,10.3,25.895376,12.205806,28.71,-1.595376,False
2025-11-28,24.9,10.8,25.696989,12.049892,28.6,-0.796989,False
2025-11-29,25.5,11.1,25.502796,11.873548,28.3,-0.002796,False
2025-11-30,24.1,8.1,25.313871,11.684516,28.0,-1.213871,False
2025-12-01,23.9,8.2,25.126667,11.501613,27.9,-1.226667,False
2025-12-02,24.8,9.4,24.956882,11.329677,27.7,-0.156882,False
2025-12-03,22.8,8.3,24.783441,11.166667,27.6,-1.983441,False
2025-12-04,22.4,7.3,24.595806,11.019892,27.5,-2.195806,False
2025-12-05,22.4,7.7,24.416129,10.892043,27.4,-2.016129,False
2025-12-06,23.6,9.4,24.24129,10.771613,27.3,-0.64129,False
2025-12-07,24.4,10.5,24.056882,10.651613,27.11,0.343118,False
2025-12-08,25.3,10.9,23.884194,10.521398,27.0,1.415806,False
2025-12-09,24.9,11.3,23.69914,10.386237,26.9,1.20086,False
2025-12-10,24.6,9.9,23.514839,10.238602,26.8,1.085161,False
2025-12-11,24.4,9.7,23.330323,10.091613,26.7,1.069677,False
2025-12-12,24.3,9.8,23.153548,9.949785,26.6,1.146452,False
2025-12-13,24.1,11.3,22.976237,9.812473,26.41,1.123763,False
2025-12-14,23.8,10.2,22.809892,9.680108,26.3,0.990108,False
2025-12-15,23.8,10.4,22.617742,9.544516,26.1,1.182258,False
2025-12-16,23.5,10.8,22.41914,9.436559,26.0,1.08086,False
2025-12-17,23.2,10.4,22.242258,9.333333,25.9,0.957742,False
2025-12-18,20.2,11.1,22.063763,9.246667,25.7,-1.863763,False
2025-12-19,20.6,9.0,21.883226,9.161828,25.6,-1.283226,False
2025-12-20,18.2,9.1,21.690215,9.065376,25.5,-3.490215,False
2025-12-21,17.6,10.1,21.507634,8.95,25.3,-3.907634,False
2025-12-22,19.3,10.3,21.316667,8.843871,25.01,-2.016667,False
2025-12-23,22.5,11.1,21.136989,8.731398,24.8,1.363011,False
2025-12-24,21.3,9.4,20.94914,8.625591,24.5,0.35086,False
2025-12-25,20.2,9.1,20.783118,8.52,24.3,-0.583118,False
2025-12-26,21.2,8.9,20.644086,8.426989,24.2,0.555914,False
2025-12-27,20.0,8.7,20.52,8.346129,24.0,-0.52,False
2025-12-28,19.4,8.8,20.432796,8.264086,24.0,-1.032796,False
2025-12-29,18.2,9.7,20.367957,8.206344,23.81,-2.167957,False
2025-12-30,18.5,8.7,20.293441,8.156989,23.8,-1.793441,False
2025-12-31,17.8,9.7,20.207957,8.123871,23.7,-2.407957,False
