time,tmax,tmin,baselineTmax,baselineTmin,p90Tmax,tmaxAnomaly,isHotSpellDay
2006-01-01,7.6,3.0,7.055161,2.352581,12.11,0.544839,False
2006-01-02,6.1,3.3,7.037742,2.345914,12.1,-0.937742,False
2006-01-03,5.0,2.6,7.003763,2.30871,12.1,-2.003763,False
2006-01-04,3.6,-0.5,6.961183,2.287312,12.1,-3.361183,False
2006-01-05,0.7,-1.2,6.928065,2.273226,12.1,-6.228065,False
2006-01-06,1.6,-1.1,6.896344,2.22914,12.01,-5.296344,False
2006-01-07,3.0,-2.3,6.845376,2.169677,12.0,-3.845376,False
2006-01-08,5.1,1.8,6.791828,2.116237,11.9,-1.691828,False
2006-01-09,7.2,1.4,6.744409,2.053548,11.8,0.455591,False
2006-01-10,4.3,-1.9,6.723548,1.996559,11.8,-2.423548,False
2006-01-11,5.1,1.0,6.705376,1.980753,11.8,-1.605376,False
2006-01-12,5.5,4.2,6.706882,1.967097,11.8,-1.206882,False
2006-01-13,5.0,0.7,6.735806,1.980108,11.8,-1.735806,False
2006-01-14,8.1,-0.3,6.731828,2.012473,11.8,1.368172,False
2006-01-15,5.6,-1.3,6.702473,1.963011,11.8,-1.102473,False
2006-01-16,6.6,1.5,6.692258,1.921398,11.8,-0.092258,False
2006-01-17,8.9,6.2,6.713978,1.919677,11.8,2.186022,False
2006-01-18,10.7,6.3,6.707312,1.896882,11.8,3.992688,False
2006-01-19,10.4,8.3,6.710645,1.88086,11.8,3.689355,False
2006-01-20,10.5,3.8,6.727742,1.89828,11.8,3.772258,False
2006-01-21,8.1,1.8,6.756989,1.903333,11.8,1.343011,False
2006-01-22,4.7,1.9,6.780108,1.892473,11.8,-2.080108,False
2006-01-23,3.5,-2.3,6.785376,1.837849,11.8,-3.285376,False
2006-01-24,1.3,-4.7,6.784409,1.797419,11.8,-5.484409,False
2006-01-25,1.7,-6.5,6.764301,1.731183,11.8,-5.064301,False
2006-01-26,1.9,-2.3,6.763226,1.680645,11.8,-4.863226,False
2006-01-27,-2.5,-4.9,6.776667,1.662688,11.8,-9.276667,False
2006-01-28,1.6,-4.9,6.797742,1.637204,11.81,-5.197742,False
2006-01-29,6.1,-1.9,6.78172,1.586882,11.8,-0.68172,False
2006-01-30,5.2,-3.4,6.797419,1.555806,11.9,-1.597419,False
2006-01-31,4.5,-3.1,6.843656,1.55086,12.01,-2.343656,False
2006-02-01,4.4,-5.1,6.875699,1.543548,12.1,-2.475699,False
2006-02-02,-0.8,-2.1,6.905699,1.543118,12.1,-7.705699,False
2006-02-03,-1.8,-3.5,6.963871,1.522258,12.1,-8.763871,False
2006-02-04,2.8,-2.4,7.006667,1.487312,12.01,-4.206667,False
2006-02-05,4.9,1.8,7.066989,1.484839,12.1,-2.166989,False
2006-02-06,6.5,3.1,7.10086,1.480108,12.1,-0.60086,False
2006-02-07,6.9,3.8,7.163656,1.468065,12.2,-0.263656,False
2006-02-08,8.2,2.9,7.236022,1.485054,12.3,0.963978,False
2006-02-09,5.5,0.8,7.334301,1.514624,12.41,-1.834301,False
2006-02-10,5.3,-2.3,7.429247,1.58172,12.5,-2.129247,False
2006-02-11,5.0,-3.8,7.533763,1.634624,12.5,-2.533763,False
2006-02-12,5.3,-2.4,7.62828,1.646022,12.6,-2.32828,False
2006-02-13,7.7,2.6,7.707634,1.679247,12.7,-0.007634,False
2006-02-14,7.2,0.8,7.798172,1.724301,12.7,-0.598172,False
2006-02-15,11.7,6.3,7.898817,1.787204,12.71,3.801183,False
2006-02-16,10.0,4.9,8.004409,1.824409,12.8,1.995591,False
2006-02-17,9.6,3.9,8.091828,1.841505,12.81,1.508172,False
2006-02-18,7.9,3.9,8.190215,1.883333,12.9,-0.290215,False
2006-02-19,7.4,4.8,8.284946,1.938495,12.91,-0.884946,False
2006-02-20,8.0,2.0,8.400645,1.971828,13.01,-0.400645,False
2006-02-21,3.2,1.4,8.535914,2.007957,13.3,-5.335914,False
2006-02-22,5.0,3.1,8.671828,2.083871,13.5,-3.671828,False
2006-02-23,3.2,-0.1,8.824946,2.174624,13.7,-5.624946,False
2006-02-24,5.0,-0.3,8.987742,2.239355,14.0,-3.987742,False
2006-02-25,3.0,0.8,9.132581,2.320538,14.21,-6.132581,False
2006-02-26,1.4,-1.6,9.271935,2.396129,14.5,-7.871935,False
2006-02-27,4.8,-3.4,9.414946,2.456559,14.6,-4.614946,False
2006-02-28,3.9,0.0,9.593333,2.553118,14.7,-5.693333,False
2006-03-01,4.4,-3.0,9.807527,2.66129,14.9,-5.407527,False
2006-03-02,4.9,-1.6,9.97172,2.782151,15.0,-5.07172,False
2006-03-03,7.4,-0.7,10.097419,2.878602,15.2,-2.697419,False
2006-03-04,2.9,-1.5,10.209247,2.969892,15.3,-7.309247,False
2006-03-05,6.4,-2.6,10.352903,3.037312,15.4,-3.952903,False
2006-03-06,7.0,0.1,10.462366,3.131505,15.4,-3.462366,False
2006-03-07,5.6,0.5,10.592151,3.216129,15.5,-4.992151,False
2006-03-08,11.8,3.1,10.720645,3.25871,15.71,1.079355,False
2006-03-09,11.4,6.1,10.873871,3.353548,15.9,0.526129,False
2006-03-10,8.3,3.4,10.997527,3.437957,16.01,-2.697527,False
2006-03-11,6.0,-0.4,11.117312,3.483441,16.1,-5.117312,False
2006-03-12,2.6,-3.3,11.214731,3.523548,16.4,-8.614731,False
2006-03-13,4.3,-4.3,11.341935,3.553763,16.4,-7.041935,False
2006-03-14,8.1,-3.3,11.483656,3.61172,16.6,-3.383656,False
2006-03-15,10.2,-0.7,11.615914,3.719462,16.7,-1.415914,False
2006-03-16,4.9,-1.5,11.770215,3.798387,16.9,-6.870215,False
2006-03-17,7.4,-1.4,11.958495,3.857419,17.01,-4.558495,False
2006-03-18,9.4,-0.6,12.135484,3.941935,17.3,-2.735484,False
2006-03-19,11.6,0.5,12.272903,4.052258,17.51,-0.672903,False
2006-03-20,11.1,2.2,12.382903,4.135591,17.6,-1.282903,False
2006-03-21,5.7,3.0,12.496022,4.197419,17.71,-6.796022,False
2006-03-22,4.6,2.7,12.632796,4.253978,17.9,-8.032796,False
2006-03-23,8.2,1.9,12.739032,4.322366,18.0,-4.539032,False
2006-03-24,14.8,7.1,12.80914,4.356559,18.01,1.99086,False
2006-03-25,13.1,10.5,12.904409,4.375914,18.2,0.195591,False
2006-03-26,19.0,12.6,13.008925,4.415699,18.5,5.991075,False
2006-03-27,17.6,10.4,13.093011,4.455054,18.6,4.506989,False
2006-03-28,11.2,6.8,13.18129,4.505591,18.71,-1.98129,False
2006-03-29,13.6,6.7,13.244946,4.558602,18.81,0.355054,False
2006-03-30,14.5,11.0,13.315914,4.612473,19.0,1.184086,False
2006-03-31,16.5,11.0,13.358925,4.642043,19.0,3.141075,False
2006-04-01,15.6,9.9,13.386022,4.653763,19.01,2.213978,False
2006-04-02,15.0,8.4,13.460645,4.670215,19.3,1.539355,False
2006-04-03,14.3,4.5,13.544731,4.709462,19.5,0.755269,False
2006-04-04,11.1,1.5,13.648495,4.731075,19.6,-2.548495,False
2006-04-05,9.3,2.4,13.773118,4.790215,19.8,-4.473118,False
2006-04-06,11.8,-1.5,13.961183,4.864731,20.0,-2.161183,False
2006-04-07,14.0,-0.4,14.142366,4.965484,20.3,-0.142366,False
2006-04-08,13.4,1.4,14.286989,5.063226,20.4,-0.886989,False
2006-04-09,11.0,3.4,14.443441,5.133763,20.5,-3.443441,False
2006-04-10,10.3,2.8,14.59,5.246129,20.6,-4.29,False
2006-04-11,11.4,-0.4,14.709462,5.367742,20.6,-3.309462,False
2006-04-12,13.6,6.1,14.827097,5.487742,20.7,-1.227097,False
2006-04-13,13.4,6.0,14.918817,5.614409,20.81,-1.518817,False
2006-04-14,15.8,9.9,15.01043,5.713011,21.11,0.78957,False
2006-04-15,14.0,8.6,15.116129,5.794516,21.2,-1.116129,False
2006-04-16,12.9,9.2,15.20871,5.90043,21.31,-2.30871,False
2006-04-17,14.2,5.9,15.274731,5.998387,21.6,-1.074731,False
2006-04-18,14.0,3.9,15.348387,6.085376,21.82,-1.348387,False
2006-04-19,14.8,4.4,15.444624,6.137957,22.01,-0.644624,False
2006-04-20,16.2,4.6,15.574839,6.232473,22.2,0.625161,False
2006-04-21,22.3,7.1,15.71129,6.343871,22.6,6.58871,False
2006-04-22,19.8,9.2,15.854194,6.464409,22.71,3.945806,False
2006-04-23,18.0,6.2,15.991828,6.597742,22.81,2.008172,False
2006-04-24,19.8,9.6,16.122151,6.772581,22.91,3.677849,False
2006-04-25,18.9,9.7,16.255806,6.926129,23.1,2.644194,False
2006-04-26,17.2,10.2,16.359677,7.070323,23.1,0.840323,False
2006-04-27,15.2,8.3,16.451613,7.200215,23.1,-1.251613,False
2006-04-28,15.9,5.5,16.569785,7.323011,23.2,-0.669785,False
2006-04-29,11.7,2.5,16.683118,7.444409,23.3,-4.983118,False
2006-04-30,12.1,2.0,16.799355,7.532151,23.3,-4.699355,False
2006-05-01,12.3,6.7,16.935376,7.641183,23.31,-4.635376,False
2006-05-02,22.8,6.5,17.072688,7.783548,23.5,5.727312,False
2006-05-03,24.2,11.8,17.192903,7.897097,23.5,7.007097,False
2006-05-04,25.1,12.3,17.302258,7.995269,23.61,7.797742,False
2006-05-05,20.1,13.2,17.421613,8.13086,23.6,2.678387,False
2006-05-06,19.2,11.1,17.53,8.267849,23.61,1.67,False
2006-05-07,18.6,11.3,17.583978,8.377312,23.7,1.016022,False
2006-05-08,16.3,10.0,17.656989,8.459892,23.7,-1.356989,False
2006-05-09,12.3,8.7,17.760968,8.590108,23.8,-5.460968,False
2006-05-10,15.4,9.0,17.879892,8.714731,24.1,-2.479892,False
2006-05-11,22.7,7.4,17.999785,8.806022,24.2,4.700215,False
2006-05-12,22.8,9.3,18.142043,8.904731,24.3,4.657957,False
2006-05-13,18.1,10.9,18.275699,9.007849,24.61,-0.175699,False
2006-05-14,17.8,9.0,18.429677,9.096344,24.7,-0.629677,False
2006-05-15,23.0,10.8,18.576237,9.216237,24.7,4.423763,False
2006-05-16,20.0,13.7,18.686667,9.325484,24.7,1.313333,False
2006-05-17,21.5,11.5,18.832688,9.405914,24.8,2.667312,False
2006-05-18,20.9,12.9,18.98871,9.543548,24.9,1.91129,False
2006-05-19,16.0,11.5,19.098065,9.65914,24.9,-3.098065,False
2006-05-20,17.5,12.0,19.20957,9.780968,24.9,-1.70957,False
2006-05-21,20.6,11.3,19.340538,9.899785,25.0,1.259462,False
2006-05-22,17.7,10.5,19.457849,10.029032,25.11,-1.757849,False
2006-05-23,15.2,7.4,19.555699,10.152473,25.3,-4.355699,False
2006-05-24,15.9,6.0,19.656452,10.234624,25.31,-3.756452,False
2006-05-25,17.6,9.9,19.766022,10.300968,25.4,-2.166022,False
2006-05-26,20.5,13.7,19.841505,10.382903,25.51,0.658495,False
2006-05-27,21.4,15.6,19.933333,10.462258,25.7,1.466667,False
2006-05-28,19.2,12.4,20.014946,10.552151,25.7,-0.814946,False
2006-05-29,16.3,7.5,20.098065,10.640215,25.7,-3.798065,False
2006-05-30,12.7,5.9,20.24086,10.741505,25.71,-7.54086,False
2006-05-31,12.8,5.6,20.336559,10.893118,25.81,-7.536559,False
2006-06-01,15.2,4.1,20.429355,10.999785,25.81,-5.229355,False
2006-06-02,16.9,6.4,20.546237,11.08871,25.91,-3.646237,False
2006-06-03,20.3,6.2,20.677097,11.206344,26.1,-0.377097,False
2006-06-04,19.7,9.5,20.822581,11.326129,26.21,-1.122581,False
2006-06-05,21.8,10.7,20.942796,11.438602,26.4,0.857204,False
2006-06-06,19.5,7.6,21.027634,11.527312,26.41,-1.527634,False
2006-06-07,22.2,8.3,21.127634,11.601828,26.7,1.072366,False
2006-06-08,24.2,10.0,21.202043,11.69172,26.9,2.997957,False
2006-06-09,25.8,11.8,21.305376,11.751075,27.0,4.494624,False
2006-06-10,29.5,12.5,21.379677,11.842151,27.1,8.120323,True
2006-06-11,30.3,14.6,21.495376,11.932258,27.2,8.804624,True
2006-06-12,31.8,15.0,21.602796,12.033118,27.3,10.197204,True
2006-06-13,31.8,17.3,21.733441,12.136022,27.4,10.066559,True
2006-06-14,25.3,16.8,21.834516,12.236667,27.5,3.465484,False
2006-06-15,20.2,14.6,21.926129,12.311613,27.61,-1.726129,False
2006-06-16,22.9,12.6,22.062151,12.416452,28.1,0.837849,False
2006-06-17,25.8,12.2,22.15086,12.537312,28.12,3.64914,False
2006-06-18,29.1,14.2,22.223871,12.597097,28.51,6.876129,False
2006-06-19,24.7,17.6,22.335699,12.675914,28.6,2.364301,False
2006-06-20,23.4,15.5,22.428172,12.774194,28.61,0.971828,False
2006-06-21,20.8,13.5,22.504194,12.844946,28.7,-1.704194,False
2006-06-22,19.3,11.9,22.574409,12.888387,28.71,-3.274409,False
2006-06-23,23.5,8.7,22.633333,12.929462,28.8,0.866667,False
2006-06-24,26.9,11.8,22.706129,12.993978,28.8,4.193871,False
2006-06-25,18.8,16.1,22.772903,13.053011,28.9,-3.972903,False
2006-06-26,23.1,15.9,22.852258,13.122581,28.91,0.247742,False
2006-06-27,22.8,15.4,22.920645,13.188172,28.91,-0.120645,False
2006-06-28,24.3,13.9,23.023011,13.255484,29.01,1.276989,False
2006-06-29,26.1,13.8,23.11,13.338172,29.1,2.99,False
2006-06-30,28.5,14.9,23.213226,13.40172,29.4,5.286774,False
2006-07-01,29.9,16.0,23.345914,13.453978,29.4,6.554086,True
2006-07-02,29.9,16.6,23.444194,13.534731,29.5,6.455806,True
2006-07-03,32.0,16.8,23.538925,13.616559,29.61,8.461075,True
2006-07-04,30.6,18.7,23.630753,13.692258,29.71,6.969247,True
2006-07-05,26.3,17.9,23.709032,13.773763,29.8,2.590968,False
2006-07-06,24.8,16.7,23.797204,13.825484,29.8,1.002796,False
2006-07-07,23.9,16.3,23.9,13.868817,29.9,0.0,False
2006-07-08,25.1,16.6,24.007312,13.954301,29.9,1.092688,False
2006-07-09,24.5,17.5,24.111183,14.031398,29.9,0.388817,False
2006-07-10,29.4,15.6,24.169247,14.104409,30.0,5.230753,False
2006-07-11,26.6,17.2,24.231183,14.15957,30.0,2.368817,False
2006-07-12,28.4,14.1,24.265269,14.217527,30.01,4.134731,False
2006-07-13,28.4,14.4,24.302151,14.260753,30.0,4.097849,False
2006-07-14,27.6,15.7,24.350215,14.277634,29.9,3.249785,False
2006-07-15,29.7,15.9,24.384516,14.312258,30.0,5.315484,False
2006-07-16,31.7,15.9,24.453441,14.343118,30.0,7.246559,True
2006-07-17,32.2,16.5,24.514194,14.354409,30.0,7.685806,True
2006-07-18,34.1,16.9,24.582473,14.373226,30.01,9.517527,True
2006-07-19,35.9,18.9,24.637849,14.422366,30.1,11.262151,True
2006-07-20,30.0,19.4,24.704516,14.45,30.21,5.295484,False
2006-07-21,33.4,19.9,24.806344,14.46871,30.3,8.593656,False
2006-07-22,31.0,20.3,24.897312,14.503226,30.4,6.102688,False
2006-07-23,28.2,17.1,24.99086,14.548065,30.5,3.20914,False
2006-07-24,30.7,17.4,25.045591,14.602473,30.51,5.654409,True
2006-07-25,33.5,19.0,25.092581,14.634731,30.6,8.407419,True
2006-07-26,35.2,20.2,25.128495,14.647419,30.6,10.071505,True
2006-07-27,28.2,20.5,25.173978,14.642796,30.7,3.026022,False
2006-07-28,28.1,18.5,25.224731,14.662258,30.81,2.875269,False
2006-07-29,28.6,14.5,25.235376,14.670968,30.9,3.364624,False
2006-07-30,23.0,16.8,25.253226,14.672258,30.81,-2.253226,False
2006-07-31,25.3,15.1,25.243441,14.678065,30.7,0.056559,False
2006-08-01,21.3,16.2,25.238065,14.645591,30.61,-3.938065,False
2006-08-02,22.3,13.9,25.218495,14.64,30.61,-2.918495,False
2006-08-03,21.2,13.7,25.202366,14.620968,30.6,-4.002366,False
2006-08-04,22.3,14.8,25.174516,14.594301,30.51,-2.874516,False
2006-08-05,22.9,13.3,25.139462,14.555806,30.5,-2.239462,False
2006-08-06,24.7,13.2,25.125914,14.54,30.5,-0.425914,False
2006-08-07,24.7,13.6,25.102151,14.533226,30.4,-0.402151,False
2006-08-08,22.9,16.3,25.063763,14.508387,30.41,-2.163763,False
2006-08-09,21.6,13.9,25.004086,14.477204,30.41,-3.404086,False
2006-08-10,20.1,11.9,24.966667,14.451613,30.41,-4.866667,False
2006-08-11,18.4,13.5,24.933441,14.419462,30.41,-6.533441,False
2006-08-12,16.7,12.6,24.863333,14.384194,30.4,-8.163333,False
2006-08-13,16.4,12.5,24.782581,14.321828,30.3,-8.382581,False
2006-08-14,19.8,12.0,24.663763,14.256022,30.3,-4.863763,False
2006-08-15,22.6,12.0,24.586344,14.17043,30.21,-1.986344,False
2006-08-16,21.7,14.0,24.489355,14.101935,30.11,-2.789355,False
2006-08-17,23.1,15.5,24.344946,14.012688,30.0,-1.244946,False
2006-08-18,21.7,14.5,24.227527,13.906774,29.9,-2.527527,False
2006-08-19,20.8,13.7,24.130215,13.803333,29.7,-3.330215,False
2006-08-20,21.2,14.4,24.021613,13.728172,29.7,-2.821613,False
2006-08-21,19.9,12.7,23.875054,13.655806,29.5,-3.975054,False
2006-08-22,22.4,12.3,23.727204,13.571613,29.4,-1.327204,False
2006-08-23,23.0,12.2,23.581505,13.477312,29.21,-0.581505,False
2006-08-24,19.6,14.1,23.481398,13.365484,29.01,-3.881398,False
2006-08-25,21.9,10.6,23.399462,13.274624,29.0,-1.499462,False
2006-08-26,19.6,13.1,23.32828,13.209677,29.0,-3.72828,False
2006-08-27,21.2,13.3,23.22043,13.144516,28.9,-2.02043,False
2006-08-28,18.0,12.8,23.091398,13.070215,28.71,-5.091398,False
2006-08-29,16.0,11.7,22.978387,12.98043,28.7,-6.978387,False
2006-08-30,20.1,10.1,22.863333,12.891183,28.7,-2.763333,False
2006-08-31,24.0,9.5,22.728172,12.79172,28.6,1.271828,False
2006-09-01,26.8,11.5,22.589785,12.684946,28.5,4.210215,False
2006-09-02,22.4,16.4,22.452151,12.555054,28.3,-0.052151,False
2006-09-03,25.4,19.6,22.296344,12.429247,28.21,3.103656,False
2006-09-04,24.9,17.4,22.149032,12.315376,28.11,2.750968,False
2006-09-05,26.5,14.1,22.034731,12.199462,27.8,4.465269,False
2006-09-06,29.3,14.9,21.915699,12.065269,27.6,7.384301,False
2006-09-07,22.0,13.4,21.757312,11.956129,27.3,0.242688,False
2006-09-08,21.0,10.5,21.62043,11.842473,27.2,-0.62043,False
2006-09-09,23.4,10.3,21.474839,11.735699,26.9,1.925161,False
2006-09-10,26.9,11.9,21.303763,11.608387,26.71,5.596237,True
2006-09-11,31.0,12.2,21.136989,11.472796,26.41,9.863011,True
2006-09-12,29.0,15.2,21.013656,11.338065,26.3,7.986344,True
2006-09-13,28.7,14.6,20.902903,11.246022,26.2,7.797097,True
2006-09-14,23.2,16.7,20.814409,11.186667,26.1,2.385591,False
2006-09-15,20.7,16.3,20.701183,11.113118,26.1,-0.001183,False
2006-09-16,22.2,15.0,20.568817,11.063118,25.91,1.631183,False
2006-09-17,20.2,14.4,20.457957,11.020645,25.9,-0.257957,False
2006-09-18,21.8,14.0,20.314839,10.952043,25.8,1.485161,False
2006-09-19,21.1,11.0,20.143656,10.876989,25.6,0.956344,False
2006-09-20,23.7,9.4,19.958602,10.774839,25.31,3.741398,False
2006-09-21,28.2,12.6,19.803978,10.674624,25.1,8.396022,False
2006-09-22,20.8,16.0,19.644516,10.58043,24.9,1.155484,False
2006-09-23,23.9,13.8,19.49828,10.498387,24.8,4.40172,False
2006-09-24,20.4,15.4,19.35,10.436022,24.7,1.05,False
2006-09-25,19.9,13.8,19.185054,10.354946,24.5,0.714946,False
2006-09-26,20.3,11.5,19.026559,10.284409,24.1,1.273441,False
2006-09-27,21.0,9.2,18.878172,10.192688,23.7,2.121828,False
2006-09-28,22.5,12.4,18.753333,10.081935,23.7,3.746667,False
2006-09-29,23.0,13.8,18.627419,9.990968,23.7,4.372581,False
2006-09-30,21.2,11.9,18.475806,9.889355,23.51,2.724194,False
2006-10-01,21.3,13.9,18.327634,9.786129,23.3,2.972366,False
2006-10-02,16.3,13.4,18.149677,9.694946,23.11,-1.849677,False
2006-10-03,14.2,10.9,17.984946,9.58086,23.1,-3.784946,False
2006-10-04,16.7,8.5,17.818172,9.491398,23.0,-1.118172,False
2006-10-05,17.2,8.1,17.633441,9.413226,22.8,-0.433441,False
2006-10-06,18.2,12.1,17.453441,9.33,22.6,0.746559,False
2006-10-07,16.9,7.8,17.257419,9.264409,22.4,-0.357419,False
2006-10-08,18.0,5.4,17.095591,9.181935,22.21,0.904409,False
2006-10-09,18.6,9.0,16.909892,9.105054,21.9,1.690108,False
2006-10-10,22.3,10.9,16.763011,9.038495,21.6,5.536989,False
2006-10-11,20.4,13.0,16.63,8.962796,21.5,3.77,False
2006-10-12,17.4,11.3,16.474731,8.881935,21.4,0.925269,False
2006-10-13,18.4,10.6,16.295591,8.785161,21.2,2.104409,False
2006-10-14,19.0,12.9,16.107204,8.662473,21.1,2.892796,False
2006-10-15,16.7,10.7,15.919247,8.534409,20.9,0.780753,False
2006-10-16,20.9,9.0,15.740753,8.407742,20.6,5.159247,False
2006-10-17,18.1,8.5,15.565699,8.274086,20.4,2.534301,False
2006-10-18,17.8,13.0,15.401935,8.144624,20.2,2.398065,False
2006-10-19,17.6,12.8,15.272473,8.071398,20.01,2.327527,False
2006-10-20,17.1,12.4,15.124731,7.952903,19.9,1.975269,False
2006-10-21,17.7,12.2,14.97957,7.832688,19.8,2.72043,False
2006-10-22,20.9,13.1,14.816774,7.714086,19.61,6.083226,False
2006-10-23,19.6,14.0,14.655591,7.613978,19.5,4.944409,False
2006-10-24,16.1,9.6,14.485376,7.494301,19.3,1.614624,False
2006-10-25,17.5,9.2,14.299462,7.35871,19.2,3.200538,False
2006-10-26,21.7,14.6,14.103011,7.229892,19.0,7.596989,False
2006-10-27,18.8,12.1,13.913333,7.078172,18.7,4.886667,False
2006-10-28,19.1,12.4,13.718172,6.957634,18.5,5.381828,False
2006-10-29,17.6,10.2,13.52828,6.848065,18.2,4.07172,False
2006-10-30,15.8,7.2,13.336989,6.734301,18.0,2.463011,False
2006-10-31,14.9,7.7,13.151183,6.633118,17.9,1.748817,False
2006-11-01,11.5,4.1,12.946882,6.535054,17.61,-1.446882,False
2006-11-02,9.5,0.5,12.756237,6.433226,17.5,-3.256237,False
2006-11-03,9.9,0.3,12.572043,6.332688,17.4,-2.672043,False
2006-11-04,10.0,0.2,12.382796,6.217312,17.2,-2.382796,False
2006-11-05,8.3,-0.6,12.198387,6.069032,17.1,-3.898387,False
2006-11-06,7.4,1.7,12.006022,5.931935,16.8,-4.606022,False
2006-11-07,8.3,2.5,11.81914,5.79871,16.6,-3.51914,False
2006-11-08,13.1,2.9,11.640968,5.681075,16.4,1.459032,False
2006-11-09,14.0,2.9,11.469462,5.537742,16.31,2.530538,False
2006-11-10,10.5,1.0,11.299892,5.417634,16.2,-0.799892,False
2006-11-11,13.8,3.4,11.116022,5.307312,15.9,2.683978,False
2006-11-12,12.1,8.5,10.936774,5.192688,15.7,1.163226,False
2006-11-13,14.3,9.3,10.768817,5.09086,15.5,3.531183,False
2006-11-14,15.5,12.8,10.613226,4.978602,15.5,4.886774,False
2006-11-15,16.4,9.7,10.43129,4.863871,15.1,5.96871,False
2006-11-16,17.1,11.7,10.242903,4.78043,14.8,6.857097,False
2006-11-17,13.8,8.3,10.076344,4.677742,14.61,3.723656,False
2006-11-18,11.7,7.3,9.912366,4.582258,14.41,1.787634,False
2006-11-19,9.8,4.5,9.72828,4.446559,14.21,0.07172,False
2006-11-20,12.2,4.4,9.57043,4.348925,14.1,2.62957,False
2006-11-21,11.0,4.3,9.421075,4.254409,13.91,1.578925,False
2006-11-22,10.3,3.9,9.283226,4.150538,13.8,1.016774,False
2006-11-23,13.8,9.3,9.15828,4.035161,13.7,4.64172,False
2006-11-24,15.1,9.1,9.005806,3.926559,13.6,6.094194,False
2006-11-25,16.7,10.6,8.851505,3.8,13.5,7.848495,False
2006-11-26,14.4,8.3,8.723656,3.690753,13.5,5.676344,False
2006-11-27,14.7,7.6,8.586237,3.600108,13.4,6.113763,False
2006-11-28,12.9,8.1,8.456882,3.495699,13.2,4.443118,False
2006-11-29,11.8,2.9,8.310215,3.371183,13.1,3.489785,False
2006-11-30,6.7,2.4,8.164301,3.247527,12.91,-1.464301,False
2006-12-01,10.0,4.8,8.06957,3.152366,12.8,1.93043,False
2006-12-02,11.8,7.6,8.008387,3.062688,12.8,3.791613,False
2006-12-03,11.2,7.2,7.954409,3.026452,12.7,3.245591,False
2006-12-04,14.0,8.6,7.920645,2.998495,12.61,6.079355,False
2006-12-05,15.6,10.1,7.876452,2.963548,12.6,7.723548,False
2006-12-06,10.5,5.3,7.843226,2.947634,12.6,2.656774,False
2006-12-07,11.5,5.1,7.816237,2.966667,12.6,3.683763,False
2006-12-08,12.0,6.7,7.782366,2.971828,12.51,4.217634,False
2006-12-09,8.4,3.1,7.736667,2.953441,12.5,0.663333,False
2006-12-10,6.9,1.5,7.665484,2.918065,12.4,-0.765484,False
2006-12-11,7.6,3.8,7.566237,2.812796,12.3,0.033763,False
2006-12-12,8.4,4.0,7.476559,2.733763,12.3,0.923441,False
2006-12-13,9.8,4.5,7.369355,2.642581,12.21,2.430645,False
2006-12-14,8.0,2.0,7.29086,2.527849,12.2,0.70914,False
2006-12-15,9.1,-0.2,7.245161,2.492581,12.11,1.854839,False
2006-12-16,8.6,1.7,7.203656,2.466882,12.1,1.396344,False
2006-12-17,6.4,-0.6,7.145269,2.414624,12.01,-0.745269,False
2006-12-18,5.0,0.8,7.100215,2.372043,12.0,-2.100215,False
2006-12-19,4.6,-0.3,7.056022,2.313226,12.01,-2.456022,False
2006-12-20,4.9,-1.0,7.005376,2.260645,12.0,-2.105376,False
2006-12-21,7.2,-0.4,6.970753,2.22957,12.0,0.229247,False
2006-12-22,6.7,1.1,6.947527,2.212903,12.0,-0.247527,False
2006-12-23,2.4,-0.8,6.923226,2.220108,12.0,-4.523226,False
2006-12-24,2.2,0.7,6.916129,2.240215,12.0,-4.716129,False
2006-12-25,1.4,0.1,6.95129,2.25828,12.1,-5.55129,False
2006-12-26,0.2,-0.4,6.977419,2.290753,12.1,-6.777419,False
2006-12-27,0.5,-0.6,6.982903,2.3,12.0,-6.482903,False
2006-12-28,-0.3,-2.7,6.98172,2.297634,12.0,-7.28172,False
2006-12-29,5.5,-3.2,7.001613,2.315376,12.1,-1.501613,False
2006-12-30,12.0,5.7,7.022796,2.333978,12.1,4.977204,False
2006-12-31,13.4,7.2,7.052903,2.354194,12.1,6.347097,False
2007-01-01,13.3,6.1,7.055161,2.352581,12.11,6.244839,False
2007-01-02,8.3,4.9,7.037742,2.345914,12.1,1.262258,False
2007-01-03,8.4,3.8,7.003763,2.30871,12.1,1.396237,False
2007-01-04,10.7,7.7,6.961183,2.287312,12.1,3.738817,False
2007-01-05,11.3,8.7,6.928065,2.273226,12.1,4.371935,False
2007-01-06,12.4,9.0,6.896344,2.22914,12.01,5.503656,False
2007-01-07,10.2,5.6,6.845376,2.169677,12.0,3.354624,False
2007-01-08,13.0,10.0,6.791828,2.116237,11.9,6.208172,False
2007-01-09,13.9,10.7,6.744409,2.053548,11.8,7.155591,False
2007-01-10,12.5,4.1,6.723548,1.996559,11.8,5.776452,False
2007-01-11,11.7,3.5,6.705376,1.980753,11.8,4.994624,False
2007-01-12,12.2,6.9,6.706882,1.967097,11.8,5.493118,False
2007-01-13,11.8,9.9,6.735806,1.980108,11.8,5.064194,False
2007-01-14,11.0,1.9,6.731828,2.012473,11.8,4.268172,False
2007-01-15,8.7,1.8,6.702473,1.963011,11.8,1.997527,False
2007-01-16,9.4,4.8,6.692258,1.921398,11.8,2.707742,False
2007-01-17,12.7,9.4,6.713978,1.919677,11.8,5.986022,False
2007-01-18,14.2,11.7,6.707312,1.896882,11.8,7.492688,False
2007-01-19,14.6,12.6,6.710645,1.88086,11.8,7.889355,False
2007-01-20,13.7,7.4,6.727742,1.89828,11.8,6.972258,False
2007-01-21,9.8,3.3,6.756989,1.903333,11.8,3.043011,False
2007-01-22,7.0,1.5,6.780108,1.892473,11.8,0.219892,False
2007-01-23,3.9,-0.5,6.785376,1.837849,11.8,-2.885376,False
2007-01-24,2.8,-1.7,6.784409,1.797419,11.8,-3.984409,False
2007-01-25,0.3,-3.3,6.764301,1.731183,11.8,-6.464301,False
2007-01-26,2.3,-5.7,6.763226,1.680645,11.8,-4.463226,False
2007-01-27,7.6,0.9,6.776667,1.662688,11.8,0.823333,False
2007-01-28,6.2,1.5,6.797742,1.637204,11.81,-0.597742,False
2007-01-29,8.7,4.9,6.78172,1.586882,11.8,1.91828,False
2007-01-30,8.5,5.2,6.797419,1.555806,11.9,1.702581,False
2007-01-31,8.3,4.6,6.843656,1.55086,12.01,1.456344,False
2007-02-01,10.8,5.4,6.875699,1.543548,12.1,3.924301,False
2007-02-02,9.8,8.5,6.905699,1.543118,12.1,2.894301,False
2007-02-03,9.8,3.4,6.963871,1.522258,12.1,2.836129,False
2007-02-04,10.4,0.9,7.006667,1.487312,12.01,3.393333,False
2007-02-05,6.0,2.0,7.066989,1.484839,12.1,-1.066989,False
2007-02-06,6.5,3.0,7.10086,1.480108,12.1,-0.60086,False
2007-02-07,3.0,-0.4,7.163656,1.468065,12.2,-4.163656,False
2007-02-08,9.9,0.7,7.236022,1.485054,12.3,2.663978,False
2007-02-09,8.6,3.1,7.334301,1.514624,12.41,1.265699,False
2007-02-10,11.9,5.3,7.429247,1.58172,12.5,4.470753,False
2007-02-11,12.5,8.8,7.533763,1.634624,12.5,4.966237,False
2007-02-12,11.4,7.9,7.62828,1.646022,12.6,3.77172,False
2007-02-13,10.6,7.3,7.707634,1.679247,12.7,2.892366,False
2007-02-14,11.1,5.2,7.798172,1.724301,12.7,3.301828,False
2007-02-15,10.6,0.5,7.898817,1.787204,12.71,2.701183,False
2007-02-16,12.7,2.5,8.004409,1.824409,12.8,4.695591,False
2007-02-17,15.9,5.9,8.091828,1.841505,12.81,7.808172,False
2007-02-18,14.0,4.4,8.190215,1.883333,12.9,5.809785,False
2007-02-19,10.8,4.3,8.284946,1.938495,12.91,2.515054,False
2007-02-20,13.6,3.4,8.400645,1.971828,13.01,5.199355,False
2007-02-21,12.3,5.6,8.535914,2.007957,13.3,3.764086,False
2007-02-22,12.1,3.5,8.671828,2.083871,13.5,3.428172,False
2007-02-23,11.5,7.1,8.824946,2.174624,13.7,2.675054,False
2007-02-24,12.1,9.3,8.987742,2.239355,14.0,3.112258,False
2007-02-25,10.5,6.3,9.132581,2.320538,14.21,1.367419,False
2007-02-26,10.9,5.9,9.271935,2.396129,14.5,1.628065,False
2007-02-27,12.4,5.4,9.414946,2.456559,14.6,2.985054,False
2007-02-28,13.4,9.4,9.593333,2.553118,14.7,3.806667,False
2007-03-01,11.7,7.4,9.807527,2.66129,14.9,1.892473,False
2007-03-02,12.2,4.2,9.97172,2.782151,15.0,2.22828,False
2007-03-03,13.1,6.8,10.097419,2.878602,15.2,3.002581,False
2007-03-04,15.4,3.8,10.209247,2.969892,15.3,5.190753,False
2007-03-05,13.0,7.5,10.352903,3.037312,15.4,2.647097,False
2007-03-06,10.1,8.9,10.462366,3.131505,15.4,-0.362366,False
2007-03-07,11.8,6.1,10.592151,3.216129,15.5,1.207849,False
2007-03-08,13.1,3.1,10.720645,3.25871,15.71,2.379355,False
2007-03-09,11.0,5.1,10.873871,3.353548,15.9,0.126129,False
2007-03-10,13.3,1.8,10.997527,3.437957,16.01,2.302473,False
2007-03-11,15.0,1.6,11.117312,3.483441,16.1,3.882688,False
2007-03-12,15.2,0.2,11.214731,3.523548,16.4,3.985269,False
2007-03-13,14.7,1.5,11.341935,3.553763,16.4,3.358065,False
2007-03-14,14.3,3.4,11.483656,3.61172,16.6,2.816344,False
2007-03-15,14.9,2.0,11.615914,3.719462,16.7,3.284086,False
2007-03-16,12.1,0.8,11.770215,3.798387,16.9,0.329785,False
2007-03-17,11.9,6.4,11.958495,3.857419,17.01,-0.058495,False
2007-03-18,9.9,4.4,12.135484,3.941935,17.3,-2.235484,False
2007-03-19,5.5,0.9,12.272903,4.052258,17.51,-6.772903,False
2007-03-20,6.8,0.2,12.382903,4.135591,17.6,-5.582903,False
2007-03-21,7.3,1.1,12.496022,4.197419,17.71,-5.196022,False
2007-03-22,8.1,2.8,12.632796,4.253978,17.9,-4.532796,False
2007-03-23,5.8,0.2,12.739032,4.322366,18.0,-6.939032,False
2007-03-24,6.6,1.5,12.80914,4.356559,18.01,-6.20914,False
2007-03-25,8.6,4.0,12.904409,4.375914,18.2,-4.304409,False
2007-03-26,15.1,1.1,13.008925,4.415699,18.5,2.091075,False
2007-03-27,16.6,2.4,13.093011,4.455054,18.6,3.506989,False
2007-03-28,17.5,4.1,13.18129,4.505591,18.71,4.31871,False
2007-03-29,11.7,5.8,13.244946,4.558602,18.81,-1.544946,False
2007-03-30,6.2,2.3,13.315914,4.612473,19.0,-7.115914,False
2007-03-31,7.7,1.9,13.358925,4.642043,19.0,-5.658925,False
2007-04-01,15.8,5.3,13.386022,4.653763,19.01,2.413978,False
2007-04-02,19.0,6.3,13.460645,4.670215,19.3,5.539355,False
2007-04-03,13.6,6.4,13.544731,4.709462,19.5,0.055269,False
2007-04-04,12.0,3.4,13.648495,4.731075,19.6,-1.648495,False
2007-04-05,15.7,2.6,13.773118,4.790215,19.8,1.926882,False
2007-04-06,19.0,4.2,13.961183,4.864731,20.0,5.038817,False
2007-04-07,15.3,5.5,14.142366,4.965484,20.3,1.157634,False
2007-04-08,16.3,4.0,14.286989,5.063226,20.4,2.013011,False
2007-04-09,18.6,2.7,14.443441,5.133763,20.5,4.156559,False
2007-04-10,19.0,4.0,14.59,5.246129,20.6,4.41,False
2007-04-11,20.0,6.7,14.709462,5.367742,20.6,5.290538,False
2007-04-12,22.7,7.8,14.827097,5.487742,20.7,7.872903,False
2007-04-13,23.8,12.6,14.918817,5.614409,20.81,8.881183,False
2007-04-14,25.5,12.3,15.01043,5.713011,21.11,10.48957,False
2007-04-15,26.3,11.0,15.116129,5.794516,21.2,11.183871,False
2007-04-16,24.9,11.5,15.20871,5.90043,21.31,9.69129,False
2007-04-17,19.9,9.5,15.274731,5.998387,21.6,4.625269,False
2007-04-18,16.8,6.0,15.348387,6.085376,21.82,1.451613,False
2007-04-19,19.0,3.4,15.444624,6.137957,22.01,3.555376,False
2007-04-20,19.9,5.7,15.574839,6.232473,22.2,4.325161,False
2007-04-21,20.4,5.9,15.71129,6.343871,22.6,4.68871,False
2007-04-22,24.4,5.7,15.854194,6.464409,22.71,8.545806,False
2007-04-23,25.1,8.9,15.991828,6.597742,22.81,9.108172,False
2007-04-24,25.7,10.0,16.122151,6.772581,22.91,9.577849,False
2007-04-25,26.5,12.9,16.255806,6.926129,23.1,10.244194,False
2007-04-26,25.1,11.7,16.359677,7.070323,23.1,8.740323,False
2007-04-27,25.4,12.2,16.451613,7.200215,23.1,8.948387,False
2007-04-28,25.9,12.5,16.569785,7.323011,23.2,9.330215,False
2007-04-29,23.3,12.2,16.683118,7.444409,23.3,6.616882,False
2007-04-30,23.1,11.0,16.799355,7.532151,23.3,6.300645,False
2007-05-01,23.2,10.8,16.935376,7.641183,23.31,6.264624,False
2007-05-02,21.3,10.3,17.072688,7.783548,23.5,4.227312,False
2007-05-03,20.5,9.7,17.192903,7.897097,23.5,3.307097,False
2007-05-04,19.6,10.0,17.302258,7.995269,23.61,2.297742,False
2007-05-05,16.8,9.1,17.421613,8.13086,23.6,-0.621613,False
2007-05-06,18.7,6.1,17.53,8.267849,23.61,1.17,False
2007-05-07,18.5,12.9,17.583978,8.377312,23.7,0.916022,False
2007-05-08,20.1,12.3,17.656989,8.459892,23.7,2.443011,False
2007-05-09,18.9,14.5,17.760968,8.590108,23.8,1.139032,False
2007-05-10,23.3,12.7,17.879892,8.714731,24.1,5.420108,False
2007-05-11,17.3,12.6,17.999785,8.806022,24.2,-0.699785,False
2007-05-12,19.5,12.3,18.142043,8.904731,24.3,1.357957,False
2007-05-13,21.7,10.6,18.275699,9.007849,24.61,3.424301,False
2007-05-14,16.8,10.0,18.429677,9.096344,24.7,-1.629677,False
2007-05-15,16.0,8.4,18.576237,9.216237,24.7,-2.576237,False
2007-05-16,16.7,11.2,18.686667,9.325484,24.7,-1.986667,False
2007-05-17,16.9,12.7,18.832688,9.405914,24.8,-1.932688,False
2007-05-18,22.5,13.4,18.98871,9.543548,24.9,3.51129,False
2007-05-19,18.5,12.6,19.098065,9.65914,24.9,-0.598065,False
2007-05-20,15.3,10.7,19.20957,9.780968,24.9,-3.90957,False
2007-05-21,22.7,13.2,19.340538,9.899785,25.0,3.359462,False
2007-05-22,21.2,12.8,19.457849,10.029032,25.11,1.742151,False
2007-05-23,21.6,12.8,19.555699,10.152473,25.3,2.044301,False
2007-05-24,25.7,13.3,19.656452,10.234624,25.31,6.043548,False
2007-05-25,26.2,13.7,19.766022,10.300968,25.4,6.433978,False
2007-05-26,21.0,12.3,19.841505,10.382903,25.51,1.158495,False
2007-05-27,13.3,8.8,19.933333,10.462258,25.7,-6.633333,False
2007-05-28,14.6,8.3,20.014946,10.552151,25.7,-5.414946,False
2007-05-29,15.8,7.1,20.098065,10.640215,25.7,-4.298065,False
2007-05-30,16.0,8.4,20.24086,10.741505,25.71,-4.24086,False
2007-05-31,18.5,9.5,20.336559,10.893118,25.81,-1.836559,False
2007-06-01,17.3,8.9,20.429355,10.999785,25.81,-3.129355,False
2007-06-02,23.3,10.7,20.546237,11.08871,25.91,2.753763,False
2007-06-03,23.3,12.4,20.677097,11.206344,26.1,2.622903,False
2007-06-04,22.6,15.2,20.822581,11.326129,26.21,1.777419,False
2007-06-05,24.1,14.0,20.942796,11.438602,26.4,3.157204,False
2007-06-06,24.6,14.7,21.027634,11.527312,26.41,3.572366,False
2007-06-07,22.2,14.4,21.127634,11.601828,26.7,1.072366,False
2007-06-08,21.6,16.6,21.202043,11.69172,26.9,0.397957,False
2007-06-09,23.5,16.0,21.305376,11.751075,27.0,2.194624,False
2007-06-10,24.5,14.7,21.379677,11.842151,27.1,3.120323,False
2007-06-11,23.6,14.7,21.495376,11.932258,27.2,2.104624,False
2007-06-12,22.4,15.2,21.602796,12.033118,27.3,0.797204,False
2007-06-13,25.0,13.0,21.733441,12.136022,27.4,3.266559,False
2007-06-14,21.6,15.6,21.834516,12.236667,27.5,-0.234516,False
2007-06-15,20.5,14.5,21.926129,12.311613,27.61,-1.426129,False
2007-06-16,20.2,13.6,22.062151,12.416452,28.1,-1.862151,False
2007-06-17,22.0,10.7,22.15086,12.537312,28.12,-0.15086,False
2007-06-18,24.8,14.4,22.223871,12.597097,28.51,2.576129,False
2007-06-19,30.5,14.6,22.335699,12.675914,28.6,8.164301,False
2007-06-20,23.6,13.6,22.428172,12.774194,28.61,1.171828,False
2007-06-21,21.3,14.8,22.504194,12.844946,28.7,-1.204194,False
2007-06-22,17.8,13.8,22.574409,12.888387,28.71,-4.774409,False
2007-06-23,20.6,14.0,22.633333,12.929462,28.8,-2.033333,False
2007-06-24,22.8,12.7,22.706129,12.993978,28.8,0.093871,False
2007-06-25,18.6,12.5,22.772903,13.053011,28.9,-4.172903,False
2007-06-26,16.3,11.9,22.852258,13.122581,28.91,-6.552258,False
2007-06-27,16.8,10.3,22.920645,13.188172,28.91,-6.120645,False
2007-06-28,18.7,12.4,23.023011,13.255484,29.01,-4.323011,False
2007-06-29,18.2,13.4,23.11,13.338172,29.1,-4.91,False
2007-06-30,21.8,14.8,23.213226,13.40172,29.4,-1.413226,False
2007-07-01,22.6,16.3,23.345914,13.453978,29.4,-0.745914,False
2007-07-02,20.9,15.0,23.444194,13.534731,29.5,-2.544194,False
2007-07-03,20.1,13.1,23.538925,13.616559,29.61,-3.438925,False
2007-07-04,18.3,12.3,23.630753,13.692258,29.71,-5.330753,False
2007-07-05,19.0,13.5,23.709032,13.773763,29.8,-4.709032,False
2007-07-06,21.7,13.2,23.797204,13.825484,29.8,-2.097204,False
2007-07-07,21.1,12.1,23.9,13.868817,29.9,-2.8,False
2007-07-08,19.6,12.0,24.007312,13.954301,29.9,-4.407312,False
2007-07-09,16.7,9.9,24.111183,14.031398,29.9,-7.411183,False
2007-07-10,17.8,11.5,24.169247,14.104409,30.0,-6.369247,False
2007-07-11,19.7,12.2,24.231183,14.15957,30.0,-4.531183,False
2007-07-12,20.1,12.0,24.265269,14.217527,30.01,-4.165269,False
2007-07-13,28.8,15.5,24.302151,14.260753,30.0,4.497849,False
2007-07-14,29.0,18.2,24.350215,14.277634,29.9,4.649785,False
2007-07-15,31.7,17.6,24.384516,14.312258,30.0,7.315484,False
2007-07-16,25.1,14.8,24.453441,14.343118,30.0,0.646559,False
2007-07-17,24.5,13.4,24.514194,14.354409,30.0,-0.014194,False
2007-07-18,24.9,14.1,24.582473,14.373226,30.01,0.317527,False
2007-07-19,25.9,15.3,24.637849,14.422366,30.1,1.262151,False
2007-07-20,21.4,13.7,24.704516,14.45,30.21,-3.304516,False
2007-07-21,22.3,11.2,24.806344,14.46871,30.3,-2.506344,False
2007-07-22,21.8,11.8,24.897312,14.503226,30.4,-3.097312,False
2007-07-23,19.5,14.8,24.99086,14.548065,30.5,-5.49086,False
2007-07-24,22.6,14.0,25.045591,14.602473,30.51,-2.445591,False
2007-07-25,23.6,10.9,25.092581,14.634731,30.6,-1.492581,False
2007-07-26,24.4,13.9,25.128495,14.647419,30.6,-0.728495,False
2007-07-27,22.3,15.7,25.173978,14.642796,30.7,-2.873978,False
2007-07-28,21.9,16.1,25.224731,14.662258,30.81,-3.324731,False
2007-07-29,20.0,13.2,25.235376,14.670968,30.9,-5.235376,False
2007-07-30,21.3,10.5,25.253226,14.672258,30.81,-3.953226,False
2007-07-31,21.8,8.7,25.243441,14.678065,30.7,-3.443441,False
2007-08-01,26.4,10.1,25.238065,14.645591,30.61,1.161935,False
2007-08-02,22.7,14.8,25.218495,14.64,30.61,-2.518495,False
2007-08-03,23.3,12.7,25.202366,14.620968,30.6,-1.902366,False
2007-08-04,27.7,13.2,25.174516,14.594301,30.51,2.525484,False
2007-08-05,32.3,14.8,25.139462,14.555806,30.5,7.160538,False
2007-08-06,20.7,14.6,25.125914,14.54,30.5,-4.425914,False
2007-08-07,21.2,10.4,25.102151,14.533226,30.4,-3.902151,False
2007-08-08,18.2,13.0,25.063763,14.508387,30.41,-6.863763,False
2007-08-09,17.8,11.0,25.004086,14.477204,30.41,-7.204086,False
2007-08-10,18.0,14.2,24.966667,14.451613,30.41,-6.966667,False
2007-08-11,21.1,14.8,24.933441,14.419462,30.41,-3.833441,False
2007-08-12,23.3,14.9,24.863333,14.384194,30.4,-1.563333,False
2007-08-13,22.5,13.2,24.782581,14.321828,30.3,-2.282581,False
2007-08-14,23.7,12.7,24.663763,14.256022,30.3,-0.963763,False
2007-08-15,21.8,17.0,24.586344,14.17043,30.21,-2.786344,False
2007-08-16,19.9,12.3,24.489355,14.101935,30.11,-4.589355,False
2007-08-17,20.0,11.7,24.344946,14.012688,30.0,-4.344946,False
2007-08-18,21.1,9.7,24.227527,13.906774,29.9,-3.127527,False
2007-08-19,18.7,13.7,24.130215,13.803333,29.7,-5.430215,False
2007-08-20,18.0,12.9,24.021613,13.728172,29.7,-6.021613,False
2007-08-21,20.2,11.9,23.875054,13.655806,29.5,-3.675054,False
2007-08-22,19.5,15.6,23.727204,13.571613,29.4,-4.227204,False
2007-08-23,19.1,15.5,23.581505,13.477312,29.21,-4.481505,False
2007-08-24,21.4,15.4,23.481398,13.365484,29.01,-2.081398,False
2007-08-25,24.3,13.9,23.399462,13.274624,29.0,0.900538,False
2007-08-26,25.0,13.3,23.32828,13.209677,29.0,1.67172,False
2007-08-27,22.2,13.3,23.22043,13.144516,28.9,-1.02043,False
2007-08-28,20.4,10.9,23.091398,13.070215,28.71,-2.691398,False
2007-08-29,19.5,11.3,22.978387,12.98043,28.7,-3.478387,False
2007-08-30,20.5,8.4,22.863333,12.891183,28.7,-2.363333,False
2007-08-31,19.6,14.4,22.728172,12.79172,28.6,-3.128172,False
2007-09-01,20.8,14.1,22.589785,12.684946,28.5,-1.789785,False
2007-09-02,20.5,13.8,22.452151,12.555054,28.3,-1.952151,False
2007-09-03,18.0,10.8,22.296344,12.429247,28.21,-4.296344,False
2007-09-04,17.5,8.2,22.149032,12.315376,28.11,-4.649032,False
2007-09-05,19.0,5.9,22.034731,12.199462,27.8,-3.034731,False
2007-09-06,21.2,14.0,21.915699,12.065269,27.6,-0.715699,False
2007-09-07,20.3,15.3,21.757312,11.956129,27.3,-1.457312,False
2007-09-08,22.7,11.6,21.62043,11.842473,27.2,1.07957,False
2007-09-09,20.3,11.2,21.474839,11.735699,26.9,-1.174839,False
2007-09-10,19.3,9.2,21.303763,11.608387,26.71,-2.003763,False
2007-09-11,18.5,9.4,21.136989,11.472796,26.41,-2.636989,False
2007-09-12,19.2,8.6,21.013656,11.338065,26.3,-1.813656,False
2007-09-13,22.3,8.9,20.902903,11.246022,26.2,1.397097,False
2007-09-14,22.8,8.2,20.814409,11.186667,26.1,1.985591,False
2007-09-15,22.1,12.7,20.701183,11.113118,26.1,1.398817,False
2007-09-16,26.0,11.1,20.568817,11.063118,25.91,5.431183,False
2007-09-17,19.7,11.5,20.457957,11.020645,25.9,-0.757957,False
2007-09-18,15.3,6.6,20.314839,10.952043,25.8,-5.014839,False
2007-09-19,16.8,3.8,20.143656,10.876989,25.6,-3.343656,False
2007-09-20,19.9,7.0,19.958602,10.774839,25.31,-0.058602,False
2007-09-21,22.8,6.5,19.803978,10.674624,25.1,2.996022,False
2007-09-22,21.6,8.2,19.644516,10.58043,24.9,1.955484,False
2007-09-23,21.9,13.3,19.49828,10.498387,24.8,2.40172,False
2007-09-24,17.3,10.8,19.35,10.436022,24.7,-2.05,False
2007-09-25,16.4,8.0,19.185054,10.354946,24.5,-2.785054,False
2007-09-26,13.9,7.9,19.026559,10.284409,24.1,-5.126559,False
2007-09-27,15.2,7.9,18.878172,10.192688,23.7,-3.678172,False
2007-09-28,13.4,11.3,18.753333,10.081935,23.7,-5.353333,False
2007-09-29,17.6,8.9,18.627419,9.990968,23.7,-1.027419,False
2007-09-30,19.6,5.1,18.475806,9.889355,23.51,1.124194,False
2007-10-01,21.0,13.8,18.327634,9.786129,23.3,2.672366,False
2007-10-02,18.8,15.3,18.149677,9.694946,23.11,0.650323,False
2007-10-03,20.2,14.9,17.984946,9.58086,23.1,2.215054,False
2007-10-04,17.0,11.8,17.818172,9.491398,23.0,-0.818172,False
2007-10-05,19.2,11.4,17.633441,9.413226,22.8,1.566559,False
2007-10-06,19.9,9.1,17.453441,9.33,22.6,2.446559,False
2007-10-07,19.6,5.6,17.257419,9.264409,22.4,2.342581,False
2007-10-08,17.5,6.5,17.095591,9.181935,22.21,0.404409,False
2007-10-09,17.8,10.2,16.909892,9.105054,21.9,0.890108,False
2007-10-10,15.5,9.6,16.763011,9.038495,21.6,-1.263011,False
2007-10-11,16.4,9.6,16.63,8.962796,21.5,-0.23,False
2007-10-12,15.5,7.3,16.474731,8.881935,21.4,-0.974731,False
2007-10-13,16.3,9.8,16.295591,8.785161,21.2,0.004409,False
2007-10-14,18.6,6.7,16.107204,8.662473,21.1,2.492796,False
2007-10-15,16.1,8.1,15.919247,8.534409,20.9,0.180753,False
2007-10-16,20.6,7.8,15.740753,8.407742,20.6,4.859247,False
2007-10-17,15.6,8.2,15.565699,8.274086,20.4,0.034301,False
2007-10-18,14.0,4.7,15.401935,8.144624,20.2,-1.401935,False
2007-10-19,12.8,3.7,15.272473,8.071398,20.01,-2.472473,False
2007-10-20,11.6,2.5,15.124731,7.952903,19.9,-3.524731,False
2007-10-21,12.0,-0.4,14.97957,7.832688,19.8,-2.97957,False
2007-10-22,10.8,2.7,14.816774,7.714086,19.61,-4.016774,False
2007-10-23,10.7,0.6,14.655591,7.613978,19.5,-3.955591,False
2007-10-24,9.3,1.9,14.485376,7.494301,19.3,-5.185376,False
2007-10-25,9.9,6.2,14.299462,7.35871,19.2,-4.399462,False
2007-10-26,10.2,8.3,14.103011,7.229892,19.0,-3.903011,False
2007-10-27,10.8,7.1,13.913333,7.078172,18.7,-3.113333,False
2007-10-28,11.6,6.5,13.718172,6.957634,18.5,-2.118172,False
2007-10-29,11.0,7.8,13.52828,6.848065,18.2,-2.52828,False
2007-10-30,12.3,5.1,13.336989,6.734301,18.0,-1.036989,False
2007-10-31,13.0,2.6,13.151183,6.633118,17.9,-0.151183,False
2007-11-01,13.3,3.5,12.946882,6.535054,17.61,0.353118,False
2007-11-02,12.7,10.4,12.756237,6.433226,17.5,-0.056237,False
2007-11-03,14.3,11.6,12.572043,6.332688,17.4,1.727957,False
2007-11-04,13.0,7.7,12.382796,6.217312,17.2,0.617204,False
2007-11-05,12.2,3.7,12.198387,6.069032,17.1,0.001613,False
2007-11-06,11.6,3.4,12.006022,5.931935,16.8,-0.406022,False
2007-11-07,11.3,2.8,11.81914,5.79871,16.6,-0.51914,False
2007-11-08,12.4,8.6,11.640968,5.681075,16.4,0.759032,False
2007-11-09,8.9,2.5,11.469462,5.537742,16.31,-2.569462,False
2007-11-10,11.6,4.7,11.299892,5.417634,16.2,0.300108,False
2007-11-11,12.6,7.8,11.116022,5.307312,15.9,1.483978,False
2007-11-12,8.6,0.1,10.936774,5.192688,15.7,-2.336774,False
2007-11-13,8.0,0.0,10.768817,5.09086,15.5,-2.768817,False
2007-11-14,7.5,1.2,10.613226,4.978602,15.5,-3.113226,False
2007-11-15,4.9,-1.9,10.43129,4.863871,15.1,-5.53129,False
2007-11-16,4.5,-3.7,10.242903,4.78043,14.8,-5.742903,False
2007-11-17,6.3,-4.4,10.076344,4.677742,14.61,-3.776344,False
2007-11-18,2.7,-2.0,9.912366,4.582258,14.41,-7.212366,False
2007-11-19,8.3,3.0,9.72828,4.446559,14.21,-1.42828,False
2007-11-20,11.4,6.9,9.57043,4.348925,14.1,1.82957,False
2007-11-21,12.5,6.4,9.421075,4.254409,13.91,3.078925,False
2007-11-22,12.4,5.2,9.283226,4.150538,13.8,3.116774,False
2007-11-23,8.3,2.9,9.15828,4.035161,13.7,-0.85828,False
2007-11-24,7.7,-0.1,9.005806,3.926559,13.6,-1.305806,False
2007-11-25,9.9,4.5,8.851505,3.8,13.5,1.048495,False
2007-11-26,8.8,2.5,8.723656,3.690753,13.5,0.076344,False
2007-11-27,8.0,0.8,8.586237,3.600108,13.4,-0.586237,False
2007-11-28,4.0,-1.2,8.456882,3.495699,13.2,-4.456882,False
2007-11-29,8.8,1.6,8.310215,3.371183,13.1,0.489785,False
2007-11-30,9.8,4.2,8.164301,3.247527,12.91,1.635699,False
2007-12-01,10.6,7.8,8.06957,3.152366,12.8,2.53043,False
2007-12-02,11.8,7.7,8.008387,3.062688,12.8,3.791613,False
2007-12-03,11.0,7.4,7.954409,3.026452,12.7,3.045591,False
2007-12-04,11.2,6.4,7.920645,2.998495,12.61,3.279355,False
2007-12-05,12.3,10.5,7.876452,2.963548,12.6,4.423548,False
2007-12-06,13.1,8.9,7.843226,2.947634,12.6,5.256774,False
2007-12-07,13.5,6.2,7.816237,2.966667,12.6,5.683763,False
2007-12-08,11.0,4.0,7.782366,2.971828,12.51,3.217634,False
2007-12-09,9.9,7.3,7.736667,2.953441,12.5,2.163333,False
2007-12-10,7.7,6.1,7.665484,2.918065,12.4,0.034516,False
2007-12-11,6.9,1.0,7.566237,2.812796,12.3,-0.666237,False
2007-12-12,5.6,-1.8,7.476559,2.733763,12.3,-1.876559,False
2007-12-13,4.9,0.0,7.369355,2.642581,12.21,-2.469355,False
2007-12-14,2.7,0.0,7.29086,2.527849,12.2,-4.59086,False
2007-12-15,2.4,-1.9,7.245161,2.492581,12.11,-4.845161,False
2007-12-16,1.6,-4.2,7.203656,2.466882,12.1,-5.603656,False
2007-12-17,-0.2,-2.5,7.145269,2.414624,12.01,-7.345269,False
2007-12-18,0.3,-5.0,7.100215,2.372043,12.0,-6.800215,False
2007-12-19,0.4,-5.9,7.056022,2.313226,12.01,-6.656022,False
2007-12-20,2.3,-7.0,7.005376,2.260645,12.0,-4.705376,False
2007-12-21,4.3,-5.2,6.970753,2.22957,12.0,-2.670753,False
2007-12-22,6.1,-5.0,6.947527,2.212903,12.0,-0.847527,False
2007-12-23,6.5,-3.3,6.923226,2.220108,12.0,-0.423226,False
2007-12-24,6.1,-5.2,6.916129,2.240215,12.0,-0.816129,False
2007-12-25,4.3,-1.2,6.95129,2.25828,12.1,-2.65129,False
2007-12-26,4.8,1.2,6.977419,2.290753,12.1,-2.177419,False
2007-12-27,7.1,2.9,6.982903,2.3,12.0,0.117097,False
2007-12-28,6.6,4.5,6.98172,2.297634,12.0,-0.38172,False
2007-12-29,9.0,4.5,7.001613,2.315376,12.1,1.998387,False
2007-12-30,7.8,3.7,7.022796,2.333978,12.1,0.777204,False
2007-12-31,7.0,2.7,7.052903,2.354194,12.1,-0.052903,False
2008-01-01,5.2,0.2,7.055161,2.352581,12.11,-1.855161,False
2008-01-02,1.2,-1.7,7.037742,2.345914,12.1,-5.837742,False
2008-01-03,4.6,-2.2,7.003763,2.30871,12.1,-2.403763,False
2008-01-04,9.4,4.5,6.961183,2.287312,12.1,2.438817,False
2008-01-05,9.5,6.9,6.928065,2.273226,12.1,2.571935,False
2008-01-06,9.7,4.5,6.896344,2.22914,12.01,2.803656,False
2008-01-07,11.7,7.2,6.845376,2.169677,12.0,4.854624,False
2008-01-08,6.8,4.9,6.791828,2.116237,11.9,0.008172,False
2008-01-09,9.1,4.9,6.744409,2.053548,11.8,2.355591,False
2008-01-10,11.0,3.2,6.723548,1.996559,11.8,4.276452,False
2008-01-11,11.0,7.2,6.705376,1.980753,11.8,4.294624,False
2008-01-12,9.0,4.2,6.706882,1.967097,11.8,2.293118,False
2008-01-13,8.7,4.3,6.735806,1.980108,11.8,1.964194,False
2008-01-14,9.8,5.2,6.731828,2.012473,11.8,3.068172,False
2008-01-15,9.3,7.6,6.702473,1.963011,11.8,2.597527,False
2008-01-16,8.2,5.1,6.692258,1.921398,11.8,1.507742,False
2008-01-17,11.1,5.3,6.713978,1.919677,11.8,4.386022,False
2008-01-18,12.5,8.3,6.707312,1.896882,11.8,5.792688,False
2008-01-19,14.1,11.2,6.710645,1.88086,11.8,7.389355,False
2008-01-20,13.0,9.5,6.727742,1.89828,11.8,6.272258,False
2008-01-21,11.4,8.9,6.756989,1.903333,11.8,4.643011,False
2008-01-22,10.5,1.8,6.780108,1.892473,11.8,3.719892,False
2008-01-23,10.7,2.0,6.785376,1.837849,11.8,3.914624,False
2008-01-24,10.0,4.5,6.784409,1.797419,11.8,3.215591,False
2008-01-25,8.6,-1.3,6.764301,1.731183,11.8,1.835699,False
2008-01-26,7.8,-1.5,6.763226,1.680645,11.8,1.036774,False
2008-01-27,10.3,-3.2,6.776667,1.662688,11.8,3.523333,False
2008-01-28,4.5,-1.4,6.797742,1.637204,11.81,-2.297742,False
2008-01-29,2.9,1.3,6.78172,1.586882,11.8,-3.88172,False
2008-01-30,4.7,-0.7,6.797419,1.555806,11.9,-2.097419,False
2008-01-31,6.8,-1.1,6.843656,1.55086,12.01,-0.043656,False
2008-02-01,8.0,2.8,6.875699,1.543548,12.1,1.124301,False
2008-02-02,7.1,-0.7,6.905699,1.543118,12.1,0.194301,False
2008-02-03,8.0,-1.6,6.963871,1.522258,12.1,1.036129,False
2008-02-04,7.6,3.5,7.006667,1.487312,12.01,0.593333,False
2008-02-05,11.8,3.9,7.066989,1.484839,12.1,4.733011,False
2008-02-06,11.8,2.2,7.10086,1.480108,12.1,4.69914,False
2008-02-07,10.7,-0.7,7.163656,1.468065,12.2,3.536344,False
2008-02-08,12.5,0.2,7.236022,1.485054,12.3,5.263978,False
2008-02-09,12.2,0.5,7.334301,1.514624,12.41,4.865699,False
2008-02-10,11.5,-1.6,7.429247,1.58172,12.5,4.070753,False
2008-02-11,12.0,0.2,7.533763,1.634624,12.5,4.466237,False
2008-02-12,11.6,-0.7,7.62828,1.646022,12.6,3.97172,False
2008-02-13,11.0,0.1,7.707634,1.679247,12.7,3.292366,False
2008-02-14,7.1,-2.5,7.798172,1.724301,12.7,-0.698172,False
2008-02-15,2.4,-0.9,7.898817,1.787204,12.71,-5.498817,False
2008-02-16,5.8,-2.7,8.004409,1.824409,12.8,-2.204409,False
2008-02-17,7.9,-3.6,8.091828,1.841505,12.81,-0.191828,False
2008-02-18,10.6,-3.1,8.190215,1.883333,12.9,2.409785,False
2008-02-19,11.1,-1.8,8.284946,1.938495,12.91,2.815054,False
2008-02-20,8.6,6.3,8.400645,1.971828,13.01,0.199355,False
2008-02-21,10.5,6.5,8.535914,2.007957,13.3,1.964086,False
2008-02-22,13.0,8.0,8.671828,2.083871,13.5,4.328172,False
2008-02-23,12.8,4.6,8.824946,2.174624,13.7,3.975054,False
2008-02-24,16.7,1.3,8.987742,2.239355,14.0,7.712258,False
2008-02-25,12.3,8.0,9.132581,2.320538,14.21,3.167419,False
2008-02-26,10.9,6.4,9.271935,2.396129,14.5,1.628065,False
2008-02-27,11.0,4.7,9.414946,2.456559,14.6,1.585054,False
2008-02-28,12.6,6.5,9.593333,2.553118,14.7,3.006667,False
2008-02-29,12.0,9.8,9.70043,2.607204,14.8,2.29957,False
2008-03-01,13.5,9.1,9.807527,2.66129,14.9,3.692473,False
2008-03-02,13.7,8.8,9.97172,2.782151,15.0,3.72828,False
2008-03-03,10.9,4.0,10.097419,2.878602,15.2,0.802581,False
2008-03-04,6.7,2.4,10.209247,2.969892,15.3,-3.509247,False
2008-03-05,7.0,-0.1,10.352903,3.037312,15.4,-3.352903,False
2008-03-06,8.7,-1.9,10.462366,3.131505,15.4,-1.762366,False
2008-03-07,9.4,5.0,10.592151,3.216129,15.5,-1.192151,False
2008-03-08,10.6,-0.3,10.720645,3.25871,15.71,-0.120645,False
2008-03-09,9.4,4.6,10.873871,3.353548,15.9,-1.473871,False
2008-03-10,9.5,4.1,10.997527,3.437957,16.01,-1.497527,False
2008-03-11,14.1,6.6,11.117312,3.483441,16.1,2.982688,False
2008-03-12,12.4,5.6,11.214731,3.523548,16.4,1.185269,False
2008-03-13,11.2,5.7,11.341935,3.553763,16.4,-0.141935,False
2008-03-14,14.6,9.8,11.483656,3.61172,16.6,3.116344,False
2008-03-15,17.3,6.2,11.615914,3.719462,16.7,5.684086,False
2008-03-16,12.5,8.1,11.770215,3.798387,16.9,0.729785,False
2008-03-17,8.7,4.1,11.958495,3.857419,17.01,-3.258495,False
2008-03-18,7.1,0.7,12.135484,3.941935,17.3,-5.035484,False
2008-03-19,7.5,1.5,12.272903,4.052258,17.51,-4.772903,False
2008-03-20,8.8,-0.2,12.382903,4.135591,17.6,-3.582903,False
2008-03-21,8.6,4.0,12.496022,4.197419,17.71,-3.896022,False
2008-03-22,7.1,1.3,12.632796,4.253978,17.9,-5.532796,False
2008-03-23,6.0,-1.2,12.739032,4.322366,18.0,-6.739032,False
2008-03-24,4.9,1.1,12.80914,4.356559,18.01,-7.90914,False
2008-03-25,7.7,0.5,12.904409,4.375914,18.2,-5.204409,False
2008-03-26,10.1,3.9,13.008925,4.415699,18.5,-2.908925,False
2008-03-27,10.0,2.4,13.093011,4.455054,18.6,-3.093011,False
2008-03-28,10.7,0.6,13.18129,4.505591,18.71,-2.48129,False
2008-03-29,13.3,3.8,13.244946,4.558602,18.81,0.055054,False
2008-03-30,10.5,6.8,13.315914,4.612473,19.0,-2.815914,False
2008-03-31,12.7,5.0,13.358925,4.642043,19.0,-0.658925,False
2008-04-01,13.5,4.3,13.386022,4.653763,19.01,0.113978,False
2008-04-02,12.6,7.0,13.460645,4.670215,19.3,-0.860645,False
2008-04-03,13.9,5.7,13.544731,4.709462,19.5,0.355269,False
2008-04-04,14.4,1.9,13.648495,4.731075,19.6,0.751505,False
2008-04-05,10.7,3.6,13.773118,4.790215,19.8,-3.073118,False
2008-04-06,6.5,0.1,13.961183,4.864731,20.0,-7.461183,False
2008-04-07,8.3,0.1,14.142366,4.965484,20.3,-5.842366,False
2008-04-08,8.8,0.1,14.286989,5.063226,20.4,-5.486989,False
2008-04-09,8.4,3.2,14.443441,5.133763,20.5,-6.043441,False
2008-04-10,11.8,1.7,14.59,5.246129,20.6,-2.79,False
2008-04-11,13.5,3.8,14.709462,5.367742,20.6,-1.209462,False
2008-04-12,13.4,4.1,14.827097,5.487742,20.7,-1.427097,False
2008-04-13,12.6,7.2,14.918817,5.614409,20.81,-2.318817,False
2008-04-14,10.6,4.6,15.01043,5.713011,21.11,-4.41043,False
2008-04-15,11.6,2.8,15.116129,5.794516,21.2,-3.516129,False
2008-04-16,12.7,-0.7,15.20871,5.90043,21.31,-2.50871,False
2008-04-17,11.6,1.7,15.274731,5.998387,21.6,-3.674731,False
2008-04-18,14.9,7.1,15.348387,6.085376,21.82,-0.448387,False
2008-04-19,15.7,8.2,15.444624,6.137957,22.01,0.255376,False
2008-04-20,15.6,7.4,15.574839,6.232473,22.2,0.025161,False
2008-04-21,14.2,10.2,15.71129,6.343871,22.6,-1.51129,False
2008-04-22,17.8,7.5,15.854194,6.464409,22.71,1.945806,False
2008-04-23,15.7,7.2,15.991828,6.597742,22.81,-0.291828,False
2008-04-24,18.0,3.6,16.122151,6.772581,22.91,1.877849,False
2008-04-25,17.8,7.2,16.255806,6.926129,23.1,1.544194,False
2008-04-26,20.6,6.1,16.359677,7.070323,23.1,4.240323,False
2008-04-27,24.0,9.5,16.451613,7.200215,23.1,7.548387,False
2008-04-28,14.8,7.2,16.569785,7.323011,23.2,-1.769785,False
2008-04-29,12.8,6.5,16.683118,7.444409,23.3,-3.883118,False
2008-04-30,13.2,7.9,16.799355,7.532151,23.3,-3.599355,False
2008-05-01,13.1,6.3,16.935376,7.641183,23.31,-3.835376,False
2008-05-02,17.9,5.3,17.072688,7.783548,23.5,0.827312,False
2008-05-03,22.8,9.8,17.192903,7.897097,23.5,5.607097,False
2008-05-04,23.4,10.1,17.302258,7.995269,23.61,6.097742,False
2008-05-05,21.3,11.0,17.421613,8.13086,23.6,3.878387,False
2008-05-06,23.0,9.6,17.53,8.267849,23.61,5.47,False
2008-05-07,24.7,10.2,17.583978,8.377312,23.7,7.116022,False
2008-05-08,25.6,11.3,17.656989,8.459892,23.7,7.943011,False
2008-05-09,23.8,13.0,17.760968,8.590108,23.8,6.039032,False
2008-05-10,25.1,13.9,17.879892,8.714731,24.1,7.220108,True
2008-05-11,24.6,12.0,17.999785,8.806022,24.2,6.600215,True
2008-05-12,24.7,11.4,18.142043,8.904731,24.3,6.557957,True
2008-05-13,25.4,10.8,18.275699,9.007849,24.61,7.124301,True
2008-05-14,24.7,12.5,18.429677,9.096344,24.7,6.270323,False
2008-05-15,19.2,13.7,18.576237,9.216237,24.7,0.623763,False
2008-05-16,20.8,10.8,18.686667,9.325484,24.7,2.113333,False
2008-05-17,18.4,11.2,18.832688,9.405914,24.8,-0.432688,False
2008-05-18,16.7,8.9,18.98871,9.543548,24.9,-2.28871,False
2008-05-19,15.7,9.0,19.098065,9.65914,24.9,-3.398065,False
2008-05-20,17.9,7.4,19.20957,9.780968,24.9,-1.30957,False
2008-05-21,19.2,7.3,19.340538,9.899785,25.0,-0.140538,False
2008-05-22,19.3,11.8,19.457849,10.029032,25.11,-0.157849,False
2008-05-23,21.7,11.1,19.555699,10.152473,25.3,2.144301,False
2008-05-24,21.6,14.7,19.656452,10.234624,25.31,1.943548,False
2008-05-25,20.8,12.2,19.766022,10.300968,25.4,1.033978,False
2008-05-26,19.5,13.7,19.841505,10.382903,25.51,-0.341505,False
2008-05-27,18.1,11.8,19.933333,10.462258,25.7,-1.833333,False
2008-05-28,21.4,14.3,20.014946,10.552151,25.7,1.385054,False
2008-05-29,20.0,13.4,20.098065,10.640215,25.7,-0.098065,False
2008-05-30,22.4,13.9,20.24086,10.741505,25.71,2.15914,False
2008-05-31,19.3,13.0,20.336559,10.893118,25.81,-1.036559,False
2008-06-01,21.0,11.8,20.429355,10.999785,25.81,0.570645,False
2008-06-02,21.1,15.5,20.546237,11.08871,25.91,0.553763,False
2008-06-03,18.2,13.3,20.677097,11.206344,26.1,-2.477097,False
2008-06-04,17.7,12.3,20.822581,11.326129,26.21,-3.122581,False
2008-06-05,19.5,11.6,20.942796,11.438602,26.4,-1.442796,False
2008-06-06,16.7,11.9,21.027634,11.527312,26.41,-4.327634,False
2008-06-07,18.0,10.3,21.127634,11.601828,26.7,-3.127634,False
2008-06-08,20.1,9.6,21.202043,11.69172,26.9,-1.102043,False
2008-06-09,26.7,13.8,21.305376,11.751075,27.0,5.394624,False
2008-06-10,26.4,14.0,21.379677,11.842151,27.1,5.020323,False
2008-06-11,21.3,12.2,21.495376,11.932258,27.2,-0.195376,False
2008-06-12,16.5,9.4,21.602796,12.033118,27.3,-5.102796,False
2008-06-13,17.0,6.9,21.733441,12.136022,27.4,-4.733441,False
2008-06-14,18.4,10.5,21.834516,12.236667,27.5,-3.434516,False
2008-06-15,17.1,9.6,21.926129,12.311613,27.61,-4.826129,False
2008-06-16,19.4,9.9,22.062151,12.416452,28.1,-2.662151,False
2008-06-17,22.3,9.7,22.15086,12.537312,28.12,0.14914,False
2008-06-18,22.0,11.0,22.223871,12.597097,28.51,-0.223871,False
2008-06-19,21.7,13.1,22.335699,12.675914,28.6,-0.635699,False
2008-06-20,22.4,14.4,22.428172,12.774194,28.61,-0.028172,False
2008-06-21,27.6,13.7,22.504194,12.844946,28.7,5.095806,False
2008-06-22,27.3,15.8,22.574409,12.888387,28.71,4.725591,False
2008-06-23,22.1,11.1,22.633333,12.929462,28.8,-0.533333,False
2008-06-24,28.3,13.7,22.706129,12.993978,28.8,5.593871,False
2008-06-25,25.2,15.9,22.772903,13.053011,28.9,2.427097,False
2008-06-26,24.3,12.0,22.852258,13.122581,28.91,1.447742,False
2008-06-27,21.8,12.4,22.920645,13.188172,28.91,-1.120645,False
2008-06-28,25.2,16.5,23.023011,13.255484,29.01,2.176989,False
2008-06-29,24.2,15.8,23.11,13.338172,29.1,1.09,False
2008-06-30,25.5,12.1,23.213226,13.40172,29.4,2.286774,False
2008-07-01,31.1,12.0,23.345914,13.453978,29.4,7.754086,False
2008-07-02,22.3,15.8,23.444194,13.534731,29.5,-1.144194,False
2008-07-03,22.3,11.3,23.538925,13.616559,29.61,-1.238925,False
2008-07-04,23.0,9.0,23.630753,13.692258,29.71,-0.630753,False
2008-07-05,22.2,15.4,23.709032,13.773763,29.8,-1.509032,False
2008-07-06,22.4,11.9,23.797204,13.825484,29.8,-1.397204,False
2008-07-07,19.4,13.2,23.9,13.868817,29.9,-4.5,False
2008-07-08,19.5,13.7,24.007312,13.954301,29.9,-4.507312,False
2008-07-09,24.1,12.4,24.111183,14.031398,29.9,-0.011183,False
2008-07-10,26.6,14.3,24.169247,14.104409,30.0,2.430753,False
2008-07-11,21.8,15.8,24.231183,14.15957,30.0,-2.431183,False
2008-07-12,19.2,13.1,24.265269,14.217527,30.01,-5.065269,False
2008-07-13,19.4,11.0,24.302151,14.260753,30.0,-4.902151,False
2008-07-14,23.9,8.6,24.350215,14.277634,29.9,-0.450215,False
2008-07-15,26.2,10.9,24.384516,14.312258,30.0,1.815484,False
2008-07-16,21.9,15.4,24.453441,14.343118,30.0,-2.553441,False
2008-07-17,22.9,13.2,24.514194,14.354409,30.0,-1.614194,False
2008-07-18,22.0,14.8,24.582473,14.373226,30.01,-2.582473,False
2008-07-19,23.9,14.5,24.637849,14.422366,30.1,-0.737849,False
2008-07-20,21.3,11.5,24.704516,14.45,30.21,-3.404516,False
2008-07-21,20.9,10.4,24.806344,14.46871,30.3,-3.906344,False
2008-07-22,25.4,9.3,24.897312,14.503226,30.4,0.502688,False
2008-07-23,27.3,11.5,24.99086,14.548065,30.5,2.30914,False
2008-07-24,28.7,13.5,25.045591,14.602473,30.51,3.654409,False
2008-07-25,27.6,15.9,25.092581,14.634731,30.6,2.507419,False
2008-07-26,25.4,16.9,25.128495,14.647419,30.6,0.271505,False
2008-07-27,28.6,16.0,25.173978,14.642796,30.7,3.426022,False
2008-07-28,31.0,16.9,25.224731,14.662258,30.81,5.775269,False
2008-07-29,26.1,15.9,25.235376,14.670968,30.9,0.864624,False
2008-07-30,30.0,14.8,25.253226,14.672258,30.81,4.746774,False
2008-07-31,32.6,19.0,25.243441,14.678065,30.7,7.356559,False
2008-08-01,23.1,16.6,25.238065,14.645591,30.61,-2.138065,False
2008-08-02,22.7,14.5,25.218495,14.64,30.61,-2.518495,False
2008-08-03,24.1,17.1,25.202366,14.620968,30.6,-1.102366,False
2008-08-04,24.9,15.5,25.174516,14.594301,30.51,-0.274516,False
2008-08-05,27.7,15.6,25.139462,14.555806,30.5,2.560538,False
2008-08-06,32.1,14.9,25.125914,14.54,30.5,6.974086,False
2008-08-07,23.0,16.6,25.102151,14.533226,30.4,-2.102151,False
2008-08-08,21.9,15.7,25.063763,14.508387,30.41,-3.163763,False
2008-08-09,24.7,13.7,25.004086,14.477204,30.41,-0.304086,False
2008-08-10,21.4,16.0,24.966667,14.451613,30.41,-3.566667,False
2008-08-11,22.8,14.5,24.933441,14.419462,30.41,-2.133441,False
2008-08-12,23.9,15.9,24.863333,14.384194,30.4,-0.963333,False
2008-08-13,22.0,15.0,24.782581,14.321828,30.3,-2.782581,False
2008-08-14,21.0,11.1,24.663763,14.256022,30.3,-3.663763,False
2008-08-15,22.2,11.9,24.586344,14.17043,30.21,-2.386344,False
2008-08-16,23.1,11.5,24.489355,14.101935,30.11,-1.389355,False
2008-08-17,21.7,15.2,24.344946,14.012688,30.0,-2.644946,False
2008-08-18,24.6,14.4,24.227527,13.906774,29.9,0.372473,False
2008-08-19,22.6,15.9,24.130215,13.803333,29.7,-1.530215,False
2008-08-20,21.0,15.2,24.021613,13.728172,29.7,-3.021613,False
2008-08-21,22.9,13.9,23.875054,13.655806,29.5,-0.975054,False
2008-08-22,17.6,13.7,23.727204,13.571613,29.4,-6.127204,False
2008-08-23,20.0,11.5,23.581505,13.477312,29.21,-3.581505,False
2008-08-24,18.3,11.4,23.481398,13.365484,29.01,-5.181398,False
2008-08-25,22.3,14.0,23.399462,13.274624,29.0,-1.099462,False
2008-08-26,22.8,15.0,23.32828,13.209677,29.0,-0.52828,False
2008-08-27,22.8,14.4,23.22043,13.144516,28.9,-0.42043,False
2008-08-28,20.0,15.6,23.091398,13.070215,28.71,-3.091398,False
2008-08-29,21.6,15.2,22.978387,12.98043,28.7,-1.378387,False
2008-08-30,29.5,12.9,22.863333,12.891183,28.7,6.636667,False
2008-08-31,26.0,16.6,22.728172,12.79172,28.6,3.271828,False
2008-09-01,22.3,15.7,22.589785,12.684946,28.5,-0.289785,False
2008-09-02,22.3,12.5,22.452151,12.555054,28.3,-0.152151,False
2008-09-03,16.9,12.0,22.296344,12.429247,28.21,-5.396344,False
2008-09-04,18.7,10.3,22.149032,12.315376,28.11,-3.449032,False
2008-09-05,19.6,13.4,22.034731,12.199462,27.8,-2.434731,False
2008-09-06,20.5,15.0,21.915699,12.065269,27.6,-1.415699,False
2008-09-07,19.1,14.0,21.757312,11.956129,27.3,-2.657312,False
2008-09-08,21.0,11.0,21.62043,11.842473,27.2,-0.62043,False
2008-09-09,24.9,10.4,21.474839,11.735699,26.9,3.425161,False
2008-09-10,24.9,15.7,21.303763,11.608387,26.71,3.596237,False
2008-09-11,26.0,14.2,21.136989,11.472796,26.41,4.863011,False
2008-09-12,18.7,10.7,21.013656,11.338065,26.3,-2.313656,False
2008-09-13,17.9,9.0,20.902903,11.246022,26.2,-3.002903,False
2008-09-14,18.9,9.8,20.814409,11.186667,26.1,-1.914409,False
2008-09-15,16.8,6.5,20.701183,11.113118,26.1,-3.901183,False
2008-09-16,17.3,6.3,20.568817,11.063118,25.91,-3.268817,False
2008-09-17,15.7,7.4,20.457957,11.020645,25.9,-4.757957,False
2008-09-18,16.2,6.6,20.314839,10.952043,25.8,-4.114839,False
2008-09-19,18.7,5.6,20.143656,10.876989,25.6,-1.443656,False
2008-09-20,19.2,6.4,19.958602,10.774839,25.31,-0.758602,False
2008-09-21,17.7,6.3,19.803978,10.674624,25.1,-2.103978,False
2008-09-22,18.2,7.2,19.644516,10.58043,24.9,-1.444516,False
2008-09-23,16.7,7.4,19.49828,10.498387,24.8,-2.79828,False
2008-09-24,18.0,11.1,19.35,10.436022,24.7,-1.35,False
2008-09-25,18.9,11.3,19.185054,10.354946,24.5,-0.285054,False
2008-09-26,18.9,7.9,19.026559,10.284409,24.1,-0.126559,False
2008-09-27,19.9,6.4,18.878172,10.192688,23.7,1.021828,False
2008-09-28,20.3,4.6,18.753333,10.081935,23.7,1.546667,False
2008-09-29,17.6,5.4,18.627419,9.990968,23.7,-1.027419,False
2008-09-30,14.6,8.1,18.475806,9.889355,23.51,-3.875806,False
2008-10-01,17.3,11.6,18.327634,9.786129,23.3,-1.027634,False
2008-10-02,14.2,7.0,18.149677,9.694946,23.11,-3.949677,False
2008-10-03,10.5,5.9,17.984946,9.58086,23.1,-7.484946,False
2008-10-04,14.0,3.2,17.818172,9.491398,23.0,-3.818172,False
2008-10-05,15.4,9.9,17.633441,9.413226,22.8,-2.233441,False
2008-10-06,17.9,13.3,17.453441,9.33,22.6,0.446559,False
2008-10-07,21.4,14.0,17.257419,9.264409,22.4,4.142581,False
2008-10-08,16.1,9.9,17.095591,9.181935,22.21,-0.995591,False
2008-10-09,16.3,6.0,16.909892,9.105054,21.9,-0.609892,False
2008-10-10,18.6,4.5,16.763011,9.038495,21.6,1.836989,False
2008-10-11,20.3,7.2,16.63,8.962796,21.5,3.67,False
2008-10-12,20.2,8.8,16.474731,8.881935,21.4,3.725269,False
2008-10-13,23.9,12.5,16.295591,8.785161,21.2,7.604409,False
2008-10-14,17.3,13.2,16.107204,8.662473,21.1,1.192796,False
2008-10-15,16.2,12.7,15.919247,8.534409,20.9,0.280753,False
2008-10-16,13.7,6.6,15.740753,8.407742,20.6,-2.040753,False
2008-10-17,14.6,3.6,15.565699,8.274086,20.4,-0.965699,False
2008-10-18,14.9,3.8,15.401935,8.144624,20.2,-0.501935,False
2008-10-19,16.2,4.9,15.272473,8.071398,20.01,0.927527,False
2008-10-20,19.8,5.4,15.124731,7.952903,19.9,4.675269,False
2008-10-21,15.1,8.4,14.97957,7.832688,19.8,0.12043,False
2008-10-22,13.4,3.5,14.816774,7.714086,19.61,-1.416774,False
2008-10-23,14.2,1.4,14.655591,7.613978,19.5,-0.455591,False
2008-10-24,12.3,5.0,14.485376,7.494301,19.3,-2.185376,False
2008-10-25,14.1,7.5,14.299462,7.35871,19.2,-0.199462,False
2008-10-26,15.3,7.3,14.103011,7.229892,19.0,1.196989,False
2008-10-27,12.8,5.8,13.913333,7.078172,18.7,-1.113333,False
2008-10-28,9.4,2.1,13.718172,6.957634,18.5,-4.318172,False
2008-10-29,6.4,-0.9,13.52828,6.848065,18.2,-7.12828,False
2008-10-30,5.8,2.5,13.336989,6.734301,18.0,-7.536989,False
2008-10-31,6.9,4.6,13.151183,6.633118,17.9,-6.251183,False
2008-11-01,11.3,6.3,12.946882,6.535054,17.61,-1.646882,False
2008-11-02,11.2,6.8,12.756237,6.433226,17.5,-1.556237,False
2008-11-03,16.7,8.3,12.572043,6.332688,17.4,4.127957,False
2008-11-04,15.8,3.8,12.382796,6.217312,17.2,3.417204,False
2008-11-05,11.1,8.0,12.198387,6.069032,17.1,-1.098387,False
2008-11-06,10.0,7.5,12.006022,5.931935,16.8,-2.006022,False
2008-11-07,11.4,5.5,11.81914,5.79871,16.6,-0.41914,False
2008-11-08,12.4,4.7,11.640968,5.681075,16.4,0.759032,False
2008-11-09,12.5,10.4,11.469462,5.537742,16.31,1.030538,False
2008-11-10,14.7,12.7,11.299892,5.417634,16.2,3.400108,False
2008-11-11,14.1,7.0,11.116022,5.307312,15.9,2.983978,False
2008-11-12,9.9,4.2,10.936774,5.192688,15.7,-1.036774,False
2008-11-13,11.3,3.0,10.768817,5.09086,15.5,0.531183,False
2008-11-14,10.5,4.3,10.613226,4.978602,15.5,-0.113226,False
2008-11-15,11.5,9.3,10.43129,4.863871,15.1,1.06871,False
2008-11-16,12.0,10.5,10.242903,4.78043,14.8,1.757097,False
2008-11-17,10.1,6.3,10.076344,4.677742,14.61,0.023656,False
2008-11-18,11.3,7.3,9.912366,4.582258,14.41,1.387634,False
2008-11-19,11.2,5.1,9.72828,4.446559,14.21,1.47172,False
2008-11-20,12.1,8.5,9.57043,4.348925,14.1,2.52957,False
2008-11-21,11.2,5.4,9.421075,4.254409,13.91,1.778925,False
2008-11-22,6.2,1.0,9.283226,4.150538,13.8,-3.083226,False
2008-11-23,7.1,-1.7,9.15828,4.035161,13.7,-2.05828,False
2008-11-24,6.5,-0.2,9.005806,3.926559,13.6,-2.505806,False
2008-11-25,6.0,-1.6,8.851505,3.8,13.5,-2.851505,False
2008-11-26,6.5,2.0,8.723656,3.690753,13.5,-2.223656,False
2008-11-27,4.5,1.7,8.586237,3.600108,13.4,-4.086237,False
2008-11-28,3.0,0.9,8.456882,3.495699,13.2,-5.456882,False
2008-11-29,5.1,0.8,8.310215,3.371183,13.1,-3.210215,False
2008-11-30,4.8,0.8,8.164301,3.247527,12.91,-3.364301,False
2008-12-01,5.7,3.6,8.06957,3.152366,12.8,-2.36957,False
2008-12-02,6.4,0.6,8.008387,3.062688,12.8,-1.608387,False
2008-12-03,7.2,-1.4,7.954409,3.026452,12.7,-0.754409,False
2008-12-04,10.0,-1.4,7.920645,2.998495,12.61,2.079355,False
2008-12-05,8.0,5.7,7.876452,2.963548,12.6,0.123548,False
2008-12-06,8.2,2.8,7.843226,2.947634,12.6,0.356774,False
2008-12-07,4.8,0.1,7.816237,2.966667,12.6,-3.016237,False
2008-12-08,2.3,-0.9,7.782366,2.971828,12.51,-5.482366,False
2008-12-09,2.5,-1.4,7.736667,2.953441,12.5,-5.236667,False
2008-12-10,3.7,-0.4,7.665484,2.918065,12.4,-3.965484,False
2008-12-11,3.9,-2.0,7.566237,2.812796,12.3,-3.666237,False
2008-12-12,0.2,-2.6,7.476559,2.733763,12.3,-7.276559,False
2008-12-13,3.4,-2.6,7.369355,2.642581,12.21,-3.969355,False
2008-12-14,4.3,2.2,7.29086,2.527849,12.2,-2.99086,False
2008-12-15,3.1,0.6,7.245161,2.492581,12.11,-4.145161,False
2008-12-16,0.9,-0.8,7.203656,2.466882,12.1,-6.303656,False
2008-12-17,6.4,-0.9,7.145269,2.414624,12.01,-0.745269,False
2008-12-18,8.0,0.3,7.100215,2.372043,12.0,0.899785,False
2008-12-19,9.4,5.0,7.056022,2.313226,12.01,2.343978,False
2008-12-20,11.1,5.1,7.005376,2.260645,12.0,4.094624,False
2008-12-21,10.3,8.8,6.970753,2.22957,12.0,3.329247,False
2008-12-22,9.6,8.5,6.947527,2.212903,12.0,2.652473,False
2008-12-23,9.0,2.3,6.923226,2.220108,12.0,2.076774,False
2008-12-24,5.4,2.0,6.916129,2.240215,12.0,-1.516129,False
2008-12-25,6.8,3.5,6.95129,2.25828,12.1,-0.15129,False
2008-12-26,3.2,-0.5,6.977419,2.290753,12.1,-3.777419,False
2008-12-27,1.3,-2.4,6.982903,2.3,12.0,-5.682903,False
2008-12-28,0.4,-3.8,6.98172,2.297634,12.0,-6.58172,False
2008-12-29,1.7,-5.6,7.001613,2.315376,12.1,-5.301613,False
2008-12-30,1.1,-2.7,7.022796,2.333978,12.1,-5.922796,False
2008-12-31,1.4,-0.7,7.052903,2.354194,12.1,-5.652903,False
2009-01-01,1.1,-2.2,7.055161,2.352581,12.11,-5.955161,False
2009-01-02,0.9,-3.1,7.037742,2.345914,12.1,-6.137742,False
2009-01-03,1.1,-4.8,7.003763,2.30871,12.1,-5.903763,False
2009-01-04,-0.5,-8.1,6.961183,2.287312,12.1,-7.461183,False
2009-01-05,0.1,-2.9,6.928065,2.273226,12.1,-6.828065,False
2009-01-06,-1.9,-10.2,6.896344,2.22914,12.01,-8.796344,False
2009-01-07,-0.3,-11.8,6.845376,2.169677,12.0,-7.145376,False
2009-01-08,0.1,-6.8,6.791828,2.116237,11.9,-6.691828,False
2009-01-09,-2.4,-10.1,6.744409,2.053548,11.8,-9.144409,False
2009-01-10,-0.4,-11.0,6.723548,1.996559,11.8,-7.123548,False
2009-01-11,3.8,-9.8,6.705376,1.980753,11.8,-2.905376,False
2009-01-12,4.6,-2.5,6.706882,1.967097,11.8,-2.106882,False
2009-01-13,4.8,2.7,6.735806,1.980108,11.8,-1.935806,False
2009-01-14,4.5,0.7,6.731828,2.012473,11.8,-2.231828,False
2009-01-15,4.7,0.2,6.702473,1.963011,11.8,-2.002473,False
2009-01-16,4.9,-0.7,6.692258,1.921398,11.8,-1.792258,False
2009-01-17,8.3,4.6,6.713978,1.919677,11.8,1.586022,False
2009-01-18,8.0,4.5,6.707312,1.896882,11.8,1.292688,False
2009-01-19,11.4,4.0,6.710645,1.88086,11.8,4.689355,False
2009-01-20,5.7,1.5,6.727742,1.89828,11.8,-1.027742,False
2009-01-21,3.6,0.6,6.756989,1.903333,11.8,-3.156989,False
2009-01-22,7.9,2.5,6.780108,1.892473,11.8,1.119892,False
2009-01-23,11.4,3.1,6.785376,1.837849,11.8,4.614624,False
2009-01-24,5.9,0.9,6.784409,1.797419,11.8,-0.884409,False
2009-01-25,6.9,0.8,6.764301,1.731183,11.8,0.135699,False
2009-01-26,5.4,2.9,6.763226,1.680645,11.8,-1.363226,False
2009-01-27,5.5,1.7,6.776667,1.662688,11.8,-1.276667,False
2009-01-28,3.7,-0.8,6.797742,1.637204,11.81,-3.097742,False
2009-01-29,2.2,-2.7,6.78172,1.586882,11.8,-4.58172,False
2009-01-30,4.2,-2.5,6.797419,1.555806,11.9,-2.597419,False
2009-01-31,4.1,-2.2,6.843656,1.55086,12.01,-2.743656,False
2009-02-01,1.7,-3.2,6.875699,1.543548,12.1,-5.175699,False
2009-02-02,4.5,-1.7,6.905699,1.543118,12.1,-2.405699,False
2009-02-03,2.5,-4.1,6.963871,1.522258,12.1,-4.463871,False
2009-02-04,2.7,-4.3,7.006667,1.487312,12.01,-4.306667,False
2009-02-05,10.0,3.2,7.066989,1.484839,12.1,2.933011,False
2009-02-06,10.4,3.0,7.10086,1.480108,12.1,3.29914,False
2009-02-07,2.4,-0.6,7.163656,1.468065,12.2,-4.763656,False
2009-02-08,5.2,-0.4,7.236022,1.485054,12.3,-2.036022,False
2009-02-09,10.9,1.2,7.334301,1.514624,12.41,3.565699,False
2009-02-10,11.0,1.9,7.429247,1.58172,12.5,3.570753,False
2009-02-11,6.2,-1.1,7.533763,1.634624,12.5,-1.333763,False
2009-02-12,4.9,0.6,7.62828,1.646022,12.6,-2.72828,False
2009-02-13,3.1,0.4,7.707634,1.679247,12.7,-4.607634,False
2009-02-14,3.9,-2.4,7.798172,1.724301,12.7,-3.898172,False
2009-02-15,5.1,-2.9,7.898817,1.787204,12.71,-2.798817,False
2009-02-16,8.7,1.8,8.004409,1.824409,12.8,0.695591,False
2009-02-17,9.8,5.5,8.091828,1.841505,12.81,1.708172,False
2009-02-18,7.8,1.7,8.190215,1.883333,12.9,-0.390215,False
2009-02-19,6.8,-1.5,8.284946,1.938495,12.91,-1.484946,False
2009-02-20,8.9,2.8,8.400645,1.971828,13.01,0.499355,False
2009-02-21,9.1,3.6,8.535914,2.007957,13.3,0.564086,False
2009-02-22,8.4,4.5,8.671828,2.083871,13.5,-0.271828,False
2009-02-23,8.0,5.8,8.824946,2.174624,13.7,-0.824946,False
2009-02-24,7.2,3.7,8.987742,2.239355,14.0,-1.787742,False
2009-02-25,9.7,-0.5,9.132581,2.320538,14.21,0.567419,False
2009-02-26,8.6,-0.5,9.271935,2.396129,14.5,-0.671935,False
2009-02-27,10.6,2.7,9.414946,2.456559,14.6,1.185054,False
2009-02-28,14.4,2.6,9.593333,2.553118,14.7,4.806667,False
2009-03-01,12.1,3.8,9.807527,2.66129,14.9,2.292473,False
2009-03-02,11.0,2.2,9.97172,2.782151,15.0,1.02828,False
2009-03-03,10.7,-1.1,10.097419,2.878602,15.2,0.602581,False
2009-03-04,7.5,0.6,10.209247,2.969892,15.3,-2.709247,False
2009-03-05,6.0,-1.5,10.352903,3.037312,15.4,-4.352903,False
2009-03-06,9.2,-0.6,10.462366,3.131505,15.4,-1.262366,False
2009-03-07,10.9,-0.8,10.592151,3.216129,15.5,0.307849,False
2009-03-08,10.3,4.6,10.720645,3.25871,15.71,-0.420645,False
2009-03-09,9.6,3.3,10.873871,3.353548,15.9,-1.273871,False
2009-03-10,11.8,5.4,10.997527,3.437957,16.01,0.802473,False
2009-03-11,11.9,2.5,11.117312,3.483441,16.1,0.782688,False
2009-03-12,12.6,5.1,11.214731,3.523548,16.4,1.385269,False
2009-03-13,13.2,6.8,11.341935,3.553763,16.4,1.858065,False
2009-03-14,12.6,4.8,11.483656,3.61172,16.6,1.116344,False
2009-03-15,14.6,3.2,11.615914,3.719462,16.7,2.984086,False
2009-03-16,14.7,2.3,11.770215,3.798387,16.9,2.929785,False
2009-03-17,15.8,2.3,11.958495,3.857419,17.01,3.841505,False
2009-03-18,16.9,4.5,12.135484,3.941935,17.3,4.764516,False
2009-03-19,15.9,1.1,12.272903,4.052258,17.51,3.627097,False
2009-03-20,11.7,1.8,12.382903,4.135591,17.6,-0.682903,False
2009-03-21,12.2,-2.7,12.496022,4.197419,17.71,-0.296022,False
2009-03-22,10.1,0.4,12.632796,4.253978,17.9,-2.532796,False
2009-03-23,14.6,3.4,12.739032,4.322366,18.0,1.860968,False
2009-03-24,9.0,2.9,12.80914,4.356559,18.01,-3.80914,False
2009-03-25,11.0,3.5,12.904409,4.375914,18.2,-1.904409,False
2009-03-26,10.6,6.1,13.008925,4.415699,18.5,-2.408925,False
2009-03-27,10.7,5.9,13.093011,4.455054,18.6,-2.393011,False
2009-03-28,9.9,3.4,13.18129,4.505591,18.71,-3.28129,False
2009-03-29,9.5,0.6,13.244946,4.558602,18.81,-3.744946,False
2009-03-30,11.1,-0.5,13.315914,4.612473,19.0,-2.215914,False
2009-03-31,14.4,1.6,13.358925,4.642043,19.0,1.041075,False
2009-04-01,16.1,4.0,13.386022,4.653763,19.01,2.713978,False
2009-04-02,17.8,5.7,13.460645,4.670215,19.3,4.339355,False
2009-04-03,16.6,8.7,13.544731,4.709462,19.5,3.055269,False
2009-04-04,13.6,7.4,13.648495,4.731075,19.6,-0.048495,False
2009-04-05,15.4,7.6,13.773118,4.790215,19.8,1.626882,False
2009-04-06,20.7,6.9,13.961183,4.864731,20.0,6.738817,False
2009-04-07,15.0,8.8,14.142366,4.965484,20.3,0.857634,False
2009-04-08,12.9,6.5,14.286989,5.063226,20.4,-1.386989,False
2009-04-09,20.5,11.0,14.443441,5.133763,20.5,6.056559,False
2009-04-10,19.7,11.3,14.59,5.246129,20.6,5.11,False
2009-04-11,18.9,9.8,14.709462,5.367742,20.6,4.190538,False
2009-04-12,18.4,11.1,14.827097,5.487742,20.7,3.572903,False
2009-04-13,17.7,9.2,14.918817,5.614409,20.81,2.781183,False
2009-04-14,19.9,11.0,15.01043,5.713011,21.11,4.88957,False
2009-04-15,20.3,10.7,15.116129,5.794516,21.2,5.183871,False
2009-04-16,14.1,8.9,15.20871,5.90043,21.31,-1.10871,False
2009-04-17,15.4,6.7,15.274731,5.998387,21.6,0.125269,False
2009-04-18,11.1,7.5,15.348387,6.085376,21.82,-4.248387,False
2009-04-19,15.5,8.8,15.444624,6.137957,22.01,0.055376,False
2009-04-20,19.3,7.6,15.574839,6.232473,22.2,3.725161,False
2009-04-21,19.4,7.5,15.71129,6.343871,22.6,3.68871,False
2009-04-22,19.0,5.6,15.854194,6.464409,22.71,3.145806,False
2009-04-23,18.0,4.7,15.991828,6.597742,22.81,2.008172,False
2009-04-24,18.4,5.1,16.122151,6.772581,22.91,2.277849,False
2009-04-25,13.9,7.9,16.255806,6.926129,23.1,-2.355806,False
2009-04-26,14.1,8.0,16.359677,7.070323,23.1,-2.259677,False
2009-04-27,14.9,6.7,16.451613,7.200215,23.1,-1.551613,False
2009-04-28,12.6,5.0,16.569785,7.323011,23.2,-3.969785,False
2009-04-29,14.3,6.4,16.683118,7.444409,23.3,-2.383118,False
2009-04-30,17.7,4.2,16.799355,7.532151,23.3,0.900645,False
2009-05-01,19.7,6.4,16.935376,7.641183,23.31,2.764624,False
2009-05-02,17.2,5.2,17.072688,7.783548,23.5,0.127312,False
2009-05-03,13.9,7.0,17.192903,7.897097,23.5,-3.292903,False
2009-05-04,15.5,4.5,17.302258,7.995269,23.61,-1.802258,False
2009-05-05,16.1,7.4,17.421613,8.13086,23.6,-1.321613,False
2009-05-06,17.6,9.9,17.53,8.267849,23.61,0.07,False
2009-05-07,23.1,6.1,17.583978,8.377312,23.7,5.516022,False
2009-05-08,16.8,10.1,17.656989,8.459892,23.7,-0.856989,False
2009-05-09,16.0,8.2,17.760968,8.590108,23.8,-1.760968,False
2009-05-10,19.5,8.8,17.879892,8.714731,24.1,1.620108,False
2009-05-11,17.1,12.8,17.999785,8.806022,24.2,-0.899785,False
2009-05-12,18.7,11.5,18.142043,8.904731,24.3,0.557957,False
2009-05-13,21.0,12.3,18.275699,9.007849,24.61,2.724301,False
2009-05-14,18.0,12.8,18.429677,9.096344,24.7,-0.429677,False
2009-05-15,14.8,9.1,18.576237,9.216237,24.7,-3.776237,False
2009-05-16,16.8,8.9,18.686667,9.325484,24.7,-1.886667,False
2009-05-17,16.0,9.7,18.832688,9.405914,24.8,-2.832688,False
2009-05-18,18.1,7.9,18.98871,9.543548,24.9,-0.88871,False
2009-05-19,19.0,7.2,19.098065,9.65914,24.9,-0.098065,False
2009-05-20,22.2,7.0,19.20957,9.780968,24.9,2.99043,False
2009-05-21,22.0,12.7,19.340538,9.899785,25.0,2.659462,False
2009-05-22,20.2,9.2,19.457849,10.029032,25.11,0.742151,False
2009-05-23,22.1,8.6,19.555699,10.152473,25.3,2.544301,False
2009-05-24,28.0,13.0,19.656452,10.234624,25.31,8.343548,False
2009-05-25,28.9,17.0,19.766022,10.300968,25.4,9.133978,False
2009-05-26,17.1,8.9,19.841505,10.382903,25.51,-2.741505,False
2009-05-27,15.8,6.6,19.933333,10.462258,25.7,-4.133333,False
2009-05-28,17.9,13.1,20.014946,10.552151,25.7,-2.114946,False
2009-05-29,22.0,12.0,20.098065,10.640215,25.7,1.901935,False
2009-05-30,22.7,9.8,20.24086,10.741505,25.71,2.45914,False
2009-05-31,21.9,11.0,20.336559,10.893118,25.81,1.563441,False
2009-06-01,24.8,12.2,20.429355,10.999785,25.81,4.370645,False
2009-06-02,23.6,13.9,20.546237,11.08871,25.91,3.053763,False
2009-06-03,22.6,11.1,20.677097,11.206344,26.1,1.922903,False
2009-06-04,18.2,9.8,20.822581,11.326129,26.21,-2.622581,False
2009-06-05,18.8,6.7,20.942796,11.438602,26.4,-2.142796,False
2009-06-06,14.0,10.1,21.027634,11.527312,26.41,-7.027634,False
2009-06-07,16.5,10.4,21.127634,11.601828,26.7,-4.627634,False
2009-06-08,15.0,8.0,21.202043,11.69172,26.9,-6.202043,False
2009-06-09,18.1,10.9,21.305376,11.751075,27.0,-3.205376,False
2009-06-10,16.0,11.5,21.379677,11.842151,27.1,-5.379677,False
2009-06-11,20.1,11.1,21.495376,11.932258,27.2,-1.395376,False
2009-06-12,21.7,10.8,21.602796,12.033118,27.3,0.097204,False
2009-06-13,25.5,12.8,21.733441,12.136022,27.4,3.766559,False
2009-06-14,26.2,14.6,21.834516,12.236667,27.5,4.365484,False
2009-06-15,18.1,14.2,21.926129,12.311613,27.61,-3.826129,False
2009-06-16,21.3,10.6,22.062151,12.416452,28.1,-0.762151,False
2009-06-17,24.8,9.9,22.15086,12.537312,28.12,2.64914,False
2009-06-18,20.7,13.8,22.223871,12.597097,28.51,-1.523871,False
2009-06-19,19.6,10.5,22.335699,12.675914,28.6,-2.735699,False
2009-06-20,17.2,8.6,22.428172,12.774194,28.61,-5.228172,False
2009-06-21,19.8,9.0,22.504194,12.844946,28.7,-2.704194,False
2009-06-22,19.5,11.4,22.574409,12.888387,28.71,-3.074409,False
2009-06-23,22.3,8.7,22.633333,12.929462,28.8,-0.333333,False
2009-06-24,24.9,13.4,22.706129,12.993978,28.8,2.193871,False
2009-06-25,26.3,14.5,22.772903,13.053011,28.9,3.527097,False
2009-06-26,22.6,15.5,22.852258,13.122581,28.91,-0.252258,False
2009-06-27,25.0,13.1,22.920645,13.188172,28.91,2.079355,False
2009-06-28,26.9,13.9,23.023011,13.255484,29.01,3.876989,False
2009-06-29,29.5,15.7,23.11,13.338172,29.1,6.39,True
2009-06-30,29.9,16.4,23.213226,13.40172,29.4,6.686774,True
2009-07-01,29.7,16.8,23.345914,13.453978,29.4,6.354086,True
2009-07-02,31.5,17.0,23.444194,13.534731,29.5,8.055806,True
2009-07-03,26.6,18.2,23.538925,13.616559,29.61,3.061075,False
2009-07-04,27.6,14.1,23.630753,13.692258,29.71,3.969247,False
2009-07-05,26.5,17.9,23.709032,13.773763,29.8,2.790968,False
2009-07-06,22.9,15.9,23.797204,13.825484,29.8,-0.897204,False
2009-07-07,20.4,14.3,23.9,13.868817,29.9,-3.5,False
2009-07-08,21.0,13.8,24.007312,13.954301,29.9,-3.007312,False
2009-07-09,19.9,12.2,24.111183,14.031398,29.9,-4.211183,False
2009-07-10,19.8,11.7,24.169247,14.104409,30.0,-4.369247,False
2009-07-11,21.8,14.1,24.231183,14.15957,30.0,-2.431183,False
2009-07-12,24.7,16.4,24.265269,14.217527,30.01,0.434731,False
2009-07-13,24.5,13.8,24.302151,14.260753,30.0,0.197849,False
2009-07-14,25.1,15.2,24.350215,14.277634,29.9,0.749785,False
2009-07-15,25.2,14.4,24.384516,14.312258,30.0,0.815484,False
2009-07-16,30.9,14.3,24.453441,14.343118,30.0,6.446559,False
2009-07-17,20.5,13.8,24.514194,14.354409,30.0,-4.014194,False
2009-07-18,21.8,13.3,24.582473,14.373226,30.01,-2.782473,False
2009-07-19,21.3,14.8,24.637849,14.422366,30.1,-3.337849,False
2009-07-20,24.6,13.7,24.704516,14.45,30.21,-0.104516,False
2009-07-21,31.3,16.9,24.806344,14.46871,30.3,6.493656,False
2009-07-22,27.6,16.9,24.897312,14.503226,30.4,2.702688,False
2009-07-23,22.8,15.8,24.99086,14.548065,30.5,-2.19086,False
2009-07-24,22.0,14.6,25.045591,14.602473,30.51,-3.045591,False
2009-07-25,22.8,12.4,25.092581,14.634731,30.6,-2.292581,False
2009-07-26,26.3,11.2,25.128495,14.647419,30.6,1.171505,False
2009-07-27,22.0,12.9,25.173978,14.642796,30.7,-3.173978,False
2009-07-28,25.2,13.1,25.224731,14.662258,30.81,-0.024731,False
2009-07-29,27.8,11.5,25.235376,14.670968,30.9,2.564624,False
2009-07-30,22.9,13.7,25.253226,14.672258,30.81,-2.353226,False
2009-07-31,25.1,12.9,25.243441,14.678065,30.7,-0.143441,False
2009-08-01,27.4,15.2,25.238065,14.645591,30.61,2.161935,False
2009-08-02,20.9,15.0,25.218495,14.64,30.61,-4.318495,False
2009-08-03,23.8,13.1,25.202366,14.620968,30.6,-1.402366,False
2009-08-04,27.1,11.4,25.174516,14.594301,30.51,1.925484,False
2009-08-05,29.3,15.7,25.139462,14.555806,30.5,4.160538,False
2009-08-06,30.9,14.4,25.125914,14.54,30.5,5.774086,False
2009-08-07,23.8,17.7,25.102151,14.533226,30.4,-1.302151,False
2009-08-08,23.7,15.9,25.063763,14.508387,30.41,-1.363763,False
2009-08-09,26.2,16.4,25.004086,14.477204,30.41,1.195914,False
2009-08-10,27.1,15.4,24.966667,14.451613,30.41,2.133333,False
2009-08-11,23.8,16.2,24.933441,14.419462,30.41,-1.133441,False
2009-08-12,28.9,12.4,24.863333,14.384194,30.4,4.036667,False
2009-08-13,23.9,17.1,24.782581,14.321828,30.3,-0.882581,False
2009-08-14,27.0,15.7,24.663763,14.256022,30.3,2.336237,False
2009-08-15,32.8,13.8,24.586344,14.17043,30.21,8.213656,False
2009-08-16,30.8,16.3,24.489355,14.101935,30.11,6.310645,False
2009-08-17,26.2,15.1,24.344946,14.012688,30.0,1.855054,False
2009-08-18,29.0,10.7,24.227527,13.906774,29.9,4.772473,False
2009-08-19,35.8,15.3,24.130215,13.803333,29.7,11.669785,False
2009-08-20,30.8,18.8,24.021613,13.728172,29.7,6.778387,False
2009-08-21,24.7,16.2,23.875054,13.655806,29.5,0.824946,False
2009-08-22,26.2,12.5,23.727204,13.571613,29.4,2.472796,False
2009-08-23,29.0,12.8,23.581505,13.477312,29.21,5.418495,False
2009-08-24,27.1,12.6,23.481398,13.365484,29.01,3.618602,False
2009-08-25,22.8,15.0,23.399462,13.274624,29.0,-0.599462,False
2009-08-26,27.3,12.5,23.32828,13.209677,29.0,3.97172,False
2009-08-27,25.4,14.9,23.22043,13.144516,28.9,2.17957,False
2009-08-28,23.0,13.7,23.091398,13.070215,28.71,-0.091398,False
2009-08-29,22.3,10.7,22.978387,12.98043,28.7,-0.678387,False
2009-08-30,24.1,8.7,22.863333,12.891183,28.7,1.236667,False
2009-08-31,29.9,11.8,22.728172,12.79172,28.6,7.171828,False
2009-09-01,22.6,15.2,22.589785,12.684946,28.5,0.010215,False
2009-09-02,21.9,12.8,22.452151,12.555054,28.3,-0.552151,False
2009-09-03,19.4,13.6,22.296344,12.429247,28.21,-2.896344,False
2009-09-04,16.7,11.3,22.149032,12.315376,28.11,-5.449032,False
2009-09-05,18.4,9.7,22.034731,12.199462,27.8,-3.634731,False
2009-09-06,21.7,7.8,21.915699,12.065269,27.6,-0.215699,False
2009-09-07,26.7,9.6,21.757312,11.956129,27.3,4.942688,False
2009-09-08,29.5,10.7,21.62043,11.842473,27.2,7.87957,False
2009-09-09,24.8,14.1,21.474839,11.735699,26.9,3.325161,False
2009-09-10,21.8,14.9,21.303763,11.608387,26.71,0.496237,False
2009-09-11,20.4,13.3,21.136989,11.472796,26.41,-0.736989,False
2009-09-12,20.8,12.1,21.013656,11.338065,26.3,-0.213656,False
2009-09-13,18.8,10.3,20.902903,11.246022,26.2,-2.102903,False
2009-09-14,18.4,11.4,20.814409,11.186667,26.1,-2.414409,False
2009-09-15,16.5,11.1,20.701183,11.113118,26.1,-4.201183,False
2009-09-16,19.5,11.6,20.568817,11.063118,25.91,-1.068817,False
2009-09-17,17.9,14.9,20.457957,11.020645,25.9,-2.557957,False
2009-09-18,22.7,15.2,20.314839,10.952043,25.8,2.385161,False
2009-09-19,23.3,14.1,20.143656,10.876989,25.6,3.156344,False
2009-09-20,22.7,13.8,19.958602,10.774839,25.31,2.741398,False
2009-09-21,21.9,13.1,19.803978,10.674624,25.1,2.096022,False
2009-09-22,23.2,9.8,19.644516,10.58043,24.9,3.555484,False
2009-09-23,22.2,8.9,19.49828,10.498387,24.8,2.70172,False
2009-09-24,20.2,11.0,19.35,10.436022,24.7,0.85,False
2009-09-25,20.9,7.9,19.185054,10.354946,24.5,1.714946,False
2009-09-26,21.4,7.6,19.026559,10.284409,24.1,2.373441,False
2009-09-27,23.0,7.6,18.878172,10.192688,23.7,4.121828,False
2009-09-28,21.8,8.1,18.753333,10.081935,23.7,3.046667,False
2009-09-29,21.3,10.2,18.627419,9.990968,23.7,2.672581,False
2009-09-30,20.9,11.2,18.475806,9.889355,23.51,2.424194,False
2009-10-01,19.5,10.2,18.327634,9.786129,23.3,1.172366,False
2009-10-02,16.8,5.4,18.149677,9.694946,23.11,-1.349677,False
2009-10-03,17.5,5.5,17.984946,9.58086,23.1,-0.484946,False
2009-10-04,18.4,12.3,17.818172,9.491398,23.0,0.581828,False
2009-10-05,20.3,12.0,17.633441,9.413226,22.8,2.666559,False
2009-10-06,22.8,15.2,17.453441,9.33,22.6,5.346559,False
2009-10-07,23.8,15.8,17.257419,9.264409,22.4,6.542581,False
2009-10-08,20.6,14.4,17.095591,9.181935,22.21,3.504409,False
2009-10-09,18.4,13.5,16.909892,9.105054,21.9,1.490108,False
2009-10-10,19.0,10.1,16.763011,9.038495,21.6,2.236989,False
2009-10-11,16.9,9.6,16.63,8.962796,21.5,0.27,False
2009-10-12,15.6,8.6,16.474731,8.881935,21.4,-0.874731,False
2009-10-13,14.8,5.7,16.295591,8.785161,21.2,-1.495591,False
2009-10-14,12.5,3.0,16.107204,8.662473,21.1,-3.607204,False
2009-10-15,10.8,0.0,15.919247,8.534409,20.9,-5.119247,False
2009-10-16,13.4,2.6,15.740753,8.407742,20.6,-2.340753,False
2009-10-17,12.2,5.8,15.565699,8.274086,20.4,-3.365699,False
2009-10-18,12.6,2.1,15.401935,8.144624,20.2,-2.801935,False
2009-10-19,11.4,0.1,15.272473,8.071398,20.01,-3.872473,False
2009-10-20,15.8,3.2,15.124731,7.952903,19.9,0.675269,False
2009-10-21,13.3,9.6,14.97957,7.832688,19.8,-1.67957,False
2009-10-22,15.4,8.4,14.816774,7.714086,19.61,0.583226,False
2009-10-23,14.5,9.0,14.655591,7.613978,19.5,-0.155591,False
2009-10-24,17.5,11.4,14.485376,7.494301,19.3,3.014624,False
2009-10-25,16.0,8.4,14.299462,7.35871,19.2,1.700538,False
2009-10-26,16.4,5.9,14.103011,7.229892,19.0,2.296989,False
2009-10-27,16.6,3.3,13.913333,7.078172,18.7,2.686667,False
2009-10-28,16.9,4.3,13.718172,6.957634,18.5,3.181828,False
2009-10-29,15.4,6.3,13.52828,6.848065,18.2,1.87172,False
2009-10-30,10.5,6.4,13.336989,6.734301,18.0,-2.836989,False
2009-10-31,15.5,5.8,13.151183,6.633118,17.9,2.348817,False
2009-11-01,17.0,11.3,12.946882,6.535054,17.61,4.053118,False
2009-11-02,11.0,6.4,12.756237,6.433226,17.5,-1.756237,False
2009-11-03,12.8,6.2,12.572043,6.332688,17.4,0.227957,False
2009-11-04,11.5,7.4,12.382796,6.217312,17.2,-0.882796,False
2009-11-05,11.4,6.7,12.198387,6.069032,17.1,-0.798387,False
2009-11-06,11.5,4.7,12.006022,5.931935,16.8,-0.506022,False
2009-11-07,10.0,4.5,11.81914,5.79871,16.6,-1.81914,False
2009-11-08,8.4,4.5,11.640968,5.681075,16.4,-3.240968,False
2009-11-09,9.8,2.8,11.469462,5.537742,16.31,-1.669462,False
2009-11-10,8.9,3.0,11.299892,5.417634,16.2,-2.399892,False
2009-11-11,8.9,4.2,11.116022,5.307312,15.9,-2.216022,False
2009-11-12,13.4,6.3,10.936774,5.192688,15.7,2.463226,False
2009-11-13,18.0,12.3,10.768817,5.09086,15.5,7.231183,False
2009-11-14,14.9,11.4,10.613226,4.978602,15.5,4.286774,False
2009-11-15,14.2,10.4,10.43129,4.863871,15.1,3.76871,False
2009-11-16,15.8,10.1,10.242903,4.78043,14.8,5.557097,False
2009-11-17,12.4,9.3,10.076344,4.677742,14.61,2.323656,False
2009-11-18,13.3,8.8,9.912366,4.582258,14.41,3.387634,False
2009-11-19,14.7,5.3,9.72828,4.446559,14.21,4.97172,False
2009-11-20,16.3,8.8,9.57043,4.348925,14.1,6.72957,False
2009-11-21,16.4,11.2,9.421075,4.254409,13.91,6.978925,False
2009-11-22,14.3,8.7,9.283226,4.150538,13.8,5.016774,False
2009-11-23,13.6,8.8,9.15828,4.035161,13.7,4.44172,False
2009-11-24,14.5,11.4,9.005806,3.926559,13.6,5.494194,False
2009-11-25,11.5,7.9,8.851505,3.8,13.5,2.648495,False
2009-11-26,11.6,7.1,8.723656,3.690753,13.5,2.876344,False
2009-11-27,10.7,6.8,8.586237,3.600108,13.4,2.113763,False
2009-11-28,10.7,6.7,8.456882,3.495699,13.2,2.243118,False
2009-11-29,10.3,5.2,8.310215,3.371183,13.1,1.989785,False
2009-11-30,7.9,4.5,8.164301,3.247527,12.91,-0.264301,False
2009-12-01,7.9,4.3,8.06957,3.152366,12.8,-0.16957,False
2009-12-02,10.0,4.5,8.008387,3.062688,12.8,1.991613,False
2009-12-03,10.6,4.0,7.954409,3.026452,12.7,2.645591,False
2009-12-04,8.2,1.9,7.920645,2.998495,12.61,0.279355,False
2009-12-05,12.5,5.5,7.876452,2.963548,12.6,4.623548,False
2009-12-06,13.2,6.2,7.843226,2.947634,12.6,5.356774,False
2009-12-07,10.0,4.5,7.816237,2.966667,12.6,2.183763,False
2009-12-08,8.6,4.3,7.782366,2.971828,12.51,0.817634,False
2009-12-09,12.8,8.0,7.736667,2.953441,12.5,5.063333,False
2009-12-10,12.3,3.7,7.665484,2.918065,12.4,4.634516,False
2009-12-11,8.9,0.4,7.566237,2.812796,12.3,1.333763,False
2009-12-12,4.7,1.6,7.476559,2.733763,12.3,-2.776559,False
2009-12-13,2.6,-1.0,7.369355,2.642581,12.21,-4.769355,False
2009-12-14,0.6,-1.9,7.29086,2.527849,12.2,-6.69086,False
2009-12-15,-0.4,-4.4,7.245161,2.492581,12.11,-7.645161,False
2009-12-16,0.5,-5.2,7.203656,2.466882,12.1,-6.703656,False
2009-12-17,0.8,-5.0,7.145269,2.414624,12.01,-6.345269,False
2009-12-18,0.7,-7.1,7.100215,2.372043,12.0,-6.400215,False
2009-12-19,-2.3,-6.8,7.056022,2.313226,12.01,-9.356022,False
2009-12-20,1.9,-4.8,7.005376,2.260645,12.0,-5.105376,False
2009-12-21,2.3,-3.7,6.970753,2.22957,12.0,-4.670753,False
2009-12-22,3.7,1.5,6.947527,2.212903,12.0,-3.247527,False
2009-12-23,4.0,0.7,6.923226,2.220108,12.0,-2.923226,False
2009-12-24,5.5,0.8,6.916129,2.240215,12.0,-1.416129,False
2009-12-25,7.4,1.6,6.95129,2.25828,12.1,0.44871,False
2009-12-26,6.2,-0.7,6.977419,2.290753,12.1,-0.777419,False
2009-12-27,8.2,1.0,6.982903,2.3,12.0,1.217097,False
2009-12-28,5.8,0.7,6.98172,2.297634,12.0,-1.18172,False
2009-12-29,12.6,3.2,7.001613,2.315376,12.1,5.598387,False
2009-12-30,10.9,8.2,7.022796,2.333978,12.1,3.877204,False
2009-12-31,7.9,1.1,7.052903,2.354194,12.1,0.847097,False
2010-01-01,0.9,-2.2,7.055161,2.352581,12.11,-6.155161,False
2010-01-02,3.3,-3.6,7.037742,2.345914,12.1,-3.737742,False
2010-01-03,2.7,-3.9,7.003763,2.30871,12.1,-4.303763,False
2010-01-04,-2.3,-7.1,6.961183,2.287312,12.1,-9.261183,False
2010-01-05,-0.6,-6.7,6.928065,2.273226,12.1,-7.528065,False
2010-01-06,-2.2,-5.3,6.896344,2.22914,12.01,-9.096344,False
2010-01-07,-2.9,-8.7,6.845376,2.169677,12.0,-9.745376,False
2010-01-08,-3.0,-11.8,6.791828,2.116237,11.9,-9.791828,False
2010-01-09,-1.2,-4.4,6.744409,2.053548,11.8,-7.944409,False
2010-01-10,-0.3,-1.6,6.723548,1.996559,11.8,-7.023548,False
2010-01-11,0.1,-1.0,6.705376,1.980753,11.8,-6.605376,False
2010-01-12,-0.5,-2.2,6.706882,1.967097,11.8,-7.206882,False
2010-01-13,4.4,-2.4,6.735806,1.980108,11.8,-2.335806,False
2010-01-14,4.6,0.2,6.731828,2.012473,11.8,-2.131828,False
2010-01-15,3.6,0.1,6.702473,1.963011,11.8,-3.102473,False
2010-01-16,8.3,2.2,6.692258,1.921398,11.8,1.607742,False
2010-01-17,9.8,3.5,6.713978,1.919677,11.8,3.086022,False
2010-01-18,4.5,1.5,6.707312,1.896882,11.8,-2.207312,False
2010-01-19,2.2,0.4,6.710645,1.88086,11.8,-4.510645,False
2010-01-20,5.8,-1.5,6.727742,1.89828,11.8,-0.927742,False
2010-01-21,5.6,3.2,6.756989,1.903333,11.8,-1.156989,False
2010-01-22,7.5,3.2,6.780108,1.892473,11.8,0.719892,False
2010-01-23,4.4,2.7,6.785376,1.837849,11.8,-2.385376,False
2010-01-24,5.5,2.6,6.784409,1.797419,11.8,-1.284409,False
2010-01-25,5.5,0.2,6.764301,1.731183,11.8,-1.264301,False
2010-01-26,1.1,-3.2,6.763226,1.680645,11.8,-5.663226,False
2010-01-27,1.4,-5.4,6.776667,1.662688,11.8,-5.376667,False
2010-01-28,5.4,1.5,6.797742,1.637204,11.81,-1.397742,False
2010-01-29,6.8,0.3,6.78172,1.586882,11.8,0.01828,False
2010-01-30,2.3,-2.7,6.797419,1.555806,11.9,-4.497419,False
2010-01-31,3.7,-3.2,6.843656,1.55086,12.01,-3.143656,False
2010-02-01,4.3,-1.6,6.875699,1.543548,12.1,-2.575699,False
2010-02-02,7.2,0.1,6.905699,1.543118,12.1,0.294301,False
2010-02-03,9.9,6.7,6.963871,1.522258,12.1,2.936129,False
2010-02-04,9.2,3.8,7.006667,1.487312,12.01,2.193333,False
2010-02-05,11.1,5.2,7.066989,1.484839,12.1,4.033011,False
2010-02-06,8.1,5.0,7.10086,1.480108,12.1,0.99914,False
2010-02-07,5.1,3.0,7.163656,1.468065,12.2,-2.063656,False
2010-02-08,3.3,1.1,7.236022,1.485054,12.3,-3.936022,False
2010-02-09,1.0,-3.0,7.334301,1.514624,12.41,-6.334301,False
2010-02-10,1.9,-4.2,7.429247,1.58172,12.5,-5.529247,False
2010-02-11,-1.5,-5.0,7.533763,1.634624,12.5,-9.033763,False
2010-02-12,-0.4,-4.4,7.62828,1.646022,12.6,-8.02828,False
2010-02-13,-2.5,-3.8,7.707634,1.679247,12.7,-10.207634,False
2010-02-14,1.2,-4.5,7.798172,1.724301,12.7,-6.598172,False
2010-02-15,2.0,-3.1,7.898817,1.787204,12.71,-5.898817,False
2010-02-16,3.7,-5.6,8.004409,1.824409,12.8,-4.304409,False
2010-02-17,3.4,-2.3,8.091828,1.841505,12.81,-4.691828,False
2010-02-18,9.9,0.8,8.190215,1.883333,12.9,1.709785,False
2010-02-19,7.0,0.6,8.284946,1.938495,12.91,-1.284946,False
2010-02-20,5.2,-0.3,8.400645,1.971828,13.01,-3.200645,False
2010-02-21,7.8,0.9,8.535914,2.007957,13.3,-0.735914,False
2010-02-22,13.9,5.1,8.671828,2.083871,13.5,5.228172,False
2010-02-23,13.3,8.1,8.824946,2.174624,13.7,4.475054,False
2010-02-24,11.6,6.2,8.987742,2.239355,14.0,2.612258,False
2010-02-25,11.9,8.2,9.132581,2.320538,14.21,2.767419,False
2010-02-26,10.6,5.4,9.271935,2.396129,14.5,1.328065,False
2010-02-27,12.7,4.2,9.414946,2.456559,14.6,3.285054,False
2010-02-28,12.7,4.5,9.593333,2.553118,14.7,3.106667,False
2010-03-01,9.9,0.3,9.807527,2.66129,14.9,0.092473,False
2010-03-02,10.7,3.2,9.97172,2.782151,15.0,0.72828,False
2010-03-03,8.8,2.1,10.097419,2.878602,15.2,-1.297419,False
2010-03-04,7.7,0.7,10.209247,2.969892,15.3,-2.509247,False
2010-03-05,5.8,-2.3,10.352903,3.037312,15.4,-4.552903,False
2010-03-06,5.9,-1.1,10.462366,3.131505,15.4,-4.562366,False
2010-03-07,3.7,-3.3,10.592151,3.216129,15.5,-6.892151,False
2010-03-08,5.5,-3.1,10.720645,3.25871,15.71,-5.220645,False
2010-03-09,4.1,-3.0,10.873871,3.353548,15.9,-6.773871,False
2010-03-10,7.4,-2.5,10.997527,3.437957,16.01,-3.597527,False
2010-03-11,6.2,-1.7,11.117312,3.483441,16.1,-4.917312,False
2010-03-12,6.3,-1.4,11.214731,3.523548,16.4,-4.914731,False
2010-03-13,6.7,2.3,11.341935,3.553763,16.4,-4.641935,False
2010-03-14,9.2,2.9,11.483656,3.61172,16.6,-2.283656,False
2010-03-15,12.3,1.6,11.615914,3.719462,16.7,0.684086,False
2010-03-16,13.3,0.4,11.770215,3.798387,16.9,1.529785,False
2010-03-17,16.9,2.3,11.958495,3.857419,17.01,4.941505,False
2010-03-18,18.5,3.8,12.135484,3.941935,17.3,6.364516,False
2010-03-19,18.8,11.6,12.272903,4.052258,17.51,6.527097,False
2010-03-20,16.7,12.2,12.382903,4.135591,17.6,4.317097,False
2010-03-21,13.2,5.8,12.496022,4.197419,17.71,0.703978,False
2010-03-22,15.1,3.2,12.632796,4.253978,17.9,2.467204,False
2010-03-23,16.0,5.2,12.739032,4.322366,18.0,3.260968,False
2010-03-24,18.7,7.4,12.80914,4.356559,18.01,5.89086,False
2010-03-25,17.0,9.9,12.904409,4.375914,18.2,4.095591,False
2010-03-26,11.9,7.7,13.008925,4.415699,18.5,-1.108925,False
2010-03-27,11.8,6.9,13.093011,4.455054,18.6,-1.293011,False
2010-03-28,13.5,8.1,13.18129,4.505591,18.71,0.31871,False
2010-03-29,17.4,9.7,13.244946,4.558602,18.81,4.155054,False
2010-03-30,12.3,6.5,13.315914,4.612473,19.0,-1.015914,False
2010-03-31,9.8,3.6,13.358925,4.642043,19.0,-3.558925,False
2010-04-01,11.3,2.2,13.386022,4.653763,19.01,-2.086022,False
2010-04-02,10.2,4.4,13.460645,4.670215,19.3,-3.260645,False
2010-04-03,10.3,6.4,13.544731,4.709462,19.5,-3.244731,False
2010-04-04,10.4,3.5,13.648495,4.731075,19.6,-3.248495,False
2010-04-05,13.0,1.5,13.773118,4.790215,19.8,-0.773118,False
2010-04-06,18.7,2.7,13.961183,4.864731,20.0,4.738817,False
2010-04-07,15.7,7.5,14.142366,4.965484,20.3,1.557634,False
2010-04-08,12.8,7.2,14.286989,5.063226,20.4,-1.486989,False
2010-04-09,16.9,4.1,14.443441,5.133763,20.5,2.456559,False
2010-04-10,15.6,6.6,14.59,5.246129,20.6,1.01,False
2010-04-11,13.0,4.3,14.709462,5.367742,20.6,-1.709462,False
2010-04-12,12.3,3.2,14.827097,5.487742,20.7,-2.527097,False
2010-04-13,15.1,6.2,14.918817,5.614409,20.81,0.181183,False
2010-04-14,14.3,5.6,15.01043,5.713011,21.11,-0.71043,False
2010-04-15,15.1,4.7,15.116129,5.794516,21.2,-0.016129,False
2010-04-16,14.6,5.7,15.20871,5.90043,21.31,-0.60871,False
2010-04-17,17.5,2.7,15.274731,5.998387,21.6,2.225269,False
2010-04-18,20.6,3.1,15.348387,6.085376,21.82,5.251613,False
2010-04-19,19.8,4.4,15.444624,6.137957,22.01,4.355376,False
2010-04-20,16.6,6.0,15.574839,6.232473,22.2,1.025161,False
2010-04-21,15.9,1.1,15.71129,6.343871,22.6,0.18871,False
2010-04-22,14.9,3.8,15.854194,6.464409,22.71,-0.954194,False
2010-04-23,18.8,3.4,15.991828,6.597742,22.81,2.808172,False
2010-04-24,22.6,3.8,16.122151,6.772581,22.91,6.477849,False
2010-04-25,21.2,8.4,16.255806,6.926129,23.1,4.944194,False
2010-04-26,16.7,7.3,16.359677,7.070323,23.1,0.340323,False
2010-04-27,19.9,4.5,16.451613,7.200215,23.1,3.448387,False
2010-04-28,25.0,6.5,16.569785,7.323011,23.2,8.430215,False
2010-04-29,26.5,10.4,16.683118,7.444409,23.3,9.816882,False
2010-04-30,16.5,10.8,16.799355,7.532151,23.3,-0.299355,False
2010-05-01,16.6,8.9,16.935376,7.641183,23.31,-0.335376,False
2010-05-02,14.2,7.4,17.072688,7.783548,23.5,-2.872688,False
2010-05-03,9.4,5.7,17.192903,7.897097,23.5,-7.792903,False
2010-05-04,11.2,5.2,17.302258,7.995269,23.61,-6.102258,False
2010-05-05,11.5,4.1,17.421613,8.13086,23.6,-5.921613,False
2010-05-06,13.9,4.9,17.53,8.267849,23.61,-3.63,False
2010-05-07,12.6,4.5,17.583978,8.377312,23.7,-4.983978,False
2010-05-08,15.5,5.9,17.656989,8.459892,23.7,-2.156989,False
2010-05-09,17.0,8.9,17.760968,8.590108,23.8,-0.760968,False
2010-05-10,15.3,8.0,17.879892,8.714731,24.1,-2.579892,False
2010-05-11,8.3,5.3,17.999785,8.806022,24.2,-9.699785,False
2010-05-12,9.8,5.0,18.142043,8.904731,24.3,-8.342043,False
2010-05-13,10.2,3.7,18.275699,9.007849,24.61,-8.075699,False
2010-05-14,12.6,4.6,18.429677,9.096344,24.7,-5.829677,False
2010-05-15,15.4,5.6,18.576237,9.216237,24.7,-3.176237,False
2010-05-16,17.1,5.6,18.686667,9.325484,24.7,-1.586667,False
2010-05-17,17.8,9.0,18.832688,9.405914,24.8,-1.032688,False
2010-05-18,18.1,3.9,18.98871,9.543548,24.9,-0.88871,False
2010-05-19,19.3,6.2,19.098065,9.65914,24.9,0.201935,False
2010-05-20,21.5,6.0,19.20957,9.780968,24.9,2.29043,False
2010-05-21,23.7,9.8,19.340538,9.899785,25.0,4.359462,False
2010-05-22,24.1,11.1,19.457849,10.029032,25.11,4.642151,False
2010-05-23,26.6,10.5,19.555699,10.152473,25.3,7.044301,True
2010-05-24,29.4,11.8,19.656452,10.234624,25.31,9.743548,True
2010-05-25,29.3,12.8,19.766022,10.300968,25.4,9.533978,True
2010-05-26,19.8,12.4,19.841505,10.382903,25.51,-0.041505,False
2010-05-27,18.1,12.5,19.933333,10.462258,25.7,-1.833333,False
2010-05-28,19.5,9.7,20.014946,10.552151,25.7,-0.514946,False
2010-05-29,17.6,9.3,20.098065,10.640215,25.7,-2.498065,False
2010-05-30,17.5,12.6,20.24086,10.741505,25.71,-2.74086,False
2010-05-31,15.9,10.6,20.336559,10.893118,25.81,-4.436559,False
2010-06-01,16.6,10.2,20.429355,10.999785,25.81,-3.829355,False
2010-06-02,20.9,12.1,20.546237,11.08871,25.91,0.353763,False
2010-06-03,24.3,9.9,20.677097,11.206344,26.1,3.622903,False
2010-06-04,27.2,11.8,20.822581,11.326129,26.21,6.377419,False
2010-06-05,28.7,13.2,20.942796,11.438602,26.4,7.757204,False
2010-06-06,21.1,14.8,21.027634,11.527312,26.41,0.072366,False
2010-06-07,22.2,11.4,21.127634,11.601828,26.7,1.072366,False
2010-06-08,21.1,15.1,21.202043,11.69172,26.9,-0.102043,False
2010-06-09,18.2,15.0,21.305376,11.751075,27.0,-3.105376,False
2010-06-10,22.3,15.9,21.379677,11.842151,27.1,0.920323,False
2010-06-11,24.5,14.1,21.495376,11.932258,27.2,3.004624,False
2010-06-12,19.9,13.9,21.602796,12.033118,27.3,-1.702796,False
2010-06-13,19.1,9.8,21.733441,12.136022,27.4,-2.633441,False
2010-06-14,18.8,12.7,21.834516,12.236667,27.5,-3.034516,False
2010-06-15,20.2,13.1,21.926129,12.311613,27.61,-1.726129,False
2010-06-16,20.3,10.2,22.062151,12.416452,28.1,-1.762151,False
2010-06-17,19.5,14.6,22.15086,12.537312,28.12,-2.65086,False
2010-06-18,19.7,13.3,22.223871,12.597097,28.51,-2.523871,False
2010-06-19,15.0,9.2,22.335699,12.675914,28.6,-7.335699,False
2010-06-20,14.8,8.9,22.428172,12.774194,28.61,-7.628172,False
2010-06-21,17.5,8.5,22.504194,12.844946,28.7,-5.004194,False
2010-06-22,22.8,8.8,22.574409,12.888387,28.71,0.225591,False
2010-06-23,25.2,11.1,22.633333,12.929462,28.8,2.566667,False
2010-06-24,26.8,12.0,22.706129,12.993978,28.8,4.093871,False
2010-06-25,27.1,12.6,22.772903,13.053011,28.9,4.327097,False
2010-06-26,28.9,13.9,22.852258,13.122581,28.91,6.047742,False
2010-06-27,29.7,15.8,22.920645,13.188172,28.91,6.779355,False
2010-06-28,27.4,17.5,23.023011,13.255484,29.01,4.376989,False
2010-06-29,28.6,16.9,23.11,13.338172,29.1,5.49,False
2010-06-30,30.1,14.2,23.213226,13.40172,29.4,6.886774,True
2010-07-01,32.8,16.2,23.345914,13.453978,29.4,9.454086,True
2010-07-02,33.9,20.1,23.444194,13.534731,29.5,10.455806,True
2010-07-03,22.8,17.3,23.538925,13.616559,29.61,-0.738925,False
2010-07-04,26.5,14.1,23.630753,13.692258,29.71,2.869247,False
2010-07-05,22.6,14.2,23.709032,13.773763,29.8,-1.109032,False
2010-07-06,24.7,10.9,23.797204,13.825484,29.8,0.902796,False
2010-07-07,28.8,11.8,23.9,13.868817,29.9,4.9,False
2010-07-08,32.7,14.0,24.007312,13.954301,29.9,8.692688,False
2010-07-09,32.1,20.2,24.111183,14.031398,29.9,7.988817,False
2010-07-10,28.1,17.8,24.169247,14.104409,30.0,3.930753,False
2010-07-11,30.6,19.4,24.231183,14.15957,30.0,6.368817,False
2010-07-12,27.0,19.0,24.265269,14.217527,30.01,2.734731,False
2010-07-13,27.5,18.4,24.302151,14.260753,30.0,3.197849,False
2010-07-14,22.4,16.2,24.350215,14.277634,29.9,-1.950215,False
2010-07-15,23.8,14.6,24.384516,14.312258,30.0,-0.584516,False
2010-07-16,23.4,15.7,24.453441,14.343118,30.0,-1.053441,False
2010-07-17,22.2,13.0,24.514194,14.354409,30.0,-2.314194,False
2010-07-18,24.8,9.3,24.582473,14.373226,30.01,0.217527,False
2010-07-19,29.2,11.8,24.637849,14.422366,30.1,4.562151,False
2010-07-20,31.5,14.6,24.704516,14.45,30.21,6.795484,False
2010-07-21,23.3,17.2,24.806344,14.46871,30.3,-1.506344,False
2010-07-22,23.8,14.2,24.897312,14.503226,30.4,-1.097312,False
2010-07-23,20.8,14.8,24.99086,14.548065,30.5,-4.19086,False
2010-07-24,23.9,12.1,25.045591,14.602473,30.51,-1.145591,False
2010-07-25,21.7,15.9,25.092581,14.634731,30.6,-3.392581,False
2010-07-26,23.7,15.0,25.128495,14.647419,30.6,-1.428495,False
2010-07-27,25.8,17.2,25.173978,14.642796,30.7,0.626022,False
2010-07-28,26.2,17.3,25.224731,14.662258,30.81,0.975269,False
2010-07-29,22.1,14.4,25.235376,14.670968,30.9,-3.135376,False
2010-07-30,24.7,12.1,25.253226,14.672258,30.81,-0.553226,False
2010-07-31,26.9,17.2,25.243441,14.678065,30.7,1.656559,False
2010-08-01,24.2,15.9,25.238065,14.645591,30.61,-1.038065,False
2010-08-02,23.5,15.0,25.218495,14.64,30.61,-1.718495,False
2010-08-03,24.5,11.9,25.202366,14.620968,30.6,-0.702366,False
2010-08-04,22.8,15.5,25.174516,14.594301,30.51,-2.374516,False
2010-08-05,21.5,13.2,25.139462,14.555806,30.5,-3.639462,False
2010-08-06,23.2,10.0,25.125914,14.54,30.5,-1.925914,False
2010-08-07,25.0,13.9,25.102151,14.533226,30.4,-0.102151,False
2010-08-08,24.1,14.2,25.063763,14.508387,30.41,-0.963763,False
2010-08-09,26.9,13.9,25.004086,14.477204,30.41,1.895914,False
2010-08-10,25.6,12.4,24.966667,14.451613,30.41,0.633333,False
2010-08-11,22.7,15.6,24.933441,14.419462,30.41,-2.233441,False
2010-08-12,21.8,12.4,24.863333,14.384194,30.4,-3.063333,False
2010-08-13,20.9,12.2,24.782581,14.321828,30.3,-3.882581,False
2010-08-14,21.0,11.8,24.663763,14.256022,30.3,-3.663763,False
2010-08-15,16.1,14.1,24.586344,14.17043,30.21,-8.486344,False
2010-08-16,18.4,13.6,24.489355,14.101935,30.11,-6.089355,False
2010-08-17,18.7,14.8,24.344946,14.012688,30.0,-5.644946,False
2010-08-18,20.3,12.4,24.227527,13.906774,29.9,-3.927527,False
2010-08-19,24.4,9.2,24.130215,13.803333,29.7,0.269785,False
2010-08-20,29.5,13.6,24.021613,13.728172,29.7,5.478387,False
2010-08-21,30.0,15.8,23.875054,13.655806,29.5,6.124946,False
2010-08-22,28.7,18.8,23.727204,13.571613,29.4,4.972796,False
2010-08-23,22.9,18.0,23.581505,13.477312,29.21,-0.681505,False
2010-08-24,21.1,12.6,23.481398,13.365484,29.01,-2.381398,False
2010-08-25,23.3,11.9,23.399462,13.274624,29.0,-0.099462,False
2010-08-26,25.5,19.8,23.32828,13.209677,29.0,2.17172,False
2010-08-27,24.0,15.1,23.22043,13.144516,28.9,0.77957,False
2010-08-28,20.1,12.0,23.091398,13.070215,28.71,-2.991398,False
2010-08-29,19.4,10.8,22.978387,12.98043,28.7,-3.578387,False
2010-08-30,17.9,8.9,22.863333,12.891183,28.7,-4.963333,False
2010-08-31,19.9,8.2,22.728172,12.79172,28.6,-2.828172,False
2010-09-01,21.7,8.8,22.589785,12.684946,28.5,-0.889785,False
2010-09-02,23.0,10.9,22.452151,12.555054,28.3,0.547849,False
2010-09-03,23.5,10.7,22.296344,12.429247,28.21,1.203656,False
2010-09-04,22.5,10.9,22.149032,12.315376,28.11,0.350968,False
2010-09-05,24.1,10.4,22.034731,12.199462,27.8,2.065269,False
2010-09-06,20.1,12.7,21.915699,12.065269,27.6,-1.815699,False
2010-09-07,20.4,13.8,21.757312,11.956129,27.3,-1.357312,False
2010-09-08,16.9,12.4,21.62043,11.842473,27.2,-4.72043,False
2010-09-09,20.6,11.8,21.474839,11.735699,26.9,-0.874839,False
2010-09-10,22.6,10.4,21.303763,11.608387,26.71,1.296237,False
2010-09-11,24.7,11.8,21.136989,11.472796,26.41,3.563011,False
2010-09-12,20.7,12.0,21.013656,11.338065,26.3,-0.313656,False
2010-09-13,21.1,9.0,20.902903,11.246022,26.2,0.197097,False
2010-09-14,22.9,13.9,20.814409,11.186667,26.1,2.085591,False
2010-09-15,18.8,13.9,20.701183,11.113118,26.1,-1.901183,False
2010-09-16,18.5,10.4,20.568817,11.063118,25.91,-2.068817,False
2010-09-17,18.3,7.6,20.457957,11.020645,25.9,-2.157957,False
2010-09-18,16.9,4.9,20.314839,10.952043,25.8,-3.414839,False
2010-09-19,20.0,4.1,20.143656,10.876989,25.6,-0.143656,False
2010-09-20,22.1,7.4,19.958602,10.774839,25.31,2.141398,False
2010-09-21,23.1,6.6,19.803978,10.674624,25.1,3.296022,False
2010-09-22,26.1,7.6,19.644516,10.58043,24.9,6.455484,False
2010-09-23,23.6,13.2,19.49828,10.498387,24.8,4.10172,False
2010-09-24,17.5,12.8,19.35,10.436022,24.7,-1.85,False
2010-09-25,13.7,8.8,19.185054,10.354946,24.5,-5.485054,False
2010-09-26,12.5,6.1,19.026559,10.284409,24.1,-6.526559,False
2010-09-27,13.3,8.7,18.878172,10.192688,23.7,-5.578172,False
2010-09-28,15.0,9.4,18.753333,10.081935,23.7,-3.753333,False
2010-09-29,18.2,12.0,18.627419,9.990968,23.7,-0.427419,False
2010-09-30,16.3,10.1,18.475806,9.889355,23.51,-2.175806,False
2010-10-01,16.7,8.7,18.327634,9.786129,23.3,-1.627634,False
2010-10-02,20.5,13.9,18.149677,9.694946,23.11,2.350323,False
2010-10-03,23.8,13.8,17.984946,9.58086,23.1,5.815054,False
2010-10-04,17.7,14.0,17.818172,9.491398,23.0,-0.118172,False
2010-10-05,17.0,11.9,17.633441,9.413226,22.8,-0.633441,False
2010-10-06,18.1,14.4,17.453441,9.33,22.6,0.646559,False
2010-10-07,22.1,13.6,17.257419,9.264409,22.4,4.842581,False
2010-10-08,22.1,12.4,17.095591,9.181935,22.21,5.004409,False
2010-10-09,23.1,12.2,16.909892,9.105054,21.9,6.190108,False
2010-10-10,19.0,11.7,16.763011,9.038495,21.6,2.236989,False
2010-10-11,19.3,8.9,16.63,8.962796,21.5,2.67,False
2010-10-12,16.9,5.8,16.474731,8.881935,21.4,0.425269,False
2010-10-13,13.7,4.5,16.295591,8.785161,21.2,-2.595591,False
2010-10-14,13.9,4.5,16.107204,8.662473,21.1,-2.207204,False
2010-10-15,12.6,8.3,15.919247,8.534409,20.9,-3.319247,False
2010-10-16,13.3,6.0,15.740753,8.407742,20.6,-2.440753,False
2010-10-17,8.5,3.2,15.565699,8.274086,20.4,-7.065699,False
2010-10-18,12.6,0.3,15.401935,8.144624,20.2,-2.801935,False
2010-10-19,13.3,7.8,15.272473,8.071398,20.01,-1.972473,False
2010-10-20,10.5,2.3,15.124731,7.952903,19.9,-4.624731,False
2010-10-21,10.6,-1.1,14.97957,7.832688,19.8,-4.37957,False
2010-10-22,11.2,-0.2,14.816774,7.714086,19.61,-3.616774,False
2010-10-23,11.0,1.0,14.655591,7.613978,19.5,-3.655591,False
2010-10-24,10.8,4.3,14.485376,7.494301,19.3,-3.685376,False
2010-10-25,10.8,2.3,14.299462,7.35871,19.2,-3.499462,False
2010-10-26,11.4,-0.9,14.103011,7.229892,19.0,-2.703011,False
2010-10-27,14.0,7.3,13.913333,7.078172,18.7,0.086667,False
2010-10-28,13.3,8.5,13.718172,6.957634,18.5,-0.418172,False
2010-10-29,15.4,7.3,13.52828,6.848065,18.2,1.87172,False
2010-10-30,14.4,9.0,13.336989,6.734301,18.0,1.063011,False
2010-10-31,15.8,8.6,13.151183,6.633118,17.9,2.648817,False
2010-11-01,13.3,7.6,12.946882,6.535054,17.61,0.353118,False
2010-11-02,13.0,5.4,12.756237,6.433226,17.5,0.243763,False
2010-11-03,15.8,11.6,12.572043,6.332688,17.4,3.227957,False
2010-11-04,17.1,12.9,12.382796,6.217312,17.2,4.717204,False
2010-11-05,17.2,12.0,12.198387,6.069032,17.1,5.001613,False
2010-11-06,12.8,9.0,12.006022,5.931935,16.8,0.793978,False
2010-11-07,8.8,3.9,11.81914,5.79871,16.6,-3.01914,False
2010-11-08,7.2,2.9,11.640968,5.681075,16.4,-4.440968,False
2010-11-09,10.2,6.0,11.469462,5.537742,16.31,-1.269462,False
2010-11-10,8.8,2.7,11.299892,5.417634,16.2,-2.499892,False
2010-11-11,14.4,2.3,11.116022,5.307312,15.9,3.283978,False
2010-11-12,14.7,11.1,10.936774,5.192688,15.7,3.763226,False
2010-11-13,14.6,13.8,10.768817,5.09086,15.5,3.831183,False
2010-11-14,13.8,7.4,10.613226,4.978602,15.5,3.186774,False
2010-11-15,11.4,5.3,10.43129,4.863871,15.1,0.96871,False
2010-11-16,9.0,2.9,10.242903,4.78043,14.8,-1.242903,False
2010-11-17,5.8,2.3,10.076344,4.677742,14.61,-4.276344,False
2010-11-18,8.2,3.9,9.912366,4.582258,14.41,-1.712366,False
2010-11-19,8.1,5.0,9.72828,4.446559,14.21,-1.62828,False
2010-11-20,10.3,4.8,9.57043,4.348925,14.1,0.72957,False
2010-11-21,6.6,4.1,9.421075,4.254409,13.91,-2.821075,False
2010-11-22,4.9,3.7,9.283226,4.150538,13.8,-4.383226,False
2010-11-23,6.6,1.2,9.15828,4.035161,13.7,-2.55828,False
2010-11-24,7.2,2.6,9.005806,3.926559,13.6,-1.805806,False
2010-11-25,4.1,-0.1,8.851505,3.8,13.5,-4.751505,False
2010-11-26,2.7,-1.1,8.723656,3.690753,13.5,-6.023656,False
2010-11-27,1.0,-2.4,8.586237,3.600108,13.4,-7.586237,False
2010-11-28,0.8,-2.9,8.456882,3.495699,13.2,-7.656882,False
2010-11-29,0.2,-3.6,8.310215,3.371183,13.1,-8.110215,False
2010-11-30,-1.3,-4.3,8.164301,3.247527,12.91,-9.464301,False
2010-12-01,-1.5,-3.2,8.06957,3.152366,12.8,-9.56957,False
2010-12-02,-1.3,-3.3,8.008387,3.062688,12.8,-9.308387,False
2010-12-03,-0.5,-4.1,7.954409,3.026452,12.7,-8.454409,False
2010-12-04,2.1,-4.1,7.920645,2.998495,12.61,-5.820645,False
2010-12-05,3.5,1.0,7.876452,2.963548,12.6,-4.376452,False
2010-12-06,2.1,0.9,7.843226,2.947634,12.6,-5.743226,False
2010-12-07,0.8,-0.4,7.816237,2.966667,12.6,-7.016237,False
2010-12-08,0.4,-0.2,7.782366,2.971828,12.51,-7.382366,False
2010-12-09,1.7,-1.5,7.736667,2.953441,12.5,-6.036667,False
2010-12-10,3.6,-1.3,7.665484,2.918065,12.4,-4.065484,False
2010-12-11,5.6,3.4,7.566237,2.812796,12.3,-1.966237,False
2010-12-12,6.0,2.4,7.476559,2.733763,12.3,-1.476559,False
2010-12-13,1.5,-4.3,7.369355,2.642581,12.21,-5.869355,False
2010-12-14,1.0,-4.2,7.29086,2.527849,12.2,-6.29086,False
2010-12-15,2.8,-4.9,7.245161,2.492581,12.11,-4.445161,False
2010-12-16,4.3,-0.3,7.203656,2.466882,12.1,-2.903656,False
2010-12-17,2.2,-1.7,7.145269,2.414624,12.01,-4.945269,False
2010-12-18,0.8,-2.9,7.100215,2.372043,12.0,-6.300215,False
2010-12-19,5.3,-2.0,7.056022,2.313226,12.01,-1.756022,False
2010-12-20,3.0,-0.4,7.005376,2.260645,12.0,-4.005376,False
2010-12-21,3.9,1.6,6.970753,2.22957,12.0,-3.070753,False
2010-12-22,2.2,0.8,6.947527,2.212903,12.0,-4.747527,False
2010-12-23,0.7,-0.4,6.923226,2.220108,12.0,-6.223226,False
2010-12-24,0.1,-0.9,6.916129,2.240215,12.0,-6.816129,False
2010-12-25,-0.4,-7.1,6.95129,2.25828,12.1,-7.35129,False
2010-12-26,0.6,-7.8,6.977419,2.290753,12.1,-6.377419,False
2010-12-27,-0.4,-3.2,6.982903,2.3,12.0,-7.382903,False
2010-12-28,2.3,-2.7,6.98172,2.297634,12.0,-4.68172,False
2010-12-29,4.4,1.8,7.001613,2.315376,12.1,-2.601613,False
2010-12-30,3.8,1.8,7.022796,2.333978,12.1,-3.222796,False
2010-12-31,1.8,-1.0,7.052903,2.354194,12.1,-5.252903,False
2011-01-01,1.8,-1.3,7.055161,2.352581,12.11,-5.255161,False
2011-01-02,4.1,-1.2,7.037742,2.345914,12.1,-2.937742,False
2011-01-03,1.0,-1.6,7.003763,2.30871,12.1,-6.003763,False
2011-01-04,0.3,-0.9,6.961183,2.287312,12.1,-6.661183,False
2011-01-05,6.5,-2.3,6.928065,2.273226,12.1,-0.428065,False
2011-01-06,12.1,7.1,6.896344,2.22914,12.01,5.203656,False
2011-01-07,12.3,9.8,6.845376,2.169677,12.0,5.454624,False
2011-01-08,13.0,9.2,6.791828,2.116237,11.9,6.208172,False
2011-01-09,8.6,1.2,6.744409,2.053548,11.8,1.855591,False
2011-01-10,5.0,0.3,6.723548,1.996559,11.8,-1.723548,False
2011-01-11,10.0,1.6,6.705376,1.980753,11.8,3.294624,False
2011-01-12,11.9,5.6,6.706882,1.967097,11.8,5.193118,False
2011-01-13,13.5,11.9,6.735806,1.980108,11.8,6.764194,False
2011-01-14,12.8,8.9,6.731828,2.012473,11.8,6.068172,False
2011-01-15,11.1,7.2,6.702473,1.963011,11.8,4.397527,False
2011-01-16,12.6,5.7,6.692258,1.921398,11.8,5.907742,False
2011-01-17,9.4,4.8,6.713978,1.919677,11.8,2.686022,False
2011-01-18,8.8,3.1,6.707312,1.896882,11.8,2.092688,False
2011-01-19,5.4,-0.3,6.710645,1.88086,11.8,-1.310645,False
2011-01-20,5.1,1.0,6.727742,1.89828,11.8,-1.627742,False
2011-01-21,1.7,-0.9,6.756989,1.903333,11.8,-5.056989,False
2011-01-22,4.7,-0.2,6.780108,1.892473,11.8,-2.080108,False
2011-01-23,5.4,2.8,6.785376,1.837849,11.8,-1.385376,False
2011-01-24,6.3,4.0,6.784409,1.797419,11.8,-0.484409,False
2011-01-25,6.7,1.7,6.764301,1.731183,11.8,-0.064301,False
2011-01-26,6.1,3.1,6.763226,1.680645,11.8,-0.663226,False
2011-01-27,4.2,1.6,6.776667,1.662688,11.8,-2.576667,False
2011-01-28,1.3,-1.4,6.797742,1.637204,11.81,-5.497742,False
2011-01-29,1.0,-2.0,6.78172,1.586882,11.8,-5.78172,False
2011-01-30,0.6,-3.9,6.797419,1.555806,11.9,-6.197419,False
2011-01-31,-2.1,-4.7,6.843656,1.55086,12.01,-8.943656,False
2011-02-01,-0.4,-4.5,6.875699,1.543548,12.1,-7.275699,False
2011-02-02,3.6,-0.3,6.905699,1.543118,12.1,-3.305699,False
2011-02-03,9.0,2.8,6.963871,1.522258,12.1,2.036129,False
2011-02-04,10.4,4.7,7.006667,1.487312,12.01,3.393333,False
2011-02-05,11.4,9.3,7.066989,1.484839,12.1,4.333011,False
2011-02-06,9.7,4.8,7.10086,1.480108,12.1,2.59914,False
2011-02-07,13.5,1.5,7.163656,1.468065,12.2,6.336344,False
2011-02-08,9.7,7.0,7.236022,1.485054,12.3,2.463978,False
2011-02-09,9.1,4.0,7.334301,1.514624,12.41,1.765699,False
2011-02-10,13.6,3.6,7.429247,1.58172,12.5,6.170753,False
2011-02-11,16.8,7.9,7.533763,1.634624,12.5,9.266237,False
2011-02-12,11.1,3.4,7.62828,1.646022,12.6,3.47172,False
2011-02-13,9.7,2.6,7.707634,1.679247,12.7,1.992366,False
2011-02-14,9.3,4.1,7.798172,1.724301,12.7,1.501828,False
2011-02-15,8.4,3.3,7.898817,1.787204,12.71,0.501183,False
2011-02-16,9.8,2.4,8.004409,1.824409,12.8,1.795591,False
2011-02-17,8.2,1.4,8.091828,1.841505,12.81,0.108172,False
2011-02-18,6.0,0.6,8.190215,1.883333,12.9,-2.190215,False
2011-02-19,6.6,2.0,8.284946,1.938495,12.91,-1.684946,False
2011-02-20,7.1,3.2,8.400645,1.971828,13.01,-1.300645,False
2011-02-21,8.2,2.2,8.535914,2.007957,13.3,-0.335914,False
2011-02-22,6.6,1.8,8.671828,2.083871,13.5,-2.071828,False
2011-02-23,5.6,0.4,8.824946,2.174624,13.7,-3.224946,False
2011-02-24,12.5,6.0,8.987742,2.239355,14.0,3.512258,False
2011-02-25,11.3,6.2,9.132581,2.320538,14.21,2.167419,False
2011-02-26,11.1,6.5,9.271935,2.396129,14.5,1.828065,False
2011-02-27,8.7,2.1,9.414946,2.456559,14.6,-0.714946,False
2011-02-28,5.3,0.7,9.593333,2.553118,14.7,-4.293333,False
2011-03-01,8.5,2.2,9.807527,2.66129,14.9,-1.307527,False
2011-03-02,9.7,1.6,9.97172,2.782151,15.0,-0.27172,False
2011-03-03,8.1,-0.1,10.097419,2.878602,15.2,-1.997419,False
2011-03-04,9.8,-0.7,10.209247,2.969892,15.3,-0.409247,False
2011-03-05,9.1,-0.7,10.352903,3.037312,15.4,-1.252903,False
2011-03-06,8.7,0.2,10.462366,3.131505,15.4,-1.762366,False
2011-03-07,9.5,-0.8,10.592151,3.216129,15.5,-1.092151,False
2011-03-08,15.5,-2.6,10.720645,3.25871,15.71,4.779355,False
2011-03-09,12.3,5.6,10.873871,3.353548,15.9,1.426129,False
2011-03-10,11.4,2.9,10.997527,3.437957,16.01,0.402473,False
2011-03-11,12.6,5.5,11.117312,3.483441,16.1,1.482688,False
2011-03-12,14.1,2.9,11.214731,3.523548,16.4,2.885269,False
2011-03-13,11.5,8.3,11.341935,3.553763,16.4,0.158065,False
2011-03-14,14.9,7.9,11.483656,3.61172,16.6,3.416344,False
2011-03-15,19.6,7.8,11.615914,3.719462,16.7,7.984086,False
2011-03-16,16.0,8.2,11.770215,3.798387,16.9,4.229785,False
2011-03-17,8.6,6.0,11.958495,3.857419,17.01,-3.358495,False
2011-03-18,11.9,5.3,12.135484,3.941935,17.3,-0.235484,False
2011-03-19,8.8,4.9,12.272903,4.052258,17.51,-3.472903,False
2011-03-20,12.2,0.6,12.382903,4.135591,17.6,-0.182903,False
2011-03-21,14.6,-0.1,12.496022,4.197419,17.71,2.103978,False
2011-03-22,16.7,2.0,12.632796,4.253978,17.9,4.067204,False
2011-03-23,18.3,3.7,12.739032,4.322366,18.0,5.560968,False
2011-03-24,19.6,4.4,12.80914,4.356559,18.01,6.79086,False
2011-03-25,20.3,3.1,12.904409,4.375914,18.2,7.395591,False
2011-03-26,18.6,6.8,13.008925,4.415699,18.5,5.591075,False
2011-03-27,16.5,8.7,13.093011,4.455054,18.6,3.406989,False
2011-03-28,16.9,5.8,13.18129,4.505591,18.71,3.71871,False
2011-03-29,16.7,4.9,13.244946,4.558602,18.81,3.455054,False
2011-03-30,13.8,9.7,13.315914,4.612473,19.0,0.484086,False
2011-03-31,16.0,10.5,13.358925,4.642043,19.0,2.641075,False
2011-04-01,16.7,10.8,13.386022,4.653763,19.01,3.313978,False
2011-04-02,22.8,8.9,13.460645,4.670215,19.3,9.339355,False
2011-04-03,12.3,9.5,13.544731,4.709462,19.5,-1.244731,False
2011-04-04,13.9,5.5,13.648495,4.731075,19.6,0.251505,False
2011-04-05,17.6,3.8,13.773118,4.790215,19.8,3.826882,False
2011-04-06,23.5,6.2,13.961183,4.864731,20.0,9.538817,False
2011-04-07,23.2,9.8,14.142366,4.965484,20.3,9.057634,False
2011-04-08,20.0,7.1,14.286989,5.063226,20.4,5.713011,False
2011-04-09,21.8,7.0,14.443441,5.133763,20.5,7.356559,False
2011-04-10,23.7,7.6,14.59,5.246129,20.6,9.11,False
2011-04-11,20.2,8.4,14.709462,5.367742,20.6,5.490538,False
2011-04-12,13.4,4.3,14.827097,5.487742,20.7,-1.427097,False
2011-04-13,13.7,1.5,14.918817,5.614409,20.81,-1.218817,False
2011-04-14,14.6,5.8,15.01043,5.713011,21.11,-0.41043,False
2011-04-15,15.2,7.2,15.116129,5.794516,21.2,0.083871,False
2011-04-16,16.5,3.1,15.20871,5.90043,21.31,1.29129,False
2011-04-17,17.8,5.0,15.274731,5.998387,21.6,2.525269,False
2011-04-18,22.0,4.4,15.348387,6.085376,21.82,6.651613,False
2011-04-19,23.9,8.9,15.444624,6.137957,22.01,8.455376,False
2011-04-20,23.8,8.9,15.574839,6.232473,22.2,8.225161,False
2011-04-21,23.3,9.3,15.71129,6.343871,22.6,7.58871,False
2011-04-22,24.5,9.4,15.854194,6.464409,22.71,8.645806,False
2011-04-23,25.3,10.7,15.991828,6.597742,22.81,9.308172,False
2011-04-24,23.3,10.6,16.122151,6.772581,22.91,7.177849,False
2011-04-25,24.3,11.5,16.255806,6.926129,23.1,8.044194,False
2011-04-26,21.6,9.1,16.359677,7.070323,23.1,5.240323,False
2011-04-27,18.3,9.3,16.451613,7.200215,23.1,1.848387,False
2011-04-28,10.7,7.9,16.569785,7.323011,23.2,-5.869785,False
2011-04-29,16.0,8.0,16.683118,7.444409,23.3,-0.683118,False
2011-04-30,20.5,7.2,16.799355,7.532151,23.3,3.700645,False
2011-05-01,21.8,9.3,16.935376,7.641183,23.31,4.864624,False
2011-05-02,17.3,11.5,17.072688,7.783548,23.5,0.227312,False
2011-05-03,16.0,6.5,17.192903,7.897097,23.5,-1.192903,False
2011-05-04,19.0,2.8,17.302258,7.995269,23.61,1.697742,False
2011-05-05,20.9,4.0,17.421613,8.13086,23.6,3.478387,False
2011-05-06,24.9,7.3,17.53,8.267849,23.61,7.37,False
2011-05-07,25.9,14.2,17.583978,8.377312,23.7,8.316022,False
2011-05-08,23.6,14.3,17.656989,8.459892,23.7,5.943011,False
2011-05-09,24.1,10.8,17.760968,8.590108,23.8,6.339032,False
2011-05-10,24.1,13.7,17.879892,8.714731,24.1,6.220108,False
2011-05-11,22.0,11.5,17.999785,8.806022,24.2,4.000215,False
2011-05-12,18.9,8.4,18.142043,8.904731,24.3,0.757957,False
2011-05-13,20.8,5.1,18.275699,9.007849,24.61,2.524301,False
2011-05-14,17.9,9.1,18.429677,9.096344,24.7,-0.529677,False
2011-05-15,16.6,8.5,18.576237,9.216237,24.7,-1.976237,False
2011-05-16,19.2,8.3,18.686667,9.325484,24.7,0.513333,False
2011-05-17,23.0,9.4,18.832688,9.405914,24.8,4.167312,False
2011-05-18,24.6,8.8,18.98871,9.543548,24.9,5.61129,False
2011-05-19,23.4,11.4,19.098065,9.65914,24.9,4.301935,False
2011-05-20,21.8,11.1,19.20957,9.780968,24.9,2.59043,False
2011-05-21,24.8,6.7,19.340538,9.899785,25.0,5.459462,False
2011-05-22,21.3,10.7,19.457849,10.029032,25.11,1.842151,False
2011-05-23,26.4,7.9,19.555699,10.152473,25.3,6.844301,False
2011-05-24,19.2,9.6,19.656452,10.234624,25.31,-0.456452,False
2011-05-25,24.3,4.9,19.766022,10.300968,25.4,4.533978,False
2011-05-26,18.6,12.4,19.841505,10.382903,25.51,-1.241505,False
2011-05-27,15.6,8.3,19.933333,10.462258,25.7,-4.333333,False
2011-05-28,21.4,5.4,20.014946,10.552151,25.7,1.385054,False
2011-05-29,25.9,8.2,20.098065,10.640215,25.7,5.801935,False
2011-05-30,26.8,9.8,20.24086,10.741505,25.71,6.55914,False
2011-05-31,16.8,9.3,20.336559,10.893118,25.81,-3.536559,False
2011-06-01,20.8,6.5,20.429355,10.999785,25.81,0.370645,False
2011-06-02,24.8,9.9,20.546237,11.08871,25.91,4.253763,False
2011-06-03,27.2,13.9,20.677097,11.206344,26.1,6.522903,False
2011-06-04,28.8,16.7,20.822581,11.326129,26.21,7.977419,False
2011-06-05,25.1,16.7,20.942796,11.438602,26.4,4.157204,False
2011-06-06,18.1,14.7,21.027634,11.527312,26.41,-2.927634,False
2011-06-07,16.9,12.2,21.127634,11.601828,26.7,-4.227634,False
2011-06-08,18.5,11.7,21.202043,11.69172,26.9,-2.702043,False
2011-06-09,18.4,9.7,21.305376,11.751075,27.0,-2.905376,False
2011-06-10,16.8,9.4,21.379677,11.842151,27.1,-4.579677,False
2011-06-11,17.2,8.2,21.495376,11.932258,27.2,-4.295376,False
2011-06-12,20.9,5.8,21.602796,12.033118,27.3,-0.702796,False
2011-06-13,22.9,12.6,21.733441,12.136022,27.4,1.166559,False
2011-06-14,22.0,16.3,21.834516,12.236667,27.5,0.165484,False
2011-06-15,23.2,15.3,21.926129,12.311613,27.61,1.273871,False
2011-06-16,20.5,12.5,22.062151,12.416452,28.1,-1.562151,False
2011-06-17,18.7,10.5,22.15086,12.537312,28.12,-3.45086,False
2011-06-18,17.8,11.5,22.223871,12.597097,28.51,-4.423871,False
2011-06-19,18.2,11.5,22.335699,12.675914,28.6,-4.135699,False
2011-06-20,21.5,13.5,22.428172,12.774194,28.61,-0.928172,False
2011-06-21,22.3,14.9,22.504194,12.844946,28.7,-0.204194,False
2011-06-22,21.2,13.9,22.574409,12.888387,28.71,-1.374409,False
2011-06-23,19.1,11.3,22.633333,12.929462,28.8,-3.533333,False
2011-06-24,19.8,8.9,22.706129,12.993978,28.8,-2.906129,False
2011-06-25,26.2,13.7,22.772903,13.053011,28.9,3.427097,False
2011-06-26,29.8,13.2,22.852258,13.122581,28.91,6.947742,True
2011-06-27,35.8,17.0,22.920645,13.188172,28.91,12.879355,True
2011-06-28,32.2,16.4,23.023011,13.255484,29.01,9.176989,True
2011-06-29,21.2,12.4,23.11,13.338172,29.1,-1.91,False
2011-06-30,21.0,8.8,23.213226,13.40172,29.4,-2.213226,False
2011-07-01,21.2,8.9,23.345914,13.453978,29.4,-2.145914,False
2011-07-02,21.0,9.5,23.444194,13.534731,29.5,-2.444194,False
2011-07-03,22.9,8.2,23.538925,13.616559,29.61,-0.638925,False
2011-07-04,26.0,10.4,23.630753,13.692258,29.71,2.369247,False
2011-07-05,30.1,11.7,23.709032,13.773763,29.8,6.390968,False
2011-07-06,22.5,15.3,23.797204,13.825484,29.8,-1.297204,False
2011-07-07,21.9,12.4,23.9,13.868817,29.9,-2.0,False
2011-07-08,22.5,14.0,24.007312,13.954301,29.9,-1.507312,False
2011-07-09,21.1,15.0,24.111183,14.031398,29.9,-3.011183,False
2011-07-10,22.1,14.2,24.169247,14.104409,30.0,-2.069247,False
2011-07-11,25.9,12.5,24.231183,14.15957,30.0,1.668817,False
2011-07-12,23.2,15.3,24.265269,14.217527,30.01,-1.065269,False
2011-07-13,17.9,12.0,24.302151,14.260753,30.0,-6.402151,False
2011-07-14,21.2,10.2,24.350215,14.277634,29.9,-3.150215,False
2011-07-15,25.7,9.6,24.384516,14.312258,30.0,1.315484,False
2011-07-16,19.5,15.5,24.453441,14.343118,30.0,-4.953441,False
2011-07-17,18.5,12.8,24.514194,14.354409,30.0,-6.014194,False
2011-07-18,18.6,12.8,24.582473,14.373226,30.01,-5.982473,False
2011-07-19,16.8,12.6,24.637849,14.422366,30.1,-7.837849,False
2011-07-20,18.0,12.7,24.704516,14.45,30.21,-6.704516,False
2011-07-21,19.8,14.1,24.806344,14.46871,30.3,-5.006344,False
2011-07-22,20.1,12.9,24.897312,14.503226,30.4,-4.797312,False
2011-07-23,17.4,11.0,24.99086,14.548065,30.5,-7.59086,False
2011-07-24,21.0,11.2,25.045591,14.602473,30.51,-4.045591,False
2011-07-25,23.4,14.7,25.092581,14.634731,30.6,-1.692581,False
2011-07-26,21.4,13.3,25.128495,14.647419,30.6,-3.728495,False
2011-07-27,18.4,13.3,25.173978,14.642796,30.7,-6.773978,False
2011-07-28,21.9,14.2,25.224731,14.662258,30.81,-3.324731,False
2011-07-29,22.6,13.6,25.235376,14.670968,30.9,-2.635376,False
2011-07-30,22.0,12.1,25.253226,14.672258,30.81,-3.253226,False
2011-07-31,24.3,9.2,25.243441,14.678065,30.7,-0.943441,False
2011-08-01,26.3,12.0,25.238065,14.645591,30.61,1.061935,False
2011-08-02,26.2,11.9,25.218495,14.64,30.61,0.981505,False
2011-08-03,25.7,17.6,25.202366,14.620968,30.6,0.497634,False
2011-08-04,22.6,15.5,25.174516,14.594301,30.51,-2.574516,False
2011-08-05,22.7,17.9,25.139462,14.555806,30.5,-2.439462,False
2011-08-06,20.2,13.9,25.125914,14.54,30.5,-4.925914,False
2011-08-07,20.6,11.9,25.102151,14.533226,30.4,-4.502151,False
2011-08-08,19.9,13.0,25.063763,14.508387,30.41,-5.163763,False
2011-08-09,20.0,10.4,25.004086,14.477204,30.41,-5.004086,False
2011-08-10,23.3,7.7,24.966667,14.451613,30.41,-1.666667,False
2011-08-11,25.3,11.7,24.933441,14.419462,30.41,0.366559,False
2011-08-12,23.0,17.6,24.863333,14.384194,30.4,-1.863333,False
2011-08-13,22.5,15.4,24.782581,14.321828,30.3,-2.282581,False
2011-08-14,21.0,16.9,24.663763,14.256022,30.3,-3.663763,False
2011-08-15,22.9,12.1,24.586344,14.17043,30.21,-1.686344,False
2011-08-16,26.5,13.8,24.489355,14.101935,30.11,2.010645,False
2011-08-17,23.9,14.2,24.344946,14.012688,30.0,-0.444946,False
2011-08-18,24.9,16.6,24.227527,13.906774,29.9,0.672473,False
2011-08-19,24.9,15.5,24.130215,13.803333,29.7,0.769785,False
2011-08-20,29.4,12.8,24.021613,13.728172,29.7,5.378387,False
2011-08-21,32.0,20.2,23.875054,13.655806,29.5,8.124946,False
2011-08-22,25.4,17.3,23.727204,13.571613,29.4,1.672796,False
2011-08-23,26.1,17.6,23.581505,13.477312,29.21,2.518495,False
2011-08-24,23.1,15.3,23.481398,13.365484,29.01,-0.381398,False
2011-08-25,23.9,16.2,23.399462,13.274624,29.0,0.500538,False
2011-08-26,19.0,13.6,23.32828,13.209677,29.0,-4.32828,False
2011-08-27,19.4,12.2,23.22043,13.144516,28.9,-3.82043,False
2011-08-28,19.3,11.0,23.091398,13.070215,28.71,-3.791398,False
2011-08-29,19.5,8.8,22.978387,12.98043,28.7,-3.478387,False
2011-08-30,20.0,9.9,22.863333,12.891183,28.7,-2.863333,False
2011-08-31,21.5,8.8,22.728172,12.79172,28.6,-1.228172,False
2011-09-01,25.1,13.2,22.589785,12.684946,28.5,2.510215,False
2011-09-02,28.3,15.7,22.452151,12.555054,28.3,5.847849,False
2011-09-03,29.6,15.6,22.296344,12.429247,28.21,7.303656,False
2011-09-04,21.9,14.0,22.149032,12.315376,28.11,-0.249032,False
2011-09-05,19.7,13.1,22.034731,12.199462,27.8,-2.334731,False
2011-09-06,20.7,12.3,21.915699,12.065269,27.6,-1.215699,False
2011-09-07,18.7,12.7,21.757312,11.956129,27.3,-3.057312,False
2011-09-08,19.4,12.7,21.62043,11.842473,27.2,-2.22043,False
2011-09-09,23.8,17.9,21.474839,11.735699,26.9,2.325161,False
2011-09-10,29.8,16.5,21.303763,11.608387,26.71,8.496237,False
2011-09-11,18.5,14.8,21.136989,11.472796,26.41,-2.636989,False
2011-09-12,22.5,14.3,21.013656,11.338065,26.3,1.486344,False
2011-09-13,20.0,13.4,20.902903,11.246022,26.2,-0.902903,False
2011-09-14,18.7,8.5,20.814409,11.186667,26.1,-2.114409,False
2011-09-15,20.5,7.6,20.701183,11.113118,26.1,-0.201183,False
2011-09-16,24.5,10.3,20.568817,11.063118,25.91,3.931183,False
2011-09-17,18.3,12.5,20.457957,11.020645,25.9,-2.157957,False
2011-09-18,15.8,8.8,20.314839,10.952043,25.8,-4.514839,False
2011-09-19,18.5,11.4,20.143656,10.876989,25.6,-1.643656,False
2011-09-20,19.0,13.2,19.958602,10.774839,25.31,-0.958602,False
2011-09-21,20.1,12.4,19.803978,10.674624,25.1,0.296022,False
2011-09-22,19.3,11.4,19.644516,10.58043,24.9,-0.344516,False
2011-09-23,19.8,8.8,19.49828,10.498387,24.8,0.30172,False
2011-09-24,22.4,7.5,19.35,10.436022,24.7,3.05,False
2011-09-25,25.2,12.4,19.185054,10.354946,24.5,6.014946,True
2011-09-26,25.4,13.3,19.026559,10.284409,24.1,6.373441,True
2011-09-27,25.3,12.4,18.878172,10.192688,23.7,6.421828,True
2011-09-28,27.7,12.6,18.753333,10.081935,23.7,8.946667,True
2011-09-29,28.0,12.1,18.627419,9.990968,23.7,9.372581,True
2011-09-30,28.9,11.6,18.475806,9.889355,23.51,10.424194,True
2011-10-01,28.0,11.6,18.327634,9.786129,23.3,9.672366,False
2011-10-02,26.9,12.3,18.149677,9.694946,23.11,8.750323,False
2011-10-03,28.3,10.2,17.984946,9.58086,23.1,10.315054,False
2011-10-04,21.4,14.0,17.818172,9.491398,23.0,3.581828,False
2011-10-05,19.5,14.3,17.633441,9.413226,22.8,1.866559,False
2011-10-06,18.7,10.3,17.453441,9.33,22.6,1.246559,False
2011-10-07,14.4,8.9,17.257419,9.264409,22.4,-2.857419,False
2011-10-08,13.8,9.1,17.095591,9.181935,22.21,-3.295591,False
2011-10-09,16.5,12.9,16.909892,9.105054,21.9,-0.409892,False
2011-10-10,18.1,14.9,16.763011,9.038495,21.6,1.336989,False
2011-10-11,17.2,14.8,16.63,8.962796,21.5,0.57,False
2011-10-12,16.8,13.7,16.474731,8.881935,21.4,0.325269,False
2011-10-13,19.0,11.1,16.295591,8.785161,21.2,2.704409,False
2011-10-14,16.0,7.1,16.107204,8.662473,21.1,-0.107204,False
2011-10-15,16.1,3.3,15.919247,8.534409,20.9,0.180753,False
2011-10-16,17.6,3.6,15.740753,8.407742,20.6,1.859247,False
2011-10-17,16.9,5.8,15.565699,8.274086,20.4,1.334301,False
2011-10-18,14.7,8.7,15.401935,8.144624,20.2,-0.701935,False
2011-10-19,12.9,4.4,15.272473,8.071398,20.01,-2.372473,False
2011-10-20,11.3,2.1,15.124731,7.952903,19.9,-3.824731,False
2011-10-21,11.6,0.6,14.97957,7.832688,19.8,-3.37957,False
2011-10-22,12.4,0.8,14.816774,7.714086,19.61,-2.416774,False
2011-10-23,18.0,5.2,14.655591,7.613978,19.5,3.344409,False
2011-10-24,17.7,6.4,14.485376,7.494301,19.3,3.214624,False
2011-10-25,14.9,9.2,14.299462,7.35871,19.2,0.600538,False
2011-10-26,15.2,7.3,14.103011,7.229892,19.0,1.096989,False
2011-10-27,16.8,7.2,13.913333,7.078172,18.7,2.886667,False
2011-10-28,17.1,10.8,13.718172,6.957634,18.5,3.381828,False
2011-10-29,16.8,12.4,13.52828,6.848065,18.2,3.27172,False
2011-10-30,16.2,10.1,13.336989,6.734301,18.0,2.863011,False
2011-10-31,16.5,8.6,13.151183,6.633118,17.9,3.348817,False
2011-11-01,13.5,8.3,12.946882,6.535054,17.61,0.553118,False
2011-11-02,17.5,8.1,12.756237,6.433226,17.5,4.743763,False
2011-11-03,16.5,14.0,12.572043,6.332688,17.4,3.927957,False
2011-11-04,17.4,10.8,12.382796,6.217312,17.2,5.017204,False
2011-11-05,15.7,12.5,12.198387,6.069032,17.1,3.501613,False
2011-11-06,14.6,11.7,12.006022,5.931935,16.8,2.593978,False
2011-11-07,11.5,9.1,11.81914,5.79871,16.6,-0.31914,False
2011-11-08,10.5,8.8,11.640968,5.681075,16.4,-1.140968,False
2011-11-09,15.5,8.8,11.469462,5.537742,16.31,4.030538,False
2011-11-10,13.0,7.0,11.299892,5.417634,16.2,1.700108,False
2011-11-11,9.5,7.3,11.116022,5.307312,15.9,-1.616022,False
2011-11-12,16.7,7.8,10.936774,5.192688,15.7,5.763226,False
2011-11-13,13.7,6.7,10.768817,5.09086,15.5,2.931183,False
2011-11-14,12.0,4.4,10.613226,4.978602,15.5,1.386774,False
2011-11-15,8.3,2.0,10.43129,4.863871,15.1,-2.13129,False
2011-11-16,8.3,0.7,10.242903,4.78043,14.8,-1.942903,False
2011-11-17,12.8,4.7,10.076344,4.677742,14.61,2.723656,False
2011-11-18,12.2,4.6,9.912366,4.582258,14.41,2.287634,False
2011-11-19,12.9,3.2,9.72828,4.446559,14.21,3.17172,False
2011-11-20,11.7,1.8,9.57043,4.348925,14.1,2.12957,False
2011-11-21,14.1,2.6,9.421075,4.254409,13.91,4.678925,False
2011-11-22,12.2,3.2,9.283226,4.150538,13.8,2.916774,False
2011-11-23,11.2,6.1,9.15828,4.035161,13.7,2.04172,False
2011-11-24,9.4,7.1,9.005806,3.926559,13.6,0.394194,False
2011-11-25,8.8,4.9,8.851505,3.8,13.5,-0.051505,False
2011-11-26,8.0,4.4,8.723656,3.690753,13.5,-0.723656,False
2011-11-27,13.1,5.7,8.586237,3.600108,13.4,4.513763,False
2011-11-28,8.9,3.8,8.456882,3.495699,13.2,0.443118,False
2011-11-29,11.6,5.3,8.310215,3.371183,13.1,3.289785,False
2011-11-30,11.3,4.7,8.164301,3.247527,12.91,3.135699,False
2011-12-01,13.0,6.8,8.06957,3.152366,12.8,4.93043,False
2011-12-02,12.3,5.3,8.008387,3.062688,12.8,4.291613,False
2011-12-03,11.7,5.8,7.954409,3.026452,12.7,3.745591,False
2011-12-04,12.6,8.6,7.920645,2.998495,12.61,4.679355,False
2011-12-05,8.6,4.5,7.876452,2.963548,12.6,0.723548,False
2011-12-06,8.2,4.9,7.843226,2.947634,12.6,0.356774,False
2011-12-07,10.6,5.8,7.816237,2.966667,12.6,2.783763,False
2011-12-08,11.0,4.3,7.782366,2.971828,12.51,3.217634,False
2011-12-09,11.3,6.3,7.736667,2.953441,12.5,3.563333,False
2011-12-10,8.0,2.2,7.665484,2.918065,12.4,0.334516,False
2011-12-11,9.3,-0.1,7.566237,2.812796,12.3,1.733763,False
2011-12-12,9.3,5.3,7.476559,2.733763,12.3,1.823441,False
2011-12-13,11.2,7.1,7.369355,2.642581,12.21,3.830645,False
2011-12-14,8.9,5.4,7.29086,2.527849,12.2,1.60914,False
2011-12-15,8.2,5.3,7.245161,2.492581,12.11,0.954839,False
2011-12-16,12.6,3.7,7.203656,2.466882,12.1,5.396344,False
2011-12-17,6.8,2.5,7.145269,2.414624,12.01,-0.345269,False
2011-12-18,5.2,1.8,7.100215,2.372043,12.0,-1.900215,False
2011-12-19,5.1,-1.2,7.056022,2.313226,12.01,-1.956022,False
2011-12-20,8.9,5.5,7.005376,2.260645,12.0,1.894624,False
2011-12-21,11.2,6.0,6.970753,2.22957,12.0,4.229247,False
2011-12-22,11.7,9.6,6.947527,2.212903,12.0,4.752473,False
2011-12-23,9.6,6.8,6.923226,2.220108,12.0,2.676774,False
2011-12-24,8.1,3.6,6.916129,2.240215,12.0,1.183871,False
2011-12-25,8.9,4.4,6.95129,2.25828,12.1,1.94871,False
2011-12-26,10.0,2.4,6.977419,2.290753,12.1,3.022581,False
2011-12-27,3.4,0.6,6.982903,2.3,12.0,-3.582903,False
2011-12-28,7.3,1.1,6.98172,2.297634,12.0,0.31828,False
2011-12-29,7.9,3.2,7.001613,2.315376,12.1,0.898387,False
2011-12-30,8.3,6.3,7.022796,2.333978,12.1,1.277204,False
2011-12-31,12.5,9.6,7.052903,2.354194,12.1,5.447097,False
2012-01-01,13.6,11.2,7.055161,2.352581,12.11,6.544839,False
2012-01-02,10.9,4.2,7.037742,2.345914,12.1,3.862258,False
2012-01-03,12.0,4.2,7.003763,2.30871,12.1,4.996237,False
2012-01-04,9.5,5.6,6.961183,2.287312,12.1,2.538817,False
2012-01-05,11.7,6.9,6.928065,2.273226,12.1,4.771935,False
2012-01-06,8.1,3.0,6.896344,2.22914,12.01,1.203656,False
2012-01-07,11.3,4.7,6.845376,2.169677,12.0,4.454624,False
2012-01-08,8.6,6.6,6.791828,2.116237,11.9,1.808172,False
2012-01-09,11.5,6.0,6.744409,2.053548,11.8,4.755591,False
2012-01-10,10.8,8.6,6.723548,1.996559,11.8,4.076452,False
2012-01-11,10.3,3.4,6.705376,1.980753,11.8,3.594624,False
2012-01-12,9.2,2.4,6.706882,1.967097,11.8,2.493118,False
2012-01-13,7.6,1.7,6.735806,1.980108,11.8,0.864194,False
2012-01-14,5.0,-1.7,6.731828,2.012473,11.8,-1.731828,False
2012-01-15,5.0,-2.0,6.702473,1.963011,11.8,-1.702473,False
2012-01-16,4.7,-1.6,6.692258,1.921398,11.8,-1.992258,False
2012-01-17,4.6,-4.6,6.713978,1.919677,11.8,-2.113978,False
2012-01-18,7.1,-0.4,6.707312,1.896882,11.8,0.392688,False
2012-01-19,12.3,7.6,6.710645,1.88086,11.8,5.589355,False
2012-01-20,8.7,6.5,6.727742,1.89828,11.8,1.972258,False
2012-01-21,12.2,8.4,6.756989,1.903333,11.8,5.443011,False
2012-01-22,10.0,7.5,6.780108,1.892473,11.8,3.219892,False
2012-01-23,9.2,5.3,6.785376,1.837849,11.8,2.414624,False
2012-01-24,8.5,3.4,6.784409,1.797419,11.8,1.715591,False
2012-01-25,10.0,8.6,6.764301,1.731183,11.8,3.235699,False
2012-01-26,8.8,3.1,6.763226,1.680645,11.8,2.036774,False
2012-01-27,8.8,0.5,6.776667,1.662688,11.8,2.023333,False
2012-01-28,4.8,3.3,6.797742,1.637204,11.81,-1.997742,False
2012-01-29,3.2,-0.4,6.78172,1.586882,11.8,-3.58172,False
2012-01-30,-0.1,-1.0,6.797419,1.555806,11.9,-6.897419,False
2012-01-31,0.4,-1.4,6.843656,1.55086,12.01,-6.443656,False
2012-02-01,-1.3,-4.8,6.875699,1.543548,12.1,-8.175699,False
2012-02-02,-1.9,-7.6,6.905699,1.543118,12.1,-8.805699,False
2012-02-03,-2.5,-9.3,6.963871,1.522258,12.1,-9.463871,False
2012-02-04,-2.1,-8.2,7.006667,1.487312,12.01,-9.106667,False
2012-02-05,-3.2,-7.1,7.066989,1.484839,12.1,-10.266989,False
2012-02-06,-0.7,-7.3,7.10086,1.480108,12.1,-7.80086,False
2012-02-07,-2.5,-9.3,7.163656,1.468065,12.2,-9.663656,False
2012-02-08,-2.1,-7.2,7.236022,1.485054,12.3,-9.336022,False
2012-02-09,0.3,-9.1,7.334301,1.514624,12.41,-7.034301,False
2012-02-10,-0.2,-7.0,7.429247,1.58172,12.5,-7.629247,False
2012-02-11,-0.8,-9.0,7.533763,1.634624,12.5,-8.333763,False
2012-02-12,-0.2,-9.9,7.62828,1.646022,12.6,-7.82828,False
2012-02-13,4.3,-0.8,7.707634,1.679247,12.7,-3.407634,False
2012-02-14,6.2,3.5,7.798172,1.724301,12.7,-1.598172,False
2012-02-15,8.0,3.2,7.898817,1.787204,12.71,0.101183,False
2012-02-16,7.7,4.2,8.004409,1.824409,12.8,-0.304409,False
2012-02-17,8.6,3.0,8.091828,1.841505,12.81,0.508172,False
2012-02-18,10.1,6.8,8.190215,1.883333,12.9,1.909785,False
2012-02-19,7.3,-1.8,8.284946,1.938495,12.91,-0.984946,False
2012-02-20,6.1,-3.2,8.400645,1.971828,13.01,-2.300645,False
2012-02-21,7.9,-3.1,8.535914,2.007957,13.3,-0.635914,False
2012-02-22,9.0,-3.5,8.671828,2.083871,13.5,0.328172,False
2012-02-23,11.1,5.0,8.824946,2.174624,13.7,2.275054,False
2012-02-24,12.7,8.6,8.987742,2.239355,14.0,3.712258,False
2012-02-25,11.5,8.2,9.132581,2.320538,14.21,2.367419,False
2012-02-26,10.1,4.2,9.271935,2.396129,14.5,0.828065,False
2012-02-27,11.8,1.2,9.414946,2.456559,14.6,2.385054,False
2012-02-28,11.2,6.1,9.593333,2.553118,14.7,1.606667,False
2012-02-29,14.1,4.1,9.70043,2.607204,14.8,4.39957,False
2012-03-01,10.9,6.7,9.807527,2.66129,14.9,1.092473,False
2012-03-02,9.8,7.6,9.97172,2.782151,15.0,-0.17172,False
2012-03-03,11.0,6.3,10.097419,2.878602,15.2,0.902581,False
2012-03-04,9.7,4.1,10.209247,2.969892,15.3,-0.509247,False
2012-03-05,8.1,3.2,10.352903,3.037312,15.4,-2.252903,False
2012-03-06,6.8,1.9,10.462366,3.131505,15.4,-3.662366,False
2012-03-07,7.6,0.3,10.592151,3.216129,15.5,-2.992151,False
2012-03-08,9.8,1.6,10.720645,3.25871,15.71,-0.920645,False
2012-03-09,12.2,-0.4,10.873871,3.353548,15.9,1.326129,False
2012-03-10,12.5,5.7,10.997527,3.437957,16.01,1.502473,False
2012-03-11,13.1,6.0,11.117312,3.483441,16.1,1.982688,False
2012-03-12,16.4,3.2,11.214731,3.523548,16.4,5.185269,False
2012-03-13,14.5,5.9,11.341935,3.553763,16.4,3.158065,False
2012-03-14,15.0,3.2,11.483656,3.61172,16.6,3.516344,False
2012-03-15,21.3,1.4,11.615914,3.719462,16.7,9.684086,False
2012-03-16,22.0,4.5,11.770215,3.798387,16.9,10.229785,False
2012-03-17,11.3,8.5,11.958495,3.857419,17.01,-0.658495,False
2012-03-18,9.5,6.1,12.135484,3.941935,17.3,-2.635484,False
2012-03-19,10.7,2.8,12.272903,4.052258,17.51,-1.572903,False
2012-03-20,12.9,-0.2,12.382903,4.135591,17.6,0.517097,False
2012-03-21,17.0,2.5,12.496022,4.197419,17.71,4.503978,False
2012-03-22,19.7,7.8,12.632796,4.253978,17.9,7.067204,False
2012-03-23,20.9,3.5,12.739032,4.322366,18.0,8.160968,False
2012-03-24,21.0,5.3,12.80914,4.356559,18.01,8.19086,False
2012-03-25,20.7,7.1,12.904409,4.375914,18.2,7.795591,False
2012-03-26,20.7,7.3,13.008925,4.415699,18.5,7.691075,False
2012-03-27,20.3,6.0,13.093011,4.455054,18.6,7.206989,False
2012-03-28,20.3,6.9,13.18129,4.505591,18.71,7.11871,False
2012-03-29,20.1,6.2,13.244946,4.558602,18.81,6.855054,False
2012-03-30,19.1,4.8,13.315914,4.612473,19.0,5.784086,False
2012-03-31,12.4,4.9,13.358925,4.642043,19.0,-0.958925,False
2012-04-01,12.4,1.8,13.386022,4.653763,19.01,-0.986022,False
2012-04-02,16.4,1.6,13.460645,4.670215,19.3,2.939355,False
2012-04-03,17.9,2.8,13.544731,4.709462,19.5,4.355269,False
2012-04-04,12.7,3.6,13.648495,4.731075,19.6,-0.948495,False
2012-04-05,12.2,5.3,13.773118,4.790215,19.8,-1.573118,False
2012-04-06,13.7,5.3,13.961183,4.864731,20.0,-0.261183,False
2012-04-07,11.9,2.9,14.142366,4.965484,20.3,-2.242366,False
2012-04-08,10.6,-0.6,14.286989,5.063226,20.4,-3.686989,False
2012-04-09,12.8,9.1,14.443441,5.133763,20.5,-1.643441,False
2012-04-10,10.9,5.1,14.59,5.246129,20.6,-3.69,False
2012-04-11,12.5,3.1,14.709462,5.367742,20.6,-2.209462,False
2012-04-12,12.9,3.1,14.827097,5.487742,20.7,-1.927097,False
2012-04-13,13.3,1.5,14.918817,5.614409,20.81,-1.618817,False
2012-04-14,12.6,4.8,15.01043,5.713011,21.11,-2.41043,False
2012-04-15,9.7,4.1,15.116129,5.794516,21.2,-5.416129,False
2012-04-16,10.1,1.6,15.20871,5.90043,21.31,-5.10871,False
2012-04-17,8.4,-0.5,15.274731,5.998387,21.6,-6.874731,False
2012-04-18,10.7,5.2,15.348387,6.085376,21.82,-4.648387,False
2012-04-19,12.9,5.0,15.444624,6.137957,22.01,-2.544624,False
2012-04-20,12.7,5.2,15.574839,6.232473,22.2,-2.874839,False
2012-04-21,12.2,5.6,15.71129,6.343871,22.6,-3.51129,False
2012-04-22,11.8,4.8,15.854194,6.464409,22.71,-4.054194,False
2012-04-23,10.7,3.7,15.991828,6.597742,22.81,-5.291828,False
2012-04-24,11.7,6.7,16.122151,6.772581,22.91,-4.422151,False
2012-04-25,12.8,6.7,16.255806,6.926129,23.1,-3.455806,False
2012-04-26,14.9,9.5,16.359677,7.070323,23.1,-1.459677,False
2012-04-27,13.8,9.7,16.451613,7.200215,23.1,-2.651613,False
2012-04-28,14.1,9.7,16.569785,7.323011,23.2,-2.469785,False
2012-04-29,16.5,10.0,16.683118,7.444409,23.3,-0.183118,False
2012-04-30,18.4,7.9,16.799355,7.532151,23.3,1.600645,False
2012-05-01,18.5,9.6,16.935376,7.641183,23.31,1.564624,False
2012-05-02,13.5,8.1,17.072688,7.783548,23.5,-3.572688,False
2012-05-03,19.2,9.9,17.192903,7.897097,23.5,2.007097,False
2012-05-04,17.6,9.7,17.302258,7.995269,23.61,0.297742,False
2012-05-05,15.5,9.5,17.421613,8.13086,23.6,-1.921613,False
2012-05-06,13.1,7.2,17.53,8.267849,23.61,-4.43,False
2012-05-07,17.0,5.6,17.583978,8.377312,23.7,-0.583978,False
2012-05-08,17.6,11.6,17.656989,8.459892,23.7,-0.056989,False
2012-05-09,21.4,14.6,17.760968,8.590108,23.8,3.639032,False
2012-05-10,27.3,15.4,17.879892,8.714731,24.1,9.420108,False
2012-05-11,19.4,11.3,17.999785,8.806022,24.2,1.400215,False
2012-05-12,16.0,8.0,18.142043,8.904731,24.3,-2.142043,False
2012-05-13,15.2,4.5,18.275699,9.007849,24.61,-3.075699,False
2012-05-14,19.2,4.8,18.429677,9.096344,24.7,0.770323,False
2012-05-15,11.4,6.1,18.576237,9.216237,24.7,-7.176237,False
2012-05-16,14.4,4.5,18.686667,9.325484,24.7,-4.286667,False
2012-05-17,15.3,3.7,18.832688,9.405914,24.8,-3.532688,False
2012-05-18,17.0,10.4,18.98871,9.543548,24.9,-1.98871,False
2012-05-19,18.8,7.5,19.098065,9.65914,24.9,-0.298065,False
2012-05-20,19.3,10.3,19.20957,9.780968,24.9,0.09043,False
2012-05-21,14.1,11.6,19.340538,9.899785,25.0,-5.240538,False
2012-05-22,18.0,12.1,19.457849,10.029032,25.11,-1.457849,False
2012-05-23,24.1,12.1,19.555699,10.152473,25.3,4.544301,False
2012-05-24,27.1,13.4,19.656452,10.234624,25.31,7.443548,True
2012-05-25,26.2,16.9,19.766022,10.300968,25.4,6.433978,True
2012-05-26,26.1,13.0,19.841505,10.382903,25.51,6.258495,True
2012-05-27,25.1,12.4,19.933333,10.462258,25.7,5.166667,False
2012-05-28,24.7,12.4,20.014946,10.552151,25.7,4.685054,False
2012-05-29,25.2,11.5,20.098065,10.640215,25.7,5.101935,False
2012-05-30,24.6,12.1,20.24086,10.741505,25.71,4.35914,False
2012-05-31,21.2,14.0,20.336559,10.893118,25.81,0.863441,False
2012-06-01,21.0,12.7,20.429355,10.999785,25.81,0.570645,False
2012-06-02,25.5,11.8,20.546237,11.08871,25.91,4.953763,False
2012-06-03,19.3,14.2,20.677097,11.206344,26.1,-1.377097,False
2012-06-04,16.6,8.5,20.822581,11.326129,26.21,-4.222581,False
2012-06-05,17.1,6.3,20.942796,11.438602,26.4,-3.842796,False
2012-06-06,20.1,13.7,21.027634,11.527312,26.41,-0.927634,False
2012-06-07,21.9,14.0,21.127634,11.601828,26.7,0.772366,False
2012-06-08,19.3,11.8,21.202043,11.69172,26.9,-1.902043,False
2012-06-09,17.8,8.8,21.305376,11.751075,27.0,-3.505376,False
2012-06-10,17.8,11.3,21.379677,11.842151,27.1,-3.579677,False
2012-06-11,18.4,13.1,21.495376,11.932258,27.2,-3.095376,False
2012-06-12,15.4,11.0,21.602796,12.033118,27.3,-6.202796,False
2012-06-13,16.8,10.9,21.733441,12.136022,27.4,-4.933441,False
2012-06-14,20.2,8.6,21.834516,12.236667,27.5,-1.634516,False
2012-06-15,20.7,14.8,21.926129,12.311613,27.61,-1.226129,False
2012-06-16,18.4,13.2,22.062151,12.416452,28.1,-3.662151,False
2012-06-17,21.4,10.4,22.15086,12.537312,28.12,-0.75086,False
2012-06-18,18.7,13.2,22.223871,12.597097,28.51,-3.523871,False
2012-06-19,19.9,11.3,22.335699,12.675914,28.6,-2.435699,False
2012-06-20,23.4,11.8,22.428172,12.774194,28.61,0.971828,False
2012-06-21,24.0,13.6,22.504194,12.844946,28.7,1.495806,False
2012-06-22,20.9,12.0,22.574409,12.888387,28.71,-1.674409,False
2012-06-23,20.8,11.7,22.633333,12.929462,28.8,-1.833333,False
2012-06-24,16.8,12.3,22.706129,12.993978,28.8,-5.906129,False
2012-06-25,20.5,11.5,22.772903,13.053011,28.9,-2.272903,False
2012-06-26,21.3,15.2,22.852258,13.122581,28.91,-1.552258,False
2012-06-27,26.2,16.1,22.920645,13.188172,28.91,3.279355,False
2012-06-28,31.4,17.8,23.023011,13.255484,29.01,8.376989,False
2012-06-29,21.5,16.1,23.11,13.338172,29.1,-1.61,False
2012-06-30,23.1,13.2,23.213226,13.40172,29.4,-0.113226,False
2012-07-01,20.5,13.2,23.345914,13.453978,29.4,-2.845914,False
2012-07-02,23.3,10.3,23.444194,13.534731,29.5,-0.144194,False
2012-07-03,23.2,14.7,23.538925,13.616559,29.61,-0.338925,False
2012-07-04,25.8,17.2,23.630753,13.692258,29.71,2.169247,False
2012-07-05,22.2,14.8,23.709032,13.773763,29.8,-1.509032,False
2012-07-06,20.5,13.9,23.797204,13.825484,29.8,-3.297204,False
2012-07-07,21.2,13.3,23.9,13.868817,29.9,-2.7,False
2012-07-08,19.9,15.3,24.007312,13.954301,29.9,-4.107312,False
2012-07-09,21.8,14.5,24.111183,14.031398,29.9,-2.311183,False
2012-07-10,19.5,14.9,24.169247,14.104409,30.0,-4.669247,False
2012-07-11,18.8,13.7,24.231183,14.15957,30.0,-5.431183,False
2012-07-12,17.6,12.6,24.265269,14.217527,30.01,-6.665269,False
2012-07-13,18.7,13.4,24.302151,14.260753,30.0,-5.602151,False
2012-07-14,20.3,12.7,24.350215,14.277634,29.9,-4.050215,False
2012-07-15,18.5,11.6,24.384516,14.312258,30.0,-5.884516,False
2012-07-16,21.4,9.2,24.453441,14.343118,30.0,-3.053441,False
2012-07-17,24.7,15.8,24.514194,14.354409,30.0,0.185806,False
2012-07-18,26.0,15.4,24.582473,14.373226,30.01,1.417527,False
2012-07-19,20.7,15.0,24.637849,14.422366,30.1,-3.937849,False
2012-07-20,19.8,12.0,24.704516,14.45,30.21,-4.904516,False
2012-07-21,20.7,9.3,24.806344,14.46871,30.3,-4.106344,False
2012-07-22,23.6,10.7,24.897312,14.503226,30.4,-1.297312,False
2012-07-23,26.2,10.8,24.99086,14.548065,30.5,1.20914,False
2012-07-24,29.0,12.3,25.045591,14.602473,30.51,3.954409,False
2012-07-25,31.0,14.4,25.092581,14.634731,30.6,5.907419,False
2012-07-26,31.9,16.4,25.128495,14.647419,30.6,6.771505,False
2012-07-27,28.4,19.6,25.173978,14.642796,30.7,3.226022,False
2012-07-28,23.6,14.6,25.224731,14.662258,30.81,-1.624731,False
2012-07-29,20.7,11.0,25.235376,14.670968,30.9,-4.535376,False
2012-07-30,19.5,10.4,25.253226,14.672258,30.81,-5.753226,False
2012-07-31,24.4,11.4,25.243441,14.678065,30.7,-0.843441,False
2012-08-01,27.9,12.5,25.238065,14.645591,30.61,2.661935,False
2012-08-02,24.0,16.1,25.218495,14.64,30.61,-1.218495,False
2012-08-03,23.2,13.4,25.202366,14.620968,30.6,-2.002366,False
2012-08-04,23.9,13.9,25.174516,14.594301,30.51,-1.274516,False
2012-08-05,21.6,13.9,25.139462,14.555806,30.5,-3.539462,False
2012-08-06,21.2,13.8,25.125914,14.54,30.5,-3.925914,False
2012-08-07,22.3,12.9,25.102151,14.533226,30.4,-2.802151,False
2012-08-08,26.2,12.8,25.063763,14.508387,30.41,1.136237,False
2012-08-09,26.2,14.8,25.004086,14.477204,30.41,1.195914,False
2012-08-10,26.4,13.2,24.966667,14.451613,30.41,1.433333,False
2012-08-11,27.8,12.1,24.933441,14.419462,30.41,2.866559,False
2012-08-12,25.9,13.8,24.863333,14.384194,30.4,1.036667,False
2012-08-13,25.4,15.2,24.782581,14.321828,30.3,0.617419,False
2012-08-14,25.1,14.7,24.663763,14.256022,30.3,0.436237,False
2012-08-15,28.1,16.2,24.586344,14.17043,30.21,3.513656,False
2012-08-16,26.7,13.4,24.489355,14.101935,30.11,2.210645,False
2012-08-17,32.2,15.9,24.344946,14.012688,30.0,7.855054,True
2012-08-18,37.4,17.7,24.227527,13.906774,29.9,13.172473,True
2012-08-19,36.2,18.0,24.130215,13.803333,29.7,12.069785,True
2012-08-20,28.5,17.6,24.021613,13.728172,29.7,4.478387,False
2012-08-21,29.7,18.3,23.875054,13.655806,29.5,5.824946,False
2012-08-22,24.2,14.0,23.727204,13.571613,29.4,0.472796,False
2012-08-23,25.1,11.3,23.581505,13.477312,29.21,1.518495,False
2012-08-24,23.7,14.6,23.481398,13.365484,29.01,0.218602,False
2012-08-25,24.0,16.1,23.399462,13.274624,29.0,0.600538,False
2012-08-26,22.7,15.0,23.32828,13.209677,29.0,-0.62828,False
2012-08-27,27.2,15.1,23.22043,13.144516,28.9,3.97957,False
2012-08-28,25.9,17.2,23.091398,13.070215,28.71,2.808602,False
2012-08-29,26.2,15.0,22.978387,12.98043,28.7,3.221613,False
2012-08-30,21.4,13.8,22.863333,12.891183,28.7,-1.463333,False
2012-08-31,18.1,10.6,22.728172,12.79172,28.6,-4.628172,False
2012-09-01,21.1,5.9,22.589785,12.684946,28.5,-1.489785,False
2012-09-02,22.6,10.6,22.452151,12.555054,28.3,0.147849,False
2012-09-03,22.0,14.0,22.296344,12.429247,28.21,-0.296344,False
2012-09-04,25.3,13.4,22.149032,12.315376,28.11,3.150968,False
2012-09-05,24.0,14.1,22.034731,12.199462,27.8,1.965269,False
2012-09-06,22.8,9.6,21.915699,12.065269,27.6,0.884301,False
2012-09-07,26.0,7.2,21.757312,11.956129,27.3,4.242688,False
2012-09-08,28.9,9.2,21.62043,11.842473,27.2,7.27957,False
2012-09-09,30.8,9.8,21.474839,11.735699,26.9,9.325161,False
2012-09-10,26.4,16.5,21.303763,11.608387,26.71,5.096237,False
2012-09-11,18.9,11.8,21.136989,11.472796,26.41,-2.236989,False
2012-09-12,16.7,11.4,21.013656,11.338065,26.3,-4.313656,False
2012-09-13,18.1,9.4,20.902903,11.246022,26.2,-2.802903,False
2012-09-14,17.3,8.1,20.814409,11.186667,26.1,-3.514409,False
2012-09-15,21.5,11.5,20.701183,11.113118,26.1,0.798817,False
2012-09-16,23.3,8.2,20.568817,11.063118,25.91,2.731183,False
2012-09-17,22.6,10.9,20.457957,11.020645,25.9,2.142043,False
2012-09-18,18.8,10.1,20.314839,10.952043,25.8,-1.514839,False
2012-09-19,17.2,6.9,20.143656,10.876989,25.6,-2.943656,False
2012-09-20,17.9,5.2,19.958602,10.774839,25.31,-2.058602,False
2012-09-21,17.8,5.2,19.803978,10.674624,25.1,-2.003978,False
2012-09-22,17.6,8.0,19.644516,10.58043,24.9,-2.044516,False
2012-09-23,23.5,10.9,19.49828,10.498387,24.8,4.00172,False
2012-09-24,18.5,13.6,19.35,10.436022,24.7,-0.85,False
2012-09-25,16.2,12.0,19.185054,10.354946,24.5,-2.985054,False
2012-09-26,16.3,11.9,19.026559,10.284409,24.1,-2.726559,False
2012-09-27,15.6,9.4,18.878172,10.192688,23.7,-3.278172,False
2012-09-28,18.2,7.6,18.753333,10.081935,23.7,-0.553333,False
2012-09-29,17.6,7.2,18.627419,9.990968,23.7,-1.027419,False
2012-09-30,17.6,3.3,18.475806,9.889355,23.51,-0.875806,False
2012-10-01,19.0,4.7,18.327634,9.786129,23.3,0.672366,False
2012-10-02,18.8,12.5,18.149677,9.694946,23.11,0.650323,False
2012-10-03,17.4,13.1,17.984946,9.58086,23.1,-0.584946,False
2012-10-04,17.6,12.6,17.818172,9.491398,23.0,-0.218172,False
2012-10-05,20.5,14.2,17.633441,9.413226,22.8,2.866559,False
2012-10-06,18.0,13.3,17.453441,9.33,22.6,0.546559,False
2012-10-07,15.6,10.2,17.257419,9.264409,22.4,-1.657419,False
2012-10-08,16.7,10.2,17.095591,9.181935,22.21,-0.395591,False
2012-10-09,16.3,13.3,16.909892,9.105054,21.9,-0.609892,False
2012-10-10,14.6,12.1,16.763011,9.038495,21.6,-2.163011,False
2012-10-11,17.3,12.7,16.63,8.962796,21.5,0.67,False
2012-10-12,15.4,9.7,16.474731,8.881935,21.4,-1.074731,False
2012-10-13,11.0,7.0,16.295591,8.785161,21.2,-5.295591,False
2012-10-14,8.5,5.2,16.107204,8.662473,21.1,-7.607204,False
2012-10-15,13.7,4.3,15.919247,8.534409,20.9,-2.219247,False
2012-10-16,14.8,8.4,15.740753,8.407742,20.6,-0.940753,False
2012-10-17,15.2,9.2,15.565699,8.274086,20.4,-0.365699,False
2012-10-18,20.0,13.2,15.401935,8.144624,20.2,4.598065,False
2012-10-19,19.0,13.9,15.272473,8.071398,20.01,3.727527,False
2012-10-20,15.4,13.5,15.124731,7.952903,19.9,0.275269,False
2012-10-21,21.5,13.2,14.97957,7.832688,19.8,6.52043,False
2012-10-22,22.7,12.9,14.816774,7.714086,19.61,7.883226,False
2012-10-23,17.3,10.1,14.655591,7.613978,19.5,2.644409,False
2012-10-24,13.7,8.1,14.485376,7.494301,19.3,-0.785376,False
2012-10-25,14.5,7.2,14.299462,7.35871,19.2,0.200538,False
2012-10-26,11.2,4.9,14.103011,7.229892,19.0,-2.903011,False
2012-10-27,7.3,2.0,13.913333,7.078172,18.7,-6.613333,False
2012-10-28,9.6,0.3,13.718172,6.957634,18.5,-4.118172,False
2012-10-29,10.6,4.3,13.52828,6.848065,18.2,-2.92828,False
2012-10-30,11.4,5.0,13.336989,6.734301,18.0,-1.936989,False
2012-10-31,12.3,1.1,13.151183,6.633118,17.9,-0.851183,False
2012-11-01,11.5,5.7,12.946882,6.535054,17.61,-1.446882,False
2012-11-02,9.1,5.1,12.756237,6.433226,17.5,-3.656237,False
2012-11-03,11.2,6.2,12.572043,6.332688,17.4,-1.372043,False
2012-11-04,11.2,5.1,12.382796,6.217312,17.2,-1.182796,False
2012-11-05,10.6,5.0,12.198387,6.069032,17.1,-1.598387,False
2012-11-06,10.2,2.5,12.006022,5.931935,16.8,-1.806022,False
2012-11-07,11.7,6.8,11.81914,5.79871,16.6,-0.11914,False
2012-11-08,10.0,4.2,11.640968,5.681075,16.4,-1.640968,False
2012-11-09,9.6,1.6,11.469462,5.537742,16.31,-1.869462,False
2012-11-10,13.1,6.1,11.299892,5.417634,16.2,1.800108,False
2012-11-11,8.0,4.3,11.116022,5.307312,15.9,-3.116022,False
2012-11-12,8.1,3.4,10.936774,5.192688,15.7,-2.836774,False
2012-11-13,8.7,4.2,10.768817,5.09086,15.5,-2.068817,False
2012-11-14,5.1,2.6,10.613226,4.978602,15.5,-5.513226,False
2012-11-15,4.5,2.9,10.43129,4.863871,15.1,-5.93129,False
2012-11-16,5.5,2.1,10.242903,4.78043,14.8,-4.742903,False
2012-11-17,10.2,4.8,10.076344,4.677742,14.61,0.123656,False
2012-11-18,9.1,7.2,9.912366,4.582258,14.41,-0.812366,False
2012-11-19,11.5,7.2,9.72828,4.446559,14.21,1.77172,False
2012-11-20,10.6,7.0,9.57043,4.348925,14.1,1.02957,False
2012-11-21,11.0,5.2,9.421075,4.254409,13.91,1.578925,False
2012-11-22,8.7,3.7,9.283226,4.150538,13.8,-0.583226,False
2012-11-23,10.1,6.2,9.15828,4.035161,13.7,0.94172,False
2012-11-24,14.4,6.4,9.005806,3.926559,13.6,5.394194,False
2012-11-25,13.2,6.8,8.851505,3.8,13.5,4.348495,False
2012-11-26,11.7,7.3,8.723656,3.690753,13.5,2.976344,False
2012-11-27,7.7,4.6,8.586237,3.600108,13.4,-0.886237,False
2012-11-28,7.9,4.5,8.456882,3.495699,13.2,-0.556882,False
2012-11-29,6.8,1.9,8.310215,3.371183,13.1,-1.510215,False
2012-11-30,4.6,-0.2,8.164301,3.247527,12.91,-3.564301,False
2012-12-01,4.2,-0.9,8.06957,3.152366,12.8,-3.86957,False
2012-12-02,5.6,-0.3,8.008387,3.062688,12.8,-2.408387,False
2012-12-03,10.8,1.1,7.954409,3.026452,12.7,2.845591,False
2012-12-04,7.2,3.4,7.920645,2.998495,12.61,-0.720645,False
2012-12-05,4.4,1.6,7.876452,2.963548,12.6,-3.476452,False
2012-12-06,3.2,0.1,7.843226,2.947634,12.6,-4.643226,False
2012-12-07,4.5,0.3,7.816237,2.966667,12.6,-3.316237,False
2012-12-08,4.0,-0.8,7.782366,2.971828,12.51,-3.782366,False
2012-12-09,6.7,-0.5,7.736667,2.953441,12.5,-1.036667,False
2012-12-10,6.0,2.0,7.665484,2.918065,12.4,-1.665484,False
2012-12-11,3.4,-2.5,7.566237,2.812796,12.3,-4.166237,False
2012-12-12,1.3,-3.9,7.476559,2.733763,12.3,-6.176559,False
2012-12-13,3.9,-3.9,7.369355,2.642581,12.21,-3.469355,False
2012-12-14,10.8,3.9,7.29086,2.527849,12.2,3.50914,False
2012-12-15,10.8,7.4,7.245161,2.492581,12.11,3.554839,False
2012-12-16,10.1,7.1,7.203656,2.466882,12.1,2.896344,False
2012-12-17,9.7,5.3,7.145269,2.414624,12.01,2.554731,False
2012-12-18,8.1,3.0,7.100215,2.372043,12.0,0.999785,False
2012-12-19,7.4,2.3,7.056022,2.313226,12.01,0.343978,False
2012-12-20,9.4,5.2,7.005376,2.260645,12.0,2.394624,False
2012-12-21,9.2,5.0,6.970753,2.22957,12.0,2.229247,False
2012-12-22,13.5,4.9,6.947527,2.212903,12.0,6.552473,False
2012-12-23,13.8,11.7,6.923226,2.220108,12.0,6.876774,False
2012-12-24,12.3,7.8,6.916129,2.240215,12.0,5.383871,False
2012-12-25,11.8,8.6,6.95129,2.25828,12.1,4.84871,False
2012-12-26,10.6,7.3,6.977419,2.290753,12.1,3.622581,False
2012-12-27,10.7,7.8,6.982903,2.3,12.0,3.717097,False
2012-12-28,11.0,7.0,6.98172,2.297634,12.0,4.01828,False
2012-12-29,12.5,7.3,7.001613,2.315376,12.1,5.498387,False
2012-12-30,10.0,6.0,7.022796,2.333978,12.1,2.977204,False
2012-12-31,10.6,6.8,7.052903,2.354194,12.1,3.547097,False
2013-01-01,8.8,2.8,7.055161,2.352581,12.11,1.744839,False
2013-01-02,8.2,2.2,7.037742,2.345914,12.1,1.162258,False
2013-01-03,10.7,7.1,7.003763,2.30871,12.1,3.696237,False
2013-01-04,9.5,8.6,6.961183,2.287312,12.1,2.538817,False
2013-01-05,8.6,7.3,6.928065,2.273226,12.1,1.671935,False
2013-01-06,7.2,6.2,6.896344,2.22914,12.01,0.303656,False
2013-01-07,6.4,5.3,6.845376,2.169677,12.0,-0.445376,False
2013-01-08,5.7,3.8,6.791828,2.116237,11.9,-1.091828,False
2013-01-09,5.1,3.3,6.744409,2.053548,11.8,-1.644409,False
2013-01-10,8.5,5.2,6.723548,1.996559,11.8,1.776452,False
2013-01-11,7.0,1.5,6.705376,1.980753,11.8,0.294624,False
2013-01-12,5.3,2.1,6.706882,1.967097,11.8,-1.406882,False
2013-01-13,3.9,-0.4,6.735806,1.980108,11.8,-2.835806,False
2013-01-14,1.5,-3.1,6.731828,2.012473,11.8,-5.231828,False
2013-01-15,2.8,-0.9,6.702473,1.963011,11.8,-3.902473,False
2013-01-16,-0.6,-4.4,6.692258,1.921398,11.8,-7.292258,False
2013-01-17,-1.6,-6.0,6.713978,1.919677,11.8,-8.313978,False
2013-01-18,-1.7,-5.6,6.707312,1.896882,11.8,-8.407312,False
2013-01-19,-0.9,-2.5,6.710645,1.88086,11.8,-7.610645,False
2013-01-20,-0.4,-4.1,6.727742,1.89828,11.8,-7.127742,False
2013-01-21,0.8,-1.8,6.756989,1.903333,11.8,-5.956989,False
2013-01-22,2.3,-0.4,6.780108,1.892473,11.8,-4.480108,False
2013-01-23,3.3,0.8,6.785376,1.837849,11.8,-3.485376,False
2013-01-24,1.9,-3.2,6.784409,1.797419,11.8,-4.884409,False
2013-01-25,-1.7,-3.8,6.764301,1.731183,11.8,-8.464301,False
2013-01-26,4.4,-3.0,6.763226,1.680645,11.8,-2.363226,False
2013-01-27,8.2,2.0,6.776667,1.662688,11.8,1.423333,False
2013-01-28,9.6,2.3,6.797742,1.637204,11.81,2.802258,False
2013-01-29,12.1,9.7,6.78172,1.586882,11.8,5.31828,False
2013-01-30,13.2,7.2,6.797419,1.555806,11.9,6.402581,False
2013-01-31,11.0,4.6,6.843656,1.55086,12.01,4.156344,False
2013-02-01,10.2,5.4,6.875699,1.543548,12.1,3.324301,False
2013-02-02,5.5,1.6,6.905699,1.543118,12.1,-1.405699,False
2013-02-03,6.1,-0.3,6.963871,1.522258,12.1,-0.863871,False
2013-02-04,11.4,6.5,7.006667,1.487312,12.01,4.393333,False
2013-02-05,7.0,2.0,7.066989,1.484839,12.1,-0.066989,False
2013-02-06,6.1,2.5,7.10086,1.480108,12.1,-1.00086,False
2013-02-07,4.9,1.6,7.163656,1.468065,12.2,-2.263656,False
2013-02-08,4.9,-0.5,7.236022,1.485054,12.3,-2.336022,False
2013-02-09,2.9,-1.0,7.334301,1.514624,12.41,-4.434301,False
2013-02-10,4.3,-1.0,7.429247,1.58172,12.5,-3.129247,False
2013-02-11,7.4,1.9,7.533763,1.634624,12.5,-0.133763,False
2013-02-12,2.8,0.6,7.62828,1.646022,12.6,-4.82828,False
2013-02-13,1.1,-1.5,7.707634,1.679247,12.7,-6.607634,False
2013-02-14,6.4,-1.6,7.798172,1.724301,12.7,-1.398172,False
2013-02-15,9.0,2.6,7.898817,1.787204,12.71,1.101183,False
2013-02-16,6.5,-0.4,8.004409,1.824409,12.8,-1.504409,False
2013-02-17,6.0,0.5,8.091828,1.841505,12.81,-2.091828,False
2013-02-18,7.2,-1.3,8.190215,1.883333,12.9,-0.990215,False
2013-02-19,8.7,-2.9,8.284946,1.938495,12.91,0.415054,False
2013-02-20,6.8,-0.3,8.400645,1.971828,13.01,-1.600645,False
2013-02-21,1.9,-2.6,8.535914,2.007957,13.3,-6.635914,False
2013-02-22,-0.2,-3.3,8.671828,2.083871,13.5,-8.871828,False
2013-02-23,-1.4,-4.2,8.824946,2.174624,13.7,-10.224946,False
2013-02-24,0.9,-2.0,8.987742,2.239355,14.0,-8.087742,False
2013-02-25,1.2,-0.4,9.132581,2.320538,14.21,-7.932581,False
2013-02-26,3.6,0.8,9.271935,2.396129,14.5,-5.671935,False
2013-02-27,3.1,1.8,9.414946,2.456559,14.6,-6.314946,False
2013-02-28,3.2,1.7,9.593333,2.553118,14.7,-6.393333,False
2013-03-01,3.2,2.0,9.807527,2.66129,14.9,-6.607527,False
2013-03-02,2.8,0.8,9.97172,2.782151,15.0,-7.17172,False
2013-03-03,7.0,-0.5,10.097419,2.878602,15.2,-3.097419,False
2013-03-04,14.2,-0.9,10.209247,2.969892,15.3,3.990753,False
2013-03-05,14.7,4.7,10.352903,3.037312,15.4,4.347097,False
2013-03-06,14.5,8.9,10.462366,3.131505,15.4,4.037634,False
2013-03-07,13.6,9.0,10.592151,3.216129,15.5,3.007849,False
2013-03-08,12.0,8.7,10.720645,3.25871,15.71,1.279355,False
2013-03-09,14.7,6.4,10.873871,3.353548,15.9,3.826129,False
2013-03-10,8.3,2.9,10.997527,3.437957,16.01,-2.697527,False
2013-03-11,2.5,0.8,11.117312,3.483441,16.1,-8.617312,False
2013-03-12,1.8,-3.4,11.214731,3.523548,16.4,-9.414731,False
2013-03-13,2.1,-7.8,11.341935,3.553763,16.4,-9.241935,False
2013-03-14,3.9,-2.9,11.483656,3.61172,16.6,-7.583656,False
2013-03-15,6.9,-4.0,11.615914,3.719462,16.7,-4.715914,False
2013-03-16,8.4,2.1,11.770215,3.798387,16.9,-3.370215,False
2013-03-17,8.6,1.8,11.958495,3.857419,17.01,-3.358495,False
2013-03-18,6.6,1.5,12.135484,3.941935,17.3,-5.535484,False
2013-03-19,9.0,3.2,12.272903,4.052258,17.51,-3.272903,False
2013-03-20,8.6,1.5,12.382903,4.135591,17.6,-3.782903,False
2013-03-21,9.4,0.1,12.496022,4.197419,17.71,-3.096022,False
2013-03-22,12.8,4.4,12.632796,4.253978,17.9,0.167204,False
2013-03-23,11.9,6.1,12.739032,4.322366,18.0,-0.839032,False
2013-03-24,6.5,3.7,12.80914,4.356559,18.01,-6.30914,False
2013-03-25,7.1,2.5,12.904409,4.375914,18.2,-5.804409,False
2013-03-26,5.5,1.3,13.008925,4.415699,18.5,-7.508925,False
2013-03-27,4.8,0.9,13.093011,4.455054,18.6,-8.293011,False
2013-03-28,6.0,0.1,13.18129,4.505591,18.71,-7.18129,False
2013-03-29,6.0,-2.5,13.244946,4.558602,18.81,-7.244946,False
2013-03-30,5.4,0.3,13.315914,4.612473,19.0,-7.915914,False
2013-03-31,5.2,-2.3,13.358925,4.642043,19.0,-8.158925,False
2013-04-01,9.1,-1.2,13.386022,4.653763,19.01,-4.286022,False
2013-04-02,9.6,-0.3,13.460645,4.670215,19.3,-3.860645,False
2013-04-03,8.0,0.8,13.544731,4.709462,19.5,-5.544731,False
2013-04-04,7.9,0.7,13.648495,4.731075,19.6,-5.748495,False
2013-04-05,8.0,3.1,13.773118,4.790215,19.8,-5.773118,False
2013-04-06,7.0,2.2,13.961183,4.864731,20.0,-6.961183,False
2013-04-07,10.0,-0.7,14.142366,4.965484,20.3,-4.142366,False
2013-04-08,10.1,4.2,14.286989,5.063226,20.4,-4.186989,False
2013-04-09,11.5,5.9,14.443441,5.133763,20.5,-2.943441,False
2013-04-10,11.8,8.2,14.59,5.246129,20.6,-2.79,False
2013-04-11,13.8,9.7,14.709462,5.367742,20.6,-0.909462,False
2013-04-12,13.6,8.9,14.827097,5.487742,20.7,-1.227097,False
2013-04-13,13.7,6.2,14.918817,5.614409,20.81,-1.218817,False
2013-04-14,25.3,11.3,15.01043,5.713011,21.11,10.28957,False
2013-04-15,19.2,11.8,15.116129,5.794516,21.2,4.083871,False
2013-04-16,18.4,10.5,15.20871,5.90043,21.31,3.19129,False
2013-04-17,24.3,11.2,15.274731,5.998387,21.6,9.025269,False
2013-04-18,16.8,9.9,15.348387,6.085376,21.82,1.451613,False
2013-04-19,11.8,4.8,15.444624,6.137957,22.01,-3.644624,False
2013-04-20,12.7,4.2,15.574839,6.232473,22.2,-2.874839,False
2013-04-21,14.8,2.8,15.71129,6.343871,22.6,-0.91129,False
2013-04-22,13.8,1.8,15.854194,6.464409,22.71,-2.054194,False
2013-04-23,17.2,5.7,15.991828,6.597742,22.81,1.208172,False
2013-04-24,22.5,5.5,16.122151,6.772581,22.91,6.377849,False
2013-04-25,25.2,8.7,16.255806,6.926129,23.1,8.944194,False
2013-04-26,16.2,6.4,16.359677,7.070323,23.1,-0.159677,False
2013-04-27,10.2,4.3,16.451613,7.200215,23.1,-6.251613,False
2013-04-28,11.6,4.3,16.569785,7.323011,23.2,-4.969785,False
2013-04-29,14.8,1.6,16.683118,7.444409,23.3,-1.883118,False
2013-04-30,13.4,5.8,16.799355,7.532151,23.3,-3.399355,False
2013-05-01,13.7,8.3,16.935376,7.641183,23.31,-3.235376,False
2013-05-02,16.8,6.6,17.072688,7.783548,23.5,-0.272688,False
2013-05-03,16.6,7.9,17.192903,7.897097,23.5,-0.592903,False
2013-05-04,17.2,5.7,17.302258,7.995269,23.61,-0.102258,False
2013-05-05,18.1,9.7,17.421613,8.13086,23.6,0.678387,False
2013-05-06,18.2,7.1,17.53,8.267849,23.61,0.67,False
2013-05-07,20.8,8.3,17.583978,8.377312,23.7,3.216022,False
2013-05-08,19.7,11.5,17.656989,8.459892,23.7,2.043011,False
2013-05-09,16.2,10.0,17.760968,8.590108,23.8,-1.560968,False
2013-05-10,14.3,8.1,17.879892,8.714731,24.1,-3.579892,False
2013-05-11,16.2,10.2,17.999785,8.806022,24.2,-1.799785,False
2013-05-12,15.2,7.7,18.142043,8.904731,24.3,-2.942043,False
2013-05-13,15.7,11.5,18.275699,9.007849,24.61,-2.575699,False
2013-05-14,14.6,9.8,18.429677,9.096344,24.7,-3.829677,False
2013-05-15,14.7,8.1,18.576237,9.216237,24.7,-3.876237,False
2013-05-16,14.2,8.3,18.686667,9.325484,24.7,-4.486667,False
2013-05-17,15.1,6.5,18.832688,9.405914,24.8,-3.732688,False
2013-05-18,15.2,6.3,18.98871,9.543548,24.9,-3.78871,False
2013-05-19,14.3,9.5,19.098065,9.65914,24.9,-4.798065,False
2013-05-20,11.8,9.7,19.20957,9.780968,24.9,-7.40957,False
2013-05-21,11.6,10.2,19.340538,9.899785,25.0,-7.740538,False
2013-05-22,15.0,8.3,19.457849,10.029032,25.11,-4.457849,False
2013-05-23,11.1,3.9,19.555699,10.152473,25.3,-8.455699,False
2013-05-24,8.5,2.8,19.656452,10.234624,25.31,-11.156452,False
2013-05-25,13.4,4.8,19.766022,10.300968,25.4,-6.366022,False
2013-05-26,15.6,5.5,19.841505,10.382903,25.51,-4.241505,False
2013-05-27,18.0,3.2,19.933333,10.462258,25.7,-1.933333,False
2013-05-28,13.4,8.3,20.014946,10.552151,25.7,-6.614946,False
2013-05-29,15.2,5.9,20.098065,10.640215,25.7,-4.898065,False
2013-05-30,14.3,9.3,20.24086,10.741505,25.71,-5.94086,False
2013-05-31,16.1,10.5,20.336559,10.893118,25.81,-4.236559,False
2013-06-01,19.5,10.1,20.429355,10.999785,25.81,-0.929355,False
2013-06-02,17.2,9.6,20.546237,11.08871,25.91,-3.346237,False
2013-06-03,16.5,7.4,20.677097,11.206344,26.1,-4.177097,False
2013-06-04,18.4,7.8,20.822581,11.326129,26.21,-2.422581,False
2013-06-05,23.9,9.3,20.942796,11.438602,26.4,2.957204,False
2013-06-06,26.6,12.5,21.027634,11.527312,26.41,5.572366,False
2013-06-07,27.0,14.9,21.127634,11.601828,26.7,5.872366,False
2013-06-08,24.7,14.2,21.202043,11.69172,26.9,3.497957,False
2013-06-09,15.4,12.3,21.305376,11.751075,27.0,-5.905376,False
2013-06-10,18.7,11.3,21.379677,11.842151,27.1,-2.679677,False
2013-06-11,19.4,11.2,21.495376,11.932258,27.2,-2.095376,False
2013-06-12,21.2,15.2,21.602796,12.033118,27.3,-0.402796,False
2013-06-13,18.2,11.3,21.733441,12.136022,27.4,-3.533441,False
2013-06-14,19.1,7.8,21.834516,12.236667,27.5,-2.734516,False
2013-06-15,19.1,12.1,21.926129,12.311613,27.61,-2.826129,False
2013-06-16,22.5,10.0,22.062151,12.416452,28.1,0.437849,False
2013-06-17,26.3,15.2,22.15086,12.537312,28.12,4.14914,False
2013-06-18,27.0,17.0,22.223871,12.597097,28.51,4.776129,False
2013-06-19,24.9,17.9,22.335699,12.675914,28.6,2.564301,False
2013-06-20,21.9,15.1,22.428172,12.774194,28.61,-0.528172,False
2013-06-21,18.8,14.5,22.504194,12.844946,28.7,-3.704194,False
2013-06-22,17.2,14.6,22.574409,12.888387,28.71,-5.374409,False
2013-06-23,17.3,12.8,22.633333,12.929462,28.8,-5.333333,False
2013-06-24,16.7,10.0,22.706129,12.993978,28.8,-6.006129,False
2013-06-25,18.4,7.9,22.772903,13.053011,28.9,-4.372903,False
2013-06-26,18.9,7.5,22.852258,13.122581,28.91,-3.952258,False
2013-06-27,19.0,11.2,22.920645,13.188172,28.91,-3.920645,False
2013-06-28,16.8,12.1,23.023011,13.255484,29.01,-6.223011,False
2013-06-29,20.8,12.3,23.11,13.338172,29.1,-2.31,False
2013-06-30,23.4,9.2,23.213226,13.40172,29.4,0.186774,False
2013-07-01,22.6,12.1,23.345914,13.453978,29.4,-0.745914,False
2013-07-02,25.3,12.0,23.444194,13.534731,29.5,1.855806,False
2013-07-03,18.9,14.6,23.538925,13.616559,29.61,-4.638925,False
2013-07-04,20.6,13.7,23.630753,13.692258,29.71,-3.030753,False
2013-07-05,23.8,15.5,23.709032,13.773763,29.8,0.090968,False
2013-07-06,27.2,13.4,23.797204,13.825484,29.8,3.402796,False
2013-07-07,28.4,17.1,23.9,13.868817,29.9,4.5,False
2013-07-08,28.3,16.3,24.007312,13.954301,29.9,4.292688,False
2013-07-09,28.2,16.9,24.111183,14.031398,29.9,4.088817,False
2013-07-10,26.5,15.8,24.169247,14.104409,30.0,2.330753,False
2013-07-11,21.6,12.6,24.231183,14.15957,30.0,-2.631183,False
2013-07-12,23.8,11.2,24.265269,14.217527,30.01,-0.465269,False
2013-07-13,23.2,12.2,24.302151,14.260753,30.0,-1.102151,False
2013-07-14,28.1,13.0,24.350215,14.277634,29.9,3.749785,False
2013-07-15,28.4,15.4,24.384516,14.312258,30.0,4.015484,False
2013-07-16,28.4,16.6,24.453441,14.343118,30.0,3.946559,False
2013-07-17,28.8,16.9,24.514194,14.354409,30.0,4.285806,False
2013-07-18,29.2,17.2,24.582473,14.373226,30.01,4.617527,False
2013-07-19,30.3,18.5,24.637849,14.422366,30.1,5.662151,False
2013-07-20,30.0,18.5,24.704516,14.45,30.21,5.295484,False
2013-07-21,32.7,17.6,24.806344,14.46871,30.3,7.893656,False
2013-07-22,33.3,19.8,24.897312,14.503226,30.4,8.402688,False
2013-07-23,29.9,18.9,24.99086,14.548065,30.5,4.90914,False
2013-07-24,27.6,17.4,25.045591,14.602473,30.51,2.554409,False
2013-07-25,28.9,17.7,25.092581,14.634731,30.6,3.807419,False
2013-07-26,29.1,19.4,25.128495,14.647419,30.6,3.971505,False
2013-07-27,30.1,18.9,25.173978,14.642796,30.7,4.926022,False
2013-07-28,25.4,16.0,25.224731,14.662258,30.81,0.175269,False
2013-07-29,24.9,15.8,25.235376,14.670968,30.9,-0.335376,False
2013-07-30,23.0,16.0,25.253226,14.672258,30.81,-2.253226,False
2013-07-31,27.6,18.5,25.243441,14.678065,30.7,2.356559,False
2013-08-01,34.7,17.3,25.238065,14.645591,30.61,9.461935,False
2013-08-02,32.2,19.4,25.218495,14.64,30.61,6.981505,False
2013-08-03,25.4,16.8,25.202366,14.620968,30.6,0.197634,False
2013-08-04,26.9,13.8,25.174516,14.594301,30.51,1.725484,False
2013-08-05,29.4,14.9,25.139462,14.555806,30.5,4.260538,False
2013-08-06,25.3,13.9,25.125914,14.54,30.5,0.174086,False
2013-08-07,19.9,15.7,25.102151,14.533226,30.4,-5.202151,False
2013-08-08,22.4,13.3,25.063763,14.508387,30.41,-2.663763,False
2013-08-09,23.7,12.7,25.004086,14.477204,30.41,-1.304086,False
2013-08-10,21.6,12.0,24.966667,14.451613,30.41,-3.366667,False
2013-08-11,23.4,11.2,24.933441,14.419462,30.41,-1.533441,False
2013-08-12,21.7,13.4,24.863333,14.384194,30.4,-3.163333,False
2013-08-13,21.2,10.2,24.782581,14.321828,30.3,-3.582581,False
2013-08-14,23.0,9.0,24.663763,14.256022,30.3,-1.663763,False
2013-08-15,27.1,12.2,24.586344,14.17043,30.21,2.513656,False
2013-08-16,28.5,12.1,24.489355,14.101935,30.11,4.010645,False
2013-08-17,26.3,15.2,24.344946,14.012688,30.0,1.955054,False
2013-08-18,23.1,17.5,24.227527,13.906774,29.9,-1.127527,False
2013-08-19,22.5,12.5,24.130215,13.803333,29.7,-1.630215,False
2013-08-20,24.2,8.3,24.021613,13.728172,29.7,0.178387,False
2013-08-21,26.0,10.5,23.875054,13.655806,29.5,2.124946,False
2013-08-22,27.3,14.0,23.727204,13.571613,29.4,3.572796,False
2013-08-23,29.4,13.3,23.581505,13.477312,29.21,5.818495,False
2013-08-24,21.0,14.7,23.481398,13.365484,29.01,-2.481398,False
2013-08-25,14.6,12.0,23.399462,13.274624,29.0,-8.799462,False
2013-08-26,22.6,11.3,23.32828,13.209677,29.0,-0.72828,False
2013-08-27,21.5,15.3,23.22043,13.144516,28.9,-1.72043,False
2013-08-28,23.4,13.0,23.091398,13.070215,28.71,0.308602,False
2013-08-29,23.8,11.2,22.978387,12.98043,28.7,0.821613,False
2013-08-30,24.4,10.4,22.863333,12.891183,28.7,1.536667,False
2013-08-31,23.4,13.6,22.728172,12.79172,28.6,0.671828,False
2013-09-01,20.2,9.6,22.589785,12.684946,28.5,-2.389785,False
2013-09-02,23.8,8.7,22.452151,12.555054,28.3,1.347849,False
2013-09-03,26.2,9.3,22.296344,12.429247,28.21,3.903656,False
2013-09-04,30.6,12.7,22.149032,12.315376,28.11,8.450968,False
2013-09-05,32.3,14.7,22.034731,12.199462,27.8,10.265269,False
2013-09-06,21.8,14.7,21.915699,12.065269,27.6,-0.115699,False
2013-09-07,20.4,11.8,21.757312,11.956129,27.3,-1.357312,False
2013-09-08,21.2,9.8,21.62043,11.842473,27.2,-0.42043,False
2013-09-09,16.8,9.9,21.474839,11.735699,26.9,-4.674839,False
2013-09-10,17.6,11.3,21.303763,11.608387,26.71,-3.703763,False
2013-09-11,15.4,11.7,21.136989,11.472796,26.41,-5.736989,False
2013-09-12,16.8,12.0,21.013656,11.338065,26.3,-4.213656,False
2013-09-13,18.5,12.0,20.902903,11.246022,26.2,-2.402903,False
2013-09-14,17.0,12.6,20.814409,11.186667,26.1,-3.814409,False
2013-09-15,17.9,10.4,20.701183,11.113118,26.1,-2.801183,False
2013-09-16,15.5,9.1,20.568817,11.063118,25.91,-5.068817,False
2013-09-17,17.1,9.0,20.457957,11.020645,25.9,-3.357957,False
2013-09-18,17.7,11.6,20.314839,10.952043,25.8,-2.614839,False
2013-09-19,16.7,8.6,20.143656,10.876989,25.6,-3.443656,False
2013-09-20,20.3,9.9,19.958602,10.774839,25.31,0.341398,False
2013-09-21,21.6,8.2,19.803978,10.674624,25.1,1.796022,False
2013-09-22,20.4,14.2,19.644516,10.58043,24.9,0.755484,False
2013-09-23,22.6,13.1,19.49828,10.498387,24.8,3.10172,False
2013-09-24,23.8,9.5,19.35,10.436022,24.7,4.45,False
2013-09-25,24.4,9.8,19.185054,10.354946,24.5,5.214946,False
2013-09-26,22.1,14.3,19.026559,10.284409,24.1,3.073441,False
2013-09-27,23.1,12.8,18.878172,10.192688,23.7,4.221828,False
2013-09-28,22.4,15.1,18.753333,10.081935,23.7,3.646667,False
2013-09-29,20.2,14.2,18.627419,9.990968,23.7,1.572581,False
2013-09-30,18.3,13.4,18.475806,9.889355,23.51,-0.175806,False
2013-10-01,18.6,13.7,18.327634,9.786129,23.3,0.272366,False
2013-10-02,21.5,13.1,18.149677,9.694946,23.11,3.350323,False
2013-10-03,22.9,14.2,17.984946,9.58086,23.1,4.915054,False
2013-10-04,21.4,15.3,17.818172,9.491398,23.0,3.581828,False
2013-10-05,18.4,13.0,17.633441,9.413226,22.8,0.766559,False
2013-10-06,18.6,11.9,17.453441,9.33,22.6,1.146559,False
2013-10-07,19.7,11.1,17.257419,9.264409,22.4,2.442581,False
2013-10-08,18.4,11.0,17.095591,9.181935,22.21,1.304409,False
2013-10-09,17.4,12.6,16.909892,9.105054,21.9,0.490108,False
2013-10-10,11.9,6.8,16.763011,9.038495,21.6,-4.863011,False
2013-10-11,10.5,7.5,16.63,8.962796,21.5,-6.13,False
2013-10-12,11.7,4.4,16.474731,8.881935,21.4,-4.774731,False
2013-10-13,12.7,4.6,16.295591,8.785161,21.2,-3.595591,False
2013-10-14,15.0,9.0,16.107204,8.662473,21.1,-1.107204,False
2013-10-15,14.7,7.7,15.919247,8.534409,20.9,-1.219247,False
2013-10-16,14.9,5.3,15.740753,8.407742,20.6,-0.840753,False
2013-10-17,18.1,10.1,15.565699,8.274086,20.4,2.534301,False
2013-10-18,15.0,7.0,15.401935,8.144624,20.2,-0.401935,False
2013-10-19,19.7,9.1,15.272473,8.071398,20.01,4.427527,False
2013-10-20,18.9,13.1,15.124731,7.952903,19.9,3.775269,False
2013-10-21,20.2,13.0,14.97957,7.832688,19.8,5.22043,False
2013-10-22,21.5,14.5,14.816774,7.714086,19.61,6.683226,False
2013-10-23,19.6,13.7,14.655591,7.613978,19.5,4.944409,False
2013-10-24,17.2,12.7,14.485376,7.494301,19.3,2.714624,False
2013-10-25,19.2,13.9,14.299462,7.35871,19.2,4.900538,False
2013-10-26,20.0,15.0,14.103011,7.229892,19.0,5.896989,False
2013-10-27,16.2,14.3,13.913333,7.078172,18.7,2.286667,False
2013-10-28,16.7,10.2,13.718172,6.957634,18.5,2.981828,False
2013-10-29,13.9,6.1,13.52828,6.848065,18.2,0.37172,False
2013-10-30,14.2,4.1,13.336989,6.734301,18.0,0.863011,False
2013-10-31,14.2,3.7,13.151183,6.633118,17.9,1.048817,False
2013-11-01,10.7,8.9,12.946882,6.535054,17.61,-2.246882,False
2013-11-02,15.7,10.2,12.756237,6.433226,17.5,2.943763,False
2013-11-03,12.2,8.1,12.572043,6.332688,17.4,-0.372043,False
2013-11-04,13.0,4.2,12.382796,6.217312,17.2,0.617204,False
2013-11-05,12.3,2.9,12.198387,6.069032,17.1,0.101613,False
2013-11-06,16.3,11.2,12.006022,5.931935,16.8,4.293978,False
2013-11-07,16.8,11.9,11.81914,5.79871,16.6,4.98086,False
2013-11-08,13.2,8.4,11.640968,5.681075,16.4,1.559032,False
2013-11-09,10.3,5.1,11.469462,5.537742,16.31,-1.169462,False
2013-11-10,10.0,1.7,11.299892,5.417634,16.2,-1.299892,False
2013-11-11,10.2,-0.4,11.116022,5.307312,15.9,-0.916022,False
2013-11-12,10.8,7.3,10.936774,5.192688,15.7,-0.136774,False
2013-11-13,10.6,1.8,10.768817,5.09086,15.5,-0.168817,False
2013-11-14,9.3,1.2,10.613226,4.978602,15.5,-1.313226,False
2013-11-15,9.1,4.3,10.43129,4.863871,15.1,-1.33129,False
2013-11-16,4.4,2.0,10.242903,4.78043,14.8,-5.842903,False
2013-11-17,5.3,2.9,10.076344,4.677742,14.61,-4.776344,False
2013-11-18,5.3,2.3,9.912366,4.582258,14.41,-4.612366,False
2013-11-19,7.0,2.4,9.72828,4.446559,14.21,-2.72828,False
2013-11-20,5.4,0.5,9.57043,4.348925,14.1,-4.17043,False
2013-11-21,3.7,2.2,9.421075,4.254409,13.91,-5.721075,False
2013-11-22,5.1,1.6,9.283226,4.150538,13.8,-4.183226,False
2013-11-23,6.2,4.4,9.15828,4.035161,13.7,-2.95828,False
2013-11-24,7.9,1.8,9.005806,3.926559,13.6,-1.105806,False
2013-11-25,7.0,4.2,8.851505,3.8,13.5,-1.851505,False
2013-11-26,6.8,3.3,8.723656,3.690753,13.5,-1.923656,False
2013-11-27,6.9,1.2,8.586237,3.600108,13.4,-1.686237,False
2013-11-28,6.0,0.5,8.456882,3.495699,13.2,-2.456882,False
2013-11-29,9.0,6.0,8.310215,3.371183,13.1,0.689785,False
2013-11-30,8.3,3.9,8.164301,3.247527,12.91,0.135699,False
2013-12-01,8.0,3.1,8.06957,3.152366,12.8,-0.06957,False
2013-12-02,8.3,1.4,8.008387,3.062688,12.8,0.291613,False
2013-12-03,6.1,-1.7,7.954409,3.026452,12.7,-1.854409,False
2013-12-04,7.5,0.3,7.920645,2.998495,12.61,-0.420645,False
2013-12-05,8.3,5.1,7.876452,2.963548,12.6,0.423548,False
2013-12-06,8.1,2.8,7.843226,2.947634,12.6,0.256774,False
2013-12-07,8.3,3.1,7.816237,2.966667,12.6,0.483763,False
2013-12-08,9.8,0.3,7.782366,2.971828,12.51,2.017634,False
2013-12-09,6.0,-1.7,7.736667,2.953441,12.5,-1.736667,False
2013-12-10,7.0,-3.0,7.665484,2.918065,12.4,-0.665484,False
2013-12-11,5.6,-3.5,7.566237,2.812796,12.3,-1.966237,False
2013-12-12,4.8,-3.6,7.476559,2.733763,12.3,-2.676559,False
2013-12-13,5.5,-2.7,7.369355,2.642581,12.21,-1.869355,False
2013-12-14,9.2,3.8,7.29086,2.527849,12.2,1.90914,False
2013-12-15,9.5,4.5,7.245161,2.492581,12.11,2.254839,False
2013-12-16,11.7,2.1,7.203656,2.466882,12.1,4.496344,False
2013-12-17,9.7,2.8,7.145269,2.414624,12.01,2.554731,False
2013-12-18,10.2,7.3,7.100215,2.372043,12.0,3.099785,False
2013-12-19,10.0,3.0,7.056022,2.313226,12.01,2.943978,False
2013-12-20,9.1,2.2,7.005376,2.260645,12.0,2.094624,False
2013-12-21,6.8,3.4,6.970753,2.22957,12.0,-0.170753,False
2013-12-22,10.9,5.5,6.947527,2.212903,12.0,3.952473,False
2013-12-23,11.5,6.9,6.923226,2.220108,12.0,4.576774,False
2013-12-24,11.1,9.5,6.916129,2.240215,12.0,4.183871,False
2013-12-25,9.2,4.9,6.95129,2.25828,12.1,2.24871,False
2013-12-26,8.8,4.0,6.977419,2.290753,12.1,1.822581,False
2013-12-27,12.3,4.3,6.982903,2.3,12.0,5.317097,False
2013-12-28,10.9,4.8,6.98172,2.297634,12.0,3.91828,False
2013-12-29,8.3,2.0,7.001613,2.315376,12.1,1.298387,False
2013-12-30,6.6,1.6,7.022796,2.333978,12.1,-0.422796,False
2013-12-31,8.4,5.3,7.052903,2.354194,12.1,1.347097,False
2014-01-01,10.3,5.8,7.055161,2.352581,12.11,3.244839,False
2014-01-02,10.9,8.4,7.037742,2.345914,12.1,3.862258,False
2014-01-03,13.5,7.6,7.003763,2.30871,12.1,6.496237,False
2014-01-04,11.7,6.1,6.961183,2.287312,12.1,4.738817,False
2014-01-05,8.9,3.6,6.928065,2.273226,12.1,1.971935,False
2014-01-06,13.1,9.1,6.896344,2.22914,12.01,6.203656,False
2014-01-07,12.3,8.9,6.845376,2.169677,12.0,5.454624,False
2014-01-08,13.2,7.6,6.791828,2.116237,11.9,6.408172,False
2014-01-09,11.2,5.6,6.744409,2.053548,11.8,4.455591,False
2014-01-10,6.9,4.1,6.723548,1.996559,11.8,0.176452,False
2014-01-11,9.1,1.1,6.705376,1.980753,11.8,2.394624,False
2014-01-12,6.9,1.2,6.706882,1.967097,11.8,0.193118,False
2014-01-13,10.3,5.7,6.735806,1.980108,11.8,3.564194,False
2014-01-14,7.9,1.1,6.731828,2.012473,11.8,1.168172,False
2014-01-15,8.6,2.5,6.702473,1.963011,11.8,1.897527,False
2014-01-16,9.7,7.4,6.692258,1.921398,11.8,3.007742,False
2014-01-17,10.9,4.9,6.713978,1.919677,11.8,4.186022,False
2014-01-18,10.4,2.9,6.707312,1.896882,11.8,3.692688,False
2014-01-19,8.5,4.9,6.710645,1.88086,11.8,1.789355,False
2014-01-20,7.1,2.1,6.727742,1.89828,11.8,0.372258,False
2014-01-21,4.3,1.4,6.756989,1.903333,11.8,-2.456989,False
2014-01-22,4.4,1.3,6.780108,1.892473,11.8,-2.380108,False
2014-01-23,8.2,4.6,6.785376,1.837849,11.8,1.414624,False
2014-01-24,6.8,3.4,6.784409,1.797419,11.8,0.015591,False
2014-01-25,9.2,2.8,6.764301,1.731183,11.8,2.435699,False
2014-01-26,9.8,3.7,6.763226,1.680645,11.8,3.036774,False
2014-01-27,7.0,2.7,6.776667,1.662688,11.8,0.223333,False
2014-01-28,6.9,2.2,6.797742,1.637204,11.81,0.102258,False
2014-01-29,5.2,3.7,6.78172,1.586882,11.8,-1.58172,False
2014-01-30,7.1,2.0,6.797419,1.555806,11.9,0.302581,False
2014-01-31,7.7,-1.1,6.843656,1.55086,12.01,0.856344,False
2014-02-01,9.0,3.4,6.875699,1.543548,12.1,2.124301,False
2014-02-02,9.2,1.3,6.905699,1.543118,12.1,2.294301,False
2014-02-03,8.3,-0.3,6.963871,1.522258,12.1,1.336129,False
2014-02-04,9.1,3.5,7.006667,1.487312,12.01,2.093333,False
2014-02-05,9.7,5.4,7.066989,1.484839,12.1,2.633011,False
2014-02-06,13.0,5.2,7.10086,1.480108,12.1,5.89914,False
2014-02-07,12.7,6.8,7.163656,1.468065,12.2,5.536344,False
2014-02-08,9.8,5.5,7.236022,1.485054,12.3,2.563978,False
2014-02-09,8.8,4.1,7.334301,1.514624,12.41,1.465699,False
2014-02-10,8.6,4.1,7.429247,1.58172,12.5,1.170753,False
2014-02-11,7.8,2.2,7.533763,1.634624,12.5,0.266237,False
2014-02-12,9.0,1.5,7.62828,1.646022,12.6,1.37172,False
2014-02-13,8.6,3.6,7.707634,1.679247,12.7,0.892366,False
2014-02-14,13.9,3.1,7.798172,1.724301,12.7,6.101828,False
2014-02-15,11.0,6.9,7.898817,1.787204,12.71,3.101183,False
2014-02-16,10.5,4.8,8.004409,1.824409,12.8,2.495591,False
2014-02-17,11.0,3.5,8.091828,1.841505,12.81,2.908172,False
2014-02-18,8.9,3.7,8.190215,1.883333,12.9,0.709785,False
2014-02-19,11.1,5.8,8.284946,1.938495,12.91,2.815054,False
2014-02-20,11.3,7.2,8.400645,1.971828,13.01,2.899355,False
2014-02-21,9.6,4.6,8.535914,2.007957,13.3,1.064086,False
2014-02-22,9.7,4.1,8.671828,2.083871,13.5,1.028172,False
2014-02-23,12.7,4.2,8.824946,2.174624,13.7,3.875054,False
2014-02-24,14.6,3.8,8.987742,2.239355,14.0,5.612258,False
2014-02-25,12.2,6.1,9.132581,2.320538,14.21,3.067419,False
2014-02-26,10.5,3.1,9.271935,2.396129,14.5,1.228065,False
2014-02-27,8.6,3.0,9.414946,2.456559,14.6,-0.814946,False
2014-02-28,8.9,4.4,9.593333,2.553118,14.7,-0.693333,False
2014-03-01,8.7,0.1,9.807527,2.66129,14.9,-1.107527,False
2014-03-02,9.7,-2.3,9.97172,2.782151,15.0,-0.27172,False
2014-03-03,8.8,3.3,10.097419,2.878602,15.2,-1.297419,False
2014-03-04,10.5,3.1,10.209247,2.969892,15.3,0.290753,False
2014-03-05,12.1,2.3,10.352903,3.037312,15.4,1.747097,False
2014-03-06,13.7,1.6,10.462366,3.131505,15.4,3.237634,False
2014-03-07,15.2,0.5,10.592151,3.216129,15.5,4.607849,False
2014-03-08,17.9,2.6,10.720645,3.25871,15.71,7.179355,False
2014-03-09,20.8,4.1,10.873871,3.353548,15.9,9.926129,False
2014-03-10,19.2,2.0,10.997527,3.437957,16.01,8.202473,False
2014-03-11,15.5,6.5,11.117312,3.483441,16.1,4.382688,False
2014-03-12,17.2,4.6,11.214731,3.523548,16.4,5.985269,False
2014-03-13,18.1,2.6,11.341935,3.553763,16.4,6.758065,False
2014-03-14,18.0,3.1,11.483656,3.61172,16.6,6.516344,False
2014-03-15,14.4,5.6,11.615914,3.719462,16.7,2.784086,False
2014-03-16,17.4,5.4,11.770215,3.798387,16.9,5.629785,False
2014-03-17,11.4,5.9,11.958495,3.857419,17.01,-0.558495,False
2014-03-18,11.8,7.0,12.135484,3.941935,17.3,-0.335484,False
2014-03-19,16.0,6.4,12.272903,4.052258,17.51,3.727097,False
2014-03-20,20.0,4.0,12.382903,4.135591,17.6,7.617097,False
2014-03-21,13.0,8.2,12.496022,4.197419,17.71,0.503978,False
2014-03-22,12.1,4.8,12.632796,4.253978,17.9,-0.532796,False
2014-03-23,9.9,2.6,12.739032,4.322366,18.0,-2.839032,False
2014-03-24,10.7,0.3,12.80914,4.356559,18.01,-2.10914,False
2014-03-25,7.2,4.0,12.904409,4.375914,18.2,-5.704409,False
2014-03-26,10.4,1.9,13.008925,4.415699,18.5,-2.608925,False
2014-03-27,11.1,0.4,13.093011,4.455054,18.6,-1.993011,False
2014-03-28,15.7,2.8,13.18129,4.505591,18.71,2.51871,False
2014-03-29,20.0,5.2,13.244946,4.558602,18.81,6.755054,False
2014-03-30,18.2,7.5,13.315914,4.612473,19.0,4.884086,False
2014-03-31,18.2,6.9,13.358925,4.642043,19.0,4.841075,False
2014-04-01,20.5,7.1,13.386022,4.653763,19.01,7.113978,False
2014-04-02,19.9,8.5,13.460645,4.670215,19.3,6.439355,False
2014-04-03,17.4,12.5,13.544731,4.709462,19.5,3.855269,False
2014-04-04,13.6,9.7,13.648495,4.731075,19.6,-0.048495,False
2014-04-05,17.7,6.4,13.773118,4.790215,19.8,3.926882,False
2014-04-06,17.9,12.0,13.961183,4.864731,20.0,3.938817,False
2014-04-07,22.2,11.5,14.142366,4.965484,20.3,8.057634,False
2014-04-08,13.5,5.5,14.286989,5.063226,20.4,-0.786989,False
2014-04-09,15.3,2.9,14.443441,5.133763,20.5,0.856559,False
2014-04-10,19.2,3.3,14.59,5.246129,20.6,4.61,False
2014-04-11,17.4,6.1,14.709462,5.367742,20.6,2.690538,False
2014-04-12,16.6,5.4,14.827097,5.487742,20.7,1.772903,False
2014-04-13,14.6,6.8,14.918817,5.614409,20.81,-0.318817,False
2014-04-14,16.0,4.4,15.01043,5.713011,21.11,0.98957,False
2014-04-15,13.8,2.2,15.116129,5.794516,21.2,-1.316129,False
2014-04-16,16.1,2.4,15.20871,5.90043,21.31,0.89129,False
2014-04-17,20.1,2.3,15.274731,5.998387,21.6,4.825269,False
2014-04-18,14.2,5.8,15.348387,6.085376,21.82,-1.148387,False
2014-04-19,12.9,3.1,15.444624,6.137957,22.01,-2.544624,False
2014-04-20,16.6,7.3,15.574839,6.232473,22.2,1.025161,False
2014-04-21,14.3,9.2,15.71129,6.343871,22.6,-1.41129,False
2014-04-22,18.1,8.7,15.854194,6.464409,22.71,2.245806,False
2014-04-23,19.0,5.3,15.991828,6.597742,22.81,3.008172,False
2014-04-24,18.8,10.1,16.122151,6.772581,22.91,2.677849,False
2014-04-25,14.5,9.3,16.255806,6.926129,23.1,-1.755806,False
2014-04-26,13.0,7.1,16.359677,7.070323,23.1,-3.359677,False
2014-04-27,13.9,6.8,16.451613,7.200215,23.1,-2.551613,False
2014-04-28,14.8,7.9,16.569785,7.323011,23.2,-1.769785,False
2014-04-29,14.1,5.5,16.683118,7.444409,23.3,-2.583118,False
2014-04-30,17.2,9.4,16.799355,7.532151,23.3,0.400645,False
2014-05-01,15.1,9.2,16.935376,7.641183,23.31,-1.835376,False
2014-05-02,15.0,8.5,17.072688,7.783548,23.5,-2.072688,False
2014-05-03,14.1,5.4,17.192903,7.897097,23.5,-3.092903,False
2014-05-04,16.7,3.2,17.302258,7.995269,23.61,-0.602258,False
2014-05-05,21.5,3.9,17.421613,8.13086,23.6,4.078387,False
2014-05-06,19.8,12.2,17.53,8.267849,23.61,2.27,False
2014-05-07,17.1,10.8,17.583978,8.377312,23.7,-0.483978,False
2014-05-08,15.0,10.5,17.656989,8.459892,23.7,-2.656989,False
2014-05-09,18.5,12.5,17.760968,8.590108,23.8,0.739032,False
2014-05-10,16.2,10.8,17.879892,8.714731,24.1,-1.679892,False
2014-05-11,14.7,9.0,17.999785,8.806022,24.2,-3.299785,False
2014-05-12,13.6,7.5,18.142043,8.904731,24.3,-4.542043,False
2014-05-13,13.9,6.7,18.275699,9.007849,24.61,-4.375699,False
2014-05-14,17.6,5.7,18.429677,9.096344,24.7,-0.829677,False
2014-05-15,16.4,4.5,18.576237,9.216237,24.7,-2.176237,False
2014-05-16,19.0,5.6,18.686667,9.325484,24.7,0.313333,False
2014-05-17,21.0,7.9,18.832688,9.405914,24.8,2.167312,False
2014-05-18,23.2,7.8,18.98871,9.543548,24.9,4.21129,False
2014-05-19,24.8,9.9,19.098065,9.65914,24.9,5.701935,False
2014-05-20,19.7,12.8,19.20957,9.780968,24.9,0.49043,False
2014-05-21,19.0,12.1,19.340538,9.899785,25.0,-0.340538,False
2014-05-22,20.0,9.9,19.457849,10.029032,25.11,0.542151,False
2014-05-23,17.1,9.8,19.555699,10.152473,25.3,-2.455699,False
2014-05-24,15.7,8.7,19.656452,10.234624,25.31,-3.956452,False
2014-05-25,19.2,6.4,19.766022,10.300968,25.4,-0.566022,False
2014-05-26,16.1,12.2,19.841505,10.382903,25.51,-3.741505,False
2014-05-27,17.0,11.8,19.933333,10.462258,25.7,-2.933333,False
2014-05-28,13.9,11.1,20.014946,10.552151,25.7,-6.114946,False
2014-05-29,18.2,9.7,20.098065,10.640215,25.7,-1.898065,False
2014-05-30,19.6,10.7,20.24086,10.741505,25.71,-0.64086,False
2014-05-31,20.5,10.1,20.336559,10.893118,25.81,0.163441,False
2014-06-01,17.5,9.1,20.429355,10.999785,25.81,-2.929355,False
2014-06-02,19.1,10.7,20.546237,11.08871,25.91,-1.446237,False
2014-06-03,19.2,12.4,20.677097,11.206344,26.1,-1.477097,False
2014-06-04,16.1,9.6,20.822581,11.326129,26.21,-4.722581,False
2014-06-05,19.2,7.8,20.942796,11.438602,26.4,-1.742796,False
2014-06-06,27.3,9.5,21.027634,11.527312,26.41,6.272366,False
2014-06-07,26.6,17.5,21.127634,11.601828,26.7,5.472366,False
2014-06-08,27.4,16.6,21.202043,11.69172,26.9,6.197957,False
2014-06-09,25.8,16.3,21.305376,11.751075,27.0,4.494624,False
2014-06-10,21.7,15.7,21.379677,11.842151,27.1,0.320323,False
2014-06-11,23.7,14.9,21.495376,11.932258,27.2,2.204624,False
2014-06-12,24.1,13.8,21.602796,12.033118,27.3,2.497204,False
2014-06-13,23.8,12.3,21.733441,12.136022,27.4,2.066559,False
2014-06-14,21.1,12.8,21.834516,12.236667,27.5,-0.734516,False
2014-06-15,19.8,10.4,21.926129,12.311613,27.61,-2.126129,False
2014-06-16,19.6,10.5,22.062151,12.416452,28.1,-2.462151,False
2014-06-17,19.0,12.0,22.15086,12.537312,28.12,-3.15086,False
2014-06-18,21.8,12.3,22.223871,12.597097,28.51,-0.423871,False
2014-06-19,21.5,11.7,22.335699,12.675914,28.6,-0.835699,False
2014-06-20,20.1,12.3,22.428172,12.774194,28.61,-2.328172,False
2014-06-21,23.4,9.3,22.504194,12.844946,28.7,0.895806,False
2014-06-22,25.1,11.6,22.574409,12.888387,28.71,2.525591,False
2014-06-23,23.0,13.0,22.633333,12.929462,28.8,0.366667,False
2014-06-24,25.6,12.0,22.706129,12.993978,28.8,2.893871,False
2014-06-25,21.7,13.3,22.772903,13.053011,28.9,-1.072903,False
2014-06-26,23.3,10.5,22.852258,13.122581,28.91,0.447742,False
2014-06-27,23.1,13.5,22.920645,13.188172,28.91,0.179355,False
2014-06-28,18.1,13.5,23.023011,13.255484,29.01,-4.923011,False
2014-06-29,17.7,12.2,23.11,13.338172,29.1,-5.41,False
2014-06-30,20.6,10.0,23.213226,13.40172,29.4,-2.613226,False
2014-07-01,22.8,13.6,23.345914,13.453978,29.4,-0.545914,False
2014-07-02,25.1,12.2,23.444194,13.534731,29.5,1.655806,False
2014-07-03,28.8,12.3,23.538925,13.616559,29.61,5.261075,False
2014-07-04,24.5,17.5,23.630753,13.692258,29.71,0.869247,False
2014-07-05,22.8,17.0,23.709032,13.773763,29.8,-0.909032,False
2014-07-06,19.1,12.9,23.797204,13.825484,29.8,-4.697204,False
2014-07-07,20.7,10.4,23.9,13.868817,29.9,-3.2,False
2014-07-08,18.5,13.0,24.007312,13.954301,29.9,-5.507312,False
2014-07-09,17.0,11.9,24.111183,14.031398,29.9,-7.111183,False
2014-07-10,15.8,13.5,24.169247,14.104409,30.0,-8.369247,False
2014-07-11,19.7,14.2,24.231183,14.15957,30.0,-4.531183,False
2014-07-12,22.1,14.8,24.265269,14.217527,30.01,-2.165269,False
2014-07-13,20.8,14.7,24.302151,14.260753,30.0,-3.502151,False
2014-07-14,22.6,12.6,24.350215,14.277634,29.9,-1.750215,False
2014-07-15,24.6,12.1,24.384516,14.312258,30.0,0.215484,False
2014-07-16,29.1,17.2,24.453441,14.343118,30.0,4.646559,False
2014-07-17,31.0,16.2,24.514194,14.354409,30.0,6.485806,False
2014-07-18,33.5,18.7,24.582473,14.373226,30.01,8.917527,False
2014-07-19,29.2,20.0,24.637849,14.422366,30.1,4.562151,False
2014-07-20,22.8,17.2,24.704516,14.45,30.21,-1.904516,False
2014-07-21,23.6,15.4,24.806344,14.46871,30.3,-1.206344,False
2014-07-22,22.1,16.1,24.897312,14.503226,30.4,-2.797312,False
2014-07-23,28.6,16.6,24.99086,14.548065,30.5,3.60914,False
2014-07-24,29.3,17.1,25.045591,14.602473,30.51,4.254409,False
2014-07-25,26.4,16.0,25.092581,14.634731,30.6,1.307419,False
2014-07-26,23.9,15.8,25.128495,14.647419,30.6,-1.228495,False
2014-07-27,28.0,15.5,25.173978,14.642796,30.7,2.826022,False
2014-07-28,22.7,16.4,25.224731,14.662258,30.81,-2.524731,False
2014-07-29,22.0,14.5,25.235376,14.670968,30.9,-3.235376,False
2014-07-30,24.8,14.9,25.253226,14.672258,30.81,-0.453226,False
2014-07-31,25.7,11.9,25.243441,14.678065,30.7,0.456559,False
2014-08-01,26.7,14.5,25.238065,14.645591,30.61,1.461935,False
2014-08-02,24.3,16.4,25.218495,14.64,30.61,-0.918495,False
2014-08-03,23.1,14.7,25.202366,14.620968,30.6,-2.102366,False
2014-08-04,22.4,14.9,25.174516,14.594301,30.51,-2.774516,False
2014-08-05,25.7,13.0,25.139462,14.555806,30.5,0.560538,False
2014-08-06,21.5,16.1,25.125914,14.54,30.5,-3.625914,False
2014-08-07,24.7,15.1,25.102151,14.533226,30.4,-0.402151,False
2014-08-08,22.4,16.9,25.063763,14.508387,30.41,-2.663763,False
2014-08-09,21.9,14.5,25.004086,14.477204,30.41,-3.104086,False
2014-08-10,23.0,14.4,24.966667,14.451613,30.41,-1.966667,False
2014-08-11,21.4,12.7,24.933441,14.419462,30.41,-3.533441,False
2014-08-12,19.8,12.4,24.863333,14.384194,30.4,-5.063333,False
2014-08-13,20.0,13.2,24.782581,14.321828,30.3,-4.782581,False
2014-08-14,20.4,12.6,24.663763,14.256022,30.3,-4.263763,False
2014-08-15,19.0,12.3,24.586344,14.17043,30.21,-5.586344,False
2014-08-16,22.1,10.8,24.489355,14.101935,30.11,-2.389355,False
2014-08-17,20.0,11.5,24.344946,14.012688,30.0,-4.344946,False
2014-08-18,19.7,12.2,24.227527,13.906774,29.9,-4.527527,False
2014-08-19,18.0,9.6,24.130215,13.803333,29.7,-6.130215,False
2014-08-20,18.1,8.2,24.021613,13.728172,29.7,-5.921613,False
2014-08-21,19.2,6.1,23.875054,13.655806,29.5,-4.675054,False
2014-08-22,19.6,10.6,23.727204,13.571613,29.4,-4.127204,False
2014-08-23,18.3,10.9,23.581505,13.477312,29.21,-5.281505,False
2014-08-24,19.4,7.9,23.481398,13.365484,29.01,-4.081398,False
2014-08-25,16.2,13.4,23.399462,13.274624,29.0,-7.199462,False
2014-08-26,21.8,14.6,23.32828,13.209677,29.0,-1.52828,False
2014-08-27,20.8,14.3,23.22043,13.144516,28.9,-2.42043,False
2014-08-28,22.0,16.6,23.091398,13.070215,28.71,-1.091398,False
2014-08-29,22.3,14.4,22.978387,12.98043,28.7,-0.678387,False
2014-08-30,21.5,12.5,22.863333,12.891183,28.7,-1.363333,False
2014-08-31,20.0,12.3,22.728172,12.79172,28.6,-2.728172,False
2014-09-01,22.0,8.7,22.589785,12.684946,28.5,-0.589785,False
2014-09-02,22.2,13.5,22.452151,12.555054,28.3,-0.252151,False
2014-09-03,22.9,12.4,22.296344,12.429247,28.21,0.603656,False
2014-09-04,21.3,12.9,22.149032,12.315376,28.11,-0.849032,False
2014-09-05,22.6,15.3,22.034731,12.199462,27.8,0.565269,False
2014-09-06,23.7,15.8,21.915699,12.065269,27.6,1.784301,False
2014-09-07,25.1,13.8,21.757312,11.956129,27.3,3.342688,False
2014-09-08,25.5,13.4,21.62043,11.842473,27.2,3.87957,False
2014-09-09,22.4,13.4,21.474839,11.735699,26.9,0.925161,False
2014-09-10,20.7,10.5,21.303763,11.608387,26.71,-0.603763,False
2014-09-11,19.9,9.2,21.136989,11.472796,26.41,-1.236989,False
2014-09-12,21.6,10.7,21.013656,11.338065,26.3,0.586344,False
2014-09-13,22.5,11.9,20.902903,11.246022,26.2,1.597097,False
2014-09-14,21.3,13.5,20.814409,11.186667,26.1,0.485591,False
2014-09-15,24.7,12.5,20.701183,11.113118,26.1,3.998817,False
2014-09-16,25.4,11.5,20.568817,11.063118,25.91,4.831183,False
2014-09-17,25.6,15.2,20.457957,11.020645,25.9,5.142043,False
2014-09-18,25.9,15.4,20.314839,10.952043,25.8,5.585161,False
2014-09-19,24.7,14.1,20.143656,10.876989,25.6,4.556344,False
2014-09-20,25.1,14.6,19.958602,10.774839,25.31,5.141398,False
2014-09-21,18.9,11.7,19.803978,10.674624,25.1,-0.903978,False
2014-09-22,17.2,9.7,19.644516,10.58043,24.9,-2.444516,False
2014-09-23,17.6,7.9,19.49828,10.498387,24.8,-1.89828,False
2014-09-24,18.4,7.0,19.35,10.436022,24.7,-0.95,False
2014-09-25,19.1,7.8,19.185054,10.354946,24.5,-0.085054,False
2014-09-26,21.7,6.6,19.026559,10.284409,24.1,2.673441,False
2014-09-27,23.3,9.5,18.878172,10.192688,23.7,4.421828,False
2014-09-28,23.7,10.5,18.753333,10.081935,23.7,4.946667,False
2014-09-29,21.0,15.3,18.627419,9.990968,23.7,2.372581,False
2014-09-30,22.8,12.5,18.475806,9.889355,23.51,4.324194,False
2014-10-01,23.2,9.6,18.327634,9.786129,23.3,4.872366,False
2014-10-02,21.8,13.1,18.149677,9.694946,23.11,3.650323,False
2014-10-03,23.0,10.6,17.984946,9.58086,23.1,5.015054,False
2014-10-04,23.3,9.4,17.818172,9.491398,23.0,5.481828,False
2014-10-05,15.0,9.1,17.633441,9.413226,22.8,-2.633441,False
2014-10-06,14.1,7.7,17.453441,9.33,22.6,-3.353441,False
2014-10-07,15.1,11.7,17.257419,9.264409,22.4,-2.157419,False
2014-10-08,19.8,11.9,17.095591,9.181935,22.21,2.704409,False
2014-10-09,19.3,14.4,16.909892,9.105054,21.9,2.390108,False
2014-10-10,17.4,11.3,16.763011,9.038495,21.6,0.636989,False
2014-10-11,18.5,11.1,16.63,8.962796,21.5,1.87,False
2014-10-12,15.5,9.6,16.474731,8.881935,21.4,-0.974731,False
2014-10-13,17.6,10.1,16.295591,8.785161,21.2,1.304409,False
2014-10-14,18.1,7.4,16.107204,8.662473,21.1,1.992796,False
2014-10-15,16.2,8.6,15.919247,8.534409,20.9,0.280753,False
2014-10-16,18.6,14.2,15.740753,8.407742,20.6,2.859247,False
2014-10-17,18.5,13.5,15.565699,8.274086,20.4,2.934301,False
2014-10-18,24.2,13.2,15.401935,8.144624,20.2,8.798065,False
2014-10-19,23.0,14.0,15.272473,8.071398,20.01,7.727527,False
2014-10-20,16.0,10.7,15.124731,7.952903,19.9,0.875269,False
2014-10-21,16.1,9.3,14.97957,7.832688,19.8,1.12043,False
2014-10-22,13.2,6.5,14.816774,7.714086,19.61,-1.616774,False
2014-10-23,14.0,10.1,14.655591,7.613978,19.5,-0.655591,False
2014-10-24,14.6,11.0,14.485376,7.494301,19.3,0.114624,False
2014-10-25,15.0,11.5,14.299462,7.35871,19.2,0.700538,False
2014-10-26,16.8,10.0,14.103011,7.229892,19.0,2.696989,False
2014-10-27,17.2,7.8,13.913333,7.078172,18.7,3.286667,False
2014-10-28,11.3,8.0,13.718172,6.957634,18.5,-2.418172,False
2014-10-29,15.0,6.6,13.52828,6.848065,18.2,1.47172,False
2014-10-30,19.3,9.5,13.336989,6.734301,18.0,5.963011,False
2014-10-31,21.5,10.6,13.151183,6.633118,17.9,8.348817,False
2014-11-01,20.0,10.1,12.946882,6.535054,17.61,7.053118,False
2014-11-02,17.1,11.9,12.756237,6.433226,17.5,4.343763,False
2014-11-03,14.8,9.5,12.572043,6.332688,17.4,2.227957,False
2014-11-04,11.6,6.7,12.382796,6.217312,17.2,-0.782796,False
2014-11-05,10.4,4.4,12.198387,6.069032,17.1,-1.798387,False
2014-11-06,11.8,2.1,12.006022,5.931935,16.8,-0.206022,False
2014-11-07,13.7,7.8,11.81914,5.79871,16.6,1.88086,False
2014-11-08,14.3,7.7,11.640968,5.681075,16.4,2.659032,False
2014-11-09,11.5,7.5,11.469462,5.537742,16.31,0.030538,False
2014-11-10,11.7,4.7,11.299892,5.417634,16.2,0.400108,False
2014-11-11,15.3,5.3,11.116022,5.307312,15.9,4.183978,False
2014-11-12,14.1,7.4,10.936774,5.192688,15.7,3.163226,False
2014-11-13,14.3,6.4,10.768817,5.09086,15.5,3.531183,False
2014-11-14,11.0,8.6,10.613226,4.978602,15.5,0.386774,False
2014-11-15,12.1,8.0,10.43129,4.863871,15.1,1.66871,False
2014-11-16,10.2,7.4,10.242903,4.78043,14.8,-0.042903,False
2014-11-17,10.2,6.8,10.076344,4.677742,14.61,0.123656,False
2014-11-18,10.4,6.3,9.912366,4.582258,14.41,0.487634,False
2014-11-19,8.3,4.9,9.72828,4.446559,14.21,-1.42828,False
2014-11-20,9.2,6.3,9.57043,4.348925,14.1,-0.37043,False
2014-11-21,11.3,6.5,9.421075,4.254409,13.91,1.878925,False
2014-11-22,14.5,7.0,9.283226,4.150538,13.8,5.216774,False
2014-11-23,15.7,8.2,9.15828,4.035161,13.7,6.54172,False
2014-11-24,10.8,8.5,9.005806,3.926559,13.6,1.794194,False
2014-11-25,10.6,8.9,8.851505,3.8,13.5,1.748495,False
2014-11-26,12.8,9.2,8.723656,3.690753,13.5,4.076344,False
2014-11-27,11.3,8.5,8.586237,3.600108,13.4,2.713763,False
2014-11-28,13.5,9.2,8.456882,3.495699,13.2,5.043118,False
2014-11-29,10.1,3.9,8.310215,3.371183,13.1,1.789785,False
2014-11-30,6.8,2.1,8.164301,3.247527,12.91,-1.364301,False
2014-12-01,7.5,2.4,8.06957,3.152366,12.8,-0.56957,False
2014-12-02,3.3,2.0,8.008387,3.062688,12.8,-4.708387,False
2014-12-03,3.1,1.4,7.954409,3.026452,12.7,-4.854409,False
2014-12-04,4.2,1.7,7.920645,2.998495,12.61,-3.720645,False
2014-12-05,5.3,4.0,7.876452,2.963548,12.6,-2.576452,False
2014-12-06,7.0,1.4,7.843226,2.947634,12.6,-0.843226,False
2014-12-07,6.4,-1.6,7.816237,2.966667,12.6,-1.416237,False
2014-12-08,6.2,1.3,7.782366,2.971828,12.51,-1.582366,False
2014-12-09,6.2,-0.7,7.736667,2.953441,12.5,-1.536667,False
2014-12-10,9.7,3.9,7.665484,2.918065,12.4,2.034516,False
2014-12-11,9.2,6.1,7.566237,2.812796,12.3,1.633763,False
2014-12-12,11.1,7.7,7.476559,2.733763,12.3,3.623441,False
2014-12-13,7.4,2.2,7.369355,2.642581,12.21,0.030645,False
2014-12-14,3.7,-0.8,7.29086,2.527849,12.2,-3.59086,False
2014-12-15,5.6,0.1,7.245161,2.492581,12.11,-1.645161,False
2014-12-16,8.9,4.9,7.203656,2.466882,12.1,1.696344,False
2014-12-17,11.5,5.6,7.145269,2.414624,12.01,4.354731,False
2014-12-18,13.1,11.4,7.100215,2.372043,12.0,5.999785,False
2014-12-19,11.8,6.0,7.056022,2.313226,12.01,4.743978,False
2014-12-20,9.4,5.2,7.005376,2.260645,12.0,2.394624,False
2014-12-21,8.5,5.8,6.970753,2.22957,12.0,1.529247,False
2014-12-22,10.3,7.6,6.947527,2.212903,12.0,3.352473,False
2014-12-23,9.0,6.4,6.923226,2.220108,12.0,2.076774,False
2014-12-24,10.3,5.4,6.916129,2.240215,12.0,3.383871,False
2014-12-25,8.4,2.2,6.95129,2.25828,12.1,1.44871,False
2014-12-26,4.7,-0.1,6.977419,2.290753,12.1,-2.277419,False
2014-12-27,9.1,2.2,6.982903,2.3,12.0,2.117097,False
2014-12-28,2.3,-3.6,6.98172,2.297634,12.0,-4.68172,False
2014-12-29,3.8,-5.9,7.001613,2.315376,12.1,-3.201613,False
2014-12-30,4.9,0.0,7.022796,2.333978,12.1,-2.122796,False
2014-12-31,6.1,-0.8,7.052903,2.354194,12.1,-0.952903,False
2015-01-01,3.4,-3.5,7.055161,2.352581,12.11,-3.655161,False
2015-01-02,9.9,1.0,7.037742,2.345914,12.1,2.862258,False
2015-01-03,12.5,0.1,7.003763,2.30871,12.1,5.496237,False
2015-01-04,9.1,0.5,6.961183,2.287312,12.1,2.138817,False
2015-01-05,2.2,-2.6,6.928065,2.273226,12.1,-4.728065,False
2015-01-06,5.2,-2.9,6.896344,2.22914,12.01,-1.696344,False
2015-01-07,5.3,-0.8,6.845376,2.169677,12.0,-1.545376,False
2015-01-08,10.5,5.6,6.791828,2.116237,11.9,3.708172,False
2015-01-09,14.0,6.7,6.744409,2.053548,11.8,7.255591,False
2015-01-10,13.9,6.9,6.723548,1.996559,11.8,7.176452,False
2015-01-11,8.3,4.4,6.705376,1.980753,11.8,1.594624,False
2015-01-12,8.8,6.0,6.706882,1.967097,11.8,2.093118,False
2015-01-13,10.6,7.4,6.735806,1.980108,11.8,3.864194,False
2015-01-14,8.3,5.0,6.731828,2.012473,11.8,1.568172,False
2015-01-15,10.3,6.0,6.702473,1.963011,11.8,3.597527,False
2015-01-16,7.8,4.4,6.692258,1.921398,11.8,1.107742,False
2015-01-17,5.4,0.6,6.713978,1.919677,11.8,-1.313978,False
2015-01-18,6.3,0.7,6.707312,1.896882,11.8,-0.407312,False
2015-01-19,2.9,-0.8,6.710645,1.88086,11.8,-3.810645,False
2015-01-20,1.7,-1.3,6.727742,1.89828,11.8,-5.027742,False
2015-01-21,3.6,-0.9,6.756989,1.903333,11.8,-3.156989,False
2015-01-22,1.4,-1.3,6.780108,1.892473,11.8,-5.380108,False
2015-01-23,1.4,-1.2,6.785376,1.837849,11.8,-5.385376,False
2015-01-24,5.9,-1.6,6.784409,1.797419,11.8,-0.884409,False
2015-01-25,6.3,-1.5,6.764301,1.731183,11.8,-0.464301,False
2015-01-26,8.6,4.3,6.763226,1.680645,11.8,1.836774,False
2015-01-27,7.1,2.1,6.776667,1.662688,11.8,0.323333,False
2015-01-28,8.5,3.8,6.797742,1.637204,11.81,1.702258,False
2015-01-29,5.7,1.5,6.78172,1.586882,11.8,-1.08172,False
2015-01-30,4.8,0.3,6.797419,1.555806,11.9,-1.997419,False
2015-01-31,5.0,0.9,6.843656,1.55086,12.01,-1.843656,False
2015-02-01,4.2,1.5,6.875699,1.543548,12.1,-2.675699,False
2015-02-02,3.7,-1.0,6.905699,1.543118,12.1,-3.205699,False
2015-02-03,2.5,-1.6,6.963871,1.522258,12.1,-4.463871,False
2015-02-04,4.1,-0.8,7.006667,1.487312,12.01,-2.906667,False
2015-02-05,2.4,-0.8,7.066989,1.484839,12.1,-4.666989,False
2015-02-06,1.4,-1.9,7.10086,1.480108,12.1,-5.70086,False
2015-02-07,4.7,-2.5,7.163656,1.468065,12.2,-2.463656,False
2015-02-08,6.6,0.7,7.236022,1.485054,12.3,-0.636022,False
2015-02-09,4.4,-2.1,7.334301,1.514624,12.41,-2.934301,False
2015-02-10,6.0,1.8,7.429247,1.58172,12.5,-1.429247,False
2015-02-11,7.0,0.1,7.533763,1.634624,12.5,-0.533763,False
2015-02-12,6.8,-2.5,7.62828,1.646022,12.6,-0.82828,False
2015-02-13,12.2,0.5,7.707634,1.679247,12.7,4.492366,False
2015-02-14,7.9,5.3,7.798172,1.724301,12.7,0.101828,False
2015-02-15,7.8,3.1,7.898817,1.787204,12.71,-0.098817,False
2015-02-16,6.9,0.0,8.004409,1.824409,12.8,-1.104409,False
2015-02-17,7.1,2.9,8.091828,1.841505,12.81,-0.991828,False
2015-02-18,5.7,-0.6,8.190215,1.883333,12.9,-2.490215,False
2015-02-19,6.2,0.6,8.284946,1.938495,12.91,-2.084946,False
2015-02-20,7.8,4.7,8.400645,1.971828,13.01,-0.600645,False
2015-02-21,6.0,0.6,8.535914,2.007957,13.3,-2.535914,False
2015-02-22,7.5,-2.1,8.671828,2.083871,13.5,-1.171828,False
2015-02-23,10.6,3.1,8.824946,2.174624,13.7,1.775054,False
2015-02-24,8.2,1.9,8.987742,2.239355,14.0,-0.787742,False
2015-02-25,7.7,1.8,9.132581,2.320538,14.21,-1.432581,False
2015-02-26,11.5,5.8,9.271935,2.396129,14.5,2.228065,False
2015-02-27,8.1,0.1,9.414946,2.456559,14.6,-1.314946,False
2015-02-28,9.1,-0.8,9.593333,2.553118,14.7,-0.493333,False
2015-03-01,11.9,7.4,9.807527,2.66129,14.9,2.092473,False
2015-03-02,9.8,3.4,9.97172,2.782151,15.0,-0.17172,False
2015-03-03,10.5,2.4,10.097419,2.878602,15.2,0.402581,False
2015-03-04,8.5,0.8,10.209247,2.969892,15.3,-1.709247,False
2015-03-05,10.9,0.3,10.352903,3.037312,15.4,0.547097,False
2015-03-06,11.6,-1.2,10.462366,3.131505,15.4,1.137634,False
2015-03-07,14.9,0.1,10.592151,3.216129,15.5,4.307849,False
2015-03-08,19.1,0.4,10.720645,3.25871,15.71,8.379355,False
2015-03-09,13.0,5.8,10.873871,3.353548,15.9,2.126129,False
2015-03-10,11.0,6.2,10.997527,3.437957,16.01,0.002473,False
2015-03-11,13.6,4.8,11.117312,3.483441,16.1,2.482688,False
2015-03-12,14.2,1.3,11.214731,3.523548,16.4,2.985269,False
2015-03-13,11.3,2.1,11.341935,3.553763,16.4,-0.041935,False
2015-03-14,9.7,2.5,11.483656,3.61172,16.6,-1.783656,False
2015-03-15,6.7,4.2,11.615914,3.719462,16.7,-4.915914,False
2015-03-16,12.7,1.1,11.770215,3.798387,16.9,0.929785,False
2015-03-17,17.3,1.5,11.958495,3.857419,17.01,5.341505,False
2015-03-18,15.9,6.2,12.135484,3.941935,17.3,3.764516,False
2015-03-19,7.3,4.5,12.272903,4.052258,17.51,-4.972903,False
2015-03-20,11.1,4.2,12.382903,4.135591,17.6,-1.282903,False
2015-03-21,8.9,3.3,12.496022,4.197419,17.71,-3.596022,False
2015-03-22,10.3,2.9,12.632796,4.253978,17.9,-2.332796,False
2015-03-23,13.5,-0.9,12.739032,4.322366,18.0,0.760968,False
2015-03-24,7.6,4.5,12.80914,4.356559,18.01,-5.20914,False
2015-03-25,8.9,1.5,12.904409,4.375914,18.2,-4.004409,False
2015-03-26,8.7,-1.2,13.008925,4.415699,18.5,-4.308925,False
2015-03-27,12.0,2.8,13.093011,4.455054,18.6,-1.093011,False
2015-03-28,15.7,6.1,13.18129,4.505591,18.71,2.51871,False
2015-03-29,13.4,9.7,13.244946,4.558602,18.81,0.155054,False
2015-03-30,12.7,8.9,13.315914,4.612473,19.0,-0.615914,False
2015-03-31,13.6,7.5,13.358925,4.642043,19.0,0.241075,False
2015-04-01,11.2,4.7,13.386022,4.653763,19.01,-2.186022,False
2015-04-02,10.6,7.2,13.460645,4.670215,19.3,-2.860645,False
2015-04-03,10.4,7.1,13.544731,4.709462,19.5,-3.144731,False
2015-04-04,9.8,4.0,13.648495,4.731075,19.6,-3.848495,False
2015-04-05,10.4,1.5,13.773118,4.790215,19.8,-3.373118,False
2015-04-06,13.2,0.8,13.961183,4.864731,20.0,-0.761183,False
2015-04-07,15.2,2.6,14.142366,4.965484,20.3,1.057634,False
2015-04-08,16.9,2.0,14.286989,5.063226,20.4,2.613011,False
2015-04-09,20.8,3.0,14.443441,5.133763,20.5,6.356559,False
2015-04-10,21.1,4.8,14.59,5.246129,20.6,6.51,False
2015-04-11,14.9,8.2,14.709462,5.367742,20.6,0.190538,False
2015-04-12,18.8,4.5,14.827097,5.487742,20.7,3.972903,False
2015-04-13,19.7,4.5,14.918817,5.614409,20.81,4.781183,False
2015-04-14,24.5,6.9,15.01043,5.713011,21.11,9.48957,False
2015-04-15,26.2,8.2,15.116129,5.794516,21.2,11.083871,False
2015-04-16,22.2,10.1,15.20871,5.90043,21.31,6.99129,False
2015-04-17,17.8,10.6,15.274731,5.998387,21.6,2.525269,False
2015-04-18,16.0,7.2,15.348387,6.085376,21.82,0.651613,False
2015-04-19,17.0,4.3,15.444624,6.137957,22.01,1.555376,False
2015-04-20,20.6,5.2,15.574839,6.232473,22.2,5.025161,False
2015-04-21,21.8,6.7,15.71129,6.343871,22.6,6.08871,False
2015-04-22,20.6,7.5,15.854194,6.464409,22.71,4.745806,False
2015-04-23,20.9,5.3,15.991828,6.597742,22.81,4.908172,False
2015-04-24,18.8,7.2,16.122151,6.772581,22.91,2.677849,False
2015-04-25,18.1,11.6,16.255806,6.926129,23.1,1.844194,False
2015-04-26,15.0,10.0,16.359677,7.070323,23.1,-1.359677,False
2015-04-27,13.3,6.7,16.451613,7.200215,23.1,-3.151613,False
2015-04-28,13.7,3.2,16.569785,7.323011,23.2,-2.869785,False
2015-04-29,15.0,3.8,16.683118,7.444409,23.3,-1.683118,False
2015-04-30,11.1,7.5,16.799355,7.532151,23.3,-5.699355,False
2015-05-01,10.8,8.7,16.935376,7.641183,23.31,-6.135376,False
2015-05-02,13.7,9.1,17.072688,7.783548,23.5,-3.372688,False
2015-05-03,19.9,13.0,17.192903,7.897097,23.5,2.707097,False
2015-05-04,19.2,10.7,17.302258,7.995269,23.61,1.897742,False
2015-05-05,17.7,10.2,17.421613,8.13086,23.6,0.278387,False
2015-05-06,15.8,8.5,17.53,8.267849,23.61,-1.73,False
2015-05-07,16.5,6.4,17.583978,8.377312,23.7,-1.083978,False
2015-05-08,18.5,8.5,17.656989,8.459892,23.7,0.843011,False
2015-05-09,19.5,12.7,17.760968,8.590108,23.8,1.739032,False
2015-05-10,22.0,9.5,17.879892,8.714731,24.1,4.120108,False
2015-05-11,26.6,11.5,17.999785,8.806022,24.2,8.600215,False
2015-05-12,20.1,9.6,18.142043,8.904731,24.3,1.957957,False
2015-05-13,20.6,7.1,18.275699,9.007849,24.61,2.324301,False
2015-05-14,16.7,8.3,18.429677,9.096344,24.7,-1.729677,False
2015-05-15,15.0,7.5,18.576237,9.216237,24.7,-3.576237,False
2015-05-16,17.2,6.7,18.686667,9.325484,24.7,-1.486667,False
2015-05-17,19.1,5.7,18.832688,9.405914,24.8,0.267312,False
2015-05-18,19.3,5.5,18.98871,9.543548,24.9,0.31129,False
2015-05-19,13.6,6.1,19.098065,9.65914,24.9,-5.498065,False
2015-05-20,14.0,5.5,19.20957,9.780968,24.9,-5.20957,False
2015-05-21,17.2,5.1,19.340538,9.899785,25.0,-2.140538,False
2015-05-22,19.3,5.3,19.457849,10.029032,25.11,-0.157849,False
2015-05-23,20.3,10.1,19.555699,10.152473,25.3,0.744301,False
2015-05-24,20.0,10.4,19.656452,10.234624,25.31,0.343548,False
2015-05-25,19.0,11.4,19.766022,10.300968,25.4,-0.766022,False
2015-05-26,17.8,10.3,19.841505,10.382903,25.51,-2.041505,False
2015-05-27,21.4,7.2,19.933333,10.462258,25.7,1.466667,False
2015-05-28,19.1,10.1,20.014946,10.552151,25.7,-0.914946,False
2015-05-29,18.0,10.5,20.098065,10.640215,25.7,-2.098065,False
2015-05-30,19.2,10.0,20.24086,10.741505,25.71,-1.04086,False
2015-05-31,16.8,11.3,20.336559,10.893118,25.81,-3.536559,False
2015-06-01,17.4,7.7,20.429355,10.999785,25.81,-3.029355,False
2015-06-02,23.1,11.8,20.546237,11.08871,25.91,2.553763,False
2015-06-03,20.3,12.4,20.677097,11.206344,26.1,-0.377097,False
2015-06-04,26.1,8.8,20.822581,11.326129,26.21,5.277419,False
2015-06-05,31.5,14.8,20.942796,11.438602,26.4,10.557204,False
2015-06-06,21.8,11.9,21.027634,11.527312,26.41,0.772366,False
2015-06-07,21.5,8.2,21.127634,11.601828,26.7,0.372366,False
2015-06-08,19.6,9.2,21.202043,11.69172,26.9,-1.602043,False
2015-06-09,18.8,9.9,21.305376,11.751075,27.0,-2.505376,False
2015-06-10,22.0,10.6,21.379677,11.842151,27.1,0.620323,False
2015-06-11,28.1,15.1,21.495376,11.932258,27.2,6.604624,False
2015-06-12,25.4,16.2,21.602796,12.033118,27.3,3.797204,False
2015-06-13,24.4,14.7,21.733441,12.136022,27.4,2.666559,False
2015-06-14,22.2,13.4,21.834516,12.236667,27.5,0.365484,False
2015-06-15,20.8,14.4,21.926129,12.311613,27.61,-1.126129,False
2015-06-16,21.2,10.4,22.062151,12.416452,28.1,-0.862151,False
2015-06-17,24.7,9.6,22.15086,12.537312,28.12,2.54914,False
2015-06-18,19.4,12.6,22.223871,12.597097,28.51,-2.823871,False
2015-06-19,21.8,8.9,22.335699,12.675914,28.6,-0.535699,False
2015-06-20,21.4,10.5,22.428172,12.774194,28.61,-1.028172,False
2015-06-21,22.6,13.7,22.504194,12.844946,28.7,0.095806,False
2015-06-22,18.1,10.8,22.574409,12.888387,28.71,-4.474409,False
2015-06-23,19.0,8.8,22.633333,12.929462,28.8,-3.633333,False
2015-06-24,24.3,7.4,22.706129,12.993978,28.8,1.593871,False
2015-06-25,27.7,12.0,22.772903,13.053011,28.9,4.927097,False
2015-06-26,30.7,14.5,22.852258,13.122581,28.91,7.847742,False
2015-06-27,24.7,15.7,22.920645,13.188172,28.91,1.779355,False
2015-06-28,29.5,11.6,23.023011,13.255484,29.01,6.476989,False
2015-06-29,28.0,14.4,23.11,13.338172,29.1,4.89,False
2015-06-30,32.7,14.6,23.213226,13.40172,29.4,9.486774,True
2015-07-01,37.9,18.9,23.345914,13.453978,29.4,14.554086,True
2015-07-02,30.5,20.4,23.444194,13.534731,29.5,7.055806,True
2015-07-03,34.8,16.9,23.538925,13.616559,29.61,11.261075,True
2015-07-04,31.1,21.1,23.630753,13.692258,29.71,7.469247,True
2015-07-05,24.5,15.9,23.709032,13.773763,29.8,0.790968,False
2015-07-06,29.9,13.1,23.797204,13.825484,29.8,6.102796,False
2015-07-07,26.8,16.0,23.9,13.868817,29.9,2.9,False
2015-07-08,19.8,13.4,24.007312,13.954301,29.9,-4.207312,False
2015-07-09,22.6,12.0,24.111183,14.031398,29.9,-1.511183,False
2015-07-10,28.5,9.6,24.169247,14.104409,30.0,4.330753,False
2015-07-11,27.0,12.9,24.231183,14.15957,30.0,2.768817,False
2015-07-12,23.7,11.7,24.265269,14.217527,30.01,-0.565269,False
2015-07-13,24.8,17.6,24.302151,14.260753,30.0,0.497849,False
2015-07-14,25.8,16.4,24.350215,14.277634,29.9,1.449785,False
2015-07-15,30.5,15.0,24.384516,14.312258,30.0,6.115484,False
2015-07-16,35.1,16.8,24.453441,14.343118,30.0,10.646559,False
2015-07-17,29.2,19.0,24.514194,14.354409,30.0,4.685806,False
2015-07-18,28.3,17.0,24.582473,14.373226,30.01,3.717527,False
2015-07-19,25.5,16.3,24.637849,14.422366,30.1,0.862151,False
2015-07-20,26.2,19.6,24.704516,14.45,30.21,1.495484,False
2015-07-21,28.9,18.1,24.806344,14.46871,30.3,4.093656,False
2015-07-22,26.9,17.6,24.897312,14.503226,30.4,2.002688,False
2015-07-23,24.8,15.5,24.99086,14.548065,30.5,-0.19086,False
2015-07-24,27.5,14.7,25.045591,14.602473,30.51,2.454409,False
2015-07-25,20.6,12.0,25.092581,14.634731,30.6,-4.492581,False
2015-07-26,18.6,8.9,25.128495,14.647419,30.6,-6.528495,False
2015-07-27,22.0,14.9,25.173978,14.642796,30.7,-3.173978,False
2015-07-28,18.1,12.8,25.224731,14.662258,30.81,-7.124731,False
2015-07-29,20.9,10.8,25.235376,14.670968,30.9,-4.335376,False
2015-07-30,20.6,9.5,25.253226,14.672258,30.81,-4.653226,False
2015-07-31,22.4,7.4,25.243441,14.678065,30.7,-2.843441,False
2015-08-01,25.1,11.6,25.238065,14.645591,30.61,-0.138065,False
2015-08-02,29.9,9.7,25.218495,14.64,30.61,4.681505,False
2015-08-03,33.2,16.0,25.202366,14.620968,30.6,7.997634,False
2015-08-04,24.3,15.2,25.174516,14.594301,30.51,-0.874516,False
2015-08-05,29.9,12.2,25.139462,14.555806,30.5,4.760538,False
2015-08-06,29.9,16.8,25.125914,14.54,30.5,4.774086,False
2015-08-07,29.2,14.5,25.102151,14.533226,30.4,4.097849,False
2015-08-08,27.0,16.0,25.063763,14.508387,30.41,1.936237,False
2015-08-09,24.1,17.6,25.004086,14.477204,30.41,-0.904086,False
2015-08-10,28.1,13.6,24.966667,14.451613,30.41,3.133333,False
2015-08-11,29.0,17.2,24.933441,14.419462,30.41,4.066559,False
2015-08-12,32.9,19.5,24.863333,14.384194,30.4,8.036667,False
2015-08-13,30.0,18.6,24.782581,14.321828,30.3,5.217419,False
2015-08-14,24.7,16.6,24.663763,14.256022,30.3,0.036237,False
2015-08-15,20.9,14.3,24.586344,14.17043,30.21,-3.686344,False
2015-08-16,20.4,10.9,24.489355,14.101935,30.11,-4.089355,False
2015-08-17,21.2,13.7,24.344946,14.012688,30.0,-3.144946,False
2015-08-18,21.3,10.7,24.227527,13.906774,29.9,-2.927527,False
2015-08-19,25.0,12.8,24.130215,13.803333,29.7,0.869785,False
2015-08-20,23.0,16.2,24.021613,13.728172,29.7,-1.021613,False
2015-08-21,28.9,14.5,23.875054,13.655806,29.5,5.024946,False
2015-08-22,30.7,15.2,23.727204,13.571613,29.4,6.972796,False
2015-08-23,22.5,16.7,23.581505,13.477312,29.21,-1.081505,False
2015-08-24,19.5,13.1,23.481398,13.365484,29.01,-3.981398,False
2015-08-25,19.9,10.4,23.399462,13.274624,29.0,-3.499462,False
2015-08-26,29.1,15.4,23.32828,13.209677,29.0,5.77172,False
2015-08-27,18.8,14.0,23.22043,13.144516,28.9,-4.42043,False
2015-08-28,20.7,13.9,23.091398,13.070215,28.71,-2.391398,False
2015-08-29,30.1,13.9,22.978387,12.98043,28.7,7.121613,False
2015-08-30,32.2,19.6,22.863333,12.891183,28.7,9.336667,False
2015-08-31,26.3,18.0,22.728172,12.79172,28.6,3.571828,False
2015-09-01,20.4,12.6,22.589785,12.684946,28.5,-2.189785,False
2015-09-02,19.8,8.9,22.452151,12.555054,28.3,-2.652151,False
2015-09-03,17.9,8.4,22.296344,12.429247,28.21,-4.396344,False
2015-09-04,16.4,10.2,22.149032,12.315376,28.11,-5.749032,False
2015-09-05,17.8,11.0,22.034731,12.199462,27.8,-4.234731,False
2015-09-06,16.9,9.6,21.915699,12.065269,27.6,-5.015699,False
2015-09-07,19.1,6.5,21.757312,11.956129,27.3,-2.657312,False
2015-09-08,18.3,10.9,21.62043,11.842473,27.2,-3.32043,False
2015-09-09,22.7,9.4,21.474839,11.735699,26.9,1.225161,False
2015-09-10,23.0,9.8,21.303763,11.608387,26.71,1.696237,False
2015-09-11,22.6,7.4,21.136989,11.472796,26.41,1.463011,False
2015-09-12,18.6,12.5,21.013656,11.338065,26.3,-2.413656,False
2015-09-13,18.1,11.6,20.902903,11.246022,26.2,-2.802903,False
2015-09-14,17.5,11.9,20.814409,11.186667,26.1,-3.314409,False
2015-09-15,18.5,11.6,20.701183,11.113118,26.1,-2.201183,False
2015-09-16,17.5,13.4,20.568817,11.063118,25.91,-3.068817,False
2015-09-17,17.9,12.2,20.457957,11.020645,25.9,-2.557957,False
2015-09-18,17.3,10.6,20.314839,10.952043,25.8,-3.014839,False
2015-09-19,18.8,10.7,20.143656,10.876989,25.6,-1.343656,False
2015-09-20,17.9,7.2,19.958602,10.774839,25.31,-2.058602,False
2015-09-21,19.0,7.3,19.803978,10.674624,25.1,-0.803978,False
2015-09-22,15.6,10.3,19.644516,10.58043,24.9,-4.044516,False
2015-09-23,17.1,9.6,19.49828,10.498387,24.8,-2.39828,False
2015-09-24,16.1,8.4,19.35,10.436022,24.7,-3.25,False
2015-09-25,17.5,9.5,19.185054,10.354946,24.5,-1.685054,False
2015-09-26,17.1,8.0,19.026559,10.284409,24.1,-1.926559,False
2015-09-27,19.3,7.8,18.878172,10.192688,23.7,0.421828,False
2015-09-28,18.6,8.0,18.753333,10.081935,23.7,-0.153333,False
2015-09-29,18.7,8.6,18.627419,9.990968,23.7,0.072581,False
2015-09-30,18.2,7.8,18.475806,9.889355,23.51,-0.275806,False
2015-10-01,16.3,6.6,18.327634,9.786129,23.3,-2.027634,False
2015-10-02,19.5,6.0,18.149677,9.694946,23.11,1.350323,False
2015-10-03,20.0,8.8,17.984946,9.58086,23.1,2.015054,False
2015-10-04,16.7,7.6,17.818172,9.491398,23.0,-1.118172,False
2015-10-05,16.6,12.6,17.633441,9.413226,22.8,-1.033441,False
2015-10-06,19.5,14.9,17.453441,9.33,22.6,2.046559,False
2015-10-07,16.0,10.9,17.257419,9.264409,22.4,-1.257419,False
2015-10-08,15.2,10.0,17.095591,9.181935,22.21,-1.895591,False
2015-10-09,15.2,7.7,16.909892,9.105054,21.9,-1.709892,False
2015-10-10,15.5,7.1,16.763011,9.038495,21.6,-1.263011,False
2015-10-11,14.6,7.3,16.63,8.962796,21.5,-2.03,False
2015-10-12,14.5,7.3,16.474731,8.881935,21.4,-1.974731,False
2015-10-13,11.3,5.1,16.295591,8.785161,21.2,-4.995591,False
2015-10-14,9.5,2.7,16.107204,8.662473,21.1,-6.607204,False
2015-10-15,6.7,3.4,15.919247,8.534409,20.9,-9.219247,False
2015-10-16,7.2,3.1,15.740753,8.407742,20.6,-8.540753,False
2015-10-17,13.1,6.8,15.565699,8.274086,20.4,-2.465699,False
2015-10-18,10.5,5.5,15.401935,8.144624,20.2,-4.901935,False
2015-10-19,12.7,3.1,15.272473,8.071398,20.01,-2.572473,False
2015-10-20,12.3,8.6,15.124731,7.952903,19.9,-2.824731,False
2015-10-21,13.6,4.7,14.97957,7.832688,19.8,-1.37957,False
2015-10-22,14.3,10.0,14.816774,7.714086,19.61,-0.516774,False
2015-10-23,13.3,10.5,14.655591,7.613978,19.5,-1.355591,False
2015-10-24,14.7,8.3,14.485376,7.494301,19.3,0.214624,False
2015-10-25,13.3,7.7,14.299462,7.35871,19.2,-0.999462,False
2015-10-26,16.4,7.9,14.103011,7.229892,19.0,2.296989,False
2015-10-27,20.2,10.4,13.913333,7.078172,18.7,6.286667,False
2015-10-28,14.0,7.9,13.718172,6.957634,18.5,0.281828,False
2015-10-29,14.5,8.3,13.52828,6.848065,18.2,0.97172,False
2015-10-30,16.1,7.4,13.336989,6.734301,18.0,2.763011,False
2015-10-31,17.3,6.2,13.151183,6.633118,17.9,4.148817,False
2015-11-01,18.2,4.5,12.946882,6.535054,17.61,5.253118,False
2015-11-02,11.4,5.8,12.756237,6.433226,17.5,-1.356237,False
2015-11-03,14.7,8.8,12.572043,6.332688,17.4,2.127957,False
2015-11-04,15.9,12.2,12.382796,6.217312,17.2,3.517204,False
2015-11-05,17.6,11.6,12.198387,6.069032,17.1,5.401613,False
2015-11-06,17.8,14.7,12.006022,5.931935,16.8,5.793978,False
2015-11-07,21.0,14.5,11.81914,5.79871,16.6,9.18086,False
2015-11-08,20.6,11.6,11.640968,5.681075,16.4,8.959032,False
2015-11-09,17.1,11.3,11.469462,5.537742,16.31,5.630538,False
2015-11-10,15.0,8.5,11.299892,5.417634,16.2,3.700108,False
2015-11-11,15.5,8.6,11.116022,5.307312,15.9,4.383978,False
2015-11-12,15.5,10.1,10.936774,5.192688,15.7,4.563226,False
2015-11-13,14.9,8.4,10.768817,5.09086,15.5,4.131183,False
2015-11-14,12.2,6.3,10.613226,4.978602,15.5,1.586774,False
2015-11-15,16.5,10.8,10.43129,4.863871,15.1,6.06871,False
2015-11-16,14.7,11.1,10.242903,4.78043,14.8,4.457097,False
2015-11-17,16.6,13.8,10.076344,4.677742,14.61,6.523656,False
2015-11-18,15.2,10.6,9.912366,4.582258,14.41,5.287634,False
2015-11-19,15.5,12.7,9.72828,4.446559,14.21,5.77172,False
2015-11-20,14.8,6.9,9.57043,4.348925,14.1,5.22957,False
2015-11-21,6.5,3.2,9.421075,4.254409,13.91,-2.921075,False
2015-11-22,5.9,0.2,9.283226,4.150538,13.8,-3.383226,False
2015-11-23,5.2,-0.7,9.15828,4.035161,13.7,-3.95828,False
2015-11-24,7.6,-0.6,9.005806,3.926559,13.6,-1.405806,False
2015-11-25,9.9,4.9,8.851505,3.8,13.5,1.048495,False
2015-11-26,9.1,2.4,8.723656,3.690753,13.5,0.376344,False
2015-11-27,6.2,1.0,8.586237,3.600108,13.4,-2.386237,False
2015-11-28,9.4,3.3,8.456882,3.495699,13.2,0.943118,False
2015-11-29,12.5,8.1,8.310215,3.371183,13.1,4.189785,False
2015-11-30,12.8,10.3,8.164301,3.247527,12.91,4.635699,False
2015-12-01,13.0,9.7,8.06957,3.152366,12.8,4.93043,False
2015-12-02,12.0,6.7,8.008387,3.062688,12.8,3.991613,False
2015-12-03,10.0,4.4,7.954409,3.026452,12.7,2.045591,False
2015-12-04,11.0,3.1,7.920645,2.998495,12.61,3.079355,False
2015-12-05,8.3,1.4,7.876452,2.963548,12.6,0.423548,False
2015-12-06,11.9,5.4,7.843226,2.947634,12.6,4.056774,False
2015-12-07,13.6,7.6,7.816237,2.966667,12.6,5.783763,False
2015-12-08,10.7,6.2,7.782366,2.971828,12.51,2.917634,False
2015-12-09,10.1,3.2,7.736667,2.953441,12.5,2.363333,False
2015-12-10,4.4,0.9,7.665484,2.918065,12.4,-3.265484,False
2015-12-11,9.8,0.9,7.566237,2.812796,12.3,2.233763,False
2015-12-12,11.0,7.0,7.476559,2.733763,12.3,3.523441,False
2015-12-13,7.1,5.0,7.369355,2.642581,12.21,-0.269355,False
2015-12-14,7.4,1.8,7.29086,2.527849,12.2,0.10914,False
2015-12-15,10.4,6.3,7.245161,2.492581,12.11,3.154839,False
2015-12-16,14.0,10.2,7.203656,2.466882,12.1,6.796344,False
2015-12-17,15.6,10.0,7.145269,2.414624,12.01,8.454731,False
2015-12-18,13.2,10.4,7.100215,2.372043,12.0,6.099785,False
2015-12-19,14.8,9.0,7.056022,2.313226,12.01,7.743978,False
2015-12-20,13.4,9.7,7.005376,2.260645,12.0,6.394624,False
2015-12-21,12.7,9.1,6.970753,2.22957,12.0,5.729247,False
2015-12-22,13.6,10.8,6.947527,2.212903,12.0,6.652473,False
2015-12-23,12.7,7.7,6.923226,2.220108,12.0,5.776774,False
2015-12-24,13.0,9.0,6.916129,2.240215,12.0,6.083871,False
2015-12-25,13.6,9.5,6.95129,2.25828,12.1,6.64871,False
2015-12-26,13.2,7.8,6.977419,2.290753,12.1,6.222581,False
2015-12-27,12.8,5.6,6.982903,2.3,12.0,5.817097,False
2015-12-28,11.1,3.9,6.98172,2.297634,12.0,4.11828,False
2015-12-29,11.7,5.8,7.001613,2.315376,12.1,4.698387,False
2015-12-30,10.7,5.7,7.022796,2.333978,12.1,3.677204,False
2015-12-31,11.2,6.5,7.052903,2.354194,12.1,4.147097,False
2016-01-01,7.7,4.0,7.055161,2.352581,12.11,0.644839,False
2016-01-02,10.8,7.2,7.037742,2.345914,12.1,3.762258,False
2016-01-03,8.0,5.0,7.003763,2.30871,12.1,0.996237,False
2016-01-04,9.7,5.6,6.961183,2.287312,12.1,2.738817,False
2016-01-05,9.1,5.6,6.928065,2.273226,12.1,2.171935,False
2016-01-06,9.0,6.2,6.896344,2.22914,12.01,2.103656,False
2016-01-07,11.2,4.7,6.845376,2.169677,12.0,4.354624,False
2016-01-08,8.1,1.6,6.791828,2.116237,11.9,1.308172,False
2016-01-09,10.9,4.0,6.744409,2.053548,11.8,4.155591,False
2016-01-10,8.1,4.4,6.723548,1.996559,11.8,1.376452,False
2016-01-11,8.3,5.3,6.705376,1.980753,11.8,1.594624,False
2016-01-12,7.4,5.0,6.706882,1.967097,11.8,0.693118,False
2016-01-13,6.9,3.0,6.735806,1.980108,11.8,0.164194,False
2016-01-14,7.0,2.8,6.731828,2.012473,11.8,0.268172,False
2016-01-15,4.8,1.3,6.702473,1.963011,11.8,-1.902473,False
2016-01-16,5.5,-0.7,6.692258,1.921398,11.8,-1.192258,False
2016-01-17,3.0,-1.1,6.713978,1.919677,11.8,-3.713978,False
2016-01-18,0.3,-2.9,6.707312,1.896882,11.8,-6.407312,False
2016-01-19,0.3,-4.4,6.710645,1.88086,11.8,-6.410645,False
2016-01-20,-0.1,-5.0,6.727742,1.89828,11.8,-6.827742,False
2016-01-21,3.0,-5.6,6.756989,1.903333,11.8,-3.756989,False
2016-01-22,6.1,-2.2,6.780108,1.892473,11.8,-0.680108,False
2016-01-23,6.6,4.7,6.785376,1.837849,11.8,-0.185376,False
2016-01-24,10.3,4.4,6.784409,1.797419,11.8,3.515591,False
2016-01-25,13.3,2.7,6.764301,1.731183,11.8,6.535699,False
2016-01-26,11.1,7.0,6.763226,1.680645,11.8,4.336774,False
2016-01-27,11.8,9.7,6.776667,1.662688,11.8,5.023333,False
2016-01-28,10.7,2.1,6.797742,1.637204,11.81,3.902258,False
2016-01-29,9.2,2.0,6.78172,1.586882,11.8,2.41828,False
2016-01-30,9.2,6.7,6.797419,1.555806,11.9,2.402581,False
2016-01-31,13.0,6.5,6.843656,1.55086,12.01,6.156344,False
2016-02-01,12.5,10.8,6.875699,1.543548,12.1,5.624301,False
2016-02-02,11.4,5.5,6.905699,1.543118,12.1,4.494301,False
2016-02-03,7.6,4.3,6.963871,1.522258,12.1,0.636129,False
2016-02-04,10.4,3.4,7.006667,1.487312,12.01,3.393333,False
2016-02-05,10.6,7.3,7.066989,1.484839,12.1,3.533011,False
2016-02-06,13.7,6.8,7.10086,1.480108,12.1,6.59914,False
2016-02-07,11.2,6.4,7.163656,1.468065,12.2,4.036344,False
2016-02-08,10.7,7.8,7.236022,1.485054,12.3,3.463978,False
2016-02-09,11.4,2.6,7.334301,1.514624,12.41,4.065699,False
2016-02-10,7.4,2.6,7.429247,1.58172,12.5,-0.029247,False
2016-02-11,7.1,1.9,7.533763,1.634624,12.5,-0.433763,False
2016-02-12,3.4,1.7,7.62828,1.646022,12.6,-4.22828,False
2016-02-13,9.8,2.1,7.707634,1.679247,12.7,2.092366,False
2016-02-14,7.5,2.6,7.798172,1.724301,12.7,-0.298172,False
2016-02-15,5.7,0.9,7.898817,1.787204,12.71,-2.198817,False
2016-02-16,5.4,-2.0,8.004409,1.824409,12.8,-2.604409,False
2016-02-17,3.1,-3.8,8.091828,1.841505,12.81,-4.991828,False
2016-02-18,4.0,-1.8,8.190215,1.883333,12.9,-4.190215,False
2016-02-19,8.9,-0.6,8.284946,1.938495,12.91,0.615054,False
2016-02-20,12.1,6.3,8.400645,1.971828,13.01,3.699355,False
2016-02-21,12.0,10.0,8.535914,2.007957,13.3,3.464086,False
2016-02-22,11.0,9.0,8.671828,2.083871,13.5,2.328172,False
2016-02-23,9.5,2.7,8.824946,2.174624,13.7,0.675054,False
2016-02-24,7.1,-0.7,8.987742,2.239355,14.0,-1.887742,False
2016-02-25,6.7,-0.7,9.132581,2.320538,14.21,-2.432581,False
2016-02-26,6.4,-1.6,9.271935,2.396129,14.5,-2.871935,False
2016-02-27,7.1,-0.3,9.414946,2.456559,14.6,-2.314946,False
2016-02-28,6.9,0.1,9.593333,2.553118,14.7,-2.693333,False
2016-02-29,7.5,0.1,9.70043,2.607204,14.8,-2.20043,False
2016-03-01,9.6,-1.6,9.807527,2.66129,14.9,-0.207527,False
2016-03-02,9.9,3.1,9.97172,2.782151,15.0,-0.07172,False
2016-03-03,8.1,3.2,10.097419,2.878602,15.2,-1.997419,False
2016-03-04,7.5,3.9,10.209247,2.969892,15.3,-2.709247,False
2016-03-05,6.3,1.1,10.352903,3.037312,15.4,-4.052903,False
2016-03-06,7.0,2.1,10.462366,3.131505,15.4,-3.462366,False
2016-03-07,5.2,1.4,10.592151,3.216129,15.5,-5.392151,False
2016-03-08,7.8,0.4,10.720645,3.25871,15.71,-2.920645,False
2016-03-09,8.8,4.7,10.873871,3.353548,15.9,-2.073871,False
2016-03-10,8.1,4.0,10.997527,3.437957,16.01,-2.897527,False
2016-03-11,10.3,3.1,11.117312,3.483441,16.1,-0.817312,False
2016-03-12,11.1,1.1,11.214731,3.523548,16.4,-0.114731,False
2016-03-13,10.3,0.5,11.341935,3.553763,16.4,-1.041935,False
2016-03-14,9.1,1.9,11.483656,3.61172,16.6,-2.383656,False
2016-03-15,11.9,-0.4,11.615914,3.719462,16.7,0.284086,False
2016-03-16,7.3,2.8,11.770215,3.798387,16.9,-4.470215,False
2016-03-17,12.3,0.9,11.958495,3.857419,17.01,0.341505,False
2016-03-18,11.2,0.5,12.135484,3.941935,17.3,-0.935484,False
2016-03-19,6.8,3.9,12.272903,4.052258,17.51,-5.472903,False
2016-03-20,7.3,3.7,12.382903,4.135591,17.6,-5.082903,False
2016-03-21,9.6,3.3,12.496022,4.197419,17.71,-2.896022,False
2016-03-22,12.0,5.0,12.632796,4.253978,17.9,-0.632796,False
2016-03-23,9.7,3.4,12.739032,4.322366,18.0,-3.039032,False
2016-03-24,10.6,5.1,12.80914,4.356559,18.01,-2.20914,False
2016-03-25,13.5,6.5,12.904409,4.375914,18.2,0.595591,False
2016-03-26,14.5,6.2,13.008925,4.415699,18.5,1.491075,False
2016-03-27,12.8,6.6,13.093011,4.455054,18.6,-0.293011,False
2016-03-28,13.5,6.9,13.18129,4.505591,18.71,0.31871,False
2016-03-29,13.3,5.6,13.244946,4.558602,18.81,0.055054,False
2016-03-30,9.6,7.3,13.315914,4.612473,19.0,-3.715914,False
2016-03-31,7.2,5.9,13.358925,4.642043,19.0,-6.158925,False
2016-04-01,11.6,3.1,13.386022,4.653763,19.01,-1.786022,False
2016-04-02,10.9,1.8,13.460645,4.670215,19.3,-2.560645,False
2016-04-03,20.4,9.1,13.544731,4.709462,19.5,6.855269,False
2016-04-04,15.3,9.7,13.648495,4.731075,19.6,1.651505,False
2016-04-05,15.0,7.6,13.773118,4.790215,19.8,1.226882,False
2016-04-06,13.3,5.9,13.961183,4.864731,20.0,-0.661183,False
2016-04-07,10.8,4.6,14.142366,4.965484,20.3,-3.342366,False
2016-04-08,11.7,4.3,14.286989,5.063226,20.4,-2.586989,False
2016-04-09,12.0,2.2,14.443441,5.133763,20.5,-2.443441,False
2016-04-10,17.0,1.7,14.59,5.246129,20.6,2.41,False
2016-04-11,13.9,6.9,14.709462,5.367742,20.6,-0.809462,False
2016-04-12,15.7,3.6,14.827097,5.487742,20.7,0.872903,False
2016-04-13,16.2,8.5,14.918817,5.614409,20.81,1.281183,False
2016-04-14,15.6,5.7,15.01043,5.713011,21.11,0.58957,False
2016-04-15,15.5,8.6,15.116129,5.794516,21.2,0.383871,False
2016-04-16,13.5,6.7,15.20871,5.90043,21.31,-1.70871,False
2016-04-17,10.4,2.9,15.274731,5.998387,21.6,-4.874731,False
2016-04-18,13.7,0.2,15.348387,6.085376,21.82,-1.648387,False
2016-04-19,15.6,2.5,15.444624,6.137957,22.01,0.155376,False
2016-04-20,18.4,5.0,15.574839,6.232473,22.2,2.825161,False
2016-04-21,20.6,9.2,15.71129,6.343871,22.6,4.88871,False
2016-04-22,15.8,10.4,15.854194,6.464409,22.71,-0.054194,False
2016-04-23,10.9,4.0,15.991828,6.597742,22.81,-5.091828,False
2016-04-24,8.5,0.8,16.122151,6.772581,22.91,-7.622151,False
2016-04-25,10.5,2.2,16.255806,6.926129,23.1,-5.755806,False
2016-04-26,7.9,1.8,16.359677,7.070323,23.1,-8.459677,False
2016-04-27,9.7,0.9,16.451613,7.200215,23.1,-6.751613,False
2016-04-28,11.5,0.4,16.569785,7.323011,23.2,-5.069785,False
2016-04-29,13.0,4.7,16.683118,7.444409,23.3,-3.683118,False
2016-04-30,9.5,5.2,16.799355,7.532151,23.3,-7.299355,False
2016-05-01,14.7,2.0,16.935376,7.641183,23.31,-2.235376,False
2016-05-02,17.9,2.2,17.072688,7.783548,23.5,0.827312,False
2016-05-03,15.3,6.9,17.192903,7.897097,23.5,-1.892903,False
2016-05-04,17.7,3.2,17.302258,7.995269,23.61,0.397742,False
2016-05-05,20.1,5.8,17.421613,8.13086,23.6,2.678387,False
2016-05-06,23.6,7.2,17.53,8.267849,23.61,6.07,False
2016-05-07,23.0,11.5,17.583978,8.377312,23.7,5.416022,False
2016-05-08,24.2,11.8,17.656989,8.459892,23.7,6.543011,False
2016-05-09,20.1,15.1,17.760968,8.590108,23.8,2.339032,False
2016-05-10,18.3,14.2,17.879892,8.714731,24.1,0.420108,False
2016-05-11,17.7,11.0,17.999785,8.806022,24.2,-0.299785,False
2016-05-12,17.9,11.5,18.142043,8.904731,24.3,-0.242043,False
2016-05-13,21.1,11.3,18.275699,9.007849,24.61,2.824301,False
2016-05-14,12.3,5.7,18.429677,9.096344,24.7,-6.129677,False
2016-05-15,14.6,2.7,18.576237,9.216237,24.7,-3.976237,False
2016-05-16,15.7,5.9,18.686667,9.325484,24.7,-2.986667,False
2016-05-17,17.7,5.0,18.832688,9.405914,24.8,-1.132688,False
2016-05-18,15.6,9.4,18.98871,9.543548,24.9,-3.38871,False
2016-05-19,16.2,9.1,19.098065,9.65914,24.9,-2.898065,False
2016-05-20,19.4,10.7,19.20957,9.780968,24.9,0.19043,False
2016-05-21,23.8,12.5,19.340538,9.899785,25.0,4.459462,False
2016-05-22,16.0,11.1,19.457849,10.029032,25.11,-3.457849,False
2016-05-23,15.3,9.7,19.555699,10.152473,25.3,-4.255699,False
2016-05-24,14.5,7.4,19.656452,10.234624,25.31,-5.156452,False
2016-05-25,18.6,7.6,19.766022,10.300968,25.4,-1.166022,False
2016-05-26,21.8,10.1,19.841505,10.382903,25.51,1.958495,False
2016-05-27,23.0,13.3,19.933333,10.462258,25.7,3.066667,False
2016-05-28,20.8,12.6,20.014946,10.552151,25.7,0.785054,False
2016-05-29,17.0,13.8,20.098065,10.640215,25.7,-3.098065,False
2016-05-30,15.0,12.1,20.24086,10.741505,25.71,-5.24086,False
2016-05-31,14.6,11.9,20.336559,10.893118,25.81,-5.736559,False
2016-06-01,17.5,13.3,20.429355,10.999785,25.81,-2.929355,False
2016-06-02,13.3,11.3,20.546237,11.08871,25.91,-7.246237,False
2016-06-03,12.8,10.8,20.677097,11.206344,26.1,-7.877097,False
2016-06-04,16.8,11.9,20.822581,11.326129,26.21,-4.022581,False
2016-06-05,19.9,13.6,20.942796,11.438602,26.4,-1.042796,False
2016-06-06,24.2,13.1,21.027634,11.527312,26.41,3.172366,False
2016-06-07,25.4,14.4,21.127634,11.601828,26.7,4.272366,False
2016-06-08,23.0,13.8,21.202043,11.69172,26.9,1.797957,False
2016-06-09,23.0,11.9,21.305376,11.751075,27.0,1.694624,False
2016-06-10,22.5,12.2,21.379677,11.842151,27.1,1.120323,False
2016-06-11,19.9,15.1,21.495376,11.932258,27.2,-1.595376,False
2016-06-12,17.6,14.3,21.602796,12.033118,27.3,-4.002796,False
2016-06-13,16.9,12.0,21.733441,12.136022,27.4,-4.833441,False
2016-06-14,18.5,12.3,21.834516,12.236667,27.5,-3.334516,False
2016-06-15,19.0,11.9,21.926129,12.311613,27.61,-2.926129,False
2016-06-16,17.6,11.6,22.062151,12.416452,28.1,-4.462151,False
2016-06-17,19.3,12.2,22.15086,12.537312,28.12,-2.85086,False
2016-06-18,18.9,11.5,22.223871,12.597097,28.51,-3.323871,False
2016-06-19,20.4,13.2,22.335699,12.675914,28.6,-1.935699,False
2016-06-20,16.7,14.1,22.428172,12.774194,28.61,-5.728172,False
2016-06-21,21.7,15.8,22.504194,12.844946,28.7,-0.804194,False
2016-06-22,27.8,17.3,22.574409,12.888387,28.71,5.225591,False
2016-06-23,30.1,19.8,22.633333,12.929462,28.8,7.466667,False
2016-06-24,22.9,17.1,22.706129,12.993978,28.8,0.193871,False
2016-06-25,20.7,12.5,22.772903,13.053011,28.9,-2.072903,False
2016-06-26,20.1,10.7,22.852258,13.122581,28.91,-2.752258,False
2016-06-27,20.7,13.0,22.920645,13.188172,28.91,-2.220645,False
2016-06-28,21.5,12.9,23.023011,13.255484,29.01,-1.523011,False
2016-06-29,22.4,12.9,23.11,13.338172,29.1,-0.71,False
2016-06-30,22.0,15.5,23.213226,13.40172,29.4,-1.213226,False
2016-07-01,21.1,15.0,23.345914,13.453978,29.4,-2.245914,False
2016-07-02,19.2,12.9,23.444194,13.534731,29.5,-4.244194,False
2016-07-03,16.9,12.9,23.538925,13.616559,29.61,-6.638925,False
2016-07-04,20.6,14.8,23.630753,13.692258,29.71,-3.030753,False
2016-07-05,22.1,14.1,23.709032,13.773763,29.8,-1.609032,False
2016-07-06,23.9,9.8,23.797204,13.825484,29.8,0.102796,False
2016-07-07,27.0,11.1,23.9,13.868817,29.9,3.1,False
2016-07-08,27.8,13.0,24.007312,13.954301,29.9,3.792688,False
2016-07-09,27.9,14.6,24.111183,14.031398,29.9,3.788817,False
2016-07-10,28.9,15.9,24.169247,14.104409,30.0,4.730753,False
2016-07-11,21.6,16.3,24.231183,14.15957,30.0,-2.631183,False
2016-07-12,21.0,13.7,24.265269,14.217527,30.01,-3.265269,False
2016-07-13,17.9,12.0,24.302151,14.260753,30.0,-6.402151,False
2016-07-14,19.4,11.1,24.350215,14.277634,29.9,-4.950215,False
2016-07-15,23.0,9.1,24.384516,14.312258,30.0,-1.384516,False
2016-07-16,25.0,14.0,24.453441,14.343118,30.0,0.546559,False
2016-07-17,27.9,15.2,24.514194,14.354409,30.0,3.385806,False
2016-07-18,30.4,16.2,24.582473,14.373226,30.01,5.817527,False
2016-07-19,34.0,17.4,24.637849,14.422366,30.1,9.362151,False
2016-07-20,28.7,20.9,24.704516,14.45,30.21,3.995484,False
2016-07-21,24.6,17.4,24.806344,14.46871,30.3,-0.206344,False
2016-07-22,25.5,16.1,24.897312,14.503226,30.4,0.602688,False
2016-07-23,26.0,15.1,24.99086,14.548065,30.5,1.00914,False
2016-07-24,26.2,14.0,25.045591,14.602473,30.51,1.154409,False
2016-07-25,25.2,17.8,25.092581,14.634731,30.6,0.107419,False
2016-07-26,23.1,14.0,25.128495,14.647419,30.6,-2.028495,False
2016-07-27,23.8,12.9,25.173978,14.642796,30.7,-1.373978,False
2016-07-28,23.7,17.4,25.224731,14.662258,30.81,-1.524731,False
2016-07-29,24.2,17.2,25.235376,14.670968,30.9,-1.035376,False
2016-07-30,22.6,15.4,25.253226,14.672258,30.81,-2.653226,False
2016-07-31,23.4,15.4,25.243441,14.678065,30.7,-1.843441,False
2016-08-01,23.3,12.0,25.238065,14.645591,30.61,-1.938065,False
2016-08-02,22.2,15.4,25.218495,14.64,30.61,-3.018495,False
2016-08-03,25.0,17.5,25.202366,14.620968,30.6,-0.202366,False
2016-08-04,21.4,15.9,25.174516,14.594301,30.51,-3.774516,False
2016-08-05,22.3,12.9,25.139462,14.555806,30.5,-2.839462,False
2016-08-06,24.2,11.3,25.125914,14.54,30.5,-0.925914,False
2016-08-07,29.0,11.9,25.102151,14.533226,30.4,3.897849,False
2016-08-08,21.1,15.5,25.063763,14.508387,30.41,-3.963763,False
2016-08-09,21.8,11.8,25.004086,14.477204,30.41,-3.204086,False
2016-08-10,18.3,9.6,24.966667,14.451613,30.41,-6.666667,False
2016-08-11,22.8,7.7,24.933441,14.419462,30.41,-2.133441,False
2016-08-12,27.2,12.3,24.863333,14.384194,30.4,2.336667,False
2016-08-13,28.4,13.6,24.782581,14.321828,30.3,3.617419,False
2016-08-14,27.3,13.6,24.663763,14.256022,30.3,2.636237,False
2016-08-15,27.9,13.7,24.586344,14.17043,30.21,3.313656,False
2016-08-16,29.7,14.0,24.489355,14.101935,30.11,5.210645,False
2016-08-17,30.3,14.7,24.344946,14.012688,30.0,5.955054,False
2016-08-18,23.4,17.0,24.227527,13.906774,29.9,-0.827527,False
2016-08-19,22.6,15.1,24.130215,13.803333,29.7,-1.530215,False
2016-08-20,23.3,14.0,24.021613,13.728172,29.7,-0.721613,False
2016-08-21,21.6,13.5,23.875054,13.655806,29.5,-2.275054,False
2016-08-22,27.8,13.8,23.727204,13.571613,29.4,4.072796,False
2016-08-23,32.2,15.4,23.581505,13.477312,29.21,8.618495,True
2016-08-24,35.1,18.0,23.481398,13.365484,29.01,11.618602,True
2016-08-25,35.5,17.9,23.399462,13.274624,29.0,12.100538,True
2016-08-26,33.4,18.9,23.32828,13.209677,29.0,10.07172,True
2016-08-27,34.4,18.4,23.22043,13.144516,28.9,11.17957,True
2016-08-28,26.9,18.9,23.091398,13.070215,28.71,3.808602,False
2016-08-29,22.9,16.8,22.978387,12.98043,28.7,-0.078387,False
2016-08-30,26.0,13.2,22.863333,12.891183,28.7,3.136667,False
2016-08-31,27.8,12.9,22.728172,12.79172,28.6,5.071828,False
2016-09-01,26.3,12.6,22.589785,12.684946,28.5,3.710215,False
2016-09-02,28.1,12.7,22.452151,12.555054,28.3,5.647849,False
2016-09-03,27.9,14.5,22.296344,12.429247,28.21,5.603656,False
2016-09-04,21.2,17.4,22.149032,12.315376,28.11,-0.949032,False
2016-09-05,21.2,16.1,22.034731,12.199462,27.8,-0.834731,False
2016-09-06,23.1,17.6,21.915699,12.065269,27.6,1.184301,False
2016-09-07,28.6,13.3,21.757312,11.956129,27.3,6.842688,False
2016-09-08,24.8,12.5,21.62043,11.842473,27.2,3.17957,False
2016-09-09,25.8,10.2,21.474839,11.735699,26.9,4.325161,False
2016-09-10,26.5,10.7,21.303763,11.608387,26.71,5.196237,False
2016-09-11,24.6,18.0,21.136989,11.472796,26.41,3.463011,False
2016-09-12,30.6,15.6,21.013656,11.338065,26.3,9.586344,True
2016-09-13,32.3,19.9,20.902903,11.246022,26.2,11.397097,True
2016-09-14,27.1,17.1,20.814409,11.186667,26.1,6.285591,True
2016-09-15,19.3,15.1,20.701183,11.113118,26.1,-1.401183,False
2016-09-16,20.5,13.8,20.568817,11.063118,25.91,-0.068817,False
2016-09-17,16.6,12.5,20.457957,11.020645,25.9,-3.857957,False
2016-09-18,20.5,11.6,20.314839,10.952043,25.8,0.185161,False
2016-09-19,19.8,14.7,20.143656,10.876989,25.6,-0.343656,False
2016-09-20,20.1,12.7,19.958602,10.774839,25.31,0.141398,False
2016-09-21,22.0,9.2,19.803978,10.674624,25.1,2.196022,False
2016-09-22,22.5,9.2,19.644516,10.58043,24.9,2.855484,False
2016-09-23,23.1,12.3,19.49828,10.498387,24.8,3.60172,False
2016-09-24,24.9,10.1,19.35,10.436022,24.7,5.55,False
2016-09-25,19.3,9.3,19.185054,10.354946,24.5,0.114946,False
2016-09-26,19.5,8.9,19.026559,10.284409,24.1,0.473441,False
2016-09-27,22.8,7.9,18.878172,10.192688,23.7,3.921828,False
2016-09-28,23.6,13.9,18.753333,10.081935,23.7,4.846667,False
2016-09-29,21.6,13.3,18.627419,9.990968,23.7,2.972581,False
2016-09-30,18.2,13.0,18.475806,9.889355,23.51,-0.275806,False
2016-10-01,18.1,10.5,18.327634,9.786129,23.3,-0.227634,False
2016-10-02,16.8,6.9,18.149677,9.694946,23.11,-1.349677,False
2016-10-03,18.2,4.0,17.984946,9.58086,23.1,0.215054,False
2016-10-04,19.2,7.9,17.818172,9.491398,23.0,1.381828,False
2016-10-05,16.8,8.2,17.633441,9.413226,22.8,-0.833441,False
2016-10-06,15.5,4.9,17.453441,9.33,22.6,-1.953441,False
2016-10-07,14.0,9.2,17.257419,9.264409,22.4,-3.257419,False
2016-10-08,16.0,7.7,17.095591,9.181935,22.21,-1.095591,False
2016-10-09,15.6,4.7,16.909892,9.105054,21.9,-1.309892,False
2016-10-10,14.1,2.1,16.763011,9.038495,21.6,-2.663011,False
2016-10-11,13.1,4.2,16.63,8.962796,21.5,-3.53,False
2016-10-12,14.2,2.2,16.474731,8.881935,21.4,-2.274731,False
2016-10-13,10.9,5.2,16.295591,8.785161,21.2,-5.395591,False
2016-10-14,12.7,8.5,16.107204,8.662473,21.1,-3.407204,False
2016-10-15,17.3,7.4,15.919247,8.534409,20.9,1.380753,False
2016-10-16,20.3,8.8,15.740753,8.407742,20.6,4.559247,False
2016-10-17,17.4,9.5,15.565699,8.274086,20.4,1.834301,False
2016-10-18,15.2,7.3,15.401935,8.144624,20.2,-0.201935,False
2016-10-19,13.0,7.2,15.272473,8.071398,20.01,-2.272473,False
2016-10-20,13.2,8.4,15.124731,7.952903,19.9,-1.924731,False
2016-10-21,13.3,7.6,14.97957,7.832688,19.8,-1.67957,False
2016-10-22,12.3,5.1,14.816774,7.714086,19.61,-2.516774,False
2016-10-23,11.1,4.6,14.655591,7.613978,19.5,-3.555591,False
2016-10-24,13.1,9.2,14.485376,7.494301,19.3,-1.385376,False
2016-10-25,14.3,9.7,14.299462,7.35871,19.2,0.000538,False
2016-10-26,13.4,8.6,14.103011,7.229892,19.0,-0.703011,False
2016-10-27,13.8,8.4,13.913333,7.078172,18.7,-0.113333,False
2016-10-28,14.5,6.6,13.718172,6.957634,18.5,0.781828,False
2016-10-29,13.4,8.7,13.52828,6.848065,18.2,-0.12828,False
2016-10-30,16.7,6.8,13.336989,6.734301,18.0,3.363011,False
2016-10-31,17.4,6.3,13.151183,6.633118,17.9,4.248817,False
2016-11-01,12.2,4.6,12.946882,6.535054,17.61,-0.746882,False
2016-11-02,10.6,3.3,12.756237,6.433226,17.5,-2.156237,False
2016-11-03,11.1,0.7,12.572043,6.332688,17.4,-1.472043,False
2016-11-04,8.6,2.1,12.382796,6.217312,17.2,-3.782796,False
2016-11-05,10.4,5.9,12.198387,6.069032,17.1,-1.798387,False
2016-11-06,8.1,2.5,12.006022,5.931935,16.8,-3.906022,False
2016-11-07,4.6,1.6,11.81914,5.79871,16.6,-7.21914,False
2016-11-08,7.0,2.5,11.640968,5.681075,16.4,-4.640968,False
2016-11-09,9.6,5.2,11.469462,5.537742,16.31,-1.869462,False
2016-11-10,10.6,7.3,11.299892,5.417634,16.2,-0.699892,False
2016-11-11,8.9,-1.0,11.116022,5.307312,15.9,-2.216022,False
2016-11-12,6.1,-1.5,10.936774,5.192688,15.7,-4.836774,False
2016-11-13,9.6,6.2,10.768817,5.09086,15.5,-1.168817,False
2016-11-14,8.2,6.3,10.613226,4.978602,15.5,-2.413226,False
2016-11-15,12.1,7.5,10.43129,4.863871,15.1,1.66871,False
2016-11-16,12.5,11.5,10.242903,4.78043,14.8,2.257097,False
2016-11-17,13.1,10.1,10.076344,4.677742,14.61,3.023656,False
2016-11-18,11.8,6.1,9.912366,4.582258,14.41,1.887634,False
2016-11-19,9.1,3.9,9.72828,4.446559,14.21,-0.62828,False
2016-11-20,12.4,8.0,9.57043,4.348925,14.1,2.82957,False
2016-11-21,14.5,10.6,9.421075,4.254409,13.91,5.078925,False
2016-11-22,11.7,7.4,9.283226,4.150538,13.8,2.416774,False
2016-11-23,13.5,7.6,9.15828,4.035161,13.7,4.34172,False
2016-11-24,12.0,8.7,9.005806,3.926559,13.6,2.994194,False
2016-11-25,9.1,7.4,8.851505,3.8,13.5,0.248495,False
2016-11-26,8.6,6.4,8.723656,3.690753,13.5,-0.123656,False
2016-11-27,8.6,3.7,8.586237,3.600108,13.4,0.013763,False
2016-11-28,6.7,0.3,8.456882,3.495699,13.2,-1.756882,False
2016-11-29,4.1,-3.6,8.310215,3.371183,13.1,-4.210215,False
2016-11-30,5.5,-5.6,8.164301,3.247527,12.91,-2.664301,False
2016-12-01,5.9,-4.9,8.06957,3.152366,12.8,-2.16957,False
2016-12-02,5.5,-1.1,8.008387,3.062688,12.8,-2.508387,False
2016-12-03,5.3,0.3,7.954409,3.026452,12.7,-2.654409,False
2016-12-04,5.0,-1.9,7.920645,2.998495,12.61,-2.920645,False
2016-12-05,9.5,-1.0,7.876452,2.963548,12.6,1.623548,False
2016-12-06,9.1,-1.3,7.843226,2.947634,12.6,1.256774,False
2016-12-07,10.4,0.8,7.816237,2.966667,12.6,2.583763,False
2016-12-08,10.1,0.2,7.782366,2.971828,12.51,2.317634,False
2016-12-09,10.9,2.2,7.736667,2.953441,12.5,3.163333,False
2016-12-10,7.6,2.1,7.665484,2.918065,12.4,-0.065484,False
2016-12-11,9.1,4.1,7.566237,2.812796,12.3,1.533763,False
2016-12-12,5.2,2.3,7.476559,2.733763,12.3,-2.276559,False
2016-12-13,9.2,4.3,7.369355,2.642581,12.21,1.830645,False
2016-12-14,9.2,1.4,7.29086,2.527849,12.2,1.90914,False
2016-12-15,7.1,-0.7,7.245161,2.492581,12.11,-0.145161,False
2016-12-16,10.1,3.2,7.203656,2.466882,12.1,2.896344,False
2016-12-17,5.7,0.3,7.145269,2.414624,12.01,-1.445269,False
2016-12-18,3.6,2.1,7.100215,2.372043,12.0,-3.500215,False
2016-12-19,5.8,2.2,7.056022,2.313226,12.01,-1.256022,False
2016-12-20,5.5,1.9,7.005376,2.260645,12.0,-1.505376,False
2016-12-21,6.3,0.7,6.970753,2.22957,12.0,-0.670753,False
2016-12-22,8.4,4.5,6.947527,2.212903,12.0,1.452473,False
2016-12-23,5.9,1.7,6.923226,2.220108,12.0,-1.023226,False
2016-12-24,9.7,6.2,6.916129,2.240215,12.0,2.783871,False
2016-12-25,10.2,6.8,6.95129,2.25828,12.1,3.24871,False
2016-12-26,10.7,1.9,6.977419,2.290753,12.1,3.722581,False
2016-12-27,6.6,-2.5,6.982903,2.3,12.0,-0.382903,False
2016-12-28,6.8,-1.0,6.98172,2.297634,12.0,-0.18172,False
2016-12-29,1.8,-3.4,7.001613,2.315376,12.1,-5.201613,False
2016-12-30,-2.4,-4.5,7.022796,2.333978,12.1,-9.422796,False
2016-12-31,-3.2,-5.5,7.052903,2.354194,12.1,-10.252903,False
2017-01-01,-0.3,-4.4,7.055161,2.352581,12.11,-7.355161,False
2017-01-02,2.1,-0.8,7.037742,2.345914,12.1,-4.937742,False
2017-01-03,0.9,-1.0,7.003763,2.30871,12.1,-6.103763,False
2017-01-04,5.1,-0.6,6.961183,2.287312,12.1,-1.861183,False
2017-01-05,5.6,-0.9,6.928065,2.273226,12.1,-1.328065,False
2017-01-06,1.2,-5.1,6.896344,2.22914,12.01,-5.696344,False
2017-01-07,2.4,-5.2,6.845376,2.169677,12.0,-4.445376,False
2017-01-08,5.3,2.6,6.791828,2.116237,11.9,-1.491828,False
2017-01-09,7.2,4.2,6.744409,2.053548,11.8,0.455591,False
2017-01-10,7.4,3.1,6.723548,1.996559,11.8,0.676452,False
2017-01-11,10.4,4.1,6.705376,1.980753,11.8,3.694624,False
2017-01-12,7.9,3.8,6.706882,1.967097,11.8,1.193118,False
2017-01-13,4.7,1.2,6.735806,1.980108,11.8,-2.035806,False
2017-01-14,4.5,-0.1,6.731828,2.012473,11.8,-2.231828,False
2017-01-15,3.0,-0.9,6.702473,1.963011,11.8,-3.702473,False
2017-01-16,2.2,-0.6,6.692258,1.921398,11.8,-4.492258,False
2017-01-17,0.1,-3.9,6.713978,1.919677,11.8,-6.613978,False
2017-01-18,0.6,-4.6,6.707312,1.896882,11.8,-6.107312,False
2017-01-19,0.7,-4.9,6.710645,1.88086,11.8,-6.010645,False
2017-01-20,0.7,-5.6,6.727742,1.89828,11.8,-6.027742,False
2017-01-21,2.8,-8.0,6.756989,1.903333,11.8,-3.956989,False
2017-01-22,4.6,-7.1,6.780108,1.892473,11.8,-2.180108,False
2017-01-23,2.0,-4.0,6.785376,1.837849,11.8,-4.785376,False
2017-01-24,0.7,-3.7,6.784409,1.797419,11.8,-6.084409,False
2017-01-25,-0.1,-3.8,6.764301,1.731183,11.8,-6.864301,False
2017-01-26,2.7,-5.8,6.763226,1.680645,11.8,-4.063226,False
2017-01-27,9.0,-1.2,6.776667,1.662688,11.8,2.223333,False
2017-01-28,8.7,3.0,6.797742,1.637204,11.81,1.902258,False
2017-01-29,7.7,2.3,6.78172,1.586882,11.8,0.91828,False
2017-01-30,10.7,6.6,6.797419,1.555806,11.9,3.902581,False
2017-01-31,12.1,9.3,6.843656,1.55086,12.01,5.256344,False
2017-02-01,11.1,7.9,6.875699,1.543548,12.1,4.224301,False
2017-02-02,12.9,7.5,6.905699,1.543118,12.1,5.994301,False
2017-02-03,10.9,5.8,6.963871,1.522258,12.1,3.936129,False
2017-02-04,8.2,4.0,7.006667,1.487312,12.01,1.193333,False
2017-02-05,10.1,4.8,7.066989,1.484839,12.1,3.033011,False
2017-02-06,8.1,4.5,7.10086,1.480108,12.1,0.99914,False
2017-02-07,10.7,4.1,7.163656,1.468065,12.2,3.536344,False
2017-02-08,7.4,3.0,7.236022,1.485054,12.3,0.163978,False
2017-02-09,5.4,0.4,7.334301,1.514624,12.41,-1.934301,False
2017-02-10,1.7,-0.7,7.429247,1.58172,12.5,-5.729247,False
2017-02-11,1.0,-1.6,7.533763,1.634624,12.5,-6.533763,False
2017-02-12,7.4,-0.5,7.62828,1.646022,12.6,-0.22828,False
2017-02-13,10.0,2.0,7.707634,1.679247,12.7,2.292366,False
2017-02-14,13.0,3.5,7.798172,1.724301,12.7,5.201828,False
2017-02-15,15.7,6.4,7.898817,1.787204,12.71,7.801183,False
2017-02-16,12.3,5.0,8.004409,1.824409,12.8,4.295591,False
2017-02-17,9.7,3.3,8.091828,1.841505,12.81,1.608172,False
2017-02-18,11.1,-0.3,8.190215,1.883333,12.9,2.909785,False
2017-02-19,11.4,-2.4,8.284946,1.938495,12.91,3.115054,False
2017-02-20,11.3,6.8,8.400645,1.971828,13.01,2.899355,False
2017-02-21,12.2,9.7,8.535914,2.007957,13.3,3.664086,False
2017-02-22,11.9,9.9,8.671828,2.083871,13.5,3.228172,False
2017-02-23,11.4,7.1,8.824946,2.174624,13.7,2.575054,False
2017-02-24,8.4,-0.4,8.987742,2.239355,14.0,-0.587742,False
2017-02-25,11.1,-2.1,9.132581,2.320538,14.21,1.967419,False
2017-02-26,12.0,5.1,9.271935,2.396129,14.5,2.728065,False
2017-02-27,11.0,4.5,9.414946,2.456559,14.6,1.585054,False
2017-02-28,8.0,3.8,9.593333,2.553118,14.7,-1.593333,False
2017-03-01,11.1,6.1,9.807527,2.66129,14.9,1.292473,False
2017-03-02,11.5,4.7,9.97172,2.782151,15.0,1.52828,False
2017-03-03,14.7,5.0,10.097419,2.878602,15.2,4.602581,False
2017-03-04,11.0,6.0,10.209247,2.969892,15.3,0.790753,False
2017-03-05,9.8,4.1,10.352903,3.037312,15.4,-0.552903,False
2017-03-06,7.3,4.7,10.462366,3.131505,15.4,-3.162366,False
2017-03-07,9.8,4.5,10.592151,3.216129,15.5,-0.792151,False
2017-03-08,13.4,4.6,10.720645,3.25871,15.71,2.679355,False
2017-03-09,13.8,10.7,10.873871,3.353548,15.9,2.926129,False
2017-03-10,12.6,4.9,10.997527,3.437957,16.01,1.602473,False
2017-03-11,16.6,1.5,11.117312,3.483441,16.1,5.482688,False
2017-03-12,16.4,4.3,11.214731,3.523548,16.4,5.185269,False
2017-03-13,14.7,5.8,11.341935,3.553763,16.4,3.358065,False
2017-03-14,13.2,1.8,11.483656,3.61172,16.6,1.716344,False
2017-03-15,14.3,8.4,11.615914,3.719462,16.7,2.684086,False
2017-03-16,19.7,3.8,11.770215,3.798387,16.9,7.929785,False
2017-03-17,12.3,6.3,11.958495,3.857419,17.01,0.341505,False
2017-03-18,12.9,6.5,12.135484,3.941935,17.3,0.764516,False
2017-03-19,13.1,10.5,12.272903,4.052258,17.51,0.827097,False
2017-03-20,11.9,9.1,12.382903,4.135591,17.6,-0.482903,False
2017-03-21,10.3,4.2,12.496022,4.197419,17.71,-2.196022,False
2017-03-22,11.4,3.2,12.632796,4.253978,17.9,-1.232796,False
2017-03-23,12.5,4.5,12.739032,4.322366,18.0,-0.239032,False
2017-03-24,13.1,6.6,12.80914,4.356559,18.01,0.29086,False
2017-03-25,17.0,6.2,12.904409,4.375914,18.2,4.095591,False
2017-03-26,17.3,4.8,13.008925,4.415699,18.5,4.291075,False
2017-03-27,18.6,4.9,13.093011,4.455054,18.6,5.506989,False
2017-03-28,17.8,6.5,13.18129,4.505591,18.71,4.61871,False
2017-03-29,20.0,6.0,13.244946,4.558602,18.81,6.755054,False
2017-03-30,22.8,7.9,13.315914,4.612473,19.0,9.484086,False
2017-03-31,16.8,11.3,13.358925,4.642043,19.0,3.441075,False
2017-04-01,15.0,8.3,13.386022,4.653763,19.01,1.613978,False
2017-04-02,16.3,6.2,13.460645,4.670215,19.3,2.839355,False
2017-04-03,18.4,4.6,13.544731,4.709462,19.5,4.855269,False
2017-04-04,16.1,5.7,13.648495,4.731075,19.6,2.451505,False
2017-04-05,14.4,7.6,13.773118,4.790215,19.8,0.626882,False
2017-04-06,13.2,4.0,13.961183,4.864731,20.0,-0.761183,False
2017-04-07,17.7,2.0,14.142366,4.965484,20.3,3.557634,False
2017-04-08,20.3,4.5,14.286989,5.063226,20.4,6.013011,False
2017-04-09,24.9,4.7,14.443441,5.133763,20.5,10.456559,False
2017-04-10,15.5,6.4,14.59,5.246129,20.6,0.91,False
2017-04-11,15.9,3.6,14.709462,5.367742,20.6,1.190538,False
2017-04-12,18.0,3.0,14.827097,5.487742,20.7,3.172903,False
2017-04-13,14.7,5.9,14.918817,5.614409,20.81,-0.218817,False
2017-04-14,15.8,8.1,15.01043,5.713011,21.11,0.78957,False
2017-04-15,14.4,7.3,15.116129,5.794516,21.2,-0.716129,False
2017-04-16,13.5,5.8,15.20871,5.90043,21.31,-1.70871,False
2017-04-17,13.0,6.2,15.274731,5.998387,21.6,-2.274731,False
2017-04-18,10.7,1.2,15.348387,6.085376,21.82,-4.648387,False
2017-04-19,11.3,0.9,15.444624,6.137957,22.01,-4.144624,False
2017-04-20,12.7,-1.4,15.574839,6.232473,22.2,-2.874839,False
2017-04-21,17.0,-0.2,15.71129,6.343871,22.6,1.28871,False
2017-04-22,15.1,5.6,15.854194,6.464409,22.71,-0.754194,False
2017-04-23,14.0,2.1,15.991828,6.597742,22.81,-1.991828,False
2017-04-24,16.4,0.4,16.122151,6.772581,22.91,0.277849,False
2017-04-25,10.2,4.6,16.255806,6.926129,23.1,-6.055806,False
2017-04-26,9.6,0.6,16.359677,7.070323,23.1,-6.759677,False
2017-04-27,10.5,0.4,16.451613,7.200215,23.1,-5.951613,False
2017-04-28,12.6,2.8,16.569785,7.323011,23.2,-3.969785,False
2017-04-29,16.3,2.4,16.683118,7.444409,23.3,-0.383118,False
2017-04-30,17.6,5.6,16.799355,7.532151,23.3,0.800645,False
2017-05-01,14.3,7.4,16.935376,7.641183,23.31,-2.635376,False
2017-05-02,15.6,7.3,17.072688,7.783548,23.5,-1.472688,False
2017-05-03,11.2,8.2,17.192903,7.897097,23.5,-5.992903,False
2017-05-04,15.2,7.3,17.302258,7.995269,23.61,-2.102258,False
2017-05-05,18.3,7.0,17.421613,8.13086,23.6,0.878387,False
2017-05-06,13.3,10.2,17.53,8.267849,23.61,-4.23,False
2017-05-07,14.1,9.5,17.583978,8.377312,23.7,-3.483978,False
2017-05-08,11.7,7.7,17.656989,8.459892,23.7,-5.956989,False
2017-05-09,16.2,4.9,17.760968,8.590108,23.8,-1.560968,False
2017-05-10,20.9,3.9,17.879892,8.714731,24.1,3.020108,False
2017-05-11,19.2,10.8,17.999785,8.806022,24.2,1.200215,False
2017-05-12,19.9,11.3,18.142043,8.904731,24.3,1.757957,False
2017-05-13,19.0,10.5,18.275699,9.007849,24.61,0.724301,False
2017-05-14,19.1,10.3,18.429677,9.096344,24.7,0.670323,False
2017-05-15,23.8,9.1,18.576237,9.216237,24.7,5.223763,False
2017-05-16,26.5,13.6,18.686667,9.325484,24.7,7.813333,False
2017-05-17,28.1,15.1,18.832688,9.405914,24.8,9.267312,False
2017-05-18,19.7,9.5,18.98871,9.543548,24.9,0.71129,False
2017-05-19,14.7,8.5,19.098065,9.65914,24.9,-4.398065,False
2017-05-20,16.8,6.8,19.20957,9.780968,24.9,-2.40957,False
2017-05-21,20.9,7.0,19.340538,9.899785,25.0,1.559462,False
2017-05-22,25.3,9.6,19.457849,10.029032,25.11,5.842151,False
2017-05-23,23.2,12.7,19.555699,10.152473,25.3,3.644301,False
2017-05-24,22.2,12.6,19.656452,10.234624,25.31,2.543548,False
2017-05-25,25.9,13.2,19.766022,10.300968,25.4,6.133978,True
2017-05-26,27.7,14.0,19.841505,10.382903,25.51,7.858495,True
2017-05-27,28.9,16.0,19.933333,10.462258,25.7,8.966667,True
2017-05-28,30.1,17.0,20.014946,10.552151,25.7,10.085054,True
2017-05-29,27.5,17.2,20.098065,10.640215,25.7,7.401935,True
2017-05-30,21.5,14.0,20.24086,10.741505,25.71,1.25914,False
2017-05-31,23.5,11.0,20.336559,10.893118,25.81,3.163441,False
2017-06-01,26.9,13.2,20.429355,10.999785,25.81,6.470645,False
2017-06-02,27.3,15.4,20.546237,11.08871,25.91,6.753763,False
2017-06-03,19.1,10.8,20.677097,11.206344,26.1,-1.577097,False
2017-06-04,20.1,8.9,20.822581,11.326129,26.21,-0.722581,False
2017-06-05,22.5,10.7,20.942796,11.438602,26.4,1.557204,False
2017-06-06,16.0,11.1,21.027634,11.527312,26.41,-5.027634,False
2017-06-07,19.6,10.1,21.127634,11.601828,26.7,-1.527634,False
2017-06-08,26.4,11.1,21.202043,11.69172,26.9,5.197957,False
2017-06-09,22.1,14.0,21.305376,11.751075,27.0,0.794624,False
2017-06-10,26.3,12.5,21.379677,11.842151,27.1,4.920323,False
2017-06-11,28.9,13.6,21.495376,11.932258,27.2,7.404624,False
2017-06-12,21.2,13.1,21.602796,12.033118,27.3,-0.402796,False
2017-06-13,22.7,9.0,21.733441,12.136022,27.4,0.966559,False
2017-06-14,28.8,14.6,21.834516,12.236667,27.5,6.965484,False
2017-06-15,28.1,16.3,21.926129,12.311613,27.61,6.173871,False
2017-06-16,22.8,12.3,22.062151,12.416452,28.1,0.737849,False
2017-06-17,26.7,11.4,22.15086,12.537312,28.12,4.54914,False
2017-06-18,29.4,16.0,22.223871,12.597097,28.51,7.176129,True
2017-06-19,32.6,15.8,22.335699,12.675914,28.6,10.264301,True
2017-06-20,34.2,18.2,22.428172,12.774194,28.61,11.771828,True
2017-06-21,35.8,20.0,22.504194,12.844946,28.7,13.295806,True
2017-06-22,33.7,18.1,22.574409,12.888387,28.71,11.125591,True
2017-06-23,23.5,15.7,22.633333,12.929462,28.8,0.866667,False
2017-06-24,24.8,13.1,22.706129,12.993978,28.8,2.093871,False
2017-06-25,26.5,17.3,22.772903,13.053011,28.9,3.727097,False
2017-06-26,26.4,14.7,22.852258,13.122581,28.91,3.547742,False
2017-06-27,24.1,18.0,22.920645,13.188172,28.91,1.179355,False
2017-06-28,22.5,15.4,23.023011,13.255484,29.01,-0.523011,False
2017-06-29,20.3,13.8,23.11,13.338172,29.1,-2.81,False
2017-06-30,19.1,13.9,23.213226,13.40172,29.4,-4.113226,False
2017-07-01,19.8,13.8,23.345914,13.453978,29.4,-3.545914,False
2017-07-02,22.3,11.9,23.444194,13.534731,29.5,-1.144194,False
2017-07-03,24.3,12.6,23.538925,13.616559,29.61,0.761075,False
2017-07-04,27.5,12.7,23.630753,13.692258,29.71,3.869247,False
2017-07-05,31.7,14.7,23.709032,13.773763,29.8,7.990968,True
2017-07-06,32.8,19.0,23.797204,13.825484,29.8,9.002796,True
2017-07-07,32.2,19.3,23.9,13.868817,29.9,8.3,True
2017-07-08,29.6,16.7,24.007312,13.954301,29.9,5.592688,False
2017-07-09,28.5,17.7,24.111183,14.031398,29.9,4.388817,False
2017-07-10,21.2,15.7,24.169247,14.104409,30.0,-2.969247,False
2017-07-11,23.2,14.2,24.231183,14.15957,30.0,-1.031183,False
2017-07-12,22.2,16.8,24.265269,14.217527,30.01,-2.065269,False
2017-07-13,23.4,14.0,24.302151,14.260753,30.0,-0.902151,False
2017-07-14,22.6,13.7,24.350215,14.277634,29.9,-1.750215,False
2017-07-15,25.5,10.8,24.384516,14.312258,30.0,1.115484,False
2017-07-16,27.8,16.2,24.453441,14.343118,30.0,3.346559,False
2017-07-17,29.2,16.0,24.514194,14.354409,30.0,4.685806,False
2017-07-18,32.9,17.8,24.582473,14.373226,30.01,8.317527,False
2017-07-19,27.9,20.5,24.637849,14.422366,30.1,3.262151,False
2017-07-20,21.3,14.5,24.704516,14.45,30.21,-3.404516,False
2017-07-21,24.6,12.5,24.806344,14.46871,30.3,-0.206344,False
2017-07-22,21.0,15.1,24.897312,14.503226,30.4,-3.897312,False
2017-07-23,20.6,13.2,24.99086,14.548065,30.5,-4.39086,False
2017-07-24,19.6,13.1,25.045591,14.602473,30.51,-5.445591,False
2017-07-25,21.8,13.9,25.092581,14.634731,30.6,-3.292581,False
2017-07-26,22.9,10.6,25.128495,14.647419,30.6,-2.228495,False
2017-07-27,21.8,14.8,25.173978,14.642796,30.7,-3.373978,False
2017-07-28,23.0,14.4,25.224731,14.662258,30.81,-2.224731,False
2017-07-29,27.5,17.2,25.235376,14.670968,30.9,2.264624,False
2017-07-30,25.0,18.2,25.253226,14.672258,30.81,-0.253226,False
2017-07-31,24.6,13.4,25.243441,14.678065,30.7,-0.643441,False
2017-08-01,26.8,14.6,25.238065,14.645591,30.61,1.561935,False
2017-08-02,28.8,15.2,25.218495,14.64,30.61,3.581505,False
2017-08-03,26.0,18.0,25.202366,14.620968,30.6,0.797634,False
2017-08-04,24.8,17.2,25.174516,14.594301,30.51,-0.374516,False
2017-08-05,22.7,13.5,25.139462,14.555806,30.5,-2.439462,False
2017-08-06,23.9,9.7,25.125914,14.54,30.5,-1.225914,False
2017-08-07,26.4,10.3,25.102151,14.533226,30.4,1.297849,False
2017-08-08,17.5,12.8,25.063763,14.508387,30.41,-7.563763,False
2017-08-09,17.7,11.7,25.004086,14.477204,30.41,-7.304086,False
2017-08-10,17.8,11.2,24.966667,14.451613,30.41,-7.166667,False
2017-08-11,20.5,13.0,24.933441,14.419462,30.41,-4.433441,False
2017-08-12,19.0,13.0,24.863333,14.384194,30.4,-5.863333,False
2017-08-13,22.5,12.0,24.782581,14.321828,30.3,-2.282581,False
2017-08-14,27.0,9.9,24.663763,14.256022,30.3,2.336237,False
2017-08-15,24.2,17.8,24.586344,14.17043,30.21,-0.386344,False
2017-08-16,24.7,14.3,24.489355,14.101935,30.11,0.210645,False
2017-08-17,23.2,16.2,24.344946,14.012688,30.0,-1.144946,False
2017-08-18,21.7,13.7,24.227527,13.906774,29.9,-2.527527,False
2017-08-19,20.3,10.6,24.130215,13.803333,29.7,-3.830215,False
2017-08-20,21.5,9.2,24.021613,13.728172,29.7,-2.521613,False
2017-08-21,23.8,15.8,23.875054,13.655806,29.5,-0.075054,False
2017-08-22,26.9,14.2,23.727204,13.571613,29.4,3.172796,False
2017-08-23,25.9,15.7,23.581505,13.477312,29.21,2.318495,False
2017-08-24,24.3,13.8,23.481398,13.365484,29.01,0.818602,False
2017-08-25,23.5,15.5,23.399462,13.274624,29.0,0.100538,False
2017-08-26,27.4,15.9,23.32828,13.209677,29.0,4.07172,False
2017-08-27,28.3,17.0,23.22043,13.144516,28.9,5.07957,False
2017-08-28,29.5,16.8,23.091398,13.070215,28.71,6.408602,False
2017-08-29,32.4,16.4,22.978387,12.98043,28.7,9.421613,False
2017-08-30,21.7,12.8,22.863333,12.891183,28.7,-1.163333,False
2017-08-31,19.7,11.0,22.728172,12.79172,28.6,-3.028172,False
2017-09-01,19.7,11.0,22.589785,12.684946,28.5,-2.889785,False
2017-09-02,19.4,10.9,22.452151,12.555054,28.3,-3.052151,False
2017-09-03,21.2,8.5,22.296344,12.429247,28.21,-1.096344,False
2017-09-04,23.3,15.7,22.149032,12.315376,28.11,1.150968,False
2017-09-05,21.6,18.1,22.034731,12.199462,27.8,-0.434731,False
2017-09-06,19.1,13.7,21.915699,12.065269,27.6,-2.815699,False
2017-09-07,18.6,11.6,21.757312,11.956129,27.3,-3.157312,False
2017-09-08,18.0,14.3,21.62043,11.842473,27.2,-3.62043,False
2017-09-09,17.0,10.5,21.474839,11.735699,26.9,-4.474839,False
2017-09-10,18.0,9.6,21.303763,11.608387,26.71,-3.303763,False
2017-09-11,17.4,11.8,21.136989,11.472796,26.41,-3.736989,False
2017-09-12,18.0,12.1,21.013656,11.338065,26.3,-3.013656,False
2017-09-13,17.9,13.4,20.902903,11.246022,26.2,-3.002903,False
2017-09-14,16.0,10.8,20.814409,11.186667,26.1,-4.814409,False
2017-09-15,15.5,7.8,20.701183,11.113118,26.1,-5.201183,False
2017-09-16,15.2,5.7,20.568817,11.063118,25.91,-5.368817,False
2017-09-17,14.2,8.0,20.457957,11.020645,25.9,-6.257957,False
2017-09-18,16.2,6.9,20.314839,10.952043,25.8,-4.114839,False
2017-09-19,16.0,7.5,20.143656,10.876989,25.6,-4.143656,False
2017-09-20,18.0,5.2,19.958602,10.774839,25.31,-1.958602,False
2017-09-21,20.4,7.1,19.803978,10.674624,25.1,0.596022,False
2017-09-22,19.3,8.7,19.644516,10.58043,24.9,-0.344516,False
2017-09-23,20.1,5.8,19.49828,10.498387,24.8,0.60172,False
2017-09-24,22.6,9.1,19.35,10.436022,24.7,3.25,False
2017-09-25,19.4,12.6,19.185054,10.354946,24.5,0.214946,False
2017-09-26,19.9,12.5,19.026559,10.284409,24.1,0.873441,False
2017-09-27,20.0,10.4,18.878172,10.192688,23.7,1.121828,False
2017-09-28,20.8,14.2,18.753333,10.081935,23.7,2.046667,False
2017-09-29,24.2,14.2,18.627419,9.990968,23.7,5.572581,False
2017-09-30,17.3,12.8,18.475806,9.889355,23.51,-1.175806,False
2017-10-01,15.4,12.6,18.327634,9.786129,23.3,-2.927634,False
2017-10-02,19.8,14.6,18.149677,9.694946,23.11,1.650323,False
2017-10-03,16.8,9.7,17.984946,9.58086,23.1,-1.184946,False
2017-10-04,17.5,7.4,17.818172,9.491398,23.0,-0.318172,False
2017-10-05,16.3,8.2,17.633441,9.413226,22.8,-1.333441,False
2017-10-06,15.3,6.0,17.453441,9.33,22.6,-2.153441,False
2017-10-07,15.6,3.5,17.257419,9.264409,22.4,-1.657419,False
2017-10-08,16.3,12.0,17.095591,9.181935,22.21,-0.795591,False
2017-10-09,17.3,8.2,16.909892,9.105054,21.9,0.390108,False
2017-10-10,16.7,13.4,16.763011,9.038495,21.6,-0.063011,False
2017-10-11,18.8,13.1,16.63,8.962796,21.5,2.17,False
2017-10-12,18.7,13.6,16.474731,8.881935,21.4,2.225269,False
2017-10-13,21.3,11.6,16.295591,8.785161,21.2,5.004409,False
2017-10-14,22.3,9.9,16.107204,8.662473,21.1,6.192796,False
2017-10-15,23.3,10.2,15.919247,8.534409,20.9,7.380753,False
2017-10-16,24.4,14.0,15.740753,8.407742,20.6,8.659247,False
2017-10-17,22.4,10.7,15.565699,8.274086,20.4,6.834301,False
2017-10-18,20.7,11.6,15.401935,8.144624,20.2,5.298065,False
2017-10-19,20.8,11.8,15.272473,8.071398,20.01,5.527527,False
2017-10-20,15.8,10.1,15.124731,7.952903,19.9,0.675269,False
2017-10-21,16.8,10.3,14.97957,7.832688,19.8,1.82043,False
2017-10-22,12.8,9.1,14.816774,7.714086,19.61,-2.016774,False
2017-10-23,13.6,10.2,14.655591,7.613978,19.5,-1.055591,False
2017-10-24,18.6,13.4,14.485376,7.494301,19.3,4.114624,False
2017-10-25,18.6,10.7,14.299462,7.35871,19.2,4.300538,False
2017-10-26,15.4,9.9,14.103011,7.229892,19.0,1.296989,False
2017-10-27,15.4,7.3,13.913333,7.078172,18.7,1.486667,False
2017-10-28,13.9,4.3,13.718172,6.957634,18.5,0.181828,False
2017-10-29,14.6,6.9,13.52828,6.848065,18.2,1.07172,False
2017-10-30,11.6,3.4,13.336989,6.734301,18.0,-1.736989,False
2017-10-31,12.1,0.7,13.151183,6.633118,17.9,-1.051183,False
2017-11-01,14.3,3.2,12.946882,6.535054,17.61,1.353118,False
2017-11-02,13.7,7.0,12.756237,6.433226,17.5,0.943763,False
2017-11-03,15.6,9.4,12.572043,6.332688,17.4,3.027957,False
2017-11-04,14.8,8.8,12.382796,6.217312,17.2,2.417204,False
2017-11-05,10.0,4.0,12.198387,6.069032,17.1,-2.198387,False
2017-11-06,10.3,0.0,12.006022,5.931935,16.8,-1.706022,False
2017-11-07,9.6,-1.2,11.81914,5.79871,16.6,-2.21914,False
2017-11-08,8.1,-0.5,11.640968,5.681075,16.4,-3.540968,False
2017-11-09,9.8,3.4,11.469462,5.537742,16.31,-1.669462,False
2017-11-10,12.7,8.1,11.299892,5.417634,16.2,1.400108,False
2017-11-11,13.0,8.4,11.116022,5.307312,15.9,1.883978,False
2017-11-12,12.0,5.7,10.936774,5.192688,15.7,1.063226,False
2017-11-13,9.0,3.4,10.768817,5.09086,15.5,-1.768817,False
2017-11-14,9.3,0.2,10.613226,4.978602,15.5,-1.313226,False
2017-11-15,8.9,5.1,10.43129,4.863871,15.1,-1.53129,False
2017-11-16,9.2,5.0,10.242903,4.78043,14.8,-1.042903,False
2017-11-17,10.7,5.0,10.076344,4.677742,14.61,0.623656,False
2017-11-18,8.5,2.5,9.912366,4.582258,14.41,-1.412366,False
2017-11-19,8.5,2.6,9.72828,4.446559,14.21,-1.22828,False
2017-11-20,10.1,2.5,9.57043,4.348925,14.1,0.52957,False
2017-11-21,10.4,8.4,9.421075,4.254409,13.91,0.978925,False
2017-11-22,14.2,6.3,9.283226,4.150538,13.8,4.916774,False
2017-11-23,15.9,11.6,9.15828,4.035161,13.7,6.74172,False
2017-11-24,12.7,7.7,9.005806,3.926559,13.6,3.694194,False
2017-11-25,7.4,2.3,8.851505,3.8,13.5,-1.451505,False
2017-11-26,7.4,1.4,8.723656,3.690753,13.5,-1.323656,False
2017-11-27,8.6,4.7,8.586237,3.600108,13.4,0.013763,False
2017-11-28,8.9,2.0,8.456882,3.495699,13.2,0.443118,False
2017-11-29,4.8,0.2,8.310215,3.371183,13.1,-3.510215,False
2017-11-30,4.1,0.3,8.164301,3.247527,12.91,-4.064301,False
2017-12-01,3.5,0.0,8.06957,3.152366,12.8,-4.56957,False
2017-12-02,0.9,-2.6,8.008387,3.062688,12.8,-7.108387,False
2017-12-03,4.5,-2.6,7.954409,3.026452,12.7,-3.454409,False
2017-12-04,8.7,3.8,7.920645,2.998495,12.61,0.779355,False
2017-12-05,8.1,1.6,7.876452,2.963548,12.6,0.223548,False
2017-12-06,6.2,2.1,7.843226,2.947634,12.6,-1.643226,False
2017-12-07,9.5,1.2,7.816237,2.966667,12.6,1.683763,False
2017-12-08,5.9,0.5,7.782366,2.971828,12.51,-1.882366,False
2017-12-09,3.9,-0.7,7.736667,2.953441,12.5,-3.836667,False
2017-12-10,10.2,0.9,7.665484,2.918065,12.4,2.534516,False
2017-12-11,9.8,3.3,7.566237,2.812796,12.3,2.233763,False
2017-12-12,5.4,0.0,7.476559,2.733763,12.3,-2.076559,False
2017-12-13,9.3,2.8,7.369355,2.642581,12.21,1.930645,False
2017-12-14,7.6,3.9,7.29086,2.527849,12.2,0.30914,False
2017-12-15,5.7,3.7,7.245161,2.492581,12.11,-1.545161,False
2017-12-16,5.9,1.9,7.203656,2.466882,12.1,-1.303656,False
2017-12-17,5.5,0.0,7.145269,2.414624,12.01,-1.645269,False
2017-12-18,8.6,2.6,7.100215,2.372043,12.0,1.499785,False
2017-12-19,5.4,1.1,7.056022,2.313226,12.01,-1.656022,False
2017-12-20,8.3,3.1,7.005376,2.260645,12.0,1.294624,False
2017-12-21,10.2,7.9,6.970753,2.22957,12.0,3.229247,False
2017-12-22,10.1,8.1,6.947527,2.212903,12.0,3.152473,False
2017-12-23,9.3,8.5,6.923226,2.220108,12.0,2.376774,False
2017-12-24,8.5,7.7,6.916129,2.240215,12.0,1.583871,False
2017-12-25,7.7,3.7,6.95129,2.25828,12.1,0.74871,False
2017-12-26,7.6,4.3,6.977419,2.290753,12.1,0.622581,False
2017-12-27,6.6,2.6,6.982903,2.3,12.0,-0.382903,False
2017-12-28,5.3,0.2,6.98172,2.297634,12.0,-1.68172,False
2017-12-29,7.6,-0.3,7.001613,2.315376,12.1,0.598387,False
2017-12-30,14.3,7.7,7.022796,2.333978,12.1,7.277204,False
2017-12-31,14.3,8.5,7.052903,2.354194,12.1,7.247097,False
2018-01-01,9.1,6.6,7.055161,2.352581,12.11,2.044839,False
2018-01-02,12.0,5.7,7.037742,2.345914,12.1,4.962258,False
2018-01-03,13.2,8.0,7.003763,2.30871,12.1,6.196237,False
2018-01-04,13.8,8.0,6.961183,2.287312,12.1,6.838817,False
2018-01-05,10.6,6.0,6.928065,2.273226,12.1,3.671935,False
2018-01-06,7.6,5.2,6.896344,2.22914,12.01,0.703656,False
2018-01-07,6.7,5.7,6.845376,2.169677,12.0,-0.145376,False
2018-01-08,7.5,4.5,6.791828,2.116237,11.9,0.708172,False
2018-01-09,8.0,3.3,6.744409,2.053548,11.8,1.255591,False
2018-01-10,9.2,4.8,6.723548,1.996559,11.8,2.476452,False
2018-01-11,6.6,3.9,6.705376,1.980753,11.8,-0.105376,False
2018-01-12,6.6,3.9,6.706882,1.967097,11.8,-0.106882,False
2018-01-13,5.1,2.6,6.735806,1.980108,11.8,-1.635806,False
2018-01-14,7.2,-0.6,6.731828,2.012473,11.8,0.468172,False
2018-01-15,9.8,3.7,6.702473,1.963011,11.8,3.097527,False
2018-01-16,9.6,5.1,6.692258,1.921398,11.8,2.907742,False
2018-01-17,8.2,3.0,6.713978,1.919677,11.8,1.486022,False
2018-01-18,11.0,6.3,6.707312,1.896882,11.8,4.292688,False
2018-01-19,6.9,3.3,6.710645,1.88086,11.8,0.189355,False
2018-01-20,11.0,3.1,6.727742,1.89828,11.8,4.272258,False
2018-01-21,11.1,5.4,6.756989,1.903333,11.8,4.343011,False
2018-01-22,12.5,8.4,6.780108,1.892473,11.8,5.719892,False
2018-01-23,11.6,6.8,6.785376,1.837849,11.8,4.814624,False
2018-01-24,12.9,10.6,6.784409,1.797419,11.8,6.115591,False
2018-01-25,10.5,6.6,6.764301,1.731183,11.8,3.735699,False
2018-01-26,8.5,2.7,6.763226,1.680645,11.8,1.736774,False
2018-01-27,5.0,1.8,6.776667,1.662688,11.8,-1.776667,False
2018-01-28,10.5,4.6,6.797742,1.637204,11.81,3.702258,False
2018-01-29,10.7,9.2,6.78172,1.586882,11.8,3.91828,False
2018-01-30,10.7,8.6,6.797419,1.555806,11.9,3.902581,False
2018-01-31,9.3,3.9,6.843656,1.55086,12.01,2.456344,False
2018-02-01,7.0,2.0,6.875699,1.543548,12.1,0.124301,False
2018-02-02,6.1,1.9,6.905699,1.543118,12.1,-0.805699,False
2018-02-03,5.2,1.3,6.963871,1.522258,12.1,-1.763871,False
2018-02-04,4.1,-0.2,7.006667,1.487312,12.01,-2.906667,False
2018-02-05,1.7,-1.6,7.066989,1.484839,12.1,-5.366989,False
2018-02-06,0.6,-1.1,7.10086,1.480108,12.1,-6.50086,False
2018-02-07,-1.1,-5.4,7.163656,1.468065,12.2,-8.263656,False
2018-02-08,2.2,-8.3,7.236022,1.485054,12.3,-5.036022,False
2018-02-09,1.4,-5.9,7.334301,1.514624,12.41,-5.934301,False
2018-02-10,2.9,-4.2,7.429247,1.58172,12.5,-4.529247,False
2018-02-11,7.1,1.1,7.533763,1.634624,12.5,-0.433763,False
2018-02-12,6.1,-0.9,7.62828,1.646022,12.6,-1.52828,False
2018-02-13,3.5,-1.3,7.707634,1.679247,12.7,-4.207634,False
2018-02-14,4.9,-0.7,7.798172,1.724301,12.7,-2.898172,False
2018-02-15,11.4,4.3,7.898817,1.787204,12.71,3.501183,False
2018-02-16,8.7,0.5,8.004409,1.824409,12.8,0.695591,False
2018-02-17,9.1,2.1,8.091828,1.841505,12.81,1.008172,False
2018-02-18,8.4,-1.4,8.190215,1.883333,12.9,0.209785,False
2018-02-19,6.3,1.5,8.284946,1.938495,12.91,-1.984946,False
2018-02-20,6.0,3.4,8.400645,1.971828,13.01,-2.400645,False
2018-02-21,4.7,-0.8,8.535914,2.007957,13.3,-3.835914,False
2018-02-22,4.6,-2.1,8.671828,2.083871,13.5,-4.071828,False
2018-02-23,3.2,-2.4,8.824946,2.174624,13.7,-5.624946,False
2018-02-24,5.2,-2.2,8.987742,2.239355,14.0,-3.787742,False
2018-02-25,3.0,-2.7,9.132581,2.320538,14.21,-6.132581,False
2018-02-26,-0.7,-5.0,9.271935,2.396129,14.5,-9.971935,False
2018-02-27,-2.3,-6.5,9.414946,2.456559,14.6,-11.714946,False
2018-02-28,-1.6,-8.7,9.593333,2.553118,14.7,-11.193333,False
2018-03-01,2.5,-4.7,9.807527,2.66129,14.9,-7.307527,False
2018-03-02,7.9,1.2,9.97172,2.782151,15.0,-2.07172,False
2018-03-03,10.7,0.5,10.097419,2.878602,15.2,0.602581,False
2018-03-04,7.4,2.9,10.209247,2.969892,15.3,-2.809247,False
2018-03-05,12.6,4.1,10.352903,3.037312,15.4,2.247097,False
2018-03-06,10.8,5.0,10.462366,3.131505,15.4,0.337634,False
2018-03-07,9.4,4.0,10.592151,3.216129,15.5,-1.192151,False
2018-03-08,10.2,3.7,10.720645,3.25871,15.71,-0.520645,False
2018-03-09,13.7,5.0,10.873871,3.353548,15.9,2.826129,False
2018-03-10,17.2,10.5,10.997527,3.437957,16.01,6.202473,False
2018-03-11,16.7,9.4,11.117312,3.483441,16.1,5.582688,False
2018-03-12,12.3,8.8,11.214731,3.523548,16.4,1.085269,False
2018-03-13,12.3,5.7,11.341935,3.553763,16.4,0.958065,False
2018-03-14,14.2,2.3,11.483656,3.61172,16.6,2.716344,False
2018-03-15,13.2,8.3,11.615914,3.719462,16.7,1.584086,False
2018-03-16,12.5,6.5,11.770215,3.798387,16.9,0.729785,False
2018-03-17,6.6,1.4,11.958495,3.857419,17.01,-5.358495,False
2018-03-18,1.4,-0.8,12.135484,3.941935,17.3,-10.735484,False
2018-03-19,1.7,-1.8,12.272903,4.052258,17.51,-10.572903,False
2018-03-20,7.5,-2.1,12.382903,4.135591,17.6,-4.882903,False
2018-03-21,7.1,-0.5,12.496022,4.197419,17.71,-5.396022,False
2018-03-22,8.3,-0.8,12.632796,4.253978,17.9,-4.332796,False
2018-03-23,6.2,4.1,12.739032,4.322366,18.0,-6.539032,False
2018-03-24,13.1,5.2,12.80914,4.356559,18.01,0.29086,False
2018-03-25,14.6,4.8,12.904409,4.375914,18.2,1.695591,False
2018-03-26,12.7,6.1,13.008925,4.415699,18.5,-0.308925,False
2018-03-27,12.9,5.8,13.093011,4.455054,18.6,-0.193011,False
2018-03-28,13.2,3.3,13.18129,4.505591,18.71,0.01871,False
2018-03-29,11.2,1.8,13.244946,4.558602,18.81,-2.044946,False
2018-03-30,9.9,4.8,13.315914,4.612473,19.0,-3.415914,False
2018-03-31,10.6,3.7,13.358925,4.642043,19.0,-2.758925,False
2018-04-01,11.2,6.0,13.386022,4.653763,19.01,-2.186022,False
2018-04-02,15.2,6.7,13.460645,4.670215,19.3,1.739355,False
2018-04-03,15.1,7.4,13.544731,4.709462,19.5,1.555269,False
2018-04-04,13.3,8.1,13.648495,4.731075,19.6,-0.348495,False
2018-04-05,10.7,5.2,13.773118,4.790215,19.8,-3.073118,False
2018-04-06,19.3,3.9,13.961183,4.864731,20.0,5.338817,False
2018-04-07,19.6,10.6,14.142366,4.965484,20.3,5.457634,False
2018-04-08,20.7,10.0,14.286989,5.063226,20.4,6.413011,False
2018-04-09,13.7,10.4,14.443441,5.133763,20.5,-0.743441,False
2018-04-10,14.9,8.3,14.59,5.246129,20.6,0.31,False
2018-04-11,18.0,5.8,14.709462,5.367742,20.6,3.290538,False
2018-04-12,12.4,8.1,14.827097,5.487742,20.7,-2.427097,False
2018-04-13,17.0,7.6,14.918817,5.614409,20.81,2.081183,False
2018-04-14,15.9,7.3,15.01043,5.713011,21.11,0.88957,False
2018-04-15,16.9,7.6,15.116129,5.794516,21.2,1.783871,False
2018-04-16,16.1,6.6,15.20871,5.90043,21.31,0.89129,False
2018-04-17,21.5,5.6,15.274731,5.998387,21.6,6.225269,False
2018-04-18,25.6,7.0,15.348387,6.085376,21.82,10.251613,False
2018-04-19,26.7,10.0,15.444624,6.137957,22.01,11.255376,False
2018-04-20,27.6,13.0,15.574839,6.232473,22.2,12.025161,False
2018-04-21,26.6,12.7,15.71129,6.343871,22.6,10.88871,False
2018-04-22,25.7,13.4,15.854194,6.464409,22.71,9.845806,False
2018-04-23,18.4,9.7,15.991828,6.597742,22.81,2.408172,False
2018-04-24,20.0,7.5,16.122151,6.772581,22.91,3.877849,False
2018-04-25,15.7,8.8,16.255806,6.926129,23.1,-0.555806,False
2018-04-26,15.4,5.7,16.359677,7.070323,23.1,-0.959677,False
2018-04-27,18.2,5.6,16.451613,7.200215,23.1,1.748387,False
2018-04-28,14.7,9.0,16.569785,7.323011,23.2,-1.869785,False
2018-04-29,11.2,8.9,16.683118,7.444409,23.3,-5.483118,False
2018-04-30,9.6,4.4,16.799355,7.532151,23.3,-7.199355,False
2018-05-01,13.1,3.2,16.935376,7.641183,23.31,-3.835376,False
2018-05-02,15.9,2.8,17.072688,7.783548,23.5,-1.172688,False
2018-05-03,15.8,5.7,17.192903,7.897097,23.5,-1.392903,False
2018-05-04,18.7,5.4,17.302258,7.995269,23.61,1.397742,False
2018-05-05,22.9,8.2,17.421613,8.13086,23.6,5.478387,False
2018-05-06,26.5,11.7,17.53,8.267849,23.61,8.97,True
2018-05-07,25.7,11.3,17.583978,8.377312,23.7,8.116022,True
2018-05-08,26.1,10.4,17.656989,8.459892,23.7,8.443011,True
2018-05-09,21.5,11.6,17.760968,8.590108,23.8,3.739032,False
2018-05-10,16.5,7.0,17.879892,8.714731,24.1,-1.379892,False
2018-05-11,21.1,4.8,17.999785,8.806022,24.2,3.100215,False
2018-05-12,19.3,9.7,18.142043,8.904731,24.3,1.157957,False
2018-05-13,13.5,8.8,18.275699,9.007849,24.61,-4.775699,False
2018-05-14,13.7,9.9,18.429677,9.096344,24.7,-4.729677,False
2018-05-15,19.2,10.6,18.576237,9.216237,24.7,0.623763,False
2018-05-16,21.2,9.9,18.686667,9.325484,24.7,2.513333,False
2018-05-17,17.9,8.8,18.832688,9.405914,24.8,-0.932688,False
2018-05-18,18.4,5.3,18.98871,9.543548,24.9,-0.58871,False
2018-05-19,18.8,6.1,19.098065,9.65914,24.9,-0.298065,False
2018-05-20,21.9,6.9,19.20957,9.780968,24.9,2.69043,False
2018-05-21,22.2,11.0,19.340538,9.899785,25.0,2.859462,False
2018-05-22,22.5,11.4,19.457849,10.029032,25.11,3.042151,False
2018-05-23,20.3,12.2,19.555699,10.152473,25.3,0.744301,False
2018-05-24,23.0,13.0,19.656452,10.234624,25.31,3.343548,False
2018-05-25,25.4,12.4,19.766022,10.300968,25.4,5.633978,False
2018-05-26,27.3,16.0,19.841505,10.382903,25.51,7.458495,False
2018-05-27,27.1,16.9,19.933333,10.462258,25.7,7.166667,False
2018-05-28,25.6,16.5,20.014946,10.552151,25.7,5.585054,False
2018-05-29,22.3,15.0,20.098065,10.640215,25.7,2.201935,False
2018-05-30,24.0,15.2,20.24086,10.741505,25.71,3.75914,False
2018-05-31,23.8,15.9,20.336559,10.893118,25.81,3.463441,False
2018-06-01,19.8,14.9,20.429355,10.999785,25.81,-0.629355,False
2018-06-02,23.3,13.2,20.546237,11.08871,25.91,2.753763,False
2018-06-03,24.7,14.8,20.677097,11.206344,26.1,4.022903,False
2018-06-04,24.9,16.4,20.822581,11.326129,26.21,4.077419,False
2018-06-05,22.0,16.8,20.942796,11.438602,26.4,1.057204,False
2018-06-06,23.1,15.2,21.027634,11.527312,26.41,2.072366,False
2018-06-07,23.7,15.7,21.127634,11.601828,26.7,2.572366,False
2018-06-08,25.1,14.7,21.202043,11.69172,26.9,3.897957,False
2018-06-09,24.2,15.9,21.305376,11.751075,27.0,2.894624,False
2018-06-10,23.0,16.1,21.379677,11.842151,27.1,1.620323,False
2018-06-11,21.0,17.2,21.495376,11.932258,27.2,-0.495376,False
2018-06-12,18.6,13.9,21.602796,12.033118,27.3,-3.002796,False
2018-06-13,17.6,10.7,21.733441,12.136022,27.4,-4.133441,False
2018-06-14,20.1,8.8,21.834516,12.236667,27.5,-1.734516,False
2018-06-15,22.7,13.9,21.926129,12.311613,27.61,0.773871,False
2018-06-16,21.8,13.4,22.062151,12.416452,28.1,-0.262151,False
2018-06-17,20.3,13.8,22.15086,12.537312,28.12,-1.85086,False
2018-06-18,22.9,14.9,22.223871,12.597097,28.51,0.676129,False
2018-06-19,23.0,14.6,22.335699,12.675914,28.6,0.664301,False
2018-06-20,27.5,13.6,22.428172,12.774194,28.61,5.071828,False
2018-06-21,20.1,10.8,22.504194,12.844946,28.7,-2.404194,False
2018-06-22,20.4,7.0,22.574409,12.888387,28.71,-2.174409,False
2018-06-23,21.2,7.8,22.633333,12.929462,28.8,-1.433333,False
2018-06-24,21.9,11.2,22.706129,12.993978,28.8,-0.806129,False
2018-06-25,24.0,11.6,22.772903,13.053011,28.9,1.227097,False
2018-06-26,26.3,13.2,22.852258,13.122581,28.91,3.447742,False
2018-06-27,27.8,13.3,22.920645,13.188172,28.91,4.879355,False
2018-06-28,27.3,15.4,23.023011,13.255484,29.01,4.276989,False
2018-06-29,28.1,16.2,23.11,13.338172,29.1,4.99,False
2018-06-30,31.1,16.9,23.213226,13.40172,29.4,7.886774,False
2018-07-01,31.9,19.4,23.345914,13.453978,29.4,8.554086,False
2018-07-02,29.3,18.8,23.444194,13.534731,29.5,5.855806,False
2018-07-03,28.6,17.4,23.538925,13.616559,29.61,5.061075,False
2018-07-04,27.9,17.0,23.630753,13.692258,29.71,4.269247,False
2018-07-05,25.2,18.0,23.709032,13.773763,29.8,1.490968,False
2018-07-06,28.0,15.5,23.797204,13.825484,29.8,4.202796,False
2018-07-07,29.8,16.7,23.9,13.868817,29.9,5.9,False
2018-07-08,29.1,16.9,24.007312,13.954301,29.9,5.092688,False
2018-07-09,26.3,16.0,24.111183,14.031398,29.9,2.188817,False
2018-07-10,22.3,15.1,24.169247,14.104409,30.0,-1.869247,False
2018-07-11,21.8,13.7,24.231183,14.15957,30.0,-2.431183,False
2018-07-12,24.5,14.4,24.265269,14.217527,30.01,0.234731,False
2018-07-13,27.4,16.4,24.302151,14.260753,30.0,3.097849,False
2018-07-14,28.9,16.4,24.350215,14.277634,29.9,4.549785,False
2018-07-15,29.4,17.2,24.384516,14.312258,30.0,5.015484,False
2018-07-16,29.3,15.7,24.453441,14.343118,30.0,4.846559,False
2018-07-17,24.9,16.6,24.514194,14.354409,30.0,0.385806,False
2018-07-18,27.2,15.4,24.582473,14.373226,30.01,2.617527,False
2018-07-19,29.7,16.0,24.637849,14.422366,30.1,5.062151,False
2018-07-20,23.0,16.6,24.704516,14.45,30.21,-1.704516,False
2018-07-21,24.2,14.7,24.806344,14.46871,30.3,-0.606344,False
2018-07-22,27.0,15.7,24.897312,14.503226,30.4,2.102688,False
2018-07-23,29.6,15.9,24.99086,14.548065,30.5,4.60914,False
2018-07-24,30.3,18.5,25.045591,14.602473,30.51,5.254409,False
2018-07-25,31.7,18.5,25.092581,14.634731,30.6,6.607419,True
2018-07-26,35.1,18.3,25.128495,14.647419,30.6,9.971505,True
2018-07-27,35.0,19.0,25.173978,14.642796,30.7,9.826022,True
2018-07-28,25.0,18.1,25.224731,14.662258,30.81,-0.224731,False
2018-07-29,27.2,16.4,25.235376,14.670968,30.9,1.964624,False
2018-07-30,27.3,18.1,25.253226,14.672258,30.81,2.046774,False
2018-07-31,27.8,18.5,25.243441,14.678065,30.7,2.556559,False
2018-08-01,29.0,16.9,25.238065,14.645591,30.61,3.761935,False
2018-08-02,32.0,16.6,25.218495,14.64,30.61,6.781505,True
2018-08-03,34.1,18.5,25.202366,14.620968,30.6,8.897634,True
2018-08-04,32.7,19.3,25.174516,14.594301,30.51,7.525484,True
2018-08-05,30.5,16.8,25.139462,14.555806,30.5,5.360538,False
2018-08-06,33.6,15.6,25.125914,14.54,30.5,8.474086,False
2018-08-07,35.9,18.2,25.102151,14.533226,30.4,10.797849,False
2018-08-08,24.9,17.9,25.063763,14.508387,30.41,-0.163763,False
2018-08-09,18.7,13.4,25.004086,14.477204,30.41,-6.304086,False
2018-08-10,22.9,11.1,24.966667,14.451613,30.41,-2.066667,False
2018-08-11,24.2,13.1,24.933441,14.419462,30.41,-0.733441,False
2018-08-12,29.6,13.1,24.863333,14.384194,30.4,4.736667,False
2018-08-13,23.4,16.2,24.782581,14.321828,30.3,-1.382581,False
2018-08-14,24.5,15.4,24.663763,14.256022,30.3,-0.163763,False
2018-08-15,24.8,14.9,24.586344,14.17043,30.21,0.213656,False
2018-08-16,29.7,14.4,24.489355,14.101935,30.11,5.210645,False
2018-08-17,23.4,14.2,24.344946,14.012688,30.0,-0.944946,False
2018-08-18,24.9,10.8,24.227527,13.906774,29.9,0.672473,False
2018-08-19,27.9,12.8,24.130215,13.803333,29.7,3.769785,False
2018-08-20,24.7,18.6,24.021613,13.728172,29.7,0.678387,False
2018-08-21,25.7,17.1,23.875054,13.655806,29.5,1.824946,False
2018-08-22,29.4,15.6,23.727204,13.571613,29.4,5.672796,False
2018-08-23,26.3,16.2,23.581505,13.477312,29.21,2.718495,False
2018-08-24,19.8,13.7,23.481398,13.365484,29.01,-3.681398,False
2018-08-25,19.5,9.8,23.399462,13.274624,29.0,-3.899462,False
2018-08-26,22.8,6.8,23.32828,13.209677,29.0,-0.52828,False
2018-08-27,23.3,12.7,23.22043,13.144516,28.9,0.07957,False
2018-08-28,26.9,9.7,23.091398,13.070215,28.71,3.808602,False
2018-08-29,20.1,14.9,22.978387,12.98043,28.7,-2.878387,False
2018-08-30,20.2,12.2,22.863333,12.891183,28.7,-2.663333,False
2018-08-31,21.5,12.8,22.728172,12.79172,28.6,-1.228172,False
2018-09-01,22.4,8.8,22.589785,12.684946,28.5,-0.189785,False
2018-09-02,23.8,8.7,22.452151,12.555054,28.3,1.347849,False
2018-09-03,23.6,12.4,22.296344,12.429247,28.21,1.303656,False
2018-09-04,22.1,15.9,22.149032,12.315376,28.11,-0.049032,False
2018-09-05,24.2,17.1,22.034731,12.199462,27.8,2.165269,False
2018-09-06,21.3,12.3,21.915699,12.065269,27.6,-0.615699,False
2018-09-07,20.2,10.3,21.757312,11.956129,27.3,-1.557312,False
2018-09-08,23.1,8.9,21.62043,11.842473,27.2,1.47957,False
2018-09-09,28.7,10.4,21.474839,11.735699,26.9,7.225161,False
2018-09-10,25.1,13.1,21.303763,11.608387,26.71,3.796237,False
2018-09-11,29.2,11.0,21.136989,11.472796,26.41,8.063011,False
2018-09-12,27.2,11.9,21.013656,11.338065,26.3,6.186344,False
2018-09-13,17.8,14.4,20.902903,11.246022,26.2,-3.102903,False
2018-09-14,21.0,10.8,20.814409,11.186667,26.1,0.185591,False
2018-09-15,21.9,7.0,20.701183,11.113118,26.1,1.198817,False
2018-09-16,24.6,7.9,20.568817,11.063118,25.91,4.031183,False
2018-09-17,28.7,8.9,20.457957,11.020645,25.9,8.242043,False
2018-09-18,23.0,16.8,20.314839,10.952043,25.8,2.685161,False
2018-09-19,25.1,15.1,20.143656,10.876989,25.6,4.956344,False
2018-09-20,25.6,13.6,19.958602,10.774839,25.31,5.641398,False
2018-09-21,18.4,11.2,19.803978,10.674624,25.1,-1.403978,False
2018-09-22,18.9,10.0,19.644516,10.58043,24.9,-0.744516,False
2018-09-23,20.7,8.7,19.49828,10.498387,24.8,1.20172,False
2018-09-24,16.8,6.7,19.35,10.436022,24.7,-2.55,False
2018-09-25,17.1,5.5,19.185054,10.354946,24.5,-2.085054,False
2018-09-26,20.6,4.2,19.026559,10.284409,24.1,1.573441,False
2018-09-27,25.6,6.0,18.878172,10.192688,23.7,6.721828,False
2018-09-28,19.2,10.3,18.753333,10.081935,23.7,0.446667,False
2018-09-29,18.0,7.2,18.627419,9.990968,23.7,-0.627419,False
2018-09-30,17.6,2.4,18.475806,9.889355,23.51,-0.875806,False
2018-10-01,15.3,7.1,18.327634,9.786129,23.3,-3.027634,False
2018-10-02,16.0,8.1,18.149677,9.694946,23.11,-2.149677,False
2018-10-03,19.0,11.4,17.984946,9.58086,23.1,1.015054,False
2018-10-04,20.5,9.4,17.818172,9.491398,23.0,2.681828,False
2018-10-05,24.9,6.7,17.633441,9.413226,22.8,7.266559,False
2018-10-06,23.1,10.4,17.453441,9.33,22.6,5.646559,False
2018-10-07,14.3,10.4,17.257419,9.264409,22.4,-2.957419,False
2018-10-08,17.9,7.1,17.095591,9.181935,22.21,0.804409,False
2018-10-09,22.3,6.5,16.909892,9.105054,21.9,5.390108,False
2018-10-10,24.5,9.6,16.763011,9.038495,21.6,7.736989,False
2018-10-11,25.3,15.4,16.63,8.962796,21.5,8.67,False
2018-10-12,24.8,14.3,16.474731,8.881935,21.4,8.325269,False
2018-10-13,25.9,15.5,16.295591,8.785161,21.2,9.604409,False
2018-10-14,25.6,15.1,16.107204,8.662473,21.1,9.492796,False
2018-10-15,25.9,14.4,15.919247,8.534409,20.9,9.980753,False
2018-10-16,24.3,12.0,15.740753,8.407742,20.6,8.559247,False
2018-10-17,21.0,9.7,15.565699,8.274086,20.4,5.434301,False
2018-10-18,19.9,11.1,15.401935,8.144624,20.2,4.498065,False
2018-10-19,18.3,8.9,15.272473,8.071398,20.01,3.027527,False
2018-10-20,17.3,7.0,15.124731,7.952903,19.9,2.175269,False
2018-10-21,18.5,3.4,14.97957,7.832688,19.8,3.52043,False
2018-10-22,14.4,7.4,14.816774,7.714086,19.61,-0.416774,False
2018-10-23,17.0,3.3,14.655591,7.613978,19.5,2.344409,False
2018-10-24,15.2,8.7,14.485376,7.494301,19.3,0.714624,False
2018-10-25,14.3,7.6,14.299462,7.35871,19.2,0.000538,False
2018-10-26,13.1,4.8,14.103011,7.229892,19.0,-1.003011,False
2018-10-27,9.0,1.8,13.913333,7.078172,18.7,-4.913333,False
2018-10-28,7.3,3.6,13.718172,6.957634,18.5,-6.418172,False
2018-10-29,5.5,3.7,13.52828,6.848065,18.2,-8.02828,False
2018-10-30,10.1,2.6,13.336989,6.734301,18.0,-3.236989,False
2018-10-31,11.4,3.0,13.151183,6.633118,17.9,-1.751183,False
2018-11-01,11.9,8.6,12.946882,6.535054,17.61,-1.046882,False
2018-11-02,11.9,1.0,12.756237,6.433226,17.5,-0.856237,False
2018-11-03,11.2,-1.0,12.572043,6.332688,17.4,-1.372043,False
2018-11-04,12.4,1.7,12.382796,6.217312,17.2,0.017204,False
2018-11-05,18.1,8.2,12.198387,6.069032,17.1,5.901613,False
2018-11-06,18.3,9.6,12.006022,5.931935,16.8,6.293978,False
2018-11-07,12.8,9.5,11.81914,5.79871,16.6,0.98086,False
2018-11-08,12.0,4.4,11.640968,5.681075,16.4,0.359032,False
2018-11-09,14.4,4.9,11.469462,5.537742,16.31,2.930538,False
2018-11-10,12.9,10.8,11.299892,5.417634,16.2,1.600108,False
2018-11-11,12.9,10.8,11.116022,5.307312,15.9,1.783978,False
2018-11-12,11.2,9.6,10.936774,5.192688,15.7,0.263226,False
2018-11-13,14.3,4.7,10.768817,5.09086,15.5,3.531183,False
2018-11-14,13.9,3.7,10.613226,4.978602,15.5,3.286774,False
2018-11-15,10.3,6.8,10.43129,4.863871,15.1,-0.13129,False
2018-11-16,7.7,4.9,10.242903,4.78043,14.8,-2.542903,False
2018-11-17,7.5,1.3,10.076344,4.677742,14.61,-2.576344,False
2018-11-18,7.8,1.2,9.912366,4.582258,14.41,-2.112366,False
2018-11-19,5.5,-0.9,9.72828,4.446559,14.21,-4.22828,False
2018-11-20,3.0,0.2,9.57043,4.348925,14.1,-6.57043,False
2018-11-21,4.7,-3.6,9.421075,4.254409,13.91,-4.721075,False
2018-11-22,4.5,-0.1,9.283226,4.150538,13.8,-4.783226,False
2018-11-23,6.9,1.3,9.15828,4.035161,13.7,-2.25828,False
2018-11-24,9.2,4.8,9.005806,3.926559,13.6,0.194194,False
2018-11-25,8.3,4.7,8.851505,3.8,13.5,-0.551505,False
2018-11-26,5.9,5.1,8.723656,3.690753,13.5,-2.823656,False
2018-11-27,7.9,3.8,8.586237,3.600108,13.4,-0.686237,False
2018-11-28,11.4,7.7,8.456882,3.495699,13.2,2.943118,False
2018-11-29,13.5,9.7,8.310215,3.371183,13.1,5.189785,False
2018-11-30,12.3,5.7,8.164301,3.247527,12.91,4.135699,False
2018-12-01,11.1,5.2,8.06957,3.152366,12.8,3.03043,False
2018-12-02,15.2,11.3,8.008387,3.062688,12.8,7.191613,False
2018-12-03,14.3,11.4,7.954409,3.026452,12.7,6.345591,False
2018-12-04,11.2,7.6,7.920645,2.998495,12.61,3.279355,False
2018-12-05,11.9,7.6,7.876452,2.963548,12.6,4.023548,False
2018-12-06,13.4,11.4,7.843226,2.947634,12.6,5.556774,False
2018-12-07,11.9,6.9,7.816237,2.966667,12.6,4.083763,False
2018-12-08,11.7,6.7,7.782366,2.971828,12.51,3.917634,False
2018-12-09,10.7,7.5,7.736667,2.953441,12.5,2.963333,False
2018-12-10,9.7,4.7,7.665484,2.918065,12.4,2.034516,False
2018-12-11,7.2,2.4,7.566237,2.812796,12.3,-0.366237,False
2018-12-12,4.7,-0.1,7.476559,2.733763,12.3,-2.776559,False
2018-12-13,2.9,-1.5,7.369355,2.642581,12.21,-4.469355,False
2018-12-14,1.5,-3.2,7.29086,2.527849,12.2,-5.79086,False
2018-12-15,2.0,-3.0,7.245161,2.492581,12.11,-5.245161,False
2018-12-16,7.0,2.8,7.203656,2.466882,12.1,-0.203656,False
2018-12-17,8.8,4.2,7.145269,2.414624,12.01,1.654731,False
2018-12-18,7.9,4.4,7.100215,2.372043,12.0,0.799785,False
2018-12-19,10.1,6.7,7.056022,2.313226,12.01,3.043978,False
2018-12-20,10.2,6.4,7.005376,2.260645,12.0,3.194624,False
2018-12-21,14.5,9.5,6.970753,2.22957,12.0,7.529247,False
2018-12-22,12.6,8.7,6.947527,2.212903,12.0,5.652473,False
2018-12-23,13.3,8.6,6.923226,2.220108,12.0,6.376774,False
2018-12-24,12.8,2.5,6.916129,2.240215,12.0,5.883871,False
2018-12-25,5.4,-1.4,6.95129,2.25828,12.1,-1.55129,False
2018-12-26,1.9,-3.0,6.977419,2.290753,12.1,-5.077419,False
2018-12-27,1.4,-2.6,6.982903,2.3,12.0,-5.582903,False
2018-12-28,-0.2,-2.1,6.98172,2.297634,12.0,-7.18172,False
2018-12-29,7.1,0.1,7.001613,2.315376,12.1,0.098387,False
2018-12-30,8.3,6.7,7.022796,2.333978,12.1,1.277204,False
2018-12-31,8.9,7.5,7.052903,2.354194,12.1,1.847097,False
2019-01-01,8.1,6.6,7.055161,2.352581,12.11,1.044839,False
2019-01-02,7.0,3.0,7.037742,2.345914,12.1,-0.037742,False
2019-01-03,5.8,1.1,7.003763,2.30871,12.1,-1.203763,False
2019-01-04,5.5,0.0,6.961183,2.287312,12.1,-1.461183,False
2019-01-05,5.3,1.9,6.928065,2.273226,12.1,-1.628065,False
2019-01-06,5.7,3.4,6.896344,2.22914,12.01,-1.196344,False
2019-01-07,7.6,3.2,6.845376,2.169677,12.0,0.754624,False
2019-01-08,8.7,4.3,6.791828,2.116237,11.9,1.908172,False
2019-01-09,5.7,1.8,6.744409,2.053548,11.8,-1.044409,False
2019-01-10,4.3,0.1,6.723548,1.996559,11.8,-2.423548,False
2019-01-11,7.4,2.4,6.705376,1.980753,11.8,0.694624,False
2019-01-12,8.7,4.9,6.706882,1.967097,11.8,1.993118,False
2019-01-13,11.1,8.3,6.735806,1.980108,11.8,4.364194,False
2019-01-14,9.8,5.5,6.731828,2.012473,11.8,3.068172,False
2019-01-15,8.1,5.5,6.702473,1.963011,11.8,1.397527,False
2019-01-16,7.0,1.1,6.692258,1.921398,11.8,0.307742,False
2019-01-17,7.3,-0.7,6.713978,1.919677,11.8,0.586022,False
2019-01-18,4.6,-2.2,6.707312,1.896882,11.8,-2.107312,False
2019-01-19,2.5,-2.7,6.710645,1.88086,11.8,-4.210645,False
2019-01-20,2.8,0.8,6.727742,1.89828,11.8,-3.927742,False
2019-01-21,1.9,-4.7,6.756989,1.903333,11.8,-4.856989,False
2019-01-22,1.7,-3.0,6.780108,1.892473,11.8,-5.080108,False
2019-01-23,1.9,-0.8,6.785376,1.837849,11.8,-4.885376,False
2019-01-24,1.9,-2.1,6.784409,1.797419,11.8,-4.884409,False
2019-01-25,6.7,0.3,6.764301,1.731183,11.8,-0.064301,False
2019-01-26,8.3,6.6,6.763226,1.680645,11.8,1.536774,False
2019-01-27,8.1,3.5,6.776667,1.662688,11.8,1.323333,False
2019-01-28,5.9,0.2,6.797742,1.637204,11.81,-0.897742,False
2019-01-29,4.1,-2.0,6.78172,1.586882,11.8,-2.68172,False
2019-01-30,2.8,0.0,6.797419,1.555806,11.9,-3.997419,False
2019-01-31,4.7,-2.6,6.843656,1.55086,12.01,-2.143656,False
2019-02-01,7.0,2.1,6.875699,1.543548,12.1,0.124301,False
2019-02-02,4.8,2.6,6.905699,1.543118,12.1,-2.105699,False
2019-02-03,5.6,-2.1,6.963871,1.522258,12.1,-1.363871,False
2019-02-04,2.9,-1.6,7.006667,1.487312,12.01,-4.106667,False
2019-02-05,6.1,0.6,7.066989,1.484839,12.1,-0.966989,False
2019-02-06,10.4,4.1,7.10086,1.480108,12.1,3.29914,False
2019-02-07,10.5,6.2,7.163656,1.468065,12.2,3.336344,False
2019-02-08,9.7,6.2,7.236022,1.485054,12.3,2.463978,False
2019-02-09,11.6,7.4,7.334301,1.514624,12.41,4.265699,False
2019-02-10,10.2,4.4,7.429247,1.58172,12.5,2.770753,False
2019-02-11,8.8,1.0,7.533763,1.634624,12.5,1.266237,False
2019-02-12,7.7,-1.8,7.62828,1.646022,12.6,0.07172,False
2019-02-13,8.7,-1.7,7.707634,1.679247,12.7,0.992366,False
2019-02-14,12.7,-1.5,7.798172,1.724301,12.7,4.901828,False
2019-02-15,14.9,-0.1,7.898817,1.787204,12.71,7.001183,False
2019-02-16,15.9,0.3,8.004409,1.824409,12.8,7.895591,False
2019-02-17,16.7,2.3,8.091828,1.841505,12.81,8.608172,False
2019-02-18,14.5,2.0,8.190215,1.883333,12.9,6.309785,False
2019-02-19,10.6,2.8,8.284946,1.938495,12.91,2.315054,False
2019-02-20,13.3,1.2,8.400645,1.971828,13.01,4.899355,False
2019-02-21,14.9,0.8,8.535914,2.007957,13.3,6.364086,False
2019-02-22,16.0,1.2,8.671828,2.083871,13.5,7.328172,False
2019-02-23,15.3,4.6,8.824946,2.174624,13.7,6.475054,False
2019-02-24,14.5,0.5,8.987742,2.239355,14.0,5.512258,False
2019-02-25,16.4,1.3,9.132581,2.320538,14.21,7.267419,False
2019-02-26,18.0,1.7,9.271935,2.396129,14.5,8.728065,False
2019-02-27,20.0,1.0,9.414946,2.456559,14.6,10.585054,False
2019-02-28,13.7,6.1,9.593333,2.553118,14.7,4.106667,False
2019-03-01,11.3,8.6,9.807527,2.66129,14.9,1.492473,False
2019-03-02,12.8,7.5,9.97172,2.782151,15.0,2.82828,False
2019-03-03,14.2,9.7,10.097419,2.878602,15.2,4.102581,False
2019-03-04,11.6,5.4,10.209247,2.969892,15.3,1.390753,False
2019-03-05,11.1,4.7,10.352903,3.037312,15.4,0.747097,False
2019-03-06,12.2,7.9,10.462366,3.131505,15.4,1.737634,False
2019-03-07,11.2,6.5,10.592151,3.216129,15.5,0.607849,False
2019-03-08,11.9,4.1,10.720645,3.25871,15.71,1.179355,False
2019-03-09,14.1,8.2,10.873871,3.353548,15.9,3.226129,False
2019-03-10,13.3,6.3,10.997527,3.437957,16.01,2.302473,False
2019-03-11,9.6,3.1,11.117312,3.483441,16.1,-1.517312,False
2019-03-12,11.9,3.2,11.214731,3.523548,16.4,0.685269,False
2019-03-13,10.7,4.1,11.341935,3.553763,16.4,-0.641935,False
2019-03-14,11.1,6.2,11.483656,3.61172,16.6,-0.383656,False
2019-03-15,13.2,10.7,11.615914,3.719462,16.7,1.584086,False
2019-03-16,13.9,9.1,11.770215,3.798387,16.9,2.129785,False
2019-03-17,9.1,3.9,11.958495,3.857419,17.01,-2.858495,False
2019-03-18,10.0,3.5,12.135484,3.941935,17.3,-2.135484,False
2019-03-19,11.4,0.8,12.272903,4.052258,17.51,-0.872903,False
2019-03-20,13.3,1.5,12.382903,4.135591,17.6,0.917097,False
2019-03-21,15.7,2.8,12.496022,4.197419,17.71,3.203978,False
2019-03-22,17.0,3.5,12.632796,4.253978,17.9,4.367204,False
2019-03-23,12.9,3.5,12.739032,4.322366,18.0,0.160968,False
2019-03-24,11.5,4.3,12.80914,4.356559,18.01,-1.30914,False
2019-03-25,11.5,2.4,12.904409,4.375914,18.2,-1.404409,False
2019-03-26,12.2,3.4,13.008925,4.415699,18.5,-0.808925,False
2019-03-27,12.6,2.9,13.093011,4.455054,18.6,-0.493011,False
2019-03-28,13.2,4.5,13.18129,4.505591,18.71,0.01871,False
2019-03-29,17.6,3.6,13.244946,4.558602,18.81,4.355054,False
2019-03-30,19.5,3.8,13.315914,4.612473,19.0,6.184086,False
2019-03-31,19.6,3.8,13.358925,4.642043,19.0,6.241075,False
2019-04-01,19.8,6.3,13.386022,4.653763,19.01,6.413978,False
2019-04-02,15.5,6.2,13.460645,4.670215,19.3,2.039355,False
2019-04-03,8.2,2.0,13.544731,4.709462,19.5,-5.344731,False
2019-04-04,11.1,0.2,13.648495,4.731075,19.6,-2.548495,False
2019-04-05,12.9,1.4,13.773118,4.790215,19.8,-0.873118,False
2019-04-06,16.3,4.4,13.961183,4.864731,20.0,2.338817,False
2019-04-07,14.8,6.7,14.142366,4.965484,20.3,0.657634,False
2019-04-08,15.9,6.2,14.286989,5.063226,20.4,1.613011,False
2019-04-09,13.6,7.3,14.443441,5.133763,20.5,-0.843441,False
2019-04-10,12.1,7.4,14.59,5.246129,20.6,-2.49,False
2019-04-11,13.1,3.3,14.709462,5.367742,20.6,-1.609462,False
2019-04-12,11.1,1.0,14.827097,5.487742,20.7,-3.727097,False
2019-04-13,9.3,0.1,14.918817,5.614409,20.81,-5.618817,False
2019-04-14,9.5,-1.4,15.01043,5.713011,21.11,-5.51043,False
2019-04-15,15.6,0.0,15.116129,5.794516,21.2,0.483871,False
2019-04-16,12.9,8.4,15.20871,5.90043,21.31,-2.30871,False
2019-04-17,18.2,4.3,15.274731,5.998387,21.6,2.925269,False
2019-04-18,23.0,9.4,15.348387,6.085376,21.82,7.651613,False
2019-04-19,23.9,9.6,15.444624,6.137957,22.01,8.455376,False
2019-04-20,24.6,11.2,15.574839,6.232473,22.2,9.025161,False
2019-04-21,23.5,9.2,15.71129,6.343871,22.6,7.78871,False
2019-04-22,23.7,9.8,15.854194,6.464409,22.71,7.845806,False
2019-04-23,20.4,10.4,15.991828,6.597742,22.81,4.408172,False
2019-04-24,15.5,9.7,16.122151,6.772581,22.91,-0.622151,False
2019-04-25,13.6,8.2,16.255806,6.926129,23.1,-2.655806,False
2019-04-26,15.5,5.0,16.359677,7.070323,23.1,-0.859677,False
2019-04-27,13.3,6.8,16.451613,7.200215,23.1,-3.151613,False
2019-04-28,11.8,6.0,16.569785,7.323011,23.2,-4.769785,False
2019-04-29,15.5,3.3,16.683118,7.444409,23.3,-1.183118,False
2019-04-30,17.0,6.0,16.799355,7.532151,23.3,0.200645,False
2019-05-01,17.1,5.7,16.935376,7.641183,23.31,0.164624,False
2019-05-02,13.9,8.5,17.072688,7.783548,23.5,-3.172688,False
2019-05-03,14.8,6.9,17.192903,7.897097,23.5,-2.392903,False
2019-05-04,8.8,3.5,17.302258,7.995269,23.61,-8.502258,False
2019-05-05,11.1,2.6,17.421613,8.13086,23.6,-6.321613,False
2019-05-06,12.4,0.3,17.53,8.267849,23.61,-5.13,False
2019-05-07,16.0,3.7,17.583978,8.377312,23.7,-1.583978,False
2019-05-08,15.5,9.8,17.656989,8.459892,23.7,-2.156989,False
2019-05-09,14.8,9.0,17.760968,8.590108,23.8,-2.960968,False
2019-05-10,15.8,7.7,17.879892,8.714731,24.1,-2.079892,False
2019-05-11,15.4,7.8,17.999785,8.806022,24.2,-2.599785,False
2019-05-12,14.4,4.6,18.142043,8.904731,24.3,-3.742043,False
2019-05-13,17.0,5.2,18.275699,9.007849,24.61,-1.275699,False
2019-05-14,18.0,6.4,18.429677,9.096344,24.7,-0.429677,False
2019-05-15,18.3,6.2,18.576237,9.216237,24.7,-0.276237,False
2019-05-16,17.2,5.1,18.686667,9.325484,24.7,-1.486667,False
2019-05-17,18.2,8.7,18.832688,9.405914,24.8,-0.632688,False
2019-05-18,17.5,10.0,18.98871,9.543548,24.9,-1.48871,False
2019-05-19,17.4,11.0,19.098065,9.65914,24.9,-1.698065,False
2019-05-20,17.1,10.5,19.20957,9.780968,24.9,-2.10957,False
2019-05-21,19.8,8.7,19.340538,9.899785,25.0,0.459462,False
2019-05-22,20.4,6.9,19.457849,10.029032,25.11,0.942151,False
2019-05-23,22.2,7.8,19.555699,10.152473,25.3,2.644301,False
2019-05-24,21.5,12.3,19.656452,10.234624,25.31,1.843548,False
2019-05-25,20.1,12.0,19.766022,10.300968,25.4,0.333978,False
2019-05-26,18.5,10.9,19.841505,10.382903,25.51,-1.341505,False
2019-05-27,20.2,12.0,19.933333,10.462258,25.7,0.266667,False
2019-05-28,15.7,9.7,20.014946,10.552151,25.7,-4.314946,False
2019-05-29,19.1,7.0,20.098065,10.640215,25.7,-0.998065,False
2019-05-30,20.1,13.8,20.24086,10.741505,25.71,-0.14086,False
2019-05-31,23.9,12.0,20.336559,10.893118,25.81,3.563441,False
2019-06-01,28.1,11.6,20.429355,10.999785,25.81,7.670645,False
2019-06-02,31.3,15.4,20.546237,11.08871,25.91,10.753763,False
2019-06-03,21.8,14.2,20.677097,11.206344,26.1,1.122903,False
2019-06-04,27.3,13.1,20.822581,11.326129,26.21,6.477419,False
2019-06-05,16.0,10.7,20.942796,11.438602,26.4,-4.942796,False
2019-06-06,18.6,9.9,21.027634,11.527312,26.41,-2.427634,False
2019-06-07,16.0,12.0,21.127634,11.601828,26.7,-5.127634,False
2019-06-08,18.3,11.1,21.202043,11.69172,26.9,-2.902043,False
2019-06-09,18.5,9.8,21.305376,11.751075,27.0,-2.805376,False
2019-06-10,16.6,9.3,21.379677,11.842151,27.1,-4.779677,False
2019-06-11,17.1,6.5,21.495376,11.932258,27.2,-4.395376,False
2019-06-12,16.0,9.4,21.602796,12.033118,27.3,-5.602796,False
2019-06-13,19.4,9.8,21.733441,12.136022,27.4,-2.333441,False
2019-06-14,21.7,11.0,21.834516,12.236667,27.5,-0.134516,False
2019-06-15,20.2,13.6,21.926129,12.311613,27.61,-1.726129,False
2019-06-16,21.6,12.6,22.062151,12.416452,28.1,-0.462151,False
2019-06-17,25.5,10.3,22.15086,12.537312,28.12,3.34914,False
2019-06-18,27.5,13.4,22.223871,12.597097,28.51,5.276129,False
2019-06-19,25.1,16.5,22.335699,12.675914,28.6,2.764301,False
2019-06-20,20.7,13.1,22.428172,12.774194,28.61,-1.728172,False
2019-06-21,21.1,10.4,22.504194,12.844946,28.7,-1.404194,False
2019-06-22,23.9,11.4,22.574409,12.888387,28.71,1.325591,False
2019-06-23,28.1,14.2,22.633333,12.929462,28.8,5.466667,False
2019-06-24,29.5,18.5,22.706129,12.993978,28.8,6.793871,True
2019-06-25,31.3,19.8,22.772903,13.053011,28.9,8.527097,True
2019-06-26,33.2,19.5,22.852258,13.122581,28.91,10.347742,True
2019-06-27,31.4,19.6,22.920645,13.188172,28.91,8.479355,True
2019-06-28,31.8,17.5,23.023011,13.255484,29.01,8.776989,True
2019-06-29,35.1,16.9,23.11,13.338172,29.1,11.99,True
2019-06-30,26.1,18.2,23.213226,13.40172,29.4,2.886774,False
2019-07-01,23.6,14.3,23.345914,13.453978,29.4,0.254086,False
2019-07-02,24.9,11.0,23.444194,13.534731,29.5,1.455806,False
2019-07-03,25.0,13.3,23.538925,13.616559,29.61,1.461075,False
2019-07-04,27.4,12.8,23.630753,13.692258,29.71,3.769247,False
2019-07-05,30.4,12.7,23.709032,13.773763,29.8,6.690968,False
2019-07-06,31.2,15.8,23.797204,13.825484,29.8,7.402796,False
2019-07-07,26.7,14.6,23.9,13.868817,29.9,2.8,False
2019-07-08,23.5,13.9,24.007312,13.954301,29.9,-0.507312,False
2019-07-09,24.2,10.7,24.111183,14.031398,29.9,0.088817,False
2019-07-10,27.1,12.3,24.169247,14.104409,30.0,2.930753,False
2019-07-11,28.9,17.0,24.231183,14.15957,30.0,4.668817,False
2019-07-12,25.5,14.9,24.265269,14.217527,30.01,1.234731,False
2019-07-13,24.9,13.1,24.302151,14.260753,30.0,0.597849,False
2019-07-14,21.7,13.0,24.350215,14.277634,29.9,-2.650215,False
2019-07-15,23.9,11.8,24.384516,14.312258,30.0,-0.484516,False
2019-07-16,25.8,10.4,24.453441,14.343118,30.0,1.346559,False
2019-07-17,28.0,11.5,24.514194,14.354409,30.0,3.485806,False
2019-07-18,26.7,14.4,24.582473,14.373226,30.01,2.117527,False
2019-07-19,27.0,16.9,24.637849,14.422366,30.1,2.362151,False
2019-07-20,27.7,17.2,24.704516,14.45,30.21,2.995484,False
2019-07-21,27.1,15.6,24.806344,14.46871,30.3,2.293656,False
2019-07-22,31.4,14.3,24.897312,14.503226,30.4,6.502688,True
2019-07-23,37.2,17.3,24.99086,14.548065,30.5,12.20914,True
2019-07-24,38.0,21.7,25.045591,14.602473,30.51,12.954409,True
2019-07-25,41.0,22.4,25.092581,14.634731,30.6,15.907419,True
2019-07-26,28.2,17.8,25.128495,14.647419,30.6,3.071505,False
2019-07-27,21.4,15.7,25.173978,14.642796,30.7,-3.773978,False
2019-07-28,23.6,13.9,25.224731,14.662258,30.81,-1.624731,False
2019-07-29,27.4,11.0,25.235376,14.670968,30.9,2.164624,False
2019-07-30,23.7,16.1,25.253226,14.672258,30.81,-1.553226,False
2019-07-31,23.2,14.4,25.243441,14.678065,30.7,-2.043441,False
2019-08-01,25.6,13.8,25.238065,14.645591,30.61,0.361935,False
2019-08-02,27.2,15.4,25.218495,14.64,30.61,1.981505,False
2019-08-03,25.1,13.5,25.202366,14.620968,30.6,-0.102366,False
2019-08-04,29.2,13.9,25.174516,14.594301,30.51,4.025484,False
2019-08-05,26.6,16.1,25.139462,14.555806,30.5,1.460538,False
2019-08-06,22.3,17.4,25.125914,14.54,30.5,-2.825914,False
2019-08-07,25.0,15.5,25.102151,14.533226,30.4,-0.102151,False
2019-08-08,28.6,13.7,25.063763,14.508387,30.41,3.536237,False
2019-08-09,24.7,20.2,25.004086,14.477204,30.41,-0.304086,False
2019-08-10,25.1,16.6,24.966667,14.451613,30.41,0.133333,False
2019-08-11,21.9,12.5,24.933441,14.419462,30.41,-3.033441,False
2019-08-12,20.9,12.0,24.863333,14.384194,30.4,-3.963333,False
2019-08-13,19.9,9.8,24.782581,14.321828,30.3,-4.882581,False
2019-08-14,23.4,11.3,24.663763,14.256022,30.3,-1.263763,False
2019-08-15,22.6,14.5,24.586344,14.17043,30.21,-1.986344,False
2019-08-16,24.8,10.9,24.489355,14.101935,30.11,0.310645,False
2019-08-17,20.2,16.5,24.344946,14.012688,30.0,-4.144946,False
2019-08-18,21.8,15.1,24.227527,13.906774,29.9,-2.427527,False
2019-08-19,22.4,12.7,24.130215,13.803333,29.7,-1.730215,False
2019-08-20,22.2,11.3,24.021613,13.728172,29.7,-1.821613,False
2019-08-21,23.8,9.1,23.875054,13.655806,29.5,-0.075054,False
2019-08-22,26.0,10.6,23.727204,13.571613,29.4,2.272796,False
2019-08-23,28.1,11.9,23.581505,13.477312,29.21,4.518495,False
2019-08-24,30.4,13.1,23.481398,13.365484,29.01,6.918602,True
2019-08-25,31.6,14.8,23.399462,13.274624,29.0,8.200538,True
2019-08-26,32.3,15.5,23.32828,13.209677,29.0,8.97172,True
2019-08-27,32.4,16.4,23.22043,13.144516,28.9,9.17957,True
2019-08-28,28.3,17.7,23.091398,13.070215,28.71,5.208602,False
2019-08-29,24.5,14.7,22.978387,12.98043,28.7,1.521613,False
2019-08-30,27.3,10.4,22.863333,12.891183,28.7,4.436667,False
2019-08-31,30.3,14.5,22.728172,12.79172,28.6,7.571828,False
2019-09-01,22.1,12.4,22.589785,12.684946,28.5,-0.489785,False
2019-09-02,22.2,8.6,22.452151,12.555054,28.3,-0.252151,False
2019-09-03,23.1,8.8,22.296344,12.429247,28.21,0.803656,False
2019-09-04,24.2,10.6,22.149032,12.315376,28.11,2.050968,False
2019-09-05,18.6,9.5,22.034731,12.199462,27.8,-3.434731,False
2019-09-06,21.0,4.7,21.915699,12.065269,27.6,-0.915699,False
2019-09-07,19.1,12.1,21.757312,11.956129,27.3,-2.657312,False
2019-09-08,18.1,8.6,21.62043,11.842473,27.2,-3.52043,False
2019-09-09,18.8,6.6,21.474839,11.735699,26.9,-2.674839,False
2019-09-10,22.0,8.4,21.303763,11.608387,26.71,0.696237,False
2019-09-11,24.1,10.3,21.136989,11.472796,26.41,2.963011,False
2019-09-12,23.1,16.0,21.013656,11.338065,26.3,2.086344,False
2019-09-13,23.6,13.6,20.902903,11.246022,26.2,2.697097,False
2019-09-14,26.1,14.2,20.814409,11.186667,26.1,5.285591,False
2019-09-15,27.5,10.8,20.701183,11.113118,26.1,6.798817,False
2019-09-16,26.8,10.9,20.568817,11.063118,25.91,6.231183,False
2019-09-17,22.2,12.7,20.457957,11.020645,25.9,1.742043,False
2019-09-18,19.7,9.0,20.314839,10.952043,25.8,-0.614839,False
2019-09-19,20.1,9.2,20.143656,10.876989,25.6,-0.043656,False
2019-09-20,23.7,8.3,19.958602,10.774839,25.31,3.741398,False
2019-09-21,28.1,10.6,19.803978,10.674624,25.1,8.296022,False
2019-09-22,21.7,14.3,19.644516,10.58043,24.9,2.055484,False
2019-09-23,20.8,13.5,19.49828,10.498387,24.8,1.30172,False
2019-09-24,18.9,14.6,19.35,10.436022,24.7,-0.45,False
2019-09-25,19.3,13.7,19.185054,10.354946,24.5,0.114946,False
2019-09-26,20.4,15.9,19.026559,10.284409,24.1,1.373441,False
2019-09-27,19.6,13.7,18.878172,10.192688,23.7,0.721828,False
2019-09-28,19.3,13.3,18.753333,10.081935,23.7,0.546667,False
2019-09-29,19.7,13.3,18.627419,9.990968,23.7,1.072581,False
2019-09-30,19.0,11.8,18.475806,9.889355,23.51,0.524194,False
2019-10-01,20.4,14.1,18.327634,9.786129,23.3,2.072366,False
2019-10-02,15.3,5.6,18.149677,9.694946,23.11,-2.849677,False
2019-10-03,12.8,2.3,17.984946,9.58086,23.1,-5.184946,False
2019-10-04,16.2,10.5,17.818172,9.491398,23.0,-1.618172,False
2019-10-05,16.9,13.3,17.633441,9.413226,22.8,-0.733441,False
2019-10-06,17.5,12.0,17.453441,9.33,22.6,0.046559,False
2019-10-07,16.5,11.1,17.257419,9.264409,22.4,-0.757419,False
2019-10-08,15.2,11.7,17.095591,9.181935,22.21,-1.895591,False
2019-10-09,15.6,10.8,16.909892,9.105054,21.9,-1.309892,False
2019-10-10,17.4,10.9,16.763011,9.038495,21.6,0.636989,False
2019-10-11,19.6,11.0,16.63,8.962796,21.5,2.97,False
2019-10-12,20.1,11.5,16.474731,8.881935,21.4,3.625269,False
2019-10-13,24.3,14.0,16.295591,8.785161,21.2,8.004409,False
2019-10-14,23.6,13.5,16.107204,8.662473,21.1,7.492796,False
2019-10-15,15.4,11.4,15.919247,8.534409,20.9,-0.519247,False
2019-10-16,15.9,11.7,15.740753,8.407742,20.6,0.159247,False
2019-10-17,17.1,12.4,15.565699,8.274086,20.4,1.534301,False
2019-10-18,16.1,11.5,15.401935,8.144624,20.2,0.698065,False
2019-10-19,14.2,11.2,15.272473,8.071398,20.01,-1.072473,False
2019-10-20,11.7,10.7,15.124731,7.952903,19.9,-3.424731,False
2019-10-21,14.2,6.5,14.97957,7.832688,19.8,-0.77957,False
2019-10-22,12.9,5.7,14.816774,7.714086,19.61,-1.916774,False
2019-10-23,14.8,10.4,14.655591,7.613978,19.5,0.144409,False
2019-10-24,16.5,11.8,14.485376,7.494301,19.3,2.014624,False
2019-10-25,16.6,9.9,14.299462,7.35871,19.2,2.300538,False
2019-10-26,19.8,10.5,14.103011,7.229892,19.0,5.696989,False
2019-10-27,14.4,8.5,13.913333,7.078172,18.7,0.486667,False
2019-10-28,10.5,6.8,13.718172,6.957634,18.5,-3.218172,False
2019-10-29,10.0,7.3,13.52828,6.848065,18.2,-3.52828,False
2019-10-30,9.4,7.5,13.336989,6.734301,18.0,-3.936989,False
2019-10-31,11.5,8.6,13.151183,6.633118,17.9,-1.651183,False
2019-11-01,16.1,9.4,12.946882,6.535054,17.61,3.153118,False
2019-11-02,15.5,10.6,12.756237,6.433226,17.5,2.743763,False
2019-11-03,12.2,10.4,12.572043,6.332688,17.4,-0.372043,False
2019-11-04,13.6,8.5,12.382796,6.217312,17.2,1.217204,False
2019-11-05,12.0,7.9,12.198387,6.069032,17.1,-0.198387,False
2019-11-06,12.1,8.2,12.006022,5.931935,16.8,0.093978,False
2019-11-07,10.3,4.8,11.81914,5.79871,16.6,-1.51914,False
2019-11-08,9.3,3.9,11.640968,5.681075,16.4,-2.340968,False
2019-11-09,8.5,3.1,11.469462,5.537742,16.31,-2.969462,False
2019-11-10,7.7,4.7,11.299892,5.417634,16.2,-3.599892,False
2019-11-11,8.7,4.0,11.116022,5.307312,15.9,-2.416022,False
2019-11-12,8.3,2.8,10.936774,5.192688,15.7,-2.636774,False
2019-11-13,9.5,3.9,10.768817,5.09086,15.5,-1.268817,False
2019-11-14,7.2,4.5,10.613226,4.978602,15.5,-3.413226,False
2019-11-15,5.0,1.3,10.43129,4.863871,15.1,-5.43129,False
2019-11-16,6.4,3.2,10.242903,4.78043,14.8,-3.842903,False
2019-11-17,7.4,3.3,10.076344,4.677742,14.61,-2.676344,False
2019-11-18,7.7,3.1,9.912366,4.582258,14.41,-2.212366,False
2019-11-19,8.1,0.6,9.72828,4.446559,14.21,-1.62828,False
2019-11-20,6.2,-1.0,9.57043,4.348925,14.1,-3.37043,False
2019-11-21,9.6,-0.1,9.421075,4.254409,13.91,0.178925,False
2019-11-22,11.6,4.8,9.283226,4.150538,13.8,2.316774,False
2019-11-23,10.2,7.4,9.15828,4.035161,13.7,1.04172,False
2019-11-24,10.3,6.1,9.005806,3.926559,13.6,1.294194,False
2019-11-25,11.0,7.4,8.851505,3.8,13.5,2.148495,False
2019-11-26,12.5,10.3,8.723656,3.690753,13.5,3.776344,False
2019-11-27,12.2,10.0,8.586237,3.600108,13.4,3.613763,False
2019-11-28,11.7,9.3,8.456882,3.495699,13.2,3.243118,False
2019-11-29,9.7,5.9,8.310215,3.371183,13.1,1.389785,False
2019-11-30,7.7,3.9,8.164301,3.247527,12.91,-0.464301,False
2019-12-01,4.4,2.0,8.06957,3.152366,12.8,-3.66957,False
2019-12-02,6.1,-0.6,8.008387,3.062688,12.8,-1.908387,False
2019-12-03,5.1,0.3,7.954409,3.026452,12.7,-2.854409,False
2019-12-04,3.6,-2.3,7.920645,2.998495,12.61,-4.320645,False
2019-12-05,0.3,-3.7,7.876452,2.963548,12.6,-7.576452,False
2019-12-06,9.5,-0.4,7.843226,2.947634,12.6,1.656774,False
2019-12-07,10.8,7.9,7.816237,2.966667,12.6,2.983763,False
2019-12-08,11.8,7.4,7.782366,2.971828,12.51,4.017634,False
2019-12-09,9.1,2.2,7.736667,2.953441,12.5,1.363333,False
2019-12-10,7.2,-0.6,7.665484,2.918065,12.4,-0.465484,False
2019-12-11,7.8,4.7,7.566237,2.812796,12.3,0.233763,False
2019-12-12,8.0,2.0,7.476559,2.733763,12.3,0.523441,False
2019-12-13,8.4,6.3,7.369355,2.642581,12.21,1.030645,False
2019-12-14,11.0,7.8,7.29086,2.527849,12.2,3.70914,False
2019-12-15,10.9,7.6,7.245161,2.492581,12.11,3.654839,False
2019-12-16,10.6,7.9,7.203656,2.466882,12.1,3.396344,False
2019-12-17,14.6,7.4,7.145269,2.414624,12.01,7.454731,False
2019-12-18,10.3,3.9,7.100215,2.372043,12.0,3.199785,False
2019-12-19,14.3,9.8,7.056022,2.313226,12.01,7.243978,False
2019-12-20,12.5,7.5,7.005376,2.260645,12.0,5.494624,False
2019-12-21,10.4,6.8,6.970753,2.22957,12.0,3.429247,False
2019-12-22,10.1,7.4,6.947527,2.212903,12.0,3.152473,False
2019-12-23,10.5,7.4,6.923226,2.220108,12.0,3.576774,False
2019-12-24,12.4,7.6,6.916129,2.240215,12.0,5.483871,False
2019-12-25,10.6,3.9,6.95129,2.25828,12.1,3.64871,False
2019-12-26,10.5,2.8,6.977419,2.290753,12.1,3.522581,False
2019-12-27,10.9,7.9,6.982903,2.3,12.0,3.917097,False
2019-12-28,8.2,1.3,6.98172,2.297634,12.0,1.21828,False
2019-12-29,4.9,-1.1,7.001613,2.315376,12.1,-2.101613,False
2019-12-30,7.1,-1.9,7.022796,2.333978,12.1,0.077204,False
2019-12-31,4.4,-2.5,7.052903,2.354194,12.1,-2.652903,False
2020-01-01,5.2,-0.2,7.055161,2.352581,12.11,-1.855161,False
2020-01-02,8.9,5.2,7.037742,2.345914,12.1,1.862258,False
2020-01-03,11.0,7.6,7.003763,2.30871,12.1,3.996237,False
2020-01-04,8.7,1.9,6.961183,2.287312,12.1,1.738817,False
2020-01-05,8.6,4.4,6.928065,2.273226,12.1,1.671935,False
2020-01-06,7.9,-0.5,6.896344,2.22914,12.01,1.003656,False
2020-01-07,10.2,6.2,6.845376,2.169677,12.0,3.354624,False
2020-01-08,12.1,10.5,6.791828,2.116237,11.9,5.308172,False
2020-01-09,12.2,10.1,6.744409,2.053548,11.8,5.455591,False
2020-01-10,9.7,4.5,6.723548,1.996559,11.8,2.976452,False
2020-01-11,8.0,2.5,6.705376,1.980753,11.8,1.294624,False
2020-01-12,8.9,2.9,6.706882,1.967097,11.8,2.193118,False
2020-01-13,9.8,6.2,6.735806,1.980108,11.8,3.064194,False
2020-01-14,10.8,8.6,6.731828,2.012473,11.8,4.068172,False
2020-01-15,11.9,5.4,6.702473,1.963011,11.8,5.197527,False
2020-01-16,14.1,4.0,6.692258,1.921398,11.8,7.407742,False
2020-01-17,10.6,4.0,6.713978,1.919677,11.8,3.886022,False
2020-01-18,8.5,1.4,6.707312,1.896882,11.8,1.792688,False
2020-01-19,6.6,-0.1,6.710645,1.88086,11.8,-0.110645,False
2020-01-20,5.6,0.4,6.727742,1.89828,11.8,-1.127742,False
2020-01-21,4.6,-2.1,6.756989,1.903333,11.8,-2.156989,False
2020-01-22,2.8,-3.2,6.780108,1.892473,11.8,-3.980108,False
2020-01-23,2.8,-1.6,6.785376,1.837849,11.8,-3.985376,False
2020-01-24,4.2,-2.7,6.784409,1.797419,11.8,-2.584409,False
2020-01-25,5.3,-0.2,6.764301,1.731183,11.8,-1.464301,False
2020-01-26,9.0,1.5,6.763226,1.680645,11.8,2.236774,False
2020-01-27,8.8,7.7,6.776667,1.662688,11.8,2.023333,False
2020-01-28,7.5,4.5,6.797742,1.637204,11.81,0.702258,False
2020-01-29,9.4,3.5,6.78172,1.586882,11.8,2.61828,False
2020-01-30,12.6,3.5,6.797419,1.555806,11.9,5.802581,False
2020-01-31,13.2,11.5,6.843656,1.55086,12.01,6.356344,False
2020-02-01,14.0,10.9,6.875699,1.543548,12.1,7.124301,False
2020-02-02,15.6,10.8,6.905699,1.543118,12.1,8.694301,False
2020-02-03,13.7,6.7,6.963871,1.522258,12.1,6.736129,False
2020-02-04,8.5,5.4,7.006667,1.487312,12.01,1.493333,False
2020-02-05,8.4,2.0,7.066989,1.484839,12.1,1.333011,False
2020-02-06,9.4,-0.6,7.10086,1.480108,12.1,2.29914,False
2020-02-07,10.8,-0.2,7.163656,1.468065,12.2,3.636344,False
2020-02-08,9.9,7.2,7.236022,1.485054,12.3,2.663978,False
2020-02-09,13.2,7.3,7.334301,1.514624,12.41,5.865699,False
2020-02-10,12.7,7.4,7.429247,1.58172,12.5,5.270753,False
2020-02-11,8.5,3.7,7.533763,1.634624,12.5,0.966237,False
2020-02-12,9.2,3.4,7.62828,1.646022,12.6,1.57172,False
2020-02-13,11.4,5.3,7.707634,1.679247,12.7,3.692366,False
2020-02-14,11.9,7.1,7.798172,1.724301,12.7,4.101828,False
2020-02-15,13.4,6.3,7.898817,1.787204,12.71,5.501183,False
2020-02-16,16.9,8.0,8.004409,1.824409,12.8,8.895591,False
2020-02-17,11.8,5.6,8.091828,1.841505,12.81,3.708172,False
2020-02-18,10.5,3.3,8.190215,1.883333,12.9,2.309785,False
2020-02-19,9.3,4.4,8.284946,1.938495,12.91,1.015054,False
2020-02-20,11.0,4.1,8.400645,1.971828,13.01,2.599355,False
2020-02-21,9.8,1.5,8.535914,2.007957,13.3,1.264086,False
2020-02-22,12.3,3.7,8.671828,2.083871,13.5,3.628172,False
2020-02-23,12.9,9.7,8.824946,2.174624,13.7,4.075054,False
2020-02-24,12.5,9.6,8.987742,2.239355,14.0,3.512258,False
2020-02-25,10.0,4.1,9.132581,2.320538,14.21,0.867419,False
2020-02-26,7.0,2.1,9.271935,2.396129,14.5,-2.271935,False
2020-02-27,11.1,2.5,9.414946,2.456559,14.6,1.685054,False
2020-02-28,10.6,0.5,9.593333,2.553118,14.7,1.006667,False
2020-02-29,11.5,6.4,9.70043,2.607204,14.8,1.79957,False
2020-03-01,8.6,3.6,9.807527,2.66129,14.9,-1.207527,False
2020-03-02,8.2,3.3,9.97172,2.782151,15.0,-1.77172,False
2020-03-03,8.1,2.1,10.097419,2.878602,15.2,-1.997419,False
2020-03-04,7.9,2.2,10.209247,2.969892,15.3,-2.309247,False
2020-03-05,11.5,5.6,10.352903,3.037312,15.4,1.147097,False
2020-03-06,9.2,3.0,10.462366,3.131505,15.4,-1.262366,False
2020-03-07,10.6,1.0,10.592151,3.216129,15.5,0.007849,False
2020-03-08,10.5,6.1,10.720645,3.25871,15.71,-0.220645,False
2020-03-09,11.3,4.7,10.873871,3.353548,15.9,0.426129,False
2020-03-10,14.3,7.1,10.997527,3.437957,16.01,3.302473,False
2020-03-11,16.0,11.7,11.117312,3.483441,16.1,4.882688,False
2020-03-12,12.4,5.7,11.214731,3.523548,16.4,1.185269,False
2020-03-13,11.5,3.4,11.341935,3.553763,16.4,0.158065,False
2020-03-14,11.4,4.8,11.483656,3.61172,16.6,-0.083656,False
2020-03-15,16.4,7.0,11.615914,3.719462,16.7,4.784086,False
2020-03-16,11.5,6.0,11.770215,3.798387,16.9,-0.270215,False
2020-03-17,15.0,7.7,11.958495,3.857419,17.01,3.041505,False
2020-03-18,16.6,9.1,12.135484,3.941935,17.3,4.464516,False
2020-03-19,19.3,6.8,12.272903,4.052258,17.51,7.027097,False
2020-03-20,15.2,7.2,12.382903,4.135591,17.6,2.817097,False
2020-03-21,8.1,6.2,12.496022,4.197419,17.71,-4.396022,False
2020-03-22,10.6,4.7,12.632796,4.253978,17.9,-2.032796,False
2020-03-23,11.5,0.4,12.739032,4.322366,18.0,-1.239032,False
2020-03-24,12.6,-0.6,12.80914,4.356559,18.01,-0.20914,False
2020-03-25,11.8,-1.0,12.904409,4.375914,18.2,-1.104409,False
2020-03-26,10.6,1.2,13.008925,4.415699,18.5,-2.408925,False
2020-03-27,13.0,0.8,13.093011,4.455054,18.6,-0.093011,False
2020-03-28,16.0,2.2,13.18129,4.505591,18.71,2.81871,False
2020-03-29,8.0,3.1,13.244946,4.558602,18.81,-5.244946,False
2020-03-30,9.1,-0.4,13.315914,4.612473,19.0,-4.215914,False
2020-03-31,11.3,1.3,13.358925,4.642043,19.0,-2.058925,False
2020-04-01,12.2,-0.4,13.386022,4.653763,19.01,-1.186022,False
2020-04-02,9.8,-0.4,13.460645,4.670215,19.3,-3.660645,False
2020-04-03,13.5,5.2,13.544731,4.709462,19.5,-0.044731,False
2020-04-04,16.9,2.2,13.648495,4.731075,19.6,3.251505,False
2020-04-05,22.2,3.7,13.773118,4.790215,19.8,8.426882,False
2020-04-06,14.9,8.9,13.961183,4.864731,20.0,0.938817,False
2020-04-07,22.0,9.9,14.142366,4.965484,20.3,7.857634,False
2020-04-08,23.8,7.5,14.286989,5.063226,20.4,9.513011,False
2020-04-09,24.6,9.8,14.443441,5.133763,20.5,10.156559,False
2020-04-10,24.3,8.5,14.59,5.246129,20.6,9.71,False
2020-04-11,24.5,9.1,14.709462,5.367742,20.6,9.790538,False
2020-04-12,23.7,8.9,14.827097,5.487742,20.7,8.872903,False
2020-04-13,16.3,6.5,14.918817,5.614409,20.81,1.381183,False
2020-04-14,13.0,2.0,15.01043,5.713011,21.11,-2.01043,False
2020-04-15,19.0,2.6,15.116129,5.794516,21.2,3.883871,False
2020-04-16,22.6,8.2,15.20871,5.90043,21.31,7.39129,False
2020-04-17,22.9,11.4,15.274731,5.998387,21.6,7.625269,False
2020-04-18,21.0,12.7,15.348387,6.085376,21.82,5.651613,False
2020-04-19,19.1,10.5,15.444624,6.137957,22.01,3.655376,False
2020-04-20,20.2,10.4,15.574839,6.232473,22.2,4.625161,False
2020-04-21,19.3,9.8,15.71129,6.343871,22.6,3.58871,False
2020-04-22,22.0,9.0,15.854194,6.464409,22.71,6.145806,False
2020-04-23,24.6,6.7,15.991828,6.597742,22.81,8.608172,False
2020-04-24,22.7,9.6,16.122151,6.772581,22.91,6.577849,False
2020-04-25,19.4,10.6,16.255806,6.926129,23.1,3.144194,False
2020-04-26,20.1,5.8,16.359677,7.070323,23.1,3.740323,False
2020-04-27,23.2,8.0,16.451613,7.200215,23.1,6.748387,False
2020-04-28,17.4,11.7,16.569785,7.323011,23.2,0.830215,False
2020-04-29,15.9,10.1,16.683118,7.444409,23.3,-0.783118,False
2020-04-30,14.5,8.4,16.799355,7.532151,23.3,-2.299355,False
2020-05-01,15.6,8.6,16.935376,7.641183,23.31,-1.335376,False
2020-05-02,16.3,6.6,17.072688,7.783548,23.5,-0.772688,False
2020-05-03,19.7,8.1,17.192903,7.897097,23.5,2.507097,False
2020-05-04,18.9,9.7,17.302258,7.995269,23.61,1.597742,False
2020-05-05,14.1,10.0,17.421613,8.13086,23.6,-3.321613,False
2020-05-06,19.8,9.1,17.53,8.267849,23.61,2.27,False
2020-05-07,21.0,5.1,17.583978,8.377312,23.7,3.416022,False
2020-05-08,22.5,7.1,17.656989,8.459892,23.7,4.843011,False
2020-05-09,21.8,14.0,17.760968,8.590108,23.8,4.039032,False
2020-05-10,21.3,12.0,17.879892,8.714731,24.1,3.420108,False
2020-05-11,13.0,6.5,17.999785,8.806022,24.2,-4.999785,False
2020-05-12,13.5,3.6,18.142043,8.904731,24.3,-4.642043,False
2020-05-13,15.1,4.7,18.275699,9.007849,24.61,-3.175699,False
2020-05-14,15.2,5.5,18.429677,9.096344,24.7,-3.229677,False
2020-05-15,17.2,5.3,18.576237,9.216237,24.7,-1.376237,False
2020-05-16,18.8,4.5,18.686667,9.325484,24.7,0.113333,False
2020-05-17,20.0,5.6,18.832688,9.405914,24.8,1.167312,False
2020-05-18,22.7,7.6,18.98871,9.543548,24.9,3.71129,False
2020-05-19,23.6,6.5,19.098065,9.65914,24.9,4.501935,False
2020-05-20,26.6,11.0,19.20957,9.780968,24.9,7.39043,False
2020-05-21,28.4,12.5,19.340538,9.899785,25.0,9.059462,False
2020-05-22,24.3,16.4,19.457849,10.029032,25.11,4.842151,False
2020-05-23,19.3,11.5,19.555699,10.152473,25.3,-0.255699,False
2020-05-24,19.2,8.2,19.656452,10.234624,25.31,-0.456452,False
2020-05-25,22.7,8.1,19.766022,10.300968,25.4,2.933978,False
2020-05-26,24.7,10.6,19.841505,10.382903,25.51,4.858495,False
2020-05-27,25.2,12.1,19.933333,10.462258,25.7,5.266667,False
2020-05-28,24.1,11.2,20.014946,10.552151,25.7,4.085054,False
2020-05-29,24.0,11.2,20.098065,10.640215,25.7,3.901935,False
2020-05-30,24.3,9.4,20.24086,10.741505,25.71,4.05914,False
2020-05-31,23.7,11.3,20.336559,10.893118,25.81,3.363441,False
2020-06-01,26.0,11.1,20.429355,10.999785,25.81,5.570645,False
2020-06-02,28.6,12.4,20.546237,11.08871,25.91,8.053763,False
2020-06-03,24.5,14.7,20.677097,11.206344,26.1,3.822903,False
2020-06-04,16.6,11.5,20.822581,11.326129,26.21,-4.222581,False
2020-06-05,16.5,10.8,20.942796,11.438602,26.4,-4.442796,False
2020-06-06,17.6,9.7,21.027634,11.527312,26.41,-3.427634,False
2020-06-07,18.3,8.1,21.127634,11.601828,26.7,-2.827634,False
2020-06-08,17.7,10.2,21.202043,11.69172,26.9,-3.502043,False
2020-06-09,17.5,9.2,21.305376,11.751075,27.0,-3.805376,False
2020-06-10,18.6,7.6,21.379677,11.842151,27.1,-2.779677,False
2020-06-11,21.2,11.5,21.495376,11.932258,27.2,-0.295376,False
2020-06-12,18.6,13.2,21.602796,12.033118,27.3,-3.002796,False
2020-06-13,22.8,10.8,21.733441,12.136022,27.4,1.066559,False
2020-06-14,21.6,12.3,21.834516,12.236667,27.5,-0.234516,False
2020-06-15,21.3,12.5,21.926129,12.311613,27.61,-0.626129,False
2020-06-16,20.8,12.8,22.062151,12.416452,28.1,-1.262151,False
2020-06-17,20.1,12.6,22.15086,12.537312,28.12,-2.05086,False
2020-06-18,20.4,12.4,22.223871,12.597097,28.51,-1.823871,False
2020-06-19,20.7,11.4,22.335699,12.675914,28.6,-1.635699,False
2020-06-20,23.4,12.4,22.428172,12.774194,28.61,0.971828,False
2020-06-21,20.4,13.0,22.504194,12.844946,28.7,-2.104194,False
2020-06-22,23.6,9.6,22.574409,12.888387,28.71,1.025591,False
2020-06-23,28.7,11.5,22.633333,12.929462,28.8,6.066667,False
2020-06-24,31.9,15.0,22.706129,12.993978,28.8,9.193871,False
2020-06-25,33.5,17.5,22.772903,13.053011,28.9,10.727097,False
2020-06-26,28.6,19.7,22.852258,13.122581,28.91,5.747742,False
2020-06-27,22.4,17.3,22.920645,13.188172,28.91,-0.520645,False
2020-06-28,21.8,14.9,23.023011,13.255484,29.01,-1.223011,False
2020-06-29,21.2,13.9,23.11,13.338172,29.1,-1.91,False
2020-06-30,21.7,13.7,23.213226,13.40172,29.4,-1.513226,False
2020-07-01,22.3,17.0,23.345914,13.453978,29.4,-1.045914,False
2020-07-02,21.0,14.1,23.444194,13.534731,29.5,-2.444194,False
2020-07-03,22.2,11.2,23.538925,13.616559,29.61,-1.338925,False
2020-07-04,21.8,13.1,23.630753,13.692258,29.71,-1.830753,False
2020-07-05,23.7,15.1,23.709032,13.773763,29.8,-0.009032,False
2020-07-06,20.6,11.0,23.797204,13.825484,29.8,-3.197204,False
2020-07-07,24.1,7.7,23.9,13.868817,29.9,0.2,False
2020-07-08,26.4,10.9,24.007312,13.954301,29.9,2.392688,False
2020-07-09,30.4,13.9,24.111183,14.031398,29.9,6.288817,False
2020-07-10,21.8,12.7,24.169247,14.104409,30.0,-2.369247,False
2020-07-11,23.1,9.0,24.231183,14.15957,30.0,-1.131183,False
2020-07-12,24.8,10.2,24.265269,14.217527,30.01,0.534731,False
2020-07-13,26.3,12.1,24.302151,14.260753,30.0,1.997849,False
2020-07-14,22.3,13.2,24.350215,14.277634,29.9,-2.050215,False
2020-07-15,21.0,15.6,24.384516,14.312258,30.0,-3.384516,False
2020-07-16,20.5,15.5,24.453441,14.343118,30.0,-3.953441,False
2020-07-17,25.6,15.9,24.514194,14.354409,30.0,1.085806,False
2020-07-18,28.1,14.3,24.582473,14.373226,30.01,3.517527,False
2020-07-19,29.8,12.6,24.637849,14.422366,30.1,5.162151,False
2020-07-20,25.5,15.2,24.704516,14.45,30.21,0.795484,False
2020-07-21,25.4,12.2,24.806344,14.46871,30.3,0.593656,False
2020-07-22,25.2,11.7,24.897312,14.503226,30.4,0.302688,False
2020-07-23,27.2,11.1,24.99086,14.548065,30.5,2.20914,False
2020-07-24,24.4,15.5,25.045591,14.602473,30.51,-0.645591,False
2020-07-25,25.5,15.0,25.092581,14.634731,30.6,0.407419,False
2020-07-26,24.4,16.0,25.128495,14.647419,30.6,-0.728495,False
2020-07-27,30.6,13.7,25.173978,14.642796,30.7,5.426022,False
2020-07-28,24.6,14.2,25.224731,14.662258,30.81,-0.624731,False
2020-07-29,25.9,9.7,25.235376,14.670968,30.9,0.664624,False
2020-07-30,32.0,12.3,25.253226,14.672258,30.81,6.746774,False
2020-07-31,37.0,18.2,25.243441,14.678065,30.7,11.756559,False
2020-08-01,27.6,18.5,25.238065,14.645591,30.61,2.361935,False
2020-08-02,24.2,15.6,25.218495,14.64,30.61,-1.018495,False
2020-08-03,22.1,13.2,25.202366,14.620968,30.6,-3.102366,False
2020-08-04,25.5,10.4,25.174516,14.594301,30.51,0.325484,False
2020-08-05,29.9,10.9,25.139462,14.555806,30.5,4.760538,False
2020-08-06,33.6,14.2,25.125914,14.54,30.5,8.474086,True
2020-08-07,35.7,16.8,25.102151,14.533226,30.4,10.597849,True
2020-08-08,36.4,19.2,25.063763,14.508387,30.41,11.336237,True
2020-08-09,37.2,21.9,25.004086,14.477204,30.41,12.195914,True
2020-08-10,32.5,20.1,24.966667,14.451613,30.41,7.533333,True
2020-08-11,33.9,19.7,24.933441,14.419462,30.41,8.966559,True
2020-08-12,34.4,20.7,24.863333,14.384194,30.4,9.536667,True
2020-08-13,27.4,19.1,24.782581,14.321828,30.3,2.617419,False
2020-08-14,24.2,18.0,24.663763,14.256022,30.3,-0.463763,False
2020-08-15,26.3,16.6,24.586344,14.17043,30.21,1.713656,False
2020-08-16,25.1,17.3,24.489355,14.101935,30.11,0.610645,False
2020-08-17,23.0,15.8,24.344946,14.012688,30.0,-1.344946,False
2020-08-18,26.1,15.4,24.227527,13.906774,29.9,1.872473,False
2020-08-19,24.6,16.2,24.130215,13.803333,29.7,0.469785,False
2020-08-20,31.8,19.5,24.021613,13.728172,29.7,7.778387,False
2020-08-21,27.8,19.4,23.875054,13.655806,29.5,3.924946,False
2020-08-22,25.2,15.8,23.727204,13.571613,29.4,1.472796,False
2020-08-23,22.0,14.6,23.581505,13.477312,29.21,-1.581505,False
2020-08-24,22.3,12.0,23.481398,13.365484,29.01,-1.181398,False
2020-08-25,28.4,13.8,23.399462,13.274624,29.0,5.000538,False
2020-08-26,24.0,13.5,23.32828,13.209677,29.0,0.67172,False
2020-08-27,25.4,11.5,23.22043,13.144516,28.9,2.17957,False
2020-08-28,20.8,13.6,23.091398,13.070215,28.71,-2.291398,False
2020-08-29,17.8,12.2,22.978387,12.98043,28.7,-5.178387,False
2020-08-30,18.7,12.2,22.863333,12.891183,28.7,-4.163333,False
2020-08-31,19.5,11.1,22.728172,12.79172,28.6,-3.228172,False
2020-09-01,20.5,8.5,22.589785,12.684946,28.5,-2.089785,False
2020-09-02,21.7,8.6,22.452151,12.555054,28.3,-0.752151,False
2020-09-03,26.7,13.7,22.296344,12.429247,28.21,4.403656,False
2020-09-04,28.5,14.7,22.149032,12.315376,28.11,6.350968,False
2020-09-05,19.6,10.8,22.034731,12.199462,27.8,-2.434731,False
2020-09-06,19.0,9.4,21.915699,12.065269,27.6,-2.915699,False
2020-09-07,22.3,8.1,21.757312,11.956129,27.3,0.542688,False
2020-09-08,24.3,11.4,21.62043,11.842473,27.2,2.67957,False
2020-09-09,27.1,16.6,21.474839,11.735699,26.9,5.625161,False
2020-09-10,25.4,15.0,21.303763,11.608387,26.71,4.096237,False
2020-09-11,26.3,14.2,21.136989,11.472796,26.41,5.163011,False
2020-09-12,23.0,11.0,21.013656,11.338065,26.3,1.986344,False
2020-09-13,27.7,9.3,20.902903,11.246022,26.2,6.797097,True
2020-09-14,33.6,12.0,20.814409,11.186667,26.1,12.785591,True
2020-09-15,33.3,16.3,20.701183,11.113118,26.1,12.598817,True
2020-09-16,30.8,15.6,20.568817,11.063118,25.91,10.231183,True
2020-09-17,25.8,16.4,20.457957,11.020645,25.9,5.342043,False
2020-09-18,27.9,12.8,20.314839,10.952043,25.8,7.585161,True
2020-09-19,28.6,18.2,20.143656,10.876989,25.6,8.456344,True
2020-09-20,27.3,16.7,19.958602,10.774839,25.31,7.341398,True
2020-09-21,26.1,12.0,19.803978,10.674624,25.1,6.296022,True
2020-09-22,24.7,8.9,19.644516,10.58043,24.9,5.055484,False
2020-09-23,22.3,13.2,19.49828,10.498387,24.8,2.80172,False
2020-09-24,17.1,9.7,19.35,10.436022,24.7,-2.25,False
2020-09-25,12.9,9.1,19.185054,10.354946,24.5,-6.285054,False
2020-09-26,13.9,8.6,19.026559,10.284409,24.1,-5.126559,False
2020-09-27,13.6,9.9,18.878172,10.192688,23.7,-5.278172,False
2020-09-28,15.3,11.6,18.753333,10.081935,23.7,-3.453333,False
2020-09-29,17.8,12.3,18.627419,9.990968,23.7,-0.827419,False
2020-09-30,18.9,14.7,18.475806,9.889355,23.51,0.424194,False
2020-10-01,16.5,11.3,18.327634,9.786129,23.3,-1.827634,False
2020-10-02,13.5,11.2,18.149677,9.694946,23.11,-4.649677,False
2020-10-03,13.6,8.1,17.984946,9.58086,23.1,-4.384946,False
2020-10-04,13.8,8.5,17.818172,9.491398,23.0,-4.018172,False
2020-10-05,14.1,10.4,17.633441,9.413226,22.8,-3.533441,False
2020-10-06,15.5,11.6,17.453441,9.33,22.6,-1.953441,False
2020-10-07,16.9,11.4,17.257419,9.264409,22.4,-0.357419,False
2020-10-08,18.3,13.4,17.095591,9.181935,22.21,1.204409,False
2020-10-09,16.3,10.9,16.909892,9.105054,21.9,-0.609892,False
2020-10-10,14.1,8.0,16.763011,9.038495,21.6,-2.663011,False
2020-10-11,13.6,6.8,16.63,8.962796,21.5,-3.03,False
2020-10-12,13.5,5.7,16.474731,8.881935,21.4,-2.974731,False
2020-10-13,11.9,6.5,16.295591,8.785161,21.2,-4.395591,False
2020-10-14,13.4,5.6,16.107204,8.662473,21.1,-2.707204,False
2020-10-15,11.4,7.5,15.919247,8.534409,20.9,-4.519247,False
2020-10-16,12.2,7.5,15.740753,8.407742,20.6,-3.540753,False
2020-10-17,12.0,5.8,15.565699,8.274086,20.4,-3.565699,False
2020-10-18,14.0,3.8,15.401935,8.144624,20.2,-1.401935,False
2020-10-19,14.2,5.1,15.272473,8.071398,20.01,-1.072473,False
2020-10-20,14.1,9.8,15.124731,7.952903,19.9,-1.024731,False
2020-10-21,20.6,12.4,14.97957,7.832688,19.8,5.62043,False
2020-10-22,18.2,13.5,14.816774,7.714086,19.61,3.383226,False
2020-10-23,18.3,12.6,14.655591,7.613978,19.5,3.644409,False
2020-10-24,15.5,11.3,14.485376,7.494301,19.3,1.014624,False
2020-10-25,13.9,9.2,14.299462,7.35871,19.2,-0.399462,False
2020-10-26,13.5,6.9,14.103011,7.229892,19.0,-0.603011,False
2020-10-27,13.1,7.3,13.913333,7.078172,18.7,-0.813333,False
2020-10-28,14.4,9.6,13.718172,6.957634,18.5,0.681828,False
2020-10-29,14.7,10.7,13.52828,6.848065,18.2,1.17172,False
2020-10-30,15.5,12.4,13.336989,6.734301,18.0,2.163011,False
2020-10-31,17.7,8.8,13.151183,6.633118,17.9,4.548817,False
2020-11-01,17.9,12.8,12.946882,6.535054,17.61,4.953118,False
2020-11-02,19.1,9.2,12.756237,6.433226,17.5,6.343763,False
2020-11-03,11.8,4.4,12.572043,6.332688,17.4,-0.772043,False
2020-11-04,10.7,0.6,12.382796,6.217312,17.2,-1.682796,False
2020-11-05,11.3,2.5,12.198387,6.069032,17.1,-0.898387,False
2020-11-06,11.9,2.9,12.006022,5.931935,16.8,-0.106022,False
2020-11-07,16.0,6.0,11.81914,5.79871,16.6,4.18086,False
2020-11-08,16.7,9.9,11.640968,5.681075,16.4,5.059032,False
2020-11-09,17.9,9.1,11.469462,5.537742,16.31,6.430538,False
2020-11-10,14.2,10.0,11.299892,5.417634,16.2,2.900108,False
2020-11-11,12.1,8.2,11.116022,5.307312,15.9,0.983978,False
2020-11-12,13.8,6.5,10.936774,5.192688,15.7,2.863226,False
2020-11-13,15.5,7.6,10.768817,5.09086,15.5,4.731183,False
2020-11-14,16.5,10.3,10.613226,4.978602,15.5,5.886774,False
2020-11-15,14.9,10.2,10.43129,4.863871,15.1,4.46871,False
2020-11-16,11.9,10.2,10.242903,4.78043,14.8,1.657097,False
2020-11-17,13.5,8.4,10.076344,4.677742,14.61,3.423656,False
2020-11-18,16.2,4.9,9.912366,4.582258,14.41,6.287634,False
2020-11-19,13.4,6.4,9.72828,4.446559,14.21,3.67172,False
2020-11-20,9.5,1.2,9.57043,4.348925,14.1,-0.07043,False
2020-11-21,10.2,2.7,9.421075,4.254409,13.91,0.778925,False
2020-11-22,10.0,3.6,9.283226,4.150538,13.8,0.716774,False
2020-11-23,11.8,6.3,9.15828,4.035161,13.7,2.64172,False
2020-11-24,9.7,4.2,9.005806,3.926559,13.6,0.694194,False
2020-11-25,11.9,3.6,8.851505,3.8,13.5,3.048495,False
2020-11-26,10.5,1.2,8.723656,3.690753,13.5,1.776344,False
2020-11-27,9.9,4.0,8.586237,3.600108,13.4,1.313763,False
2020-11-28,11.3,1.7,8.456882,3.495699,13.2,2.843118,False
2020-11-29,3.8,0.9,8.310215,3.371183,13.1,-4.510215,False
2020-11-30,6.6,-0.4,8.164301,3.247527,12.91,-1.564301,False
2020-12-01,8.5,5.3,8.06957,3.152366,12.8,0.43043,False
2020-12-02,7.8,5.1,8.008387,3.062688,12.8,-0.208387,False
2020-12-03,7.7,5.1,7.954409,3.026452,12.7,-0.254409,False
2020-12-04,7.9,1.9,7.920645,2.998495,12.61,-0.020645,False
2020-12-05,6.4,1.9,7.876452,2.963548,12.6,-1.476452,False
2020-12-06,6.1,2.1,7.843226,2.947634,12.6,-1.743226,False
2020-12-07,4.6,0.2,7.816237,2.966667,12.6,-3.216237,False
2020-12-08,4.2,-0.6,7.782366,2.971828,12.51,-3.582366,False
2020-12-09,3.8,-0.6,7.736667,2.953441,12.5,-3.936667,False
2020-12-10,6.3,3.4,7.665484,2.918065,12.4,-1.365484,False
2020-12-11,11.1,6.1,7.566237,2.812796,12.3,3.533763,False
2020-12-12,10.2,4.7,7.476559,2.733763,12.3,2.723441,False
2020-12-13,8.7,2.4,7.369355,2.642581,12.21,1.330645,False
2020-12-14,10.9,8.6,7.29086,2.527849,12.2,3.60914,False
2020-12-15,11.5,5.6,7.245161,2.492581,12.11,4.254839,False
2020-12-16,9.7,5.2,7.203656,2.466882,12.1,2.496344,False
2020-12-17,11.1,6.8,7.145269,2.414624,12.01,3.954731,False
2020-12-18,11.2,5.8,7.100215,2.372043,12.0,4.099785,False
2020-12-19,11.1,6.3,7.056022,2.313226,12.01,4.043978,False
2020-12-20,11.0,6.4,7.005376,2.260645,12.0,3.994624,False
2020-12-21,13.6,7.0,6.970753,2.22957,12.0,6.629247,False
2020-12-22,14.9,13.2,6.947527,2.212903,12.0,7.952473,False
2020-12-23,13.4,9.6,6.923226,2.220108,12.0,6.476774,False
2020-12-24,8.9,3.4,6.916129,2.240215,12.0,1.983871,False
2020-12-25,5.5,1.3,6.95129,2.25828,12.1,-1.45129,False
2020-12-26,4.8,0.1,6.977419,2.290753,12.1,-2.177419,False
2020-12-27,6.4,2.9,6.982903,2.3,12.0,-0.582903,False
2020-12-28,4.8,2.9,6.98172,2.297634,12.0,-2.18172,False
2020-12-29,5.2,2.8,7.001613,2.315376,12.1,-1.801613,False
2020-12-30,5.9,2.2,7.022796,2.333978,12.1,-1.122796,False
2020-12-31,6.1,-1.0,7.052903,2.354194,12.1,-0.952903,False
2021-01-01,2.8,-2.6,7.055161,2.352581,12.11,-4.255161,False
2021-01-02,2.8,-3.6,7.037742,2.345914,12.1,-4.237742,False
2021-01-03,3.2,1.4,7.003763,2.30871,12.1,-3.803763,False
2021-01-04,2.6,1.7,6.961183,2.287312,12.1,-4.361183,False
2021-01-05,2.4,1.6,6.928065,2.273226,12.1,-4.528065,False
2021-01-06,3.4,1.7,6.896344,2.22914,12.01,-3.496344,False
2021-01-07,3.5,-0.1,6.845376,2.169677,12.0,-3.345376,False
2021-01-08,3.5,-1.9,6.791828,2.116237,11.9,-3.291828,False
2021-01-09,2.8,-2.5,6.744409,2.053548,11.8,-3.944409,False
2021-01-10,3.9,-1.4,6.723548,1.996559,11.8,-2.823548,False
2021-01-11,4.3,-1.7,6.705376,1.980753,11.8,-2.405376,False
2021-01-12,9.2,4.4,6.706882,1.967097,11.8,2.493118,False
2021-01-13,9.8,5.3,6.735806,1.980108,11.8,3.064194,False
2021-01-14,10.2,4.4,6.731828,2.012473,11.8,3.468172,False
2021-01-15,3.0,-1.1,6.702473,1.963011,11.8,-3.702473,False
2021-01-16,4.0,-2.1,6.692258,1.921398,11.8,-2.692258,False
2021-01-17,7.1,2.9,6.713978,1.919677,11.8,0.386022,False
2021-01-18,7.1,1.0,6.707312,1.896882,11.8,0.392688,False
2021-01-19,7.3,4.3,6.710645,1.88086,11.8,0.589355,False
2021-01-20,11.9,5.8,6.727742,1.89828,11.8,5.172258,False
2021-01-21,11.1,5.4,6.756989,1.903333,11.8,4.343011,False
2021-01-22,7.7,3.6,6.780108,1.892473,11.8,0.919892,False
2021-01-23,5.9,0.7,6.785376,1.837849,11.8,-0.885376,False
2021-01-24,2.7,-2.3,6.784409,1.797419,11.8,-4.084409,False
2021-01-25,5.0,-0.1,6.764301,1.731183,11.8,-1.764301,False
2021-01-26,3.9,-0.8,6.763226,1.680645,11.8,-2.863226,False
2021-01-27,8.3,1.6,6.776667,1.662688,11.8,1.523333,False
2021-01-28,13.8,8.4,6.797742,1.637204,11.81,7.002258,False
2021-01-29,11.7,6.2,6.78172,1.586882,11.8,4.91828,False
2021-01-30,12.3,6.5,6.797419,1.555806,11.9,5.502581,False
2021-01-31,9.4,6.8,6.843656,1.55086,12.01,2.556344,False
2021-02-01,9.8,5.9,6.875699,1.543548,12.1,2.924301,False
2021-02-02,13.9,6.6,6.905699,1.543118,12.1,6.994301,False
2021-02-03,12.7,6.4,6.963871,1.522258,12.1,5.736129,False
2021-02-04,10.8,5.1,7.006667,1.487312,12.01,3.793333,False
2021-02-05,11.4,7.0,7.066989,1.484839,12.1,4.333011,False
2021-02-06,8.3,7.0,7.10086,1.480108,12.1,1.19914,False
2021-02-07,6.9,0.2,7.163656,1.468065,12.2,-0.263656,False
2021-02-08,0.3,-1.4,7.236022,1.485054,12.3,-6.936022,False
2021-02-09,-1.0,-3.2,7.334301,1.514624,12.41,-8.334301,False
2021-02-10,-1.5,-5.3,7.429247,1.58172,12.5,-8.929247,False
2021-02-11,-0.6,-5.9,7.533763,1.634624,12.5,-8.133763,False
2021-02-12,0.1,-4.5,7.62828,1.646022,12.6,-7.52828,False
2021-02-13,-0.5,-6.4,7.707634,1.679247,12.7,-8.207634,False
2021-02-14,2.0,-6.2,7.798172,1.724301,12.7,-5.798172,False
2021-02-15,8.7,1.0,7.898817,1.787204,12.71,0.801183,False
2021-02-16,11.5,4.8,8.004409,1.824409,12.8,3.495591,False
2021-02-17,13.3,6.8,8.091828,1.841505,12.81,5.208172,False
2021-02-18,11.2,4.9,8.190215,1.883333,12.9,3.009785,False
2021-02-19,13.9,4.2,8.284946,1.938495,12.91,5.615054,False
2021-02-20,17.8,7.4,8.400645,1.971828,13.01,9.399355,False
2021-02-21,17.3,7.2,8.535914,2.007957,13.3,8.764086,False
2021-02-22,15.4,9.3,8.671828,2.083871,13.5,6.728172,False
2021-02-23,17.8,10.8,8.824946,2.174624,13.7,8.975054,False
2021-02-24,19.5,8.4,8.987742,2.239355,14.0,10.512258,False
2021-02-25,16.6,7.8,9.132581,2.320538,14.21,7.467419,False
2021-02-26,11.2,4.3,9.271935,2.396129,14.5,1.928065,False
2021-02-27,10.5,1.4,9.414946,2.456559,14.6,1.085054,False
2021-02-28,11.0,1.9,9.593333,2.553118,14.7,1.406667,False
2021-03-01,13.7,0.8,9.807527,2.66129,14.9,3.892473,False
2021-03-02,16.4,1.2,9.97172,2.782151,15.0,6.42828,False
2021-03-03,16.8,4.1,10.097419,2.878602,15.2,6.702581,False
2021-03-04,11.3,6.0,10.209247,2.969892,15.3,1.090753,False
2021-03-05,5.5,2.0,10.352903,3.037312,15.4,-4.852903,False
2021-03-06,8.7,-0.8,10.462366,3.131505,15.4,-1.762366,False
2021-03-07,8.7,-2.6,10.592151,3.216129,15.5,-1.892151,False
2021-03-08,7.6,-2.4,10.720645,3.25871,15.71,-3.120645,False
2021-03-09,11.3,-0.9,10.873871,3.353548,15.9,0.426129,False
2021-03-10,10.4,-0.3,10.997527,3.437957,16.01,-0.597527,False
2021-03-11,14.2,6.7,11.117312,3.483441,16.1,3.082688,False
2021-03-12,11.4,4.3,11.214731,3.523548,16.4,0.185269,False
2021-03-13,10.8,3.3,11.341935,3.553763,16.4,-0.541935,False
2021-03-14,10.3,3.2,11.483656,3.61172,16.6,-1.183656,False
2021-03-15,10.5,5.0,11.615914,3.719462,16.7,-1.115914,False
2021-03-16,9.5,2.8,11.770215,3.798387,16.9,-2.270215,False
2021-03-17,9.2,5.4,11.958495,3.857419,17.01,-2.758495,False
2021-03-18,7.2,4.2,12.135484,3.941935,17.3,-4.935484,False
2021-03-19,8.0,2.7,12.272903,4.052258,17.51,-4.272903,False
2021-03-20,8.7,0.1,12.382903,4.135591,17.6,-3.682903,False
2021-03-21,11.3,2.0,12.496022,4.197419,17.71,-1.196022,False
2021-03-22,8.3,1.7,12.632796,4.253978,17.9,-4.332796,False
2021-03-23,13.7,0.5,12.739032,4.322366,18.0,0.960968,False
2021-03-24,17.7,0.9,12.80914,4.356559,18.01,4.89086,False
2021-03-25,13.3,4.9,12.904409,4.375914,18.2,0.395591,False
2021-03-26,14.2,3.4,13.008925,4.415699,18.5,1.191075,False
2021-03-27,12.1,3.1,13.093011,4.455054,18.6,-0.993011,False
2021-03-28,16.7,3.8,13.18129,4.505591,18.71,3.51871,False
2021-03-29,22.3,3.8,13.244946,4.558602,18.81,9.055054,False
2021-03-30,23.8,5.5,13.315914,4.612473,19.0,10.484086,False
2021-03-31,24.9,5.6,13.358925,4.642043,19.0,11.541075,False
2021-04-01,24.0,8.4,13.386022,4.653763,19.01,10.613978,False
2021-04-02,13.1,5.4,13.460645,4.670215,19.3,-0.360645,False
2021-04-03,10.8,4.4,13.544731,4.709462,19.5,-2.744731,False
2021-04-04,12.7,1.7,13.648495,4.731075,19.6,-0.948495,False
2021-04-05,8.8,-0.9,13.773118,4.790215,19.8,-4.973118,False
2021-04-06,6.7,-2.8,13.961183,4.864731,20.0,-7.261183,False
2021-04-07,8.9,-2.5,14.142366,4.965484,20.3,-5.242366,False
2021-04-08,12.7,3.3,14.286989,5.063226,20.4,-1.586989,False
2021-04-09,16.2,1.6,14.443441,5.133763,20.5,1.756559,False
2021-04-10,14.2,7.7,14.59,5.246129,20.6,-0.39,False
2021-04-11,7.6,2.5,14.709462,5.367742,20.6,-7.109462,False
2021-04-12,10.6,-0.6,14.827097,5.487742,20.7,-4.227097,False
2021-04-13,10.5,0.6,14.918817,5.614409,20.81,-4.418817,False
2021-04-14,10.8,-0.2,15.01043,5.713011,21.11,-4.21043,False
2021-04-15,9.9,0.5,15.116129,5.794516,21.2,-5.216129,False
2021-04-16,9.7,0.8,15.20871,5.90043,21.31,-5.50871,False
2021-04-17,13.1,3.8,15.274731,5.998387,21.6,-2.174731,False
2021-04-18,13.1,1.4,15.348387,6.085376,21.82,-2.248387,False
2021-04-19,16.2,1.0,15.444624,6.137957,22.01,0.755376,False
2021-04-20,16.9,4.8,15.574839,6.232473,22.2,1.325161,False
2021-04-21,17.5,4.0,15.71129,6.343871,22.6,1.78871,False
2021-04-22,17.0,5.1,15.854194,6.464409,22.71,1.145806,False
2021-04-23,18.9,3.8,15.991828,6.597742,22.81,2.908172,False
2021-04-24,19.4,4.4,16.122151,6.772581,22.91,3.277849,False
2021-04-25,16.5,5.8,16.255806,6.926129,23.1,0.244194,False
2021-04-26,17.6,4.2,16.359677,7.070323,23.1,1.240323,False
2021-04-27,18.5,3.0,16.451613,7.200215,23.1,2.048387,False
2021-04-28,16.1,4.6,16.569785,7.323011,23.2,-0.469785,False
2021-04-29,12.5,5.5,16.683118,7.444409,23.3,-4.183118,False
2021-04-30,12.4,6.1,16.799355,7.532151,23.3,-4.399355,False
2021-05-01,11.4,5.4,16.935376,7.641183,23.31,-5.535376,False
2021-05-02,12.5,1.7,17.072688,7.783548,23.5,-4.572688,False
2021-05-03,17.7,0.7,17.192903,7.897097,23.5,0.507097,False
2021-05-04,13.4,7.8,17.302258,7.995269,23.61,-3.902258,False
2021-05-05,11.7,5.0,17.421613,8.13086,23.6,-5.721613,False
2021-05-06,11.5,6.4,17.53,8.267849,23.61,-6.03,False
2021-05-07,14.9,3.7,17.583978,8.377312,23.7,-2.683978,False
2021-05-08,21.1,8.1,17.656989,8.459892,23.7,3.443011,False
2021-05-09,26.1,13.5,17.760968,8.590108,23.8,8.339032,False
2021-05-10,18.4,10.3,17.879892,8.714731,24.1,0.520108,False
2021-05-11,15.4,7.9,17.999785,8.806022,24.2,-2.599785,False
2021-05-12,15.0,6.4,18.142043,8.904731,24.3,-3.142043,False
2021-05-13,15.1,7.8,18.275699,9.007849,24.61,-3.175699,False
2021-05-14,13.6,7.8,18.429677,9.096344,24.7,-4.829677,False
2021-05-15,15.3,8.7,18.576237,9.216237,24.7,-3.276237,False
2021-05-16,16.1,9.3,18.686667,9.325484,24.7,-2.586667,False
2021-05-17,15.2,10.0,18.832688,9.405914,24.8,-3.632688,False
2021-05-18,16.1,8.5,18.98871,9.543548,24.9,-2.88871,False
2021-05-19,13.9,8.0,19.098065,9.65914,24.9,-5.198065,False
2021-05-20,16.6,5.0,19.20957,9.780968,24.9,-2.60957,False
2021-05-21,16.4,10.0,19.340538,9.899785,25.0,-2.940538,False
2021-05-22,15.4,8.2,19.457849,10.029032,25.11,-4.057849,False
2021-05-23,16.3,7.0,19.555699,10.152473,25.3,-3.255699,False
2021-05-24,13.8,8.1,19.656452,10.234624,25.31,-5.856452,False
2021-05-25,15.2,7.6,19.766022,10.300968,25.4,-4.566022,False
2021-05-26,14.9,9.2,19.841505,10.382903,25.51,-4.941505,False
2021-05-27,19.1,6.8,19.933333,10.462258,25.7,-0.833333,False
2021-05-28,21.1,8.3,20.014946,10.552151,25.7,1.085054,False
2021-05-29,21.7,10.4,20.098065,10.640215,25.7,1.601935,False
2021-05-30,21.8,10.3,20.24086,10.741505,25.71,1.55914,False
2021-05-31,23.1,9.9,20.336559,10.893118,25.81,2.763441,False
2021-06-01,27.0,9.8,20.429355,10.999785,25.81,6.570645,False
2021-06-02,25.3,14.1,20.546237,11.08871,25.91,4.753763,False
2021-06-03,25.1,16.8,20.677097,11.206344,26.1,4.422903,False
2021-06-04,19.5,14.7,20.822581,11.326129,26.21,-1.322581,False
2021-06-05,19.6,12.8,20.942796,11.438602,26.4,-1.342796,False
2021-06-06,21.4,11.7,21.027634,11.527312,26.41,0.372366,False
2021-06-07,23.1,11.6,21.127634,11.601828,26.7,1.972366,False
2021-06-08,24.3,11.8,21.202043,11.69172,26.9,3.097957,False
2021-06-09,26.1,12.0,21.305376,11.751075,27.0,4.794624,False
2021-06-10,25.9,15.0,21.379677,11.842151,27.1,4.520323,False
2021-06-11,26.0,13.6,21.495376,11.932258,27.2,4.504624,False
2021-06-12,23.8,14.4,21.602796,12.033118,27.3,2.197204,False
2021-06-13,25.9,13.0,21.733441,12.136022,27.4,4.166559,False
2021-06-14,29.4,12.1,21.834516,12.236667,27.5,7.565484,True
2021-06-15,28.5,14.8,21.926129,12.311613,27.61,6.573871,True
2021-06-16,31.5,15.5,22.062151,12.416452,28.1,9.437849,True
2021-06-17,27.2,18.8,22.15086,12.537312,28.12,5.04914,False
2021-06-18,25.4,18.0,22.223871,12.597097,28.51,3.176129,False
2021-06-19,24.6,16.6,22.335699,12.675914,28.6,2.264301,False
2021-06-20,23.6,15.3,22.428172,12.774194,28.61,1.171828,False
2021-06-21,23.7,15.4,22.504194,12.844946,28.7,1.195806,False
2021-06-22,18.1,13.4,22.574409,12.888387,28.71,-4.474409,False
2021-06-23,15.6,13.1,22.633333,12.929462,28.8,-7.033333,False
2021-06-24,19.8,11.7,22.706129,12.993978,28.8,-2.906129,False
2021-06-25,20.2,9.3,22.772903,13.053011,28.9,-2.572903,False
2021-06-26,21.9,15.1,22.852258,13.122581,28.91,-0.952258,False
2021-06-27,21.3,16.6,22.920645,13.188172,28.91,-1.620645,False
2021-06-28,23.1,13.7,23.023011,13.255484,29.01,0.076989,False
2021-06-29,17.9,11.6,23.11,13.338172,29.1,-5.21,False
2021-06-30,17.9,13.8,23.213226,13.40172,29.4,-5.313226,False
2021-07-01,22.2,11.7,23.345914,13.453978,29.4,-1.145914,False
2021-07-02,25.3,12.5,23.444194,13.534731,29.5,1.855806,False
2021-07-03,22.7,17.0,23.538925,13.616559,29.61,-0.838925,False
2021-07-04,21.9,15.5,23.630753,13.692258,29.71,-1.730753,False
2021-07-05,21.7,14.9,23.709032,13.773763,29.8,-2.009032,False
2021-07-06,21.6,15.6,23.797204,13.825484,29.8,-2.197204,False
2021-07-07,22.0,13.6,23.9,13.868817,29.9,-1.9,False
2021-07-08,21.9,12.5,24.007312,13.954301,29.9,-2.107312,False
2021-07-09,21.7,14.0,24.111183,14.031398,29.9,-2.411183,False
2021-07-10,19.6,14.5,24.169247,14.104409,30.0,-4.569247,False
2021-07-11,22.4,14.0,24.231183,14.15957,30.0,-1.831183,False
2021-07-12,21.2,14.9,24.265269,14.217527,30.01,-3.065269,False
2021-07-13,18.7,15.5,24.302151,14.260753,30.0,-5.602151,False
2021-07-14,19.7,15.3,24.350215,14.277634,29.9,-4.650215,False
2021-07-15,23.4,15.8,24.384516,14.312258,30.0,-0.984516,False
2021-07-16,20.7,15.4,24.453441,14.343118,30.0,-3.753441,False
2021-07-17,23.9,13.6,24.514194,14.354409,30.0,-0.614194,False
2021-07-18,28.4,15.2,24.582473,14.373226,30.01,3.817527,False
2021-07-19,28.9,16.8,24.637849,14.422366,30.1,4.262151,False
2021-07-20,27.9,15.8,24.704516,14.45,30.21,3.195484,False
2021-07-21,28.2,15.4,24.806344,14.46871,30.3,3.393656,False
2021-07-22,27.6,15.4,24.897312,14.503226,30.4,2.702688,False
2021-07-23,28.3,15.4,24.99086,14.548065,30.5,3.30914,False
2021-07-24,23.8,17.3,25.045591,14.602473,30.51,-1.245591,False
2021-07-25,21.8,16.1,25.092581,14.634731,30.6,-3.292581,False
2021-07-26,23.2,14.9,25.128495,14.647419,30.6,-1.928495,False
2021-07-27,19.4,16.5,25.173978,14.642796,30.7,-5.773978,False
2021-07-28,22.3,14.7,25.224731,14.662258,30.81,-2.924731,False
2021-07-29,22.2,13.7,25.235376,14.670968,30.9,-3.035376,False
2021-07-30,22.1,13.6,25.253226,14.672258,30.81,-3.153226,False
2021-07-31,21.8,13.2,25.243441,14.678065,30.7,-3.443441,False
2021-08-01,21.7,12.7,25.238065,14.645591,30.61,-3.538065,False
2021-08-02,21.6,13.2,25.218495,14.64,30.61,-3.618495,False
2021-08-03,18.9,12.6,25.202366,14.620968,30.6,-6.302366,False
2021-08-04,18.9,10.1,25.174516,14.594301,30.51,-6.274516,False
2021-08-05,22.7,15.4,25.139462,14.555806,30.5,-2.439462,False
2021-08-06,21.0,15.5,25.125914,14.54,30.5,-4.125914,False
2021-08-07,20.5,13.5,25.102151,14.533226,30.4,-4.602151,False
2021-08-08,20.6,12.7,25.063763,14.508387,30.41,-4.463763,False
2021-08-09,22.3,13.4,25.004086,14.477204,30.41,-2.704086,False
2021-08-10,23.6,14.9,24.966667,14.451613,30.41,-1.366667,False
2021-08-11,25.4,13.7,24.933441,14.419462,30.41,0.466559,False
2021-08-12,29.1,14.3,24.863333,14.384194,30.4,4.236667,False
2021-08-13,28.1,15.2,24.782581,14.321828,30.3,3.317419,False
2021-08-14,28.4,13.6,24.663763,14.256022,30.3,3.736237,False
2021-08-15,29.1,14.1,24.586344,14.17043,30.21,4.513656,False
2021-08-16,19.7,13.3,24.489355,14.101935,30.11,-4.789355,False
2021-08-17,18.5,10.9,24.344946,14.012688,30.0,-5.844946,False
2021-08-18,19.7,15.0,24.227527,13.906774,29.9,-4.527527,False
2021-08-19,19.5,14.7,24.130215,13.803333,29.7,-4.630215,False
2021-08-20,23.7,14.1,24.021613,13.728172,29.7,-0.321613,False
2021-08-21,25.7,13.4,23.875054,13.655806,29.5,1.824946,False
2021-08-22,21.9,14.8,23.727204,13.571613,29.4,-1.827204,False
2021-08-23,20.5,14.4,23.581505,13.477312,29.21,-3.081505,False
2021-08-24,23.1,14.7,23.481398,13.365484,29.01,-0.381398,False
2021-08-25,24.1,12.2,23.399462,13.274624,29.0,0.700538,False
2021-08-26,19.6,12.1,23.32828,13.209677,29.0,-3.72828,False
2021-08-27,20.9,12.1,23.22043,13.144516,28.9,-2.32043,False
2021-08-28,20.8,10.8,23.091398,13.070215,28.71,-2.291398,False
2021-08-29,19.0,12.4,22.978387,12.98043,28.7,-3.978387,False
2021-08-30,20.9,14.6,22.863333,12.891183,28.7,-1.963333,False
2021-08-31,22.7,15.0,22.728172,12.79172,28.6,-0.028172,False
2021-09-01,22.9,13.0,22.589785,12.684946,28.5,0.310215,False
2021-09-02,24.9,11.1,22.452151,12.555054,28.3,2.447849,False
2021-09-03,27.3,12.5,22.296344,12.429247,28.21,5.003656,False
2021-09-04,26.4,17.1,22.149032,12.315376,28.11,4.250968,False
2021-09-05,28.2,15.8,22.034731,12.199462,27.8,6.165269,True
2021-09-06,28.8,14.4,21.915699,12.065269,27.6,6.884301,True
2021-09-07,29.6,13.7,21.757312,11.956129,27.3,7.842688,True
2021-09-08,30.0,15.8,21.62043,11.842473,27.2,8.37957,True
2021-09-09,25.8,18.9,21.474839,11.735699,26.9,4.325161,False
2021-09-10,23.5,16.1,21.303763,11.608387,26.71,2.196237,False
2021-09-11,22.0,13.4,21.136989,11.472796,26.41,0.863011,False
2021-09-12,22.7,11.1,21.013656,11.338065,26.3,1.686344,False
2021-09-13,25.7,12.0,20.902903,11.246022,26.2,4.797097,False
2021-09-14,24.4,16.4,20.814409,11.186667,26.1,3.585591,False
2021-09-15,21.5,16.6,20.701183,11.113118,26.1,0.798817,False
2021-09-16,21.1,13.1,20.568817,11.063118,25.91,0.531183,False
2021-09-17,22.2,12.0,20.457957,11.020645,25.9,1.742043,False
2021-09-18,22.6,12.2,20.314839,10.952043,25.8,2.285161,False
2021-09-19,21.9,14.4,20.143656,10.876989,25.6,1.756344,False
2021-09-20,20.3,14.0,19.958602,10.774839,25.31,0.341398,False
2021-09-21,18.2,10.4,19.803978,10.674624,25.1,-1.603978,False
2021-09-22,20.2,7.6,19.644516,10.58043,24.9,0.555484,False
2021-09-23,22.2,7.0,19.49828,10.498387,24.8,2.70172,False
2021-09-24,21.0,10.5,19.35,10.436022,24.7,1.65,False
2021-09-25,23.1,8.5,19.185054,10.354946,24.5,3.914946,False
2021-09-26,21.3,14.5,19.026559,10.284409,24.1,2.273441,False
2021-09-27,18.2,10.1,18.878172,10.192688,23.7,-0.678172,False
2021-09-28,18.2,8.2,18.753333,10.081935,23.7,-0.553333,False
2021-09-29,15.9,7.9,18.627419,9.990968,23.7,-2.727419,False
2021-09-30,17.5,4.3,18.475806,9.889355,23.51,-0.975806,False
2021-10-01,17.1,8.0,18.327634,9.786129,23.3,-1.227634,False
2021-10-02,17.4,12.5,18.149677,9.694946,23.11,-0.749677,False
2021-10-03,16.8,11.0,17.984946,9.58086,23.1,-1.184946,False
2021-10-04,17.9,8.2,17.818172,9.491398,23.0,0.081828,False
2021-10-05,16.2,10.3,17.633441,9.413226,22.8,-1.433441,False
2021-10-06,17.0,8.2,17.453441,9.33,22.6,-0.453441,False
2021-10-07,16.8,5.4,17.257419,9.264409,22.4,-0.457419,False
2021-10-08,18.7,7.4,17.095591,9.181935,22.21,1.604409,False
2021-10-09,17.6,7.7,16.909892,9.105054,21.9,0.690108,False
2021-10-10,17.0,4.8,16.763011,9.038495,21.6,0.236989,False
2021-10-11,15.7,7.8,16.63,8.962796,21.5,-0.93,False
2021-10-12,15.5,4.7,16.474731,8.881935,21.4,-0.974731,False
2021-10-13,14.4,5.2,16.295591,8.785161,21.2,-1.895591,False
2021-10-14,16.2,3.4,16.107204,8.662473,21.1,0.092796,False
2021-10-15,16.8,4.4,15.919247,8.534409,20.9,0.880753,False
2021-10-16,16.2,6.3,15.740753,8.407742,20.6,0.459247,False
2021-10-17,16.3,3.8,15.565699,8.274086,20.4,0.734301,False
2021-10-18,18.7,5.0,15.401935,8.144624,20.2,3.298065,False
2021-10-19,23.3,14.3,15.272473,8.071398,20.01,8.027527,False
2021-10-20,19.8,13.3,15.124731,7.952903,19.9,4.675269,False
2021-10-21,14.4,3.5,14.97957,7.832688,19.8,-0.57957,False
2021-10-22,12.9,2.1,14.816774,7.714086,19.61,-1.916774,False
2021-10-23,14.2,4.7,14.655591,7.613978,19.5,-0.455591,False
2021-10-24,14.9,1.6,14.485376,7.494301,19.3,0.414624,False
2021-10-25,15.0,7.1,14.299462,7.35871,19.2,0.700538,False
2021-10-26,15.2,8.2,14.103011,7.229892,19.0,1.096989,False
2021-10-27,16.8,7.6,13.913333,7.078172,18.7,2.886667,False
2021-10-28,17.9,5.4,13.718172,6.957634,18.5,4.181828,False
2021-10-29,14.4,9.7,13.52828,6.848065,18.2,0.87172,False
2021-10-30,14.8,10.3,13.336989,6.734301,18.0,1.463011,False
2021-10-31,16.8,9.1,13.151183,6.633118,17.9,3.648817,False
2021-11-01,13.3,7.6,12.946882,6.535054,17.61,0.353118,False
2021-11-02,11.3,7.0,12.756237,6.433226,17.5,-1.456237,False
2021-11-03,11.0,4.0,12.572043,6.332688,17.4,-1.572043,False
2021-11-04,9.8,3.5,12.382796,6.217312,17.2,-2.582796,False
2021-11-05,10.9,4.3,12.198387,6.069032,17.1,-1.298387,False
2021-11-06,10.8,-0.6,12.006022,5.931935,16.8,-1.206022,False
2021-11-07,12.7,4.7,11.81914,5.79871,16.6,0.88086,False
2021-11-08,11.8,2.4,11.640968,5.681075,16.4,0.159032,False
2021-11-09,11.2,1.3,11.469462,5.537742,16.31,-0.269462,False
2021-11-10,7.9,-1.0,11.299892,5.417634,16.2,-3.399892,False
2021-11-11,7.3,-0.8,11.116022,5.307312,15.9,-3.816022,False
2021-11-12,12.0,1.6,10.936774,5.192688,15.7,1.063226,False
2021-11-13,12.8,10.0,10.768817,5.09086,15.5,2.031183,False
2021-11-14,12.1,7.0,10.613226,4.978602,15.5,1.486774,False
2021-11-15,7.9,6.3,10.43129,4.863871,15.1,-2.53129,False
2021-11-16,7.3,5.7,10.242903,4.78043,14.8,-2.942903,False
2021-11-17,12.7,5.1,10.076344,4.677742,14.61,2.623656,False
2021-11-18,10.3,2.5,9.912366,4.582258,14.41,0.387634,False
2021-11-19,10.0,4.9,9.72828,4.446559,14.21,0.27172,False
2021-11-20,8.8,5.3,9.57043,4.348925,14.1,-0.77043,False
2021-11-21,8.0,5.0,9.421075,4.254409,13.91,-1.421075,False
2021-11-22,7.6,2.3,9.283226,4.150538,13.8,-1.683226,False
2021-11-23,8.2,0.5,9.15828,4.035161,13.7,-0.95828,False
2021-11-24,5.8,2.1,9.005806,3.926559,13.6,-3.205806,False
2021-11-25,6.8,0.5,8.851505,3.8,13.5,-2.051505,False
2021-11-26,6.3,2.5,8.723656,3.690753,13.5,-2.423656,False
2021-11-27,4.8,1.7,8.586237,3.600108,13.4,-3.786237,False
2021-11-28,5.0,0.6,8.456882,3.495699,13.2,-3.456882,False
2021-11-29,5.8,0.1,8.310215,3.371183,13.1,-2.510215,False
2021-11-30,8.6,1.0,8.164301,3.247527,12.91,0.435699,False
2021-12-01,10.3,5.0,8.06957,3.152366,12.8,2.23043,False
2021-12-02,5.6,0.2,8.008387,3.062688,12.8,-2.408387,False
2021-12-03,10.2,-0.4,7.954409,3.026452,12.7,2.245591,False
2021-12-04,11.4,3.8,7.920645,2.998495,12.61,3.479355,False
2021-12-05,5.7,3.3,7.876452,2.963548,12.6,-2.176452,False
2021-12-06,7.4,4.5,7.843226,2.947634,12.6,-0.443226,False
2021-12-07,8.1,2.6,7.816237,2.966667,12.6,0.283763,False
2021-12-08,7.3,1.7,7.782366,2.971828,12.51,-0.482366,False
2021-12-09,6.9,1.3,7.736667,2.953441,12.5,-0.836667,False
2021-12-10,7.5,4.1,7.665484,2.918065,12.4,-0.165484,False
2021-12-11,7.6,1.8,7.566237,2.812796,12.3,0.033763,False
2021-12-12,10.7,6.3,7.476559,2.733763,12.3,3.223441,False
2021-12-13,9.3,4.0,7.369355,2.642581,12.21,1.930645,False
2021-12-14,5.9,4.3,7.29086,2.527849,12.2,-1.39086,False
2021-12-15,7.5,4.9,7.245161,2.492581,12.11,0.254839,False
2021-12-16,10.2,5.2,7.203656,2.466882,12.1,2.996344,False
2021-12-17,8.2,3.8,7.145269,2.414624,12.01,1.054731,False
2021-12-18,8.1,2.5,7.100215,2.372043,12.0,0.999785,False
2021-12-19,5.2,4.4,7.056022,2.313226,12.01,-1.856022,False
2021-12-20,5.1,2.2,7.005376,2.260645,12.0,-1.905376,False
2021-12-21,2.9,-2.1,6.970753,2.22957,12.0,-4.070753,False
2021-12-22,-0.8,-2.9,6.947527,2.212903,12.0,-7.747527,False
2021-12-23,9.1,-2.2,6.923226,2.220108,12.0,2.176774,False
2021-12-24,10.0,7.0,6.916129,2.240215,12.0,3.083871,False
2021-12-25,9.7,6.8,6.95129,2.25828,12.1,2.74871,False
2021-12-26,11.0,8.0,6.977419,2.290753,12.1,4.022581,False
2021-12-27,12.4,8.2,6.982903,2.3,12.0,5.417097,False
2021-12-28,12.5,9.9,6.98172,2.297634,12.0,5.51828,False
2021-12-29,14.8,9.6,7.001613,2.315376,12.1,7.798387,False
2021-12-30,14.8,10.4,7.022796,2.333978,12.1,7.777204,False
2021-12-31,14.4,7.3,7.052903,2.354194,12.1,7.347097,False
2022-01-01,13.9,6.1,7.055161,2.352581,12.11,6.844839,False
2022-01-02,13.6,8.9,7.037742,2.345914,12.1,6.562258,False
2022-01-03,12.1,10.1,7.003763,2.30871,12.1,5.096237,False
2022-01-04,10.5,3.5,6.961183,2.287312,12.1,3.538817,False
2022-01-05,6.1,1.3,6.928065,2.273226,12.1,-0.828065,False
2022-01-06,5.2,-1.6,6.896344,2.22914,12.01,-1.696344,False
2022-01-07,7.7,2.4,6.845376,2.169677,12.0,0.854624,False
2022-01-08,8.6,2.3,6.791828,2.116237,11.9,1.808172,False
2022-01-09,6.6,2.0,6.744409,2.053548,11.8,-0.144409,False
2022-01-10,4.3,1.5,6.723548,1.996559,11.8,-2.423548,False
2022-01-11,3.7,-1.5,6.705376,1.980753,11.8,-3.005376,False
2022-01-12,3.0,-1.5,6.706882,1.967097,11.8,-3.706882,False
2022-01-13,4.3,0.2,6.735806,1.980108,11.8,-2.435806,False
2022-01-14,6.1,-1.1,6.731828,2.012473,11.8,-0.631828,False
2022-01-15,3.0,-2.4,6.702473,1.963011,11.8,-3.702473,False
2022-01-16,5.1,-1.0,6.692258,1.921398,11.8,-1.592258,False
2022-01-17,7.6,2.2,6.713978,1.919677,11.8,0.886022,False
2022-01-18,8.5,1.2,6.707312,1.896882,11.8,1.792688,False
2022-01-19,6.3,2.5,6.710645,1.88086,11.8,-0.410645,False
2022-01-20,6.5,0.8,6.727742,1.89828,11.8,-0.227742,False
2022-01-21,5.5,0.7,6.756989,1.903333,11.8,-1.256989,False
2022-01-22,5.3,1.3,6.780108,1.892473,11.8,-1.480108,False
2022-01-23,4.1,2.0,6.785376,1.837849,11.8,-2.685376,False
2022-01-24,4.9,-1.3,6.784409,1.797419,11.8,-1.884409,False
2022-01-25,0.4,-2.2,6.764301,1.731183,11.8,-6.364301,False
2022-01-26,2.1,-0.9,6.763226,1.680645,11.8,-4.663226,False
2022-01-27,6.7,1.6,6.776667,1.662688,11.8,-0.076667,False
2022-01-28,7.0,4.0,6.797742,1.637204,11.81,0.202258,False
2022-01-29,9.9,5.3,6.78172,1.586882,11.8,3.11828,False
2022-01-30,9.2,4.6,6.797419,1.555806,11.9,2.402581,False
2022-01-31,8.0,0.9,6.843656,1.55086,12.01,1.156344,False
2022-02-01,9.8,0.7,6.875699,1.543548,12.1,2.924301,False
2022-02-02,10.2,7.5,6.905699,1.543118,12.1,3.294301,False
2022-02-03,7.8,5.9,6.963871,1.522258,12.1,0.836129,False
2022-02-04,10.4,3.0,7.006667,1.487312,12.01,3.393333,False
2022-02-05,9.1,0.9,7.066989,1.484839,12.1,2.033011,False
2022-02-06,10.7,6.0,7.10086,1.480108,12.1,3.59914,False
2022-02-07,9.8,2.7,7.163656,1.468065,12.2,2.636344,False
2022-02-08,11.1,3.6,7.236022,1.485054,12.3,3.863978,False
2022-02-09,11.3,1.3,7.334301,1.514624,12.41,3.965699,False
2022-02-10,9.0,3.7,7.429247,1.58172,12.5,1.570753,False
2022-02-11,8.0,-0.3,7.533763,1.634624,12.5,0.466237,False
2022-02-12,8.7,-1.8,7.62828,1.646022,12.6,1.07172,False
2022-02-13,13.2,-1.2,7.707634,1.679247,12.7,5.492366,False
2022-02-14,11.0,5.6,7.798172,1.724301,12.7,3.201828,False
2022-02-15,10.0,3.3,7.898817,1.787204,12.71,2.101183,False
2022-02-16,14.1,8.9,8.004409,1.824409,12.8,6.095591,False
2022-02-17,13.9,9.8,8.091828,1.841505,12.81,5.808172,False
2022-02-18,12.0,5.7,8.190215,1.883333,12.9,3.809785,False
2022-02-19,9.9,2.0,8.284946,1.938495,12.91,1.615054,False
2022-02-20,12.6,7.9,8.400645,1.971828,13.01,4.199355,False
2022-02-21,10.0,6.2,8.535914,2.007957,13.3,1.464086,False
2022-02-22,11.6,5.0,8.671828,2.083871,13.5,2.928172,False
2022-02-23,11.1,2.9,8.824946,2.174624,13.7,2.275054,False
2022-02-24,11.1,3.0,8.987742,2.239355,14.0,2.112258,False
2022-02-25,10.1,1.3,9.132581,2.320538,14.21,0.967419,False
2022-02-26,9.7,-1.9,9.271935,2.396129,14.5,0.428065,False
2022-02-27,9.9,-0.8,9.414946,2.456559,14.6,0.485054,False
2022-02-28,12.1,-2.8,9.593333,2.553118,14.7,2.506667,False
2022-03-01,11.6,1.2,9.807527,2.66129,14.9,1.792473,False
2022-03-02,11.5,4.2,9.97172,2.782151,15.0,1.52828,False
2022-03-03,12.4,4.3,10.097419,2.878602,15.2,2.302581,False
2022-03-04,11.9,5.3,10.209247,2.969892,15.3,1.690753,False
2022-03-05,11.0,3.9,10.352903,3.037312,15.4,0.647097,False
2022-03-06,8.2,0.1,10.462366,3.131505,15.4,-2.262366,False
2022-03-07,6.7,-1.6,10.592151,3.216129,15.5,-3.892151,False
2022-03-08,13.4,-1.8,10.720645,3.25871,15.71,2.679355,False
2022-03-09,15.1,2.3,10.873871,3.353548,15.9,4.226129,False
2022-03-10,16.8,3.6,10.997527,3.437957,16.01,5.802473,False
2022-03-11,13.5,6.5,11.117312,3.483441,16.1,2.382688,False
2022-03-12,9.7,5.8,11.214731,3.523548,16.4,-1.514731,False
2022-03-13,10.3,6.3,11.341935,3.553763,16.4,-1.041935,False
2022-03-14,14.4,3.8,11.483656,3.61172,16.6,2.916344,False
2022-03-15,11.8,7.8,11.615914,3.719462,16.7,0.184086,False
2022-03-16,14.1,7.3,11.770215,3.798387,16.9,2.329785,False
2022-03-17,10.3,4.6,11.958495,3.857419,17.01,-1.658495,False
2022-03-18,14.5,3.0,12.135484,3.941935,17.3,2.364516,False
2022-03-19,15.3,5.8,12.272903,4.052258,17.51,3.027097,False
2022-03-20,11.7,0.9,12.382903,4.135591,17.6,-0.682903,False
2022-03-21,17.7,4.7,12.496022,4.197419,17.71,5.203978,False
2022-03-22,17.7,4.7,12.632796,4.253978,17.9,5.067204,False
2022-03-23,17.8,1.7,12.739032,4.322366,18.0,5.060968,False
2022-03-24,19.6,3.0,12.80914,4.356559,18.01,6.79086,False
2022-03-25,18.8,4.9,12.904409,4.375914,18.2,5.895591,False
2022-03-26,18.8,4.7,13.008925,4.415699,18.5,5.791075,False
2022-03-27,20.2,5.7,13.093011,4.455054,18.6,7.106989,False
2022-03-28,20.7,4.8,13.18129,4.505591,18.71,7.51871,False
2022-03-29,14.9,9.5,13.244946,4.558602,18.81,1.655054,False
2022-03-30,12.9,8.2,13.315914,4.612473,19.0,-0.415914,False
2022-03-31,7.9,2.1,13.358925,4.642043,19.0,-5.458925,False
2022-04-01,2.8,1.3,13.386022,4.653763,19.01,-10.586022,False
2022-04-02,6.4,0.5,13.460645,4.670215,19.3,-7.060645,False
2022-04-03,7.6,-0.7,13.544731,4.709462,19.5,-5.944731,False
2022-04-04,9.0,-2.1,13.648495,4.731075,19.6,-4.648495,False
2022-04-05,12.5,7.4,13.773118,4.790215,19.8,-1.273118,False
2022-04-06,12.3,6.5,13.961183,4.864731,20.0,-1.661183,False
2022-04-07,14.5,9.0,14.142366,4.965484,20.3,0.357634,False
2022-04-08,9.8,2.3,14.286989,5.063226,20.4,-4.486989,False
2022-04-09,10.3,2.2,14.443441,5.133763,20.5,-4.143441,False
2022-04-10,13.4,-0.6,14.59,5.246129,20.6,-1.19,False
2022-04-11,19.2,3.6,14.709462,5.367742,20.6,4.490538,False
2022-04-12,18.8,9.4,14.827097,5.487742,20.7,3.972903,False
2022-04-13,16.2,9.9,14.918817,5.614409,20.81,1.281183,False
2022-04-14,20.0,8.1,15.01043,5.713011,21.11,4.98957,False
2022-04-15,20.5,8.1,15.116129,5.794516,21.2,5.383871,False
2022-04-16,19.0,7.7,15.20871,5.90043,21.31,3.79129,False
2022-04-17,20.6,5.2,15.274731,5.998387,21.6,5.325269,False
2022-04-18,18.1,4.6,15.348387,6.085376,21.82,2.751613,False
2022-04-19,17.5,7.2,15.444624,6.137957,22.01,2.055376,False
2022-04-20,19.0,6.7,15.574839,6.232473,22.2,3.425161,False
2022-04-21,18.8,6.2,15.71129,6.343871,22.6,3.08871,False
2022-04-22,18.0,7.4,15.854194,6.464409,22.71,2.145806,False
2022-04-23,18.2,8.8,15.991828,6.597742,22.81,2.208172,False
2022-04-24,16.7,8.7,16.122151,6.772581,22.91,0.577849,False
2022-04-25,15.7,7.4,16.255806,6.926129,23.1,-0.555806,False
2022-04-26,14.6,5.4,16.359677,7.070323,23.1,-1.759677,False
2022-04-27,17.4,4.2,16.451613,7.200215,23.1,0.948387,False
2022-04-28,20.0,6.6,16.569785,7.323011,23.2,3.430215,False
2022-04-29,19.2,8.7,16.683118,7.444409,23.3,2.516882,False
2022-04-30,16.4,7.2,16.799355,7.532151,23.3,-0.399355,False
2022-05-01,16.2,4.0,16.935376,7.641183,23.31,-0.735376,False
2022-05-02,17.7,7.1,17.072688,7.783548,23.5,0.627312,False
2022-05-03,19.2,8.7,17.192903,7.897097,23.5,2.007097,False
2022-05-04,17.0,8.6,17.302258,7.995269,23.61,-0.302258,False
2022-05-05,17.7,9.0,17.421613,8.13086,23.6,0.278387,False
2022-05-06,21.3,7.6,17.53,8.267849,23.61,3.77,False
2022-05-07,20.4,9.6,17.583978,8.377312,23.7,2.816022,False
2022-05-08,21.5,10.0,17.656989,8.459892,23.7,3.843011,False
2022-05-09,24.8,8.4,17.760968,8.590108,23.8,7.039032,False
2022-05-10,26.5,11.5,17.879892,8.714731,24.1,8.620108,False
2022-05-11,23.8,10.6,17.999785,8.806022,24.2,5.800215,False
2022-05-12,19.3,11.2,18.142043,8.904731,24.3,1.157957,False
2022-05-13,21.0,8.3,18.275699,9.007849,24.61,2.724301,False
2022-05-14,22.9,7.1,18.429677,9.096344,24.7,4.470323,False
2022-05-15,28.4,12.4,18.576237,9.216237,24.7,9.823763,True
2022-05-16,24.9,15.9,18.686667,9.325484,24.7,6.213333,True
2022-05-17,28.1,14.5,18.832688,9.405914,24.8,9.267312,True
2022-05-18,28.0,15.1,18.98871,9.543548,24.9,9.01129,True
2022-05-19,25.1,17.9,19.098065,9.65914,24.9,6.001935,True
2022-05-20,22.3,11.2,19.20957,9.780968,24.9,3.09043,False
2022-05-21,23.8,9.7,19.340538,9.899785,25.0,4.459462,False
2022-05-22,22.2,11.8,19.457849,10.029032,25.11,2.742151,False
2022-05-23,17.8,12.0,19.555699,10.152473,25.3,-1.755699,False
2022-05-24,17.5,9.8,19.656452,10.234624,25.31,-2.156452,False
2022-05-25,20.1,8.2,19.766022,10.300968,25.4,0.333978,False
2022-05-26,20.1,13.2,19.841505,10.382903,25.51,0.258495,False
2022-05-27,20.5,10.6,19.933333,10.462258,25.7,0.566667,False
2022-05-28,19.3,6.6,20.014946,10.552151,25.7,-0.714946,False
2022-05-29,15.8,6.4,20.098065,10.640215,25.7,-4.298065,False
2022-05-30,18.1,6.0,20.24086,10.741505,25.71,-2.14086,False
2022-05-31,20.5,9.2,20.336559,10.893118,25.81,0.163441,False
2022-06-01,21.6,6.1,20.429355,10.999785,25.81,1.170645,False
2022-06-02,23.8,9.3,20.546237,11.08871,25.91,3.253763,False
2022-06-03,23.2,12.9,20.677097,11.206344,26.1,2.522903,False
2022-06-04,27.2,15.7,20.822581,11.326129,26.21,6.377419,False
2022-06-05,20.7,14.5,20.942796,11.438602,26.4,-0.242796,False
2022-06-06,20.8,12.0,21.027634,11.527312,26.41,-0.227634,False
2022-06-07,21.7,14.2,21.127634,11.601828,26.7,0.572366,False
2022-06-08,20.9,13.8,21.202043,11.69172,26.9,-0.302043,False
2022-06-09,20.2,11.5,21.305376,11.751075,27.0,-1.105376,False
2022-06-10,22.0,13.0,21.379677,11.842151,27.1,0.620323,False
2022-06-11,24.6,12.9,21.495376,11.932258,27.2,3.104624,False
2022-06-12,23.3,12.8,21.602796,12.033118,27.3,1.697204,False
2022-06-13,22.4,9.4,21.733441,12.136022,27.4,0.666559,False
2022-06-14,25.4,10.3,21.834516,12.236667,27.5,3.565484,False
2022-06-15,29.3,13.4,21.926129,12.311613,27.61,7.373871,True
2022-06-16,28.6,14.7,22.062151,12.416452,28.1,6.537849,True
2022-06-17,32.8,15.6,22.15086,12.537312,28.12,10.64914,True
2022-06-18,35.8,17.4,22.223871,12.597097,28.51,13.576129,True
2022-06-19,26.0,14.6,22.335699,12.675914,28.6,3.664301,False
2022-06-20,21.5,14.6,22.428172,12.774194,28.61,-0.928172,False
2022-06-21,25.8,13.8,22.504194,12.844946,28.7,3.295806,False
2022-06-22,23.7,15.6,22.574409,12.888387,28.71,1.125591,False
2022-06-23,26.6,17.2,22.633333,12.929462,28.8,3.966667,False
2022-06-24,22.7,16.9,22.706129,12.993978,28.8,-0.006129,False
2022-06-25,17.6,13.2,22.772903,13.053011,28.9,-5.172903,False
2022-06-26,20.6,11.8,22.852258,13.122581,28.91,-2.252258,False
2022-06-27,22.2,13.1,22.920645,13.188172,28.91,-0.720645,False
2022-06-28,25.5,10.9,23.023011,13.255484,29.01,2.476989,False
2022-06-29,24.7,10.9,23.11,13.338172,29.1,1.59,False
2022-06-30,16.4,11.4,23.213226,13.40172,29.4,-6.813226,False
2022-07-01,21.1,9.3,23.345914,13.453978,29.4,-2.245914,False
2022-07-02,25.9,9.8,23.444194,13.534731,29.5,2.455806,False
2022-07-03,23.8,12.1,23.538925,13.616559,29.61,0.261075,False
2022-07-04,25.2,10.6,23.630753,13.692258,29.71,1.569247,False
2022-07-05,25.3,10.8,23.709032,13.773763,29.8,1.590968,False
2022-07-06,25.2,11.3,23.797204,13.825484,29.8,1.402796,False
2022-07-07,21.6,14.0,23.9,13.868817,29.9,-2.3,False
2022-07-08,26.6,9.9,24.007312,13.954301,29.9,2.592688,False
2022-07-09,28.7,13.3,24.111183,14.031398,29.9,4.588817,False
2022-07-10,27.2,12.9,24.169247,14.104409,30.0,3.030753,False
2022-07-11,29.5,14.5,24.231183,14.15957,30.0,5.268817,False
2022-07-12,31.9,15.8,24.265269,14.217527,30.01,7.634731,True
2022-07-13,34.7,17.7,24.302151,14.260753,30.0,10.397849,True
2022-07-14,30.5,18.0,24.350215,14.277634,29.9,6.149785,True
2022-07-15,26.4,14.1,24.384516,14.312258,30.0,2.015484,False
2022-07-16,28.3,12.1,24.453441,14.343118,30.0,3.846559,False
2022-07-17,31.6,14.5,24.514194,14.354409,30.0,7.085806,True
2022-07-18,37.1,16.1,24.582473,14.373226,30.01,12.517527,True
2022-07-19,38.5,20.8,24.637849,14.422366,30.1,13.862151,True
2022-07-20,24.0,18.0,24.704516,14.45,30.21,-0.704516,False
2022-07-21,26.7,16.8,24.806344,14.46871,30.3,1.893656,False
2022-07-22,23.1,16.0,24.897312,14.503226,30.4,-1.797312,False
2022-07-23,27.2,17.8,24.99086,14.548065,30.5,2.20914,False
2022-07-24,32.3,15.0,25.045591,14.602473,30.51,7.254409,False
2022-07-25,26.3,17.6,25.092581,14.634731,30.6,1.207419,False
2022-07-26,22.4,15.3,25.128495,14.647419,30.6,-2.728495,False
2022-07-27,24.6,13.5,25.173978,14.642796,30.7,-0.573978,False
2022-07-28,26.1,14.5,25.224731,14.662258,30.81,0.875269,False
2022-07-29,28.1,14.3,25.235376,14.670968,30.9,2.864624,False
2022-07-30,30.0,14.8,25.253226,14.672258,30.81,4.746774,False
2022-07-31,29.1,16.9,25.243441,14.678065,30.7,3.856559,False
2022-08-01,26.8,17.3,25.238065,14.645591,30.61,1.561935,False
2022-08-02,30.6,15.5,25.218495,14.64,30.61,5.381505,False
2022-08-03,34.7,17.1,25.202366,14.620968,30.6,9.497634,False
2022-08-04,28.9,18.1,25.174516,14.594301,30.51,3.725484,False
2022-08-05,24.8,15.5,25.139462,14.555806,30.5,-0.339462,False
2022-08-06,24.5,11.5,25.125914,14.54,30.5,-0.625914,False
2022-08-07,26.7,12.9,25.102151,14.533226,30.4,1.597849,False
2022-08-08,28.7,13.8,25.063763,14.508387,30.41,3.636237,False
2022-08-09,30.6,15.5,25.004086,14.477204,30.41,5.595914,True
2022-08-10,32.5,16.9,24.966667,14.451613,30.41,7.533333,True
2022-08-11,32.5,17.0,24.933441,14.419462,30.41,7.566559,True
2022-08-12,33.7,16.9,24.863333,14.384194,30.4,8.836667,True
2022-08-13,32.7,17.1,24.782581,14.321828,30.3,7.917419,True
2022-08-14,27.9,18.1,24.663763,14.256022,30.3,3.236237,False
2022-08-15,26.4,16.6,24.586344,14.17043,30.21,1.813656,False
2022-08-16,26.7,16.9,24.489355,14.101935,30.11,2.210645,False
2022-08-17,25.4,16.6,24.344946,14.012688,30.0,1.055054,False
2022-08-18,27.2,14.6,24.227527,13.906774,29.9,2.972473,False
2022-08-19,24.0,15.4,24.130215,13.803333,29.7,-0.130215,False
2022-08-20,24.8,12.3,24.021613,13.728172,29.7,0.778387,False
2022-08-21,26.3,11.3,23.875054,13.655806,29.5,2.424946,False
2022-08-22,25.4,15.7,23.727204,13.571613,29.4,1.672796,False
2022-08-23,27.9,17.5,23.581505,13.477312,29.21,4.318495,False
2022-08-24,32.2,17.0,23.481398,13.365484,29.01,8.718602,False
2022-08-25,31.0,17.0,23.399462,13.274624,29.0,7.600538,False
2022-08-26,25.9,17.1,23.32828,13.209677,29.0,2.57172,False
2022-08-27,25.9,13.7,23.22043,13.144516,28.9,2.67957,False
2022-08-28,25.6,13.2,23.091398,13.070215,28.71,2.508602,False
2022-08-29,29.4,15.9,22.978387,12.98043,28.7,6.421613,False
2022-08-30,27.5,15.4,22.863333,12.891183,28.7,4.636667,False
2022-08-31,27.4,15.0,22.728172,12.79172,28.6,4.671828,False
2022-09-01,28.0,14.8,22.589785,12.684946,28.5,5.410215,False
2022-09-02,22.9,16.2,22.452151,12.555054,28.3,0.447849,False
2022-09-03,24.6,16.2,22.296344,12.429247,28.21,2.303656,False
2022-09-04,29.0,12.9,22.149032,12.315376,28.11,6.850968,True
2022-09-05,28.8,16.7,22.034731,12.199462,27.8,6.765269,True
2022-09-06,28.5,15.1,21.915699,12.065269,27.6,6.584301,True
2022-09-07,21.3,14.7,21.757312,11.956129,27.3,-0.457312,False
2022-09-08,21.5,14.5,21.62043,11.842473,27.2,-0.12043,False
2022-09-09,20.2,14.9,21.474839,11.735699,26.9,-1.274839,False
2022-09-10,20.1,13.1,21.303763,11.608387,26.71,-1.203763,False
2022-09-11,22.8,10.5,21.136989,11.472796,26.41,1.663011,False
2022-09-12,28.0,12.4,21.013656,11.338065,26.3,6.986344,False
2022-09-13,27.2,18.7,20.902903,11.246022,26.2,6.297097,False
2022-09-14,26.0,17.4,20.814409,11.186667,26.1,5.185591,False
2022-09-15,21.3,13.1,20.701183,11.113118,26.1,0.598817,False
2022-09-16,16.5,9.6,20.568817,11.063118,25.91,-4.068817,False
2022-09-17,16.8,7.2,20.457957,11.020645,25.9,-3.657957,False
2022-09-18,18.9,5.5,20.314839,10.952043,25.8,-1.414839,False
2022-09-19,18.1,7.0,20.143656,10.876989,25.6,-2.043656,False
2022-09-20,16.7,6.0,19.958602,10.774839,25.31,-3.258602,False
2022-09-21,19.1,7.5,19.803978,10.674624,25.1,-0.703978,False
2022-09-22,20.7,5.2,19.644516,10.58043,24.9,1.055484,False
2022-09-23,20.0,8.3,19.49828,10.498387,24.8,0.50172,False
2022-09-24,17.8,11.5,19.35,10.436022,24.7,-1.55,False
2022-09-25,18.2,11.6,19.185054,10.354946,24.5,-0.985054,False
2022-09-26,14.3,10.7,19.026559,10.284409,24.1,-4.726559,False
2022-09-27,14.8,9.9,18.878172,10.192688,23.7,-4.078172,False
2022-09-28,14.9,9.2,18.753333,10.081935,23.7,-3.853333,False
2022-09-29,14.5,8.1,18.627419,9.990968,23.7,-4.127419,False
2022-09-30,17.7,4.6,18.475806,9.889355,23.51,-0.775806,False
2022-10-01,19.7,12.0,18.327634,9.786129,23.3,1.372366,False
2022-10-02,19.8,11.1,18.149677,9.694946,23.11,1.650323,False
2022-10-03,15.4,7.9,17.984946,9.58086,23.1,-2.584946,False
2022-10-04,18.7,6.0,17.818172,9.491398,23.0,0.881828,False
2022-10-05,21.1,11.7,17.633441,9.413226,22.8,3.466559,False
2022-10-06,18.8,8.2,17.453441,9.33,22.6,1.346559,False
2022-10-07,19.1,4.9,17.257419,9.264409,22.4,1.842581,False
2022-10-08,17.8,7.1,17.095591,9.181935,22.21,0.704409,False
2022-10-09,19.3,4.3,16.909892,9.105054,21.9,2.390108,False
2022-10-10,19.1,8.7,16.763011,9.038495,21.6,2.336989,False
2022-10-11,17.6,8.7,16.63,8.962796,21.5,0.97,False
2022-10-12,18.1,6.6,16.474731,8.881935,21.4,1.625269,False
2022-10-13,15.4,11.5,16.295591,8.785161,21.2,-0.895591,False
2022-10-14,16.9,14.4,16.107204,8.662473,21.1,0.792796,False
2022-10-15,18.4,14.5,15.919247,8.534409,20.9,2.480753,False
2022-10-16,20.3,14.0,15.740753,8.407742,20.6,4.559247,False
2022-10-17,18.8,16.6,15.565699,8.274086,20.4,3.234301,False
2022-10-18,19.2,14.8,15.401935,8.144624,20.2,3.798065,False
2022-10-19,21.0,13.5,15.272473,8.071398,20.01,5.727527,False
2022-10-20,21.9,15.2,15.124731,7.952903,19.9,6.775269,False
2022-10-21,20.4,13.8,14.97957,7.832688,19.8,5.42043,False
2022-10-22,20.9,12.9,14.816774,7.714086,19.61,6.083226,False
2022-10-23,22.7,14.6,14.655591,7.613978,19.5,8.044409,False
2022-10-24,18.4,13.6,14.485376,7.494301,19.3,3.914624,False
2022-10-25,18.2,12.4,14.299462,7.35871,19.2,3.900538,False
2022-10-26,21.8,13.9,14.103011,7.229892,19.0,7.696989,False
2022-10-27,22.8,13.1,13.913333,7.078172,18.7,8.886667,False
2022-10-28,22.6,15.0,13.718172,6.957634,18.5,8.881828,False
2022-10-29,23.5,13.9,13.52828,6.848065,18.2,9.97172,False
2022-10-30,17.8,10.7,13.336989,6.734301,18.0,4.463011,False
2022-10-31,20.1,10.0,13.151183,6.633118,17.9,6.948817,False
2022-11-01,16.8,10.0,12.946882,6.535054,17.61,3.853118,False
2022-11-02,15.6,8.5,12.756237,6.433226,17.5,2.843763,False
2022-11-03,14.8,9.3,12.572043,6.332688,17.4,2.227957,False
2022-11-04,11.7,5.1,12.382796,6.217312,17.2,-0.682796,False
2022-11-05,11.0,4.9,12.198387,6.069032,17.1,-1.198387,False
2022-11-06,11.5,8.4,12.006022,5.931935,16.8,-0.506022,False
2022-11-07,15.8,10.7,11.81914,5.79871,16.6,3.98086,False
2022-11-08,16.9,10.2,11.640968,5.681075,16.4,5.259032,False
2022-11-09,15.0,7.6,11.469462,5.537742,16.31,3.530538,False
2022-11-10,12.0,5.9,11.299892,5.417634,16.2,0.700108,False
2022-11-11,12.8,7.3,11.116022,5.307312,15.9,1.683978,False
2022-11-12,14.9,5.5,10.936774,5.192688,15.7,3.963226,False
2022-11-13,12.6,5.3,10.768817,5.09086,15.5,1.831183,False
2022-11-14,14.1,5.0,10.613226,4.978602,15.5,3.486774,False
2022-11-15,13.2,7.3,10.43129,4.863871,15.1,2.76871,False
2022-11-16,13.2,8.4,10.242903,4.78043,14.8,2.957097,False
2022-11-17,13.5,9.3,10.076344,4.677742,14.61,3.423656,False
2022-11-18,11.9,5.7,9.912366,4.582258,14.41,1.987634,False
2022-11-19,10.9,4.6,9.72828,4.446559,14.21,1.17172,False
2022-11-20,9.9,3.6,9.57043,4.348925,14.1,0.32957,False
2022-11-21,8.3,5.3,9.421075,4.254409,13.91,-1.121075,False
2022-11-22,10.7,4.6,9.283226,4.150538,13.8,1.416774,False
2022-11-23,12.0,5.1,9.15828,4.035161,13.7,2.84172,False
2022-11-24,12.3,6.5,9.005806,3.926559,13.6,3.294194,False
2022-11-25,12.2,4.0,8.851505,3.8,13.5,3.348495,False
2022-11-26,8.1,2.8,8.723656,3.690753,13.5,-0.623656,False
2022-11-27,9.4,6.1,8.586237,3.600108,13.4,0.813763,False
2022-11-28,11.0,6.0,8.456882,3.495699,13.2,2.543118,False
2022-11-29,7.0,5.1,8.310215,3.371183,13.1,-1.310215,False
2022-11-30,6.3,4.8,8.164301,3.247527,12.91,-1.864301,False
2022-12-01,6.1,4.1,8.06957,3.152366,12.8,-1.96957,False
2022-12-02,4.6,2.1,8.008387,3.062688,12.8,-3.408387,False
2022-12-03,3.3,2.4,7.954409,3.026452,12.7,-4.654409,False
2022-12-04,3.4,2.2,7.920645,2.998495,12.61,-4.520645,False
2022-12-05,2.6,1.5,7.876452,2.963548,12.6,-5.276452,False
2022-12-06,4.9,0.4,7.843226,2.947634,12.6,-2.943226,False
2022-12-07,4.4,-0.5,7.816237,2.966667,12.6,-3.416237,False
2022-12-08,3.0,0.8,7.782366,2.971828,12.51,-4.782366,False
2022-12-09,1.9,-0.8,7.736667,2.953441,12.5,-5.836667,False
2022-12-10,2.1,-1.8,7.665484,2.918065,12.4,-5.565484,False
2022-12-11,0.1,-3.4,7.566237,2.812796,12.3,-7.466237,False
2022-12-12,-1.5,-4.1,7.476559,2.733763,12.3,-8.976559,False
2022-12-13,0.7,-4.4,7.369355,2.642581,12.21,-6.669355,False
2022-12-14,1.1,-1.8,7.29086,2.527849,12.2,-6.19086,False
2022-12-15,1.8,-3.4,7.245161,2.492581,12.11,-5.445161,False
2022-12-16,2.4,-4.2,7.203656,2.466882,12.1,-4.803656,False
2022-12-17,-2.0,-5.4,7.145269,2.414624,12.01,-9.145269,False
2022-12-18,4.9,-6.5,7.100215,2.372043,12.0,-2.200215,False
2022-12-19,11.9,5.5,7.056022,2.313226,12.01,4.843978,False
2022-12-20,11.6,10.7,7.005376,2.260645,12.0,4.594624,False
2022-12-21,12.5,8.5,6.970753,2.22957,12.0,5.529247,False
2022-12-22,13.8,11.0,6.947527,2.212903,12.0,6.852473,False
2022-12-23,14.7,11.2,6.923226,2.220108,12.0,7.776774,False
2022-12-24,11.9,9.9,6.916129,2.240215,12.0,4.983871,False
2022-12-25,13.5,10.0,6.95129,2.25828,12.1,6.54871,False
2022-12-26,11.9,3.7,6.977419,2.290753,12.1,4.922581,False
2022-12-27,9.0,2.4,6.982903,2.3,12.0,2.017097,False
2022-12-28,11.6,8.4,6.98172,2.297634,12.0,4.61828,False
2022-12-29,11.5,5.8,7.001613,2.315376,12.1,4.498387,False
2022-12-30,14.8,4.9,7.022796,2.333978,12.1,7.777204,False
2022-12-31,15.8,14.0,7.052903,2.354194,12.1,8.747097,False
2023-01-01,14.7,11.2,7.055161,2.352581,12.11,7.644839,False
2023-01-02,14.0,5.6,7.037742,2.345914,12.1,6.962258,False
2023-01-03,9.9,5.1,7.003763,2.30871,12.1,2.896237,False
2023-01-04,13.1,9.3,6.961183,2.287312,12.1,6.138817,False
2023-01-05,13.0,9.9,6.928065,2.273226,12.1,6.071935,False
2023-01-06,12.7,10.0,6.896344,2.22914,12.01,5.803656,False
2023-01-07,10.5,7.5,6.845376,2.169677,12.0,3.654624,False
2023-01-08,10.5,6.3,6.791828,2.116237,11.9,3.708172,False
2023-01-09,8.2,4.4,6.744409,2.053548,11.8,1.455591,False
2023-01-10,11.7,3.6,6.723548,1.996559,11.8,4.976452,False
2023-01-11,11.8,9.0,6.705376,1.980753,11.8,5.094624,False
2023-01-12,11.3,9.4,6.706882,1.967097,11.8,4.593118,False
2023-01-13,10.6,6.2,6.735806,1.980108,11.8,3.864194,False
2023-01-14,12.0,6.6,6.731828,2.012473,11.8,5.268172,False
2023-01-15,8.5,5.0,6.702473,1.963011,11.8,1.797527,False
2023-01-16,6.4,2.7,6.692258,1.921398,11.8,-0.292258,False
2023-01-17,2.9,0.3,6.713978,1.919677,11.8,-3.813978,False
2023-01-18,4.5,-2.6,6.707312,1.896882,11.8,-2.207312,False
2023-01-19,2.4,-1.0,6.710645,1.88086,11.8,-4.310645,False
2023-01-20,5.6,-0.8,6.727742,1.89828,11.8,-1.127742,False
2023-01-21,3.5,-0.4,6.756989,1.903333,11.8,-3.256989,False
2023-01-22,2.2,-1.4,6.780108,1.892473,11.8,-4.580108,False
2023-01-23,2.6,0.3,6.785376,1.837849,11.8,-4.185376,False
2023-01-24,3.1,0.4,6.784409,1.797419,11.8,-3.684409,False
2023-01-25,2.5,-0.8,6.764301,1.731183,11.8,-4.264301,False
2023-01-26,4.7,-0.4,6.763226,1.680645,11.8,-2.063226,False
2023-01-27,4.2,3.5,6.776667,1.662688,11.8,-2.576667,False
2023-01-28,3.7,0.2,6.797742,1.637204,11.81,-3.097742,False
2023-01-29,3.9,-2.7,6.78172,1.586882,11.8,-2.88172,False
2023-01-30,8.2,1.8,6.797419,1.555806,11.9,1.402581,False
2023-01-31,8.2,0.7,6.843656,1.55086,12.01,1.356344,False
2023-02-01,9.4,5.6,6.875699,1.543548,12.1,2.524301,False
2023-02-02,9.5,5.2,6.905699,1.543118,12.1,2.594301,False
2023-02-03,9.8,7.1,6.963871,1.522258,12.1,2.836129,False
2023-02-04,10.0,8.0,7.006667,1.487312,12.01,2.993333,False
2023-02-05,8.8,3.1,7.066989,1.484839,12.1,1.733011,False
2023-02-06,7.5,0.9,7.10086,1.480108,12.1,0.39914,False
2023-02-07,6.2,-1.5,7.163656,1.468065,12.2,-0.963656,False
2023-02-08,6.3,-3.7,7.236022,1.485054,12.3,-0.936022,False
2023-02-09,6.7,-5.7,7.334301,1.514624,12.41,-0.634301,False
2023-02-10,10.3,-0.1,7.429247,1.58172,12.5,2.870753,False
2023-02-11,9.9,-1.3,7.533763,1.634624,12.5,2.366237,False
2023-02-12,9.1,1.4,7.62828,1.646022,12.6,1.47172,False
2023-02-13,12.0,-1.2,7.707634,1.679247,12.7,4.292366,False
2023-02-14,14.2,-2.3,7.798172,1.724301,12.7,6.401828,False
2023-02-15,12.7,-1.4,7.898817,1.787204,12.71,4.801183,False
2023-02-16,13.2,3.6,8.004409,1.824409,12.8,5.195591,False
2023-02-17,15.0,10.5,8.091828,1.841505,12.81,6.908172,False
2023-02-18,12.1,10.1,8.190215,1.883333,12.9,3.909785,False
2023-02-19,12.8,2.6,8.284946,1.938495,12.91,4.515054,False
2023-02-20,12.5,0.7,8.400645,1.971828,13.01,4.099355,False
2023-02-21,14.8,0.1,8.535914,2.007957,13.3,6.264086,False
2023-02-22,9.4,6.5,8.671828,2.083871,13.5,0.728172,False
2023-02-23,9.9,5.0,8.824946,2.174624,13.7,1.075054,False
2023-02-24,8.9,5.3,8.987742,2.239355,14.0,-0.087742,False
2023-02-25,7.3,2.7,9.132581,2.320538,14.21,-1.832581,False
2023-02-26,4.8,-0.5,9.271935,2.396129,14.5,-4.471935,False
2023-02-27,6.7,-1.2,9.414946,2.456559,14.6,-2.714946,False
2023-02-28,4.3,-2.3,9.593333,2.553118,14.7,-5.293333,False
2023-03-01,6.9,-2.3,9.807527,2.66129,14.9,-2.907527,False
2023-03-02,9.1,-2.2,9.97172,2.782151,15.0,-0.87172,False
2023-03-03,8.7,-0.4,10.097419,2.878602,15.2,-1.397419,False
2023-03-04,5.9,-0.3,10.209247,2.969892,15.3,-4.309247,False
2023-03-05,6.4,3.7,10.352903,3.037312,15.4,-3.952903,False
2023-03-06,7.2,2.3,10.462366,3.131505,15.4,-3.262366,False
2023-03-07,9.0,3.5,10.592151,3.216129,15.5,-1.592151,False
2023-03-08,14.3,5.0,10.720645,3.25871,15.71,3.579355,False
2023-03-09,14.6,9.5,10.873871,3.353548,15.9,3.726129,False
2023-03-10,11.0,3.5,10.997527,3.437957,16.01,0.002473,False
2023-03-11,7.8,2.2,11.117312,3.483441,16.1,-3.317312,False
2023-03-12,14.3,7.7,11.214731,3.523548,16.4,3.085269,False
2023-03-13,16.0,10.1,11.341935,3.553763,16.4,4.658065,False
2023-03-14,10.3,2.1,11.483656,3.61172,16.6,-1.183656,False
2023-03-15,10.9,1.3,11.615914,3.719462,16.7,-0.715914,False
2023-03-16,17.0,4.5,11.770215,3.798387,16.9,5.229785,False
2023-03-17,15.3,8.8,11.958495,3.857419,17.01,3.341505,False
2023-03-18,14.6,8.6,12.135484,3.941935,17.3,2.464516,False
2023-03-19,10.7,3.1,12.272903,4.052258,17.51,-1.572903,False
2023-03-20,14.1,0.6,12.382903,4.135591,17.6,1.717097,False
2023-03-21,14.6,8.2,12.496022,4.197419,17.71,2.103978,False
2023-03-22,14.1,8.5,12.632796,4.253978,17.9,1.467204,False
2023-03-23,15.8,11.4,12.739032,4.322366,18.0,3.060968,False
2023-03-24,14.8,8.8,12.80914,4.356559,18.01,1.99086,False
2023-03-25,13.7,8.6,12.904409,4.375914,18.2,0.795591,False
2023-03-26,12.0,6.8,13.008925,4.415699,18.5,-1.008925,False
2023-03-27,9.7,3.8,13.093011,4.455054,18.6,-3.393011,False
2023-03-28,10.4,2.3,13.18129,4.505591,18.71,-2.78129,False
2023-03-29,19.7,8.6,13.244946,4.558602,18.81,6.455054,False
2023-03-30,16.3,11.2,13.315914,4.612473,19.0,2.984086,False
2023-03-31,13.9,10.2,13.358925,4.642043,19.0,0.541075,False
2023-04-01,13.8,9.0,13.386022,4.653763,19.01,0.413978,False
2023-04-02,9.3,6.0,13.460645,4.670215,19.3,-4.160645,False
2023-04-03,11.4,4.2,13.544731,4.709462,19.5,-2.144731,False
2023-04-04,11.4,0.7,13.648495,4.731075,19.6,-2.248495,False
2023-04-05,14.7,-0.9,13.773118,4.790215,19.8,0.926882,False
2023-04-06,14.5,7.1,13.961183,4.864731,20.0,0.538817,False
2023-04-07,13.2,5.1,14.142366,4.965484,20.3,-0.942366,False
2023-04-08,14.4,2.6,14.286989,5.063226,20.4,0.113011,False
2023-04-09,17.7,1.7,14.443441,5.133763,20.5,3.256559,False
2023-04-10,15.7,7.5,14.59,5.246129,20.6,1.11,False
2023-04-11,13.2,7.6,14.709462,5.367742,20.6,-1.509462,False
2023-04-12,13.1,7.2,14.827097,5.487742,20.7,-1.727097,False
2023-04-13,12.5,5.5,14.918817,5.614409,20.81,-2.418817,False
2023-04-14,9.0,3.4,15.01043,5.713011,21.11,-6.01043,False
2023-04-15,12.8,6.4,15.116129,5.794516,21.2,-2.316129,False
2023-04-16,14.8,2.8,15.20871,5.90043,21.31,-0.40871,False
2023-04-17,11.8,4.2,15.274731,5.998387,21.6,-3.474731,False
2023-04-18,14.7,6.4,15.348387,6.085376,21.82,-0.648387,False
2023-04-19,18.1,7.5,15.444624,6.137957,22.01,2.655376,False
2023-04-20,11.6,3.6,15.574839,6.232473,22.2,-3.974839,False
2023-04-21,12.9,2.3,15.71129,6.343871,22.6,-2.81129,False
2023-04-22,16.5,5.6,15.854194,6.464409,22.71,0.645806,False
2023-04-23,13.5,8.2,15.991828,6.597742,22.81,-2.491828,False
2023-04-24,12.8,7.4,16.122151,6.772581,22.91,-3.322151,False
2023-04-25,11.7,5.4,16.255806,6.926129,23.1,-4.555806,False
2023-04-26,13.6,3.7,16.359677,7.070323,23.1,-2.759677,False
2023-04-27,19.0,8.2,16.451613,7.200215,23.1,2.548387,False
2023-04-28,21.1,11.8,16.569785,7.323011,23.2,4.530215,False
2023-04-29,15.4,8.7,16.683118,7.444409,23.3,-1.283118,False
2023-04-30,17.0,7.3,16.799355,7.532151,23.3,0.200645,False
2023-05-01,16.5,9.0,16.935376,7.641183,23.31,-0.435376,False
2023-05-02,17.9,6.3,17.072688,7.783548,23.5,0.827312,False
2023-05-03,20.6,6.1,17.192903,7.897097,23.5,3.407097,False
2023-05-04,22.2,9.7,17.302258,7.995269,23.61,4.897742,False
2023-05-05,19.3,11.6,17.421613,8.13086,23.6,1.878387,False
2023-05-06,20.8,10.2,17.53,8.267849,23.61,3.27,False
2023-05-07,18.2,11.7,17.583978,8.377312,23.7,0.616022,False
2023-05-08,18.9,9.7,17.656989,8.459892,23.7,1.243011,False
2023-05-09,16.9,11.7,17.760968,8.590108,23.8,-0.860968,False
2023-05-10,15.9,9.6,17.879892,8.714731,24.1,-1.979892,False
2023-05-11,15.8,9.9,17.999785,8.806022,24.2,-2.199785,False
2023-05-12,14.7,8.9,18.142043,8.904731,24.3,-3.442043,False
2023-05-13,19.9,10.9,18.275699,9.007849,24.61,1.624301,False
2023-05-14,18.8,9.1,18.429677,9.096344,24.7,0.370323,False
2023-05-15,16.2,8.2,18.576237,9.216237,24.7,-2.376237,False
2023-05-16,15.7,5.9,18.686667,9.325484,24.7,-2.986667,False
2023-05-17,16.9,6.0,18.832688,9.405914,24.8,-1.932688,False
2023-05-18,16.9,6.5,18.98871,9.543548,24.9,-2.08871,False
2023-05-19,19.2,6.7,19.098065,9.65914,24.9,0.101935,False
2023-05-20,20.7,10.7,19.20957,9.780968,24.9,1.49043,False
2023-05-21,21.5,12.0,19.340538,9.899785,25.0,2.159462,False
2023-05-22,21.1,11.7,19.457849,10.029032,25.11,1.642151,False
2023-05-23,17.7,9.8,19.555699,10.152473,25.3,-1.855699,False
2023-05-24,19.4,6.8,19.656452,10.234624,25.31,-0.256452,False
2023-05-25,21.2,9.5,19.766022,10.300968,25.4,1.433978,False
2023-05-26,22.3,9.7,19.841505,10.382903,25.51,2.458495,False
2023-05-27,23.8,10.4,19.933333,10.462258,25.7,3.866667,False
2023-05-28,25.6,11.6,20.014946,10.552151,25.7,5.585054,False
2023-05-29,23.6,12.7,20.098065,10.640215,25.7,3.501935,False
2023-05-30,21.8,11.0,20.24086,10.741505,25.71,1.55914,False
2023-05-31,25.3,11.1,20.336559,10.893118,25.81,4.963441,False
2023-06-01,26.3,13.0,20.429355,10.999785,25.81,5.870645,False
2023-06-02,20.1,10.0,20.546237,11.08871,25.91,-0.446237,False
2023-06-03,24.0,9.6,20.677097,11.206344,26.1,3.322903,False
2023-06-04,25.3,11.9,20.822581,11.326129,26.21,4.477419,False
2023-06-05,25.5,11.9,20.942796,11.438602,26.4,4.557204,False
2023-06-06,26.3,11.4,21.027634,11.527312,26.41,5.272366,False
2023-06-07,27.1,12.9,21.127634,11.601828,26.7,5.972366,True
2023-06-08,27.4,13.2,21.202043,11.69172,26.9,6.197957,True
2023-06-09,29.6,15.1,21.305376,11.751075,27.0,8.294624,True
2023-06-10,27.5,16.9,21.379677,11.842151,27.1,6.120323,True
2023-06-11,24.8,17.7,21.495376,11.932258,27.2,3.304624,False
2023-06-12,26.6,15.5,21.602796,12.033118,27.3,4.997204,False
2023-06-13,28.6,15.0,21.733441,12.136022,27.4,6.866559,True
2023-06-14,28.5,12.5,21.834516,12.236667,27.5,6.665484,True
2023-06-15,28.0,13.1,21.926129,12.311613,27.61,6.073871,True
2023-06-16,29.2,13.0,22.062151,12.416452,28.1,7.137849,True
2023-06-17,29.1,17.3,22.15086,12.537312,28.12,6.94914,True
2023-06-18,28.4,16.3,22.223871,12.597097,28.51,6.176129,False
2023-06-19,24.0,15.3,22.335699,12.675914,28.6,1.664301,False
2023-06-20,24.9,17.6,22.428172,12.774194,28.61,2.471828,False
2023-06-21,26.8,16.3,22.504194,12.844946,28.7,4.295806,False
2023-06-22,23.4,15.8,22.574409,12.888387,28.71,0.825591,False
2023-06-23,27.2,12.9,22.633333,12.929462,28.8,4.566667,False
2023-06-24,28.7,14.4,22.706129,12.993978,28.8,5.993871,False
2023-06-25,32.3,15.5,22.772903,13.053011,28.9,9.527097,False
2023-06-26,23.6,15.1,22.852258,13.122581,28.91,0.747742,False
2023-06-27,24.4,11.9,22.920645,13.188172,28.91,1.479355,False
2023-06-28,25.1,13.7,23.023011,13.255484,29.01,2.076989,False
2023-06-29,24.8,16.7,23.11,13.338172,29.1,1.69,False
2023-06-30,23.5,14.3,23.213226,13.40172,29.4,0.286774,False
2023-07-01,23.0,16.1,23.345914,13.453978,29.4,-0.345914,False
2023-07-02,22.8,13.2,23.444194,13.534731,29.5,-0.644194,False
2023-07-03,23.8,14.7,23.538925,13.616559,29.61,0.261075,False
2023-07-04,21.9,11.7,23.630753,13.692258,29.71,-1.730753,False
2023-07-05,21.4,11.3,23.709032,13.773763,29.8,-2.309032,False
2023-07-06,25.7,11.2,23.797204,13.825484,29.8,1.902796,False
2023-07-07,30.2,13.7,23.9,13.868817,29.9,6.3,False
2023-07-08,32.8,18.9,24.007312,13.954301,29.9,8.792688,False
2023-07-09,26.1,18.4,24.111183,14.031398,29.9,1.988817,False
2023-07-10,28.3,15.1,24.169247,14.104409,30.0,4.130753,False
2023-07-11,30.6,14.7,24.231183,14.15957,30.0,6.368817,False
2023-07-12,24.7,15.0,24.265269,14.217527,30.01,0.434731,False
2023-07-13,24.2,14.1,24.302151,14.260753,30.0,-0.102151,False
2023-07-14,30.7,13.6,24.350215,14.277634,29.9,6.349785,False
2023-07-15,23.6,17.1,24.384516,14.312258,30.0,-0.784516,False
2023-07-16,23.9,14.2,24.453441,14.343118,30.0,-0.553441,False
2023-07-17,24.8,12.2,24.514194,14.354409,30.0,0.285806,False
2023-07-18,29.3,12.6,24.582473,14.373226,30.01,4.717527,False
2023-07-19,23.6,15.5,24.637849,14.422366,30.1,-1.037849,False
2023-07-20,25.5,12.4,24.704516,14.45,30.21,0.795484,False
2023-07-21,24.2,14.4,24.806344,14.46871,30.3,-0.606344,False
2023-07-22,25.7,10.2,24.897312,14.503226,30.4,0.802688,False
2023-07-23,23.6,16.5,24.99086,14.548065,30.5,-1.39086,False
2023-07-24,22.9,15.9,25.045591,14.602473,30.51,-2.145591,False
2023-07-25,19.3,13.6,25.092581,14.634731,30.6,-5.792581,False
2023-07-26,23.0,11.2,25.128495,14.647419,30.6,-2.128495,False
2023-07-27,22.0,17.7,25.173978,14.642796,30.7,-3.173978,False
2023-07-28,23.1,17.8,25.224731,14.662258,30.81,-2.124731,False
2023-07-29,22.9,16.4,25.235376,14.670968,30.9,-2.335376,False
2023-07-30,22.9,14.8,25.253226,14.672258,30.81,-2.353226,False
2023-07-31,21.5,16.4,25.243441,14.678065,30.7,-3.743441,False
2023-08-01,20.9,15.5,25.238065,14.645591,30.61,-4.338065,False
2023-08-02,22.5,16.4,25.218495,14.64,30.61,-2.718495,False
2023-08-03,18.3,14.9,25.202366,14.620968,30.6,-6.902366,False
2023-08-04,20.6,13.3,25.174516,14.594301,30.51,-4.574516,False
2023-08-05,18.9,11.6,25.139462,14.555806,30.5,-6.239462,False
2023-08-06,19.4,13.1,25.125914,14.54,30.5,-5.725914,False
2023-08-07,21.7,11.2,25.102151,14.533226,30.4,-3.402151,False
2023-08-08,23.2,13.4,25.063763,14.508387,30.41,-1.863763,False
2023-08-09,23.4,15.2,25.004086,14.477204,30.41,-1.604086,False
2023-08-10,27.2,14.0,24.966667,14.451613,30.41,2.233333,False
2023-08-11,26.9,16.7,24.933441,14.419462,30.41,1.966559,False
2023-08-12,25.1,17.3,24.863333,14.384194,30.4,0.236667,False
2023-08-13,23.5,14.9,24.782581,14.321828,30.3,-1.282581,False
2023-08-14,27.2,14.2,24.663763,14.256022,30.3,2.536237,False
2023-08-15,24.0,16.3,24.586344,14.17043,30.21,-0.586344,False
2023-08-16,25.7,17.0,24.489355,14.101935,30.11,1.210645,False
2023-08-17,27.8,17.6,24.344946,14.012688,30.0,3.455054,False
2023-08-18,30.3,18.2,24.227527,13.906774,29.9,6.072473,False
2023-08-19,26.6,19.3,24.130215,13.803333,29.7,2.469785,False
2023-08-20,29.9,16.5,24.021613,13.728172,29.7,5.878387,False
2023-08-21,28.1,17.0,23.875054,13.655806,29.5,4.224946,False
2023-08-22,30.2,17.4,23.727204,13.571613,29.4,6.472796,False
2023-08-23,30.9,16.8,23.581505,13.477312,29.21,7.318495,False
2023-08-24,26.2,20.2,23.481398,13.365484,29.01,2.718602,False
2023-08-25,21.3,15.9,23.399462,13.274624,29.0,-2.099462,False
2023-08-26,21.5,12.9,23.32828,13.209677,29.0,-1.82828,False
2023-08-27,20.3,11.8,23.22043,13.144516,28.9,-2.92043,False
2023-08-28,20.0,12.7,23.091398,13.070215,28.71,-3.091398,False
2023-08-29,20.1,11.3,22.978387,12.98043,28.7,-2.878387,False
2023-08-30,19.9,11.5,22.863333,12.891183,28.7,-2.963333,False
2023-08-31,18.8,12.0,22.728172,12.79172,28.6,-3.928172,False
2023-09-01,23.4,16.9,22.589785,12.684946,28.5,0.810215,False
2023-09-02,28.7,14.6,22.452151,12.555054,28.3,6.247849,True
2023-09-03,30.2,17.3,22.296344,12.429247,28.21,7.903656,True
2023-09-04,30.4,16.9,22.149032,12.315376,28.11,8.250968,True
2023-09-05,33.2,17.5,22.034731,12.199462,27.8,11.165269,True
2023-09-06,32.5,16.8,21.915699,12.065269,27.6,10.584301,True
2023-09-07,32.6,14.8,21.757312,11.956129,27.3,10.842688,True
2023-09-08,34.1,17.4,21.62043,11.842473,27.2,12.47957,True
2023-09-09,34.5,18.4,21.474839,11.735699,26.9,13.025161,True
2023-09-10,33.7,19.4,21.303763,11.608387,26.71,12.396237,True
2023-09-11,27.5,17.8,21.136989,11.472796,26.41,6.363011,True
2023-09-12,19.7,16.8,21.013656,11.338065,26.3,-1.313656,False
2023-09-13,22.6,16.1,20.902903,11.246022,26.2,1.697097,False
2023-09-14,24.0,13.3,20.814409,11.186667,26.1,3.185591,False
2023-09-15,26.6,13.3,20.701183,11.113118,26.1,5.898817,False
2023-09-16,25.8,13.9,20.568817,11.063118,25.91,5.231183,False
2023-09-17,26.9,16.1,20.457957,11.020645,25.9,6.442043,False
2023-09-18,23.8,14.7,20.314839,10.952043,25.8,3.485161,False
2023-09-19,21.7,12.4,20.143656,10.876989,25.6,1.556344,False
2023-09-20,24.4,15.6,19.958602,10.774839,25.31,4.441398,False
2023-09-21,19.4,13.1,19.803978,10.674624,25.1,-0.403978,False
2023-09-22,16.7,10.5,19.644516,10.58043,24.9,-2.944516,False
2023-09-23,17.8,8.0,19.49828,10.498387,24.8,-1.69828,False
2023-09-24,20.4,5.8,19.35,10.436022,24.7,1.05,False
2023-09-25,23.3,8.1,19.185054,10.354946,24.5,4.114946,False
2023-09-26,24.5,12.6,19.026559,10.284409,24.1,5.473441,False
2023-09-27,25.6,12.2,18.878172,10.192688,23.7,6.721828,False
2023-09-28,22.6,15.0,18.753333,10.081935,23.7,3.846667,False
2023-09-29,20.4,11.4,18.627419,9.990968,23.7,1.772581,False
2023-09-30,22.3,8.8,18.475806,9.889355,23.51,3.824194,False
2023-10-01,26.7,10.9,18.327634,9.786129,23.3,8.372366,False
2023-10-02,28.3,11.7,18.149677,9.694946,23.11,10.150323,False
2023-10-03,20.9,11.3,17.984946,9.58086,23.1,2.915054,False
2023-10-04,18.3,7.3,17.818172,9.491398,23.0,0.481828,False
2023-10-05,18.9,8.5,17.633441,9.413226,22.8,1.266559,False
2023-10-06,22.0,6.3,17.453441,9.33,22.6,4.546559,False
2023-10-07,24.6,7.6,17.257419,9.264409,22.4,7.342581,False
2023-10-08,27.0,10.1,17.095591,9.181935,22.21,9.904409,False
2023-10-09,26.4,9.8,16.909892,9.105054,21.9,9.490108,False
2023-10-10,28.0,9.5,16.763011,9.038495,21.6,11.236989,False
2023-10-11,25.8,11.0,16.63,8.962796,21.5,9.17,False
2023-10-12,22.4,16.2,16.474731,8.881935,21.4,5.925269,False
2023-10-13,25.7,17.2,16.295591,8.785161,21.2,9.404409,False
2023-10-14,17.9,9.3,16.107204,8.662473,21.1,1.792796,False
2023-10-15,13.2,5.0,15.919247,8.534409,20.9,-2.719247,False
2023-10-16,13.5,3.1,15.740753,8.407742,20.6,-2.240753,False
2023-10-17,16.9,4.4,15.565699,8.274086,20.4,1.334301,False
2023-10-18,18.1,11.4,15.401935,8.144624,20.2,2.698065,False
2023-10-19,21.9,15.2,15.272473,8.071398,20.01,6.627527,False
2023-10-20,18.1,13.2,15.124731,7.952903,19.9,2.975269,False
2023-10-21,15.7,11.6,14.97957,7.832688,19.8,0.72043,False
2023-10-22,16.4,8.0,14.816774,7.714086,19.61,1.583226,False
2023-10-23,11.4,7.5,14.655591,7.613978,19.5,-3.255591,False
2023-10-24,16.0,10.8,14.485376,7.494301,19.3,1.514624,False
2023-10-25,14.5,9.8,14.299462,7.35871,19.2,0.200538,False
2023-10-26,15.1,9.8,14.103011,7.229892,19.0,0.996989,False
2023-10-27,14.7,10.4,13.913333,7.078172,18.7,0.786667,False
2023-10-28,14.7,10.8,13.718172,6.957634,18.5,0.981828,False
2023-10-29,15.7,11.6,13.52828,6.848065,18.2,2.17172,False
2023-10-30,12.2,8.8,13.336989,6.734301,18.0,-1.136989,False
2023-10-31,15.2,8.3,13.151183,6.633118,17.9,2.048817,False
2023-11-01,13.2,10.9,12.946882,6.535054,17.61,0.253118,False
2023-11-02,13.2,8.0,12.756237,6.433226,17.5,0.443763,False
2023-11-03,10.2,5.8,12.572043,6.332688,17.4,-2.372043,False
2023-11-04,13.9,8.2,12.382796,6.217312,17.2,1.517204,False
2023-11-05,13.7,9.1,12.198387,6.069032,17.1,1.501613,False
2023-11-06,13.3,8.2,12.006022,5.931935,16.8,1.293978,False
2023-11-07,12.3,6.8,11.81914,5.79871,16.6,0.48086,False
2023-11-08,12.3,6.6,11.640968,5.681075,16.4,0.659032,False
2023-11-09,11.5,7.8,11.469462,5.537742,16.31,0.030538,False
2023-11-10,11.3,6.0,11.299892,5.417634,16.2,0.000108,False
2023-11-11,11.3,5.0,11.116022,5.307312,15.9,0.183978,False
2023-11-12,13.0,6.3,10.936774,5.192688,15.7,2.063226,False
2023-11-13,16.7,11.8,10.768817,5.09086,15.5,5.931183,False
2023-11-14,13.1,10.4,10.613226,4.978602,15.5,2.486774,False
2023-11-15,12.7,7.0,10.43129,4.863871,15.1,2.26871,False
2023-11-16,11.8,7.4,10.242903,4.78043,14.8,1.557097,False
2023-11-17,11.6,7.0,10.076344,4.677742,14.61,1.523656,False
2023-11-18,14.4,8.1,9.912366,4.582258,14.41,4.487634,False
2023-11-19,14.7,10.4,9.72828,4.446559,14.21,4.97172,False
2023-11-20,12.3,9.4,9.57043,4.348925,14.1,2.72957,False
2023-11-21,11.7,8.8,9.421075,4.254409,13.91,2.278925,False
2023-11-22,9.5,3.9,9.283226,4.150538,13.8,0.216774,False
2023-11-23,11.8,5.6,9.15828,4.035161,13.7,2.64172,False
2023-11-24,10.9,3.3,9.005806,3.926559,13.6,1.894194,False
2023-11-25,7.9,0.7,8.851505,3.8,13.5,-0.951505,False
2023-11-26,6.3,-0.9,8.723656,3.690753,13.5,-2.423656,False
2023-11-27,8.7,3.7,8.586237,3.600108,13.4,0.113763,False
2023-11-28,6.8,1.2,8.456882,3.495699,13.2,-1.656882,False
2023-11-29,8.2,0.9,8.310215,3.371183,13.1,-0.110215,False
2023-11-30,6.7,1.4,8.164301,3.247527,12.91,-1.464301,False
2023-12-01,3.8,0.2,8.06957,3.152366,12.8,-4.26957,False
2023-12-02,3.2,-2.3,8.008387,3.062688,12.8,-4.808387,False
2023-12-03,3.1,-2.7,7.954409,3.026452,12.7,-4.854409,False
2023-12-04,9.3,2.4,7.920645,2.998495,12.61,1.379355,False
2023-12-05,7.9,6.0,7.876452,2.963548,12.6,0.023548,False
2023-12-06,7.3,2.0,7.843226,2.947634,12.6,-0.543226,False
2023-12-07,5.7,2.4,7.816237,2.966667,12.6,-2.116237,False
2023-12-08,10.6,6.1,7.782366,2.971828,12.51,2.817634,False
2023-12-09,13.5,5.7,7.736667,2.953441,12.5,5.763333,False
2023-12-10,12.5,8.2,7.665484,2.918065,12.4,4.834516,False
2023-12-11,12.2,9.4,7.566237,2.812796,12.3,4.633763,False
2023-12-12,12.9,10.0,7.476559,2.733763,12.3,5.423441,False
2023-12-13,9.8,7.3,7.369355,2.642581,12.21,2.430645,False
2023-12-14,8.0,6.9,7.29086,2.527849,12.2,0.70914,False
2023-12-15,10.4,5.7,7.245161,2.492581,12.11,3.154839,False
2023-12-16,9.6,1.4,7.203656,2.466882,12.1,2.396344,False
2023-12-17,6.5,-0.3,7.145269,2.414624,12.01,-0.645269,False
2023-12-18,2.9,0.4,7.100215,2.372043,12.0,-4.200215,False
2023-12-19,9.0,3.2,7.056022,2.313226,12.01,1.943978,False
2023-12-20,9.3,4.2,7.005376,2.260645,12.0,2.294624,False
2023-12-21,11.5,9.0,6.970753,2.22957,12.0,4.529247,False
2023-12-22,10.9,8.8,6.947527,2.212903,12.0,3.952473,False
2023-12-23,11.4,8.7,6.923226,2.220108,12.0,4.476774,False
2023-12-24,12.3,9.4,6.916129,2.240215,12.0,5.383871,False
2023-12-25,12.0,10.5,6.95129,2.25828,12.1,5.04871,False
2023-12-26,10.7,9.6,6.977419,2.290753,12.1,3.722581,False
2023-12-27,10.4,7.7,6.982903,2.3,12.0,3.417097,False
2023-12-28,11.3,8.8,6.98172,2.297634,12.0,4.31828,False
2023-12-29,11.3,8.8,7.001613,2.315376,12.1,4.298387,False
2023-12-30,11.0,7.3,7.022796,2.333978,12.1,3.977204,False
2023-12-31,10.7,7.0,7.052903,2.354194,12.1,3.647097,False
2024-01-01,10.0,5.6,7.055161,2.352581,12.11,2.944839,False
2024-01-02,11.6,10.2,7.037742,2.345914,12.1,4.562258,False
2024-01-03,12.2,9.3,7.003763,2.30871,12.1,5.196237,False
2024-01-04,10.7,7.1,6.961183,2.287312,12.1,3.738817,False
2024-01-05,9.4,4.5,6.928065,2.273226,12.1,2.471935,False
2024-01-06,6.8,3.2,6.896344,2.22914,12.01,-0.096344,False
2024-01-07,4.2,0.7,6.845376,2.169677,12.0,-2.645376,False
2024-01-08,-0.1,-1.8,6.791828,2.116237,11.9,-6.891828,False
2024-01-09,-1.7,-3.3,6.744409,2.053548,11.8,-8.444409,False
2024-01-10,0.5,-2.7,6.723548,1.996559,11.8,-6.223548,False
2024-01-11,2.3,-2.8,6.705376,1.980753,11.8,-4.405376,False
2024-01-12,2.5,-1.0,6.706882,1.967097,11.8,-4.206882,False
2024-01-13,-0.3,-2.5,6.735806,1.980108,11.8,-7.035806,False
2024-01-14,-0.6,-3.7,6.731828,2.012473,11.8,-7.331828,False
2024-01-15,4.5,-3.0,6.702473,1.963011,11.8,-2.202473,False
2024-01-16,2.8,-5.1,6.692258,1.921398,11.8,-3.892258,False
2024-01-17,8.8,-0.8,6.713978,1.919677,11.8,2.086022,False
2024-01-18,2.5,-3.2,6.707312,1.896882,11.8,-4.207312,False
2024-01-19,2.7,-5.3,6.710645,1.88086,11.8,-4.010645,False
2024-01-20,2.5,-4.3,6.727742,1.89828,11.8,-4.227742,False
2024-01-21,9.6,-1.0,6.756989,1.903333,11.8,2.843011,False
2024-01-22,12.1,8.2,6.780108,1.892473,11.8,5.319892,False
2024-01-23,13.3,6.9,6.785376,1.837849,11.8,6.514624,False
2024-01-24,14.2,11.5,6.784409,1.797419,11.8,7.415591,False
2024-01-25,13.1,10.0,6.764301,1.731183,11.8,6.335699,False
2024-01-26,11.7,1.8,6.763226,1.680645,11.8,4.936774,False
2024-01-27,8.0,-1.8,6.776667,1.662688,11.8,1.223333,False
2024-01-28,8.8,0.2,6.797742,1.637204,11.81,2.002258,False
2024-01-29,13.5,4.0,6.78172,1.586882,11.8,6.71828,False
2024-01-30,11.3,6.4,6.797419,1.555806,11.9,4.502581,False
2024-01-31,10.1,3.7,6.843656,1.55086,12.01,3.256344,False
2024-02-01,11.2,4.8,6.875699,1.543548,12.1,4.324301,False
2024-02-02,8.8,3.1,6.905699,1.543118,12.1,1.894301,False
2024-02-03,10.3,7.8,6.963871,1.522258,12.1,3.336129,False
2024-02-04,9.9,8.7,7.006667,1.487312,12.01,2.893333,False
2024-02-05,9.1,7.2,7.066989,1.484839,12.1,2.033011,False
2024-02-06,11.8,7.1,7.10086,1.480108,12.1,4.69914,False
2024-02-07,12.1,10.8,7.163656,1.468065,12.2,4.936344,False
2024-02-08,13.4,10.2,7.236022,1.485054,12.3,6.163978,False
2024-02-09,13.3,9.4,7.334301,1.514624,12.41,5.965699,False
2024-02-10,9.7,6.5,7.429247,1.58172,12.5,2.270753,False
2024-02-11,9.8,6.3,7.533763,1.634624,12.5,2.266237,False
2024-02-12,10.8,2.6,7.62828,1.646022,12.6,3.17172,False
2024-02-13,10.1,1.7,7.707634,1.679247,12.7,2.392366,False
2024-02-14,15.2,9.5,7.798172,1.724301,12.7,7.401828,False
2024-02-15,17.5,8.5,7.898817,1.787204,12.71,9.601183,False
2024-02-16,14.5,10.0,8.004409,1.824409,12.8,6.495591,False
2024-02-17,14.5,7.7,8.091828,1.841505,12.81,6.408172,False
2024-02-18,11.7,6.7,8.190215,1.883333,12.9,3.509785,False
2024-02-19,11.1,7.7,8.284946,1.938495,12.91,2.815054,False
2024-02-20,10.1,6.3,8.400645,1.971828,13.01,1.699355,False
2024-02-21,10.9,6.7,8.535914,2.007957,13.3,2.364086,False
2024-02-22,12.7,5.1,8.671828,2.083871,13.5,4.028172,False
2024-02-23,8.6,4.3,8.824946,2.174624,13.7,-0.224946,False
2024-02-24,8.5,3.2,8.987742,2.239355,14.0,-0.487742,False
2024-02-25,8.2,4.8,9.132581,2.320538,14.21,-0.932581,False
2024-02-26,9.5,5.7,9.271935,2.396129,14.5,0.228065,False
2024-02-27,9.0,4.3,9.414946,2.456559,14.6,-0.414946,False
2024-02-28,10.2,0.1,9.593333,2.553118,14.7,0.606667,False
2024-02-29,10.3,6.7,9.70043,2.607204,14.8,0.59957,False
2024-03-01,10.5,4.6,9.807527,2.66129,14.9,0.692473,False
2024-03-02,8.0,4.7,9.97172,2.782151,15.0,-1.97172,False
2024-03-03,9.1,2.7,10.097419,2.878602,15.2,-0.997419,False
2024-03-04,11.5,0.0,10.209247,2.969892,15.3,1.290753,False
2024-03-05,9.9,5.4,10.352903,3.037312,15.4,-0.452903,False
2024-03-06,9.7,3.4,10.462366,3.131505,15.4,-0.762366,False
2024-03-07,12.8,1.4,10.592151,3.216129,15.5,2.207849,False
2024-03-08,13.3,2.8,10.720645,3.25871,15.71,2.579355,False
2024-03-09,13.4,5.6,10.873871,3.353548,15.9,2.526129,False
2024-03-10,10.7,4.4,10.997527,3.437957,16.01,-0.297527,False
2024-03-11,11.7,4.0,11.117312,3.483441,16.1,0.582688,False
2024-03-12,11.7,7.2,11.214731,3.523548,16.4,0.485269,False
2024-03-13,13.9,7.9,11.341935,3.553763,16.4,2.558065,False
2024-03-14,18.1,4.6,11.483656,3.61172,16.6,6.616344,False
2024-03-15,16.1,11.6,11.615914,3.719462,16.7,4.484086,False
2024-03-16,14.9,9.9,11.770215,3.798387,16.9,3.129785,False
2024-03-17,15.3,9.8,11.958495,3.857419,17.01,3.341505,False
2024-03-18,16.7,8.4,12.135484,3.941935,17.3,4.564516,False
2024-03-19,17.3,7.5,12.272903,4.052258,17.51,5.027097,False
2024-03-20,20.1,6.6,12.382903,4.135591,17.6,7.717097,False
2024-03-21,19.3,8.2,12.496022,4.197419,17.71,6.803978,False
2024-03-22,18.4,7.2,12.632796,4.253978,17.9,5.767204,False
2024-03-23,10.2,4.5,12.739032,4.322366,18.0,-2.539032,False
2024-03-24,12.1,2.9,12.80914,4.356559,18.01,-0.70914,False
2024-03-25,13.1,1.5,12.904409,4.375914,18.2,0.195591,False
2024-03-26,12.1,5.4,13.008925,4.415699,18.5,-0.908925,False
2024-03-27,12.7,5.4,13.093011,4.455054,18.6,-0.393011,False
2024-03-28,11.9,5.5,13.18129,4.505591,18.71,-1.28129,False
2024-03-29,14.2,7.5,13.244946,4.558602,18.81,0.955054,False
2024-03-30,11.6,6.6,13.315914,4.612473,19.0,-1.715914,False
2024-03-31,14.0,6.2,13.358925,4.642043,19.0,0.641075,False
2024-04-01,13.4,6.9,13.386022,4.653763,19.01,0.013978,False
2024-04-02,13.5,7.8,13.460645,4.670215,19.3,0.039355,False
2024-04-03,16.4,9.8,13.544731,4.709462,19.5,2.855269,False
2024-04-04,18.2,11.4,13.648495,4.731075,19.6,4.551505,False
2024-04-05,17.6,12.7,13.773118,4.790215,19.8,3.826882,False
2024-04-06,23.0,12.5,13.961183,4.864731,20.0,9.038817,False
2024-04-07,17.8,12.1,14.142366,4.965484,20.3,3.657634,False
2024-04-08,21.9,10.8,14.286989,5.063226,20.4,7.613011,False
2024-04-09,12.0,6.2,14.443441,5.133763,20.5,-2.443441,False
2024-04-10,16.0,4.1,14.59,5.246129,20.6,1.41,False
2024-04-11,18.3,10.5,14.709462,5.367742,20.6,3.590538,False
2024-04-12,22.7,8.9,14.827097,5.487742,20.7,7.872903,False
2024-04-13,25.7,10.2,14.918817,5.614409,20.81,10.781183,False
2024-04-14,19.2,10.3,15.01043,5.713011,21.11,4.18957,False
2024-04-15,13.3,6.6,15.116129,5.794516,21.2,-1.816129,False
2024-04-16,12.3,6.1,15.20871,5.90043,21.31,-2.90871,False
2024-04-17,10.9,4.6,15.274731,5.998387,21.6,-4.374731,False
2024-04-18,12.5,3.3,15.348387,6.085376,21.82,-2.848387,False
2024-04-19,11.7,6.1,15.444624,6.137957,22.01,-3.744624,False
2024-04-20,10.3,2.7,15.574839,6.232473,22.2,-5.274839,False
2024-04-21,10.9,2.2,15.71129,6.343871,22.6,-4.81129,False
2024-04-22,10.8,2.3,15.854194,6.464409,22.71,-5.054194,False
2024-04-23,11.6,1.1,15.991828,6.597742,22.81,-4.391828,False
2024-04-24,10.3,4.7,16.122151,6.772581,22.91,-5.822151,False
2024-04-25,13.1,2.2,16.255806,6.926129,23.1,-3.155806,False
2024-04-26,15.5,4.0,16.359677,7.070323,23.1,-0.859677,False
2024-04-27,14.3,8.8,16.451613,7.200215,23.1,-2.151613,False
2024-04-28,15.8,9.0,16.569785,7.323011,23.2,-0.769785,False
2024-04-29,17.8,5.4,16.683118,7.444409,23.3,1.116882,False
2024-04-30,17.3,11.0,16.799355,7.532151,23.3,0.500645,False
2024-05-01,19.3,11.3,16.935376,7.641183,23.31,2.364624,False
2024-05-02,12.7,10.1,17.072688,7.783548,23.5,-4.372688,False
2024-05-03,16.1,7.9,17.192903,7.897097,23.5,-1.092903,False
2024-05-04,14.0,6.5,17.302258,7.995269,23.61,-3.302258,False
2024-05-05,16.7,9.4,17.421613,8.13086,23.6,-0.721613,False
2024-05-06,17.8,9.1,17.53,8.267849,23.61,0.27,False
2024-05-07,19.1,8.2,17.583978,8.377312,23.7,1.516022,False
2024-05-08,13.8,8.3,17.656989,8.459892,23.7,-3.856989,False
2024-05-09,20.8,7.4,17.760968,8.590108,23.8,3.039032,False
2024-05-10,23.6,9.7,17.879892,8.714731,24.1,5.720108,False
2024-05-11,25.9,10.5,17.999785,8.806022,24.2,7.900215,False
2024-05-12,25.0,11.3,18.142043,8.904731,24.3,6.857957,False
2024-05-13,21.6,14.8,18.275699,9.007849,24.61,3.324301,False
2024-05-14,16.0,12.9,18.429677,9.096344,24.7,-2.429677,False
2024-05-15,19.8,11.5,18.576237,9.216237,24.7,1.223763,False
2024-05-16,19.1,10.9,18.686667,9.325484,24.7,0.413333,False
2024-05-17,19.7,8.7,18.832688,9.405914,24.8,0.867312,False
2024-05-18,20.7,9.8,18.98871,9.543548,24.9,1.71129,False
2024-05-19,20.1,12.4,19.098065,9.65914,24.9,1.001935,False
2024-05-20,21.1,10.3,19.20957,9.780968,24.9,1.89043,False
2024-05-21,18.7,12.7,19.340538,9.899785,25.0,-0.640538,False
2024-05-22,19.3,11.5,19.457849,10.029032,25.11,-0.157849,False
2024-05-23,19.1,11.4,19.555699,10.152473,25.3,-0.455699,False
2024-05-24,18.8,10.8,19.656452,10.234624,25.31,-0.856452,False
2024-05-25,21.6,9.8,19.766022,10.300968,25.4,1.833978,False
2024-05-26,21.0,13.0,19.841505,10.382903,25.51,1.158495,False
2024-05-27,16.5,9.5,19.933333,10.462258,25.7,-3.433333,False
2024-05-28,16.9,9.1,20.014946,10.552151,25.7,-3.114946,False
2024-05-29,16.1,13.3,20.098065,10.640215,25.7,-3.998065,False
2024-05-30,16.4,11.6,20.24086,10.741505,25.71,-3.84086,False
2024-05-31,15.9,11.6,20.336559,10.893118,25.81,-4.436559,False
2024-06-01,13.4,12.2,20.429355,10.999785,25.81,-7.029355,False
2024-06-02,17.0,10.7,20.546237,11.08871,25.91,-3.546237,False
2024-06-03,21.1,8.4,20.677097,11.206344,26.1,0.422903,False
2024-06-04,23.0,11.8,20.822581,11.326129,26.21,2.177419,False
2024-06-05,20.2,11.8,20.942796,11.438602,26.4,-0.742796,False
2024-06-06,20.9,9.2,21.027634,11.527312,26.41,-0.127634,False
2024-06-07,22.3,7.9,21.127634,11.601828,26.7,1.172366,False
2024-06-08,21.8,8.1,21.202043,11.69172,26.9,0.597957,False
2024-06-09,21.4,9.8,21.305376,11.751075,27.0,0.094624,False
2024-06-10,17.1,8.6,21.379677,11.842151,27.1,-4.279677,False
2024-06-11,16.3,5.9,21.495376,11.932258,27.2,-5.195376,False
2024-06-12,17.4,5.8,21.602796,12.033118,27.3,-4.202796,False
2024-06-13,20.2,7.4,21.733441,12.136022,27.4,-1.533441,False
2024-06-14,21.4,12.6,21.834516,12.236667,27.5,-0.434516,False
2024-06-15,17.1,11.0,21.926129,12.311613,27.61,-4.826129,False
2024-06-16,18.7,12.8,22.062151,12.416452,28.1,-3.362151,False
2024-06-17,22.9,14.1,22.15086,12.537312,28.12,0.74914,False
2024-06-18,23.9,14.8,22.223871,12.597097,28.51,1.676129,False
2024-06-19,21.1,15.6,22.335699,12.675914,28.6,-1.235699,False
2024-06-20,21.6,15.3,22.428172,12.774194,28.61,-0.828172,False
2024-06-21,22.6,16.0,22.504194,12.844946,28.7,0.095806,False
2024-06-22,20.6,12.6,22.574409,12.888387,28.71,-1.974409,False
2024-06-23,24.0,10.7,22.633333,12.929462,28.8,1.366667,False
2024-06-24,27.3,13.1,22.706129,12.993978,28.8,4.593871,False
2024-06-25,29.2,15.7,22.772903,13.053011,28.9,6.427097,True
2024-06-26,30.5,17.2,22.852258,13.122581,28.91,7.647742,True
2024-06-27,29.7,17.4,22.920645,13.188172,28.91,6.779355,True
2024-06-28,23.7,14.1,23.023011,13.255484,29.01,0.676989,False
2024-06-29,22.3,13.2,23.11,13.338172,29.1,-0.81,False
2024-06-30,22.8,14.2,23.213226,13.40172,29.4,-0.413226,False
2024-07-01,20.3,14.4,23.345914,13.453978,29.4,-3.045914,False
2024-07-02,20.8,13.5,23.444194,13.534731,29.5,-2.644194,False
2024-07-03,20.5,12.0,23.538925,13.616559,29.61,-3.038925,False
2024-07-04,21.9,13.1,23.630753,13.692258,29.71,-1.730753,False
2024-07-05,25.5,11.7,23.709032,13.773763,29.8,1.790968,False
2024-07-06,21.0,11.6,23.797204,13.825484,29.8,-2.797204,False
2024-07-07,21.0,9.1,23.9,13.868817,29.9,-2.9,False
2024-07-08,24.7,10.4,24.007312,13.954301,29.9,0.692688,False
2024-07-09,24.5,15.0,24.111183,14.031398,29.9,0.388817,False
2024-07-10,25.4,18.0,24.169247,14.104409,30.0,1.230753,False
2024-07-11,24.1,14.9,24.231183,14.15957,30.0,-0.131183,False
2024-07-12,19.0,13.6,24.265269,14.217527,30.01,-5.265269,False
2024-07-13,21.6,12.7,24.302151,14.260753,30.0,-2.702151,False
2024-07-14,22.7,10.3,24.350215,14.277634,29.9,-1.650215,False
2024-07-15,25.3,12.2,24.384516,14.312258,30.0,0.915484,False
2024-07-16,23.0,15.3,24.453441,14.343118,30.0,-1.453441,False
2024-07-17,26.3,12.2,24.514194,14.354409,30.0,1.785806,False
2024-07-18,29.5,14.5,24.582473,14.373226,30.01,4.917527,False
2024-07-19,33.1,16.9,24.637849,14.422366,30.1,8.462151,False
2024-07-20,30.7,17.6,24.704516,14.45,30.21,5.995484,False
2024-07-21,25.3,17.4,24.806344,14.46871,30.3,0.493656,False
2024-07-22,25.0,13.6,24.897312,14.503226,30.4,0.102688,False
2024-07-23,23.3,15.6,24.99086,14.548065,30.5,-1.69086,False
2024-07-24,25.2,13.2,25.045591,14.602473,30.51,0.154409,False
2024-07-25,28.2,15.4,25.092581,14.634731,30.6,3.107419,False
2024-07-26,21.9,18.7,25.128495,14.647419,30.6,-3.228495,False
2024-07-27,18.7,15.2,25.173978,14.642796,30.7,-6.473978,False
2024-07-28,25.0,10.9,25.224731,14.662258,30.81,-0.224731,False
2024-07-29,30.5,14.8,25.235376,14.670968,30.9,5.264624,False
2024-07-30,35.4,18.8,25.253226,14.672258,30.81,10.146774,False
2024-07-31,30.2,20.9,25.243441,14.678065,30.7,4.956559,False
2024-08-01,30.0,20.2,25.238065,14.645591,30.61,4.761935,False
2024-08-02,27.5,17.6,25.218495,14.64,30.61,2.281505,False
2024-08-03,24.1,14.3,25.202366,14.620968,30.6,-1.102366,False
2024-08-04,24.8,16.3,25.174516,14.594301,30.51,-0.374516,False
2024-08-05,29.3,13.4,25.139462,14.555806,30.5,4.160538,False
2024-08-06,28.8,14.5,25.125914,14.54,30.5,3.674086,False
2024-08-07,24.1,15.7,25.102151,14.533226,30.4,-1.002151,False
2024-08-08,27.4,15.6,25.063763,14.508387,30.41,2.336237,False
2024-08-09,25.6,17.0,25.004086,14.477204,30.41,0.595914,False
2024-08-10,29.2,15.0,24.966667,14.451613,30.41,4.233333,False
2024-08-11,31.4,16.3,24.933441,14.419462,30.41,6.466559,False
2024-08-12,36.2,19.9,24.863333,14.384194,30.4,11.336667,False
2024-08-13,25.9,19.4,24.782581,14.321828,30.3,1.117419,False
2024-08-14,26.3,18.9,24.663763,14.256022,30.3,1.636237,False
2024-08-15,26.8,17.5,24.586344,14.17043,30.21,2.213656,False
2024-08-16,25.6,16.0,24.489355,14.101935,30.11,1.110645,False
2024-08-17,21.5,16.5,24.344946,14.012688,30.0,-2.844946,False
2024-08-18,20.6,13.4,24.227527,13.906774,29.9,-3.627527,False
2024-08-19,22.9,10.9,24.130215,13.803333,29.7,-1.230215,False
2024-08-20,24.1,12.8,24.021613,13.728172,29.7,0.078387,False
2024-08-21,21.8,10.8,23.875054,13.655806,29.5,-2.075054,False
2024-08-22,25.4,10.8,23.727204,13.571613,29.4,1.672796,False
2024-08-23,24.8,15.6,23.581505,13.477312,29.21,1.218495,False
2024-08-24,28.8,14.5,23.481398,13.365484,29.01,5.318602,False
2024-08-25,21.8,10.8,23.399462,13.274624,29.0,-1.599462,False
2024-08-26,23.8,9.3,23.32828,13.209677,29.0,0.47172,False
2024-08-27,26.8,11.5,23.22043,13.144516,28.9,3.57957,False
2024-08-28,31.4,13.0,23.091398,13.070215,28.71,8.308602,False
2024-08-29,25.0,16.2,22.978387,12.98043,28.7,2.021613,False
2024-08-30,19.3,15.4,22.863333,12.891183,28.7,-3.563333,False
2024-08-31,23.8,14.8,22.728172,12.79172,28.6,1.071828,False
2024-09-01,27.2,18.6,22.589785,12.684946,28.5,4.610215,False
2024-09-02,24.5,16.4,22.452151,12.555054,28.3,2.047849,False
2024-09-03,21.2,17.3,22.296344,12.429247,28.21,-1.096344,False
2024-09-04,21.9,15.6,22.149032,12.315376,28.11,-0.249032,False
2024-09-05,16.6,12.0,22.034731,12.199462,27.8,-5.434731,False
2024-09-06,22.5,10.3,21.915699,12.065269,27.6,0.584301,False
2024-09-07,22.1,15.2,21.757312,11.956129,27.3,0.342688,False
2024-09-08,20.6,12.9,21.62043,11.842473,27.2,-1.02043,False
2024-09-09,17.4,13.6,21.474839,11.735699,26.9,-4.074839,False
2024-09-10,17.2,11.0,21.303763,11.608387,26.71,-4.103763,False
2024-09-11,16.2,9.5,21.136989,11.472796,26.41,-4.936989,False
2024-09-12,15.0,7.1,21.013656,11.338065,26.3,-6.013656,False
2024-09-13,16.5,5.9,20.902903,11.246022,26.2,-4.402903,False
2024-09-14,17.2,6.7,20.814409,11.186667,26.1,-3.614409,False
2024-09-15,19.5,5.5,20.701183,11.113118,26.1,-1.201183,False
2024-09-16,19.2,10.7,20.568817,11.063118,25.91,-1.368817,False
2024-09-17,21.0,12.9,20.457957,11.020645,25.9,0.542043,False
2024-09-18,23.7,13.2,20.314839,10.952043,25.8,3.385161,False
2024-09-19,25.1,14.1,20.143656,10.876989,25.6,4.956344,False
2024-09-20,23.5,12.7,19.958602,10.774839,25.31,3.541398,False
2024-09-21,23.0,13.7,19.803978,10.674624,25.1,3.196022,False
2024-09-22,18.9,15.5,19.644516,10.58043,24.9,-0.744516,False
2024-09-23,18.6,13.4,19.49828,10.498387,24.8,-0.89828,False
2024-09-24,16.7,13.6,19.35,10.436022,24.7,-2.65,False
2024-09-25,15.9,13.1,19.185054,10.354946,24.5,-3.285054,False
2024-09-26,17.8,12.8,19.026559,10.284409,24.1,-1.226559,False
2024-09-27,15.5,11.0,18.878172,10.192688,23.7,-3.378172,False
2024-09-28,14.4,6.7,18.753333,10.081935,23.7,-4.353333,False
2024-09-29,13.0,4.5,18.627419,9.990968,23.7,-5.627419,False
2024-09-30,17.1,11.5,18.475806,9.889355,23.51,-1.375806,False
2024-10-01,17.9,11.2,18.327634,9.786129,23.3,-0.427634,False
2024-10-02,14.6,11.5,18.149677,9.694946,23.11,-3.549677,False
2024-10-03,13.8,7.4,17.984946,9.58086,23.1,-4.184946,False
2024-10-04,16.2,5.0,17.818172,9.491398,23.0,-1.618172,False
2024-10-05,16.9,4.0,17.633441,9.413226,22.8,-0.733441,False
2024-10-06,16.9,10.0,17.453441,9.33,22.6,-0.553441,False
2024-10-07,16.8,13.1,17.257419,9.264409,22.4,-0.457419,False
2024-10-08,18.6,13.1,17.095591,9.181935,22.21,1.504409,False
2024-10-09,15.5,12.2,16.909892,9.105054,21.9,-1.409892,False
2024-10-10,15.8,10.1,16.763011,9.038495,21.6,-0.963011,False
2024-10-11,14.4,7.0,16.63,8.962796,21.5,-2.23,False
2024-10-12,15.2,7.5,16.474731,8.881935,21.4,-1.274731,False
2024-10-13,15.4,8.9,16.295591,8.785161,21.2,-0.895591,False
2024-10-14,18.4,10.2,16.107204,8.662473,21.1,2.292796,False
2024-10-15,18.1,11.6,15.919247,8.534409,20.9,2.180753,False
2024-10-16,24.9,15.1,15.740753,8.407742,20.6,9.159247,False
2024-10-17,17.6,13.8,15.565699,8.274086,20.4,2.034301,False
2024-10-18,14.5,12.4,15.401935,8.144624,20.2,-0.901935,False
2024-10-19,15.8,11.0,15.272473,8.071398,20.01,0.527527,False
2024-10-20,18.3,11.8,15.124731,7.952903,19.9,3.175269,False
2024-10-21,18.2,12.8,14.97957,7.832688,19.8,3.22043,False
2024-10-22,16.7,7.9,14.816774,7.714086,19.61,1.883226,False
2024-10-23,17.3,6.1,14.655591,7.613978,19.5,2.644409,False
2024-10-24,18.0,6.2,14.485376,7.494301,19.3,3.514624,False
2024-10-25,18.9,11.6,14.299462,7.35871,19.2,4.600538,False
2024-10-26,18.9,13.3,14.103011,7.229892,19.0,4.796989,False
2024-10-27,15.9,12.2,13.913333,7.078172,18.7,1.986667,False
2024-10-28,16.2,11.0,13.718172,6.957634,18.5,2.481828,False
2024-10-29,13.1,10.1,13.52828,6.848065,18.2,-0.42828,False
2024-10-30,13.7,10.6,13.336989,6.734301,18.0,0.363011,False
2024-10-31,11.3,9.8,13.151183,6.633118,17.9,-1.851183,False
2024-11-01,10.3,8.3,12.946882,6.535054,17.61,-2.646882,False
2024-11-02,11.5,9.6,12.756237,6.433226,17.5,-1.256237,False
2024-11-03,10.7,6.3,12.572043,6.332688,17.4,-1.872043,False
2024-11-04,13.7,5.7,12.382796,6.217312,17.2,1.317204,False
2024-11-05,12.3,7.1,12.198387,6.069032,17.1,0.101613,False
2024-11-06,10.6,8.9,12.006022,5.931935,16.8,-1.406022,False
2024-11-07,11.9,8.0,11.81914,5.79871,16.6,0.08086,False
2024-11-08,9.5,7.0,11.640968,5.681075,16.4,-2.140968,False
2024-11-09,11.1,9.1,11.469462,5.537742,16.31,-0.369462,False
2024-11-10,11.4,6.3,11.299892,5.417634,16.2,0.100108,False
2024-11-11,12.5,5.6,11.116022,5.307312,15.9,1.383978,False
2024-11-12,9.9,6.6,10.936774,5.192688,15.7,-1.036774,False
2024-11-13,8.7,4.5,10.768817,5.09086,15.5,-2.068817,False
2024-11-14,12.2,4.7,10.613226,4.978602,15.5,1.586774,False
2024-11-15,10.1,7.7,10.43129,4.863871,15.1,-0.33129,False
2024-11-16,8.9,3.8,10.242903,4.78043,14.8,-1.342903,False
2024-11-17,9.4,4.0,10.076344,4.677742,14.61,-0.676344,False
2024-11-18,10.8,6.8,9.912366,4.582258,14.41,0.887634,False
2024-11-19,12.1,5.2,9.72828,4.446559,14.21,2.37172,False
2024-11-20,7.1,0.6,9.57043,4.348925,14.1,-2.47043,False
2024-11-21,1.1,-2.1,9.421075,4.254409,13.91,-8.321075,False
2024-11-22,3.5,-2.4,9.283226,4.150538,13.8,-5.783226,False
2024-11-23,11.0,0.6,9.15828,4.035161,13.7,1.84172,False
2024-11-24,16.8,11.2,9.005806,3.926559,13.6,7.794194,False
2024-11-25,16.3,8.7,8.851505,3.8,13.5,7.448495,False
2024-11-26,10.2,6.3,8.723656,3.690753,13.5,1.476344,False
2024-11-27,13.1,8.3,8.586237,3.600108,13.4,4.513763,False
2024-11-28,9.2,2.4,8.456882,3.495699,13.2,0.743118,False
2024-11-29,7.9,1.0,8.310215,3.371183,13.1,-0.410215,False
2024-11-30,6.4,-0.4,8.164301,3.247527,12.91,-1.764301,False
2024-12-01,10.1,1.5,8.06957,3.152366,12.8,2.03043,False
2024-12-02,12.3,6.2,8.008387,3.062688,12.8,4.291613,False
2024-12-03,8.0,3.9,7.954409,3.026452,12.7,0.045591,False
2024-12-04,5.6,1.6,7.920645,2.998495,12.61,-2.320645,False
2024-12-05,12.9,4.6,7.876452,2.963548,12.6,5.023548,False
2024-12-06,12.0,7.2,7.843226,2.947634,12.6,4.156774,False
2024-12-07,11.0,6.4,7.816237,2.966667,12.6,3.183763,False
2024-12-08,7.9,6.5,7.782366,2.971828,12.51,0.117634,False
2024-12-09,6.4,5.0,7.736667,2.953441,12.5,-1.336667,False
2024-12-10,6.1,4.3,7.665484,2.918065,12.4,-1.565484,False
2024-12-11,4.9,4.3,7.566237,2.812796,12.3,-2.666237,False
2024-12-12,4.4,2.0,7.476559,2.733763,12.3,-3.076559,False
2024-12-13,2.8,0.4,7.369355,2.642581,12.21,-4.569355,False
2024-12-14,4.8,1.1,7.29086,2.527849,12.2,-2.49086,False
2024-12-15,9.0,2.3,7.245161,2.492581,12.11,1.754839,False
2024-12-16,9.2,7.8,7.203656,2.466882,12.1,1.996344,False
2024-12-17,7.9,5.8,7.145269,2.414624,12.01,0.754731,False
2024-12-18,12.9,7.3,7.100215,2.372043,12.0,5.799785,False
2024-12-19,12.8,3.0,7.056022,2.313226,12.01,5.743978,False
2024-12-20,7.9,1.6,7.005376,2.260645,12.0,0.894624,False
2024-12-21,11.0,7.0,6.970753,2.22957,12.0,4.029247,False
2024-12-22,11.1,4.3,6.947527,2.212903,12.0,4.152473,False
2024-12-23,7.5,4.8,6.923226,2.220108,12.0,0.576774,False
2024-12-24,8.8,4.8,6.916129,2.240215,12.0,1.883871,False
2024-12-25,9.5,8.2,6.95129,2.25828,12.1,2.54871,False
2024-12-26,8.2,2.1,6.977419,2.290753,12.1,1.222581,False
2024-12-27,5.9,-1.1,6.982903,2.3,12.0,-1.082903,False
2024-12-28,1.0,-1.2,6.98172,2.297634,12.0,-5.98172,False
2024-12-29,4.2,0.8,7.001613,2.315376,12.1,-2.801613,False
2024-12-30,4.1,1.1,7.022796,2.333978,12.1,-2.922796,False
2024-12-31,4.7,1.4,7.052903,2.354194,12.1,-2.352903,False
2025-01-01,8.3,3.8,7.055161,2.352581,12.11,1.244839,False
2025-01-02,8.5,1.2,7.037742,2.345914,12.1,1.462258,False
2025-01-03,4.0,-2.6,7.003763,2.30871,12.1,-3.003763,False
2025-01-04,1.4,-3.9,6.961183,2.287312,12.1,-5.561183,False
2025-01-05,12.3,3.5,6.928065,2.273226,12.1,5.371935,False
2025-01-06,12.1,5.5,6.896344,2.22914,12.01,5.203656,False
2025-01-07,7.2,3.5,6.845376,2.169677,12.0,0.354624,False
2025-01-08,12.6,3.6,6.791828,2.116237,11.9,5.808172,False
2025-01-09,10.7,2.1,6.744409,2.053548,11.8,3.955591,False
2025-01-10,5.0,-0.3,6.723548,1.996559,11.8,-1.723548,False
2025-01-11,1.3,-1.0,6.705376,1.980753,11.8,-5.405376,False
2025-01-12,3.9,0.5,6.706882,1.967097,11.8,-2.806882,False
2025-01-13,4.3,-3.3,6.735806,1.980108,11.8,-2.435806,False
2025-01-14,3.3,-4.9,6.731828,2.012473,11.8,-3.431828,False
2025-01-15,5.9,-1.7,6.702473,1.963011,11.8,-0.802473,False
2025-01-16,4.2,2.0,6.692258,1.921398,11.8,-2.492258,False
2025-01-17,1.6,-0.6,6.713978,1.919677,11.8,-5.113978,False
2025-01-18,1.2,-1.2,6.707312,1.896882,11.8,-5.507312,False
2025-01-19,0.6,-1.4,6.710645,1.88086,11.8,-6.110645,False
2025-01-20,-0.4,-1.6,6.727742,1.89828,11.8,-7.127742,False
2025-01-21,2.5,-1.8,6.756989,1.903333,11.8,-4.256989,False
2025-01-22,8.7,1.1,6.780108,1.892473,11.8,1.919892,False
2025-01-23,8.2,3.8,6.785376,1.837849,11.8,1.414624,False
2025-01-24,12.1,7.0,6.784409,1.797419,11.8,5.315591,False
2025-01-25,11.4,5.4,6.764301,1.731183,11.8,4.635699,False
2025-01-26,9.6,1.5,6.763226,1.680645,11.8,2.836774,False
2025-01-27,11.5,7.7,6.776667,1.662688,11.8,4.723333,False
2025-01-28,10.7,6.8,6.797742,1.637204,11.81,3.902258,False
2025-01-29,8.1,5.3,6.78172,1.586882,11.8,1.31828,False
2025-01-30,7.4,1.5,6.797419,1.555806,11.9,0.602581,False
2025-01-31,5.5,-0.6,6.843656,1.55086,12.01,-1.343656,False
2025-02-01,6.4,-1.0,6.875699,1.543548,12.1,-0.475699,False
2025-02-02,6.9,-2.4,6.905699,1.543118,12.1,-0.005699,False
2025-02-03,6.1,-2.5,6.963871,1.522258,12.1,-0.863871,False
2025-02-04,2.0,-1.3,7.006667,1.487312,12.01,-5.006667,False
2025-02-05,6.2,1.7,7.066989,1.484839,12.1,-0.866989,False
2025-02-06,4.4,2.3,7.10086,1.480108,12.1,-2.70086,False
2025-02-07,6.2,2.2,7.163656,1.468065,12.2,-0.963656,False
2025-02-08,6.5,3.2,7.236022,1.485054,12.3,-0.736022,False
2025-02-09,6.7,4.0,7.334301,1.514624,12.41,-0.634301,False
2025-02-10,5.8,3.1,7.429247,1.58172,12.5,-1.629247,False
2025-02-11,5.7,1.1,7.533763,1.634624,12.5,-1.833763,False
2025-02-12,4.9,0.6,7.62828,1.646022,12.6,-2.72828,False
2025-02-13,5.8,2.4,7.707634,1.679247,12.7,-1.907634,False
2025-02-14,5.0,-1.5,7.798172,1.724301,12.7,-2.798172,False
2025-02-15,4.1,-2.7,7.898817,1.787204,12.71,-3.798817,False
2025-02-16,6.1,-1.7,8.004409,1.824409,12.8,-1.904409,False
2025-02-17,6.8,-1.7,8.091828,1.841505,12.81,-1.291828,False
2025-02-18,7.9,-0.9,8.190215,1.883333,12.9,-0.290215,False
2025-02-19,10.5,-0.3,8.284946,1.938495,12.91,2.215054,False
2025-02-20,14.1,6.2,8.400645,1.971828,13.01,5.699355,False
2025-02-21,15.3,9.1,8.535914,2.007957,13.3,6.764086,False
2025-02-22,13.3,5.7,8.671828,2.083871,13.5,4.628172,False
2025-02-23,14.0,2.8,8.824946,2.174624,13.7,5.175054,False
2025-02-24,12.8,8.8,8.987742,2.239355,14.0,3.812258,False
2025-02-25,9.3,6.3,9.132581,2.320538,14.21,0.167419,False
2025-02-26,10.1,3.5,9.271935,2.396129,14.5,0.828065,False
2025-02-27,9.0,2.4,9.414946,2.456559,14.6,-0.414946,False
2025-02-28,8.4,2.8,9.593333,2.553118,14.7,-1.193333,False
2025-03-01,7.2,0.9,9.807527,2.66129,14.9,-2.607527,False
2025-03-02,11.1,0.2,9.97172,2.782151,15.0,1.12828,False
2025-03-03,11.9,-1.3,10.097419,2.878602,15.2,1.802581,False
2025-03-04,13.0,0.2,10.209247,2.969892,15.3,2.790753,False
2025-03-05,17.9,0.0,10.352903,3.037312,15.4,7.547097,False
2025-03-06,17.7,2.5,10.462366,3.131505,15.4,7.237634,False
2025-03-07,17.5,5.9,10.592151,3.216129,15.5,6.907849,False
2025-03-08,18.2,6.1,10.720645,3.25871,15.71,7.479355,False
2025-03-09,16.8,7.4,10.873871,3.353548,15.9,5.926129,False
2025-03-10,12.6,5.5,10.997527,3.437957,16.01,1.602473,False
2025-03-11,10.4,3.1,11.117312,3.483441,16.1,-0.717312,False
2025-03-12,7.4,2.6,11.214731,3.523548,16.4,-3.814731,False
2025-03-13,7.3,1.1,11.341935,3.553763,16.4,-4.041935,False
2025-03-14,7.1,-0.2,11.483656,3.61172,16.6,-4.383656,False
2025-03-15,8.7,0.8,11.615914,3.719462,16.7,-2.915914,False
2025-03-16,10.4,2.7,11.770215,3.798387,16.9,-1.370215,False
2025-03-17,11.9,0.6,11.958495,3.857419,17.01,-0.058495,False
2025-03-18,13.3,1.4,12.135484,3.941935,17.3,1.164516,False
2025-03-19,17.9,3.8,12.272903,4.052258,17.51,5.627097,False
2025-03-20,19.0,3.9,12.382903,4.135591,17.6,6.617097,False
2025-03-21,18.7,10.1,12.496022,4.197419,17.71,6.203978,False
2025-03-22,17.7,8.4,12.632796,4.253978,17.9,5.067204,False
2025-03-23,13.0,6.8,12.739032,4.322366,18.0,0.260968,False
2025-03-24,15.1,6.8,12.80914,4.356559,18.01,2.29086,False
2025-03-25,14.0,7.9,12.904409,4.375914,18.2,1.095591,False
2025-03-26,14.9,5.7,13.008925,4.415699,18.5,1.891075,False
2025-03-27,16.2,3.1,13.093011,4.455054,18.6,3.106989,False
2025-03-28,12.4,4.2,13.18129,4.505591,18.71,-0.78129,False
2025-03-29,14.0,4.1,13.244946,4.558602,18.81,0.755054,False
2025-03-30,16.5,4.2,13.315914,4.612473,19.0,3.184086,False
2025-03-31,15.4,4.0,13.358925,4.642043,19.0,2.041075,False
2025-04-01,15.3,4.4,13.386022,4.653763,19.01,1.913978,False
2025-04-02,17.3,6.4,13.460645,4.670215,19.3,3.839355,False
2025-04-03,21.5,8.3,13.544731,4.709462,19.5,7.955269,False
2025-04-04,23.6,11.0,13.648495,4.731075,19.6,9.951505,False
2025-04-05,24.4,8.9,13.773118,4.790215,19.8,10.626882,False
2025-04-06,18.3,7.7,13.961183,4.864731,20.0,4.338817,False
2025-04-07,17.3,2.9,14.142366,4.965484,20.3,3.157634,False
2025-04-08,18.2,2.4,14.286989,5.063226,20.4,3.913011,False
2025-04-09,18.4,5.0,14.443441,5.133763,20.5,3.956559,False
2025-04-10,16.3,4.8,14.59,5.246129,20.6,1.71,False
2025-04-11,20.8,3.9,14.709462,5.367742,20.6,6.090538,False
2025-04-12,20.6,6.8,14.827097,5.487742,20.7,5.772903,False
2025-04-13,16.8,9.5,14.918817,5.614409,20.81,1.881183,False
2025-04-14,19.1,5.8,15.01043,5.713011,21.11,4.08957,False
2025-04-15,17.0,9.9,15.116129,5.794516,21.2,1.883871,False
2025-04-16,14.1,7.0,15.20871,5.90043,21.31,-1.10871,False
2025-04-17,15.6,4.2,15.274731,5.998387,21.6,0.325269,False
2025-04-18,18.0,4.9,15.348387,6.085376,21.82,2.651613,False
2025-04-19,19.0,8.2,15.444624,6.137957,22.01,3.555376,False
2025-04-20,14.7,9.9,15.574839,6.232473,22.2,-0.874839,False
2025-04-21,14.4,9.2,15.71129,6.343871,22.6,-1.31129,False
2025-04-22,15.7,7.2,15.854194,6.464409,22.71,-0.154194,False
2025-04-23,14.5,8.3,15.991828,6.597742,22.81,-1.491828,False
2025-04-24,14.8,7.6,16.122151,6.772581,22.91,-1.322151,False
2025-04-25,15.1,6.2,16.255806,6.926129,23.1,-1.155806,False
2025-04-26,19.2,7.3,16.359677,7.070323,23.1,2.840323,False
2025-04-27,20.4,9.9,16.451613,7.200215,23.1,3.948387,False
2025-04-28,23.7,8.7,16.569785,7.323011,23.2,7.130215,False
2025-04-29,25.1,9.1,16.683118,7.444409,23.3,8.416882,False
2025-04-30,27.1,10.2,16.799355,7.532151,23.3,10.300645,False
2025-05-01,28.0,11.9,16.935376,7.641183,23.31,11.064624,True
2025-05-02,27.3,12.8,17.072688,7.783548,23.5,10.227312,True
2025-05-03,25.0,13.9,17.192903,7.897097,23.5,7.807097,True
2025-05-04,16.0,8.4,17.302258,7.995269,23.61,-1.302258,False
2025-05-05,13.9,5.8,17.421613,8.13086,23.6,-3.521613,False
2025-05-06,15.4,6.5,17.53,8.267849,23.61,-2.13,False
2025-05-07,15.5,8.3,17.583978,8.377312,23.7,-2.083978,False
2025-05-08,17.3,7.7,17.656989,8.459892,23.7,-0.356989,False
2025-05-09,19.3,9.0,17.760968,8.590108,23.8,1.539032,False
2025-05-10,22.6,7.7,17.879892,8.714731,24.1,4.720108,False
2025-05-11,22.8,11.2,17.999785,8.806022,24.2,4.800215,False
2025-05-12,19.1,11.0,18.142043,8.904731,24.3,0.957957,False
2025-05-13,21.3,9.4,18.275699,9.007849,24.61,3.024301,False
2025-05-14,24.4,9.5,18.429677,9.096344,24.7,5.970323,False
2025-05-15,16.5,8.7,18.576237,9.216237,24.7,-2.076237,False
2025-05-16,20.5,7.5,18.686667,9.325484,24.7,1.813333,False
2025-05-17,18.2,8.8,18.832688,9.405914,24.8,-0.632688,False
2025-05-18,20.0,6.4,18.98871,9.543548,24.9,1.01129,False
2025-05-19,22.8,6.7,19.098065,9.65914,24.9,3.701935,False
2025-05-20,24.5,10.4,19.20957,9.780968,24.9,5.29043,False
2025-05-21,17.0,10.8,19.340538,9.899785,25.0,-2.340538,False
2025-05-22,19.2,8.2,19.457849,10.029032,25.11,-0.257849,False
2025-05-23,18.0,7.1,19.555699,10.152473,25.3,-1.555699,False
2025-05-24,20.1,6.8,19.656452,10.234624,25.31,0.443548,False
2025-05-25,20.1,12.2,19.766022,10.300968,25.4,0.333978,False
2025-05-26,18.6,8.8,19.841505,10.382903,25.51,-1.241505,False
2025-05-27,18.6,11.8,19.933333,10.462258,25.7,-1.333333,False
2025-05-28,21.5,11.6,20.014946,10.552151,25.7,1.485054,False
2025-05-29,24.2,9.3,20.098065,10.640215,25.7,4.101935,False
2025-05-30,29.5,11.7,20.24086,10.741505,25.71,9.25914,False
2025-05-31,28.7,15.6,20.336559,10.893118,25.81,8.363441,False
2025-06-01,22.8,14.8,20.429355,10.999785,25.81,2.370645,False
2025-06-02,21.6,11.4,20.546237,11.08871,25.91,1.053763,False
2025-06-03,23.5,10.0,20.677097,11.206344,26.1,2.822903,False
2025-06-04,19.4,12.2,20.822581,11.326129,26.21,-1.422581,False
2025-06-05,18.7,13.1,20.942796,11.438602,26.4,-2.242796,False
2025-06-06,21.2,13.4,21.027634,11.527312,26.41,0.172366,False
2025-06-07,19.2,13.3,21.127634,11.601828,26.7,-1.927634,False
2025-06-08,19.4,11.3,21.202043,11.69172,26.9,-1.802043,False
2025-06-09,22.8,9.6,21.305376,11.751075,27.0,1.494624,False
2025-06-10,24.9,10.1,21.379677,11.842151,27.1,3.520323,False
2025-06-11,27.2,12.1,21.495376,11.932258,27.2,5.704624,False
2025-06-12,31.2,15.7,21.602796,12.033118,27.3,9.597204,False
2025-06-13,32.9,18.3,21.733441,12.136022,27.4,11.166559,False
2025-06-14,27.4,19.0,21.834516,12.236667,27.5,5.565484,False
2025-06-15,22.8,13.5,21.926129,12.311613,27.61,0.873871,False
2025-06-16,25.6,10.1,22.062151,12.416452,28.1,3.537849,False
2025-06-17,28.7,13.2,22.15086,12.537312,28.12,6.54914,True
2025-06-18,29.0,14.8,22.223871,12.597097,28.51,6.776129,True
2025-06-19,30.9,16.1,22.335699,12.675914,28.6,8.564301,True
2025-06-20,31.4,16.9,22.428172,12.774194,28.61,8.971828,True
2025-06-21,34.4,15.7,22.504194,12.844946,28.7,11.895806,True
2025-06-22,29.4,19.2,22.574409,12.888387,28.71,6.825591,True
2025-06-23,25.5,14.7,22.633333,12.929462,28.8,2.866667,False
2025-06-24,30.0,11.6,22.706129,12.993978,28.8,7.293871,False
2025-06-25,35.5,16.2,22.772903,13.053011,28.9,12.727097,False
2025-06-26,26.0,18.7,22.852258,13.122581,28.91,3.147742,False
2025-06-27,27.2,18.9,22.920645,13.188172,28.91,4.279355,False
2025-06-28,29.9,17.3,23.023011,13.255484,29.01,6.876989,True
2025-06-29,30.4,17.4,23.11,13.338172,29.1,7.29,True
2025-06-30,35.2,19.1,23.213226,13.40172,29.4,11.986774,True
2025-07-01,38.2,19.5,23.345914,13.453978,29.4,14.854086,True
2025-07-02,32.9,18.2,23.444194,13.534731,29.5,9.455806,True
2025-07-03,26.5,14.9,23.538925,13.616559,29.61,2.961075,False
2025-07-04,27.8,12.2,23.630753,13.692258,29.71,4.169247,False
2025-07-05,27.0,12.8,23.709032,13.773763,29.8,3.290968,False
2025-07-06,19.6,13.6,23.797204,13.825484,29.8,-4.197204,False
2025-07-07,18.7,12.8,23.9,13.868817,29.9,-5.2,False
2025-07-08,22.3,12.2,24.007312,13.954301,29.9,-1.707312,False
2025-07-09,25.6,9.7,24.111183,14.031398,29.9,1.488817,False
2025-07-10,28.1,12.6,24.169247,14.104409,30.0,3.930753,False
2025-07-11,29.2,15.7,24.231183,14.15957,30.0,4.968817,False
2025-07-12,28.7,16.0,24.265269,14.217527,30.01,4.434731,False
2025-07-13,31.1,15.6,24.302151,14.260753,30.0,6.797849,False
2025-07-14,27.5,17.7,24.350215,14.277634,29.9,3.149785,False
2025-07-15,24.0,15.6,24.384516,14.312258,30.0,-0.384516,False
2025-07-16,22.0,17.8,24.453441,14.343118,30.0,-2.453441,False
2025-07-17,26.2,15.5,24.514194,14.354409,30.0,1.685806,False
2025-07-18,30.8,17.8,24.582473,14.373226,30.01,6.217527,False
2025-07-19,26.5,19.5,24.637849,14.422366,30.1,1.862151,False
2025-07-20,23.4,16.6,24.704516,14.45,30.21,-1.304516,False
2025-07-21,21.3,16.6,24.806344,14.46871,30.3,-3.506344,False
2025-07-22,22.0,16.5,24.897312,14.503226,30.4,-2.897312,False
2025-07-23,21.9,15.7,24.99086,14.548065,30.5,-3.09086,False
2025-07-24,21.2,15.6,25.045591,14.602473,30.51,-3.845591,False
2025-07-25,25.8,15.2,25.092581,14.634731,30.6,0.707419,False
2025-07-26,26.6,15.8,25.128495,14.647419,30.6,1.471505,False
2025-07-27,21.7,16.0,25.173978,14.642796,30.7,-3.473978,False
2025-07-28,22.3,14.5,25.224731,14.662258,30.81,-2.924731,False
2025-07-29,22.2,12.0,25.235376,14.670968,30.9,-3.035376,False
2025-07-30,24.0,16.6,25.253226,14.672258,30.81,-1.253226,False
2025-07-31,25.3,14.1,25.243441,14.678065,30.7,0.056559,False
2025-08-01,23.3,15.4,25.238065,14.645591,30.61,-1.938065,False
2025-08-02,21.5,12.4,25.218495,14.64,30.61,-3.718495,False
2025-08-03,25.2,12.4,25.202366,14.620968,30.6,-0.002366,False
2025-08-04,29.1,17.3,25.174516,14.594301,30.51,3.925484,False
2025-08-05,23.0,12.8,25.139462,14.555806,30.5,-2.139462,False
2025-08-06,24.0,11.1,25.125914,14.54,30.5,-1.125914,False
2025-08-07,29.6,12.9,25.102151,14.533226,30.4,4.497849,False
2025-08-08,28.2,14.7,25.063763,14.508387,30.41,3.136237,False
2025-08-09,28.0,15.8,25.004086,14.477204,30.41,2.995914,False
2025-08-10,27.9,11.0,24.966667,14.451613,30.41,2.933333,False
2025-08-11,31.6,13.9,24.933441,14.419462,30.41,6.666559,True
2025-08-12,35.0,17.6,24.863333,14.384194,30.4,10.136667,True
2025-08-13,33.7,19.0,24.782581,14.321828,30.3,8.917419,True
2025-08-14,30.9,18.8,24.663763,14.256022,30.3,6.236237,True
2025-08-15,31.1,16.6,24.586344,14.17043,30.21,6.513656,True
2025-08-16,27.7,17.4,24.489355,14.101935,30.11,3.210645,False
2025-08-17,27.1,14.8,24.344946,14.012688,30.0,2.755054,False
2025-08-18,28.3,14.6,24.227527,13.906774,29.9,4.072473,False
2025-08-19,27.1,15.7,24.130215,13.803333,29.7,2.969785,False
2025-08-20,19.1,15.7,24.021613,13.728172,29.7,-4.921613,False
2025-08-21,23.9,14.7,23.875054,13.655806,29.5,0.024946,False
2025-08-22,21.6,10.9,23.727204,13.571613,29.4,-2.127204,False
2025-08-23,24.1,9.7,23.581505,13.477312,29.21,0.518495,False
2025-08-24,24.4,12.2,23.481398,13.365484,29.01,0.918602,False
2025-08-25,28.0,10.3,23.399462,13.274624,29.0,4.600538,False
2025-08-26,28.8,14.3,23.32828,13.209677,29.0,5.47172,False
2025-08-27,25.3,16.4,23.22043,13.144516,28.9,2.07957,False
2025-08-28,23.5,15.7,23.091398,13.070215,28.71,0.408602,False
2025-08-29,19.6,14.3,22.978387,12.98043,28.7,-3.378387,False
2025-08-30,21.5,12.5,22.863333,12.891183,28.7,-1.363333,False
2025-08-31,21.2,14.8,22.728172,12.79172,28.6,-1.528172,False
2025-09-01,21.7,13.2,22.589785,12.684946,28.5,-0.889785,False
2025-09-02,17.8,11.5,22.452151,12.555054,28.3,-4.652151,False
2025-09-03,24.4,16.6,22.296344,12.429247,28.21,2.103656,False
2025-09-04,21.6,14.3,22.149032,12.315376,28.11,-0.549032,False
2025-09-05,22.3,11.9,22.034731,12.199462,27.8,0.265269,False
2025-09-06,24.9,10.3,21.915699,12.065269,27.6,2.984301,False
2025-09-07,29.6,13.8,21.757312,11.956129,27.3,7.842688,False
2025-09-08,23.4,15.6,21.62043,11.842473,27.2,1.77957,False
2025-09-09,22.2,12.0,21.474839,11.735699,26.9,0.725161,False
2025-09-10,20.2,10.2,21.303763,11.608387,26.71,-1.103763,False
2025-09-11,19.6,12.9,21.136989,11.472796,26.41,-1.536989,False
2025-09-12,20.4,11.1,21.013656,11.338065,26.3,-0.613656,False
2025-09-13,18.8,12.8,20.902903,11.246022,26.2,-2.102903,False
2025-09-14,20.3,12.9,20.814409,11.186667,26.1,-0.514409,False
2025-09-15,20.5,13.7,20.701183,11.113118,26.1,-0.201183,False
2025-09-16,18.5,11.9,20.568817,11.063118,25.91,-2.068817,False
2025-09-17,23.0,11.8,20.457957,11.020645,25.9,2.542043,False
2025-09-18,24.9,11.0,20.314839,10.952043,25.8,4.585161,False
2025-09-19,30.5,10.9,20.143656,10.876989,25.6,10.356344,False
2025-09-20,21.8,16.3,19.958602,10.774839,25.31,1.841398,False
2025-09-21,18.4,11.0,19.803978,10.674624,25.1,-1.403978,False
2025-09-22,16.5,9.6,19.644516,10.58043,24.9,-3.144516,False
2025-09-23,14.2,9.5,19.49828,10.498387,24.8,-5.29828,False
2025-09-24,10.7,9.8,19.35,10.436022,24.7,-8.65,False
2025-09-25,12.0,9.4,19.185054,10.354946,24.5,-7.185054,False
2025-09-26,13.7,9.0,19.026559,10.284409,24.1,-5.326559,False
2025-09-27,15.4,8.2,18.878172,10.192688,23.7,-3.478172,False
2025-09-28,19.7,7.0,18.753333,10.081935,23.7,0.946667,False
2025-09-29,20.1,8.8,18.627419,9.990968,23.7,1.472581,False
2025-09-30,18.8,8.8,18.475806,9.889355,23.51,0.324194,False
2025-10-01,19.5,6.8,18.327634,9.786129,23.3,1.172366,False
2025-10-02,18.2,6.6,18.149677,9.694946,23.11,0.050323,False
2025-10-03,17.3,10.7,17.984946,9.58086,23.1,-0.684946,False
2025-10-04,18.1,10.3,17.818172,9.491398,23.0,0.281828,False
2025-10-05,16.5,9.5,17.633441,9.413226,22.8,-1.133441,False
2025-10-06,16.1,8.4,17.453441,9.33,22.6,-1.353441,False
2025-10-07,19.4,8.4,17.257419,9.264409,22.4,2.142581,False
2025-10-08,17.1,8.8,17.095591,9.181935,22.21,0.004409,False
2025-10-09,18.5,11.5,16.909892,9.105054,21.9,1.590108,False
2025-10-10,14.6,9.3,16.763011,9.038495,21.6,-2.163011,False
2025-10-11,18.6,10.6,16.63,8.962796,21.5,1.97,False
2025-10-12,18.2,8.2,16.474731,8.881935,21.4,1.725269,False
2025-10-13,16.0,8.6,16.295591,8.785161,21.2,-0.295591,False
2025-10-14,17.3,10.8,16.107204,8.662473,21.1,1.192796,False
2025-10-15,15.0,9.8,15.919247,8.534409,20.9,-0.919247,False
2025-10-16,14.5,9.4,15.740753,8.407742,20.6,-1.240753,False
2025-10-17,16.4,7.4,15.565699,8.274086,20.4,0.834301,False
2025-10-18,16.2,5.5,15.401935,8.144624,20.2,0.798065,False
2025-10-19,15.5,7.9,15.272473,8.071398,20.01,0.227527,False
2025-10-20,17.2,13.1,15.124731,7.952903,19.9,2.075269,False
2025-10-21,16.6,11.0,14.97957,7.832688,19.8,1.62043,False
2025-10-22,16.3,11.6,14.816774,7.714086,19.61,1.483226,False
2025-10-23,16.5,8.0,14.655591,7.613978,19.5,1.844409,False
2025-10-24,12.9,5.7,14.485376,7.494301,19.3,-1.585376,False
2025-10-25,13.7,8.2,14.299462,7.35871,19.2,-0.599462,False
2025-10-26,11.9,6.6,14.103011,7.229892,19.0,-2.203011,False
2025-10-27,14.6,8.9,13.913333,7.078172,18.7,0.686667,False
2025-10-28,14.7,9.8,13.718172,6.957634,18.5,0.981828,False
2025-10-29,14.6,9.6,13.52828,6.848065,18.2,1.07172,False
2025-10-30,12.9,6.4,13.336989,6.734301,18.0,-0.436989,False
2025-10-31,15.8,7.6,13.151183,6.633118,17.9,2.648817,False
2025-11-01,14.9,11.7,12.946882,6.535054,17.61,1.953118,False
2025-11-02,13.1,7.5,12.756237,6.433226,17.5,0.343763,False
2025-11-03,14.7,6.5,12.572043,6.332688,17.4,2.127957,False
2025-11-04,16.8,7.2,12.382796,6.217312,17.2,4.417204,False
2025-11-05,17.3,10.5,12.198387,6.069032,17.1,5.101613,False
2025-11-06,14.6,10.7,12.006022,5.931935,16.8,2.593978,False
2025-11-07,13.5,9.2,11.81914,5.79871,16.6,1.68086,False
2025-11-08,13.7,7.3,11.640968,5.681075,16.4,2.059032,False
2025-11-09,10.8,6.9,11.469462,5.537742,16.31,-0.669462,False
2025-11-10,11.5,6.5,11.299892,5.417634,16.2,0.200108,False
2025-11-11,15.0,8.9,11.116022,5.307312,15.9,3.883978,False
2025-11-12,15.0,7.8,10.936774,5.192688,15.7,4.063226,False
2025-11-13,17.1,10.9,10.768817,5.09086,15.5,6.331183,False
2025-11-14,18.8,14.0,10.613226,4.978602,15.5,8.186774,False
2025-11-15,13.8,9.5,10.43129,4.863871,15.1,3.36871,False
2025-11-16,11.4,7.5,10.242903,4.78043,14.8,1.157097,False
2025-11-17,9.3,1.5,10.076344,4.677742,14.61,-0.776344,False
2025-11-18,8.3,-1.8,9.912366,4.582258,14.41,-1.612366,False
2025-11-19,6.9,3.5,9.72828,4.446559,14.21,-2.82828,False
2025-11-20,5.1,-1.2,9.57043,4.348925,14.1,-4.47043,False
2025-11-21,3.1,-1.6,9.421075,4.254409,13.91,-6.321075,False
2025-11-22,0.7,-3.6,9.283226,4.150538,13.8,-8.583226,False
2025-11-23,7.0,-0.1,9.15828,4.035161,13.7,-2.15828,False
2025-11-24,10.2,6.2,9.005806,3.926559,13.6,1.194194,False
2025-11-25,7.3,3.8,8.851505,3.8,13.5,-1.551505,False
2025-11-26,8.1,0.8,8.723656,3.690753,13.5,-0.623656,False
2025-11-27,7.3,1.0,8.586237,3.600108,13.4,-1.286237,False
2025-11-28,10.3,7.3,8.456882,3.495699,13.2,1.843118,False
2025-11-29,11.3,7.4,8.310215,3.371183,13.1,2.989785,False
2025-11-30,8.5,1.3,8.164301,3.247527,12.91,0.335699,False
2025-12-01,7.5,0.8,8.06957,3.152366,12.8,-0.56957,False
2025-12-02,9.3,6.6,8.008387,3.062688,12.8,1.291613,False
2025-12-03,9.1,5.2,7.954409,3.026452,12.7,1.145591,False
2025-12-04,9.2,2.5,7.920645,2.998495,12.61,1.279355,False
2025-12-05,6.3,0.2,7.876452,2.963548,12.6,-1.576452,False
2025-12-06,12.4,6.5,7.843226,2.947634,12.6,4.556774,False
2025-12-07,14.3,10.2,7.816237,2.966667,12.6,6.483763,False
2025-12-08,15.7,10.6,7.782366,2.971828,12.51,7.917634,False
2025-12-09,15.1,8.8,7.736667,2.953441,12.5,7.363333,False
2025-12-10,14.0,6.2,7.665484,2.918065,12.4,6.334516,False
2025-12-11,9.9,4.3,7.566237,2.812796,12.3,2.333763,False
2025-12-12,11.2,8.4,7.476559,2.733763,12.3,3.723441,False
2025-12-13,9.5,7.4,7.369355,2.642581,12.21,2.130645,False
2025-12-14,7.2,5.0,7.29086,2.527849,12.2,-0.09086,False
2025-12-15,11.0,4.7,7.245161,2.492581,12.11,3.754839,False
2025-12-16,14.3,8.2,7.203656,2.466882,12.1,7.096344,False
2025-12-17,9.9,7.0,7.145269,2.414624,12.01,2.754731,False
2025-12-18,14.3,6.6,7.100215,2.372043,12.0,7.199785,False
2025-12-19,12.7,5.9,7.056022,2.313226,12.01,5.643978,False
2025-12-20,9.7,5.9,7.005376,2.260645,12.0,2.694624,False
2025-12-21,10.9,7.7,6.970753,2.22957,12.0,3.929247,False
2025-12-22,10.1,6.8,6.947527,2.212903,12.0,3.152473,False
2025-12-23,7.5,3.2,6.923226,2.220108,12.0,0.576774,False
2025-12-24,5.3,-0.3,6.916129,2.240215,12.0,-1.616129,False
2025-12-25,2.3,-2.2,6.95129,2.25828,12.1,-4.65129,False
2025-12-26,3.2,-3.1,6.977419,2.290753,12.1,-3.777419,False
2025-12-27,2.2,-2.2,6.982903,2.3,12.0,-4.782903,False
2025-12-28,2.7,-2.2,6.98172,2.297634,12.0,-4.28172,False
2025-12-29,2.6,-4.2,7.001613,2.315376,12.1,-4.401613,False
2025-12-30,5.2,-0.8,7.022796,2.333978,12.1,-1.822796,False
2025-12-31,4.6,-3.3,7.052903,2.354194,12.1,-2.452903,False
