time,tmax,tmin,baselineTmax,baselineTmin,p90Tmax,tmaxAnomaly,isHotSpellDay
2006-01-01,34.6,20.4,23.731828,19.716667,27.3,10.868172,False
2006-01-02,24.2,20.6,23.783978,19.759247,27.5,0.416022,False
2006-01-03,26.2,19.6,23.833011,19.80043,27.6,2.366989,False
2006-01-04,21.3,20.0,23.836774,19.851183,27.5,-2.536774,False
2006-01-05,21.6,20.4,23.888817,19.901183,27.5,-2.288817,False
2006-01-06,23.7,20.5,23.941505,19.945161,27.6,-0.241505,False
2006-01-07,22.5,20.8,23.980108,19.993978,27.6,-1.480108,False
2006-01-08,23.3,20.8,24.019355,20.032688,27.61,-0.719355,False
2006-01-09,23.5,21.8,24.047097,20.090215,27.61,-0.547097,False
2006-01-10,27.8,23.1,24.074409,20.147849,27.7,3.725591,False
2006-01-11,29.1,21.7,24.112903,20.222151,27.8,4.987097,False
2006-01-12,23.5,22.4,24.15957,20.289247,27.8,-0.65957,False
2006-01-13,23.0,21.9,24.193548,20.346882,27.8,-1.193548,False
2006-01-14,26.0,21.2,24.244731,20.397312,27.8,1.755269,False
2006-01-15,23.5,22.0,24.294516,20.444946,27.8,-0.794516,False
2006-01-16,24.9,22.6,24.32914,20.477419,27.81,0.57086,False
2006-01-17,25.2,21.4,24.317419,20.506237,27.9,0.882581,False
2006-01-18,21.1,19.7,24.324409,20.527419,27.8,-3.224409,False
2006-01-19,22.1,20.6,24.354946,20.546667,27.9,-2.254946,False
2006-01-20,23.6,20.5,24.35914,20.574731,27.9,-0.75914,False
2006-01-21,25.9,20.9,24.37871,20.612258,27.9,1.52129,False
2006-01-22,25.6,21.2,24.387742,20.637312,27.9,1.212258,False
2006-01-23,26.1,21.3,24.376022,20.654624,27.81,1.723978,False
2006-01-24,22.1,20.5,24.403548,20.686989,27.8,-2.303548,False
2006-01-25,22.9,21.0,24.460323,20.71129,27.9,-1.560323,False
2006-01-26,24.3,22.5,24.484086,20.728817,27.9,-0.184086,False
2006-01-27,26.0,22.1,24.495591,20.746344,27.9,1.504409,False
2006-01-28,25.4,22.2,24.492581,20.74828,27.9,0.907419,False
2006-01-29,25.1,21.4,24.465054,20.753441,27.9,0.634946,False
2006-01-30,26.0,21.3,24.441613,20.760215,27.9,1.558387,False
2006-01-31,24.2,22.4,24.435161,20.78043,27.81,-0.235161,False
2006-02-01,27.1,23.9,24.444624,20.776022,27.9,2.655376,False
2006-02-02,27.4,22.3,24.418387,20.77871,27.7,2.981613,False
2006-02-03,24.0,21.8,24.398065,20.787527,27.7,-0.398065,False
2006-02-04,22.5,20.9,24.414301,20.788387,27.7,-1.914301,False
2006-02-05,24.0,20.8,24.374839,20.778602,27.6,-0.374839,False
2006-02-06,27.7,20.0,24.326882,20.759247,27.51,3.373118,False
2006-02-07,21.2,19.1,24.30828,20.743548,27.5,-3.10828,False
2006-02-08,23.6,20.4,24.269785,20.725269,27.31,-0.669785,False
2006-02-09,29.1,19.9,24.251613,20.699032,27.2,4.848387,False
2006-02-10,22.1,19.9,24.239032,20.680215,27.2,-2.139032,False
2006-02-11,24.1,21.8,24.231075,20.658495,27.1,-0.131075,False
2006-02-12,27.1,20.4,24.22086,20.633441,27.1,2.87914,False
2006-02-13,25.2,20.9,24.207312,20.605376,27.1,0.992688,False
2006-02-14,23.6,21.8,24.164516,20.562473,27.1,-0.564516,False
2006-02-15,24.8,22.5,24.09957,20.514516,27.1,0.70043,False
2006-02-16,25.3,21.2,24.05043,20.495806,27.0,1.24957,False
2006-02-17,27.2,22.6,24.041075,20.46871,27.0,3.158925,False
2006-02-18,28.6,22.9,24.016452,20.444409,26.91,4.583548,False
2006-02-19,26.7,22.7,23.985914,20.421613,26.9,2.714086,False
2006-02-20,24.0,21.6,23.943011,20.389355,26.8,0.056989,False
2006-02-21,24.3,21.1,23.884946,20.345806,26.7,0.415054,False
2006-02-22,24.4,22.0,23.850645,20.307849,26.6,0.549355,False
2006-02-23,24.7,20.8,23.806774,20.271075,26.6,0.893226,False
2006-02-24,24.9,20.9,23.751075,20.228817,26.5,1.148925,False
2006-02-25,25.9,21.9,23.709032,20.185269,26.4,2.190968,False
2006-02-26,26.9,20.9,23.673441,20.147312,26.4,3.226559,False
2006-02-27,22.9,20.3,23.62957,20.094409,26.3,-0.72957,False
2006-02-28,23.8,20.8,23.598387,20.068925,26.2,0.201613,False
2006-03-01,23.8,21.2,23.599677,20.034624,26.2,0.200323,False
2006-03-02,23.7,21.3,23.571075,19.985806,26.2,0.128925,False
2006-03-03,23.4,22.1,23.552796,19.936559,26.2,-0.152796,False
2006-03-04,24.0,20.8,23.535914,19.914194,26.2,0.464086,False
2006-03-05,23.8,19.8,23.54129,19.873548,26.2,0.25871,False
2006-03-06,27.8,20.9,23.49828,19.828172,26.1,4.30172,False
2006-03-07,24.6,20.0,23.445699,19.780323,26.1,1.154301,False
2006-03-08,22.8,21.2,23.415591,19.720753,26.1,-0.615591,False
2006-03-09,25.9,21.2,23.391935,19.668602,26.1,2.508065,False
2006-03-10,24.8,21.5,23.342043,19.607849,26.0,1.457957,False
2006-03-11,24.4,22.4,23.328065,19.552688,26.0,1.071935,False
2006-03-12,26.1,21.1,23.285376,19.503226,25.9,2.814624,False
2006-03-13,28.2,22.1,23.249355,19.447742,25.9,4.950645,False
2006-03-14,23.2,22.0,23.18172,19.393763,25.9,0.01828,False
2006-03-15,24.4,21.7,23.13828,19.314409,25.81,1.26172,False
2006-03-16,27.2,19.5,23.075699,19.232151,25.71,4.124301,False
2006-03-17,23.1,20.2,23.044731,19.182903,25.7,0.055269,False
2006-03-18,22.9,21.8,23.021505,19.122258,25.7,-0.121505,False
2006-03-19,25.4,20.7,22.976344,19.041505,25.6,2.423656,False
2006-03-20,21.3,19.1,22.897312,18.964086,25.6,-1.597312,False
2006-03-21,21.6,19.3,22.862366,18.890108,25.6,-1.262366,False
2006-03-22,22.0,19.5,22.808925,18.812473,25.5,-0.808925,False
2006-03-23,22.7,19.3,22.757742,18.722258,25.5,-0.057742,False
2006-03-24,22.0,18.9,22.703978,18.632796,25.4,-0.703978,False
2006-03-25,21.5,18.4,22.636774,18.539785,25.4,-1.136774,False
2006-03-26,22.5,17.8,22.575484,18.446667,25.4,-0.075484,False
2006-03-27,24.0,19.4,22.530753,18.355054,25.4,1.469247,False
2006-03-28,24.3,20.1,22.450323,18.266882,25.3,1.849677,False
2006-03-29,22.3,20.4,22.403333,18.183441,25.2,-0.103333,False
2006-03-30,24.0,18.5,22.358387,18.108065,25.2,1.641613,False
2006-03-31,22.6,18.3,22.307527,18.031075,25.2,0.292473,False
2006-04-01,19.7,14.2,22.243011,17.947204,25.2,-2.543011,False
2006-04-02,19.2,15.5,22.192581,17.870108,25.11,-2.992581,False
2006-04-03,22.8,18.0,22.116882,17.782796,25.0,0.683118,False
2006-04-04,25.0,18.5,22.037742,17.680538,24.9,2.962258,False
2006-04-05,27.3,16.3,21.945699,17.588065,24.9,5.354301,False
2006-04-06,21.0,13.8,21.88828,17.496129,24.81,-0.88828,False
2006-04-07,23.3,14.5,21.819032,17.397204,24.8,1.480968,False
2006-04-08,19.9,15.1,21.73914,17.30914,24.7,-1.83914,False
2006-04-09,20.0,16.3,21.688602,17.234301,24.6,-1.688602,False
2006-04-10,21.1,16.8,21.63,17.135484,24.5,-0.53,False
2006-04-11,26.2,19.7,21.557527,17.043548,24.4,4.642473,False
2006-04-12,27.2,19.7,21.46871,16.944086,24.3,5.73129,False
2006-04-13,23.2,18.9,21.397419,16.847849,24.2,1.802581,False
2006-04-14,23.6,18.4,21.34129,16.763763,24.1,2.25871,False
2006-04-15,21.3,13.3,21.261075,16.696667,24.1,0.038925,False
2006-04-16,18.6,14.4,21.202366,16.632796,24.01,-2.602366,False
2006-04-17,22.4,17.8,21.13957,16.555376,24.0,1.26043,False
2006-04-18,24.6,19.1,21.065806,16.486344,23.9,3.534194,False
2006-04-19,26.4,21.8,20.999892,16.392581,23.8,5.400108,False
2006-04-20,25.6,14.7,20.927742,16.286344,23.8,4.672258,False
2006-04-21,22.2,12.3,20.848387,16.191183,23.7,1.351613,False
2006-04-22,17.7,10.9,20.781828,16.09129,23.6,-3.081828,False
2006-04-23,18.8,14.1,20.724409,15.99828,23.6,-1.924409,False
2006-04-24,17.9,15.9,20.66129,15.910323,23.5,-2.76129,False
2006-04-25,17.9,14.6,20.594624,15.818065,23.41,-2.694624,False
2006-04-26,18.5,14.7,20.534946,15.737527,23.4,-2.034946,False
2006-04-27,18.6,15.0,20.442258,15.663656,23.3,-1.842258,False
2006-04-28,19.1,16.9,20.38,15.575806,23.2,-1.28,False
2006-04-29,20.9,15.5,20.287419,15.477849,23.2,0.612581,False
2006-04-30,19.6,15.1,20.184086,15.380968,23.1,-0.584086,False
2006-05-01,20.7,14.5,20.093011,15.277634,22.9,0.606989,False
2006-05-02,20.0,13.7,20.008495,15.182581,22.9,-0.008495,False
2006-05-03,23.3,15.0,19.922688,15.108065,22.9,3.377312,False
2006-05-04,20.5,13.3,19.856022,15.01828,22.8,0.643978,False
2006-05-05,21.3,13.2,19.788065,14.937742,22.8,1.511935,False
2006-05-06,19.5,13.4,19.718495,14.850215,22.7,-0.218495,False
2006-05-07,24.1,11.1,19.635914,14.769892,22.6,4.464086,False
2006-05-08,17.3,9.4,19.580323,14.693118,22.5,-2.280323,False
2006-05-09,19.3,12.4,19.514086,14.616237,22.5,-0.214086,False
2006-05-10,20.2,14.5,19.431075,14.519462,22.4,0.768925,False
2006-05-11,16.7,14.1,19.351935,14.433763,22.3,-2.651935,False
2006-05-12,16.3,13.3,19.258065,14.347419,22.2,-2.958065,False
2006-05-13,19.8,14.8,19.196774,14.266237,22.1,0.603226,False
2006-05-14,18.2,15.1,19.110645,14.163548,22.0,-0.910645,False
2006-05-15,17.0,15.3,19.008065,14.053548,21.8,-2.008065,False
2006-05-16,17.9,14.2,18.940645,13.972903,21.61,-1.040645,False
2006-05-17,19.7,13.7,18.859462,13.900215,21.6,0.840538,False
2006-05-18,19.2,14.2,18.759462,13.83,21.5,0.440538,False
2006-05-19,20.1,14.8,18.680215,13.735591,21.4,1.419785,False
2006-05-20,19.5,13.9,18.599355,13.666129,21.3,0.900645,False
2006-05-21,17.3,12.2,18.529247,13.603333,21.3,-1.229247,False
2006-05-22,15.2,11.1,18.449892,13.547742,21.2,-3.249892,False
2006-05-23,15.5,11.9,18.365269,13.49828,21.11,-2.865269,False
2006-05-24,19.0,12.5,18.287097,13.451398,21.0,0.712903,False
2006-05-25,18.6,13.0,18.218925,13.407204,20.81,0.381075,False
2006-05-26,16.8,12.5,18.145376,13.362473,20.8,-1.345376,False
2006-05-27,16.0,11.8,18.074086,13.302581,20.71,-2.074086,False
2006-05-28,16.5,10.7,18.016237,13.244516,20.7,-1.516237,False
2006-05-29,15.7,10.6,17.953763,13.194516,20.6,-2.253763,False
2006-05-30,14.3,11.7,17.895054,13.125914,20.6,-3.595054,False
2006-05-31,17.6,12.9,17.834301,13.053226,20.51,-0.234301,False
2006-06-01,17.4,11.2,17.766559,12.98043,20.4,-0.366559,False
2006-06-02,15.3,11.1,17.68871,12.922473,20.21,-2.38871,False
2006-06-03,15.9,12.5,17.61957,12.851505,20.11,-1.71957,False
2006-06-04,15.5,12.1,17.545699,12.786667,20.1,-2.045699,False
2006-06-05,14.0,11.9,17.472043,12.722366,20.01,-3.472043,False
2006-06-06,14.9,12.6,17.402796,12.660753,20.0,-2.502796,False
2006-06-07,14.9,12.4,17.330215,12.568602,19.9,-2.430215,False
2006-06-08,16.7,13.5,17.253548,12.486344,19.8,-0.553548,False
2006-06-09,17.2,13.9,17.185806,12.396559,19.71,0.014194,False
2006-06-10,16.1,12.2,17.111613,12.336882,19.7,-1.011613,False
2006-06-11,13.0,9.6,17.055591,12.286129,19.6,-4.055591,False
2006-06-12,14.9,10.3,16.991075,12.243118,19.5,-2.091075,False
2006-06-13,16.3,10.1,16.946022,12.195376,19.4,-0.646022,False
2006-06-14,15.9,9.1,16.905806,12.163118,19.3,-1.005806,False
2006-06-15,17.2,8.9,16.87129,12.121398,19.2,0.32871,False
2006-06-16,15.5,10.9,16.81,12.050968,19.1,-1.31,False
2006-06-17,15.0,10.9,16.768817,11.976882,19.0,-1.768817,False
2006-06-18,16.1,12.0,16.74043,11.916452,19.0,-0.64043,False
2006-06-19,16.0,12.5,16.720215,11.880108,19.0,-0.720215,False
2006-06-20,17.1,13.0,16.697204,11.817204,19.0,0.402796,False
2006-06-21,14.9,13.1,16.676882,11.762903,18.91,-1.776882,False
2006-06-22,14.8,12.4,16.636344,11.694516,18.8,-1.836344,False
2006-06-23,16.4,12.0,16.588172,11.635054,18.8,-0.188172,False
2006-06-24,16.3,9.1,16.544086,11.567634,18.7,-0.244086,False
2006-06-25,14.4,10.6,16.488817,11.521935,18.6,-2.088817,False
2006-06-26,14.8,10.2,16.466344,11.46957,18.6,-1.666344,False
2006-06-27,16.6,8.9,16.444731,11.417957,18.5,0.155269,False
2006-06-28,16.6,9.8,16.406344,11.370968,18.5,0.193656,False
2006-06-29,16.9,10.7,16.365269,11.313656,18.5,0.534731,False
2006-06-30,14.8,11.4,16.334409,11.27043,18.5,-1.534409,False
2006-07-01,17.2,11.2,16.312043,11.233871,18.5,0.887957,False
2006-07-02,16.0,11.5,16.293011,11.20086,18.5,-0.293011,False
2006-07-03,14.7,13.0,16.293656,11.156344,18.5,-1.593656,False
2006-07-04,15.8,11.7,16.292581,11.134086,18.5,-0.492581,False
2006-07-05,18.0,9.6,16.269032,11.097527,18.5,1.730968,False
2006-07-06,17.7,9.1,16.243226,11.054516,18.5,1.456774,False
2006-07-07,16.2,7.7,16.232903,11.017849,18.5,-0.032903,False
2006-07-08,15.1,7.8,16.235269,11.02172,18.6,-1.135269,False
2006-07-09,15.2,8.7,16.227957,11.023011,18.6,-1.027957,False
2006-07-10,18.9,11.9,16.237957,11.038925,18.7,2.662043,False
2006-07-11,21.6,12.6,16.246667,11.019785,18.7,5.353333,False
2006-07-12,15.0,9.2,16.237204,10.98828,18.7,-1.237204,False
2006-07-13,14.6,12.0,16.249355,10.954839,18.7,-1.649355,False
2006-07-14,15.7,14.1,16.258172,10.92914,18.7,-0.558172,False
2006-07-15,15.7,12.8,16.272688,10.915484,18.7,-0.572688,False
2006-07-16,17.2,11.4,16.29086,10.89871,18.7,0.90914,False
2006-07-17,17.6,13.4,16.321075,10.880753,18.7,1.278925,False
2006-07-18,14.6,11.7,16.332581,10.869355,18.7,-1.732581,False
2006-07-19,13.8,10.8,16.352043,10.853118,18.81,-2.552043,False
2006-07-20,13.8,11.2,16.349032,10.830645,18.81,-2.549032,False
2006-07-21,15.2,11.8,16.349785,10.833548,18.9,-1.149785,False
2006-07-22,15.9,10.4,16.360645,10.833226,18.9,-0.460645,False
2006-07-23,15.8,10.9,16.376559,10.831505,19.0,-0.576559,False
2006-07-24,14.5,13.2,16.39043,10.813871,19.0,-1.89043,False
2006-07-25,16.4,13.5,16.420108,10.812366,19.0,-0.020108,False
2006-07-26,16.3,12.2,16.473226,10.78957,19.2,-0.173226,False
2006-07-27,17.7,12.1,16.50957,10.790108,19.2,1.19043,False
2006-07-28,17.0,11.2,16.549032,10.800753,19.31,0.450968,False
2006-07-29,20.0,11.4,16.598602,10.796989,19.4,3.401398,False
2006-07-30,17.9,10.8,16.642258,10.811183,19.4,1.257742,False
2006-07-31,18.0,9.6,16.689462,10.846237,19.51,1.310538,False
2006-08-01,16.3,9.4,16.730753,10.871505,19.61,-0.430753,False
2006-08-02,14.2,8.7,16.784946,10.886237,19.71,-2.584946,False
2006-08-03,15.9,10.9,16.797204,10.896344,19.8,-0.897204,False
2006-08-04,14.5,11.7,16.804516,10.893011,19.8,-2.304516,False
2006-08-05,15.8,12.6,16.832473,10.914194,19.81,-1.032473,False
2006-08-06,15.6,12.7,16.874839,10.956774,19.9,-1.274839,False
2006-08-07,15.3,9.9,16.903978,11.005269,19.9,-1.603978,False
2006-08-08,18.3,8.8,16.93828,11.023548,19.91,1.36172,False
2006-08-09,19.3,11.8,16.949462,11.04043,20.0,2.350538,False
2006-08-10,14.9,9.9,16.963978,11.041935,20.0,-2.063978,False
2006-08-11,16.3,10.9,16.979355,11.075914,19.91,-0.679355,False
2006-08-12,16.8,11.6,17.010753,11.113656,20.1,-0.210753,False
2006-08-13,17.3,10.4,17.032581,11.146774,20.11,0.267419,False
2006-08-14,18.8,10.4,17.042473,11.213656,20.11,1.757527,False
2006-08-15,17.6,11.5,17.079677,11.271828,20.2,0.520323,False
2006-08-16,18.8,13.3,17.129462,11.319785,20.3,1.670538,False
2006-08-17,22.7,13.1,17.156344,11.384409,20.4,5.543656,False
2006-08-18,17.9,10.9,17.196667,11.447849,20.4,0.703333,False
2006-08-19,17.8,9.5,17.254516,11.508495,20.41,0.545484,False
2006-08-20,17.0,11.3,17.309032,11.574516,20.6,-0.309032,False
2006-08-21,17.7,11.8,17.355806,11.627849,20.6,0.344194,False
2006-08-22,21.5,11.6,17.390645,11.689677,20.61,4.109355,False
2006-08-23,18.4,13.4,17.430323,11.762796,20.7,0.969677,False
2006-08-24,19.3,14.0,17.481935,11.839677,20.71,1.818065,False
2006-08-25,17.5,12.7,17.512151,11.911505,20.8,-0.012151,False
2006-08-26,14.9,12.0,17.527849,11.958495,20.81,-2.627849,False
2006-08-27,18.6,14.0,17.555914,12.006129,20.8,1.044086,False
2006-08-28,16.9,14.3,17.593763,12.064624,20.9,-0.693763,False
2006-08-29,17.6,15.9,17.647312,12.128925,21.0,-0.047312,False
2006-08-30,18.5,15.3,17.703871,12.205269,21.0,0.796129,False
2006-08-31,18.8,14.1,17.776022,12.262258,21.2,1.023978,False
2006-09-01,21.0,14.9,17.839355,12.319355,21.21,3.160645,False
2006-09-02,23.0,17.4,17.867527,12.383763,21.21,5.132473,False
2006-09-03,24.3,13.5,17.934839,12.479032,21.4,6.365161,False
2006-09-04,17.5,12.2,18.029462,12.566774,21.61,-0.529462,False
2006-09-05,18.8,12.6,18.089462,12.632258,21.7,0.710538,False
2006-09-06,17.2,13.0,18.146882,12.690108,21.7,-0.946882,False
2006-09-07,16.0,13.5,18.235054,12.762043,21.8,-2.235054,False
2006-09-08,16.1,12.2,18.322043,12.856559,21.9,-2.222043,False
2006-09-09,15.0,13.0,18.428387,12.945699,22.01,-3.428387,False
2006-09-10,14.4,12.6,18.491828,13.024194,22.2,-4.091828,False
2006-09-11,15.3,13.4,18.52914,13.076667,22.2,-3.22914,False
2006-09-12,16.2,14.1,18.585806,13.151398,22.2,-2.385806,False
2006-09-13,17.5,12.1,18.686882,13.235591,22.4,-1.186882,False
2006-09-14,18.9,14.7,18.777419,13.260753,22.5,0.122581,False
2006-09-15,19.2,13.2,18.825484,13.306882,22.6,0.374516,False
2006-09-16,19.1,12.6,18.889247,13.386989,22.6,0.210753,False
2006-09-17,19.5,13.4,18.980323,13.480108,22.71,0.519677,False
2006-09-18,22.2,15.6,19.071183,13.561613,23.0,3.128817,False
2006-09-19,24.3,19.3,19.101398,13.625914,23.1,5.198602,False
2006-09-20,25.0,14.0,19.176989,13.70957,23.2,5.823011,False
2006-09-21,22.0,13.6,19.254086,13.787204,23.3,2.745914,False
2006-09-22,25.4,19.6,19.302688,13.863333,23.5,6.097312,False
2006-09-23,23.3,17.6,19.356237,13.903548,23.5,3.943763,False
2006-09-24,28.8,13.2,19.39828,13.954194,23.6,9.40172,False
2006-09-25,16.5,14.1,19.476989,14.022151,23.8,-2.976989,False
2006-09-26,18.3,16.5,19.552796,14.103978,23.8,-1.252796,False
2006-09-27,21.0,15.6,19.616989,14.200645,23.9,1.383011,False
2006-09-28,18.1,14.4,19.684946,14.27871,24.02,-1.584946,False
2006-09-29,22.9,14.5,19.712258,14.351505,24.02,3.187742,False
2006-09-30,16.9,12.8,19.752473,14.411075,24.2,-2.852473,False
2006-10-01,18.8,13.5,19.78828,14.488925,24.3,-0.98828,False
2006-10-02,23.2,15.3,19.812258,14.562903,24.31,3.387742,False
2006-10-03,17.9,14.5,19.868065,14.62871,24.31,-1.968065,False
2006-10-04,18.8,14.9,19.92086,14.673763,24.41,-1.12086,False
2006-10-05,23.5,16.1,19.93086,14.709677,24.5,3.56914,False
2006-10-06,18.2,14.9,19.966667,14.774839,24.51,-1.766667,False
2006-10-07,22.1,16.8,19.976559,14.829355,24.6,2.123441,False
2006-10-08,25.1,14.0,19.983011,14.871828,24.5,5.116989,False
2006-10-09,16.5,13.3,19.997527,14.921828,24.5,-3.497527,False
2006-10-10,17.8,14.0,20.053441,14.985914,24.41,-2.253441,False
2006-10-11,21.3,15.4,20.111398,15.055914,24.5,1.188602,False
2006-10-12,24.6,19.8,20.178925,15.118495,24.6,4.421075,False
2006-10-13,27.7,20.6,20.205054,15.19,24.6,7.494946,False
2006-10-14,28.2,17.5,20.204946,15.245806,24.6,7.995054,False
2006-10-15,18.1,14.7,20.240538,15.345161,24.51,-2.140538,False
2006-10-16,17.6,16.0,20.300108,15.417097,24.51,-2.700108,False
2006-10-17,23.1,17.4,20.322258,15.465806,24.5,2.777742,False
2006-10-18,26.1,17.0,20.337742,15.505484,24.5,5.762258,False
2006-10-19,20.2,18.4,20.369677,15.548817,24.51,-0.169677,False
2006-10-20,23.1,15.4,20.383871,15.587204,24.5,2.716129,False
2006-10-21,15.6,13.2,20.358817,15.61172,24.4,-4.758817,False
2006-10-22,16.9,13.3,20.375591,15.664946,24.31,-3.475591,False
2006-10-23,18.4,14.0,20.420538,15.715591,24.4,-2.020538,False
2006-10-24,21.8,16.3,20.466774,15.787312,24.5,1.333226,False
2006-10-25,23.6,16.2,20.518172,15.853978,24.5,3.081828,False
2006-10-26,18.4,16.7,20.546344,15.894086,24.5,-2.146344,False
2006-10-27,24.7,16.2,20.566882,15.952043,24.5,4.133118,False
2006-10-28,17.9,12.0,20.607204,16.01129,24.5,-2.707204,False
2006-10-29,17.1,14.1,20.644086,16.071398,24.5,-3.544086,False
2006-10-30,19.0,16.6,20.723441,16.143548,24.51,-1.723441,False
2006-10-31,21.3,16.3,20.759462,16.201828,24.51,0.540538,False
2006-11-01,21.8,16.7,20.744946,16.237527,24.5,1.055054,False
2006-11-02,24.1,18.5,20.755914,16.284624,24.5,3.344086,False
2006-11-03,20.4,17.3,20.802473,16.34957,24.5,-0.402473,False
2006-11-04,17.8,16.1,20.850968,16.428817,24.61,-3.050968,False
2006-11-05,17.9,17.0,20.935054,16.517957,24.8,-3.035054,False
2006-11-06,18.5,15.2,21.000323,16.599785,24.9,-2.500323,False
2006-11-07,17.9,15.3,21.07828,16.651398,25.0,-3.17828,False
2006-11-08,17.0,14.6,21.104301,16.698817,25.0,-4.104301,False
2006-11-09,17.2,13.4,21.127849,16.752258,25.0,-3.927849,False
2006-11-10,22.5,17.2,21.151183,16.81129,25.1,1.348817,False
2006-11-11,25.5,17.1,21.235806,16.875161,25.2,4.264194,False
2006-11-12,24.1,21.6,21.307742,16.95914,25.3,2.792258,False
2006-11-13,23.5,14.3,21.391183,17.027849,25.31,2.108817,False
2006-11-14,21.8,17.1,21.464301,17.085161,25.4,0.335699,False
2006-11-15,23.0,11.1,21.500108,17.126989,25.5,1.499892,False
2006-11-16,15.8,12.5,21.558172,17.181505,25.6,-5.758172,False
2006-11-17,17.8,13.7,21.598602,17.226129,25.71,-3.798602,False
2006-11-18,21.3,17.0,21.643333,17.285484,25.8,-0.343333,False
2006-11-19,22.7,17.3,21.67129,17.343871,25.8,1.02871,False
2006-11-20,24.8,19.6,21.73828,17.412366,25.9,3.06172,False
2006-11-21,28.1,25.4,21.815269,17.483656,26.0,6.284731,False
2006-11-22,31.4,17.8,21.861183,17.543871,26.01,9.538817,False
2006-11-23,21.7,19.4,21.913548,17.617634,26.1,-0.213548,False
2006-11-24,21.4,19.3,21.973226,17.696452,26.1,-0.573226,False
2006-11-25,23.7,19.7,22.032581,17.757527,26.2,1.667419,False
2006-11-26,20.8,18.4,22.082151,17.817849,26.21,-1.282151,False
2006-11-27,22.2,19.9,22.125699,17.879677,26.3,0.074301,False
2006-11-28,26.4,21.0,22.17871,17.93871,26.4,4.22129,False
2006-11-29,21.2,15.6,22.221613,17.99828,26.4,-1.021613,False
2006-11-30,22.6,18.0,22.229892,18.052688,26.3,0.370108,False
2006-12-01,27.4,20.4,22.294409,18.113548,26.4,5.105591,False
2006-12-02,22.9,16.4,22.373763,18.186882,26.4,0.526237,False
2006-12-03,18.2,15.8,22.463226,18.251183,26.4,-4.263226,False
2006-12-04,19.6,16.4,22.523548,18.30129,26.5,-2.923548,False
2006-12-05,21.3,17.3,22.573011,18.352043,26.5,-1.273011,False
2006-12-06,23.8,18.4,22.603763,18.407957,26.5,1.196237,False
2006-12-07,22.2,19.5,22.657097,18.463763,26.6,-0.457097,False
2006-12-08,21.4,19.7,22.717312,18.55086,26.6,-1.317312,False
2006-12-09,22.0,19.6,22.806129,18.622258,26.7,-0.806129,False
2006-12-10,23.3,18.4,22.873226,18.668817,26.7,0.426774,False
2006-12-11,26.6,17.4,22.908065,18.686022,26.7,3.691935,False
2006-12-12,18.7,17.4,22.882151,18.716989,26.6,-4.182151,False
2006-12-13,22.1,19.5,22.905914,18.748495,26.6,-0.805914,False
2006-12-14,26.4,19.2,22.925054,18.775699,26.6,3.474946,False
2006-12-15,19.1,17.4,22.955161,18.835806,26.6,-3.855161,False
2006-12-16,18.9,16.2,23.010323,18.896989,26.6,-4.110323,False
2006-12-17,20.3,16.1,23.056129,18.954516,26.6,-2.756129,False
2006-12-18,22.2,18.1,23.108387,19.025161,26.51,-0.908387,False
2006-12-19,22.2,18.8,23.145161,19.073226,26.6,-0.945161,False
2006-12-20,21.6,19.5,23.19,19.127957,26.6,-1.59,False
2006-12-21,22.5,20.2,23.254194,19.187849,26.7,-0.754194,False
2006-12-22,24.3,21.0,23.309355,19.238387,26.61,0.990645,False
2006-12-23,24.6,19.6,23.369247,19.290538,26.71,1.230753,False
2006-12-24,21.9,20.4,23.41871,19.318065,26.8,-1.51871,False
2006-12-25,24.3,14.7,23.42914,19.355806,26.9,0.87086,False
2006-12-26,19.4,15.7,23.456129,19.413656,26.91,-4.056129,False
2006-12-27,21.4,18.5,23.513656,19.493011,27.1,-2.113656,False
2006-12-28,23.5,19.9,23.585161,19.555914,27.1,-0.085161,False
2006-12-29,21.8,18.0,23.622473,19.595054,27.11,-1.822473,False
2006-12-30,21.1,18.9,23.665161,19.634839,27.2,-2.565161,False
2006-12-31,21.8,19.8,23.717419,19.671075,27.3,-1.917419,False
2007-01-01,21.1,19.4,23.731828,19.716667,27.3,-2.631828,False
2007-01-02,22.2,19.3,23.783978,19.759247,27.5,-1.583978,False
2007-01-03,21.3,18.7,23.833011,19.80043,27.6,-2.533011,False
2007-01-04,22.0,19.1,23.836774,19.851183,27.5,-1.836774,False
2007-01-05,23.7,19.3,23.888817,19.901183,27.5,-0.188817,False
2007-01-06,25.4,21.2,23.941505,19.945161,27.6,1.458495,False
2007-01-07,27.6,20.4,23.980108,19.993978,27.6,3.619892,False
2007-01-08,21.5,18.7,24.019355,20.032688,27.61,-2.519355,False
2007-01-09,21.3,18.5,24.047097,20.090215,27.61,-2.747097,False
2007-01-10,23.4,20.6,24.074409,20.147849,27.7,-0.674409,False
2007-01-11,26.6,21.4,24.112903,20.222151,27.8,2.487097,False
2007-01-12,26.6,20.4,24.15957,20.289247,27.8,2.44043,False
2007-01-13,22.7,19.0,24.193548,20.346882,27.8,-1.493548,False
2007-01-14,22.7,19.3,24.244731,20.397312,27.8,-1.544731,False
2007-01-15,23.0,20.5,24.294516,20.444946,27.8,-1.294516,False
2007-01-16,24.2,20.7,24.32914,20.477419,27.81,-0.12914,False
2007-01-17,25.9,21.2,24.317419,20.506237,27.9,1.582581,False
2007-01-18,25.2,21.4,24.324409,20.527419,27.8,0.875591,False
2007-01-19,25.4,20.4,24.354946,20.546667,27.9,1.045054,False
2007-01-20,28.2,22.6,24.35914,20.574731,27.9,3.84086,False
2007-01-21,30.2,22.6,24.37871,20.612258,27.9,5.82129,False
2007-01-22,24.8,20.4,24.387742,20.637312,27.9,0.412258,False
2007-01-23,24.1,22.4,24.376022,20.654624,27.81,-0.276022,False
2007-01-24,22.0,20.8,24.403548,20.686989,27.8,-2.403548,False
2007-01-25,22.5,20.8,24.460323,20.71129,27.9,-1.960323,False
2007-01-26,27.4,22.3,24.484086,20.728817,27.9,2.915914,False
2007-01-27,28.1,17.1,24.495591,20.746344,27.9,3.604409,False
2007-01-28,25.2,19.6,24.492581,20.74828,27.9,0.707419,False
2007-01-29,23.8,21.1,24.465054,20.753441,27.9,-0.665054,False
2007-01-30,25.9,21.4,24.441613,20.760215,27.9,1.458387,False
2007-01-31,22.8,20.2,24.435161,20.78043,27.81,-1.635161,False
2007-02-01,21.6,20.7,24.444624,20.776022,27.9,-2.844624,False
2007-02-02,23.3,20.2,24.418387,20.77871,27.7,-1.118387,False
2007-02-03,24.4,20.8,24.398065,20.787527,27.7,0.001935,False
2007-02-04,23.4,20.8,24.414301,20.788387,27.7,-1.014301,False
2007-02-05,23.7,21.3,24.374839,20.778602,27.6,-0.674839,False
2007-02-06,24.0,20.9,24.326882,20.759247,27.51,-0.326882,False
2007-02-07,24.4,21.0,24.30828,20.743548,27.5,0.09172,False
2007-02-08,23.8,21.5,24.269785,20.725269,27.31,-0.469785,False
2007-02-09,23.6,21.1,24.251613,20.699032,27.2,-0.651613,False
2007-02-10,23.7,20.7,24.239032,20.680215,27.2,-0.539032,False
2007-02-11,22.4,19.8,24.231075,20.658495,27.1,-1.831075,False
2007-02-12,20.9,20.0,24.22086,20.633441,27.1,-3.32086,False
2007-02-13,22.1,19.5,24.207312,20.605376,27.1,-2.107312,False
2007-02-14,23.3,19.0,24.164516,20.562473,27.1,-0.864516,False
2007-02-15,23.3,20.9,24.09957,20.514516,27.1,-0.79957,False
2007-02-16,24.4,21.1,24.05043,20.495806,27.0,0.34957,False
2007-02-17,24.6,20.8,24.041075,20.46871,27.0,0.558925,False
2007-02-18,24.0,20.8,24.016452,20.444409,26.91,-0.016452,False
2007-02-19,25.4,21.5,23.985914,20.421613,26.9,1.414086,False
2007-02-20,24.8,22.1,23.943011,20.389355,26.8,0.856989,False
2007-02-21,24.8,21.1,23.884946,20.345806,26.7,0.915054,False
2007-02-22,25.1,21.7,23.850645,20.307849,26.6,1.249355,False
2007-02-23,25.3,21.9,23.806774,20.271075,26.6,1.493226,False
2007-02-24,26.0,20.7,23.751075,20.228817,26.5,2.248925,False
2007-02-25,22.9,20.3,23.709032,20.185269,26.4,-0.809032,False
2007-02-26,22.0,20.1,23.673441,20.147312,26.4,-1.673441,False
2007-02-27,23.9,21.7,23.62957,20.094409,26.3,0.27043,False
2007-02-28,23.4,21.1,23.598387,20.068925,26.2,-0.198387,False
2007-03-01,24.8,20.7,23.599677,20.034624,26.2,1.200323,False
2007-03-02,24.4,21.4,23.571075,19.985806,26.2,0.828925,False
2007-03-03,27.5,23.5,23.552796,19.936559,26.2,3.947204,False
2007-03-04,27.1,22.5,23.535914,19.914194,26.2,3.564086,False
2007-03-05,22.9,20.3,23.54129,19.873548,26.2,-0.64129,False
2007-03-06,22.2,19.9,23.49828,19.828172,26.1,-1.29828,False
2007-03-07,22.3,19.9,23.445699,19.780323,26.1,-1.145699,False
2007-03-08,25.8,19.3,23.415591,19.720753,26.1,2.384409,False
2007-03-09,21.3,17.9,23.391935,19.668602,26.1,-2.091935,False
2007-03-10,21.3,17.7,23.342043,19.607849,26.0,-2.042043,False
2007-03-11,25.1,20.7,23.328065,19.552688,26.0,1.771935,False
2007-03-12,21.9,19.5,23.285376,19.503226,25.9,-1.385376,False
2007-03-13,20.9,17.5,23.249355,19.447742,25.9,-2.349355,False
2007-03-14,22.2,18.2,23.18172,19.393763,25.9,-0.98172,False
2007-03-15,24.4,21.2,23.13828,19.314409,25.81,1.26172,False
2007-03-16,28.6,22.6,23.075699,19.232151,25.71,5.524301,False
2007-03-17,23.9,20.1,23.044731,19.182903,25.7,0.855269,False
2007-03-18,21.8,20.8,23.021505,19.122258,25.7,-1.221505,False
2007-03-19,24.0,21.4,22.976344,19.041505,25.6,1.023656,False
2007-03-20,26.1,21.6,22.897312,18.964086,25.6,3.202688,False
2007-03-21,24.4,22.5,22.862366,18.890108,25.6,1.537634,False
2007-03-22,25.0,21.7,22.808925,18.812473,25.5,2.191075,False
2007-03-23,25.2,21.7,22.757742,18.722258,25.5,2.442258,False
2007-03-24,28.0,17.8,22.703978,18.632796,25.4,5.296022,False
2007-03-25,19.4,17.8,22.636774,18.539785,25.4,-3.236774,False
2007-03-26,20.1,17.8,22.575484,18.446667,25.4,-2.475484,False
2007-03-27,20.7,15.8,22.530753,18.355054,25.4,-1.830753,False
2007-03-28,23.0,18.6,22.450323,18.266882,25.3,0.549677,False
2007-03-29,24.6,16.6,22.403333,18.183441,25.2,2.196667,False
2007-03-30,22.8,15.4,22.358387,18.108065,25.2,0.441613,False
2007-03-31,20.4,17.5,22.307527,18.031075,25.2,-1.907527,False
2007-04-01,21.0,16.4,22.243011,17.947204,25.2,-1.243011,False
2007-04-02,22.8,18.1,22.192581,17.870108,25.11,0.607419,False
2007-04-03,21.8,18.6,22.116882,17.782796,25.0,-0.316882,False
2007-04-04,21.1,17.2,22.037742,17.680538,24.9,-0.937742,False
2007-04-05,23.2,16.9,21.945699,17.588065,24.9,1.254301,False
2007-04-06,19.1,16.8,21.88828,17.496129,24.81,-2.78828,False
2007-04-07,19.1,17.5,21.819032,17.397204,24.8,-2.719032,False
2007-04-08,20.4,17.1,21.73914,17.30914,24.7,-1.33914,False
2007-04-09,20.1,16.2,21.688602,17.234301,24.6,-1.588602,False
2007-04-10,21.1,15.4,21.63,17.135484,24.5,-0.53,False
2007-04-11,23.7,18.2,21.557527,17.043548,24.4,2.142473,False
2007-04-12,20.9,16.0,21.46871,16.944086,24.3,-0.56871,False
2007-04-13,21.0,15.8,21.397419,16.847849,24.2,-0.397419,False
2007-04-14,21.7,16.8,21.34129,16.763763,24.1,0.35871,False
2007-04-15,24.1,19.1,21.261075,16.696667,24.1,2.838925,False
2007-04-16,21.6,17.3,21.202366,16.632796,24.01,0.397634,False
2007-04-17,21.2,17.5,21.13957,16.555376,24.0,0.06043,False
2007-04-18,21.7,16.5,21.065806,16.486344,23.9,0.634194,False
2007-04-19,22.2,18.3,20.999892,16.392581,23.8,1.200108,False
2007-04-20,21.4,16.6,20.927742,16.286344,23.8,0.472258,False
2007-04-21,21.5,17.9,20.848387,16.191183,23.7,0.651613,False
2007-04-22,21.9,17.0,20.781828,16.09129,23.6,1.118172,False
2007-04-23,17.8,16.4,20.724409,15.99828,23.6,-2.924409,False
2007-04-24,17.7,16.2,20.66129,15.910323,23.5,-2.96129,False
2007-04-25,18.6,15.0,20.594624,15.818065,23.41,-1.994624,False
2007-04-26,19.2,15.8,20.534946,15.737527,23.4,-1.334946,False
2007-04-27,18.5,16.5,20.442258,15.663656,23.3,-1.942258,False
2007-04-28,20.8,16.6,20.38,15.575806,23.2,0.42,False
2007-04-29,22.5,17.1,20.287419,15.477849,23.2,2.212581,False
2007-04-30,20.6,15.2,20.184086,15.380968,23.1,0.415914,False
2007-05-01,20.1,15.4,20.093011,15.277634,22.9,0.006989,False
2007-05-02,23.7,17.0,20.008495,15.182581,22.9,3.691505,False
2007-05-03,24.3,19.6,19.922688,15.108065,22.9,4.377312,False
2007-05-04,24.4,15.5,19.856022,15.01828,22.8,4.543978,False
2007-05-05,22.1,14.9,19.788065,14.937742,22.8,2.311935,False
2007-05-06,22.1,17.5,19.718495,14.850215,22.7,2.381505,False
2007-05-07,21.1,16.3,19.635914,14.769892,22.6,1.464086,False
2007-05-08,23.8,18.6,19.580323,14.693118,22.5,4.219677,False
2007-05-09,20.7,17.4,19.514086,14.616237,22.5,1.185914,False
2007-05-10,18.5,16.2,19.431075,14.519462,22.4,-0.931075,False
2007-05-11,19.3,14.2,19.351935,14.433763,22.3,-0.051935,False
2007-05-12,20.1,16.3,19.258065,14.347419,22.2,0.841935,False
2007-05-13,20.6,15.2,19.196774,14.266237,22.1,1.403226,False
2007-05-14,20.7,15.7,19.110645,14.163548,22.0,1.589355,False
2007-05-15,20.3,16.1,19.008065,14.053548,21.8,1.291935,False
2007-05-16,20.9,16.7,18.940645,13.972903,21.61,1.959355,False
2007-05-17,21.2,17.5,18.859462,13.900215,21.6,2.340538,False
2007-05-18,19.5,16.2,18.759462,13.83,21.5,0.740538,False
2007-05-19,20.9,14.5,18.680215,13.735591,21.4,2.219785,False
2007-05-20,19.7,14.9,18.599355,13.666129,21.3,1.100645,False
2007-05-21,19.6,14.1,18.529247,13.603333,21.3,1.070753,False
2007-05-22,17.4,11.0,18.449892,13.547742,21.2,-1.049892,False
2007-05-23,18.4,10.7,18.365269,13.49828,21.11,0.034731,False
2007-05-24,18.5,10.7,18.287097,13.451398,21.0,0.212903,False
2007-05-25,18.4,11.7,18.218925,13.407204,20.81,0.181075,False
2007-05-26,18.7,12.0,18.145376,13.362473,20.8,0.554624,False
2007-05-27,20.3,13.6,18.074086,13.302581,20.71,2.225914,False
2007-05-28,20.0,15.1,18.016237,13.244516,20.7,1.983763,False
2007-05-29,21.3,15.7,17.953763,13.194516,20.6,3.346237,False
2007-05-30,17.4,9.6,17.895054,13.125914,20.6,-0.495054,False
2007-05-31,17.7,10.9,17.834301,13.053226,20.51,-0.134301,False
2007-06-01,17.2,13.2,17.766559,12.98043,20.4,-0.566559,False
2007-06-02,17.3,12.0,17.68871,12.922473,20.21,-0.38871,False
2007-06-03,17.7,12.4,17.61957,12.851505,20.11,0.08043,False
2007-06-04,17.0,11.9,17.545699,12.786667,20.1,-0.545699,False
2007-06-05,16.3,12.7,17.472043,12.722366,20.01,-1.172043,False
2007-06-06,16.3,13.9,17.402796,12.660753,20.0,-1.102796,False
2007-06-07,16.7,14.4,17.330215,12.568602,19.9,-0.630215,False
2007-06-08,16.0,14.7,17.253548,12.486344,19.8,-1.253548,False
2007-06-09,15.6,14.8,17.185806,12.396559,19.71,-1.585806,False
2007-06-10,16.0,11.6,17.111613,12.336882,19.7,-1.111613,False
2007-06-11,17.2,10.8,17.055591,12.286129,19.6,0.144409,False
2007-06-12,15.0,9.3,16.991075,12.243118,19.5,-1.991075,False
2007-06-13,14.9,9.8,16.946022,12.195376,19.4,-2.046022,False
2007-06-14,13.5,11.6,16.905806,12.163118,19.3,-3.405806,False
2007-06-15,15.0,12.6,16.87129,12.121398,19.2,-1.87129,False
2007-06-16,15.6,14.2,16.81,12.050968,19.1,-1.21,False
2007-06-17,15.9,13.7,16.768817,11.976882,19.0,-0.868817,False
2007-06-18,14.8,11.9,16.74043,11.916452,19.0,-1.94043,False
2007-06-19,13.8,10.3,16.720215,11.880108,19.0,-2.920215,False
2007-06-20,15.3,9.7,16.697204,11.817204,19.0,-1.397204,False
2007-06-21,14.3,9.3,16.676882,11.762903,18.91,-2.376882,False
2007-06-22,14.2,8.8,16.636344,11.694516,18.8,-2.436344,False
2007-06-23,15.2,11.0,16.588172,11.635054,18.8,-1.388172,False
2007-06-24,15.3,12.8,16.544086,11.567634,18.7,-1.244086,False
2007-06-25,15.8,14.3,16.488817,11.521935,18.6,-0.688817,False
2007-06-26,15.6,11.1,16.466344,11.46957,18.6,-0.866344,False
2007-06-27,12.6,9.0,16.444731,11.417957,18.5,-3.844731,False
2007-06-28,14.4,11.1,16.406344,11.370968,18.5,-2.006344,False
2007-06-29,16.9,11.3,16.365269,11.313656,18.5,0.534731,False
2007-06-30,15.4,9.6,16.334409,11.27043,18.5,-0.934409,False
2007-07-01,15.9,11.7,16.312043,11.233871,18.5,-0.412043,False
2007-07-02,17.7,14.1,16.293011,11.20086,18.5,1.406989,False
2007-07-03,20.1,15.4,16.293656,11.156344,18.5,3.806344,False
2007-07-04,18.7,13.5,16.292581,11.134086,18.5,2.407419,False
2007-07-05,14.5,10.8,16.269032,11.097527,18.5,-1.769032,False
2007-07-06,16.1,10.9,16.243226,11.054516,18.5,-0.143226,False
2007-07-07,16.1,8.9,16.232903,11.017849,18.5,-0.132903,False
2007-07-08,13.1,10.6,16.235269,11.02172,18.6,-3.135269,False
2007-07-09,13.8,11.0,16.227957,11.023011,18.6,-2.427957,False
2007-07-10,13.8,11.6,16.237957,11.038925,18.7,-2.437957,False
2007-07-11,14.7,8.9,16.246667,11.019785,18.7,-1.546667,False
2007-07-12,14.8,9.2,16.237204,10.98828,18.7,-1.437204,False
2007-07-13,14.1,9.7,16.249355,10.954839,18.7,-2.149355,False
2007-07-14,13.7,7.5,16.258172,10.92914,18.7,-2.558172,False
2007-07-15,13.5,7.2,16.272688,10.915484,18.7,-2.772688,False
2007-07-16,13.1,4.9,16.29086,10.89871,18.7,-3.19086,False
2007-07-17,13.8,6.8,16.321075,10.880753,18.7,-2.521075,False
2007-07-18,13.0,8.1,16.332581,10.869355,18.7,-3.332581,False
2007-07-19,13.9,10.2,16.352043,10.853118,18.81,-2.452043,False
2007-07-20,14.0,11.4,16.349032,10.830645,18.81,-2.349032,False
2007-07-21,14.5,11.0,16.349785,10.833548,18.9,-1.849785,False
2007-07-22,14.2,10.1,16.360645,10.833226,18.9,-2.160645,False
2007-07-23,15.6,9.8,16.376559,10.831505,19.0,-0.776559,False
2007-07-24,17.4,10.1,16.39043,10.813871,19.0,1.00957,False
2007-07-25,18.7,10.0,16.420108,10.812366,19.0,2.279892,False
2007-07-26,20.0,12.3,16.473226,10.78957,19.2,3.526774,False
2007-07-27,19.3,11.4,16.50957,10.790108,19.2,2.79043,False
2007-07-28,16.8,9.5,16.549032,10.800753,19.31,0.250968,False
2007-07-29,15.1,9.2,16.598602,10.796989,19.4,-1.498602,False
2007-07-30,14.6,9.1,16.642258,10.811183,19.4,-2.042258,False
2007-07-31,16.5,11.4,16.689462,10.846237,19.51,-0.189462,False
2007-08-01,20.4,16.0,16.730753,10.871505,19.61,3.669247,False
2007-08-02,20.7,15.2,16.784946,10.886237,19.71,3.915054,False
2007-08-03,14.5,9.0,16.797204,10.896344,19.8,-2.297204,False
2007-08-04,14.4,9.7,16.804516,10.893011,19.8,-2.404516,False
2007-08-05,16.7,11.0,16.832473,10.914194,19.81,-0.132473,False
2007-08-06,17.5,9.2,16.874839,10.956774,19.9,0.625161,False
2007-08-07,17.1,10.7,16.903978,11.005269,19.9,0.196022,False
2007-08-08,19.4,13.4,16.93828,11.023548,19.91,2.46172,False
2007-08-09,20.7,14.0,16.949462,11.04043,20.0,3.750538,False
2007-08-10,20.4,16.2,16.963978,11.041935,20.0,3.436022,False
2007-08-11,22.1,15.3,16.979355,11.075914,19.91,5.120645,False
2007-08-12,19.6,12.4,17.010753,11.113656,20.1,2.589247,False
2007-08-13,13.9,10.0,17.032581,11.146774,20.11,-3.132581,False
2007-08-14,13.5,11.3,17.042473,11.213656,20.11,-3.542473,False
2007-08-15,15.4,12.5,17.079677,11.271828,20.2,-1.679677,False
2007-08-16,16.1,14.8,17.129462,11.319785,20.3,-1.029462,False
2007-08-17,19.3,11.2,17.156344,11.384409,20.4,2.143656,False
2007-08-18,14.9,12.2,17.196667,11.447849,20.4,-2.296667,False
2007-08-19,14.7,13.4,17.254516,11.508495,20.41,-2.554516,False
2007-08-20,15.7,14.3,17.309032,11.574516,20.6,-1.609032,False
2007-08-21,15.6,14.0,17.355806,11.627849,20.6,-1.755806,False
2007-08-22,15.1,13.4,17.390645,11.689677,20.61,-2.290645,False
2007-08-23,15.5,13.5,17.430323,11.762796,20.7,-1.930323,False
2007-08-24,16.4,13.4,17.481935,11.839677,20.71,-1.081935,False
2007-08-25,16.5,11.1,17.512151,11.911505,20.8,-1.012151,False
2007-08-26,19.9,11.9,17.527849,11.958495,20.81,2.372151,False
2007-08-27,22.6,12.5,17.555914,12.006129,20.8,5.044086,False
2007-08-28,22.4,13.9,17.593763,12.064624,20.9,4.806237,False
2007-08-29,18.1,15.1,17.647312,12.128925,21.0,0.452688,False
2007-08-30,19.7,15.9,17.703871,12.205269,21.0,1.996129,False
2007-08-31,22.6,12.7,17.776022,12.262258,21.2,4.823978,False
2007-09-01,16.4,12.4,17.839355,12.319355,21.21,-1.439355,False
2007-09-02,20.9,14.3,17.867527,12.383763,21.21,3.032473,False
2007-09-03,17.8,13.4,17.934839,12.479032,21.4,-0.134839,False
2007-09-04,14.2,12.5,18.029462,12.566774,21.61,-3.829462,False
2007-09-05,15.2,13.3,18.089462,12.632258,21.7,-2.889462,False
2007-09-06,15.6,11.3,18.146882,12.690108,21.7,-2.546882,False
2007-09-07,15.2,13.1,18.235054,12.762043,21.8,-3.035054,False
2007-09-08,15.9,13.1,18.322043,12.856559,21.9,-2.422043,False
2007-09-09,15.6,11.6,18.428387,12.945699,22.01,-2.828387,False
2007-09-10,18.7,14.6,18.491828,13.024194,22.2,0.208172,False
2007-09-11,19.2,12.9,18.52914,13.076667,22.2,0.67086,False
2007-09-12,18.7,13.0,18.585806,13.151398,22.2,0.114194,False
2007-09-13,19.3,15.4,18.686882,13.235591,22.4,0.613118,False
2007-09-14,22.2,12.6,18.777419,13.260753,22.5,3.422581,False
2007-09-15,17.1,12.3,18.825484,13.306882,22.6,-1.725484,False
2007-09-16,19.1,13.3,18.889247,13.386989,22.6,0.210753,False
2007-09-17,17.5,14.0,18.980323,13.480108,22.71,-1.480323,False
2007-09-18,17.1,12.9,19.071183,13.561613,23.0,-1.971183,False
2007-09-19,20.2,16.3,19.101398,13.625914,23.1,1.098602,False
2007-09-20,16.3,13.5,19.176989,13.70957,23.2,-2.876989,False
2007-09-21,16.3,13.5,19.254086,13.787204,23.3,-2.954086,False
2007-09-22,15.1,11.6,19.302688,13.863333,23.5,-4.202688,False
2007-09-23,16.3,11.6,19.356237,13.903548,23.5,-3.056237,False
2007-09-24,22.2,13.5,19.39828,13.954194,23.6,2.80172,False
2007-09-25,18.0,13.9,19.476989,14.022151,23.8,-1.476989,False
2007-09-26,18.0,15.8,19.552796,14.103978,23.8,-1.552796,False
2007-09-27,21.1,15.6,19.616989,14.200645,23.9,1.483011,False
2007-09-28,24.9,14.2,19.684946,14.27871,24.02,5.215054,False
2007-09-29,19.7,13.2,19.712258,14.351505,24.02,-0.012258,False
2007-09-30,22.3,17.4,19.752473,14.411075,24.2,2.547527,False
2007-10-01,26.2,15.7,19.78828,14.488925,24.3,6.41172,False
2007-10-02,21.9,16.1,19.812258,14.562903,24.31,2.087742,False
2007-10-03,29.6,15.6,19.868065,14.62871,24.31,9.731935,False
2007-10-04,19.2,13.9,19.92086,14.673763,24.41,-0.72086,False
2007-10-05,22.3,16.3,19.93086,14.709677,24.5,2.36914,False
2007-10-06,26.7,15.0,19.966667,14.774839,24.51,6.733333,False
2007-10-07,18.2,15.8,19.976559,14.829355,24.6,-1.776559,False
2007-10-08,17.8,14.9,19.983011,14.871828,24.5,-2.183011,False
2007-10-09,17.9,14.6,19.997527,14.921828,24.5,-2.097527,False
2007-10-10,19.8,17.2,20.053441,14.985914,24.41,-0.253441,False
2007-10-11,22.8,16.8,20.111398,15.055914,24.5,2.688602,False
2007-10-12,18.6,12.3,20.178925,15.118495,24.6,-1.578925,False
2007-10-13,16.3,12.3,20.205054,15.19,24.6,-3.905054,False
2007-10-14,19.9,14.3,20.204946,15.245806,24.6,-0.304946,False
2007-10-15,25.0,19.2,20.240538,15.345161,24.51,4.759462,False
2007-10-16,28.1,13.9,20.300108,15.417097,24.51,7.799892,False
2007-10-17,16.2,13.6,20.322258,15.465806,24.5,-4.122258,False
2007-10-18,18.9,14.2,20.337742,15.505484,24.5,-1.437742,False
2007-10-19,23.3,16.4,20.369677,15.548817,24.51,2.930323,False
2007-10-20,21.6,17.0,20.383871,15.587204,24.5,1.216129,False
2007-10-21,23.5,17.3,20.358817,15.61172,24.4,3.141183,False
2007-10-22,24.3,17.3,20.375591,15.664946,24.31,3.924409,False
2007-10-23,19.9,17.0,20.420538,15.715591,24.4,-0.520538,False
2007-10-24,18.7,17.4,20.466774,15.787312,24.5,-1.766774,False
2007-10-25,19.7,17.9,20.518172,15.853978,24.5,-0.818172,False
2007-10-26,19.9,15.3,20.546344,15.894086,24.5,-0.646344,False
2007-10-27,20.5,17.2,20.566882,15.952043,24.5,-0.066882,False
2007-10-28,24.3,21.7,20.607204,16.01129,24.5,3.692796,False
2007-10-29,27.6,17.5,20.644086,16.071398,24.5,6.955914,False
2007-10-30,22.2,18.2,20.723441,16.143548,24.51,1.476559,False
2007-10-31,21.2,17.8,20.759462,16.201828,24.51,0.440538,False
2007-11-01,20.7,19.1,20.744946,16.237527,24.5,-0.044946,False
2007-11-02,21.1,17.9,20.755914,16.284624,24.5,0.344086,False
2007-11-03,20.9,18.4,20.802473,16.34957,24.5,0.097527,False
2007-11-04,24.0,14.1,20.850968,16.428817,24.61,3.149032,False
2007-11-05,16.4,15.1,20.935054,16.517957,24.8,-4.535054,False
2007-11-06,16.5,14.1,21.000323,16.599785,24.9,-4.500323,False
2007-11-07,16.1,14.6,21.07828,16.651398,25.0,-4.97828,False
2007-11-08,17.1,15.4,21.104301,16.698817,25.0,-4.004301,False
2007-11-09,17.6,15.5,21.127849,16.752258,25.0,-3.527849,False
2007-11-10,19.7,16.0,21.151183,16.81129,25.1,-1.451183,False
2007-11-11,19.9,15.3,21.235806,16.875161,25.2,-1.335806,False
2007-11-12,20.8,16.8,21.307742,16.95914,25.3,-0.507742,False
2007-11-13,20.3,17.1,21.391183,17.027849,25.31,-1.091183,False
2007-11-14,23.5,17.9,21.464301,17.085161,25.4,2.035699,False
2007-11-15,21.2,18.8,21.500108,17.126989,25.5,-0.300108,False
2007-11-16,21.7,18.1,21.558172,17.181505,25.6,0.141828,False
2007-11-17,23.3,18.5,21.598602,17.226129,25.71,1.701398,False
2007-11-18,22.9,19.1,21.643333,17.285484,25.8,1.256667,False
2007-11-19,23.5,19.5,21.67129,17.343871,25.8,1.82871,False
2007-11-20,22.6,18.8,21.73828,17.412366,25.9,0.86172,False
2007-11-21,23.1,19.7,21.815269,17.483656,26.0,1.284731,False
2007-11-22,20.7,17.8,21.861183,17.543871,26.01,-1.161183,False
2007-11-23,20.9,19.1,21.913548,17.617634,26.1,-1.013548,False
2007-11-24,21.3,19.5,21.973226,17.696452,26.1,-0.673226,False
2007-11-25,22.5,19.7,22.032581,17.757527,26.2,0.467419,False
2007-11-26,22.3,18.4,22.082151,17.817849,26.21,0.217849,False
2007-11-27,21.0,19.0,22.125699,17.879677,26.3,-1.125699,False
2007-11-28,22.6,19.5,22.17871,17.93871,26.4,0.42129,False
2007-11-29,22.5,18.9,22.221613,17.99828,26.4,0.278387,False
2007-11-30,20.9,18.7,22.229892,18.052688,26.3,-1.329892,False
2007-12-01,20.9,19.1,22.294409,18.113548,26.4,-1.394409,False
2007-12-02,21.7,19.7,22.373763,18.186882,26.4,-0.673763,False
2007-12-03,23.3,19.8,22.463226,18.251183,26.4,0.836774,False
2007-12-04,24.6,20.4,22.523548,18.30129,26.5,2.076452,False
2007-12-05,21.9,20.3,22.573011,18.352043,26.5,-0.673011,False
2007-12-06,23.2,20.7,22.603763,18.407957,26.5,0.596237,False
2007-12-07,23.3,19.5,22.657097,18.463763,26.6,0.642903,False
2007-12-08,22.6,20.6,22.717312,18.55086,26.6,-0.117312,False
2007-12-09,24.7,20.1,22.806129,18.622258,26.7,1.893871,False
2007-12-10,20.8,18.8,22.873226,18.668817,26.7,-2.073226,False
2007-12-11,19.5,18.5,22.908065,18.686022,26.7,-3.408065,False
2007-12-12,20.7,16.7,22.882151,18.716989,26.6,-2.182151,False
2007-12-13,20.2,17.2,22.905914,18.748495,26.6,-2.705914,False
2007-12-14,21.0,17.5,22.925054,18.775699,26.6,-1.925054,False
2007-12-15,24.1,20.4,22.955161,18.835806,26.6,1.144839,False
2007-12-16,22.3,18.2,23.010323,18.896989,26.6,-0.710323,False
2007-12-17,20.9,18.1,23.056129,18.954516,26.6,-2.156129,False
2007-12-18,20.5,18.3,23.108387,19.025161,26.51,-2.608387,False
2007-12-19,21.5,20.0,23.145161,19.073226,26.6,-1.645161,False
2007-12-20,22.4,20.5,23.19,19.127957,26.6,-0.79,False
2007-12-21,24.8,22.7,23.254194,19.187849,26.7,1.545806,False
2007-12-22,25.3,17.1,23.309355,19.238387,26.61,1.990645,False
2007-12-23,20.2,17.9,23.369247,19.290538,26.71,-3.169247,False
2007-12-24,21.4,17.5,23.41871,19.318065,26.8,-2.01871,False
2007-12-25,19.9,17.2,23.42914,19.355806,26.9,-3.52914,False
2007-12-26,22.0,19.1,23.456129,19.413656,26.91,-1.456129,False
2007-12-27,22.9,19.4,23.513656,19.493011,27.1,-0.613656,False
2007-12-28,23.6,19.3,23.585161,19.555914,27.1,0.014839,False
2007-12-29,24.3,19.9,23.622473,19.595054,27.11,0.677527,False
2007-12-30,24.0,20.4,23.665161,19.634839,27.2,0.334839,False
2007-12-31,23.9,20.4,23.717419,19.671075,27.3,0.182581,False
2008-01-01,23.9,20.4,23.731828,19.716667,27.3,0.168172,False
2008-01-02,24.3,20.9,23.783978,19.759247,27.5,0.516022,False
2008-01-03,23.6,21.0,23.833011,19.80043,27.6,-0.233011,False
2008-01-04,22.6,20.8,23.836774,19.851183,27.5,-1.236774,False
2008-01-05,22.5,21.0,23.888817,19.901183,27.5,-1.388817,False
2008-01-06,24.5,21.2,23.941505,19.945161,27.6,0.558495,False
2008-01-07,23.1,21.1,23.980108,19.993978,27.6,-0.880108,False
2008-01-08,23.2,21.6,24.019355,20.032688,27.61,-0.819355,False
2008-01-09,24.0,21.4,24.047097,20.090215,27.61,-0.047097,False
2008-01-10,24.2,20.5,24.074409,20.147849,27.7,0.125591,False
2008-01-11,24.9,20.7,24.112903,20.222151,27.8,0.787097,False
2008-01-12,24.9,21.7,24.15957,20.289247,27.8,0.74043,False
2008-01-13,27.0,20.5,24.193548,20.346882,27.8,2.806452,False
2008-01-14,21.5,20.5,24.244731,20.397312,27.8,-2.744731,False
2008-01-15,23.9,21.4,24.294516,20.444946,27.8,-0.394516,False
2008-01-16,26.7,20.7,24.32914,20.477419,27.81,2.37086,False
2008-01-17,21.4,20.5,24.317419,20.506237,27.9,-2.917419,False
2008-01-18,22.8,20.5,24.324409,20.527419,27.8,-1.524409,False
2008-01-19,23.5,21.8,24.354946,20.546667,27.9,-0.854946,False
2008-01-20,25.2,20.4,24.35914,20.574731,27.9,0.84086,False
2008-01-21,20.9,18.1,24.37871,20.612258,27.9,-3.47871,False
2008-01-22,20.5,18.2,24.387742,20.637312,27.9,-3.887742,False
2008-01-23,21.5,18.1,24.376022,20.654624,27.81,-2.876022,False
2008-01-24,22.5,19.9,24.403548,20.686989,27.8,-1.903548,False
2008-01-25,22.4,19.4,24.460323,20.71129,27.9,-2.060323,False
2008-01-26,23.0,19.0,24.484086,20.728817,27.9,-1.484086,False
2008-01-27,24.4,21.2,24.495591,20.746344,27.9,-0.095591,False
2008-01-28,23.7,22.0,24.492581,20.74828,27.9,-0.792581,False
2008-01-29,25.0,22.7,24.465054,20.753441,27.9,0.534946,False
2008-01-30,25.7,21.9,24.441613,20.760215,27.9,1.258387,False
2008-01-31,26.3,20.8,24.435161,20.78043,27.81,1.864839,False
2008-02-01,22.1,20.9,24.444624,20.776022,27.9,-2.344624,False
2008-02-02,23.6,22.0,24.418387,20.77871,27.7,-0.818387,False
2008-02-03,23.6,21.5,24.398065,20.787527,27.7,-0.798065,False
2008-02-04,22.6,21.7,24.414301,20.788387,27.7,-1.814301,False
2008-02-05,23.5,20.3,24.374839,20.778602,27.6,-0.874839,False
2008-02-06,24.7,20.0,24.326882,20.759247,27.51,0.373118,False
2008-02-07,22.6,18.9,24.30828,20.743548,27.5,-1.70828,False
2008-02-08,20.1,17.0,24.269785,20.725269,27.31,-4.169785,False
2008-02-09,19.4,16.9,24.251613,20.699032,27.2,-4.851613,False
2008-02-10,20.5,18.5,24.239032,20.680215,27.2,-3.739032,False
2008-02-11,22.1,20.8,24.231075,20.658495,27.1,-2.131075,False
2008-02-12,23.4,18.7,24.22086,20.633441,27.1,-0.82086,False
2008-02-13,20.7,18.6,24.207312,20.605376,27.1,-3.507312,False
2008-02-14,21.3,19.1,24.164516,20.562473,27.1,-2.864516,False
2008-02-15,21.6,18.7,24.09957,20.514516,27.1,-2.49957,False
2008-02-16,21.3,19.4,24.05043,20.495806,27.0,-2.75043,False
2008-02-17,21.4,19.2,24.041075,20.46871,27.0,-2.641075,False
2008-02-18,22.6,19.2,24.016452,20.444409,26.91,-1.416452,False
2008-02-19,22.4,19.8,23.985914,20.421613,26.9,-1.585914,False
2008-02-20,23.6,20.5,23.943011,20.389355,26.8,-0.343011,False
2008-02-21,22.7,19.7,23.884946,20.345806,26.7,-1.184946,False
2008-02-22,24.1,21.1,23.850645,20.307849,26.6,0.249355,False
2008-02-23,23.0,17.9,23.806774,20.271075,26.6,-0.806774,False
2008-02-24,23.7,18.9,23.751075,20.228817,26.5,-0.051075,False
2008-02-25,22.1,20.1,23.709032,20.185269,26.4,-1.609032,False
2008-02-26,24.1,19.6,23.673441,20.147312,26.4,0.426559,False
2008-02-27,23.6,19.3,23.62957,20.094409,26.3,-0.02957,False
2008-02-28,19.4,15.3,23.598387,20.068925,26.2,-4.198387,False
2008-02-29,18.4,14.9,23.599032,20.051774,26.2,-5.199032,False
2008-03-01,19.4,16.3,23.599677,20.034624,26.2,-4.199677,False
2008-03-02,20.8,17.1,23.571075,19.985806,26.2,-2.771075,False
2008-03-03,21.1,16.9,23.552796,19.936559,26.2,-2.452796,False
2008-03-04,23.3,19.3,23.535914,19.914194,26.2,-0.235914,False
2008-03-05,21.6,19.0,23.54129,19.873548,26.2,-1.94129,False
2008-03-06,23.5,19.5,23.49828,19.828172,26.1,0.00172,False
2008-03-07,22.8,18.0,23.445699,19.780323,26.1,-0.645699,False
2008-03-08,21.7,18.1,23.415591,19.720753,26.1,-1.715591,False
2008-03-09,22.2,19.5,23.391935,19.668602,26.1,-1.191935,False
2008-03-10,23.0,18.9,23.342043,19.607849,26.0,-0.342043,False
2008-03-11,23.5,19.0,23.328065,19.552688,26.0,0.171935,False
2008-03-12,23.3,20.1,23.285376,19.503226,25.9,0.014624,False
2008-03-13,23.4,19.7,23.249355,19.447742,25.9,0.150645,False
2008-03-14,23.8,18.8,23.18172,19.393763,25.9,0.61828,False
2008-03-15,24.3,20.1,23.13828,19.314409,25.81,1.16172,False
2008-03-16,24.0,20.4,23.075699,19.232151,25.71,0.924301,False
2008-03-17,23.8,19.5,23.044731,19.182903,25.7,0.755269,False
2008-03-18,24.3,19.8,23.021505,19.122258,25.7,1.278495,False
2008-03-19,23.5,19.8,22.976344,19.041505,25.6,0.523656,False
2008-03-20,25.7,18.9,22.897312,18.964086,25.6,2.802688,False
2008-03-21,20.0,18.5,22.862366,18.890108,25.6,-2.862366,False
2008-03-22,20.7,19.4,22.808925,18.812473,25.5,-2.108925,False
2008-03-23,22.3,20.2,22.757742,18.722258,25.5,-0.457742,False
2008-03-24,23.2,19.5,22.703978,18.632796,25.4,0.496022,False
2008-03-25,24.1,18.2,22.636774,18.539785,25.4,1.463226,False
2008-03-26,24.2,16.7,22.575484,18.446667,25.4,1.624516,False
2008-03-27,20.0,14.9,22.530753,18.355054,25.4,-2.530753,False
2008-03-28,18.0,15.3,22.450323,18.266882,25.3,-4.450323,False
2008-03-29,20.3,14.5,22.403333,18.183441,25.2,-2.103333,False
2008-03-30,23.8,14.7,22.358387,18.108065,25.2,1.441613,False
2008-03-31,23.0,14.8,22.307527,18.031075,25.2,0.692473,False
2008-04-01,21.2,16.9,22.243011,17.947204,25.2,-1.043011,False
2008-04-02,24.1,16.7,22.192581,17.870108,25.11,1.907419,False
2008-04-03,20.1,12.8,22.116882,17.782796,25.0,-2.016882,False
2008-04-04,19.1,14.2,22.037742,17.680538,24.9,-2.937742,False
2008-04-05,20.0,16.0,21.945699,17.588065,24.9,-1.945699,False
2008-04-06,19.5,16.1,21.88828,17.496129,24.81,-2.38828,False
2008-04-07,19.3,16.4,21.819032,17.397204,24.8,-2.519032,False
2008-04-08,19.3,16.9,21.73914,17.30914,24.7,-2.43914,False
2008-04-09,19.7,16.2,21.688602,17.234301,24.6,-1.988602,False
2008-04-10,20.8,16.0,21.63,17.135484,24.5,-0.83,False
2008-04-11,20.6,14.9,21.557527,17.043548,24.4,-0.957527,False
2008-04-12,21.2,14.7,21.46871,16.944086,24.3,-0.26871,False
2008-04-13,20.4,14.6,21.397419,16.847849,24.2,-0.997419,False
2008-04-14,18.0,14.8,21.34129,16.763763,24.1,-3.34129,False
2008-04-15,18.1,16.6,21.261075,16.696667,24.1,-3.161075,False
2008-04-16,18.1,16.8,21.202366,16.632796,24.01,-3.102366,False
2008-04-17,18.7,16.8,21.13957,16.555376,24.0,-2.43957,False
2008-04-18,18.1,16.6,21.065806,16.486344,23.9,-2.965806,False
2008-04-19,18.4,16.3,20.999892,16.392581,23.8,-2.599892,False
2008-04-20,17.0,16.0,20.927742,16.286344,23.8,-3.927742,False
2008-04-21,17.8,15.8,20.848387,16.191183,23.7,-3.048387,False
2008-04-22,18.8,15.3,20.781828,16.09129,23.6,-1.981828,False
2008-04-23,17.7,15.7,20.724409,15.99828,23.6,-3.024409,False
2008-04-24,19.1,17.4,20.66129,15.910323,23.5,-1.56129,False
2008-04-25,19.4,14.6,20.594624,15.818065,23.41,-1.194624,False
2008-04-26,21.5,16.5,20.534946,15.737527,23.4,0.965054,False
2008-04-27,23.6,12.2,20.442258,15.663656,23.3,3.157742,False
2008-04-28,15.3,10.4,20.38,15.575806,23.2,-5.08,False
2008-04-29,16.5,11.3,20.287419,15.477849,23.2,-3.787419,False
2008-04-30,17.4,13.4,20.184086,15.380968,23.1,-2.784086,False
2008-05-01,18.2,12.8,20.093011,15.277634,22.9,-1.893011,False
2008-05-02,18.9,12.9,20.008495,15.182581,22.9,-1.108495,False
2008-05-03,18.3,12.4,19.922688,15.108065,22.9,-1.622688,False
2008-05-04,17.9,11.1,19.856022,15.01828,22.8,-1.956022,False
2008-05-05,18.9,12.6,19.788065,14.937742,22.8,-0.888065,False
2008-05-06,20.7,13.6,19.718495,14.850215,22.7,0.981505,False
2008-05-07,19.9,13.1,19.635914,14.769892,22.6,0.264086,False
2008-05-08,18.7,12.4,19.580323,14.693118,22.5,-0.880323,False
2008-05-09,18.7,12.8,19.514086,14.616237,22.5,-0.814086,False
2008-05-10,18.0,13.8,19.431075,14.519462,22.4,-1.431075,False
2008-05-11,17.9,14.7,19.351935,14.433763,22.3,-1.451935,False
2008-05-12,18.1,13.8,19.258065,14.347419,22.2,-1.158065,False
2008-05-13,17.9,13.0,19.196774,14.266237,22.1,-1.296774,False
2008-05-14,18.5,12.7,19.110645,14.163548,22.0,-0.610645,False
2008-05-15,20.2,13.4,19.008065,14.053548,21.8,1.191935,False
2008-05-16,21.1,15.7,18.940645,13.972903,21.61,2.159355,False
2008-05-17,21.2,10.3,18.859462,13.900215,21.6,2.340538,False
2008-05-18,16.9,12.1,18.759462,13.83,21.5,-1.859462,False
2008-05-19,19.1,11.6,18.680215,13.735591,21.4,0.419785,False
2008-05-20,19.3,12.2,18.599355,13.666129,21.3,0.700645,False
2008-05-21,17.1,13.5,18.529247,13.603333,21.3,-1.429247,False
2008-05-22,16.6,13.2,18.449892,13.547742,21.2,-1.849892,False
2008-05-23,16.5,12.8,18.365269,13.49828,21.11,-1.865269,False
2008-05-24,16.7,11.6,18.287097,13.451398,21.0,-1.587097,False
2008-05-25,17.0,13.1,18.218925,13.407204,20.81,-1.218925,False
2008-05-26,18.9,13.0,18.145376,13.362473,20.8,0.754624,False
2008-05-27,19.6,13.5,18.074086,13.302581,20.71,1.525914,False
2008-05-28,17.4,13.4,18.016237,13.244516,20.7,-0.616237,False
2008-05-29,17.8,13.9,17.953763,13.194516,20.6,-0.153763,False
2008-05-30,18.4,11.8,17.895054,13.125914,20.6,0.504946,False
2008-05-31,18.6,13.7,17.834301,13.053226,20.51,0.765699,False
2008-06-01,17.4,15.7,17.766559,12.98043,20.4,-0.366559,False
2008-06-02,18.1,16.3,17.68871,12.922473,20.21,0.41129,False
2008-06-03,18.3,17.2,17.61957,12.851505,20.11,0.68043,False
2008-06-04,17.5,15.9,17.545699,12.786667,20.1,-0.045699,False
2008-06-05,17.0,15.5,17.472043,12.722366,20.01,-0.472043,False
2008-06-06,17.1,14.2,17.402796,12.660753,20.0,-0.302796,False
2008-06-07,16.7,14.6,17.330215,12.568602,19.9,-0.630215,False
2008-06-08,17.2,15.1,17.253548,12.486344,19.8,-0.053548,False
2008-06-09,17.3,13.9,17.185806,12.396559,19.71,0.114194,False
2008-06-10,18.3,14.0,17.111613,12.336882,19.7,1.188387,False
2008-06-11,20.0,15.3,17.055591,12.286129,19.6,2.944409,False
2008-06-12,19.5,15.1,16.991075,12.243118,19.5,2.508925,False
2008-06-13,17.2,12.0,16.946022,12.195376,19.4,0.253978,False
2008-06-14,14.9,12.6,16.905806,12.163118,19.3,-2.005806,False
2008-06-15,16.3,14.3,16.87129,12.121398,19.2,-0.57129,False
2008-06-16,16.9,15.5,16.81,12.050968,19.1,0.09,False
2008-06-17,17.4,15.6,16.768817,11.976882,19.0,0.631183,False
2008-06-18,18.3,14.2,16.74043,11.916452,19.0,1.55957,False
2008-06-19,17.6,14.5,16.720215,11.880108,19.0,0.879785,False
2008-06-20,16.6,13.2,16.697204,11.817204,19.0,-0.097204,False
2008-06-21,17.3,11.8,16.676882,11.762903,18.91,0.623118,False
2008-06-22,16.0,10.0,16.636344,11.694516,18.8,-0.636344,False
2008-06-23,16.1,10.6,16.588172,11.635054,18.8,-0.488172,False
2008-06-24,17.3,10.3,16.544086,11.567634,18.7,0.755914,False
2008-06-25,17.6,12.0,16.488817,11.521935,18.6,1.111183,False
2008-06-26,18.6,9.8,16.466344,11.46957,18.6,2.133656,False
2008-06-27,17.4,9.8,16.444731,11.417957,18.5,0.955269,False
2008-06-28,16.7,10.9,16.406344,11.370968,18.5,0.293656,False
2008-06-29,19.0,11.0,16.365269,11.313656,18.5,2.634731,False
2008-06-30,20.2,12.6,16.334409,11.27043,18.5,3.865591,False
2008-07-01,18.4,12.4,16.312043,11.233871,18.5,2.087957,False
2008-07-02,18.0,9.9,16.293011,11.20086,18.5,1.706989,False
2008-07-03,15.4,11.1,16.293656,11.156344,18.5,-0.893656,False
2008-07-04,14.9,12.1,16.292581,11.134086,18.5,-1.392581,False
2008-07-05,16.4,11.1,16.269032,11.097527,18.5,0.130968,False
2008-07-06,17.5,12.0,16.243226,11.054516,18.5,1.256774,False
2008-07-07,18.4,12.5,16.232903,11.017849,18.5,2.167097,False
2008-07-08,15.1,8.8,16.235269,11.02172,18.6,-1.135269,False
2008-07-09,13.8,9.5,16.227957,11.023011,18.6,-2.427957,False
2008-07-10,15.1,10.7,16.237957,11.038925,18.7,-1.137957,False
2008-07-11,14.6,7.5,16.246667,11.019785,18.7,-1.646667,False
2008-07-12,14.9,9.6,16.237204,10.98828,18.7,-1.337204,False
2008-07-13,17.4,13.1,16.249355,10.954839,18.7,1.150645,False
2008-07-14,19.6,11.3,16.258172,10.92914,18.7,3.341828,False
2008-07-15,17.3,10.5,16.272688,10.915484,18.7,1.027312,False
2008-07-16,16.1,9.8,16.29086,10.89871,18.7,-0.19086,False
2008-07-17,16.6,10.5,16.321075,10.880753,18.7,0.278925,False
2008-07-18,17.4,9.1,16.332581,10.869355,18.7,1.067419,False
2008-07-19,16.2,11.5,16.352043,10.853118,18.81,-0.152043,False
2008-07-20,16.9,11.6,16.349032,10.830645,18.81,0.550968,False
2008-07-21,16.7,8.8,16.349785,10.833548,18.9,0.350215,False
2008-07-22,13.6,9.8,16.360645,10.833226,18.9,-2.760645,False
2008-07-23,13.2,11.1,16.376559,10.831505,19.0,-3.176559,False
2008-07-24,13.4,11.4,16.39043,10.813871,19.0,-2.99043,False
2008-07-25,12.7,9.0,16.420108,10.812366,19.0,-3.720108,False
2008-07-26,14.6,8.1,16.473226,10.78957,19.2,-1.873226,False
2008-07-27,13.9,9.1,16.50957,10.790108,19.2,-2.60957,False
2008-07-28,11.8,10.2,16.549032,10.800753,19.31,-4.749032,False
2008-07-29,13.1,9.4,16.598602,10.796989,19.4,-3.498602,False
2008-07-30,14.8,7.7,16.642258,10.811183,19.4,-1.842258,False
2008-07-31,18.1,11.2,16.689462,10.846237,19.51,1.410538,False
2008-08-01,18.7,10.9,16.730753,10.871505,19.61,1.969247,False
2008-08-02,15.5,9.6,16.784946,10.886237,19.71,-1.284946,False
2008-08-03,15.7,9.3,16.797204,10.896344,19.8,-1.097204,False
2008-08-04,14.8,9.4,16.804516,10.893011,19.8,-2.004516,False
2008-08-05,14.8,9.1,16.832473,10.914194,19.81,-2.032473,False
2008-08-06,14.2,9.4,16.874839,10.956774,19.9,-2.674839,False
2008-08-07,15.0,9.3,16.903978,11.005269,19.9,-1.903978,False
2008-08-08,16.1,7.4,16.93828,11.023548,19.91,-0.83828,False
2008-08-09,15.6,8.2,16.949462,11.04043,20.0,-1.349462,False
2008-08-10,13.9,8.0,16.963978,11.041935,20.0,-3.063978,False
2008-08-11,14.4,8.0,16.979355,11.075914,19.91,-2.579355,False
2008-08-12,15.0,9.5,17.010753,11.113656,20.1,-2.010753,False
2008-08-13,14.8,7.9,17.032581,11.146774,20.11,-2.232581,False
2008-08-14,16.0,10.3,17.042473,11.213656,20.11,-1.042473,False
2008-08-15,16.9,11.1,17.079677,11.271828,20.2,-0.179677,False
2008-08-16,15.8,8.7,17.129462,11.319785,20.3,-1.329462,False
2008-08-17,13.8,7.6,17.156344,11.384409,20.4,-3.356344,False
2008-08-18,14.7,7.8,17.196667,11.447849,20.4,-2.496667,False
2008-08-19,14.7,8.3,17.254516,11.508495,20.41,-2.554516,False
2008-08-20,16.8,9.4,17.309032,11.574516,20.6,-0.509032,False
2008-08-21,17.9,12.1,17.355806,11.627849,20.6,0.544194,False
2008-08-22,12.0,10.4,17.390645,11.689677,20.61,-5.390645,False
2008-08-23,13.2,9.0,17.430323,11.762796,20.7,-4.230323,False
2008-08-24,14.5,10.0,17.481935,11.839677,20.71,-2.981935,False
2008-08-25,14.5,9.9,17.512151,11.911505,20.8,-3.012151,False
2008-08-26,17.7,10.8,17.527849,11.958495,20.81,0.172151,False
2008-08-27,14.5,10.7,17.555914,12.006129,20.8,-3.055914,False
2008-08-28,13.9,10.0,17.593763,12.064624,20.9,-3.693763,False
2008-08-29,14.5,10.3,17.647312,12.128925,21.0,-3.147312,False
2008-08-30,15.8,11.8,17.703871,12.205269,21.0,-1.903871,False
2008-08-31,18.8,11.8,17.776022,12.262258,21.2,1.023978,False
2008-09-01,17.6,9.7,17.839355,12.319355,21.21,-0.239355,False
2008-09-02,17.3,12.2,17.867527,12.383763,21.21,-0.567527,False
2008-09-03,14.5,13.4,17.934839,12.479032,21.4,-3.434839,False
2008-09-04,14.9,13.6,18.029462,12.566774,21.61,-3.129462,False
2008-09-05,14.2,13.1,18.089462,12.632258,21.7,-3.889462,False
2008-09-06,13.7,11.7,18.146882,12.690108,21.7,-4.446882,False
2008-09-07,15.9,11.3,18.235054,12.762043,21.8,-2.335054,False
2008-09-08,14.4,9.5,18.322043,12.856559,21.9,-3.922043,False
2008-09-09,13.7,9.5,18.428387,12.945699,22.01,-4.728387,False
2008-09-10,13.9,9.0,18.491828,13.024194,22.2,-4.591828,False
2008-09-11,17.0,9.9,18.52914,13.076667,22.2,-1.52914,False
2008-09-12,20.1,15.4,18.585806,13.151398,22.2,1.514194,False
2008-09-13,23.5,18.9,18.686882,13.235591,22.4,4.813118,False
2008-09-14,21.7,16.9,18.777419,13.260753,22.5,2.922581,False
2008-09-15,23.8,12.3,18.825484,13.306882,22.6,4.974516,False
2008-09-16,17.5,12.2,18.889247,13.386989,22.6,-1.389247,False
2008-09-17,14.8,11.5,18.980323,13.480108,22.71,-4.180323,False
2008-09-18,17.8,14.8,19.071183,13.561613,23.0,-1.271183,False
2008-09-19,21.9,18.1,19.101398,13.625914,23.1,2.798602,False
2008-09-20,26.7,14.7,19.176989,13.70957,23.2,7.523011,False
2008-09-21,19.9,14.6,19.254086,13.787204,23.3,0.645914,False
2008-09-22,25.0,16.1,19.302688,13.863333,23.5,5.697312,False
2008-09-23,15.6,13.0,19.356237,13.903548,23.5,-3.756237,False
2008-09-24,16.3,13.2,19.39828,13.954194,23.6,-3.09828,False
2008-09-25,17.4,12.3,19.476989,14.022151,23.8,-2.076989,False
2008-09-26,20.8,13.6,19.552796,14.103978,23.8,1.247204,False
2008-09-27,23.1,18.8,19.616989,14.200645,23.9,3.483011,False
2008-09-28,26.7,13.4,19.684946,14.27871,24.02,7.015054,False
2008-09-29,18.5,12.7,19.712258,14.351505,24.02,-1.212258,False
2008-09-30,18.0,14.5,19.752473,14.411075,24.2,-1.752473,False
2008-10-01,21.6,17.1,19.78828,14.488925,24.3,1.81172,False
2008-10-02,25.8,21.6,19.812258,14.562903,24.31,5.987742,False
2008-10-03,27.8,19.2,19.868065,14.62871,24.31,7.931935,False
2008-10-04,19.6,16.1,19.92086,14.673763,24.41,-0.32086,False
2008-10-05,19.3,16.6,19.93086,14.709677,24.5,-0.63086,False
2008-10-06,22.4,11.0,19.966667,14.774839,24.51,2.433333,False
2008-10-07,16.1,11.7,19.976559,14.829355,24.6,-3.876559,False
2008-10-08,17.2,12.7,19.983011,14.871828,24.5,-2.783011,False
2008-10-09,17.9,14.5,19.997527,14.921828,24.5,-2.097527,False
2008-10-10,20.2,15.5,20.053441,14.985914,24.41,0.146559,False
2008-10-11,19.7,14.2,20.111398,15.055914,24.5,-0.411398,False
2008-10-12,20.6,15.5,20.178925,15.118495,24.6,0.421075,False
2008-10-13,23.4,16.9,20.205054,15.19,24.6,3.194946,False
2008-10-14,18.6,15.0,20.204946,15.245806,24.6,-1.604946,False
2008-10-15,16.3,13.7,20.240538,15.345161,24.51,-3.940538,False
2008-10-16,17.9,13.5,20.300108,15.417097,24.51,-2.400108,False
2008-10-17,21.2,16.1,20.322258,15.465806,24.5,0.877742,False
2008-10-18,21.0,16.8,20.337742,15.505484,24.5,0.662258,False
2008-10-19,24.1,16.7,20.369677,15.548817,24.51,3.730323,False
2008-10-20,18.9,15.4,20.383871,15.587204,24.5,-1.483871,False
2008-10-21,16.5,11.8,20.358817,15.61172,24.4,-3.858817,False
2008-10-22,14.0,10.7,20.375591,15.664946,24.31,-6.375591,False
2008-10-23,14.9,12.4,20.420538,15.715591,24.4,-5.520538,False
2008-10-24,17.4,13.4,20.466774,15.787312,24.5,-3.066774,False
2008-10-25,20.8,15.3,20.518172,15.853978,24.5,0.281828,False
2008-10-26,23.0,18.2,20.546344,15.894086,24.5,2.453656,False
2008-10-27,25.7,17.3,20.566882,15.952043,24.5,5.133118,False
2008-10-28,19.5,17.1,20.607204,16.01129,24.5,-1.107204,False
2008-10-29,19.1,17.3,20.644086,16.071398,24.5,-1.544086,False
2008-10-30,25.3,19.7,20.723441,16.143548,24.51,4.576559,False
2008-10-31,30.2,17.6,20.759462,16.201828,24.51,9.440538,False
2008-11-01,18.7,17.3,20.744946,16.237527,24.5,-2.044946,False
2008-11-02,22.7,17.8,20.755914,16.284624,24.5,1.944086,False
2008-11-03,26.0,16.0,20.802473,16.34957,24.5,5.197527,False
2008-11-04,17.5,14.7,20.850968,16.428817,24.61,-3.350968,False
2008-11-05,20.9,15.7,20.935054,16.517957,24.8,-0.035054,False
2008-11-06,24.8,16.6,21.000323,16.599785,24.9,3.799677,False
2008-11-07,22.6,19.2,21.07828,16.651398,25.0,1.52172,False
2008-11-08,23.5,15.8,21.104301,16.698817,25.0,2.395699,False
2008-11-09,19.7,17.7,21.127849,16.752258,25.0,-1.427849,False
2008-11-10,20.9,16.7,21.151183,16.81129,25.1,-0.251183,False
2008-11-11,20.4,17.5,21.235806,16.875161,25.2,-0.835806,False
2008-11-12,22.4,18.1,21.307742,16.95914,25.3,1.092258,False
2008-11-13,22.7,18.7,21.391183,17.027849,25.31,1.308817,False
2008-11-14,25.2,19.2,21.464301,17.085161,25.4,3.735699,False
2008-11-15,20.2,18.4,21.500108,17.126989,25.5,-1.300108,False
2008-11-16,18.7,16.0,21.558172,17.181505,25.6,-2.858172,False
2008-11-17,19.2,16.9,21.598602,17.226129,25.71,-2.398602,False
2008-11-18,20.3,18.0,21.643333,17.285484,25.8,-1.343333,False
2008-11-19,22.1,18.7,21.67129,17.343871,25.8,0.42871,False
2008-11-20,24.6,17.5,21.73828,17.412366,25.9,2.86172,False
2008-11-21,23.1,18.5,21.815269,17.483656,26.0,1.284731,False
2008-11-22,18.6,12.3,21.861183,17.543871,26.01,-3.261183,False
2008-11-23,18.4,15.2,21.913548,17.617634,26.1,-3.513548,False
2008-11-24,20.2,16.3,21.973226,17.696452,26.1,-1.773226,False
2008-11-25,18.2,16.6,22.032581,17.757527,26.2,-3.832581,False
2008-11-26,19.5,17.3,22.082151,17.817849,26.21,-2.582151,False
2008-11-27,22.9,19.3,22.125699,17.879677,26.3,0.774301,False
2008-11-28,22.8,18.3,22.17871,17.93871,26.4,0.62129,False
2008-11-29,19.3,15.5,22.221613,17.99828,26.4,-2.921613,False
2008-11-30,22.5,17.6,22.229892,18.052688,26.3,0.270108,False
2008-12-01,27.0,17.4,22.294409,18.113548,26.4,4.705591,False
2008-12-02,22.1,18.3,22.373763,18.186882,26.4,-0.273763,False
2008-12-03,25.2,17.9,22.463226,18.251183,26.4,2.736774,False
2008-12-04,20.2,19.1,22.523548,18.30129,26.5,-2.323548,False
2008-12-05,25.5,21.1,22.573011,18.352043,26.5,2.926989,False
2008-12-06,29.0,19.5,22.603763,18.407957,26.5,6.396237,False
2008-12-07,23.5,17.6,22.657097,18.463763,26.6,0.842903,False
2008-12-08,20.6,18.1,22.717312,18.55086,26.6,-2.117312,False
2008-12-09,23.9,20.0,22.806129,18.622258,26.7,1.093871,False
2008-12-10,20.6,17.9,22.873226,18.668817,26.7,-2.273226,False
2008-12-11,18.5,17.9,22.908065,18.686022,26.7,-4.408065,False
2008-12-12,23.8,18.8,22.882151,18.716989,26.6,0.917849,False
2008-12-13,29.0,18.7,22.905914,18.748495,26.6,6.094086,False
2008-12-14,23.2,16.7,22.925054,18.775699,26.6,0.274946,False
2008-12-15,20.4,15.5,22.955161,18.835806,26.6,-2.555161,False
2008-12-16,22.2,17.7,23.010323,18.896989,26.6,-0.810323,False
2008-12-17,23.6,19.0,23.056129,18.954516,26.6,0.543871,False
2008-12-18,24.6,17.2,23.108387,19.025161,26.51,1.491613,False
2008-12-19,21.2,15.8,23.145161,19.073226,26.6,-1.945161,False
2008-12-20,18.6,15.4,23.19,19.127957,26.6,-4.59,False
2008-12-21,20.1,16.9,23.254194,19.187849,26.7,-3.154194,False
2008-12-22,21.9,18.6,23.309355,19.238387,26.61,-1.409355,False
2008-12-23,23.0,18.3,23.369247,19.290538,26.71,-0.369247,False
2008-12-24,19.3,17.6,23.41871,19.318065,26.8,-4.11871,False
2008-12-25,21.4,19.4,23.42914,19.355806,26.9,-2.02914,False
2008-12-26,23.9,19.7,23.456129,19.413656,26.91,0.443871,False
2008-12-27,25.4,20.4,23.513656,19.493011,27.1,1.886344,False
2008-12-28,25.3,20.9,23.585161,19.555914,27.1,1.714839,False
2008-12-29,21.4,18.7,23.622473,19.595054,27.11,-2.222473,False
2008-12-30,24.2,19.2,23.665161,19.634839,27.2,0.534839,False
2008-12-31,25.9,18.5,23.717419,19.671075,27.3,2.182581,False
2009-01-01,26.2,17.5,23.731828,19.716667,27.3,2.468172,False
2009-01-02,19.8,17.2,23.783978,19.759247,27.5,-3.983978,False
2009-01-03,21.1,19.1,23.833011,19.80043,27.6,-2.733011,False
2009-01-04,23.3,19.4,23.836774,19.851183,27.5,-0.536774,False
2009-01-05,27.3,19.9,23.888817,19.901183,27.5,3.411183,False
2009-01-06,25.4,20.3,23.941505,19.945161,27.6,1.458495,False
2009-01-07,28.2,20.5,23.980108,19.993978,27.6,4.219892,False
2009-01-08,21.1,17.6,24.019355,20.032688,27.61,-2.919355,False
2009-01-09,19.5,17.5,24.047097,20.090215,27.61,-4.547097,False
2009-01-10,21.6,18.2,24.074409,20.147849,27.7,-2.474409,False
2009-01-11,23.3,20.4,24.112903,20.222151,27.8,-0.812903,False
2009-01-12,23.7,20.9,24.15957,20.289247,27.8,-0.45957,False
2009-01-13,24.2,20.3,24.193548,20.346882,27.8,0.006452,False
2009-01-14,27.6,23.1,24.244731,20.397312,27.8,3.355269,False
2009-01-15,29.7,18.9,24.294516,20.444946,27.8,5.405484,False
2009-01-16,22.3,17.8,24.32914,20.477419,27.81,-2.02914,False
2009-01-17,19.6,16.3,24.317419,20.506237,27.9,-4.717419,False
2009-01-18,21.8,17.7,24.324409,20.527419,27.8,-2.524409,False
2009-01-19,23.7,19.7,24.354946,20.546667,27.9,-0.654946,False
2009-01-20,26.8,22.6,24.35914,20.574731,27.9,2.44086,False
2009-01-21,28.0,23.5,24.37871,20.612258,27.9,3.62129,True
2009-01-22,28.4,23.8,24.387742,20.637312,27.9,4.012258,True
2009-01-23,28.4,24.2,24.376022,20.654624,27.81,4.023978,True
2009-01-24,32.3,20.3,24.403548,20.686989,27.8,7.896452,True
2009-01-25,22.5,21.1,24.460323,20.71129,27.9,-1.960323,False
2009-01-26,23.8,21.3,24.484086,20.728817,27.9,-0.684086,False
2009-01-27,23.1,20.5,24.495591,20.746344,27.9,-1.395591,False
2009-01-28,24.9,20.4,24.492581,20.74828,27.9,0.407419,False
2009-01-29,25.5,20.6,24.465054,20.753441,27.9,1.034946,False
2009-01-30,25.8,20.9,24.441613,20.760215,27.9,1.358387,False
2009-01-31,26.5,21.1,24.435161,20.78043,27.81,2.064839,False
2009-02-01,24.8,21.7,24.444624,20.776022,27.9,0.355376,False
2009-02-02,25.3,21.5,24.418387,20.77871,27.7,0.881613,False
2009-02-03,25.2,21.8,24.398065,20.787527,27.7,0.801935,False
2009-02-04,24.5,21.9,24.414301,20.788387,27.7,0.085699,False
2009-02-05,27.3,22.5,24.374839,20.778602,27.6,2.925161,False
2009-02-06,27.2,23.0,24.326882,20.759247,27.51,2.873118,False
2009-02-07,29.4,21.8,24.30828,20.743548,27.5,5.09172,False
2009-02-08,27.5,21.2,24.269785,20.725269,27.31,3.230215,False
2009-02-09,21.5,19.7,24.251613,20.699032,27.2,-2.751613,False
2009-02-10,20.6,18.6,24.239032,20.680215,27.2,-3.639032,False
2009-02-11,20.7,18.6,24.231075,20.658495,27.1,-3.531075,False
2009-02-12,19.5,18.5,24.22086,20.633441,27.1,-4.72086,False
2009-02-13,20.0,18.5,24.207312,20.605376,27.1,-4.207312,False
2009-02-14,19.8,18.6,24.164516,20.562473,27.1,-4.364516,False
2009-02-15,20.5,18.5,24.09957,20.514516,27.1,-3.59957,False
2009-02-16,21.4,19.2,24.05043,20.495806,27.0,-2.65043,False
2009-02-17,21.8,19.8,24.041075,20.46871,27.0,-2.241075,False
2009-02-18,23.7,19.7,24.016452,20.444409,26.91,-0.316452,False
2009-02-19,25.1,20.0,23.985914,20.421613,26.9,1.114086,False
2009-02-20,23.8,21.5,23.943011,20.389355,26.8,-0.143011,False
2009-02-21,22.4,20.1,23.884946,20.345806,26.7,-1.484946,False
2009-02-22,22.7,20.6,23.850645,20.307849,26.6,-1.150645,False
2009-02-23,25.3,22.0,23.806774,20.271075,26.6,1.493226,False
2009-02-24,26.9,20.9,23.751075,20.228817,26.5,3.148925,False
2009-02-25,23.1,20.1,23.709032,20.185269,26.4,-0.609032,False
2009-02-26,22.0,18.9,23.673441,20.147312,26.4,-1.673441,False
2009-02-27,21.6,18.4,23.62957,20.094409,26.3,-2.02957,False
2009-02-28,24.5,21.1,23.598387,20.068925,26.2,0.901613,False
2009-03-01,23.4,20.7,23.599677,20.034624,26.2,-0.199677,False
2009-03-02,23.3,20.9,23.571075,19.985806,26.2,-0.271075,False
2009-03-03,24.3,22.3,23.552796,19.936559,26.2,0.747204,False
2009-03-04,25.0,16.9,23.535914,19.914194,26.2,1.464086,False
2009-03-05,22.3,16.4,23.54129,19.873548,26.2,-1.24129,False
2009-03-06,21.8,18.6,23.49828,19.828172,26.1,-1.69828,False
2009-03-07,23.7,20.2,23.445699,19.780323,26.1,0.254301,False
2009-03-08,22.2,19.7,23.415591,19.720753,26.1,-1.215591,False
2009-03-09,22.0,20.7,23.391935,19.668602,26.1,-1.391935,False
2009-03-10,22.3,20.4,23.342043,19.607849,26.0,-1.042043,False
2009-03-11,21.9,20.2,23.328065,19.552688,26.0,-1.428065,False
2009-03-12,23.5,20.3,23.285376,19.503226,25.9,0.214624,False
2009-03-13,23.7,19.6,23.249355,19.447742,25.9,0.450645,False
2009-03-14,25.1,20.5,23.18172,19.393763,25.9,1.91828,False
2009-03-15,24.7,17.1,23.13828,19.314409,25.81,1.56172,False
2009-03-16,22.8,16.5,23.075699,19.232151,25.71,-0.275699,False
2009-03-17,22.4,19.0,23.044731,19.182903,25.7,-0.644731,False
2009-03-18,22.8,18.0,23.021505,19.122258,25.7,-0.221505,False
2009-03-19,24.3,20.2,22.976344,19.041505,25.6,1.323656,False
2009-03-20,24.1,19.9,22.897312,18.964086,25.6,1.202688,False
2009-03-21,23.4,18.1,22.862366,18.890108,25.6,0.537634,False
2009-03-22,23.6,19.8,22.808925,18.812473,25.5,0.791075,False
2009-03-23,24.4,20.7,22.757742,18.722258,25.5,1.642258,False
2009-03-24,25.4,20.8,22.703978,18.632796,25.4,2.696022,False
2009-03-25,25.9,20.7,22.636774,18.539785,25.4,3.263226,False
2009-03-26,25.6,20.1,22.575484,18.446667,25.4,3.024516,False
2009-03-27,20.6,18.0,22.530753,18.355054,25.4,-1.930753,False
2009-03-28,21.6,17.0,22.450323,18.266882,25.3,-0.850323,False
2009-03-29,22.4,20.0,22.403333,18.183441,25.2,-0.003333,False
2009-03-30,21.9,19.7,22.358387,18.108065,25.2,-0.458387,False
2009-03-31,21.0,19.7,22.307527,18.031075,25.2,-1.307527,False
2009-04-01,21.9,20.7,22.243011,17.947204,25.2,-0.343011,False
2009-04-02,22.2,20.5,22.192581,17.870108,25.11,0.007419,False
2009-04-03,23.3,19.4,22.116882,17.782796,25.0,1.183118,False
2009-04-04,19.5,18.2,22.037742,17.680538,24.9,-2.537742,False
2009-04-05,21.1,17.9,21.945699,17.588065,24.9,-0.845699,False
2009-04-06,19.2,17.1,21.88828,17.496129,24.81,-2.68828,False
2009-04-07,19.1,15.9,21.819032,17.397204,24.8,-2.719032,False
2009-04-08,19.3,16.2,21.73914,17.30914,24.7,-2.43914,False
2009-04-09,20.0,16.4,21.688602,17.234301,24.6,-1.688602,False
2009-04-10,21.7,18.0,21.63,17.135484,24.5,0.07,False
2009-04-11,22.3,19.2,21.557527,17.043548,24.4,0.742473,False
2009-04-12,23.2,20.3,21.46871,16.944086,24.3,1.73129,False
2009-04-13,21.1,18.4,21.397419,16.847849,24.2,-0.297419,False
2009-04-14,23.0,17.3,21.34129,16.763763,24.1,1.65871,False
2009-04-15,26.5,16.3,21.261075,16.696667,24.1,5.238925,False
2009-04-16,22.4,15.9,21.202366,16.632796,24.01,1.197634,False
2009-04-17,21.4,17.5,21.13957,16.555376,24.0,0.26043,False
2009-04-18,20.1,17.4,21.065806,16.486344,23.9,-0.965806,False
2009-04-19,19.9,17.4,20.999892,16.392581,23.8,-1.099892,False
2009-04-20,18.8,17.6,20.927742,16.286344,23.8,-2.127742,False
2009-04-21,19.2,17.6,20.848387,16.191183,23.7,-1.648387,False
2009-04-22,19.6,16.4,20.781828,16.09129,23.6,-1.181828,False
2009-04-23,19.5,15.2,20.724409,15.99828,23.6,-1.224409,False
2009-04-24,21.4,17.0,20.66129,15.910323,23.5,0.73871,False
2009-04-25,22.6,17.9,20.594624,15.818065,23.41,2.005376,False
2009-04-26,18.9,12.4,20.534946,15.737527,23.4,-1.634946,False
2009-04-27,17.3,13.6,20.442258,15.663656,23.3,-3.142258,False
2009-04-28,19.6,13.2,20.38,15.575806,23.2,-0.78,False
2009-04-29,15.8,12.6,20.287419,15.477849,23.2,-4.487419,False
2009-04-30,15.7,13.2,20.184086,15.380968,23.1,-4.484086,False
2009-05-01,19.0,14.4,20.093011,15.277634,22.9,-1.093011,False
2009-05-02,19.8,14.3,20.008495,15.182581,22.9,-0.208495,False
2009-05-03,18.8,14.3,19.922688,15.108065,22.9,-1.122688,False
2009-05-04,20.8,16.4,19.856022,15.01828,22.8,0.943978,False
2009-05-05,18.3,14.0,19.788065,14.937742,22.8,-1.488065,False
2009-05-06,19.9,14.7,19.718495,14.850215,22.7,0.181505,False
2009-05-07,20.2,15.2,19.635914,14.769892,22.6,0.564086,False
2009-05-08,18.3,14.0,19.580323,14.693118,22.5,-1.280323,False
2009-05-09,19.7,14.6,19.514086,14.616237,22.5,0.185914,False
2009-05-10,17.1,14.4,19.431075,14.519462,22.4,-2.331075,False
2009-05-11,16.8,12.1,19.351935,14.433763,22.3,-2.551935,False
2009-05-12,17.0,11.7,19.258065,14.347419,22.2,-2.258065,False
2009-05-13,20.5,12.4,19.196774,14.266237,22.1,1.303226,False
2009-05-14,19.9,13.4,19.110645,14.163548,22.0,0.789355,False
2009-05-15,20.3,16.3,19.008065,14.053548,21.8,1.291935,False
2009-05-16,21.0,12.0,18.940645,13.972903,21.61,2.059355,False
2009-05-17,17.8,14.5,18.859462,13.900215,21.6,-1.059462,False
2009-05-18,18.8,16.6,18.759462,13.83,21.5,0.040538,False
2009-05-19,19.6,16.9,18.680215,13.735591,21.4,0.919785,False
2009-05-20,19.3,17.7,18.599355,13.666129,21.3,0.700645,False
2009-05-21,18.6,17.3,18.529247,13.603333,21.3,0.070753,False
2009-05-22,18.5,16.8,18.449892,13.547742,21.2,0.050108,False
2009-05-23,19.0,17.4,18.365269,13.49828,21.11,0.634731,False
2009-05-24,18.8,16.7,18.287097,13.451398,21.0,0.512903,False
2009-05-25,19.2,14.7,18.218925,13.407204,20.81,0.981075,False
2009-05-26,20.2,16.0,18.145376,13.362473,20.8,2.054624,False
2009-05-27,17.7,14.5,18.074086,13.302581,20.71,-0.374086,False
2009-05-28,16.3,13.9,18.016237,13.244516,20.7,-1.716237,False
2009-05-29,16.1,13.5,17.953763,13.194516,20.6,-1.853763,False
2009-05-30,16.4,13.9,17.895054,13.125914,20.6,-1.495054,False
2009-05-31,17.3,15.0,17.834301,13.053226,20.51,-0.534301,False
2009-06-01,16.8,14.0,17.766559,12.98043,20.4,-0.966559,False
2009-06-02,16.8,15.0,17.68871,12.922473,20.21,-0.88871,False
2009-06-03,18.0,14.2,17.61957,12.851505,20.11,0.38043,False
2009-06-04,17.6,13.4,17.545699,12.786667,20.1,0.054301,False
2009-06-05,18.6,11.3,17.472043,12.722366,20.01,1.127957,False
2009-06-06,17.8,13.3,17.402796,12.660753,20.0,0.397204,False
2009-06-07,17.9,13.2,17.330215,12.568602,19.9,0.569785,False
2009-06-08,17.9,12.1,17.253548,12.486344,19.8,0.646452,False
2009-06-09,15.6,10.3,17.185806,12.396559,19.71,-1.585806,False
2009-06-10,13.4,8.4,17.111613,12.336882,19.7,-3.711613,False
2009-06-11,15.3,9.3,17.055591,12.286129,19.6,-1.755591,False
2009-06-12,15.6,9.9,16.991075,12.243118,19.5,-1.391075,False
2009-06-13,17.6,11.3,16.946022,12.195376,19.4,0.653978,False
2009-06-14,16.2,11.4,16.905806,12.163118,19.3,-0.705806,False
2009-06-15,17.9,11.9,16.87129,12.121398,19.2,1.02871,False
2009-06-16,16.0,14.0,16.81,12.050968,19.1,-0.81,False
2009-06-17,16.1,13.3,16.768817,11.976882,19.0,-0.668817,False
2009-06-18,15.7,14.2,16.74043,11.916452,19.0,-1.04043,False
2009-06-19,17.2,14.8,16.720215,11.880108,19.0,0.479785,False
2009-06-20,17.0,14.9,16.697204,11.817204,19.0,0.302796,False
2009-06-21,17.4,15.3,16.676882,11.762903,18.91,0.723118,False
2009-06-22,18.0,12.1,16.636344,11.694516,18.8,1.363656,False
2009-06-23,17.9,10.6,16.588172,11.635054,18.8,1.311828,False
2009-06-24,18.2,10.9,16.544086,11.567634,18.7,1.655914,False
2009-06-25,16.0,11.0,16.488817,11.521935,18.6,-0.488817,False
2009-06-26,16.4,12.2,16.466344,11.46957,18.6,-0.066344,False
2009-06-27,15.5,11.8,16.444731,11.417957,18.5,-0.944731,False
2009-06-28,16.6,11.1,16.406344,11.370968,18.5,0.193656,False
2009-06-29,19.3,13.6,16.365269,11.313656,18.5,2.934731,False
2009-06-30,18.4,15.2,16.334409,11.27043,18.5,2.065591,False
2009-07-01,19.4,12.6,16.312043,11.233871,18.5,3.087957,False
2009-07-02,17.1,12.1,16.293011,11.20086,18.5,0.806989,False
2009-07-03,15.0,10.1,16.293656,11.156344,18.5,-1.293656,False
2009-07-04,15.9,11.7,16.292581,11.134086,18.5,-0.392581,False
2009-07-05,15.6,8.7,16.269032,11.097527,18.5,-0.669032,False
2009-07-06,14.5,10.1,16.243226,11.054516,18.5,-1.743226,False
2009-07-07,13.5,12.4,16.232903,11.017849,18.5,-2.732903,False
2009-07-08,15.1,12.7,16.235269,11.02172,18.6,-1.135269,False
2009-07-09,16.3,12.9,16.227957,11.023011,18.6,0.072043,False
2009-07-10,16.3,12.3,16.237957,11.038925,18.7,0.062043,False
2009-07-11,15.5,12.0,16.246667,11.019785,18.7,-0.746667,False
2009-07-12,17.9,12.9,16.237204,10.98828,18.7,1.662796,False
2009-07-13,17.3,11.5,16.249355,10.954839,18.7,1.050645,False
2009-07-14,16.1,9.0,16.258172,10.92914,18.7,-0.158172,False
2009-07-15,14.0,10.0,16.272688,10.915484,18.7,-2.272688,False
2009-07-16,13.7,11.6,16.29086,10.89871,18.7,-2.59086,False
2009-07-17,14.7,9.9,16.321075,10.880753,18.7,-1.621075,False
2009-07-18,17.4,9.9,16.332581,10.869355,18.7,1.067419,False
2009-07-19,18.4,9.3,16.352043,10.853118,18.81,2.047957,False
2009-07-20,18.9,11.0,16.349032,10.830645,18.81,2.550968,False
2009-07-21,19.9,13.6,16.349785,10.833548,18.9,3.550215,False
2009-07-22,21.7,12.8,16.360645,10.833226,18.9,5.339355,False
2009-07-23,15.5,11.0,16.376559,10.831505,19.0,-0.876559,False
2009-07-24,14.8,9.1,16.39043,10.813871,19.0,-1.59043,False
2009-07-25,16.1,10.1,16.420108,10.812366,19.0,-0.320108,False
2009-07-26,13.8,10.2,16.473226,10.78957,19.2,-2.673226,False
2009-07-27,17.1,10.1,16.50957,10.790108,19.2,0.59043,False
2009-07-28,17.0,9.6,16.549032,10.800753,19.31,0.450968,False
2009-07-29,17.6,9.0,16.598602,10.796989,19.4,1.001398,False
2009-07-30,16.5,10.2,16.642258,10.811183,19.4,-0.142258,False
2009-07-31,18.1,9.3,16.689462,10.846237,19.51,1.410538,False
2009-08-01,17.6,9.0,16.730753,10.871505,19.61,0.869247,False
2009-08-02,16.7,9.6,16.784946,10.886237,19.71,-0.084946,False
2009-08-03,18.5,12.1,16.797204,10.896344,19.8,1.702796,False
2009-08-04,17.9,8.7,16.804516,10.893011,19.8,1.095484,False
2009-08-05,16.0,9.8,16.832473,10.914194,19.81,-0.832473,False
2009-08-06,17.7,11.6,16.874839,10.956774,19.9,0.825161,False
2009-08-07,21.0,10.0,16.903978,11.005269,19.9,4.096022,False
2009-08-08,14.6,8.0,16.93828,11.023548,19.91,-2.33828,False
2009-08-09,15.5,9.5,16.949462,11.04043,20.0,-1.449462,False
2009-08-10,17.1,11.2,16.963978,11.041935,20.0,0.136022,False
2009-08-11,17.3,10.2,16.979355,11.075914,19.91,0.320645,False
2009-08-12,18.3,11.0,17.010753,11.113656,20.1,1.289247,False
2009-08-13,19.1,11.1,17.032581,11.146774,20.11,2.067419,False
2009-08-14,18.1,9.9,17.042473,11.213656,20.11,1.057527,False
2009-08-15,18.9,10.8,17.079677,11.271828,20.2,1.820323,False
2009-08-16,21.7,15.6,17.129462,11.319785,20.3,4.570538,False
2009-08-17,19.8,10.2,17.156344,11.384409,20.4,2.643656,False
2009-08-18,16.2,10.1,17.196667,11.447849,20.4,-0.996667,False
2009-08-19,17.0,10.8,17.254516,11.508495,20.41,-0.254516,False
2009-08-20,19.7,11.7,17.309032,11.574516,20.6,2.390968,False
2009-08-21,21.5,14.0,17.355806,11.627849,20.6,4.144194,False
2009-08-22,17.6,14.2,17.390645,11.689677,20.61,0.209355,False
2009-08-23,21.2,16.3,17.430323,11.762796,20.7,3.769677,False
2009-08-24,21.8,15.3,17.481935,11.839677,20.71,4.318065,False
2009-08-25,18.3,13.3,17.512151,11.911505,20.8,0.787849,False
2009-08-26,19.6,12.5,17.527849,11.958495,20.81,2.072151,False
2009-08-27,20.0,12.4,17.555914,12.006129,20.8,2.444086,False
2009-08-28,20.4,15.3,17.593763,12.064624,20.9,2.806237,False
2009-08-29,24.0,13.7,17.647312,12.128925,21.0,6.352688,False
2009-08-30,17.2,10.1,17.703871,12.205269,21.0,-0.503871,False
2009-08-31,18.7,11.3,17.776022,12.262258,21.2,0.923978,False
2009-09-01,17.4,12.1,17.839355,12.319355,21.21,-0.439355,False
2009-09-02,17.3,13.1,17.867527,12.383763,21.21,-0.567527,False
2009-09-03,18.1,15.1,17.934839,12.479032,21.4,0.165161,False
2009-09-04,20.5,13.6,18.029462,12.566774,21.61,2.470538,False
2009-09-05,17.7,12.1,18.089462,12.632258,21.7,-0.389462,False
2009-09-06,17.3,14.2,18.146882,12.690108,21.7,-0.846882,False
2009-09-07,17.3,12.6,18.235054,12.762043,21.8,-0.935054,False
2009-09-08,17.3,11.4,18.322043,12.856559,21.9,-1.022043,False
2009-09-09,18.4,11.3,18.428387,12.945699,22.01,-0.028387,False
2009-09-10,18.6,10.2,18.491828,13.024194,22.2,0.108172,False
2009-09-11,18.0,12.8,18.52914,13.076667,22.2,-0.52914,False
2009-09-12,23.8,16.4,18.585806,13.151398,22.2,5.214194,False
2009-09-13,25.0,16.3,18.686882,13.235591,22.4,6.313118,False
2009-09-14,17.9,16.4,18.777419,13.260753,22.5,-0.877419,False
2009-09-15,18.8,16.4,18.825484,13.306882,22.6,-0.025484,False
2009-09-16,18.9,15.5,18.889247,13.386989,22.6,0.010753,False
2009-09-17,25.2,17.9,18.980323,13.480108,22.71,6.219677,False
2009-09-18,19.5,14.1,19.071183,13.561613,23.0,0.428817,False
2009-09-19,18.6,14.0,19.101398,13.625914,23.1,-0.501398,False
2009-09-20,21.9,15.6,19.176989,13.70957,23.2,2.723011,False
2009-09-21,22.2,17.4,19.254086,13.787204,23.3,2.945914,False
2009-09-22,26.0,16.5,19.302688,13.863333,23.5,6.697312,False
2009-09-23,20.1,14.2,19.356237,13.903548,23.5,0.743763,False
2009-09-24,20.5,13.3,19.39828,13.954194,23.6,1.10172,False
2009-09-25,21.9,16.5,19.476989,14.022151,23.8,2.423011,False
2009-09-26,18.0,11.0,19.552796,14.103978,23.8,-1.552796,False
2009-09-27,16.9,11.7,19.616989,14.200645,23.9,-2.716989,False
2009-09-28,19.1,12.1,19.684946,14.27871,24.02,-0.584946,False
2009-09-29,17.9,13.0,19.712258,14.351505,24.02,-1.812258,False
2009-09-30,22.0,14.8,19.752473,14.411075,24.2,2.247527,False
2009-10-01,26.7,16.6,19.78828,14.488925,24.3,6.91172,False
2009-10-02,18.8,15.7,19.812258,14.562903,24.31,-1.012258,False
2009-10-03,15.7,14.1,19.868065,14.62871,24.31,-4.168065,False
2009-10-04,15.9,14.3,19.92086,14.673763,24.41,-4.02086,False
2009-10-05,16.5,12.7,19.93086,14.709677,24.5,-3.43086,False
2009-10-06,16.7,11.5,19.966667,14.774839,24.51,-3.266667,False
2009-10-07,16.2,12.5,19.976559,14.829355,24.6,-3.776559,False
2009-10-08,15.4,11.6,19.983011,14.871828,24.5,-4.583011,False
2009-10-09,14.7,12.7,19.997527,14.921828,24.5,-5.297527,False
2009-10-10,15.7,13.1,20.053441,14.985914,24.41,-4.353441,False
2009-10-11,17.4,13.5,20.111398,15.055914,24.5,-2.711398,False
2009-10-12,20.6,17.4,20.178925,15.118495,24.6,0.421075,False
2009-10-13,22.2,16.5,20.205054,15.19,24.6,1.994946,False
2009-10-14,19.8,14.8,20.204946,15.245806,24.6,-0.404946,False
2009-10-15,21.3,12.8,20.240538,15.345161,24.51,1.059462,False
2009-10-16,19.4,12.8,20.300108,15.417097,24.51,-0.900108,False
2009-10-17,17.9,13.3,20.322258,15.465806,24.5,-2.422258,False
2009-10-18,17.5,13.8,20.337742,15.505484,24.5,-2.837742,False
2009-10-19,19.2,14.9,20.369677,15.548817,24.51,-1.169677,False
2009-10-20,22.2,15.8,20.383871,15.587204,24.5,1.816129,False
2009-10-21,26.2,17.0,20.358817,15.61172,24.4,5.841183,False
2009-10-22,19.1,17.1,20.375591,15.664946,24.31,-1.275591,False
2009-10-23,21.8,16.7,20.420538,15.715591,24.4,1.379462,False
2009-10-24,19.9,16.7,20.466774,15.787312,24.5,-0.566774,False
2009-10-25,18.5,15.5,20.518172,15.853978,24.5,-2.018172,False
2009-10-26,16.5,15.6,20.546344,15.894086,24.5,-4.046344,False
2009-10-27,18.5,16.0,20.566882,15.952043,24.5,-2.066882,False
2009-10-28,20.6,17.5,20.607204,16.01129,24.5,-0.007204,False
2009-10-29,19.9,17.9,20.644086,16.071398,24.5,-0.744086,False
2009-10-30,21.6,18.7,20.723441,16.143548,24.51,0.876559,False
2009-10-31,20.7,16.3,20.759462,16.201828,24.51,-0.059462,False
2009-11-01,22.4,18.3,20.744946,16.237527,24.5,1.655054,False
2009-11-02,24.0,18.7,20.755914,16.284624,24.5,3.244086,False
2009-11-03,31.2,18.5,20.802473,16.34957,24.5,10.397527,False
2009-11-04,18.9,17.3,20.850968,16.428817,24.61,-1.950968,False
2009-11-05,18.6,17.4,20.935054,16.517957,24.8,-2.335054,False
2009-11-06,19.7,18.7,21.000323,16.599785,24.9,-1.300323,False
2009-11-07,20.5,18.5,21.07828,16.651398,25.0,-0.57828,False
2009-11-08,20.3,18.3,21.104301,16.698817,25.0,-0.804301,False
2009-11-09,21.3,16.3,21.127849,16.752258,25.0,0.172151,False
2009-11-10,22.0,15.7,21.151183,16.81129,25.1,0.848817,False
2009-11-11,21.4,17.3,21.235806,16.875161,25.2,0.164194,False
2009-11-12,25.1,19.0,21.307742,16.95914,25.3,3.792258,False
2009-11-13,19.6,15.5,21.391183,17.027849,25.31,-1.791183,False
2009-11-14,22.4,18.4,21.464301,17.085161,25.4,0.935699,False
2009-11-15,22.0,18.9,21.500108,17.126989,25.5,0.499892,False
2009-11-16,25.4,18.8,21.558172,17.181505,25.6,3.841828,False
2009-11-17,20.2,18.2,21.598602,17.226129,25.71,-1.398602,False
2009-11-18,22.1,19.1,21.643333,17.285484,25.8,0.456667,False
2009-11-19,25.0,21.3,21.67129,17.343871,25.8,3.32871,False
2009-11-20,28.4,21.2,21.73828,17.412366,25.9,6.66172,True
2009-11-21,26.8,20.3,21.815269,17.483656,26.0,4.984731,True
2009-11-22,32.1,19.3,21.861183,17.543871,26.01,10.238817,True
2009-11-23,20.1,17.6,21.913548,17.617634,26.1,-1.813548,False
2009-11-24,21.4,18.8,21.973226,17.696452,26.1,-0.573226,False
2009-11-25,23.2,20.7,22.032581,17.757527,26.2,1.167419,False
2009-11-26,24.4,22.2,22.082151,17.817849,26.21,2.317849,False
2009-11-27,29.1,20.2,22.125699,17.879677,26.3,6.974301,True
2009-11-28,27.8,21.0,22.17871,17.93871,26.4,5.62129,True
2009-11-29,28.0,17.2,22.221613,17.99828,26.4,5.778387,True
2009-11-30,18.5,15.2,22.229892,18.052688,26.3,-3.729892,False
2009-12-01,18.2,15.3,22.294409,18.113548,26.4,-4.094409,False
2009-12-02,19.5,15.8,22.373763,18.186882,26.4,-2.873763,False
2009-12-03,21.7,18.4,22.463226,18.251183,26.4,-0.763226,False
2009-12-04,20.6,18.1,22.523548,18.30129,26.5,-1.923548,False
2009-12-05,21.6,18.9,22.573011,18.352043,26.5,-0.973011,False
2009-12-06,22.5,20.6,22.603763,18.407957,26.5,-0.103763,False
2009-12-07,25.7,19.7,22.657097,18.463763,26.6,3.042903,False
2009-12-08,24.2,18.2,22.717312,18.55086,26.6,1.482688,False
2009-12-09,22.2,19.8,22.806129,18.622258,26.7,-0.606129,False
2009-12-10,26.5,20.6,22.873226,18.668817,26.7,3.626774,False
2009-12-11,24.0,18.0,22.908065,18.686022,26.7,1.091935,False
2009-12-12,23.6,19.4,22.882151,18.716989,26.6,0.717849,False
2009-12-13,23.7,19.6,22.905914,18.748495,26.6,0.794086,False
2009-12-14,21.6,19.8,22.925054,18.775699,26.6,-1.325054,False
2009-12-15,22.5,20.8,22.955161,18.835806,26.6,-0.455161,False
2009-12-16,26.1,21.3,23.010323,18.896989,26.6,3.089677,False
2009-12-17,28.8,20.5,23.056129,18.954516,26.6,5.743871,False
2009-12-18,22.2,18.6,23.108387,19.025161,26.51,-0.908387,False
2009-12-19,25.2,18.9,23.145161,19.073226,26.6,2.054839,False
2009-12-20,21.6,19.4,23.19,19.127957,26.6,-1.59,False
2009-12-21,23.9,20.9,23.254194,19.187849,26.7,0.645806,False
2009-12-22,26.3,20.3,23.309355,19.238387,26.61,2.990645,False
2009-12-23,25.7,21.8,23.369247,19.290538,26.71,2.330753,False
2009-12-24,26.6,21.9,23.41871,19.318065,26.8,3.18129,False
2009-12-25,24.6,18.9,23.42914,19.355806,26.9,1.17086,False
2009-12-26,21.1,19.3,23.456129,19.413656,26.91,-2.356129,False
2009-12-27,22.1,20.8,23.513656,19.493011,27.1,-1.413656,False
2009-12-28,22.5,19.9,23.585161,19.555914,27.1,-1.085161,False
2009-12-29,22.5,20.1,23.622473,19.595054,27.11,-1.122473,False
2009-12-30,22.4,20.9,23.665161,19.634839,27.2,-1.265161,False
2009-12-31,23.2,21.8,23.717419,19.671075,27.3,-0.517419,False
2010-01-01,24.2,22.0,23.731828,19.716667,27.3,0.468172,False
2010-01-02,25.3,19.8,23.783978,19.759247,27.5,1.516022,False
2010-01-03,20.6,19.4,23.833011,19.80043,27.6,-3.233011,False
2010-01-04,22.1,19.1,23.836774,19.851183,27.5,-1.736774,False
2010-01-05,25.0,21.1,23.888817,19.901183,27.5,1.111183,False
2010-01-06,23.7,20.5,23.941505,19.945161,27.6,-0.241505,False
2010-01-07,22.0,21.1,23.980108,19.993978,27.6,-1.980108,False
2010-01-08,24.1,20.8,24.019355,20.032688,27.61,0.080645,False
2010-01-09,27.8,23.1,24.047097,20.090215,27.61,3.752903,False
2010-01-10,26.1,21.4,24.074409,20.147849,27.7,2.025591,False
2010-01-11,23.9,22.4,24.112903,20.222151,27.8,-0.212903,False
2010-01-12,27.8,22.4,24.15957,20.289247,27.8,3.64043,False
2010-01-13,23.9,20.4,24.193548,20.346882,27.8,-0.293548,False
2010-01-14,22.2,21.0,24.244731,20.397312,27.8,-2.044731,False
2010-01-15,23.3,20.8,24.294516,20.444946,27.8,-0.994516,False
2010-01-16,24.4,21.2,24.32914,20.477419,27.81,0.07086,False
2010-01-17,24.1,17.7,24.317419,20.506237,27.9,-0.217419,False
2010-01-18,23.0,16.2,24.324409,20.527419,27.8,-1.324409,False
2010-01-19,22.5,18.3,24.354946,20.546667,27.9,-1.854946,False
2010-01-20,25.6,20.8,24.35914,20.574731,27.9,1.24086,False
2010-01-21,26.3,22.1,24.37871,20.612258,27.9,1.92129,False
2010-01-22,30.2,26.2,24.387742,20.637312,27.9,5.812258,False
2010-01-23,34.5,20.7,24.376022,20.654624,27.81,10.123978,False
2010-01-24,22.8,21.2,24.403548,20.686989,27.8,-1.603548,False
2010-01-25,24.2,22.6,24.460323,20.71129,27.9,-0.260323,False
2010-01-26,26.2,22.3,24.484086,20.728817,27.9,1.715914,False
2010-01-27,23.9,21.9,24.495591,20.746344,27.9,-0.595591,False
2010-01-28,24.4,21.7,24.492581,20.74828,27.9,-0.092581,False
2010-01-29,25.5,21.6,24.465054,20.753441,27.9,1.034946,False
2010-01-30,24.1,21.8,24.441613,20.760215,27.9,-0.341613,False
2010-01-31,24.5,22.0,24.435161,20.78043,27.81,0.064839,False
2010-02-01,25.3,21.8,24.444624,20.776022,27.9,0.855376,False
2010-02-02,23.8,21.9,24.418387,20.77871,27.7,-0.618387,False
2010-02-03,24.4,22.3,24.398065,20.787527,27.7,0.001935,False
2010-02-04,24.4,23.1,24.414301,20.788387,27.7,-0.014301,False
2010-02-05,24.7,22.1,24.374839,20.778602,27.6,0.325161,False
2010-02-06,23.3,21.7,24.326882,20.759247,27.51,-1.026882,False
2010-02-07,23.6,22.4,24.30828,20.743548,27.5,-0.70828,False
2010-02-08,24.4,22.1,24.269785,20.725269,27.31,0.130215,False
2010-02-09,24.6,21.7,24.251613,20.699032,27.2,0.348387,False
2010-02-10,26.0,21.7,24.239032,20.680215,27.2,1.760968,False
2010-02-11,26.8,24.0,24.231075,20.658495,27.1,2.568925,False
2010-02-12,30.3,22.9,24.22086,20.633441,27.1,6.07914,False
2010-02-13,24.9,23.2,24.207312,20.605376,27.1,0.692688,False
2010-02-14,25.0,22.1,24.164516,20.562473,27.1,0.835484,False
2010-02-15,26.9,21.0,24.09957,20.514516,27.1,2.80043,False
2010-02-16,23.6,19.8,24.05043,20.495806,27.0,-0.45043,False
2010-02-17,23.0,19.7,24.041075,20.46871,27.0,-1.041075,False
2010-02-18,22.6,20.2,24.016452,20.444409,26.91,-1.416452,False
2010-02-19,23.1,20.4,23.985914,20.421613,26.9,-0.885914,False
2010-02-20,25.3,21.1,23.943011,20.389355,26.8,1.356989,False
2010-02-21,27.4,22.6,23.884946,20.345806,26.7,3.515054,False
2010-02-22,29.3,24.0,23.850645,20.307849,26.6,5.449355,False
2010-02-23,23.2,20.4,23.806774,20.271075,26.6,-0.606774,False
2010-02-24,22.1,19.7,23.751075,20.228817,26.5,-1.651075,False
2010-02-25,22.7,19.5,23.709032,20.185269,26.4,-1.009032,False
2010-02-26,23.4,18.9,23.673441,20.147312,26.4,-0.273441,False
2010-02-27,25.0,21.1,23.62957,20.094409,26.3,1.37043,False
2010-02-28,24.4,19.1,23.598387,20.068925,26.2,0.801613,False
2010-03-01,19.4,18.2,23.599677,20.034624,26.2,-4.199677,False
2010-03-02,20.7,19.1,23.571075,19.985806,26.2,-2.871075,False
2010-03-03,21.8,19.8,23.552796,19.936559,26.2,-1.752796,False
2010-03-04,23.4,21.4,23.535914,19.914194,26.2,-0.135914,False
2010-03-05,23.8,21.8,23.54129,19.873548,26.2,0.25871,False
2010-03-06,24.5,22.2,23.49828,19.828172,26.1,1.00172,False
2010-03-07,24.8,22.5,23.445699,19.780323,26.1,1.354301,False
2010-03-08,25.9,20.2,23.415591,19.720753,26.1,2.484409,False
2010-03-09,26.3,19.0,23.391935,19.668602,26.1,2.908065,False
2010-03-10,20.3,19.3,23.342043,19.607849,26.0,-3.042043,False
2010-03-11,21.5,19.2,23.328065,19.552688,26.0,-1.828065,False
2010-03-12,21.6,18.6,23.285376,19.503226,25.9,-1.685376,False
2010-03-13,21.1,18.8,23.249355,19.447742,25.9,-2.149355,False
2010-03-14,21.9,18.8,23.18172,19.393763,25.9,-1.28172,False
2010-03-15,22.7,17.8,23.13828,19.314409,25.81,-0.43828,False
2010-03-16,23.4,17.4,23.075699,19.232151,25.71,0.324301,False
2010-03-17,23.4,18.1,23.044731,19.182903,25.7,0.355269,False
2010-03-18,24.4,18.7,23.021505,19.122258,25.7,1.378495,False
2010-03-19,25.7,20.3,22.976344,19.041505,25.6,2.723656,True
2010-03-20,26.6,20.9,22.897312,18.964086,25.6,3.702688,True
2010-03-21,27.7,20.5,22.862366,18.890108,25.6,4.837634,True
2010-03-22,22.6,19.6,22.808925,18.812473,25.5,-0.208925,False
2010-03-23,24.5,20.2,22.757742,18.722258,25.5,1.742258,False
2010-03-24,22.9,20.2,22.703978,18.632796,25.4,0.196022,False
2010-03-25,24.1,20.1,22.636774,18.539785,25.4,1.463226,False
2010-03-26,27.4,22.1,22.575484,18.446667,25.4,4.824516,False
2010-03-27,24.7,21.6,22.530753,18.355054,25.4,2.169247,False
2010-03-28,25.7,22.1,22.450323,18.266882,25.3,3.249677,False
2010-03-29,25.9,21.3,22.403333,18.183441,25.2,3.496667,False
2010-03-30,21.2,18.8,22.358387,18.108065,25.2,-1.158387,False
2010-03-31,20.9,18.0,22.307527,18.031075,25.2,-1.407527,False
2010-04-01,22.1,18.4,22.243011,17.947204,25.2,-0.143011,False
2010-04-02,21.1,17.9,22.192581,17.870108,25.11,-1.092581,False
2010-04-03,20.0,17.4,22.116882,17.782796,25.0,-2.116882,False
2010-04-04,20.0,16.9,22.037742,17.680538,24.9,-2.037742,False
2010-04-05,20.4,18.2,21.945699,17.588065,24.9,-1.545699,False
2010-04-06,21.6,19.6,21.88828,17.496129,24.81,-0.28828,False
2010-04-07,23.2,20.5,21.819032,17.397204,24.8,1.380968,False
2010-04-08,24.9,18.0,21.73914,17.30914,24.7,3.16086,False
2010-04-09,21.7,18.1,21.688602,17.234301,24.6,0.011398,False
2010-04-10,23.9,19.3,21.63,17.135484,24.5,2.27,False
2010-04-11,25.7,15.2,21.557527,17.043548,24.4,4.142473,False
2010-04-12,22.2,14.5,21.46871,16.944086,24.3,0.73129,False
2010-04-13,19.5,14.2,21.397419,16.847849,24.2,-1.897419,False
2010-04-14,22.0,16.1,21.34129,16.763763,24.1,0.65871,False
2010-04-15,21.7,18.1,21.261075,16.696667,24.1,0.438925,False
2010-04-16,20.9,17.9,21.202366,16.632796,24.01,-0.302366,False
2010-04-17,22.3,17.8,21.13957,16.555376,24.0,1.16043,False
2010-04-18,22.0,18.1,21.065806,16.486344,23.9,0.934194,False
2010-04-19,22.6,17.8,20.999892,16.392581,23.8,1.600108,False
2010-04-20,22.3,16.9,20.927742,16.286344,23.8,1.372258,False
2010-04-21,22.6,16.7,20.848387,16.191183,23.7,1.751613,False
2010-04-22,23.3,17.6,20.781828,16.09129,23.6,2.518172,False
2010-04-23,25.3,19.8,20.724409,15.99828,23.6,4.575591,False
2010-04-24,25.8,19.1,20.66129,15.910323,23.5,5.13871,False
2010-04-25,20.5,15.2,20.594624,15.818065,23.41,-0.094624,False
2010-04-26,19.5,14.2,20.534946,15.737527,23.4,-1.034946,False
2010-04-27,19.9,13.5,20.442258,15.663656,23.3,-0.542258,False
2010-04-28,23.2,15.3,20.38,15.575806,23.2,2.82,False
2010-04-29,23.1,14.9,20.287419,15.477849,23.2,2.812581,False
2010-04-30,19.2,17.0,20.184086,15.380968,23.1,-0.984086,False
2010-05-01,20.3,15.4,20.093011,15.277634,22.9,0.206989,False
2010-05-02,23.8,17.1,20.008495,15.182581,22.9,3.791505,False
2010-05-03,21.9,17.8,19.922688,15.108065,22.9,1.977312,False
2010-05-04,23.1,17.5,19.856022,15.01828,22.8,3.243978,False
2010-05-05,20.4,11.9,19.788065,14.937742,22.8,0.611935,False
2010-05-06,19.7,13.0,19.718495,14.850215,22.7,-0.018495,False
2010-05-07,20.0,12.7,19.635914,14.769892,22.6,0.364086,False
2010-05-08,20.9,14.8,19.580323,14.693118,22.5,1.319677,False
2010-05-09,21.5,14.6,19.514086,14.616237,22.5,1.985914,False
2010-05-10,21.6,14.4,19.431075,14.519462,22.4,2.168925,False
2010-05-11,24.6,12.1,19.351935,14.433763,22.3,5.248065,False
2010-05-12,17.7,11.0,19.258065,14.347419,22.2,-1.558065,False
2010-05-13,18.9,12.6,19.196774,14.266237,22.1,-0.296774,False
2010-05-14,19.0,13.7,19.110645,14.163548,22.0,-0.110645,False
2010-05-15,18.9,13.9,19.008065,14.053548,21.8,-0.108065,False
2010-05-16,18.7,14.2,18.940645,13.972903,21.61,-0.240645,False
2010-05-17,16.4,13.8,18.859462,13.900215,21.6,-2.459462,False
2010-05-18,16.5,14.1,18.759462,13.83,21.5,-2.259462,False
2010-05-19,17.7,13.9,18.680215,13.735591,21.4,-0.980215,False
2010-05-20,17.5,13.8,18.599355,13.666129,21.3,-1.099355,False
2010-05-21,16.9,13.5,18.529247,13.603333,21.3,-1.629247,False
2010-05-22,16.0,13.0,18.449892,13.547742,21.2,-2.449892,False
2010-05-23,17.1,14.1,18.365269,13.49828,21.11,-1.265269,False
2010-05-24,18.5,15.1,18.287097,13.451398,21.0,0.212903,False
2010-05-25,17.4,15.0,18.218925,13.407204,20.81,-0.818925,False
2010-05-26,17.2,15.6,18.145376,13.362473,20.8,-0.945376,False
2010-05-27,17.9,15.2,18.074086,13.302581,20.71,-0.174086,False
2010-05-28,19.2,15.9,18.016237,13.244516,20.7,1.183763,False
2010-05-29,17.3,13.6,17.953763,13.194516,20.6,-0.653763,False
2010-05-30,17.5,14.2,17.895054,13.125914,20.6,-0.395054,False
2010-05-31,17.3,15.0,17.834301,13.053226,20.51,-0.534301,False
2010-06-01,17.6,14.0,17.766559,12.98043,20.4,-0.166559,False
2010-06-02,18.0,15.3,17.68871,12.922473,20.21,0.31129,False
2010-06-03,17.7,16.0,17.61957,12.851505,20.11,0.08043,False
2010-06-04,17.1,15.8,17.545699,12.786667,20.1,-0.445699,False
2010-06-05,17.9,12.1,17.472043,12.722366,20.01,0.427957,False
2010-06-06,16.1,12.5,17.402796,12.660753,20.0,-1.302796,False
2010-06-07,15.4,12.2,17.330215,12.568602,19.9,-1.930215,False
2010-06-08,16.1,11.0,17.253548,12.486344,19.8,-1.153548,False
2010-06-09,15.9,11.2,17.185806,12.396559,19.71,-1.285806,False
2010-06-10,15.3,7.9,17.111613,12.336882,19.7,-1.811613,False
2010-06-11,16.1,10.4,17.055591,12.286129,19.6,-0.955591,False
2010-06-12,14.9,11.3,16.991075,12.243118,19.5,-2.091075,False
2010-06-13,15.7,10.8,16.946022,12.195376,19.4,-1.246022,False
2010-06-14,16.3,11.2,16.905806,12.163118,19.3,-0.605806,False
2010-06-15,16.8,10.8,16.87129,12.121398,19.2,-0.07129,False
2010-06-16,17.5,12.0,16.81,12.050968,19.1,0.69,False
2010-06-17,16.9,11.5,16.768817,11.976882,19.0,0.131183,False
2010-06-18,16.1,10.0,16.74043,11.916452,19.0,-0.64043,False
2010-06-19,18.6,10.7,16.720215,11.880108,19.0,1.879785,False
2010-06-20,17.7,12.8,16.697204,11.817204,19.0,1.002796,False
2010-06-21,16.3,14.6,16.676882,11.762903,18.91,-0.376882,False
2010-06-22,15.8,15.0,16.636344,11.694516,18.8,-0.836344,False
2010-06-23,16.3,13.0,16.588172,11.635054,18.8,-0.288172,False
2010-06-24,16.6,13.7,16.544086,11.567634,18.7,0.055914,False
2010-06-25,18.8,15.1,16.488817,11.521935,18.6,2.311183,False
2010-06-26,17.9,10.3,16.466344,11.46957,18.6,1.433656,False
2010-06-27,14.0,9.6,16.444731,11.417957,18.5,-2.444731,False
2010-06-28,14.4,6.0,16.406344,11.370968,18.5,-2.006344,False
2010-06-29,13.1,5.5,16.365269,11.313656,18.5,-3.265269,False
2010-06-30,14.6,8.1,16.334409,11.27043,18.5,-1.734409,False
2010-07-01,14.8,10.0,16.312043,11.233871,18.5,-1.512043,False
2010-07-02,13.4,9.6,16.293011,11.20086,18.5,-2.893011,False
2010-07-03,14.6,11.4,16.293656,11.156344,18.5,-1.693656,False
2010-07-04,15.9,12.0,16.292581,11.134086,18.5,-0.392581,False
2010-07-05,15.0,12.4,16.269032,11.097527,18.5,-1.269032,False
2010-07-06,15.4,12.8,16.243226,11.054516,18.5,-0.843226,False
2010-07-07,14.8,12.2,16.232903,11.017849,18.5,-1.432903,False
2010-07-08,15.2,13.1,16.235269,11.02172,18.6,-1.035269,False
2010-07-09,15.7,12.2,16.227957,11.023011,18.6,-0.527957,False
2010-07-10,16.5,13.7,16.237957,11.038925,18.7,0.262043,False
2010-07-11,17.7,12.3,16.246667,11.019785,18.7,1.453333,False
2010-07-12,16.1,13.9,16.237204,10.98828,18.7,-0.137204,False
2010-07-13,17.7,15.0,16.249355,10.954839,18.7,1.450645,False
2010-07-14,16.4,11.6,16.258172,10.92914,18.7,0.141828,False
2010-07-15,15.6,9.8,16.272688,10.915484,18.7,-0.672688,False
2010-07-16,15.2,10.2,16.29086,10.89871,18.7,-1.09086,False
2010-07-17,15.5,9.8,16.321075,10.880753,18.7,-0.821075,False
2010-07-18,18.3,9.7,16.332581,10.869355,18.7,1.967419,False
2010-07-19,14.9,10.9,16.352043,10.853118,18.81,-1.452043,False
2010-07-20,14.0,10.6,16.349032,10.830645,18.81,-2.349032,False
2010-07-21,14.5,9.9,16.349785,10.833548,18.9,-1.849785,False
2010-07-22,14.3,11.6,16.360645,10.833226,18.9,-2.060645,False
2010-07-23,14.9,12.0,16.376559,10.831505,19.0,-1.476559,False
2010-07-24,15.2,11.7,16.39043,10.813871,19.0,-1.19043,False
2010-07-25,13.9,11.3,16.420108,10.812366,19.0,-2.520108,False
2010-07-26,15.1,12.8,16.473226,10.78957,19.2,-1.373226,False
2010-07-27,15.9,14.2,16.50957,10.790108,19.2,-0.60957,False
2010-07-28,15.8,13.5,16.549032,10.800753,19.31,-0.749032,False
2010-07-29,16.4,14.2,16.598602,10.796989,19.4,-0.198602,False
2010-07-30,19.9,15.4,16.642258,10.811183,19.4,3.257742,False
2010-07-31,19.4,11.2,16.689462,10.846237,19.51,2.710538,False
2010-08-01,18.5,10.0,16.730753,10.871505,19.61,1.769247,False
2010-08-02,14.6,11.3,16.784946,10.886237,19.71,-2.184946,False
2010-08-03,15.0,10.8,16.797204,10.896344,19.8,-1.797204,False
2010-08-04,16.1,9.1,16.804516,10.893011,19.8,-0.704516,False
2010-08-05,15.9,9.1,16.832473,10.914194,19.81,-0.932473,False
2010-08-06,14.7,9.9,16.874839,10.956774,19.9,-2.174839,False
2010-08-07,13.9,9.0,16.903978,11.005269,19.9,-3.003978,False
2010-08-08,14.8,9.2,16.93828,11.023548,19.91,-2.13828,False
2010-08-09,16.2,11.1,16.949462,11.04043,20.0,-0.749462,False
2010-08-10,16.4,12.3,16.963978,11.041935,20.0,-0.563978,False
2010-08-11,16.2,11.2,16.979355,11.075914,19.91,-0.779355,False
2010-08-12,15.7,11.6,17.010753,11.113656,20.1,-1.310753,False
2010-08-13,16.2,10.4,17.032581,11.146774,20.11,-0.832581,False
2010-08-14,18.6,12.9,17.042473,11.213656,20.11,1.557527,False
2010-08-15,18.2,13.4,17.079677,11.271828,20.2,1.120323,False
2010-08-16,17.2,8.8,17.129462,11.319785,20.3,0.070538,False
2010-08-17,14.9,10.0,17.156344,11.384409,20.4,-2.256344,False
2010-08-18,18.4,13.0,17.196667,11.447849,20.4,1.203333,False
2010-08-19,21.2,12.2,17.254516,11.508495,20.41,3.945484,False
2010-08-20,17.0,9.5,17.309032,11.574516,20.6,-0.309032,False
2010-08-21,16.3,8.7,17.355806,11.627849,20.6,-1.055806,False
2010-08-22,15.1,11.8,17.390645,11.689677,20.61,-2.290645,False
2010-08-23,13.5,11.1,17.430323,11.762796,20.7,-3.930323,False
2010-08-24,18.1,12.1,17.481935,11.839677,20.71,0.618065,False
2010-08-25,15.7,11.4,17.512151,11.911505,20.8,-1.812151,False
2010-08-26,15.5,11.0,17.527849,11.958495,20.81,-2.027849,False
2010-08-27,16.7,9.3,17.555914,12.006129,20.8,-0.855914,False
2010-08-28,14.8,10.5,17.593763,12.064624,20.9,-2.793763,False
2010-08-29,15.7,11.9,17.647312,12.128925,21.0,-1.947312,False
2010-08-30,15.5,12.0,17.703871,12.205269,21.0,-2.203871,False
2010-08-31,18.6,14.2,17.776022,12.262258,21.2,0.823978,False
2010-09-01,22.4,15.9,17.839355,12.319355,21.21,4.560645,False
2010-09-02,17.2,14.0,17.867527,12.383763,21.21,-0.667527,False
2010-09-03,17.2,15.2,17.934839,12.479032,21.4,-0.734839,False
2010-09-04,19.6,15.8,18.029462,12.566774,21.61,1.570538,False
2010-09-05,19.3,11.6,18.089462,12.632258,21.7,1.210538,False
2010-09-06,18.1,10.7,18.146882,12.690108,21.7,-0.046882,False
2010-09-07,14.0,10.3,18.235054,12.762043,21.8,-4.235054,False
2010-09-08,15.0,10.9,18.322043,12.856559,21.9,-3.322043,False
2010-09-09,17.6,14.2,18.428387,12.945699,22.01,-0.828387,False
2010-09-10,20.9,11.7,18.491828,13.024194,22.2,2.408172,False
2010-09-11,16.9,11.4,18.52914,13.076667,22.2,-1.62914,False
2010-09-12,17.3,14.2,18.585806,13.151398,22.2,-1.285806,False
2010-09-13,21.1,14.5,18.686882,13.235591,22.4,2.413118,False
2010-09-14,16.5,13.4,18.777419,13.260753,22.5,-2.277419,False
2010-09-15,18.5,12.0,18.825484,13.306882,22.6,-0.325484,False
2010-09-16,19.0,10.4,18.889247,13.386989,22.6,0.110753,False
2010-09-17,15.7,9.3,18.980323,13.480108,22.71,-3.280323,False
2010-09-18,18.1,12.1,19.071183,13.561613,23.0,-0.971183,False
2010-09-19,16.3,13.3,19.101398,13.625914,23.1,-2.801398,False
2010-09-20,17.2,11.5,19.176989,13.70957,23.2,-1.976989,False
2010-09-21,20.2,14.4,19.254086,13.787204,23.3,0.945914,False
2010-09-22,18.0,15.2,19.302688,13.863333,23.5,-1.302688,False
2010-09-23,16.6,14.3,19.356237,13.903548,23.5,-2.756237,False
2010-09-24,19.7,13.6,19.39828,13.954194,23.6,0.30172,False
2010-09-25,22.9,13.1,19.476989,14.022151,23.8,3.423011,False
2010-09-26,19.4,14.6,19.552796,14.103978,23.8,-0.152796,False
2010-09-27,23.0,14.0,19.616989,14.200645,23.9,3.383011,False
2010-09-28,21.7,13.0,19.684946,14.27871,24.02,2.015054,False
2010-09-29,14.4,10.3,19.712258,14.351505,24.02,-5.312258,False
2010-09-30,15.8,13.0,19.752473,14.411075,24.2,-3.952473,False
2010-10-01,18.1,16.0,19.78828,14.488925,24.3,-1.68828,False
2010-10-02,18.0,15.6,19.812258,14.562903,24.31,-1.812258,False
2010-10-03,17.6,16.1,19.868065,14.62871,24.31,-2.268065,False
2010-10-04,18.2,16.8,19.92086,14.673763,24.41,-1.72086,False
2010-10-05,19.7,16.9,19.93086,14.709677,24.5,-0.23086,False
2010-10-06,19.3,16.7,19.966667,14.774839,24.51,-0.666667,False
2010-10-07,20.7,14.7,19.976559,14.829355,24.6,0.723441,False
2010-10-08,17.5,15.6,19.983011,14.871828,24.5,-2.483011,False
2010-10-09,18.0,16.0,19.997527,14.921828,24.5,-1.997527,False
2010-10-10,18.9,17.0,20.053441,14.985914,24.41,-1.153441,False
2010-10-11,19.4,16.5,20.111398,15.055914,24.5,-0.711398,False
2010-10-12,20.3,16.5,20.178925,15.118495,24.6,0.121075,False
2010-10-13,22.1,17.7,20.205054,15.19,24.6,1.894946,False
2010-10-14,22.9,19.6,20.204946,15.245806,24.6,2.695054,False
2010-10-15,22.0,11.5,20.240538,15.345161,24.51,1.759462,False
2010-10-16,15.2,10.7,20.300108,15.417097,24.51,-5.100108,False
2010-10-17,19.1,11.9,20.322258,15.465806,24.5,-1.222258,False
2010-10-18,19.7,14.1,20.337742,15.505484,24.5,-0.637742,False
2010-10-19,16.7,14.5,20.369677,15.548817,24.51,-3.669677,False
2010-10-20,18.7,15.2,20.383871,15.587204,24.5,-1.683871,False
2010-10-21,19.9,15.7,20.358817,15.61172,24.4,-0.458817,False
2010-10-22,21.4,15.9,20.375591,15.664946,24.31,1.024409,False
2010-10-23,23.2,15.3,20.420538,15.715591,24.4,2.779462,False
2010-10-24,16.7,15.1,20.466774,15.787312,24.5,-3.766774,False
2010-10-25,17.8,14.6,20.518172,15.853978,24.5,-2.718172,False
2010-10-26,21.7,15.2,20.546344,15.894086,24.5,1.153656,False
2010-10-27,19.8,16.2,20.566882,15.952043,24.5,-0.766882,False
2010-10-28,18.1,16.1,20.607204,16.01129,24.5,-2.507204,False
2010-10-29,19.2,17.0,20.644086,16.071398,24.5,-1.444086,False
2010-10-30,22.8,19.3,20.723441,16.143548,24.51,2.076559,False
2010-10-31,23.7,18.4,20.759462,16.201828,24.51,2.940538,False
2010-11-01,18.3,13.4,20.744946,16.237527,24.5,-2.444946,False
2010-11-02,17.8,13.9,20.755914,16.284624,24.5,-2.955914,False
2010-11-03,20.5,14.8,20.802473,16.34957,24.5,-0.302473,False
2010-11-04,16.1,14.8,20.850968,16.428817,24.61,-4.750968,False
2010-11-05,16.6,14.9,20.935054,16.517957,24.8,-4.335054,False
2010-11-06,16.9,14.2,21.000323,16.599785,24.9,-4.100323,False
2010-11-07,21.0,17.2,21.07828,16.651398,25.0,-0.07828,False
2010-11-08,23.8,18.2,21.104301,16.698817,25.0,2.695699,False
2010-11-09,20.4,18.5,21.127849,16.752258,25.0,-0.727849,False
2010-11-10,22.7,19.2,21.151183,16.81129,25.1,1.548817,False
2010-11-11,22.4,18.9,21.235806,16.875161,25.2,1.164194,False
2010-11-12,24.0,19.7,21.307742,16.95914,25.3,2.692258,False
2010-11-13,25.3,20.9,21.391183,17.027849,25.31,3.908817,False
2010-11-14,25.2,21.2,21.464301,17.085161,25.4,3.735699,False
2010-11-15,20.6,18.6,21.500108,17.126989,25.5,-0.900108,False
2010-11-16,20.3,17.5,21.558172,17.181505,25.6,-1.258172,False
2010-11-17,19.6,17.0,21.598602,17.226129,25.71,-1.998602,False
2010-11-18,20.9,17.1,21.643333,17.285484,25.8,-0.743333,False
2010-11-19,18.3,15.7,21.67129,17.343871,25.8,-3.37129,False
2010-11-20,20.0,15.4,21.73828,17.412366,25.9,-1.73828,False
2010-11-21,20.9,17.5,21.815269,17.483656,26.0,-0.915269,False
2010-11-22,21.3,17.3,21.861183,17.543871,26.01,-0.561183,False
2010-11-23,21.9,17.7,21.913548,17.617634,26.1,-0.013548,False
2010-11-24,22.6,18.1,21.973226,17.696452,26.1,0.626774,False
2010-11-25,23.3,18.4,22.032581,17.757527,26.2,1.267419,False
2010-11-26,22.4,18.9,22.082151,17.817849,26.21,0.317849,False
2010-11-27,22.9,19.5,22.125699,17.879677,26.3,0.774301,False
2010-11-28,21.7,18.2,22.17871,17.93871,26.4,-0.47871,False
2010-11-29,19.1,18.2,22.221613,17.99828,26.4,-3.121613,False
2010-11-30,20.4,19.2,22.229892,18.052688,26.3,-1.829892,False
2010-12-01,20.3,19.3,22.294409,18.113548,26.4,-1.994409,False
2010-12-02,21.5,19.7,22.373763,18.186882,26.4,-0.873763,False
2010-12-03,22.0,19.9,22.463226,18.251183,26.4,-0.463226,False
2010-12-04,21.5,19.4,22.523548,18.30129,26.5,-1.023548,False
2010-12-05,21.8,20.0,22.573011,18.352043,26.5,-0.773011,False
2010-12-06,22.5,20.4,22.603763,18.407957,26.5,-0.103763,False
2010-12-07,23.2,20.4,22.657097,18.463763,26.6,0.542903,False
2010-12-08,24.8,22.4,22.717312,18.55086,26.6,2.082688,False
2010-12-09,26.5,21.7,22.806129,18.622258,26.7,3.693871,False
2010-12-10,23.6,17.7,22.873226,18.668817,26.7,0.726774,False
2010-12-11,22.9,18.8,22.908065,18.686022,26.7,-0.008065,False
2010-12-12,25.3,18.4,22.882151,18.716989,26.6,2.417849,False
2010-12-13,21.9,19.6,22.905914,18.748495,26.6,-1.005914,False
2010-12-14,22.4,19.4,22.925054,18.775699,26.6,-0.525054,False
2010-12-15,24.2,20.1,22.955161,18.835806,26.6,1.244839,False
2010-12-16,23.8,19.1,23.010323,18.896989,26.6,0.789677,False
2010-12-17,23.9,19.8,23.056129,18.954516,26.6,0.843871,False
2010-12-18,24.3,18.1,23.108387,19.025161,26.51,1.191613,False
2010-12-19,23.0,13.9,23.145161,19.073226,26.6,-0.145161,False
2010-12-20,21.3,15.7,23.19,19.127957,26.6,-1.89,False
2010-12-21,23.8,17.5,23.254194,19.187849,26.7,0.545806,False
2010-12-22,22.0,18.9,23.309355,19.238387,26.61,-1.309355,False
2010-12-23,23.4,18.0,23.369247,19.290538,26.71,0.030753,False
2010-12-24,20.6,17.7,23.41871,19.318065,26.8,-2.81871,False
2010-12-25,23.5,21.9,23.42914,19.355806,26.9,0.07086,False
2010-12-26,24.9,18.6,23.456129,19.413656,26.91,1.443871,False
2010-12-27,19.0,16.4,23.513656,19.493011,27.1,-4.513656,False
2010-12-28,20.7,18.0,23.585161,19.555914,27.1,-2.885161,False
2010-12-29,23.2,19.6,23.622473,19.595054,27.11,-0.422473,False
2010-12-30,23.6,20.2,23.665161,19.634839,27.2,-0.065161,False
2010-12-31,24.8,20.2,23.717419,19.671075,27.3,1.082581,False
2011-01-01,26.1,20.3,23.731828,19.716667,27.3,2.368172,False
2011-01-02,23.3,19.2,23.783978,19.759247,27.5,-0.483978,False
2011-01-03,20.0,18.6,23.833011,19.80043,27.6,-3.833011,False
2011-01-04,20.4,18.0,23.836774,19.851183,27.5,-3.436774,False
2011-01-05,21.1,20.0,23.888817,19.901183,27.5,-2.788817,False
2011-01-06,22.5,20.5,23.941505,19.945161,27.6,-1.441505,False
2011-01-07,23.1,21.1,23.980108,19.993978,27.6,-0.880108,False
2011-01-08,24.1,22.0,24.019355,20.032688,27.61,0.080645,False
2011-01-09,24.5,22.3,24.047097,20.090215,27.61,0.452903,False
2011-01-10,23.9,22.5,24.074409,20.147849,27.7,-0.174409,False
2011-01-11,24.0,22.8,24.112903,20.222151,27.8,-0.112903,False
2011-01-12,25.0,23.2,24.15957,20.289247,27.8,0.84043,False
2011-01-13,24.7,21.8,24.193548,20.346882,27.8,0.506452,False
2011-01-14,25.4,22.1,24.244731,20.397312,27.8,1.155269,False
2011-01-15,24.6,21.9,24.294516,20.444946,27.8,0.305484,False
2011-01-16,24.8,21.2,24.32914,20.477419,27.81,0.47086,False
2011-01-17,26.9,20.8,24.317419,20.506237,27.9,2.582581,False
2011-01-18,22.8,21.5,24.324409,20.527419,27.8,-1.524409,False
2011-01-19,24.0,22.0,24.354946,20.546667,27.9,-0.354946,False
2011-01-20,24.5,21.2,24.35914,20.574731,27.9,0.14086,False
2011-01-21,25.1,20.8,24.37871,20.612258,27.9,0.72129,False
2011-01-22,25.3,21.3,24.387742,20.637312,27.9,0.912258,False
2011-01-23,25.5,21.2,24.376022,20.654624,27.81,1.123978,False
2011-01-24,29.3,22.2,24.403548,20.686989,27.8,4.896452,False
2011-01-25,26.2,22.1,24.460323,20.71129,27.9,1.739677,False
2011-01-26,27.9,23.4,24.484086,20.728817,27.9,3.415914,False
2011-01-27,25.9,21.9,24.495591,20.746344,27.9,1.404409,False
2011-01-28,23.0,20.3,24.492581,20.74828,27.9,-1.492581,False
2011-01-29,22.8,19.1,24.465054,20.753441,27.9,-1.665054,False
2011-01-30,26.1,21.6,24.441613,20.760215,27.9,1.658387,False
2011-01-31,27.9,22.7,24.435161,20.78043,27.81,3.464839,True
2011-02-01,31.4,25.0,24.444624,20.776022,27.9,6.955376,True
2011-02-02,29.5,25.0,24.418387,20.77871,27.7,5.081613,True
2011-02-03,33.1,23.4,24.398065,20.787527,27.7,8.701935,True
2011-02-04,30.1,24.6,24.414301,20.788387,27.7,5.685699,True
2011-02-05,33.4,26.4,24.374839,20.778602,27.6,9.025161,True
2011-02-06,30.1,19.6,24.326882,20.759247,27.51,5.773118,True
2011-02-07,21.6,20.0,24.30828,20.743548,27.5,-2.70828,False
2011-02-08,22.7,19.6,24.269785,20.725269,27.31,-1.569785,False
2011-02-09,22.3,20.5,24.251613,20.699032,27.2,-1.951613,False
2011-02-10,24.0,21.2,24.239032,20.680215,27.2,-0.239032,False
2011-02-11,27.6,22.3,24.231075,20.658495,27.1,3.368925,False
2011-02-12,22.3,20.8,24.22086,20.633441,27.1,-1.92086,False
2011-02-13,22.7,20.7,24.207312,20.605376,27.1,-1.507312,False
2011-02-14,21.9,20.0,24.164516,20.562473,27.1,-2.264516,False
2011-02-15,22.8,20.5,24.09957,20.514516,27.1,-1.29957,False
2011-02-16,23.7,22.1,24.05043,20.495806,27.0,-0.35043,False
2011-02-17,24.9,22.4,24.041075,20.46871,27.0,0.858925,False
2011-02-18,24.6,22.9,24.016452,20.444409,26.91,0.583548,False
2011-02-19,28.0,24.8,23.985914,20.421613,26.9,4.014086,False
2011-02-20,27.4,20.6,23.943011,20.389355,26.8,3.456989,False
2011-02-21,21.7,18.8,23.884946,20.345806,26.7,-2.184946,False
2011-02-22,20.4,19.1,23.850645,20.307849,26.6,-3.450645,False
2011-02-23,21.8,18.4,23.806774,20.271075,26.6,-2.006774,False
2011-02-24,23.3,18.7,23.751075,20.228817,26.5,-0.451075,False
2011-02-25,24.2,21.0,23.709032,20.185269,26.4,0.490968,False
2011-02-26,25.1,20.8,23.673441,20.147312,26.4,1.426559,False
2011-02-27,26.8,21.5,23.62957,20.094409,26.3,3.17043,True
2011-02-28,27.4,22.9,23.598387,20.068925,26.2,3.801613,True
2011-03-01,29.7,19.1,23.599677,20.034624,26.2,6.100323,True
2011-03-02,21.4,19.1,23.571075,19.985806,26.2,-2.171075,False
2011-03-03,26.2,19.9,23.552796,19.936559,26.2,2.647204,False
2011-03-04,24.2,18.7,23.535914,19.914194,26.2,0.664086,False
2011-03-05,19.8,17.8,23.54129,19.873548,26.2,-3.74129,False
2011-03-06,20.4,18.3,23.49828,19.828172,26.1,-3.09828,False
2011-03-07,22.0,18.2,23.445699,19.780323,26.1,-1.445699,False
2011-03-08,24.1,20.4,23.415591,19.720753,26.1,0.684409,False
2011-03-09,25.8,21.4,23.391935,19.668602,26.1,2.408065,False
2011-03-10,24.6,21.3,23.342043,19.607849,26.0,1.257957,False
2011-03-11,23.2,21.0,23.328065,19.552688,26.0,-0.128065,False
2011-03-12,24.3,21.3,23.285376,19.503226,25.9,1.014624,False
2011-03-13,25.9,21.5,23.249355,19.447742,25.9,2.650645,False
2011-03-14,23.6,19.9,23.18172,19.393763,25.9,0.41828,False
2011-03-15,22.2,19.7,23.13828,19.314409,25.81,-0.93828,False
2011-03-16,23.6,20.3,23.075699,19.232151,25.71,0.524301,False
2011-03-17,22.4,19.9,23.044731,19.182903,25.7,-0.644731,False
2011-03-18,21.5,20.1,23.021505,19.122258,25.7,-1.521505,False
2011-03-19,20.9,19.8,22.976344,19.041505,25.6,-2.076344,False
2011-03-20,21.7,20.4,22.897312,18.964086,25.6,-1.197312,False
2011-03-21,23.2,21.1,22.862366,18.890108,25.6,0.337634,False
2011-03-22,24.8,20.3,22.808925,18.812473,25.5,1.991075,False
2011-03-23,26.3,18.5,22.757742,18.722258,25.5,3.542258,False
2011-03-24,24.8,18.2,22.703978,18.632796,25.4,2.096022,False
2011-03-25,23.8,18.5,22.636774,18.539785,25.4,1.163226,False
2011-03-26,20.4,17.9,22.575484,18.446667,25.4,-2.175484,False
2011-03-27,20.7,18.6,22.530753,18.355054,25.4,-1.830753,False
2011-03-28,22.3,18.9,22.450323,18.266882,25.3,-0.150323,False
2011-03-29,22.9,19.6,22.403333,18.183441,25.2,0.496667,False
2011-03-30,24.9,19.6,22.358387,18.108065,25.2,2.541613,False
2011-03-31,20.2,18.5,22.307527,18.031075,25.2,-2.107527,False
2011-04-01,21.7,17.8,22.243011,17.947204,25.2,-0.543011,False
2011-04-02,20.5,17.1,22.192581,17.870108,25.11,-1.692581,False
2011-04-03,21.7,18.1,22.116882,17.782796,25.0,-0.416882,False
2011-04-04,20.5,17.9,22.037742,17.680538,24.9,-1.537742,False
2011-04-05,19.4,17.4,21.945699,17.588065,24.9,-2.545699,False
2011-04-06,20.2,18.0,21.88828,17.496129,24.81,-1.68828,False
2011-04-07,20.9,18.1,21.819032,17.397204,24.8,-0.919032,False
2011-04-08,21.5,16.1,21.73914,17.30914,24.7,-0.23914,False
2011-04-09,23.0,18.1,21.688602,17.234301,24.6,1.311398,False
2011-04-10,25.4,15.3,21.63,17.135484,24.5,3.77,False
2011-04-11,21.0,13.7,21.557527,17.043548,24.4,-0.557527,False
2011-04-12,21.4,14.6,21.46871,16.944086,24.3,-0.06871,False
2011-04-13,22.5,14.6,21.397419,16.847849,24.2,1.102581,False
2011-04-14,22.4,15.3,21.34129,16.763763,24.1,1.05871,False
2011-04-15,20.2,16.5,21.261075,16.696667,24.1,-1.061075,False
2011-04-16,18.6,16.9,21.202366,16.632796,24.01,-2.602366,False
2011-04-17,19.9,16.0,21.13957,16.555376,24.0,-1.23957,False
2011-04-18,21.0,15.1,21.065806,16.486344,23.9,-0.065806,False
2011-04-19,22.0,15.6,20.999892,16.392581,23.8,1.000108,False
2011-04-20,22.1,16.4,20.927742,16.286344,23.8,1.172258,False
2011-04-21,23.2,15.9,20.848387,16.191183,23.7,2.351613,False
2011-04-22,23.6,15.7,20.781828,16.09129,23.6,2.818172,False
2011-04-23,19.4,16.1,20.724409,15.99828,23.6,-1.324409,False
2011-04-24,20.3,17.4,20.66129,15.910323,23.5,-0.36129,False
2011-04-25,19.3,17.3,20.594624,15.818065,23.41,-1.294624,False
2011-04-26,19.1,16.9,20.534946,15.737527,23.4,-1.434946,False
2011-04-27,18.7,16.7,20.442258,15.663656,23.3,-1.742258,False
2011-04-28,19.3,16.9,20.38,15.575806,23.2,-1.08,False
2011-04-29,19.8,17.1,20.287419,15.477849,23.2,-0.487419,False
2011-04-30,19.2,17.1,20.184086,15.380968,23.1,-0.984086,False
2011-05-01,20.0,15.3,20.093011,15.277634,22.9,-0.093011,False
2011-05-02,19.1,15.4,20.008495,15.182581,22.9,-0.908495,False
2011-05-03,17.5,15.3,19.922688,15.108065,22.9,-2.422688,False
2011-05-04,18.8,15.1,19.856022,15.01828,22.8,-1.056022,False
2011-05-05,17.6,13.8,19.788065,14.937742,22.8,-2.188065,False
2011-05-06,17.3,12.7,19.718495,14.850215,22.7,-2.418495,False
2011-05-07,18.2,11.4,19.635914,14.769892,22.6,-1.435914,False
2011-05-08,18.8,12.9,19.580323,14.693118,22.5,-0.780323,False
2011-05-09,15.3,12.6,19.514086,14.616237,22.5,-4.214086,False
2011-05-10,16.4,10.4,19.431075,14.519462,22.4,-3.031075,False
2011-05-11,15.5,9.6,19.351935,14.433763,22.3,-3.851935,False
2011-05-12,15.3,11.9,19.258065,14.347419,22.2,-3.958065,False
2011-05-13,19.6,11.9,19.196774,14.266237,22.1,0.403226,False
2011-05-14,15.9,10.3,19.110645,14.163548,22.0,-3.210645,False
2011-05-15,17.2,9.4,19.008065,14.053548,21.8,-1.808065,False
2011-05-16,17.7,10.7,18.940645,13.972903,21.61,-1.240645,False
2011-05-17,17.5,12.3,18.859462,13.900215,21.6,-1.359462,False
2011-05-18,18.2,14.0,18.759462,13.83,21.5,-0.559462,False
2011-05-19,19.3,12.6,18.680215,13.735591,21.4,0.619785,False
2011-05-20,19.9,12.6,18.599355,13.666129,21.3,1.300645,False
2011-05-21,21.4,14.1,18.529247,13.603333,21.3,2.870753,False
2011-05-22,21.3,16.2,18.449892,13.547742,21.2,2.850108,False
2011-05-23,21.3,13.5,18.365269,13.49828,21.11,2.934731,False
2011-05-24,16.7,13.5,18.287097,13.451398,21.0,-1.587097,False
2011-05-25,15.2,13.3,18.218925,13.407204,20.81,-3.018925,False
2011-05-26,17.0,10.1,18.145376,13.362473,20.8,-1.145376,False
2011-05-27,16.1,11.6,18.074086,13.302581,20.71,-1.974086,False
2011-05-28,16.2,13.8,18.016237,13.244516,20.7,-1.816237,False
2011-05-29,16.6,13.9,17.953763,13.194516,20.6,-1.353763,False
2011-05-30,17.1,15.0,17.895054,13.125914,20.6,-0.795054,False
2011-05-31,18.0,16.8,17.834301,13.053226,20.51,0.165699,False
2011-06-01,18.3,16.5,17.766559,12.98043,20.4,0.533441,False
2011-06-02,17.9,12.3,17.68871,12.922473,20.21,0.21129,False
2011-06-03,18.9,12.3,17.61957,12.851505,20.11,1.28043,False
2011-06-04,19.3,11.7,17.545699,12.786667,20.1,1.754301,False
2011-06-05,17.0,11.3,17.472043,12.722366,20.01,-0.472043,False
2011-06-06,15.7,9.3,17.402796,12.660753,20.0,-1.702796,False
2011-06-07,14.6,9.6,17.330215,12.568602,19.9,-2.730215,False
2011-06-08,12.8,9.6,17.253548,12.486344,19.8,-4.453548,False
2011-06-09,15.3,11.5,17.185806,12.396559,19.71,-1.885806,False
2011-06-10,15.4,12.7,17.111613,12.336882,19.7,-1.711613,False
2011-06-11,15.7,13.5,17.055591,12.286129,19.6,-1.355591,False
2011-06-12,15.7,13.4,16.991075,12.243118,19.5,-1.291075,False
2011-06-13,16.7,15.2,16.946022,12.195376,19.4,-0.246022,False
2011-06-14,17.3,15.7,16.905806,12.163118,19.3,0.394194,False
2011-06-15,17.1,15.8,16.87129,12.121398,19.2,0.22871,False
2011-06-16,16.9,11.0,16.81,12.050968,19.1,0.09,False
2011-06-17,16.9,11.2,16.768817,11.976882,19.0,0.131183,False
2011-06-18,16.5,10.7,16.74043,11.916452,19.0,-0.24043,False
2011-06-19,17.1,11.2,16.720215,11.880108,19.0,0.379785,False
2011-06-20,18.2,12.9,16.697204,11.817204,19.0,1.502796,False
2011-06-21,18.5,10.2,16.676882,11.762903,18.91,1.823118,False
2011-06-22,14.7,11.1,16.636344,11.694516,18.8,-1.936344,False
2011-06-23,18.1,9.4,16.588172,11.635054,18.8,1.511828,False
2011-06-24,16.4,10.3,16.544086,11.567634,18.7,-0.144086,False
2011-06-25,17.3,10.4,16.488817,11.521935,18.6,0.811183,False
2011-06-26,19.0,9.1,16.466344,11.46957,18.6,2.533656,False
2011-06-27,17.2,12.2,16.444731,11.417957,18.5,0.755269,False
2011-06-28,16.3,14.4,16.406344,11.370968,18.5,-0.106344,False
2011-06-29,16.4,14.1,16.365269,11.313656,18.5,0.034731,False
2011-06-30,16.2,14.3,16.334409,11.27043,18.5,-0.134409,False
2011-07-01,16.0,13.1,16.312043,11.233871,18.5,-0.312043,False
2011-07-02,16.5,10.9,16.293011,11.20086,18.5,0.206989,False
2011-07-03,18.5,12.3,16.293656,11.156344,18.5,2.206344,False
2011-07-04,19.4,13.3,16.292581,11.134086,18.5,3.107419,False
2011-07-05,15.7,12.1,16.269032,11.097527,18.5,-0.569032,False
2011-07-06,16.0,12.9,16.243226,11.054516,18.5,-0.243226,False
2011-07-07,15.4,7.7,16.232903,11.017849,18.5,-0.832903,False
2011-07-08,16.4,7.9,16.235269,11.02172,18.6,0.164731,False
2011-07-09,15.1,8.3,16.227957,11.023011,18.6,-1.127957,False
2011-07-10,15.0,10.8,16.237957,11.038925,18.7,-1.237957,False
2011-07-11,15.5,7.9,16.246667,11.019785,18.7,-0.746667,False
2011-07-12,17.4,10.2,16.237204,10.98828,18.7,1.162796,False
2011-07-13,13.0,10.2,16.249355,10.954839,18.7,-3.249355,False
2011-07-14,13.7,10.1,16.258172,10.92914,18.7,-2.558172,False
2011-07-15,14.0,11.3,16.272688,10.915484,18.7,-2.272688,False
2011-07-16,15.0,12.2,16.29086,10.89871,18.7,-1.29086,False
2011-07-17,14.4,10.1,16.321075,10.880753,18.7,-1.921075,False
2011-07-18,17.1,8.5,16.332581,10.869355,18.7,0.767419,False
2011-07-19,14.8,10.5,16.352043,10.853118,18.81,-1.552043,False
2011-07-20,15.6,12.7,16.349032,10.830645,18.81,-0.749032,False
2011-07-21,13.8,12.6,16.349785,10.833548,18.9,-2.549785,False
2011-07-22,13.4,11.4,16.360645,10.833226,18.9,-2.960645,False
2011-07-23,13.8,10.0,16.376559,10.831505,19.0,-2.576559,False
2011-07-24,13.8,9.5,16.39043,10.813871,19.0,-2.59043,False
2011-07-25,16.5,10.4,16.420108,10.812366,19.0,0.079892,False
2011-07-26,16.7,10.8,16.473226,10.78957,19.2,0.226774,False
2011-07-27,14.4,9.8,16.50957,10.790108,19.2,-2.10957,False
2011-07-28,17.4,8.7,16.549032,10.800753,19.31,0.850968,False
2011-07-29,16.9,8.9,16.598602,10.796989,19.4,0.301398,False
2011-07-30,18.0,9.0,16.642258,10.811183,19.4,1.357742,False
2011-07-31,17.8,10.4,16.689462,10.846237,19.51,1.110538,False
2011-08-01,19.6,10.6,16.730753,10.871505,19.61,2.869247,False
2011-08-02,20.1,13.4,16.784946,10.886237,19.71,3.315054,False
2011-08-03,21.1,12.7,16.797204,10.896344,19.8,4.302796,False
2011-08-04,21.7,13.2,16.804516,10.893011,19.8,4.895484,False
2011-08-05,20.8,13.4,16.832473,10.914194,19.81,3.967527,False
2011-08-06,20.9,14.9,16.874839,10.956774,19.9,4.025161,False
2011-08-07,17.1,9.6,16.903978,11.005269,19.9,0.196022,False
2011-08-08,15.5,9.0,16.93828,11.023548,19.91,-1.43828,False
2011-08-09,14.3,8.8,16.949462,11.04043,20.0,-2.649462,False
2011-08-10,16.5,9.4,16.963978,11.041935,20.0,-0.463978,False
2011-08-11,15.8,12.3,16.979355,11.075914,19.91,-1.179355,False
2011-08-12,15.4,10.7,17.010753,11.113656,20.1,-1.610753,False
2011-08-13,16.5,12.0,17.032581,11.146774,20.11,-0.532581,False
2011-08-14,14.5,10.9,17.042473,11.213656,20.11,-2.542473,False
2011-08-15,15.2,12.0,17.079677,11.271828,20.2,-1.879677,False
2011-08-16,15.5,12.5,17.129462,11.319785,20.3,-1.629462,False
2011-08-17,15.8,13.2,17.156344,11.384409,20.4,-1.356344,False
2011-08-18,16.8,9.9,17.196667,11.447849,20.4,-0.396667,False
2011-08-19,15.9,11.6,17.254516,11.508495,20.41,-1.354516,False
2011-08-20,16.3,13.8,17.309032,11.574516,20.6,-1.009032,False
2011-08-21,16.2,13.6,17.355806,11.627849,20.6,-1.155806,False
2011-08-22,15.9,14.4,17.390645,11.689677,20.61,-1.490645,False
2011-08-23,17.0,12.2,17.430323,11.762796,20.7,-0.430323,False
2011-08-24,17.1,11.9,17.481935,11.839677,20.71,-0.381935,False
2011-08-25,19.4,11.1,17.512151,11.911505,20.8,1.887849,False
2011-08-26,18.2,11.7,17.527849,11.958495,20.81,0.672151,False
2011-08-27,17.4,12.4,17.555914,12.006129,20.8,-0.155914,False
2011-08-28,17.9,11.8,17.593763,12.064624,20.9,0.306237,False
2011-08-29,20.2,13.4,17.647312,12.128925,21.0,2.552688,False
2011-08-30,15.6,12.4,17.703871,12.205269,21.0,-2.103871,False
2011-08-31,17.0,13.6,17.776022,12.262258,21.2,-0.776022,False
2011-09-01,17.0,13.8,17.839355,12.319355,21.21,-0.839355,False
2011-09-02,15.8,12.8,17.867527,12.383763,21.21,-2.067527,False
2011-09-03,17.6,12.7,17.934839,12.479032,21.4,-0.334839,False
2011-09-04,19.2,14.2,18.029462,12.566774,21.61,1.170538,False
2011-09-05,20.0,14.2,18.089462,12.632258,21.7,1.910538,False
2011-09-06,21.4,12.7,18.146882,12.690108,21.7,3.253118,False
2011-09-07,17.0,13.8,18.235054,12.762043,21.8,-1.235054,False
2011-09-08,16.4,12.5,18.322043,12.856559,21.9,-1.922043,False
2011-09-09,14.1,9.6,18.428387,12.945699,22.01,-4.328387,False
2011-09-10,15.9,11.1,18.491828,13.024194,22.2,-2.591828,False
2011-09-11,17.1,11.1,18.52914,13.076667,22.2,-1.42914,False
2011-09-12,15.6,9.5,18.585806,13.151398,22.2,-2.985806,False
2011-09-13,19.0,12.2,18.686882,13.235591,22.4,0.313118,False
2011-09-14,22.4,14.3,18.777419,13.260753,22.5,3.622581,False
2011-09-15,17.2,11.6,18.825484,13.306882,22.6,-1.625484,False
2011-09-16,21.0,13.5,18.889247,13.386989,22.6,2.110753,False
2011-09-17,21.7,17.5,18.980323,13.480108,22.71,2.719677,False
2011-09-18,24.5,15.2,19.071183,13.561613,23.0,5.428817,False
2011-09-19,22.1,17.5,19.101398,13.625914,23.1,2.998602,False
2011-09-20,23.9,12.1,19.176989,13.70957,23.2,4.723011,False
2011-09-21,18.6,12.3,19.254086,13.787204,23.3,-0.654086,False
2011-09-22,19.8,14.1,19.302688,13.863333,23.5,0.497312,False
2011-09-23,25.0,15.0,19.356237,13.903548,23.5,5.643763,False
2011-09-24,16.9,14.1,19.39828,13.954194,23.6,-2.49828,False
2011-09-25,15.7,13.1,19.476989,14.022151,23.8,-3.776989,False
2011-09-26,16.3,13.1,19.552796,14.103978,23.8,-3.252796,False
2011-09-27,17.9,14.0,19.616989,14.200645,23.9,-1.716989,False
2011-09-28,18.0,16.4,19.684946,14.27871,24.02,-1.684946,False
2011-09-29,19.2,13.1,19.712258,14.351505,24.02,-0.512258,False
2011-09-30,19.0,12.2,19.752473,14.411075,24.2,-0.752473,False
2011-10-01,16.8,12.6,19.78828,14.488925,24.3,-2.98828,False
2011-10-02,14.8,12.3,19.812258,14.562903,24.31,-5.012258,False
2011-10-03,15.3,12.9,19.868065,14.62871,24.31,-4.568065,False
2011-10-04,15.9,12.8,19.92086,14.673763,24.41,-4.02086,False
2011-10-05,16.7,14.7,19.93086,14.709677,24.5,-3.23086,False
2011-10-06,17.3,14.5,19.966667,14.774839,24.51,-2.666667,False
2011-10-07,18.3,15.5,19.976559,14.829355,24.6,-1.676559,False
2011-10-08,18.1,12.8,19.983011,14.871828,24.5,-1.883011,False
2011-10-09,21.6,13.1,19.997527,14.921828,24.5,1.602473,False
2011-10-10,18.4,12.7,20.053441,14.985914,24.41,-1.653441,False
2011-10-11,18.6,12.6,20.111398,15.055914,24.5,-1.511398,False
2011-10-12,17.6,15.0,20.178925,15.118495,24.6,-2.578925,False
2011-10-13,17.7,16.1,20.205054,15.19,24.6,-2.505054,False
2011-10-14,18.8,17.4,20.204946,15.245806,24.6,-1.404946,False
2011-10-15,20.4,17.0,20.240538,15.345161,24.51,0.159462,False
2011-10-16,20.5,14.2,20.300108,15.417097,24.51,0.199892,False
2011-10-17,16.8,14.4,20.322258,15.465806,24.5,-3.522258,False
2011-10-18,17.6,12.9,20.337742,15.505484,24.5,-2.737742,False
2011-10-19,19.2,14.4,20.369677,15.548817,24.51,-1.169677,False
2011-10-20,21.5,15.7,20.383871,15.587204,24.5,1.116129,False
2011-10-21,24.0,16.6,20.358817,15.61172,24.4,3.641183,False
2011-10-22,21.6,17.4,20.375591,15.664946,24.31,1.224409,False
2011-10-23,22.9,18.2,20.420538,15.715591,24.4,2.479462,False
2011-10-24,26.3,18.6,20.466774,15.787312,24.5,5.833226,False
2011-10-25,18.8,14.9,20.518172,15.853978,24.5,-1.718172,False
2011-10-26,16.9,15.4,20.546344,15.894086,24.5,-3.646344,False
2011-10-27,18.5,16.6,20.566882,15.952043,24.5,-2.066882,False
2011-10-28,21.0,17.7,20.607204,16.01129,24.5,0.392796,False
2011-10-29,23.2,18.2,20.644086,16.071398,24.5,2.555914,False
2011-10-30,21.2,14.6,20.723441,16.143548,24.51,0.476559,False
2011-10-31,17.9,15.5,20.759462,16.201828,24.51,-2.859462,False
2011-11-01,18.5,15.2,20.744946,16.237527,24.5,-2.244946,False
2011-11-02,20.0,15.2,20.755914,16.284624,24.5,-0.755914,False
2011-11-03,17.5,15.6,20.802473,16.34957,24.5,-3.302473,False
2011-11-04,18.8,16.0,20.850968,16.428817,24.61,-2.050968,False
2011-11-05,22.2,17.7,20.935054,16.517957,24.8,1.264946,False
2011-11-06,25.0,20.3,21.000323,16.599785,24.9,3.999677,False
2011-11-07,24.8,18.8,21.07828,16.651398,25.0,3.72172,False
2011-11-08,26.0,20.6,21.104301,16.698817,25.0,4.895699,True
2011-11-09,25.6,23.7,21.127849,16.752258,25.0,4.472151,True
2011-11-10,25.6,17.5,21.151183,16.81129,25.1,4.448817,True
2011-11-11,20.6,19.0,21.235806,16.875161,25.2,-0.635806,False
2011-11-12,22.1,18.4,21.307742,16.95914,25.3,0.792258,False
2011-11-13,22.2,18.0,21.391183,17.027849,25.31,0.808817,False
2011-11-14,29.0,18.4,21.464301,17.085161,25.4,7.535699,False
2011-11-15,21.5,18.8,21.500108,17.126989,25.5,-0.000108,False
2011-11-16,20.2,18.0,21.558172,17.181505,25.6,-1.358172,False
2011-11-17,19.4,18.1,21.598602,17.226129,25.71,-2.198602,False
2011-11-18,21.4,18.0,21.643333,17.285484,25.8,-0.243333,False
2011-11-19,25.0,22.3,21.67129,17.343871,25.8,3.32871,False
2011-11-20,28.3,17.9,21.73828,17.412366,25.9,6.56172,False
2011-11-21,20.1,18.9,21.815269,17.483656,26.0,-1.715269,False
2011-11-22,20.6,16.4,21.861183,17.543871,26.01,-1.261183,False
2011-11-23,17.8,16.9,21.913548,17.617634,26.1,-4.113548,False
2011-11-24,18.2,16.7,21.973226,17.696452,26.1,-3.773226,False
2011-11-25,20.7,18.5,22.032581,17.757527,26.2,-1.332581,False
2011-11-26,24.8,18.9,22.082151,17.817849,26.21,2.717849,False
2011-11-27,25.2,17.0,22.125699,17.879677,26.3,3.074301,False
2011-11-28,22.9,18.9,22.17871,17.93871,26.4,0.72129,False
2011-11-29,23.5,20.9,22.221613,17.99828,26.4,1.278387,False
2011-11-30,24.6,16.7,22.229892,18.052688,26.3,2.370108,False
2011-12-01,18.1,15.7,22.294409,18.113548,26.4,-4.194409,False
2011-12-02,17.6,14.8,22.373763,18.186882,26.4,-4.773763,False
2011-12-03,19.3,15.8,22.463226,18.251183,26.4,-3.163226,False
2011-12-04,18.4,13.8,22.523548,18.30129,26.5,-4.123548,False
2011-12-05,16.7,14.9,22.573011,18.352043,26.5,-5.873011,False
2011-12-06,17.6,15.3,22.603763,18.407957,26.5,-5.003763,False
2011-12-07,18.2,16.8,22.657097,18.463763,26.6,-4.457097,False
2011-12-08,19.4,17.6,22.717312,18.55086,26.6,-3.317312,False
2011-12-09,20.3,18.1,22.806129,18.622258,26.7,-2.506129,False
2011-12-10,21.1,18.1,22.873226,18.668817,26.7,-1.773226,False
2011-12-11,22.5,17.7,22.908065,18.686022,26.7,-0.408065,False
2011-12-12,18.4,16.8,22.882151,18.716989,26.6,-4.482151,False
2011-12-13,19.8,16.0,22.905914,18.748495,26.6,-3.105914,False
2011-12-14,18.4,16.6,22.925054,18.775699,26.6,-4.525054,False
2011-12-15,19.3,16.0,22.955161,18.835806,26.6,-3.655161,False
2011-12-16,18.8,16.7,23.010323,18.896989,26.6,-4.210323,False
2011-12-17,19.5,17.4,23.056129,18.954516,26.6,-3.556129,False
2011-12-18,21.2,18.9,23.108387,19.025161,26.51,-1.908387,False
2011-12-19,21.4,18.3,23.145161,19.073226,26.6,-1.745161,False
2011-12-20,20.6,18.3,23.19,19.127957,26.6,-2.59,False
2011-12-21,20.7,18.5,23.254194,19.187849,26.7,-2.554194,False
2011-12-22,20.4,19.2,23.309355,19.238387,26.61,-2.909355,False
2011-12-23,21.7,19.4,23.369247,19.290538,26.71,-1.669247,False
2011-12-24,23.0,19.1,23.41871,19.318065,26.8,-0.41871,False
2011-12-25,23.6,20.1,23.42914,19.355806,26.9,0.17086,False
2011-12-26,24.0,19.3,23.456129,19.413656,26.91,0.543871,False
2011-12-27,20.7,18.3,23.513656,19.493011,27.1,-2.813656,False
2011-12-28,20.8,17.9,23.585161,19.555914,27.1,-2.785161,False
2011-12-29,20.8,17.9,23.622473,19.595054,27.11,-2.822473,False
2011-12-30,21.3,17.3,23.665161,19.634839,27.2,-2.365161,False
2011-12-31,20.8,17.3,23.717419,19.671075,27.3,-2.917419,False
2012-01-01,23.3,18.7,23.731828,19.716667,27.3,-0.431828,False
2012-01-02,24.0,19.8,23.783978,19.759247,27.5,0.216022,False
2012-01-03,24.7,20.5,23.833011,19.80043,27.6,0.866989,False
2012-01-04,26.7,19.9,23.836774,19.851183,27.5,2.863226,False
2012-01-05,22.3,18.9,23.888817,19.901183,27.5,-1.588817,False
2012-01-06,20.4,16.9,23.941505,19.945161,27.6,-3.541505,False
2012-01-07,22.3,20.4,23.980108,19.993978,27.6,-1.680108,False
2012-01-08,25.1,22.6,24.019355,20.032688,27.61,1.080645,False
2012-01-09,23.6,19.6,24.047097,20.090215,27.61,-0.447097,False
2012-01-10,24.6,20.3,24.074409,20.147849,27.7,0.525591,False
2012-01-11,25.3,15.4,24.112903,20.222151,27.8,1.187097,False
2012-01-12,19.8,15.9,24.15957,20.289247,27.8,-4.35957,False
2012-01-13,22.4,18.9,24.193548,20.346882,27.8,-1.793548,False
2012-01-14,20.7,18.4,24.244731,20.397312,27.8,-3.544731,False
2012-01-15,20.6,18.4,24.294516,20.444946,27.8,-3.694516,False
2012-01-16,22.5,19.8,24.32914,20.477419,27.81,-1.82914,False
2012-01-17,23.6,20.3,24.317419,20.506237,27.9,-0.717419,False
2012-01-18,24.1,20.5,24.324409,20.527419,27.8,-0.224409,False
2012-01-19,23.5,20.4,24.354946,20.546667,27.9,-0.854946,False
2012-01-20,23.8,21.5,24.35914,20.574731,27.9,-0.55914,False
2012-01-21,22.5,20.7,24.37871,20.612258,27.9,-1.87871,False
2012-01-22,22.5,20.1,24.387742,20.637312,27.9,-1.887742,False
2012-01-23,22.2,20.2,24.376022,20.654624,27.81,-2.176022,False
2012-01-24,22.4,21.2,24.403548,20.686989,27.8,-2.003548,False
2012-01-25,22.5,21.2,24.460323,20.71129,27.9,-1.960323,False
2012-01-26,23.5,21.4,24.484086,20.728817,27.9,-0.984086,False
2012-01-27,22.7,21.2,24.495591,20.746344,27.9,-1.795591,False
2012-01-28,23.9,21.4,24.492581,20.74828,27.9,-0.592581,False
2012-01-29,24.7,22.5,24.465054,20.753441,27.9,0.234946,False
2012-01-30,28.7,24.8,24.441613,20.760215,27.9,4.258387,False
2012-01-31,25.2,19.5,24.435161,20.78043,27.81,0.764839,False
2012-02-01,20.2,19.5,24.444624,20.776022,27.9,-4.244624,False
2012-02-02,19.7,19.2,24.418387,20.77871,27.7,-4.718387,False
2012-02-03,21.4,19.2,24.398065,20.787527,27.7,-2.998065,False
2012-02-04,23.1,19.5,24.414301,20.788387,27.7,-1.314301,False
2012-02-05,24.2,20.7,24.374839,20.778602,27.6,-0.174839,False
2012-02-06,22.8,20.6,24.326882,20.759247,27.51,-1.526882,False
2012-02-07,21.5,20.0,24.30828,20.743548,27.5,-2.80828,False
2012-02-08,22.3,20.4,24.269785,20.725269,27.31,-1.969785,False
2012-02-09,22.6,20.0,24.251613,20.699032,27.2,-1.651613,False
2012-02-10,22.9,18.6,24.239032,20.680215,27.2,-1.339032,False
2012-02-11,21.8,18.2,24.231075,20.658495,27.1,-2.431075,False
2012-02-12,22.4,19.1,24.22086,20.633441,27.1,-1.82086,False
2012-02-13,21.9,18.4,24.207312,20.605376,27.1,-2.307312,False
2012-02-14,22.0,20.0,24.164516,20.562473,27.1,-2.164516,False
2012-02-15,22.6,19.5,24.09957,20.514516,27.1,-1.49957,False
2012-02-16,23.8,19.6,24.05043,20.495806,27.0,-0.25043,False
2012-02-17,24.1,20.9,24.041075,20.46871,27.0,0.058925,False
2012-02-18,23.8,20.3,24.016452,20.444409,26.91,-0.216452,False
2012-02-19,24.4,20.6,23.985914,20.421613,26.9,0.414086,False
2012-02-20,23.6,19.3,23.943011,20.389355,26.8,-0.343011,False
2012-02-21,22.3,19.1,23.884946,20.345806,26.7,-1.584946,False
2012-02-22,22.3,18.9,23.850645,20.307849,26.6,-1.550645,False
2012-02-23,24.2,19.1,23.806774,20.271075,26.6,0.393226,False
2012-02-24,24.5,19.0,23.751075,20.228817,26.5,0.748925,False
2012-02-25,24.2,21.7,23.709032,20.185269,26.4,0.490968,False
2012-02-26,24.2,21.9,23.673441,20.147312,26.4,0.526559,False
2012-02-27,25.0,22.3,23.62957,20.094409,26.3,1.37043,False
2012-02-28,26.9,20.5,23.598387,20.068925,26.2,3.301613,False
2012-02-29,22.0,20.5,23.599032,20.051774,26.2,-1.599032,False
2012-03-01,25.3,19.5,23.599677,20.034624,26.2,1.700323,False
2012-03-02,20.2,19.1,23.571075,19.985806,26.2,-3.371075,False
2012-03-03,21.3,20.2,23.552796,19.936559,26.2,-2.252796,False
2012-03-04,25.5,21.1,23.535914,19.914194,26.2,1.964086,False
2012-03-05,23.1,19.2,23.54129,19.873548,26.2,-0.44129,False
2012-03-06,20.6,17.1,23.49828,19.828172,26.1,-2.89828,False
2012-03-07,18.3,16.5,23.445699,19.780323,26.1,-5.145699,False
2012-03-08,19.8,17.1,23.415591,19.720753,26.1,-3.615591,False
2012-03-09,24.2,17.8,23.391935,19.668602,26.1,0.808065,False
2012-03-10,21.7,18.4,23.342043,19.607849,26.0,-1.642043,False
2012-03-11,21.7,19.5,23.328065,19.552688,26.0,-1.628065,False
2012-03-12,22.5,18.9,23.285376,19.503226,25.9,-0.785376,False
2012-03-13,23.2,19.2,23.249355,19.447742,25.9,-0.049355,False
2012-03-14,22.5,20.3,23.18172,19.393763,25.9,-0.68172,False
2012-03-15,23.6,20.1,23.13828,19.314409,25.81,0.46172,False
2012-03-16,24.6,19.6,23.075699,19.232151,25.71,1.524301,False
2012-03-17,20.2,18.9,23.044731,19.182903,25.7,-2.844731,False
2012-03-18,20.8,19.2,23.021505,19.122258,25.7,-2.221505,False
2012-03-19,21.0,19.3,22.976344,19.041505,25.6,-1.976344,False
2012-03-20,21.8,19.5,22.897312,18.964086,25.6,-1.097312,False
2012-03-21,23.3,19.0,22.862366,18.890108,25.6,0.437634,False
2012-03-22,20.2,18.9,22.808925,18.812473,25.5,-2.608925,False
2012-03-23,23.6,14.8,22.757742,18.722258,25.5,0.842258,False
2012-03-24,21.2,15.8,22.703978,18.632796,25.4,-1.503978,False
2012-03-25,19.8,17.5,22.636774,18.539785,25.4,-2.836774,False
2012-03-26,21.9,19.6,22.575484,18.446667,25.4,-0.675484,False
2012-03-27,23.0,19.8,22.530753,18.355054,25.4,0.469247,False
2012-03-28,22.0,18.7,22.450323,18.266882,25.3,-0.450323,False
2012-03-29,23.0,17.6,22.403333,18.183441,25.2,0.596667,False
2012-03-30,21.5,16.8,22.358387,18.108065,25.2,-0.858387,False
2012-03-31,23.1,18.1,22.307527,18.031075,25.2,0.792473,False
2012-04-01,23.7,17.3,22.243011,17.947204,25.2,1.456989,False
2012-04-02,22.4,16.8,22.192581,17.870108,25.11,0.207419,False
2012-04-03,23.9,19.2,22.116882,17.782796,25.0,1.783118,False
2012-04-04,23.8,20.0,22.037742,17.680538,24.9,1.762258,False
2012-04-05,23.0,19.0,21.945699,17.588065,24.9,1.054301,False
2012-04-06,23.1,19.1,21.88828,17.496129,24.81,1.21172,False
2012-04-07,24.2,19.4,21.819032,17.397204,24.8,2.380968,False
2012-04-08,22.8,14.7,21.73914,17.30914,24.7,1.06086,False
2012-04-09,21.8,12.4,21.688602,17.234301,24.6,0.111398,False
2012-04-10,16.4,13.6,21.63,17.135484,24.5,-5.23,False
2012-04-11,17.4,15.8,21.557527,17.043548,24.4,-4.157527,False
2012-04-12,19.1,13.5,21.46871,16.944086,24.3,-2.36871,False
2012-04-13,21.5,16.0,21.397419,16.847849,24.2,0.102581,False
2012-04-14,22.1,17.8,21.34129,16.763763,24.1,0.75871,False
2012-04-15,22.3,18.8,21.261075,16.696667,24.1,1.038925,False
2012-04-16,22.0,17.3,21.202366,16.632796,24.01,0.797634,False
2012-04-17,19.4,18.0,21.13957,16.555376,24.0,-1.73957,False
2012-04-18,20.2,19.1,21.065806,16.486344,23.9,-0.865806,False
2012-04-19,21.3,18.2,20.999892,16.392581,23.8,0.300108,False
2012-04-20,22.9,18.6,20.927742,16.286344,23.8,1.972258,False
2012-04-21,21.9,17.9,20.848387,16.191183,23.7,1.051613,False
2012-04-22,22.8,19.3,20.781828,16.09129,23.6,2.018172,False
2012-04-23,20.4,17.7,20.724409,15.99828,23.6,-0.324409,False
2012-04-24,22.4,12.4,20.66129,15.910323,23.5,1.73871,False
2012-04-25,18.3,14.7,20.594624,15.818065,23.41,-2.294624,False
2012-04-26,19.6,15.6,20.534946,15.737527,23.4,-0.934946,False
2012-04-27,19.7,16.3,20.442258,15.663656,23.3,-0.742258,False
2012-04-28,21.0,15.4,20.38,15.575806,23.2,0.62,False
2012-04-29,18.1,15.1,20.287419,15.477849,23.2,-2.187419,False
2012-04-30,18.7,14.8,20.184086,15.380968,23.1,-1.484086,False
2012-05-01,20.6,14.2,20.093011,15.277634,22.9,0.506989,False
2012-05-02,21.6,16.0,20.008495,15.182581,22.9,1.591505,False
2012-05-03,19.7,14.0,19.922688,15.108065,22.9,-0.222688,False
2012-05-04,18.9,14.2,19.856022,15.01828,22.8,-0.956022,False
2012-05-05,18.4,12.0,19.788065,14.937742,22.8,-1.388065,False
2012-05-06,18.8,12.5,19.718495,14.850215,22.7,-0.918495,False
2012-05-07,17.0,12.1,19.635914,14.769892,22.6,-2.635914,False
2012-05-08,20.4,13.0,19.580323,14.693118,22.5,0.819677,False
2012-05-09,23.2,14.9,19.514086,14.616237,22.5,3.685914,False
2012-05-10,23.9,14.0,19.431075,14.519462,22.4,4.468925,False
2012-05-11,24.0,14.5,19.351935,14.433763,22.3,4.648065,False
2012-05-12,18.8,11.7,19.258065,14.347419,22.2,-0.458065,False
2012-05-13,16.6,10.9,19.196774,14.266237,22.1,-2.596774,False
2012-05-14,16.4,12.1,19.110645,14.163548,22.0,-2.710645,False
2012-05-15,17.9,13.4,19.008065,14.053548,21.8,-1.108065,False
2012-05-16,17.5,12.8,18.940645,13.972903,21.61,-1.440645,False
2012-05-17,17.9,11.5,18.859462,13.900215,21.6,-0.959462,False
2012-05-18,19.5,11.5,18.759462,13.83,21.5,0.740538,False
2012-05-19,19.5,12.9,18.680215,13.735591,21.4,0.819785,False
2012-05-20,16.5,12.8,18.599355,13.666129,21.3,-2.099355,False
2012-05-21,18.2,11.3,18.529247,13.603333,21.3,-0.329247,False
2012-05-22,19.7,11.2,18.449892,13.547742,21.2,1.250108,False
2012-05-23,20.6,12.6,18.365269,13.49828,21.11,2.234731,False
2012-05-24,17.1,15.1,18.287097,13.451398,21.0,-1.187097,False
2012-05-25,17.1,11.4,18.218925,13.407204,20.81,-1.118925,False
2012-05-26,16.4,11.3,18.145376,13.362473,20.8,-1.745376,False
2012-05-27,16.3,13.3,18.074086,13.302581,20.71,-1.774086,False
2012-05-28,16.7,14.0,18.016237,13.244516,20.7,-1.316237,False
2012-05-29,16.3,14.4,17.953763,13.194516,20.6,-1.653763,False
2012-05-30,16.8,13.5,17.895054,13.125914,20.6,-1.095054,False
2012-05-31,17.1,13.3,17.834301,13.053226,20.51,-0.734301,False
2012-06-01,17.1,14.7,17.766559,12.98043,20.4,-0.666559,False
2012-06-02,16.9,15.3,17.68871,12.922473,20.21,-0.78871,False
2012-06-03,16.2,13.0,17.61957,12.851505,20.11,-1.41957,False
2012-06-04,18.6,10.7,17.545699,12.786667,20.1,1.054301,False
2012-06-05,14.7,12.4,17.472043,12.722366,20.01,-2.772043,False
2012-06-06,14.6,11.5,17.402796,12.660753,20.0,-2.802796,False
2012-06-07,15.2,9.8,17.330215,12.568602,19.9,-2.130215,False
2012-06-08,15.1,9.5,17.253548,12.486344,19.8,-2.153548,False
2012-06-09,15.8,11.1,17.185806,12.396559,19.71,-1.385806,False
2012-06-10,13.9,12.3,17.111613,12.336882,19.7,-3.211613,False
2012-06-11,16.0,13.7,17.055591,12.286129,19.6,-1.055591,False
2012-06-12,17.0,14.6,16.991075,12.243118,19.5,0.008925,False
2012-06-13,16.5,13.4,16.946022,12.195376,19.4,-0.446022,False
2012-06-14,16.5,13.3,16.905806,12.163118,19.3,-0.405806,False
2012-06-15,19.8,13.3,16.87129,12.121398,19.2,2.92871,False
2012-06-16,15.3,11.7,16.81,12.050968,19.1,-1.51,False
2012-06-17,17.4,11.7,16.768817,11.976882,19.0,0.631183,False
2012-06-18,17.1,10.2,16.74043,11.916452,19.0,0.35957,False
2012-06-19,17.8,9.7,16.720215,11.880108,19.0,1.079785,False
2012-06-20,16.3,10.2,16.697204,11.817204,19.0,-0.397204,False
2012-06-21,17.2,12.5,16.676882,11.762903,18.91,0.523118,False
2012-06-22,16.5,9.8,16.636344,11.694516,18.8,-0.136344,False
2012-06-23,15.1,8.0,16.588172,11.635054,18.8,-1.488172,False
2012-06-24,16.5,8.0,16.544086,11.567634,18.7,-0.044086,False
2012-06-25,17.3,10.0,16.488817,11.521935,18.6,0.811183,False
2012-06-26,13.8,12.7,16.466344,11.46957,18.6,-2.666344,False
2012-06-27,15.1,12.2,16.444731,11.417957,18.5,-1.344731,False
2012-06-28,16.2,12.6,16.406344,11.370968,18.5,-0.206344,False
2012-06-29,17.4,11.3,16.365269,11.313656,18.5,1.034731,False
2012-06-30,17.8,10.7,16.334409,11.27043,18.5,1.465591,False
2012-07-01,14.6,9.1,16.312043,11.233871,18.5,-1.712043,False
2012-07-02,15.1,9.2,16.293011,11.20086,18.5,-1.193011,False
2012-07-03,14.8,10.0,16.293656,11.156344,18.5,-1.493656,False
2012-07-04,13.9,11.4,16.292581,11.134086,18.5,-2.392581,False
2012-07-05,13.6,10.8,16.269032,11.097527,18.5,-2.669032,False
2012-07-06,14.1,11.6,16.243226,11.054516,18.5,-2.143226,False
2012-07-07,14.4,10.9,16.232903,11.017849,18.5,-1.832903,False
2012-07-08,15.9,8.9,16.235269,11.02172,18.6,-0.335269,False
2012-07-09,15.9,9.8,16.227957,11.023011,18.6,-0.327957,False
2012-07-10,17.0,13.8,16.237957,11.038925,18.7,0.762043,False
2012-07-11,18.4,12.7,16.246667,11.019785,18.7,2.153333,False
2012-07-12,17.3,14.4,16.237204,10.98828,18.7,1.062796,False
2012-07-13,19.8,12.7,16.249355,10.954839,18.7,3.550645,False
2012-07-14,17.8,10.8,16.258172,10.92914,18.7,1.541828,False
2012-07-15,15.6,9.9,16.272688,10.915484,18.7,-0.672688,False
2012-07-16,16.7,11.0,16.29086,10.89871,18.7,0.40914,False
2012-07-17,18.5,11.1,16.321075,10.880753,18.7,2.178925,False
2012-07-18,17.5,10.5,16.332581,10.869355,18.7,1.167419,False
2012-07-19,14.2,9.8,16.352043,10.853118,18.81,-2.152043,False
2012-07-20,15.5,11.7,16.349032,10.830645,18.81,-0.849032,False
2012-07-21,14.8,11.8,16.349785,10.833548,18.9,-1.549785,False
2012-07-22,15.0,13.0,16.360645,10.833226,18.9,-1.360645,False
2012-07-23,15.5,13.4,16.376559,10.831505,19.0,-0.876559,False
2012-07-24,15.3,11.5,16.39043,10.813871,19.0,-1.09043,False
2012-07-25,17.3,11.7,16.420108,10.812366,19.0,0.879892,False
2012-07-26,18.7,10.9,16.473226,10.78957,19.2,2.226774,False
2012-07-27,16.4,10.0,16.50957,10.790108,19.2,-0.10957,False
2012-07-28,16.7,10.6,16.549032,10.800753,19.31,0.150968,False
2012-07-29,14.4,10.1,16.598602,10.796989,19.4,-2.198602,False
2012-07-30,14.4,9.9,16.642258,10.811183,19.4,-2.242258,False
2012-07-31,13.8,9.5,16.689462,10.846237,19.51,-2.889462,False
2012-08-01,13.9,10.0,16.730753,10.871505,19.61,-2.830753,False
2012-08-02,14.9,8.5,16.784946,10.886237,19.71,-1.884946,False
2012-08-03,17.3,9.6,16.797204,10.896344,19.8,0.502796,False
2012-08-04,18.6,9.9,16.804516,10.893011,19.8,1.795484,False
2012-08-05,19.9,12.7,16.832473,10.914194,19.81,3.067527,False
2012-08-06,16.0,8.2,16.874839,10.956774,19.9,-0.874839,False
2012-08-07,15.9,7.4,16.903978,11.005269,19.9,-1.003978,False
2012-08-08,19.5,10.6,16.93828,11.023548,19.91,2.56172,False
2012-08-09,17.3,9.7,16.949462,11.04043,20.0,0.350538,False
2012-08-10,14.3,11.5,16.963978,11.041935,20.0,-2.663978,False
2012-08-11,14.7,12.4,16.979355,11.075914,19.91,-2.279355,False
2012-08-12,14.0,11.1,17.010753,11.113656,20.1,-3.010753,False
2012-08-13,15.4,8.3,17.032581,11.146774,20.11,-1.632581,False
2012-08-14,17.0,11.0,17.042473,11.213656,20.11,-0.042473,False
2012-08-15,19.3,10.8,17.079677,11.271828,20.2,2.220323,False
2012-08-16,16.4,11.4,17.129462,11.319785,20.3,-0.729462,False
2012-08-17,19.2,10.5,17.156344,11.384409,20.4,2.043656,False
2012-08-18,16.1,10.8,17.196667,11.447849,20.4,-1.096667,False
2012-08-19,16.1,9.1,17.254516,11.508495,20.41,-1.154516,False
2012-08-20,15.1,10.8,17.309032,11.574516,20.6,-2.209032,False
2012-08-21,18.6,13.0,17.355806,11.627849,20.6,1.244194,False
2012-08-22,20.7,16.5,17.390645,11.689677,20.61,3.309355,False
2012-08-23,23.4,12.8,17.430323,11.762796,20.7,5.969677,False
2012-08-24,18.4,11.6,17.481935,11.839677,20.71,0.918065,False
2012-08-25,17.0,9.4,17.512151,11.911505,20.8,-0.512151,False
2012-08-26,17.3,10.2,17.527849,11.958495,20.81,-0.227849,False
2012-08-27,16.4,11.0,17.555914,12.006129,20.8,-1.155914,False
2012-08-28,17.6,11.7,17.593763,12.064624,20.9,0.006237,False
2012-08-29,19.5,12.7,17.647312,12.128925,21.0,1.852688,False
2012-08-30,19.6,9.7,17.703871,12.205269,21.0,1.896129,False
2012-08-31,16.3,8.5,17.776022,12.262258,21.2,-1.476022,False
2012-09-01,15.1,10.5,17.839355,12.319355,21.21,-2.739355,False
2012-09-02,16.5,9.2,17.867527,12.383763,21.21,-1.367527,False
2012-09-03,18.6,10.5,17.934839,12.479032,21.4,0.665161,False
2012-09-04,20.3,12.6,18.029462,12.566774,21.61,2.270538,False
2012-09-05,23.7,18.2,18.089462,12.632258,21.7,5.610538,False
2012-09-06,24.0,16.6,18.146882,12.690108,21.7,5.853118,False
2012-09-07,19.9,12.4,18.235054,12.762043,21.8,1.664946,False
2012-09-08,19.1,12.0,18.322043,12.856559,21.9,0.777957,False
2012-09-09,17.7,11.5,18.428387,12.945699,22.01,-0.728387,False
2012-09-10,19.9,13.9,18.491828,13.024194,22.2,1.408172,False
2012-09-11,18.1,12.2,18.52914,13.076667,22.2,-0.42914,False
2012-09-12,19.6,15.3,18.585806,13.151398,22.2,1.014194,False
2012-09-13,20.8,10.2,18.686882,13.235591,22.4,2.113118,False
2012-09-14,15.8,10.4,18.777419,13.260753,22.5,-2.977419,False
2012-09-15,16.3,11.8,18.825484,13.306882,22.6,-2.525484,False
2012-09-16,17.2,14.0,18.889247,13.386989,22.6,-1.689247,False
2012-09-17,17.0,13.4,18.980323,13.480108,22.71,-1.980323,False
2012-09-18,17.4,12.7,19.071183,13.561613,23.0,-1.671183,False
2012-09-19,18.2,13.4,19.101398,13.625914,23.1,-0.901398,False
2012-09-20,18.1,14.6,19.176989,13.70957,23.2,-1.076989,False
2012-09-21,21.5,12.9,19.254086,13.787204,23.3,2.245914,False
2012-09-22,19.0,12.5,19.302688,13.863333,23.5,-0.302688,False
2012-09-23,21.8,13.8,19.356237,13.903548,23.5,2.443763,False
2012-09-24,20.1,13.0,19.39828,13.954194,23.6,0.70172,False
2012-09-25,16.8,14.8,19.476989,14.022151,23.8,-2.676989,False
2012-09-26,18.1,14.3,19.552796,14.103978,23.8,-1.452796,False
2012-09-27,22.7,17.7,19.616989,14.200645,23.9,3.083011,False
2012-09-28,26.2,18.6,19.684946,14.27871,24.02,6.515054,False
2012-09-29,20.8,10.8,19.712258,14.351505,24.02,1.087742,False
2012-09-30,18.6,11.7,19.752473,14.411075,24.2,-1.152473,False
2012-10-01,16.7,13.5,19.78828,14.488925,24.3,-3.08828,False
2012-10-02,17.5,12.6,19.812258,14.562903,24.31,-2.312258,False
2012-10-03,22.7,14.3,19.868065,14.62871,24.31,2.831935,False
2012-10-04,24.9,19.5,19.92086,14.673763,24.41,4.97914,False
2012-10-05,28.0,16.3,19.93086,14.709677,24.5,8.06914,False
2012-10-06,17.8,13.5,19.966667,14.774839,24.51,-2.166667,False
2012-10-07,17.1,13.1,19.976559,14.829355,24.6,-2.876559,False
2012-10-08,15.4,12.0,19.983011,14.871828,24.5,-4.583011,False
2012-10-09,15.4,11.6,19.997527,14.921828,24.5,-4.597527,False
2012-10-10,19.9,14.8,20.053441,14.985914,24.41,-0.153441,False
2012-10-11,17.9,9.9,20.111398,15.055914,24.5,-2.211398,False
2012-10-12,15.6,10.8,20.178925,15.118495,24.6,-4.578925,False
2012-10-13,16.6,12.9,20.205054,15.19,24.6,-3.605054,False
2012-10-14,16.7,12.6,20.204946,15.245806,24.6,-3.504946,False
2012-10-15,21.2,15.4,20.240538,15.345161,24.51,0.959462,False
2012-10-16,25.9,18.3,20.300108,15.417097,24.51,5.599892,False
2012-10-17,18.1,15.8,20.322258,15.465806,24.5,-2.222258,False
2012-10-18,18.9,15.7,20.337742,15.505484,24.5,-1.437742,False
2012-10-19,24.1,16.8,20.369677,15.548817,24.51,3.730323,False
2012-10-20,26.7,14.9,20.383871,15.587204,24.5,6.316129,False
2012-10-21,23.0,13.7,20.358817,15.61172,24.4,2.641183,False
2012-10-22,15.9,13.2,20.375591,15.664946,24.31,-4.475591,False
2012-10-23,16.8,12.8,20.420538,15.715591,24.4,-3.620538,False
2012-10-24,20.4,14.3,20.466774,15.787312,24.5,-0.066774,False
2012-10-25,24.4,16.5,20.518172,15.853978,24.5,3.881828,False
2012-10-26,19.5,13.9,20.546344,15.894086,24.5,-1.046344,False
2012-10-27,17.3,15.4,20.566882,15.952043,24.5,-3.266882,False
2012-10-28,17.7,14.4,20.607204,16.01129,24.5,-2.907204,False
2012-10-29,19.4,15.6,20.644086,16.071398,24.5,-1.244086,False
2012-10-30,20.1,16.0,20.723441,16.143548,24.51,-0.623441,False
2012-10-31,23.2,17.8,20.759462,16.201828,24.51,2.440538,False
2012-11-01,28.9,15.3,20.744946,16.237527,24.5,8.155054,False
2012-11-02,17.6,14.8,20.755914,16.284624,24.5,-3.155914,False
2012-11-03,18.6,15.6,20.802473,16.34957,24.5,-2.202473,False
2012-11-04,20.5,16.9,20.850968,16.428817,24.61,-0.350968,False
2012-11-05,23.1,18.4,20.935054,16.517957,24.8,2.164946,False
2012-11-06,23.5,19.3,21.000323,16.599785,24.9,2.499677,False
2012-11-07,22.0,19.8,21.07828,16.651398,25.0,0.92172,False
2012-11-08,22.6,18.4,21.104301,16.698817,25.0,1.495699,False
2012-11-09,22.8,16.7,21.127849,16.752258,25.0,1.672151,False
2012-11-10,17.3,14.4,21.151183,16.81129,25.1,-3.851183,False
2012-11-11,18.2,14.2,21.235806,16.875161,25.2,-3.035806,False
2012-11-12,21.2,16.2,21.307742,16.95914,25.3,-0.107742,False
2012-11-13,18.5,16.0,21.391183,17.027849,25.31,-2.891183,False
2012-11-14,18.9,17.0,21.464301,17.085161,25.4,-2.564301,False
2012-11-15,21.4,17.2,21.500108,17.126989,25.5,-0.100108,False
2012-11-16,17.3,15.9,21.558172,17.181505,25.6,-4.258172,False
2012-11-17,19.2,16.6,21.598602,17.226129,25.71,-2.398602,False
2012-11-18,20.9,14.3,21.643333,17.285484,25.8,-0.743333,False
2012-11-19,18.8,15.7,21.67129,17.343871,25.8,-2.87129,False
2012-11-20,19.2,15.4,21.73828,17.412366,25.9,-2.53828,False
2012-11-21,21.6,16.8,21.815269,17.483656,26.0,-0.215269,False
2012-11-22,17.9,15.9,21.861183,17.543871,26.01,-3.961183,False
2012-11-23,19.7,17.2,21.913548,17.617634,26.1,-2.213548,False
2012-11-24,23.6,19.0,21.973226,17.696452,26.1,1.626774,False
2012-11-25,25.6,19.1,22.032581,17.757527,26.2,3.567419,False
2012-11-26,22.7,19.4,22.082151,17.817849,26.21,0.617849,False
2012-11-27,21.7,18.7,22.125699,17.879677,26.3,-0.425699,False
2012-11-28,21.2,19.7,22.17871,17.93871,26.4,-0.97871,False
2012-11-29,23.6,20.3,22.221613,17.99828,26.4,1.378387,False
2012-11-30,27.1,21.7,22.229892,18.052688,26.3,4.870108,False
2012-12-01,26.8,20.1,22.294409,18.113548,26.4,4.505591,False
2012-12-02,21.6,18.9,22.373763,18.186882,26.4,-0.773763,False
2012-12-03,21.6,17.9,22.463226,18.251183,26.4,-0.863226,False
2012-12-04,25.5,16.3,22.523548,18.30129,26.5,2.976452,False
2012-12-05,23.4,15.3,22.573011,18.352043,26.5,0.826989,False
2012-12-06,19.7,16.9,22.603763,18.407957,26.5,-2.903763,False
2012-12-07,21.4,19.2,22.657097,18.463763,26.6,-1.257097,False
2012-12-08,23.7,19.9,22.717312,18.55086,26.6,0.982688,False
2012-12-09,21.8,17.5,22.806129,18.622258,26.7,-1.006129,False
2012-12-10,18.8,17.6,22.873226,18.668817,26.7,-4.073226,False
2012-12-11,20.5,18.9,22.908065,18.686022,26.7,-2.408065,False
2012-12-12,22.4,17.5,22.882151,18.716989,26.6,-0.482151,False
2012-12-13,22.9,18.5,22.905914,18.748495,26.6,-0.005914,False
2012-12-14,23.8,20.0,22.925054,18.775699,26.6,0.874946,False
2012-12-15,24.4,20.6,22.955161,18.835806,26.6,1.444839,False
2012-12-16,26.7,18.4,23.010323,18.896989,26.6,3.689677,False
2012-12-17,20.2,18.2,23.056129,18.954516,26.6,-2.856129,False
2012-12-18,22.7,20.6,23.108387,19.025161,26.51,-0.408387,False
2012-12-19,28.4,21.8,23.145161,19.073226,26.6,5.254839,False
2012-12-20,29.2,19.4,23.19,19.127957,26.6,6.01,False
2012-12-21,21.6,20.3,23.254194,19.187849,26.7,-1.654194,False
2012-12-22,23.5,21.3,23.309355,19.238387,26.61,0.190645,False
2012-12-23,25.8,21.5,23.369247,19.290538,26.71,2.430753,False
2012-12-24,26.8,19.7,23.41871,19.318065,26.8,3.38129,False
2012-12-25,19.7,18.4,23.42914,19.355806,26.9,-3.72914,False
2012-12-26,20.1,16.7,23.456129,19.413656,26.91,-3.356129,False
2012-12-27,22.4,18.0,23.513656,19.493011,27.1,-1.113656,False
2012-12-28,26.1,18.4,23.585161,19.555914,27.1,2.514839,False
2012-12-29,21.2,18.6,23.622473,19.595054,27.11,-2.422473,False
2012-12-30,21.9,19.4,23.665161,19.634839,27.2,-1.765161,False
2012-12-31,25.1,19.6,23.717419,19.671075,27.3,1.382581,False
2013-01-01,25.7,19.7,23.731828,19.716667,27.3,1.968172,False
2013-01-02,21.0,18.7,23.783978,19.759247,27.5,-2.783978,False
2013-01-03,22.1,18.9,23.833011,19.80043,27.6,-1.733011,False
2013-01-04,24.1,19.5,23.836774,19.851183,27.5,0.263226,False
2013-01-05,25.8,20.5,23.888817,19.901183,27.5,1.911183,False
2013-01-06,24.4,20.8,23.941505,19.945161,27.6,0.458495,False
2013-01-07,29.6,21.5,23.980108,19.993978,27.6,5.619892,False
2013-01-08,34.0,20.2,24.019355,20.032688,27.61,9.980645,False
2013-01-09,21.8,19.7,24.047097,20.090215,27.61,-2.247097,False
2013-01-10,23.5,20.9,24.074409,20.147849,27.7,-0.574409,False
2013-01-11,29.2,22.7,24.112903,20.222151,27.8,5.087097,False
2013-01-12,30.9,20.5,24.15957,20.289247,27.8,6.74043,False
2013-01-13,22.3,18.2,24.193548,20.346882,27.8,-1.893548,False
2013-01-14,20.9,18.6,24.244731,20.397312,27.8,-3.344731,False
2013-01-15,22.7,18.6,24.294516,20.444946,27.8,-1.594516,False
2013-01-16,24.3,21.0,24.32914,20.477419,27.81,-0.02914,False
2013-01-17,28.0,22.1,24.317419,20.506237,27.9,3.682581,False
2013-01-18,35.5,20.8,24.324409,20.527419,27.8,11.175591,False
2013-01-19,21.1,20.0,24.354946,20.546667,27.9,-3.254946,False
2013-01-20,22.4,21.2,24.35914,20.574731,27.9,-1.95914,False
2013-01-21,23.7,20.7,24.37871,20.612258,27.9,-0.67871,False
2013-01-22,25.9,21.0,24.387742,20.637312,27.9,1.512258,False
2013-01-23,22.7,20.9,24.376022,20.654624,27.81,-1.676022,False
2013-01-24,24.4,21.4,24.403548,20.686989,27.8,-0.003548,False
2013-01-25,25.3,23.1,24.460323,20.71129,27.9,0.839677,False
2013-01-26,25.8,22.3,24.484086,20.728817,27.9,1.315914,False
2013-01-27,23.3,22.5,24.495591,20.746344,27.9,-1.195591,False
2013-01-28,22.8,21.9,24.492581,20.74828,27.9,-1.692581,False
2013-01-29,24.2,20.8,24.465054,20.753441,27.9,-0.265054,False
2013-01-30,23.3,21.5,24.441613,20.760215,27.9,-1.141613,False
2013-01-31,24.9,22.3,24.435161,20.78043,27.81,0.464839,False
2013-02-01,21.5,16.9,24.444624,20.776022,27.9,-2.944624,False
2013-02-02,19.1,16.6,24.418387,20.77871,27.7,-5.318387,False
2013-02-03,21.2,18.4,24.398065,20.787527,27.7,-3.198065,False
2013-02-04,22.1,18.8,24.414301,20.788387,27.7,-2.314301,False
2013-02-05,22.0,19.4,24.374839,20.778602,27.6,-2.374839,False
2013-02-06,22.9,19.3,24.326882,20.759247,27.51,-1.426882,False
2013-02-07,24.3,19.9,24.30828,20.743548,27.5,-0.00828,False
2013-02-08,25.9,20.9,24.269785,20.725269,27.31,1.630215,False
2013-02-09,25.9,21.5,24.251613,20.699032,27.2,1.648387,False
2013-02-10,24.8,20.2,24.239032,20.680215,27.2,0.560968,False
2013-02-11,21.5,20.0,24.231075,20.658495,27.1,-2.731075,False
2013-02-12,21.7,19.7,24.22086,20.633441,27.1,-2.52086,False
2013-02-13,22.0,19.6,24.207312,20.605376,27.1,-2.207312,False
2013-02-14,23.4,19.8,24.164516,20.562473,27.1,-0.764516,False
2013-02-15,23.1,19.4,24.09957,20.514516,27.1,-0.99957,False
2013-02-16,22.3,19.4,24.05043,20.495806,27.0,-1.75043,False
2013-02-17,23.0,20.3,24.041075,20.46871,27.0,-1.041075,False
2013-02-18,23.6,19.5,24.016452,20.444409,26.91,-0.416452,False
2013-02-19,24.6,20.7,23.985914,20.421613,26.9,0.614086,False
2013-02-20,24.2,21.4,23.943011,20.389355,26.8,0.256989,False
2013-02-21,23.6,22.1,23.884946,20.345806,26.7,-0.284946,False
2013-02-22,23.2,21.3,23.850645,20.307849,26.6,-0.650645,False
2013-02-23,24.1,22.2,23.806774,20.271075,26.6,0.293226,False
2013-02-24,26.2,22.6,23.751075,20.228817,26.5,2.448925,False
2013-02-25,25.7,22.3,23.709032,20.185269,26.4,1.990968,False
2013-02-26,24.5,21.8,23.673441,20.147312,26.4,0.826559,False
2013-02-27,25.3,21.4,23.62957,20.094409,26.3,1.67043,False
2013-02-28,26.3,19.5,23.598387,20.068925,26.2,2.701613,False
2013-03-01,19.9,18.9,23.599677,20.034624,26.2,-3.699677,False
2013-03-02,21.9,19.7,23.571075,19.985806,26.2,-1.671075,False
2013-03-03,22.5,20.6,23.552796,19.936559,26.2,-1.052796,False
2013-03-04,22.8,20.7,23.535914,19.914194,26.2,-0.735914,False
2013-03-05,23.5,20.6,23.54129,19.873548,26.2,-0.04129,False
2013-03-06,24.3,20.1,23.49828,19.828172,26.1,0.80172,False
2013-03-07,24.9,20.6,23.445699,19.780323,26.1,1.454301,False
2013-03-08,24.1,21.2,23.415591,19.720753,26.1,0.684409,False
2013-03-09,24.3,20.5,23.391935,19.668602,26.1,0.908065,False
2013-03-10,24.4,21.4,23.342043,19.607849,26.0,1.057957,False
2013-03-11,23.8,20.5,23.328065,19.552688,26.0,0.471935,False
2013-03-12,23.7,18.7,23.285376,19.503226,25.9,0.414624,False
2013-03-13,24.5,20.3,23.249355,19.447742,25.9,1.250645,False
2013-03-14,23.4,21.0,23.18172,19.393763,25.9,0.21828,False
2013-03-15,22.4,20.7,23.13828,19.314409,25.81,-0.73828,False
2013-03-16,24.8,18.9,23.075699,19.232151,25.71,1.724301,False
2013-03-17,20.8,16.0,23.044731,19.182903,25.7,-2.244731,False
2013-03-18,20.0,16.9,23.021505,19.122258,25.7,-3.021505,False
2013-03-19,21.1,17.7,22.976344,19.041505,25.6,-1.876344,False
2013-03-20,22.2,18.3,22.897312,18.964086,25.6,-0.697312,False
2013-03-21,24.4,21.6,22.862366,18.890108,25.6,1.537634,False
2013-03-22,27.9,21.6,22.808925,18.812473,25.5,5.091075,False
2013-03-23,24.8,21.0,22.757742,18.722258,25.5,2.042258,False
2013-03-24,25.7,20.0,22.703978,18.632796,25.4,2.996022,False
2013-03-25,24.9,20.6,22.636774,18.539785,25.4,2.263226,False
2013-03-26,24.5,20.8,22.575484,18.446667,25.4,1.924516,False
2013-03-27,25.5,21.3,22.530753,18.355054,25.4,2.969247,False
2013-03-28,27.1,17.7,22.450323,18.266882,25.3,4.649677,False
2013-03-29,19.6,16.7,22.403333,18.183441,25.2,-2.803333,False
2013-03-30,21.8,18.7,22.358387,18.108065,25.2,-0.558387,False
2013-03-31,23.0,18.0,22.307527,18.031075,25.2,0.692473,False
2013-04-01,21.4,18.0,22.243011,17.947204,25.2,-0.843011,False
2013-04-02,22.7,17.8,22.192581,17.870108,25.11,0.507419,False
2013-04-03,19.3,16.4,22.116882,17.782796,25.0,-2.816882,False
2013-04-04,19.6,18.2,22.037742,17.680538,24.9,-2.437742,False
2013-04-05,21.2,18.2,21.945699,17.588065,24.9,-0.745699,False
2013-04-06,20.5,15.7,21.88828,17.496129,24.81,-1.38828,False
2013-04-07,20.5,16.1,21.819032,17.397204,24.8,-1.319032,False
2013-04-08,21.1,17.8,21.73914,17.30914,24.7,-0.63914,False
2013-04-09,19.8,15.8,21.688602,17.234301,24.6,-1.888602,False
2013-04-10,21.4,16.1,21.63,17.135484,24.5,-0.23,False
2013-04-11,23.2,18.1,21.557527,17.043548,24.4,1.642473,False
2013-04-12,22.4,17.0,21.46871,16.944086,24.3,0.93129,False
2013-04-13,23.2,17.2,21.397419,16.847849,24.2,1.802581,False
2013-04-14,24.3,19.0,21.34129,16.763763,24.1,2.95871,False
2013-04-15,25.2,17.5,21.261075,16.696667,24.1,3.938925,False
2013-04-16,18.9,15.9,21.202366,16.632796,24.01,-2.302366,False
2013-04-17,20.3,16.0,21.13957,16.555376,24.0,-0.83957,False
2013-04-18,19.8,14.7,21.065806,16.486344,23.9,-1.265806,False
2013-04-19,18.2,14.4,20.999892,16.392581,23.8,-2.799892,False
2013-04-20,16.6,13.5,20.927742,16.286344,23.8,-4.327742,False
2013-04-21,18.1,15.7,20.848387,16.191183,23.7,-2.748387,False
2013-04-22,22.7,14.1,20.781828,16.09129,23.6,1.918172,False
2013-04-23,22.5,13.5,20.724409,15.99828,23.6,1.775591,False
2013-04-24,20.3,14.6,20.66129,15.910323,23.5,-0.36129,False
2013-04-25,19.8,13.8,20.594624,15.818065,23.41,-0.794624,False
2013-04-26,22.4,14.5,20.534946,15.737527,23.4,1.865054,False
2013-04-27,22.0,16.1,20.442258,15.663656,23.3,1.557742,False
2013-04-28,25.1,15.6,20.38,15.575806,23.2,4.72,False
2013-04-29,22.5,18.2,20.287419,15.477849,23.2,2.212581,False
2013-04-30,20.6,17.4,20.184086,15.380968,23.1,0.415914,False
2013-05-01,22.6,15.1,20.093011,15.277634,22.9,2.506989,False
2013-05-02,17.6,13.8,20.008495,15.182581,22.9,-2.408495,False
2013-05-03,20.1,16.0,19.922688,15.108065,22.9,0.177312,False
2013-05-04,21.4,13.5,19.856022,15.01828,22.8,1.543978,False
2013-05-05,17.0,13.8,19.788065,14.937742,22.8,-2.788065,False
2013-05-06,17.1,15.4,19.718495,14.850215,22.7,-2.618495,False
2013-05-07,18.8,15.0,19.635914,14.769892,22.6,-0.835914,False
2013-05-08,19.2,13.3,19.580323,14.693118,22.5,-0.380323,False
2013-05-09,20.5,13.0,19.514086,14.616237,22.5,0.985914,False
2013-05-10,20.5,15.9,19.431075,14.519462,22.4,1.068925,False
2013-05-11,19.6,15.7,19.351935,14.433763,22.3,0.248065,False
2013-05-12,20.4,15.3,19.258065,14.347419,22.2,1.141935,False
2013-05-13,21.4,15.0,19.196774,14.266237,22.1,2.203226,False
2013-05-14,18.3,11.6,19.110645,14.163548,22.0,-0.810645,False
2013-05-15,19.8,14.8,19.008065,14.053548,21.8,0.791935,False
2013-05-16,18.9,13.1,18.940645,13.972903,21.61,-0.040645,False
2013-05-17,18.3,12.1,18.859462,13.900215,21.6,-0.559462,False
2013-05-18,18.2,11.0,18.759462,13.83,21.5,-0.559462,False
2013-05-19,18.4,11.2,18.680215,13.735591,21.4,-0.280215,False
2013-05-20,18.9,13.5,18.599355,13.666129,21.3,0.300645,False
2013-05-21,20.3,13.1,18.529247,13.603333,21.3,1.770753,False
2013-05-22,15.2,12.7,18.449892,13.547742,21.2,-3.249892,False
2013-05-23,16.6,14.2,18.365269,13.49828,21.11,-1.765269,False
2013-05-24,17.2,14.8,18.287097,13.451398,21.0,-1.087097,False
2013-05-25,18.0,10.6,18.218925,13.407204,20.81,-0.218925,False
2013-05-26,18.4,13.3,18.145376,13.362473,20.8,0.254624,False
2013-05-27,17.3,15.4,18.074086,13.302581,20.71,-0.774086,False
2013-05-28,18.0,13.9,18.016237,13.244516,20.7,-0.016237,False
2013-05-29,19.1,13.4,17.953763,13.194516,20.6,1.146237,False
2013-05-30,20.5,13.9,17.895054,13.125914,20.6,2.604946,False
2013-05-31,21.6,15.4,17.834301,13.053226,20.51,3.765699,False
2013-06-01,20.6,15.9,17.766559,12.98043,20.4,2.833441,False
2013-06-02,15.9,13.2,17.68871,12.922473,20.21,-1.78871,False
2013-06-03,17.1,12.0,17.61957,12.851505,20.11,-0.51957,False
2013-06-04,18.0,12.2,17.545699,12.786667,20.1,0.454301,False
2013-06-05,18.0,13.0,17.472043,12.722366,20.01,0.527957,False
2013-06-06,19.0,15.9,17.402796,12.660753,20.0,1.597204,False
2013-06-07,20.8,14.9,17.330215,12.568602,19.9,3.469785,False
2013-06-08,16.7,14.1,17.253548,12.486344,19.8,-0.553548,False
2013-06-09,18.3,12.9,17.185806,12.396559,19.71,1.114194,False
2013-06-10,17.7,11.8,17.111613,12.336882,19.7,0.588387,False
2013-06-11,17.0,13.2,17.055591,12.286129,19.6,-0.055591,False
2013-06-12,16.8,13.6,16.991075,12.243118,19.5,-0.191075,False
2013-06-13,18.4,13.2,16.946022,12.195376,19.4,1.453978,False
2013-06-14,17.4,14.1,16.905806,12.163118,19.3,0.494194,False
2013-06-15,17.4,11.9,16.87129,12.121398,19.2,0.52871,False
2013-06-16,16.5,10.1,16.81,12.050968,19.1,-0.31,False
2013-06-17,15.5,10.9,16.768817,11.976882,19.0,-1.268817,False
2013-06-18,15.5,11.9,16.74043,11.916452,19.0,-1.24043,False
2013-06-19,14.5,11.3,16.720215,11.880108,19.0,-2.220215,False
2013-06-20,14.2,10.8,16.697204,11.817204,19.0,-2.497204,False
2013-06-21,13.8,10.1,16.676882,11.762903,18.91,-2.876882,False
2013-06-22,13.4,11.7,16.636344,11.694516,18.8,-3.236344,False
2013-06-23,13.9,11.7,16.588172,11.635054,18.8,-2.688172,False
2013-06-24,14.3,10.9,16.544086,11.567634,18.7,-2.244086,False
2013-06-25,15.8,12.5,16.488817,11.521935,18.6,-0.688817,False
2013-06-26,16.5,15.0,16.466344,11.46957,18.6,0.033656,False
2013-06-27,16.3,14.9,16.444731,11.417957,18.5,-0.144731,False
2013-06-28,15.7,13.4,16.406344,11.370968,18.5,-0.706344,False
2013-06-29,14.9,13.7,16.365269,11.313656,18.5,-1.465269,False
2013-06-30,15.2,13.4,16.334409,11.27043,18.5,-1.134409,False
2013-07-01,17.2,10.3,16.312043,11.233871,18.5,0.887957,False
2013-07-02,17.1,9.1,16.293011,11.20086,18.5,0.806989,False
2013-07-03,17.1,10.8,16.293656,11.156344,18.5,0.806344,False
2013-07-04,20.5,14.8,16.292581,11.134086,18.5,4.207419,False
2013-07-05,17.9,9.3,16.269032,11.097527,18.5,1.630968,False
2013-07-06,15.8,9.1,16.243226,11.054516,18.5,-0.443226,False
2013-07-07,16.9,8.6,16.232903,11.017849,18.5,0.667097,False
2013-07-08,16.9,11.2,16.235269,11.02172,18.6,0.664731,False
2013-07-09,13.8,11.6,16.227957,11.023011,18.6,-2.427957,False
2013-07-10,13.7,10.7,16.237957,11.038925,18.7,-2.537957,False
2013-07-11,15.2,10.1,16.246667,11.019785,18.7,-1.046667,False
2013-07-12,16.4,11.8,16.237204,10.98828,18.7,0.162796,False
2013-07-13,16.2,12.2,16.249355,10.954839,18.7,-0.049355,False
2013-07-14,17.0,14.0,16.258172,10.92914,18.7,0.741828,False
2013-07-15,18.2,14.6,16.272688,10.915484,18.7,1.927312,False
2013-07-16,18.6,14.2,16.29086,10.89871,18.7,2.30914,False
2013-07-17,20.3,14.6,16.321075,10.880753,18.7,3.978925,False
2013-07-18,19.6,15.9,16.332581,10.869355,18.7,3.267419,False
2013-07-19,18.1,14.7,16.352043,10.853118,18.81,1.747957,False
2013-07-20,18.4,9.6,16.349032,10.830645,18.81,2.050968,False
2013-07-21,15.3,9.8,16.349785,10.833548,18.9,-1.049785,False
2013-07-22,15.9,9.4,16.360645,10.833226,18.9,-0.460645,False
2013-07-23,15.4,11.6,16.376559,10.831505,19.0,-0.976559,False
2013-07-24,15.2,10.7,16.39043,10.813871,19.0,-1.19043,False
2013-07-25,16.1,9.7,16.420108,10.812366,19.0,-0.320108,False
2013-07-26,17.4,9.4,16.473226,10.78957,19.2,0.926774,False
2013-07-27,16.6,9.9,16.50957,10.790108,19.2,0.09043,False
2013-07-28,17.4,11.9,16.549032,10.800753,19.31,0.850968,False
2013-07-29,19.8,12.6,16.598602,10.796989,19.4,3.201398,False
2013-07-30,17.7,13.5,16.642258,10.811183,19.4,1.057742,False
2013-07-31,16.0,11.3,16.689462,10.846237,19.51,-0.689462,False
2013-08-01,16.1,10.8,16.730753,10.871505,19.61,-0.630753,False
2013-08-02,18.7,11.8,16.784946,10.886237,19.71,1.915054,False
2013-08-03,17.0,11.5,16.797204,10.896344,19.8,0.202796,False
2013-08-04,17.3,10.7,16.804516,10.893011,19.8,0.495484,False
2013-08-05,18.7,12.8,16.832473,10.914194,19.81,1.867527,False
2013-08-06,20.5,11.6,16.874839,10.956774,19.9,3.625161,False
2013-08-07,15.1,10.8,16.903978,11.005269,19.9,-1.803978,False
2013-08-08,13.5,10.8,16.93828,11.023548,19.91,-3.43828,False
2013-08-09,16.9,12.4,16.949462,11.04043,20.0,-0.049462,False
2013-08-10,20.3,9.5,16.963978,11.041935,20.0,3.336022,False
2013-08-11,18.6,13.2,16.979355,11.075914,19.91,1.620645,False
2013-08-12,22.1,11.2,17.010753,11.113656,20.1,5.089247,False
2013-08-13,19.1,12.4,17.032581,11.146774,20.11,2.067419,False
2013-08-14,20.9,11.1,17.042473,11.213656,20.11,3.857527,False
2013-08-15,16.2,9.1,17.079677,11.271828,20.2,-0.879677,False
2013-08-16,17.8,12.9,17.129462,11.319785,20.3,0.670538,False
2013-08-17,21.2,12.3,17.156344,11.384409,20.4,4.043656,False
2013-08-18,20.4,13.9,17.196667,11.447849,20.4,3.203333,False
2013-08-19,18.3,9.0,17.254516,11.508495,20.41,1.045484,False
2013-08-20,14.2,9.0,17.309032,11.574516,20.6,-3.109032,False
2013-08-21,15.0,9.1,17.355806,11.627849,20.6,-2.355806,False
2013-08-22,16.4,12.5,17.390645,11.689677,20.61,-0.990645,False
2013-08-23,17.5,13.5,17.430323,11.762796,20.7,0.069677,False
2013-08-24,18.7,11.3,17.481935,11.839677,20.71,1.218065,False
2013-08-25,21.1,10.7,17.512151,11.911505,20.8,3.587849,False
2013-08-26,17.9,12.7,17.527849,11.958495,20.81,0.372151,False
2013-08-27,18.2,11.2,17.555914,12.006129,20.8,0.644086,False
2013-08-28,19.3,13.2,17.593763,12.064624,20.9,1.706237,False
2013-08-29,19.4,16.2,17.647312,12.128925,21.0,1.752688,False
2013-08-30,22.3,13.5,17.703871,12.205269,21.0,4.596129,False
2013-08-31,20.8,13.2,17.776022,12.262258,21.2,3.023978,False
2013-09-01,19.8,13.1,17.839355,12.319355,21.21,1.960645,False
2013-09-02,19.8,13.0,17.867527,12.383763,21.21,1.932473,False
2013-09-03,19.3,12.9,17.934839,12.479032,21.4,1.365161,False
2013-09-04,19.7,13.1,18.029462,12.566774,21.61,1.670538,False
2013-09-05,22.6,15.5,18.089462,12.632258,21.7,4.510538,False
2013-09-06,20.1,15.4,18.146882,12.690108,21.7,1.953118,False
2013-09-07,24.4,16.8,18.235054,12.762043,21.8,6.164946,False
2013-09-08,18.6,16.6,18.322043,12.856559,21.9,0.277957,False
2013-09-09,23.6,19.0,18.428387,12.945699,22.01,5.171613,False
2013-09-10,26.9,13.5,18.491828,13.024194,22.2,8.408172,False
2013-09-11,22.1,12.9,18.52914,13.076667,22.2,3.57086,False
2013-09-12,21.4,12.0,18.585806,13.151398,22.2,2.814194,False
2013-09-13,16.3,15.0,18.686882,13.235591,22.4,-2.386882,False
2013-09-14,20.9,13.9,18.777419,13.260753,22.5,2.122581,False
2013-09-15,17.3,15.7,18.825484,13.306882,22.6,-1.525484,False
2013-09-16,17.9,16.2,18.889247,13.386989,22.6,-0.989247,False
2013-09-17,20.9,16.2,18.980323,13.480108,22.71,1.919677,False
2013-09-18,22.7,14.7,19.071183,13.561613,23.0,3.628817,False
2013-09-19,20.9,13.0,19.101398,13.625914,23.1,1.798602,False
2013-09-20,19.0,12.4,19.176989,13.70957,23.2,-0.176989,False
2013-09-21,17.9,12.8,19.254086,13.787204,23.3,-1.354086,False
2013-09-22,20.4,14.6,19.302688,13.863333,23.5,1.097312,False
2013-09-23,23.0,17.9,19.356237,13.903548,23.5,3.643763,False
2013-09-24,25.8,16.9,19.39828,13.954194,23.6,6.40172,False
2013-09-25,25.2,17.1,19.476989,14.022151,23.8,5.723011,False
2013-09-26,27.7,13.2,19.552796,14.103978,23.8,8.147204,False
2013-09-27,18.9,13.6,19.616989,14.200645,23.9,-0.716989,False
2013-09-28,26.0,14.1,19.684946,14.27871,24.02,6.315054,False
2013-09-29,19.1,13.4,19.712258,14.351505,24.02,-0.612258,False
2013-09-30,24.7,19.1,19.752473,14.411075,24.2,4.947527,False
2013-10-01,28.0,13.9,19.78828,14.488925,24.3,8.21172,False
2013-10-02,23.4,15.5,19.812258,14.562903,24.31,3.587742,False
2013-10-03,16.1,12.3,19.868065,14.62871,24.31,-3.768065,False
2013-10-04,17.4,13.0,19.92086,14.673763,24.41,-2.52086,False
2013-10-05,23.1,15.3,19.93086,14.709677,24.5,3.16914,False
2013-10-06,25.7,16.0,19.966667,14.774839,24.51,5.733333,False
2013-10-07,17.9,13.4,19.976559,14.829355,24.6,-2.076559,False
2013-10-08,17.5,13.3,19.983011,14.871828,24.5,-2.483011,False
2013-10-09,24.5,19.3,19.997527,14.921828,24.5,4.502473,False
2013-10-10,30.8,16.8,20.053441,14.985914,24.41,10.746559,False
2013-10-11,19.3,15.2,20.111398,15.055914,24.5,-0.811398,False
2013-10-12,25.9,18.2,20.178925,15.118495,24.6,5.721075,False
2013-10-13,30.6,13.7,20.205054,15.19,24.6,10.394946,False
2013-10-14,17.6,11.7,20.204946,15.245806,24.6,-2.604946,False
2013-10-15,19.6,13.8,20.240538,15.345161,24.51,-0.640538,False
2013-10-16,24.6,19.1,20.300108,15.417097,24.51,4.299892,False
2013-10-17,29.6,14.5,20.322258,15.465806,24.5,9.277742,False
2013-10-18,17.4,13.8,20.337742,15.505484,24.5,-2.937742,False
2013-10-19,19.7,15.3,20.369677,15.548817,24.51,-0.669677,False
2013-10-20,23.1,17.2,20.383871,15.587204,24.5,2.716129,False
2013-10-21,26.5,19.2,20.358817,15.61172,24.4,6.141183,False
2013-10-22,25.5,20.7,20.375591,15.664946,24.31,5.124409,False
2013-10-23,29.1,17.2,20.420538,15.715591,24.4,8.679462,False
2013-10-24,21.5,12.3,20.466774,15.787312,24.5,1.033226,False
2013-10-25,19.3,13.9,20.518172,15.853978,24.5,-1.218172,False
2013-10-26,19.5,14.7,20.546344,15.894086,24.5,-1.046344,False
2013-10-27,19.9,16.4,20.566882,15.952043,24.5,-0.666882,False
2013-10-28,20.7,16.8,20.607204,16.01129,24.5,0.092796,False
2013-10-29,22.1,14.7,20.644086,16.071398,24.5,1.455914,False
2013-10-30,18.4,15.8,20.723441,16.143548,24.51,-2.323441,False
2013-10-31,19.6,16.6,20.759462,16.201828,24.51,-1.159462,False
2013-11-01,20.3,16.2,20.744946,16.237527,24.5,-0.444946,False
2013-11-02,25.6,18.8,20.755914,16.284624,24.5,4.844086,False
2013-11-03,29.7,14.3,20.802473,16.34957,24.5,8.897527,False
2013-11-04,16.7,15.4,20.850968,16.428817,24.61,-4.150968,False
2013-11-05,17.8,13.1,20.935054,16.517957,24.8,-3.135054,False
2013-11-06,20.2,15.9,21.000323,16.599785,24.9,-0.800323,False
2013-11-07,24.0,18.7,21.07828,16.651398,25.0,2.92172,False
2013-11-08,26.5,22.3,21.104301,16.698817,25.0,5.395699,False
2013-11-09,26.3,16.3,21.127849,16.752258,25.0,5.172151,False
2013-11-10,17.0,16.3,21.151183,16.81129,25.1,-4.151183,False
2013-11-11,18.0,17.0,21.235806,16.875161,25.2,-3.235806,False
2013-11-12,20.1,16.2,21.307742,16.95914,25.3,-1.207742,False
2013-11-13,22.4,16.2,21.391183,17.027849,25.31,1.008817,False
2013-11-14,22.5,17.0,21.464301,17.085161,25.4,1.035699,False
2013-11-15,19.7,15.5,21.500108,17.126989,25.5,-1.800108,False
2013-11-16,17.4,15.4,21.558172,17.181505,25.6,-4.158172,False
2013-11-17,17.2,15.6,21.598602,17.226129,25.71,-4.398602,False
2013-11-18,18.7,16.8,21.643333,17.285484,25.8,-2.943333,False
2013-11-19,20.7,15.4,21.67129,17.343871,25.8,-0.97129,False
2013-11-20,21.8,18.8,21.73828,17.412366,25.9,0.06172,False
2013-11-21,22.5,20.0,21.815269,17.483656,26.0,0.684731,False
2013-11-22,22.1,18.8,21.861183,17.543871,26.01,0.238817,False
2013-11-23,21.2,16.7,21.913548,17.617634,26.1,-0.713548,False
2013-11-24,20.5,16.6,21.973226,17.696452,26.1,-1.473226,False
2013-11-25,19.8,16.1,22.032581,17.757527,26.2,-2.232581,False
2013-11-26,18.7,15.5,22.082151,17.817849,26.21,-3.382151,False
2013-11-27,20.9,17.2,22.125699,17.879677,26.3,-1.225699,False
2013-11-28,25.3,19.6,22.17871,17.93871,26.4,3.12129,False
2013-11-29,19.2,16.1,22.221613,17.99828,26.4,-3.021613,False
2013-11-30,18.6,15.7,22.229892,18.052688,26.3,-3.629892,False
2013-12-01,19.7,16.3,22.294409,18.113548,26.4,-2.594409,False
2013-12-02,21.2,16.1,22.373763,18.186882,26.4,-1.173763,False
2013-12-03,22.4,17.5,22.463226,18.251183,26.4,-0.063226,False
2013-12-04,26.3,19.8,22.523548,18.30129,26.5,3.776452,False
2013-12-05,22.6,13.9,22.573011,18.352043,26.5,0.026989,False
2013-12-06,19.3,15.2,22.603763,18.407957,26.5,-3.303763,False
2013-12-07,21.0,17.5,22.657097,18.463763,26.6,-1.657097,False
2013-12-08,23.1,19.3,22.717312,18.55086,26.6,0.382688,False
2013-12-09,26.7,24.2,22.806129,18.622258,26.7,3.893871,False
2013-12-10,27.3,18.5,22.873226,18.668817,26.7,4.426774,False
2013-12-11,24.0,19.0,22.908065,18.686022,26.7,1.091935,False
2013-12-12,22.6,19.2,22.882151,18.716989,26.6,-0.282151,False
2013-12-13,23.4,20.3,22.905914,18.748495,26.6,0.494086,False
2013-12-14,21.4,18.9,22.925054,18.775699,26.6,-1.525054,False
2013-12-15,22.1,19.3,22.955161,18.835806,26.6,-0.855161,False
2013-12-16,21.9,18.8,23.010323,18.896989,26.6,-1.110323,False
2013-12-17,22.8,19.4,23.056129,18.954516,26.6,-0.256129,False
2013-12-18,23.0,18.7,23.108387,19.025161,26.51,-0.108387,False
2013-12-19,24.4,20.0,23.145161,19.073226,26.6,1.254839,False
2013-12-20,28.3,21.3,23.19,19.127957,26.6,5.11,False
2013-12-21,23.5,20.7,23.254194,19.187849,26.7,0.245806,False
2013-12-22,27.8,23.6,23.309355,19.238387,26.61,4.490645,False
2013-12-23,32.2,19.4,23.369247,19.290538,26.71,8.830753,False
2013-12-24,20.7,19.5,23.41871,19.318065,26.8,-2.71871,False
2013-12-25,21.0,19.8,23.42914,19.355806,26.9,-2.42914,False
2013-12-26,22.2,19.0,23.456129,19.413656,26.91,-1.256129,False
2013-12-27,22.3,19.6,23.513656,19.493011,27.1,-1.213656,False
2013-12-28,23.6,20.2,23.585161,19.555914,27.1,0.014839,False
2013-12-29,20.8,18.3,23.622473,19.595054,27.11,-2.822473,False
2013-12-30,21.3,18.4,23.665161,19.634839,27.2,-2.365161,False
2013-12-31,23.2,19.9,23.717419,19.671075,27.3,-0.517419,False
2014-01-01,26.2,22.0,23.731828,19.716667,27.3,2.468172,False
2014-01-02,29.9,20.6,23.783978,19.759247,27.5,6.116022,False
2014-01-03,23.7,20.8,23.833011,19.80043,27.6,-0.133011,False
2014-01-04,22.8,19.5,23.836774,19.851183,27.5,-1.036774,False
2014-01-05,24.4,20.7,23.888817,19.901183,27.5,0.511183,False
2014-01-06,26.2,18.7,23.941505,19.945161,27.6,2.258495,False
2014-01-07,19.9,17.3,23.980108,19.993978,27.6,-4.080108,False
2014-01-08,20.5,18.5,24.019355,20.032688,27.61,-3.519355,False
2014-01-09,21.4,19.2,24.047097,20.090215,27.61,-2.647097,False
2014-01-10,23.0,19.8,24.074409,20.147849,27.7,-1.074409,False
2014-01-11,25.4,20.9,24.112903,20.222151,27.8,1.287097,False
2014-01-12,23.9,20.1,24.15957,20.289247,27.8,-0.25957,False
2014-01-13,22.6,19.1,24.193548,20.346882,27.8,-1.593548,False
2014-01-14,25.1,20.9,24.244731,20.397312,27.8,0.855269,False
2014-01-15,27.1,20.7,24.294516,20.444946,27.8,2.805484,False
2014-01-16,26.3,21.0,24.32914,20.477419,27.81,1.97086,False
2014-01-17,25.8,20.0,24.317419,20.506237,27.9,1.482581,False
2014-01-18,26.7,21.2,24.324409,20.527419,27.8,2.375591,False
2014-01-19,24.1,21.2,24.354946,20.546667,27.9,-0.254946,False
2014-01-20,23.3,20.8,24.35914,20.574731,27.9,-1.05914,False
2014-01-21,23.2,21.0,24.37871,20.612258,27.9,-1.17871,False
2014-01-22,21.8,20.0,24.387742,20.637312,27.9,-2.587742,False
2014-01-23,22.6,20.7,24.376022,20.654624,27.81,-1.776022,False
2014-01-24,24.9,19.9,24.403548,20.686989,27.8,0.496452,False
2014-01-25,21.1,18.6,24.460323,20.71129,27.9,-3.360323,False
2014-01-26,21.6,18.8,24.484086,20.728817,27.9,-2.884086,False
2014-01-27,23.3,19.2,24.495591,20.746344,27.9,-1.195591,False
2014-01-28,24.7,19.6,24.492581,20.74828,27.9,0.207419,False
2014-01-29,26.2,20.3,24.465054,20.753441,27.9,1.734946,False
2014-01-30,25.1,19.4,24.441613,20.760215,27.9,0.658387,False
2014-01-31,26.0,21.4,24.435161,20.78043,27.81,1.564839,False
2014-02-01,24.4,21.3,24.444624,20.776022,27.9,-0.044624,False
2014-02-02,24.8,20.9,24.418387,20.77871,27.7,0.381613,False
2014-02-03,24.8,20.6,24.398065,20.787527,27.7,0.401935,False
2014-02-04,22.0,18.3,24.414301,20.788387,27.7,-2.414301,False
2014-02-05,20.4,18.7,24.374839,20.778602,27.6,-3.974839,False
2014-02-06,20.7,16.7,24.326882,20.759247,27.51,-3.626882,False
2014-02-07,23.3,18.9,24.30828,20.743548,27.5,-1.00828,False
2014-02-08,25.2,19.5,24.269785,20.725269,27.31,0.930215,False
2014-02-09,25.4,21.1,24.251613,20.699032,27.2,1.148387,False
2014-02-10,23.0,21.2,24.239032,20.680215,27.2,-1.239032,False
2014-02-11,23.4,21.9,24.231075,20.658495,27.1,-0.831075,False
2014-02-12,23.9,21.8,24.22086,20.633441,27.1,-0.32086,False
2014-02-13,24.7,21.4,24.207312,20.605376,27.1,0.492688,False
2014-02-14,22.8,21.5,24.164516,20.562473,27.1,-1.364516,False
2014-02-15,24.3,22.1,24.09957,20.514516,27.1,0.20043,False
2014-02-16,23.6,19.9,24.05043,20.495806,27.0,-0.45043,False
2014-02-17,21.8,20.0,24.041075,20.46871,27.0,-2.241075,False
2014-02-18,22.9,20.9,24.016452,20.444409,26.91,-1.116452,False
2014-02-19,24.3,21.2,23.985914,20.421613,26.9,0.314086,False
2014-02-20,24.1,18.6,23.943011,20.389355,26.8,0.156989,False
2014-02-21,22.9,19.5,23.884946,20.345806,26.7,-0.984946,False
2014-02-22,21.8,19.6,23.850645,20.307849,26.6,-2.050645,False
2014-02-23,22.0,19.9,23.806774,20.271075,26.6,-1.806774,False
2014-02-24,22.8,19.8,23.751075,20.228817,26.5,-0.951075,False
2014-02-25,24.2,20.2,23.709032,20.185269,26.4,0.490968,False
2014-02-26,27.4,21.0,23.673441,20.147312,26.4,3.726559,False
2014-02-27,22.1,20.4,23.62957,20.094409,26.3,-1.52957,False
2014-02-28,20.9,20.2,23.598387,20.068925,26.2,-2.698387,False
2014-03-01,21.5,18.1,23.599677,20.034624,26.2,-2.099677,False
2014-03-02,21.5,19.8,23.571075,19.985806,26.2,-2.071075,False
2014-03-03,22.2,21.4,23.552796,19.936559,26.2,-1.352796,False
2014-03-04,23.3,18.4,23.535914,19.914194,26.2,-0.235914,False
2014-03-05,24.4,20.4,23.54129,19.873548,26.2,0.85871,False
2014-03-06,23.4,20.6,23.49828,19.828172,26.1,-0.09828,False
2014-03-07,24.0,20.4,23.445699,19.780323,26.1,0.554301,False
2014-03-08,24.4,20.7,23.415591,19.720753,26.1,0.984409,False
2014-03-09,24.3,20.4,23.391935,19.668602,26.1,0.908065,False
2014-03-10,24.3,20.4,23.342043,19.607849,26.0,0.957957,False
2014-03-11,24.1,19.5,23.328065,19.552688,26.0,0.771935,False
2014-03-12,25.0,19.9,23.285376,19.503226,25.9,1.714624,False
2014-03-13,22.8,20.1,23.249355,19.447742,25.9,-0.449355,False
2014-03-14,24.2,20.1,23.18172,19.393763,25.9,1.01828,False
2014-03-15,25.2,21.7,23.13828,19.314409,25.81,2.06172,False
2014-03-16,25.3,16.7,23.075699,19.232151,25.71,2.224301,False
2014-03-17,23.4,17.8,23.044731,19.182903,25.7,0.355269,False
2014-03-18,25.5,19.6,23.021505,19.122258,25.7,2.478495,False
2014-03-19,24.1,20.1,22.976344,19.041505,25.6,1.123656,False
2014-03-20,23.1,20.3,22.897312,18.964086,25.6,0.202688,False
2014-03-21,23.6,18.7,22.862366,18.890108,25.6,0.737634,False
2014-03-22,24.2,20.2,22.808925,18.812473,25.5,1.391075,False
2014-03-23,24.2,20.1,22.757742,18.722258,25.5,1.442258,False
2014-03-24,21.0,19.0,22.703978,18.632796,25.4,-1.703978,False
2014-03-25,22.8,20.5,22.636774,18.539785,25.4,0.163226,False
2014-03-26,22.0,21.3,22.575484,18.446667,25.4,-0.575484,False
2014-03-27,21.7,19.6,22.530753,18.355054,25.4,-0.830753,False
2014-03-28,22.3,20.0,22.450323,18.266882,25.3,-0.150323,False
2014-03-29,22.9,19.9,22.403333,18.183441,25.2,0.496667,False
2014-03-30,23.0,18.7,22.358387,18.108065,25.2,0.641613,False
2014-03-31,22.1,19.1,22.307527,18.031075,25.2,-0.207527,False
2014-04-01,23.7,19.3,22.243011,17.947204,25.2,1.456989,False
2014-04-02,23.8,19.7,22.192581,17.870108,25.11,1.607419,False
2014-04-03,24.5,20.7,22.116882,17.782796,25.0,2.383118,False
2014-04-04,21.3,19.6,22.037742,17.680538,24.9,-0.737742,False
2014-04-05,22.5,18.4,21.945699,17.588065,24.9,0.554301,False
2014-04-06,20.3,18.2,21.88828,17.496129,24.81,-1.58828,False
2014-04-07,20.7,19.2,21.819032,17.397204,24.8,-1.119032,False
2014-04-08,21.7,17.6,21.73914,17.30914,24.7,-0.03914,False
2014-04-09,21.6,19.7,21.688602,17.234301,24.6,-0.088602,False
2014-04-10,22.0,20.2,21.63,17.135484,24.5,0.37,False
2014-04-11,24.3,18.7,21.557527,17.043548,24.4,2.742473,False
2014-04-12,20.5,17.6,21.46871,16.944086,24.3,-0.96871,False
2014-04-13,19.5,16.5,21.397419,16.847849,24.2,-1.897419,False
2014-04-14,19.0,17.2,21.34129,16.763763,24.1,-2.34129,False
2014-04-15,19.8,16.7,21.261075,16.696667,24.1,-1.461075,False
2014-04-16,20.0,16.4,21.202366,16.632796,24.01,-1.202366,False
2014-04-17,20.9,15.7,21.13957,16.555376,24.0,-0.23957,False
2014-04-18,23.9,16.4,21.065806,16.486344,23.9,2.834194,False
2014-04-19,19.6,15.1,20.999892,16.392581,23.8,-1.399892,False
2014-04-20,21.0,14.0,20.927742,16.286344,23.8,0.072258,False
2014-04-21,20.5,15.1,20.848387,16.191183,23.7,-0.348387,False
2014-04-22,23.7,14.4,20.781828,16.09129,23.6,2.918172,False
2014-04-23,23.1,15.9,20.724409,15.99828,23.6,2.375591,False
2014-04-24,26.4,18.2,20.66129,15.910323,23.5,5.73871,False
2014-04-25,19.6,16.6,20.594624,15.818065,23.41,-0.994624,False
2014-04-26,22.7,17.6,20.534946,15.737527,23.4,2.165054,False
2014-04-27,18.9,17.1,20.442258,15.663656,23.3,-1.542258,False
2014-04-28,19.9,16.7,20.38,15.575806,23.2,-0.48,False
2014-04-29,23.4,19.0,20.287419,15.477849,23.2,3.112581,False
2014-04-30,21.5,14.4,20.184086,15.380968,23.1,1.315914,False
2014-05-01,18.6,15.3,20.093011,15.277634,22.9,-1.493011,False
2014-05-02,20.2,12.9,20.008495,15.182581,22.9,0.191505,False
2014-05-03,15.8,12.5,19.922688,15.108065,22.9,-4.122688,False
2014-05-04,17.7,11.2,19.856022,15.01828,22.8,-2.156022,False
2014-05-05,18.1,11.6,19.788065,14.937742,22.8,-1.688065,False
2014-05-06,18.3,14.5,19.718495,14.850215,22.7,-1.418495,False
2014-05-07,17.6,14.6,19.635914,14.769892,22.6,-2.035914,False
2014-05-08,17.9,14.7,19.580323,14.693118,22.5,-1.680323,False
2014-05-09,18.0,14.1,19.514086,14.616237,22.5,-1.514086,False
2014-05-10,20.8,16.2,19.431075,14.519462,22.4,1.368925,False
2014-05-11,19.7,16.7,19.351935,14.433763,22.3,0.348065,False
2014-05-12,19.8,15.7,19.258065,14.347419,22.2,0.541935,False
2014-05-13,19.1,14.6,19.196774,14.266237,22.1,-0.096774,False
2014-05-14,19.8,13.6,19.110645,14.163548,22.0,0.689355,False
2014-05-15,20.5,13.7,19.008065,14.053548,21.8,1.491935,False
2014-05-16,21.7,14.9,18.940645,13.972903,21.61,2.759355,False
2014-05-17,22.2,14.2,18.859462,13.900215,21.6,3.340538,False
2014-05-18,21.9,14.6,18.759462,13.83,21.5,3.140538,False
2014-05-19,23.3,15.5,18.680215,13.735591,21.4,4.619785,False
2014-05-20,23.2,15.3,18.599355,13.666129,21.3,4.600645,False
2014-05-21,20.1,14.2,18.529247,13.603333,21.3,1.570753,False
2014-05-22,23.3,14.9,18.449892,13.547742,21.2,4.850108,False
2014-05-23,23.6,17.1,18.365269,13.49828,21.11,5.234731,False
2014-05-24,22.6,15.7,18.287097,13.451398,21.0,4.312903,False
2014-05-25,22.8,16.2,18.218925,13.407204,20.81,4.581075,False
2014-05-26,23.0,17.6,18.145376,13.362473,20.8,4.854624,False
2014-05-27,23.4,17.9,18.074086,13.302581,20.71,5.325914,False
2014-05-28,22.1,14.0,18.016237,13.244516,20.7,4.083763,False
2014-05-29,18.6,16.8,17.953763,13.194516,20.6,0.646237,False
2014-05-30,18.4,16.1,17.895054,13.125914,20.6,0.504946,False
2014-05-31,19.1,17.0,17.834301,13.053226,20.51,1.265699,False
2014-06-01,19.2,14.7,17.766559,12.98043,20.4,1.433441,False
2014-06-02,19.9,12.6,17.68871,12.922473,20.21,2.21129,False
2014-06-03,18.7,11.9,17.61957,12.851505,20.11,1.08043,False
2014-06-04,19.1,15.4,17.545699,12.786667,20.1,1.554301,False
2014-06-05,17.1,15.0,17.472043,12.722366,20.01,-0.372043,False
2014-06-06,15.6,13.8,17.402796,12.660753,20.0,-1.802796,False
2014-06-07,17.0,12.8,17.330215,12.568602,19.9,-0.330215,False
2014-06-08,16.0,11.7,17.253548,12.486344,19.8,-1.253548,False
2014-06-09,16.2,14.4,17.185806,12.396559,19.71,-0.985806,False
2014-06-10,16.9,14.1,17.111613,12.336882,19.7,-0.211613,False
2014-06-11,17.4,13.4,17.055591,12.286129,19.6,0.344409,False
2014-06-12,18.1,12.4,16.991075,12.243118,19.5,1.108925,False
2014-06-13,18.3,14.3,16.946022,12.195376,19.4,1.353978,False
2014-06-14,18.4,12.4,16.905806,12.163118,19.3,1.494194,False
2014-06-15,15.9,11.3,16.87129,12.121398,19.2,-0.97129,False
2014-06-16,17.7,12.5,16.81,12.050968,19.1,0.89,False
2014-06-17,17.8,13.8,16.768817,11.976882,19.0,1.031183,False
2014-06-18,17.3,12.4,16.74043,11.916452,19.0,0.55957,False
2014-06-19,18.2,14.2,16.720215,11.880108,19.0,1.479785,False
2014-06-20,20.1,11.9,16.697204,11.817204,19.0,3.402796,False
2014-06-21,18.4,12.9,16.676882,11.762903,18.91,1.723118,False
2014-06-22,17.2,12.5,16.636344,11.694516,18.8,0.563656,False
2014-06-23,17.7,12.1,16.588172,11.635054,18.8,1.111828,False
2014-06-24,15.7,12.6,16.544086,11.567634,18.7,-0.844086,False
2014-06-25,17.0,12.8,16.488817,11.521935,18.6,0.511183,False
2014-06-26,19.2,12.0,16.466344,11.46957,18.6,2.733656,False
2014-06-27,18.8,13.2,16.444731,11.417957,18.5,2.355269,False
2014-06-28,19.1,11.1,16.406344,11.370968,18.5,2.693656,False
2014-06-29,15.1,10.4,16.365269,11.313656,18.5,-1.265269,False
2014-06-30,14.7,10.4,16.334409,11.27043,18.5,-1.634409,False
2014-07-01,16.4,9.8,16.312043,11.233871,18.5,0.087957,False
2014-07-02,17.0,8.7,16.293011,11.20086,18.5,0.706989,False
2014-07-03,16.1,9.6,16.293656,11.156344,18.5,-0.193656,False
2014-07-04,19.4,10.3,16.292581,11.134086,18.5,3.107419,False
2014-07-05,16.8,10.7,16.269032,11.097527,18.5,0.530968,False
2014-07-06,15.7,10.3,16.243226,11.054516,18.5,-0.543226,False
2014-07-07,16.6,8.5,16.232903,11.017849,18.5,0.367097,False
2014-07-08,15.9,9.5,16.235269,11.02172,18.6,-0.335269,False
2014-07-09,19.2,10.4,16.227957,11.023011,18.6,2.972043,False
2014-07-10,15.4,11.7,16.237957,11.038925,18.7,-0.837957,False
2014-07-11,16.8,8.8,16.246667,11.019785,18.7,0.553333,False
2014-07-12,17.3,9.8,16.237204,10.98828,18.7,1.062796,False
2014-07-13,13.9,10.6,16.249355,10.954839,18.7,-2.349355,False
2014-07-14,15.2,12.2,16.258172,10.92914,18.7,-1.058172,False
2014-07-15,16.2,13.8,16.272688,10.915484,18.7,-0.072688,False
2014-07-16,16.7,11.0,16.29086,10.89871,18.7,0.40914,False
2014-07-17,18.1,9.2,16.321075,10.880753,18.7,1.778925,False
2014-07-18,14.2,10.9,16.332581,10.869355,18.7,-2.132581,False
2014-07-19,14.6,12.3,16.352043,10.853118,18.81,-1.752043,False
2014-07-20,15.0,11.1,16.349032,10.830645,18.81,-1.349032,False
2014-07-21,15.0,11.5,16.349785,10.833548,18.9,-1.349785,False
2014-07-22,15.0,10.9,16.360645,10.833226,18.9,-1.360645,False
2014-07-23,15.2,10.3,16.376559,10.831505,19.0,-1.176559,False
2014-07-24,16.4,12.2,16.39043,10.813871,19.0,0.00957,False
2014-07-25,19.0,13.3,16.420108,10.812366,19.0,2.579892,False
2014-07-26,16.9,10.5,16.473226,10.78957,19.2,0.426774,False
2014-07-27,17.6,9.7,16.50957,10.790108,19.2,1.09043,False
2014-07-28,18.2,13.0,16.549032,10.800753,19.31,1.650968,False
2014-07-29,20.4,14.1,16.598602,10.796989,19.4,3.801398,False
2014-07-30,20.4,14.2,16.642258,10.811183,19.4,3.757742,False
2014-07-31,22.1,16.2,16.689462,10.846237,19.51,5.410538,False
2014-08-01,16.0,8.8,16.730753,10.871505,19.61,-0.730753,False
2014-08-02,13.6,10.0,16.784946,10.886237,19.71,-3.184946,False
2014-08-03,14.4,10.1,16.797204,10.896344,19.8,-2.397204,False
2014-08-04,15.8,9.8,16.804516,10.893011,19.8,-1.004516,False
2014-08-05,17.1,9.0,16.832473,10.914194,19.81,0.267527,False
2014-08-06,18.9,8.9,16.874839,10.956774,19.9,2.025161,False
2014-08-07,16.6,11.0,16.903978,11.005269,19.9,-0.303978,False
2014-08-08,15.6,10.5,16.93828,11.023548,19.91,-1.33828,False
2014-08-09,18.8,11.0,16.949462,11.04043,20.0,1.850538,False
2014-08-10,19.7,9.8,16.963978,11.041935,20.0,2.736022,False
2014-08-11,12.8,9.6,16.979355,11.075914,19.91,-4.179355,False
2014-08-12,12.7,11.1,17.010753,11.113656,20.1,-4.310753,False
2014-08-13,14.5,9.9,17.032581,11.146774,20.11,-2.532581,False
2014-08-14,15.4,10.7,17.042473,11.213656,20.11,-1.642473,False
2014-08-15,15.9,11.9,17.079677,11.271828,20.2,-1.179677,False
2014-08-16,15.4,13.8,17.129462,11.319785,20.3,-1.729462,False
2014-08-17,16.2,12.6,17.156344,11.384409,20.4,-0.956344,False
2014-08-18,14.9,13.4,17.196667,11.447849,20.4,-2.296667,False
2014-08-19,15.3,12.6,17.254516,11.508495,20.41,-1.954516,False
2014-08-20,14.6,11.4,17.309032,11.574516,20.6,-2.709032,False
2014-08-21,15.6,13.7,17.355806,11.627849,20.6,-1.755806,False
2014-08-22,16.0,12.3,17.390645,11.689677,20.61,-1.390645,False
2014-08-23,15.3,12.9,17.430323,11.762796,20.7,-2.130323,False
2014-08-24,17.3,12.7,17.481935,11.839677,20.71,-0.181935,False
2014-08-25,17.2,13.3,17.512151,11.911505,20.8,-0.312151,False
2014-08-26,15.9,14.6,17.527849,11.958495,20.81,-1.627849,False
2014-08-27,15.6,12.9,17.555914,12.006129,20.8,-1.955914,False
2014-08-28,16.7,12.9,17.593763,12.064624,20.9,-0.893763,False
2014-08-29,15.4,13.9,17.647312,12.128925,21.0,-2.247312,False
2014-08-30,15.8,13.7,17.703871,12.205269,21.0,-1.903871,False
2014-08-31,17.9,11.7,17.776022,12.262258,21.2,0.123978,False
2014-09-01,20.4,14.7,17.839355,12.319355,21.21,2.560645,False
2014-09-02,15.9,11.2,17.867527,12.383763,21.21,-1.967527,False
2014-09-03,15.0,11.6,17.934839,12.479032,21.4,-2.934839,False
2014-09-04,15.1,12.5,18.029462,12.566774,21.61,-2.929462,False
2014-09-05,15.0,13.0,18.089462,12.632258,21.7,-3.089462,False
2014-09-06,15.3,12.9,18.146882,12.690108,21.7,-2.846882,False
2014-09-07,15.8,11.8,18.235054,12.762043,21.8,-2.435054,False
2014-09-08,17.4,13.4,18.322043,12.856559,21.9,-0.922043,False
2014-09-09,20.0,15.9,18.428387,12.945699,22.01,1.571613,False
2014-09-10,20.9,12.1,18.491828,13.024194,22.2,2.408172,False
2014-09-11,20.6,14.2,18.52914,13.076667,22.2,2.07086,False
2014-09-12,15.9,14.1,18.585806,13.151398,22.2,-2.685806,False
2014-09-13,16.5,12.3,18.686882,13.235591,22.4,-2.186882,False
2014-09-14,19.2,14.6,18.777419,13.260753,22.5,0.422581,False
2014-09-15,18.0,15.8,18.825484,13.306882,22.6,-0.825484,False
2014-09-16,20.3,14.4,18.889247,13.386989,22.6,1.410753,False
2014-09-17,20.0,11.4,18.980323,13.480108,22.71,1.019677,False
2014-09-18,16.7,10.3,19.071183,13.561613,23.0,-2.371183,False
2014-09-19,16.1,11.3,19.101398,13.625914,23.1,-3.001398,False
2014-09-20,16.4,12.9,19.176989,13.70957,23.2,-2.776989,False
2014-09-21,16.9,13.9,19.254086,13.787204,23.3,-2.354086,False
2014-09-22,17.5,12.1,19.302688,13.863333,23.5,-1.802688,False
2014-09-23,18.6,13.1,19.356237,13.903548,23.5,-0.756237,False
2014-09-24,20.5,16.7,19.39828,13.954194,23.6,1.10172,False
2014-09-25,19.7,14.6,19.476989,14.022151,23.8,0.223011,False
2014-09-26,17.2,14.4,19.552796,14.103978,23.8,-2.352796,False
2014-09-27,17.9,13.2,19.616989,14.200645,23.9,-1.716989,False
2014-09-28,21.4,16.1,19.684946,14.27871,24.02,1.715054,False
2014-09-29,24.6,17.9,19.712258,14.351505,24.02,4.887742,False
2014-09-30,27.5,15.1,19.752473,14.411075,24.2,7.747527,False
2014-10-01,18.1,12.2,19.78828,14.488925,24.3,-1.68828,False
2014-10-02,20.5,15.0,19.812258,14.562903,24.31,0.687742,False
2014-10-03,18.7,16.8,19.868065,14.62871,24.31,-1.168065,False
2014-10-04,20.6,14.2,19.92086,14.673763,24.41,0.67914,False
2014-10-05,25.2,16.8,19.93086,14.709677,24.5,5.26914,False
2014-10-06,22.6,19.0,19.966667,14.774839,24.51,2.633333,False
2014-10-07,23.2,15.3,19.976559,14.829355,24.6,3.223441,False
2014-10-08,17.4,15.2,19.983011,14.871828,24.5,-2.583011,False
2014-10-09,18.9,14.7,19.997527,14.921828,24.5,-1.097527,False
2014-10-10,20.8,16.2,20.053441,14.985914,24.41,0.746559,False
2014-10-11,21.9,16.4,20.111398,15.055914,24.5,1.788602,False
2014-10-12,22.9,17.8,20.178925,15.118495,24.6,2.721075,False
2014-10-13,23.0,14.1,20.205054,15.19,24.6,2.794946,False
2014-10-14,18.0,11.8,20.204946,15.245806,24.6,-2.204946,False
2014-10-15,15.4,11.9,20.240538,15.345161,24.51,-4.840538,False
2014-10-16,18.7,13.3,20.300108,15.417097,24.51,-1.600108,False
2014-10-17,16.9,13.9,20.322258,15.465806,24.5,-3.422258,False
2014-10-18,17.5,13.7,20.337742,15.505484,24.5,-2.837742,False
2014-10-19,21.3,16.2,20.369677,15.548817,24.51,0.930323,False
2014-10-20,17.8,15.2,20.383871,15.587204,24.5,-2.583871,False
2014-10-21,17.6,15.1,20.358817,15.61172,24.4,-2.758817,False
2014-10-22,19.7,15.3,20.375591,15.664946,24.31,-0.675591,False
2014-10-23,22.5,17.7,20.420538,15.715591,24.4,2.079462,False
2014-10-24,22.7,18.2,20.466774,15.787312,24.5,2.233226,False
2014-10-25,23.8,18.6,20.518172,15.853978,24.5,3.281828,False
2014-10-26,25.9,17.8,20.546344,15.894086,24.5,5.353656,False
2014-10-27,27.7,16.0,20.566882,15.952043,24.5,7.133118,False
2014-10-28,24.9,16.0,20.607204,16.01129,24.5,4.292796,False
2014-10-29,19.8,16.2,20.644086,16.071398,24.5,-0.844086,False
2014-10-30,22.4,16.7,20.723441,16.143548,24.51,1.676559,False
2014-10-31,26.2,22.2,20.759462,16.201828,24.51,5.440538,False
2014-11-01,29.6,14.7,20.744946,16.237527,24.5,8.855054,False
2014-11-02,19.2,14.3,20.755914,16.284624,24.5,-1.555914,False
2014-11-03,19.0,16.2,20.802473,16.34957,24.5,-1.802473,False
2014-11-04,20.5,17.7,20.850968,16.428817,24.61,-0.350968,False
2014-11-05,22.3,16.4,20.935054,16.517957,24.8,1.364946,False
2014-11-06,18.9,15.7,21.000323,16.599785,24.9,-2.100323,False
2014-11-07,19.6,14.7,21.07828,16.651398,25.0,-1.47828,False
2014-11-08,20.8,17.1,21.104301,16.698817,25.0,-0.304301,False
2014-11-09,21.0,18.6,21.127849,16.752258,25.0,-0.127849,False
2014-11-10,20.5,17.3,21.151183,16.81129,25.1,-0.651183,False
2014-11-11,18.7,17.0,21.235806,16.875161,25.2,-2.535806,False
2014-11-12,19.7,17.2,21.307742,16.95914,25.3,-1.607742,False
2014-11-13,23.8,18.7,21.391183,17.027849,25.31,2.408817,False
2014-11-14,28.6,18.9,21.464301,17.085161,25.4,7.135699,False
2014-11-15,20.5,18.3,21.500108,17.126989,25.5,-1.000108,False
2014-11-16,25.4,16.0,21.558172,17.181505,25.6,3.841828,False
2014-11-17,21.2,17.9,21.598602,17.226129,25.71,-0.398602,False
2014-11-18,21.5,18.0,21.643333,17.285484,25.8,-0.143333,False
2014-11-19,22.2,19.3,21.67129,17.343871,25.8,0.52871,False
2014-11-20,28.3,22.5,21.73828,17.412366,25.9,6.56172,False
2014-11-21,32.5,19.1,21.815269,17.483656,26.0,10.684731,False
2014-11-22,23.5,19.2,21.861183,17.543871,26.01,1.638817,False
2014-11-23,26.9,20.5,21.913548,17.617634,26.1,4.986452,False
2014-11-24,23.8,21.5,21.973226,17.696452,26.1,1.826774,False
2014-11-25,21.0,18.5,22.032581,17.757527,26.2,-1.032581,False
2014-11-26,21.7,18.8,22.082151,17.817849,26.21,-0.382151,False
2014-11-27,19.4,17.4,22.125699,17.879677,26.3,-2.725699,False
2014-11-28,21.2,17.8,22.17871,17.93871,26.4,-0.97871,False
2014-11-29,22.9,18.8,22.221613,17.99828,26.4,0.678387,False
2014-11-30,24.1,20.1,22.229892,18.052688,26.3,1.870108,False
2014-12-01,23.9,20.6,22.294409,18.113548,26.4,1.605591,False
2014-12-02,25.8,21.1,22.373763,18.186882,26.4,3.426237,False
2014-12-03,26.5,20.7,22.463226,18.251183,26.4,4.036774,False
2014-12-04,24.8,21.4,22.523548,18.30129,26.5,2.276452,False
2014-12-05,24.4,20.5,22.573011,18.352043,26.5,1.826989,False
2014-12-06,23.1,20.1,22.603763,18.407957,26.5,0.496237,False
2014-12-07,23.9,20.5,22.657097,18.463763,26.6,1.242903,False
2014-12-08,26.1,20.3,22.717312,18.55086,26.6,3.382688,False
2014-12-09,21.5,19.8,22.806129,18.622258,26.7,-1.306129,False
2014-12-10,22.4,21.0,22.873226,18.668817,26.7,-0.473226,False
2014-12-11,22.2,17.1,22.908065,18.686022,26.7,-0.708065,False
2014-12-12,19.9,17.7,22.882151,18.716989,26.6,-2.982151,False
2014-12-13,20.0,17.2,22.905914,18.748495,26.6,-2.905914,False
2014-12-14,22.0,18.2,22.925054,18.775699,26.6,-0.925054,False
2014-12-15,22.8,19.0,22.955161,18.835806,26.6,-0.155161,False
2014-12-16,25.2,19.5,23.010323,18.896989,26.6,2.189677,False
2014-12-17,20.7,19.2,23.056129,18.954516,26.6,-2.356129,False
2014-12-18,23.3,18.6,23.108387,19.025161,26.51,0.191613,False
2014-12-19,19.7,17.8,23.145161,19.073226,26.6,-3.445161,False
2014-12-20,21.5,18.5,23.19,19.127957,26.6,-1.69,False
2014-12-21,23.1,19.7,23.254194,19.187849,26.7,-0.154194,False
2014-12-22,24.2,20.3,23.309355,19.238387,26.61,0.890645,False
2014-12-23,23.2,21.3,23.369247,19.290538,26.71,-0.169247,False
2014-12-24,22.1,20.3,23.41871,19.318065,26.8,-1.31871,False
2014-12-25,24.4,21.6,23.42914,19.355806,26.9,0.97086,False
2014-12-26,25.1,18.8,23.456129,19.413656,26.91,1.643871,False
2014-12-27,20.5,19.7,23.513656,19.493011,27.1,-3.013656,False
2014-12-28,21.7,18.5,23.585161,19.555914,27.1,-1.885161,False
2014-12-29,24.6,20.7,23.622473,19.595054,27.11,0.977527,False
2014-12-30,24.7,19.3,23.665161,19.634839,27.2,1.034839,False
2014-12-31,23.2,20.5,23.717419,19.671075,27.3,-0.517419,False
2015-01-01,25.4,21.4,23.731828,19.716667,27.3,1.668172,False
2015-01-02,24.0,21.8,23.783978,19.759247,27.5,0.216022,False
2015-01-03,25.5,21.8,23.833011,19.80043,27.6,1.666989,False
2015-01-04,26.4,21.1,23.836774,19.851183,27.5,2.563226,False
2015-01-05,23.2,21.5,23.888817,19.901183,27.5,-0.688817,False
2015-01-06,24.4,21.8,23.941505,19.945161,27.6,0.458495,False
2015-01-07,25.4,20.7,23.980108,19.993978,27.6,1.419892,False
2015-01-08,25.7,21.8,24.019355,20.032688,27.61,1.680645,False
2015-01-09,25.9,22.5,24.047097,20.090215,27.61,1.852903,False
2015-01-10,24.9,21.2,24.074409,20.147849,27.7,0.825591,False
2015-01-11,22.1,20.7,24.112903,20.222151,27.8,-2.012903,False
2015-01-12,22.4,21.0,24.15957,20.289247,27.8,-1.75957,False
2015-01-13,26.5,23.0,24.193548,20.346882,27.8,2.306452,False
2015-01-14,29.7,21.5,24.244731,20.397312,27.8,5.455269,False
2015-01-15,23.7,20.2,24.294516,20.444946,27.8,-0.594516,False
2015-01-16,25.2,20.8,24.32914,20.477419,27.81,0.87086,False
2015-01-17,27.5,21.0,24.317419,20.506237,27.9,3.182581,False
2015-01-18,24.7,19.8,24.324409,20.527419,27.8,0.375591,False
2015-01-19,20.8,19.3,24.354946,20.546667,27.9,-3.554946,False
2015-01-20,23.3,21.2,24.35914,20.574731,27.9,-1.05914,False
2015-01-21,24.0,21.6,24.37871,20.612258,27.9,-0.37871,False
2015-01-22,24.8,22.2,24.387742,20.637312,27.9,0.412258,False
2015-01-23,25.9,22.3,24.376022,20.654624,27.81,1.523978,False
2015-01-24,25.7,22.1,24.403548,20.686989,27.8,1.296452,False
2015-01-25,27.7,20.8,24.460323,20.71129,27.9,3.239677,False
2015-01-26,21.1,19.8,24.484086,20.728817,27.9,-3.384086,False
2015-01-27,20.4,19.4,24.495591,20.746344,27.9,-4.095591,False
2015-01-28,20.8,16.5,24.492581,20.74828,27.9,-3.692581,False
2015-01-29,20.7,16.2,24.465054,20.753441,27.9,-3.765054,False
2015-01-30,23.1,17.9,24.441613,20.760215,27.9,-1.341613,False
2015-01-31,22.4,19.3,24.435161,20.78043,27.81,-2.035161,False
2015-02-01,22.5,18.7,24.444624,20.776022,27.9,-1.944624,False
2015-02-02,21.7,19.3,24.418387,20.77871,27.7,-2.718387,False
2015-02-03,22.0,18.3,24.398065,20.787527,27.7,-2.398065,False
2015-02-04,21.9,19.4,24.414301,20.788387,27.7,-2.514301,False
2015-02-05,21.9,19.5,24.374839,20.778602,27.6,-2.474839,False
2015-02-06,22.3,20.1,24.326882,20.759247,27.51,-2.026882,False
2015-02-07,23.6,20.2,24.30828,20.743548,27.5,-0.70828,False
2015-02-08,27.0,22.3,24.269785,20.725269,27.31,2.730215,False
2015-02-09,24.4,21.7,24.251613,20.699032,27.2,0.148387,False
2015-02-10,24.7,21.9,24.239032,20.680215,27.2,0.460968,False
2015-02-11,25.1,21.7,24.231075,20.658495,27.1,0.868925,False
2015-02-12,25.0,21.8,24.22086,20.633441,27.1,0.77914,False
2015-02-13,24.5,20.6,24.207312,20.605376,27.1,0.292688,False
2015-02-14,24.7,21.4,24.164516,20.562473,27.1,0.535484,False
2015-02-15,25.4,21.8,24.09957,20.514516,27.1,1.30043,False
2015-02-16,25.5,21.3,24.05043,20.495806,27.0,1.44957,False
2015-02-17,25.3,21.5,24.041075,20.46871,27.0,1.258925,False
2015-02-18,24.6,22.3,24.016452,20.444409,26.91,0.583548,False
2015-02-19,23.8,21.9,23.985914,20.421613,26.9,-0.185914,False
2015-02-20,24.0,21.6,23.943011,20.389355,26.8,0.056989,False
2015-02-21,23.4,21.8,23.884946,20.345806,26.7,-0.484946,False
2015-02-22,24.2,21.3,23.850645,20.307849,26.6,0.349355,False
2015-02-23,24.0,21.6,23.806774,20.271075,26.6,0.193226,False
2015-02-24,23.3,20.5,23.751075,20.228817,26.5,-0.451075,False
2015-02-25,21.7,20.8,23.709032,20.185269,26.4,-2.009032,False
2015-02-26,23.5,20.5,23.673441,20.147312,26.4,-0.173441,False
2015-02-27,23.8,19.9,23.62957,20.094409,26.3,0.17043,False
2015-02-28,25.6,21.6,23.598387,20.068925,26.2,2.001613,False
2015-03-01,29.5,20.3,23.599677,20.034624,26.2,5.900323,False
2015-03-02,22.1,19.0,23.571075,19.985806,26.2,-1.471075,False
2015-03-03,24.2,22.0,23.552796,19.936559,26.2,0.647204,False
2015-03-04,24.7,20.4,23.535914,19.914194,26.2,1.164086,False
2015-03-05,24.9,17.5,23.54129,19.873548,26.2,1.35871,False
2015-03-06,26.5,18.9,23.49828,19.828172,26.1,3.00172,False
2015-03-07,23.0,20.6,23.445699,19.780323,26.1,-0.445699,False
2015-03-08,24.4,20.0,23.415591,19.720753,26.1,0.984409,False
2015-03-09,25.3,21.5,23.391935,19.668602,26.1,1.908065,False
2015-03-10,23.4,21.7,23.342043,19.607849,26.0,0.057957,False
2015-03-11,24.8,21.4,23.328065,19.552688,26.0,1.471935,False
2015-03-12,24.1,19.7,23.285376,19.503226,25.9,0.814624,False
2015-03-13,20.0,18.0,23.249355,19.447742,25.9,-3.249355,False
2015-03-14,21.8,18.0,23.18172,19.393763,25.9,-1.38172,False
2015-03-15,21.4,17.7,23.13828,19.314409,25.81,-1.73828,False
2015-03-16,20.8,16.9,23.075699,19.232151,25.71,-2.275699,False
2015-03-17,22.5,20.3,23.044731,19.182903,25.7,-0.544731,False
2015-03-18,25.5,20.4,23.021505,19.122258,25.7,2.478495,False
2015-03-19,24.9,20.0,22.976344,19.041505,25.6,1.923656,False
2015-03-20,27.5,20.2,22.897312,18.964086,25.6,4.602688,False
2015-03-21,21.2,20.5,22.862366,18.890108,25.6,-1.662366,False
2015-03-22,22.5,20.2,22.808925,18.812473,25.5,-0.308925,False
2015-03-23,24.4,21.2,22.757742,18.722258,25.5,1.642258,False
2015-03-24,24.1,17.3,22.703978,18.632796,25.4,1.396022,False
2015-03-25,21.1,18.1,22.636774,18.539785,25.4,-1.536774,False
2015-03-26,25.3,15.0,22.575484,18.446667,25.4,2.724516,False
2015-03-27,24.0,15.5,22.530753,18.355054,25.4,1.469247,False
2015-03-28,20.7,17.4,22.450323,18.266882,25.3,-1.750323,False
2015-03-29,22.8,19.9,22.403333,18.183441,25.2,0.396667,False
2015-03-30,22.6,18.8,22.358387,18.108065,25.2,0.241613,False
2015-03-31,21.4,18.8,22.307527,18.031075,25.2,-0.907527,False
2015-04-01,23.5,19.6,22.243011,17.947204,25.2,1.256989,False
2015-04-02,25.4,19.3,22.192581,17.870108,25.11,3.207419,False
2015-04-03,19.8,18.8,22.116882,17.782796,25.0,-2.316882,False
2015-04-04,18.7,17.7,22.037742,17.680538,24.9,-3.337742,False
2015-04-05,21.7,16.8,21.945699,17.588065,24.9,-0.245699,False
2015-04-06,22.4,17.1,21.88828,17.496129,24.81,0.51172,False
2015-04-07,20.7,14.8,21.819032,17.397204,24.8,-1.119032,False
2015-04-08,21.1,16.6,21.73914,17.30914,24.7,-0.63914,False
2015-04-09,19.8,16.1,21.688602,17.234301,24.6,-1.888602,False
2015-04-10,19.4,16.9,21.63,17.135484,24.5,-2.23,False
2015-04-11,19.9,15.3,21.557527,17.043548,24.4,-1.657527,False
2015-04-12,20.4,16.5,21.46871,16.944086,24.3,-1.06871,False
2015-04-13,19.4,16.2,21.397419,16.847849,24.2,-1.997419,False
2015-04-14,20.3,16.7,21.34129,16.763763,24.1,-1.04129,False
2015-04-15,22.6,19.2,21.261075,16.696667,24.1,1.338925,False
2015-04-16,26.1,19.8,21.202366,16.632796,24.01,4.897634,False
2015-04-17,22.0,19.9,21.13957,16.555376,24.0,0.86043,False
2015-04-18,24.2,19.1,21.065806,16.486344,23.9,3.134194,False
2015-04-19,19.6,14.2,20.999892,16.392581,23.8,-1.399892,False
2015-04-20,17.0,16.0,20.927742,16.286344,23.8,-3.927742,False
2015-04-21,17.3,15.7,20.848387,16.191183,23.7,-3.548387,False
2015-04-22,18.4,17.1,20.781828,16.09129,23.6,-2.381828,False
2015-04-23,20.3,16.0,20.724409,15.99828,23.6,-0.424409,False
2015-04-24,22.7,15.5,20.66129,15.910323,23.5,2.03871,False
2015-04-25,21.5,13.2,20.594624,15.818065,23.41,0.905376,False
2015-04-26,18.0,14.3,20.534946,15.737527,23.4,-2.534946,False
2015-04-27,18.0,14.1,20.442258,15.663656,23.3,-2.442258,False
2015-04-28,17.6,14.1,20.38,15.575806,23.2,-2.78,False
2015-04-29,17.8,16.8,20.287419,15.477849,23.2,-2.487419,False
2015-04-30,18.3,16.1,20.184086,15.380968,23.1,-1.884086,False
2015-05-01,19.7,17.1,20.093011,15.277634,22.9,-0.393011,False
2015-05-02,20.2,19.3,20.008495,15.182581,22.9,0.191505,False
2015-05-03,20.2,18.2,19.922688,15.108065,22.9,0.277312,False
2015-05-04,20.0,17.0,19.856022,15.01828,22.8,0.143978,False
2015-05-05,24.5,13.9,19.788065,14.937742,22.8,4.711935,False
2015-05-06,18.9,12.6,19.718495,14.850215,22.7,-0.818495,False
2015-05-07,18.6,12.5,19.635914,14.769892,22.6,-1.035914,False
2015-05-08,18.2,12.1,19.580323,14.693118,22.5,-1.380323,False
2015-05-09,19.5,13.1,19.514086,14.616237,22.5,-0.014086,False
2015-05-10,20.2,15.9,19.431075,14.519462,22.4,0.768925,False
2015-05-11,19.8,14.3,19.351935,14.433763,22.3,0.448065,False
2015-05-12,21.3,13.5,19.258065,14.347419,22.2,2.041935,False
2015-05-13,15.3,10.4,19.196774,14.266237,22.1,-3.896774,False
2015-05-14,17.1,13.0,19.110645,14.163548,22.0,-2.010645,False
2015-05-15,17.8,15.7,19.008065,14.053548,21.8,-1.208065,False
2015-05-16,16.9,14.3,18.940645,13.972903,21.61,-2.040645,False
2015-05-17,17.5,14.3,18.859462,13.900215,21.6,-1.359462,False
2015-05-18,18.5,15.5,18.759462,13.83,21.5,-0.259462,False
2015-05-19,20.0,16.5,18.680215,13.735591,21.4,1.319785,False
2015-05-20,22.4,15.4,18.599355,13.666129,21.3,3.800645,False
2015-05-21,19.2,14.7,18.529247,13.603333,21.3,0.670753,False
2015-05-22,16.3,14.1,18.449892,13.547742,21.2,-2.149892,False
2015-05-23,16.7,12.7,18.365269,13.49828,21.11,-1.665269,False
2015-05-24,17.0,12.4,18.287097,13.451398,21.0,-1.287097,False
2015-05-25,17.9,12.6,18.218925,13.407204,20.81,-0.318925,False
2015-05-26,17.1,13.0,18.145376,13.362473,20.8,-1.045376,False
2015-05-27,18.5,13.5,18.074086,13.302581,20.71,0.425914,False
2015-05-28,20.1,16.4,18.016237,13.244516,20.7,2.083763,False
2015-05-29,19.8,13.2,17.953763,13.194516,20.6,1.846237,False
2015-05-30,17.6,13.1,17.895054,13.125914,20.6,-0.295054,False
2015-05-31,16.4,12.7,17.834301,13.053226,20.51,-1.434301,False
2015-06-01,14.7,9.7,17.766559,12.98043,20.4,-3.066559,False
2015-06-02,14.8,10.6,17.68871,12.922473,20.21,-2.88871,False
2015-06-03,15.6,10.2,17.61957,12.851505,20.11,-2.01957,False
2015-06-04,16.3,9.8,17.545699,12.786667,20.1,-1.245699,False
2015-06-05,14.5,11.4,17.472043,12.722366,20.01,-2.972043,False
2015-06-06,17.6,12.1,17.402796,12.660753,20.0,0.197204,False
2015-06-07,19.7,14.1,17.330215,12.568602,19.9,2.369785,False
2015-06-08,21.5,15.2,17.253548,12.486344,19.8,4.246452,False
2015-06-09,20.8,13.6,17.185806,12.396559,19.71,3.614194,False
2015-06-10,15.7,14.7,17.111613,12.336882,19.7,-1.411613,False
2015-06-11,16.9,14.5,17.055591,12.286129,19.6,-0.155591,False
2015-06-12,16.9,14.5,16.991075,12.243118,19.5,-0.091075,False
2015-06-13,18.0,11.9,16.946022,12.195376,19.4,1.053978,False
2015-06-14,17.8,14.3,16.905806,12.163118,19.3,0.894194,False
2015-06-15,17.6,15.6,16.87129,12.121398,19.2,0.72871,False
2015-06-16,17.2,16.5,16.81,12.050968,19.1,0.39,False
2015-06-17,17.6,13.2,16.768817,11.976882,19.0,0.831183,False
2015-06-18,15.9,11.8,16.74043,11.916452,19.0,-0.84043,False
2015-06-19,13.7,11.1,16.720215,11.880108,19.0,-3.020215,False
2015-06-20,13.9,10.6,16.697204,11.817204,19.0,-2.797204,False
2015-06-21,14.7,9.8,16.676882,11.762903,18.91,-1.976882,False
2015-06-22,16.8,10.7,16.636344,11.694516,18.8,0.163656,False
2015-06-23,18.5,13.6,16.588172,11.635054,18.8,1.911828,False
2015-06-24,18.8,13.6,16.544086,11.567634,18.7,2.255914,False
2015-06-25,16.2,14.2,16.488817,11.521935,18.6,-0.288817,False
2015-06-26,16.7,10.4,16.466344,11.46957,18.6,0.233656,False
2015-06-27,17.8,11.1,16.444731,11.417957,18.5,1.355269,False
2015-06-28,16.2,13.0,16.406344,11.370968,18.5,-0.206344,False
2015-06-29,17.1,11.2,16.365269,11.313656,18.5,0.734731,False
2015-06-30,17.0,11.7,16.334409,11.27043,18.5,0.665591,False
2015-07-01,14.7,8.1,16.312043,11.233871,18.5,-1.612043,False
2015-07-02,16.0,10.0,16.293011,11.20086,18.5,-0.293011,False
2015-07-03,13.8,7.2,16.293656,11.156344,18.5,-2.493656,False
2015-07-04,14.1,7.4,16.292581,11.134086,18.5,-2.192581,False
2015-07-05,15.8,7.0,16.269032,11.097527,18.5,-0.469032,False
2015-07-06,15.1,9.6,16.243226,11.054516,18.5,-1.143226,False
2015-07-07,13.7,10.4,16.232903,11.017849,18.5,-2.532903,False
2015-07-08,14.5,9.8,16.235269,11.02172,18.6,-1.735269,False
2015-07-09,15.7,9.5,16.227957,11.023011,18.6,-0.527957,False
2015-07-10,15.6,11.2,16.237957,11.038925,18.7,-0.637957,False
2015-07-11,17.6,9.6,16.246667,11.019785,18.7,1.353333,False
2015-07-12,13.2,9.3,16.237204,10.98828,18.7,-3.037204,False
2015-07-13,16.5,10.9,16.249355,10.954839,18.7,0.250645,False
2015-07-14,14.8,8.3,16.258172,10.92914,18.7,-1.458172,False
2015-07-15,13.5,10.5,16.272688,10.915484,18.7,-2.772688,False
2015-07-16,11.6,8.1,16.29086,10.89871,18.7,-4.69086,False
2015-07-17,13.7,10.1,16.321075,10.880753,18.7,-2.621075,False
2015-07-18,13.0,10.9,16.332581,10.869355,18.7,-3.332581,False
2015-07-19,13.5,11.6,16.352043,10.853118,18.81,-2.852043,False
2015-07-20,14.4,10.5,16.349032,10.830645,18.81,-1.949032,False
2015-07-21,16.6,11.0,16.349785,10.833548,18.9,0.250215,False
2015-07-22,16.7,12.6,16.360645,10.833226,18.9,0.339355,False
2015-07-23,15.9,12.5,16.376559,10.831505,19.0,-0.476559,False
2015-07-24,18.0,13.3,16.39043,10.813871,19.0,1.60957,False
2015-07-25,18.7,12.6,16.420108,10.812366,19.0,2.279892,False
2015-07-26,19.0,8.5,16.473226,10.78957,19.2,2.526774,False
2015-07-27,13.9,8.7,16.50957,10.790108,19.2,-2.60957,False
2015-07-28,15.5,10.6,16.549032,10.800753,19.31,-1.049032,False
2015-07-29,15.3,10.5,16.598602,10.796989,19.4,-1.298602,False
2015-07-30,18.3,12.7,16.642258,10.811183,19.4,1.657742,False
2015-07-31,17.7,11.0,16.689462,10.846237,19.51,1.010538,False
2015-08-01,20.7,13.5,16.730753,10.871505,19.61,3.969247,False
2015-08-02,22.9,10.5,16.784946,10.886237,19.71,6.115054,False
2015-08-03,16.0,9.0,16.797204,10.896344,19.8,-0.797204,False
2015-08-04,12.0,7.3,16.804516,10.893011,19.8,-4.804516,False
2015-08-05,14.1,8.4,16.832473,10.914194,19.81,-2.732473,False
2015-08-06,14.7,8.4,16.874839,10.956774,19.9,-2.174839,False
2015-08-07,15.8,10.0,16.903978,11.005269,19.9,-1.103978,False
2015-08-08,14.5,9.6,16.93828,11.023548,19.91,-2.43828,False
2015-08-09,15.4,10.0,16.949462,11.04043,20.0,-1.549462,False
2015-08-10,18.8,10.9,16.963978,11.041935,20.0,1.836022,False
2015-08-11,18.4,10.3,16.979355,11.075914,19.91,1.420645,False
2015-08-12,16.3,10.4,17.010753,11.113656,20.1,-0.710753,False
2015-08-13,17.3,8.9,17.032581,11.146774,20.11,0.267419,False
2015-08-14,16.3,10.5,17.042473,11.213656,20.11,-0.742473,False
2015-08-15,16.2,12.1,17.079677,11.271828,20.2,-0.879677,False
2015-08-16,17.4,10.5,17.129462,11.319785,20.3,0.270538,False
2015-08-17,19.1,10.3,17.156344,11.384409,20.4,1.943656,False
2015-08-18,14.0,11.0,17.196667,11.447849,20.4,-3.196667,False
2015-08-19,16.0,11.2,17.254516,11.508495,20.41,-1.254516,False
2015-08-20,18.1,10.9,17.309032,11.574516,20.6,0.790968,False
2015-08-21,19.7,15.1,17.355806,11.627849,20.6,2.344194,False
2015-08-22,23.1,16.3,17.390645,11.689677,20.61,5.709355,False
2015-08-23,16.8,15.8,17.430323,11.762796,20.7,-0.630323,False
2015-08-24,17.1,14.3,17.481935,11.839677,20.71,-0.381935,False
2015-08-25,17.6,13.9,17.512151,11.911505,20.8,0.087849,False
2015-08-26,17.6,13.2,17.527849,11.958495,20.81,0.072151,False
2015-08-27,18.6,11.8,17.555914,12.006129,20.8,1.044086,False
2015-08-28,17.6,11.7,17.593763,12.064624,20.9,0.006237,False
2015-08-29,17.9,10.6,17.647312,12.128925,21.0,0.252688,False
2015-08-30,16.0,11.7,17.703871,12.205269,21.0,-1.703871,False
2015-08-31,16.7,9.9,17.776022,12.262258,21.2,-1.076022,False
2015-09-01,17.0,10.1,17.839355,12.319355,21.21,-0.839355,False
2015-09-02,18.2,13.5,17.867527,12.383763,21.21,0.332473,False
2015-09-03,19.0,13.8,17.934839,12.479032,21.4,1.065161,False
2015-09-04,16.1,12.8,18.029462,12.566774,21.61,-1.929462,False
2015-09-05,17.4,13.9,18.089462,12.632258,21.7,-0.689462,False
2015-09-06,16.2,13.1,18.146882,12.690108,21.7,-1.946882,False
2015-09-07,22.0,10.4,18.235054,12.762043,21.8,3.764946,False
2015-09-08,18.3,11.1,18.322043,12.856559,21.9,-0.022043,False
2015-09-09,16.7,13.6,18.428387,12.945699,22.01,-1.728387,False
2015-09-10,17.4,13.6,18.491828,13.024194,22.2,-1.091828,False
2015-09-11,19.0,12.5,18.52914,13.076667,22.2,0.47086,False
2015-09-12,20.7,14.7,18.585806,13.151398,22.2,2.114194,False
2015-09-13,20.4,14.6,18.686882,13.235591,22.4,1.713118,False
2015-09-14,20.9,16.0,18.777419,13.260753,22.5,2.122581,False
2015-09-15,25.7,12.4,18.825484,13.306882,22.6,6.874516,False
2015-09-16,18.1,13.4,18.889247,13.386989,22.6,-0.789247,False
2015-09-17,16.3,14.2,18.980323,13.480108,22.71,-2.680323,False
2015-09-18,16.9,14.4,19.071183,13.561613,23.0,-2.171183,False
2015-09-19,16.6,14.7,19.101398,13.625914,23.1,-2.501398,False
2015-09-20,16.8,13.4,19.176989,13.70957,23.2,-2.376989,False
2015-09-21,20.0,13.9,19.254086,13.787204,23.3,0.745914,False
2015-09-22,16.4,11.0,19.302688,13.863333,23.5,-2.902688,False
2015-09-23,13.9,10.4,19.356237,13.903548,23.5,-5.456237,False
2015-09-24,14.5,13.0,19.39828,13.954194,23.6,-4.89828,False
2015-09-25,15.6,13.6,19.476989,14.022151,23.8,-3.876989,False
2015-09-26,17.3,13.1,19.552796,14.103978,23.8,-2.252796,False
2015-09-27,16.7,12.9,19.616989,14.200645,23.9,-2.916989,False
2015-09-28,18.3,14.0,19.684946,14.27871,24.02,-1.384946,False
2015-09-29,21.0,15.2,19.712258,14.351505,24.02,1.287742,False
2015-09-30,19.5,16.6,19.752473,14.411075,24.2,-0.252473,False
2015-10-01,21.7,17.3,19.78828,14.488925,24.3,1.91172,False
2015-10-02,20.5,15.4,19.812258,14.562903,24.31,0.687742,False
2015-10-03,25.0,18.9,19.868065,14.62871,24.31,5.131935,False
2015-10-04,29.0,16.7,19.92086,14.673763,24.41,9.07914,False
2015-10-05,28.6,18.3,19.93086,14.709677,24.5,8.66914,False
2015-10-06,27.6,18.7,19.966667,14.774839,24.51,7.633333,False
2015-10-07,19.1,16.9,19.976559,14.829355,24.6,-0.876559,False
2015-10-08,18.6,17.0,19.983011,14.871828,24.5,-1.383011,False
2015-10-09,20.7,16.9,19.997527,14.921828,24.5,0.702473,False
2015-10-10,21.5,16.2,20.053441,14.985914,24.41,1.446559,False
2015-10-11,22.1,17.6,20.111398,15.055914,24.5,1.988602,False
2015-10-12,25.4,17.7,20.178925,15.118495,24.6,5.221075,False
2015-10-13,19.8,17.8,20.205054,15.19,24.6,-0.405054,False
2015-10-14,21.0,17.2,20.204946,15.245806,24.6,0.795054,False
2015-10-15,22.2,17.8,20.240538,15.345161,24.51,1.959462,False
2015-10-16,24.6,18.8,20.300108,15.417097,24.51,4.299892,False
2015-10-17,22.0,18.7,20.322258,15.465806,24.5,1.677742,False
2015-10-18,20.7,19.2,20.337742,15.505484,24.5,0.362258,False
2015-10-19,22.2,18.5,20.369677,15.548817,24.51,1.830323,False
2015-10-20,24.9,20.0,20.383871,15.587204,24.5,4.516129,False
2015-10-21,24.4,18.9,20.358817,15.61172,24.4,4.041183,False
2015-10-22,19.6,16.3,20.375591,15.664946,24.31,-0.775591,False
2015-10-23,18.5,14.9,20.420538,15.715591,24.4,-1.920538,False
2015-10-24,19.9,16.3,20.466774,15.787312,24.5,-0.566774,False
2015-10-25,23.4,18.7,20.518172,15.853978,24.5,2.881828,False
2015-10-26,25.5,16.5,20.546344,15.894086,24.5,4.953656,False
2015-10-27,17.5,15.6,20.566882,15.952043,24.5,-3.066882,False
2015-10-28,18.6,15.6,20.607204,16.01129,24.5,-2.007204,False
2015-10-29,20.3,15.4,20.644086,16.071398,24.5,-0.344086,False
2015-10-30,20.8,16.7,20.723441,16.143548,24.51,0.076559,False
2015-10-31,21.5,17.3,20.759462,16.201828,24.51,0.740538,False
2015-11-01,23.6,20.3,20.744946,16.237527,24.5,2.855054,False
2015-11-02,25.6,19.1,20.755914,16.284624,24.5,4.844086,False
2015-11-03,19.6,18.7,20.802473,16.34957,24.5,-1.202473,False
2015-11-04,19.7,18.3,20.850968,16.428817,24.61,-1.150968,False
2015-11-05,22.5,19.6,20.935054,16.517957,24.8,1.564946,False
2015-11-06,23.9,18.9,21.000323,16.599785,24.9,2.899677,False
2015-11-07,21.4,17.1,21.07828,16.651398,25.0,0.32172,False
2015-11-08,18.9,16.3,21.104301,16.698817,25.0,-2.204301,False
2015-11-09,20.4,16.4,21.127849,16.752258,25.0,-0.727849,False
2015-11-10,22.4,18.9,21.151183,16.81129,25.1,1.248817,False
2015-11-11,21.4,19.1,21.235806,16.875161,25.2,0.164194,False
2015-11-12,22.1,18.7,21.307742,16.95914,25.3,0.792258,False
2015-11-13,23.9,18.4,21.391183,17.027849,25.31,2.508817,False
2015-11-14,18.9,16.4,21.464301,17.085161,25.4,-2.564301,False
2015-11-15,18.9,15.3,21.500108,17.126989,25.5,-2.600108,False
2015-11-16,19.7,15.1,21.558172,17.181505,25.6,-1.858172,False
2015-11-17,24.6,18.2,21.598602,17.226129,25.71,3.001398,False
2015-11-18,29.8,18.2,21.643333,17.285484,25.8,8.156667,True
2015-11-19,26.6,20.8,21.67129,17.343871,25.8,4.92871,True
2015-11-20,33.8,19.7,21.73828,17.412366,25.9,12.06172,True
2015-11-21,19.9,18.3,21.815269,17.483656,26.0,-1.915269,False
2015-11-22,21.6,17.2,21.861183,17.543871,26.01,-0.261183,False
2015-11-23,23.4,18.3,21.913548,17.617634,26.1,1.486452,False
2015-11-24,22.4,17.9,21.973226,17.696452,26.1,0.426774,False
2015-11-25,29.5,22.7,22.032581,17.757527,26.2,7.467419,False
2015-11-26,31.7,17.0,22.082151,17.817849,26.21,9.617849,False
2015-11-27,20.3,19.0,22.125699,17.879677,26.3,-1.825699,False
2015-11-28,21.5,20.3,22.17871,17.93871,26.4,-0.67871,False
2015-11-29,23.5,18.3,22.221613,17.99828,26.4,1.278387,False
2015-11-30,25.5,20.0,22.229892,18.052688,26.3,3.270108,False
2015-12-01,27.6,19.3,22.294409,18.113548,26.4,5.305591,False
2015-12-02,20.0,17.3,22.373763,18.186882,26.4,-2.373763,False
2015-12-03,19.5,16.5,22.463226,18.251183,26.4,-2.963226,False
2015-12-04,20.9,16.3,22.523548,18.30129,26.5,-1.623548,False
2015-12-05,22.6,17.6,22.573011,18.352043,26.5,0.026989,False
2015-12-06,23.4,19.3,22.603763,18.407957,26.5,0.796237,False
2015-12-07,22.5,20.5,22.657097,18.463763,26.6,-0.157097,False
2015-12-08,24.1,22.0,22.717312,18.55086,26.6,1.382688,False
2015-12-09,26.7,20.5,22.806129,18.622258,26.7,3.893871,False
2015-12-10,24.6,20.7,22.873226,18.668817,26.7,1.726774,False
2015-12-11,30.5,17.8,22.908065,18.686022,26.7,7.591935,False
2015-12-12,19.9,18.1,22.882151,18.716989,26.6,-2.982151,False
2015-12-13,22.4,19.0,22.905914,18.748495,26.6,-0.505914,False
2015-12-14,24.3,19.8,22.925054,18.775699,26.6,1.374946,False
2015-12-15,24.4,21.1,22.955161,18.835806,26.6,1.444839,False
2015-12-16,21.6,18.8,23.010323,18.896989,26.6,-1.410323,False
2015-12-17,23.1,19.1,23.056129,18.954516,26.6,0.043871,False
2015-12-18,25.0,20.0,23.108387,19.025161,26.51,1.891613,False
2015-12-19,26.0,19.6,23.145161,19.073226,26.6,2.854839,False
2015-12-20,28.4,24.5,23.19,19.127957,26.6,5.21,False
2015-12-21,24.2,19.3,23.254194,19.187849,26.7,0.945806,False
2015-12-22,20.2,19.3,23.309355,19.238387,26.61,-3.109355,False
2015-12-23,20.9,18.4,23.369247,19.290538,26.71,-2.469247,False
2015-12-24,21.2,18.6,23.41871,19.318065,26.8,-2.21871,False
2015-12-25,22.1,19.3,23.42914,19.355806,26.9,-1.32914,False
2015-12-26,24.1,18.0,23.456129,19.413656,26.91,0.643871,False
2015-12-27,19.7,17.1,23.513656,19.493011,27.1,-3.813656,False
2015-12-28,19.7,17.4,23.585161,19.555914,27.1,-3.885161,False
2015-12-29,20.9,16.1,23.622473,19.595054,27.11,-2.722473,False
2015-12-30,22.0,17.7,23.665161,19.634839,27.2,-1.665161,False
2015-12-31,23.1,18.6,23.717419,19.671075,27.3,-0.617419,False
2016-01-01,22.6,18.5,23.731828,19.716667,27.3,-1.131828,False
2016-01-02,21.7,20.3,23.783978,19.759247,27.5,-2.083978,False
2016-01-03,21.6,19.8,23.833011,19.80043,27.6,-2.233011,False
2016-01-04,20.7,19.0,23.836774,19.851183,27.5,-3.136774,False
2016-01-05,19.8,19.0,23.888817,19.901183,27.5,-4.088817,False
2016-01-06,19.7,17.7,23.941505,19.945161,27.6,-4.241505,False
2016-01-07,21.1,17.5,23.980108,19.993978,27.6,-2.880108,False
2016-01-08,22.6,19.3,24.019355,20.032688,27.61,-1.419355,False
2016-01-09,22.5,19.4,24.047097,20.090215,27.61,-1.547097,False
2016-01-10,24.1,20.6,24.074409,20.147849,27.7,0.025591,False
2016-01-11,27.7,23.3,24.112903,20.222151,27.8,3.587097,False
2016-01-12,28.8,20.7,24.15957,20.289247,27.8,4.64043,True
2016-01-13,28.8,23.0,24.193548,20.346882,27.8,4.606452,True
2016-01-14,31.2,16.2,24.244731,20.397312,27.8,6.955269,True
2016-01-15,20.0,17.2,24.294516,20.444946,27.8,-4.294516,False
2016-01-16,21.2,18.7,24.32914,20.477419,27.81,-3.12914,False
2016-01-17,22.2,19.3,24.317419,20.506237,27.9,-2.117419,False
2016-01-18,23.6,19.8,24.324409,20.527419,27.8,-0.724409,False
2016-01-19,27.3,22.5,24.354946,20.546667,27.9,2.945054,False
2016-01-20,30.3,23.2,24.35914,20.574731,27.9,5.94086,False
2016-01-21,29.8,23.4,24.37871,20.612258,27.9,5.42129,False
2016-01-22,26.1,23.1,24.387742,20.637312,27.9,1.712258,False
2016-01-23,23.1,21.0,24.376022,20.654624,27.81,-1.276022,False
2016-01-24,23.2,21.6,24.403548,20.686989,27.8,-1.203548,False
2016-01-25,23.3,22.3,24.460323,20.71129,27.9,-1.160323,False
2016-01-26,24.5,21.1,24.484086,20.728817,27.9,0.015914,False
2016-01-27,23.4,22.2,24.495591,20.746344,27.9,-1.095591,False
2016-01-28,25.4,22.6,24.492581,20.74828,27.9,0.907419,False
2016-01-29,25.1,20.3,24.465054,20.753441,27.9,0.634946,False
2016-01-30,25.0,21.5,24.441613,20.760215,27.9,0.558387,False
2016-01-31,27.2,21.7,24.435161,20.78043,27.81,2.764839,False
2016-02-01,25.3,18.7,24.444624,20.776022,27.9,0.855376,False
2016-02-02,24.2,19.9,24.418387,20.77871,27.7,-0.218387,False
2016-02-03,25.4,20.6,24.398065,20.787527,27.7,1.001935,False
2016-02-04,22.4,20.5,24.414301,20.788387,27.7,-2.014301,False
2016-02-05,22.7,20.9,24.374839,20.778602,27.6,-1.674839,False
2016-02-06,23.1,20.3,24.326882,20.759247,27.51,-1.226882,False
2016-02-07,23.6,20.2,24.30828,20.743548,27.5,-0.70828,False
2016-02-08,24.6,20.9,24.269785,20.725269,27.31,0.330215,False
2016-02-09,23.8,19.6,24.251613,20.699032,27.2,-0.451613,False
2016-02-10,24.8,20.8,24.239032,20.680215,27.2,0.560968,False
2016-02-11,25.2,21.8,24.231075,20.658495,27.1,0.968925,False
2016-02-12,24.9,21.3,24.22086,20.633441,27.1,0.67914,False
2016-02-13,25.8,21.8,24.207312,20.605376,27.1,1.592688,False
2016-02-14,29.2,22.7,24.164516,20.562473,27.1,5.035484,False
2016-02-15,25.9,22.0,24.09957,20.514516,27.1,1.80043,False
2016-02-16,24.5,18.8,24.05043,20.495806,27.0,0.44957,False
2016-02-17,21.9,19.3,24.041075,20.46871,27.0,-2.141075,False
2016-02-18,23.8,21.4,24.016452,20.444409,26.91,-0.216452,False
2016-02-19,26.4,23.1,23.985914,20.421613,26.9,2.414086,False
2016-02-20,25.3,21.7,23.943011,20.389355,26.8,1.356989,False
2016-02-21,25.1,21.4,23.884946,20.345806,26.7,1.215054,False
2016-02-22,25.7,21.1,23.850645,20.307849,26.6,1.849355,False
2016-02-23,26.2,21.7,23.806774,20.271075,26.6,2.393226,False
2016-02-24,27.6,21.9,23.751075,20.228817,26.5,3.848925,False
2016-02-25,29.9,23.3,23.709032,20.185269,26.4,6.190968,False
2016-02-26,25.2,22.2,23.673441,20.147312,26.4,1.526559,False
2016-02-27,24.6,21.2,23.62957,20.094409,26.3,0.97043,False
2016-02-28,24.9,21.3,23.598387,20.068925,26.2,1.301613,False
2016-02-29,24.4,21.0,23.599032,20.051774,26.2,0.800968,False
2016-03-01,25.1,20.8,23.599677,20.034624,26.2,1.500323,False
2016-03-02,26.2,22.0,23.571075,19.985806,26.2,2.628925,False
2016-03-03,26.5,21.7,23.552796,19.936559,26.2,2.947204,False
2016-03-04,25.0,20.2,23.535914,19.914194,26.2,1.464086,False
2016-03-05,25.4,20.6,23.54129,19.873548,26.2,1.85871,False
2016-03-06,25.8,21.3,23.49828,19.828172,26.1,2.30172,False
2016-03-07,26.0,21.8,23.445699,19.780323,26.1,2.554301,False
2016-03-08,25.4,22.1,23.415591,19.720753,26.1,1.984409,False
2016-03-09,26.9,21.9,23.391935,19.668602,26.1,3.508065,False
2016-03-10,25.6,22.9,23.342043,19.607849,26.0,2.257957,False
2016-03-11,25.4,22.2,23.328065,19.552688,26.0,2.071935,False
2016-03-12,26.3,22.2,23.285376,19.503226,25.9,3.014624,False
2016-03-13,26.0,22.3,23.249355,19.447742,25.9,2.750645,False
2016-03-14,25.5,21.3,23.18172,19.393763,25.9,2.31828,False
2016-03-15,23.9,20.4,23.13828,19.314409,25.81,0.76172,False
2016-03-16,23.1,19.9,23.075699,19.232151,25.71,0.024301,False
2016-03-17,23.5,20.6,23.044731,19.182903,25.7,0.455269,False
2016-03-18,26.3,17.0,23.021505,19.122258,25.7,3.278495,False
2016-03-19,20.9,17.4,22.976344,19.041505,25.6,-2.076344,False
2016-03-20,19.9,17.9,22.897312,18.964086,25.6,-2.997312,False
2016-03-21,19.7,16.9,22.862366,18.890108,25.6,-3.162366,False
2016-03-22,20.5,17.2,22.808925,18.812473,25.5,-2.308925,False
2016-03-23,22.7,18.7,22.757742,18.722258,25.5,-0.057742,False
2016-03-24,24.9,20.2,22.703978,18.632796,25.4,2.196022,False
2016-03-25,24.8,19.0,22.636774,18.539785,25.4,2.163226,False
2016-03-26,23.3,19.6,22.575484,18.446667,25.4,0.724516,False
2016-03-27,22.9,20.0,22.530753,18.355054,25.4,0.369247,False
2016-03-28,23.4,21.5,22.450323,18.266882,25.3,0.949677,False
2016-03-29,22.0,19.1,22.403333,18.183441,25.2,-0.403333,False
2016-03-30,25.0,18.2,22.358387,18.108065,25.2,2.641613,False
2016-03-31,22.7,18.1,22.307527,18.031075,25.2,0.392473,False
2016-04-01,24.4,18.7,22.243011,17.947204,25.2,2.156989,False
2016-04-02,27.8,19.9,22.192581,17.870108,25.11,5.607419,False
2016-04-03,22.1,19.8,22.116882,17.782796,25.0,-0.016882,False
2016-04-04,22.8,19.8,22.037742,17.680538,24.9,0.762258,False
2016-04-05,25.4,20.7,21.945699,17.588065,24.9,3.454301,False
2016-04-06,28.8,20.3,21.88828,17.496129,24.81,6.91172,False
2016-04-07,20.4,19.1,21.819032,17.397204,24.8,-1.419032,False
2016-04-08,20.6,18.5,21.73914,17.30914,24.7,-1.13914,False
2016-04-09,22.5,17.4,21.688602,17.234301,24.6,0.811398,False
2016-04-10,23.8,16.9,21.63,17.135484,24.5,2.17,False
2016-04-11,23.3,18.2,21.557527,17.043548,24.4,1.742473,False
2016-04-12,20.8,18.0,21.46871,16.944086,24.3,-0.66871,False
2016-04-13,21.2,17.8,21.397419,16.847849,24.2,-0.197419,False
2016-04-14,21.4,17.5,21.34129,16.763763,24.1,0.05871,False
2016-04-15,23.3,18.2,21.261075,16.696667,24.1,2.038925,False
2016-04-16,24.1,19.0,21.202366,16.632796,24.01,2.897634,False
2016-04-17,19.6,16.6,21.13957,16.555376,24.0,-1.53957,False
2016-04-18,20.5,17.8,21.065806,16.486344,23.9,-0.565806,False
2016-04-19,21.4,18.1,20.999892,16.392581,23.8,0.400108,False
2016-04-20,22.0,18.4,20.927742,16.286344,23.8,1.072258,False
2016-04-21,23.1,17.0,20.848387,16.191183,23.7,2.251613,False
2016-04-22,22.2,17.4,20.781828,16.09129,23.6,1.418172,False
2016-04-23,19.1,17.7,20.724409,15.99828,23.6,-1.624409,False
2016-04-24,20.0,16.4,20.66129,15.910323,23.5,-0.66129,False
2016-04-25,20.9,17.1,20.594624,15.818065,23.41,0.305376,False
2016-04-26,21.6,15.9,20.534946,15.737527,23.4,1.065054,False
2016-04-27,22.1,16.0,20.442258,15.663656,23.3,1.657742,False
2016-04-28,22.9,16.9,20.38,15.575806,23.2,2.52,False
2016-04-29,22.9,19.4,20.287419,15.477849,23.2,2.612581,False
2016-04-30,22.6,19.6,20.184086,15.380968,23.1,2.415914,False
2016-05-01,24.5,14.9,20.093011,15.277634,22.9,4.406989,False
2016-05-02,22.8,15.0,20.008495,15.182581,22.9,2.791505,False
2016-05-03,23.5,16.4,19.922688,15.108065,22.9,3.577312,False
2016-05-04,22.9,15.1,19.856022,15.01828,22.8,3.043978,False
2016-05-05,20.9,14.5,19.788065,14.937742,22.8,1.111935,False
2016-05-06,22.3,13.5,19.718495,14.850215,22.7,2.581505,False
2016-05-07,20.9,16.4,19.635914,14.769892,22.6,1.264086,False
2016-05-08,21.2,19.3,19.580323,14.693118,22.5,1.619677,False
2016-05-09,21.7,18.2,19.514086,14.616237,22.5,2.185914,False
2016-05-10,22.4,14.4,19.431075,14.519462,22.4,2.968925,False
2016-05-11,19.9,14.4,19.351935,14.433763,22.3,0.548065,False
2016-05-12,21.2,14.8,19.258065,14.347419,22.2,1.941935,False
2016-05-13,21.9,12.9,19.196774,14.266237,22.1,2.703226,False
2016-05-14,22.9,13.4,19.110645,14.163548,22.0,3.789355,False
2016-05-15,23.0,14.7,19.008065,14.053548,21.8,3.991935,False
2016-05-16,21.5,16.2,18.940645,13.972903,21.61,2.559355,False
2016-05-17,24.3,13.1,18.859462,13.900215,21.6,5.440538,False
2016-05-18,20.6,13.2,18.759462,13.83,21.5,1.840538,False
2016-05-19,21.8,14.6,18.680215,13.735591,21.4,3.119785,False
2016-05-20,20.9,15.8,18.599355,13.666129,21.3,2.300645,False
2016-05-21,19.8,15.8,18.529247,13.603333,21.3,1.270753,False
2016-05-22,21.6,16.9,18.449892,13.547742,21.2,3.150108,False
2016-05-23,24.4,12.7,18.365269,13.49828,21.11,6.034731,False
2016-05-24,19.7,11.1,18.287097,13.451398,21.0,1.412903,False
2016-05-25,18.9,13.8,18.218925,13.407204,20.81,0.681075,False
2016-05-26,19.5,13.0,18.145376,13.362473,20.8,1.354624,False
2016-05-27,17.1,11.9,18.074086,13.302581,20.71,-0.974086,False
2016-05-28,15.9,11.1,18.016237,13.244516,20.7,-2.116237,False
2016-05-29,17.6,9.6,17.953763,13.194516,20.6,-0.353763,False
2016-05-30,17.2,12.0,17.895054,13.125914,20.6,-0.695054,False
2016-05-31,16.5,14.8,17.834301,13.053226,20.51,-1.334301,False
2016-06-01,16.5,13.7,17.766559,12.98043,20.4,-1.266559,False
2016-06-02,16.7,14.3,17.68871,12.922473,20.21,-0.98871,False
2016-06-03,17.9,15.8,17.61957,12.851505,20.11,0.28043,False
2016-06-04,19.8,17.6,17.545699,12.786667,20.1,2.254301,False
2016-06-05,19.7,14.9,17.472043,12.722366,20.01,2.227957,False
2016-06-06,16.8,14.0,17.402796,12.660753,20.0,-0.602796,False
2016-06-07,17.5,13.8,17.330215,12.568602,19.9,0.169785,False
2016-06-08,18.8,16.1,17.253548,12.486344,19.8,1.546452,False
2016-06-09,20.7,15.3,17.185806,12.396559,19.71,3.514194,False
2016-06-10,19.7,12.1,17.111613,12.336882,19.7,2.588387,False
2016-06-11,18.3,12.2,17.055591,12.286129,19.6,1.244409,False
2016-06-12,16.0,12.4,16.991075,12.243118,19.5,-0.991075,False
2016-06-13,17.4,11.6,16.946022,12.195376,19.4,0.453978,False
2016-06-14,19.4,13.5,16.905806,12.163118,19.3,2.494194,False
2016-06-15,18.1,11.7,16.87129,12.121398,19.2,1.22871,False
2016-06-16,19.5,13.6,16.81,12.050968,19.1,2.69,False
2016-06-17,20.4,16.3,16.768817,11.976882,19.0,3.631183,False
2016-06-18,19.1,16.5,16.74043,11.916452,19.0,2.35957,False
2016-06-19,19.3,15.4,16.720215,11.880108,19.0,2.579785,False
2016-06-20,18.1,15.5,16.697204,11.817204,19.0,1.402796,False
2016-06-21,16.8,14.4,16.676882,11.762903,18.91,0.123118,False
2016-06-22,17.8,11.2,16.636344,11.694516,18.8,1.163656,False
2016-06-23,17.3,14.1,16.588172,11.635054,18.8,0.711828,False
2016-06-24,15.4,8.7,16.544086,11.567634,18.7,-1.144086,False
2016-06-25,13.6,8.1,16.488817,11.521935,18.6,-2.888817,False
2016-06-26,13.6,9.9,16.466344,11.46957,18.6,-2.866344,False
2016-06-27,11.9,10.3,16.444731,11.417957,18.5,-4.544731,False
2016-06-28,15.6,8.2,16.406344,11.370968,18.5,-0.806344,False
2016-06-29,16.4,9.9,16.365269,11.313656,18.5,0.034731,False
2016-06-30,15.9,11.2,16.334409,11.27043,18.5,-0.434409,False
2016-07-01,15.1,9.9,16.312043,11.233871,18.5,-1.212043,False
2016-07-02,16.6,8.6,16.293011,11.20086,18.5,0.306989,False
2016-07-03,15.6,8.0,16.293656,11.156344,18.5,-0.693656,False
2016-07-04,15.7,10.3,16.292581,11.134086,18.5,-0.592581,False
2016-07-05,16.5,11.4,16.269032,11.097527,18.5,0.230968,False
2016-07-06,16.0,14.0,16.243226,11.054516,18.5,-0.243226,False
2016-07-07,15.8,14.3,16.232903,11.017849,18.5,-0.432903,False
2016-07-08,14.9,13.6,16.235269,11.02172,18.6,-1.335269,False
2016-07-09,16.3,13.2,16.227957,11.023011,18.6,0.072043,False
2016-07-10,16.5,14.4,16.237957,11.038925,18.7,0.262043,False
2016-07-11,19.4,15.8,16.246667,11.019785,18.7,3.153333,False
2016-07-12,18.3,10.3,16.237204,10.98828,18.7,2.062796,False
2016-07-13,13.4,7.3,16.249355,10.954839,18.7,-2.849355,False
2016-07-14,14.9,7.1,16.258172,10.92914,18.7,-1.358172,False
2016-07-15,15.0,10.7,16.272688,10.915484,18.7,-1.272688,False
2016-07-16,16.9,14.0,16.29086,10.89871,18.7,0.60914,False
2016-07-17,17.7,11.7,16.321075,10.880753,18.7,1.378925,False
2016-07-18,21.5,13.6,16.332581,10.869355,18.7,5.167419,False
2016-07-19,22.0,17.4,16.352043,10.853118,18.81,5.647957,False
2016-07-20,17.8,15.7,16.349032,10.830645,18.81,1.450968,False
2016-07-21,18.6,15.0,16.349785,10.833548,18.9,2.250215,False
2016-07-22,23.0,14.6,16.360645,10.833226,18.9,6.639355,False
2016-07-23,16.3,8.7,16.376559,10.831505,19.0,-0.076559,False
2016-07-24,13.8,9.9,16.39043,10.813871,19.0,-2.59043,False
2016-07-25,16.1,12.1,16.420108,10.812366,19.0,-0.320108,False
2016-07-26,16.5,12.7,16.473226,10.78957,19.2,0.026774,False
2016-07-27,17.0,9.7,16.50957,10.790108,19.2,0.49043,False
2016-07-28,16.9,8.1,16.549032,10.800753,19.31,0.350968,False
2016-07-29,16.1,9.8,16.598602,10.796989,19.4,-0.498602,False
2016-07-30,16.4,12.0,16.642258,10.811183,19.4,-0.242258,False
2016-07-31,18.3,11.9,16.689462,10.846237,19.51,1.610538,False
2016-08-01,18.3,13.2,16.730753,10.871505,19.61,1.569247,False
2016-08-02,15.0,13.1,16.784946,10.886237,19.71,-1.784946,False
2016-08-03,15.6,12.3,16.797204,10.896344,19.8,-1.197204,False
2016-08-04,15.6,13.0,16.804516,10.893011,19.8,-1.204516,False
2016-08-05,14.5,12.1,16.832473,10.914194,19.81,-2.332473,False
2016-08-06,15.3,11.8,16.874839,10.956774,19.9,-1.574839,False
2016-08-07,14.6,11.2,16.903978,11.005269,19.9,-2.303978,False
2016-08-08,16.3,11.4,16.93828,11.023548,19.91,-0.63828,False
2016-08-09,18.5,14.9,16.949462,11.04043,20.0,1.550538,False
2016-08-10,22.3,13.3,16.963978,11.041935,20.0,5.336022,False
2016-08-11,17.9,8.6,16.979355,11.075914,19.91,0.920645,False
2016-08-12,16.2,9.8,17.010753,11.113656,20.1,-0.810753,False
2016-08-13,18.5,10.7,17.032581,11.146774,20.11,1.467419,False
2016-08-14,18.1,11.2,17.042473,11.213656,20.11,1.057527,False
2016-08-15,18.4,11.9,17.079677,11.271828,20.2,1.320323,False
2016-08-16,19.5,11.5,17.129462,11.319785,20.3,2.370538,False
2016-08-17,21.3,11.8,17.156344,11.384409,20.4,4.143656,False
2016-08-18,19.7,12.8,17.196667,11.447849,20.4,2.503333,False
2016-08-19,21.2,12.1,17.254516,11.508495,20.41,3.945484,False
2016-08-20,16.7,9.4,17.309032,11.574516,20.6,-0.609032,False
2016-08-21,16.8,11.0,17.355806,11.627849,20.6,-0.555806,False
2016-08-22,14.8,11.2,17.390645,11.689677,20.61,-2.590645,False
2016-08-23,15.4,13.0,17.430323,11.762796,20.7,-2.030323,False
2016-08-24,14.5,10.9,17.481935,11.839677,20.71,-2.981935,False
2016-08-25,15.7,9.2,17.512151,11.911505,20.8,-1.812151,False
2016-08-26,14.1,10.5,17.527849,11.958495,20.81,-3.427849,False
2016-08-27,16.6,8.5,17.555914,12.006129,20.8,-0.955914,False
2016-08-28,17.9,10.2,17.593763,12.064624,20.9,0.306237,False
2016-08-29,17.0,13.1,17.647312,12.128925,21.0,-0.647312,False
2016-08-30,19.3,16.2,17.703871,12.205269,21.0,1.596129,False
2016-08-31,19.5,13.7,17.776022,12.262258,21.2,1.723978,False
2016-09-01,19.0,15.9,17.839355,12.319355,21.21,1.160645,False
2016-09-02,17.5,15.5,17.867527,12.383763,21.21,-0.367527,False
2016-09-03,18.1,12.1,17.934839,12.479032,21.4,0.165161,False
2016-09-04,17.9,10.4,18.029462,12.566774,21.61,-0.129462,False
2016-09-05,17.8,11.0,18.089462,12.632258,21.7,-0.289462,False
2016-09-06,19.2,14.5,18.146882,12.690108,21.7,1.053118,False
2016-09-07,19.0,15.8,18.235054,12.762043,21.8,0.764946,False
2016-09-08,19.3,15.4,18.322043,12.856559,21.9,0.977957,False
2016-09-09,20.4,15.8,18.428387,12.945699,22.01,1.971613,False
2016-09-10,20.4,13.1,18.491828,13.024194,22.2,1.908172,False
2016-09-11,17.3,13.4,18.52914,13.076667,22.2,-1.22914,False
2016-09-12,17.6,15.6,18.585806,13.151398,22.2,-0.985806,False
2016-09-13,18.8,16.9,18.686882,13.235591,22.4,0.113118,False
2016-09-14,21.2,14.3,18.777419,13.260753,22.5,2.422581,False
2016-09-15,19.5,13.8,18.825484,13.306882,22.6,0.674516,False
2016-09-16,19.5,12.0,18.889247,13.386989,22.6,0.610753,False
2016-09-17,18.4,15.0,18.980323,13.480108,22.71,-0.580323,False
2016-09-18,16.5,14.6,19.071183,13.561613,23.0,-2.571183,False
2016-09-19,19.8,10.7,19.101398,13.625914,23.1,0.698602,False
2016-09-20,16.7,15.1,19.176989,13.70957,23.2,-2.476989,False
2016-09-21,17.8,14.4,19.254086,13.787204,23.3,-1.454086,False
2016-09-22,18.5,15.6,19.302688,13.863333,23.5,-0.802688,False
2016-09-23,19.2,13.9,19.356237,13.903548,23.5,-0.156237,False
2016-09-24,19.3,15.1,19.39828,13.954194,23.6,-0.09828,False
2016-09-25,19.6,13.3,19.476989,14.022151,23.8,0.123011,False
2016-09-26,17.9,12.7,19.552796,14.103978,23.8,-1.652796,False
2016-09-27,20.8,11.1,19.616989,14.200645,23.9,1.183011,False
2016-09-28,17.6,15.5,19.684946,14.27871,24.02,-2.084946,False
2016-09-29,18.9,13.8,19.712258,14.351505,24.02,-0.812258,False
2016-09-30,17.4,14.1,19.752473,14.411075,24.2,-2.352473,False
2016-10-01,19.8,13.4,19.78828,14.488925,24.3,0.01172,False
2016-10-02,22.3,18.6,19.812258,14.562903,24.31,2.487742,False
2016-10-03,22.2,14.1,19.868065,14.62871,24.31,2.331935,False
2016-10-04,21.1,12.3,19.92086,14.673763,24.41,1.17914,False
2016-10-05,20.6,14.4,19.93086,14.709677,24.5,0.66914,False
2016-10-06,24.4,14.6,19.966667,14.774839,24.51,4.433333,False
2016-10-07,25.4,19.5,19.976559,14.829355,24.6,5.423441,False
2016-10-08,19.4,15.3,19.983011,14.871828,24.5,-0.583011,False
2016-10-09,23.8,17.0,19.997527,14.921828,24.5,3.802473,False
2016-10-10,27.6,13.4,20.053441,14.985914,24.41,7.546559,False
2016-10-11,18.6,10.7,20.111398,15.055914,24.5,-1.511398,False
2016-10-12,18.9,13.5,20.178925,15.118495,24.6,-1.278925,False
2016-10-13,15.7,12.9,20.205054,15.19,24.6,-4.505054,False
2016-10-14,17.8,13.1,20.204946,15.245806,24.6,-2.404946,False
2016-10-15,21.8,15.8,20.240538,15.345161,24.51,1.559462,False
2016-10-16,25.0,18.8,20.300108,15.417097,24.51,4.699892,False
2016-10-17,17.8,13.1,20.322258,15.465806,24.5,-2.522258,False
2016-10-18,23.4,15.0,20.337742,15.505484,24.5,3.062258,False
2016-10-19,20.6,14.6,20.369677,15.548817,24.51,0.230323,False
2016-10-20,19.6,16.0,20.383871,15.587204,24.5,-0.783871,False
2016-10-21,23.1,17.0,20.358817,15.61172,24.4,2.741183,False
2016-10-22,16.8,12.2,20.375591,15.664946,24.31,-3.575591,False
2016-10-23,16.2,11.5,20.420538,15.715591,24.4,-4.220538,False
2016-10-24,17.8,13.0,20.466774,15.787312,24.5,-2.666774,False
2016-10-25,21.9,15.8,20.518172,15.853978,24.5,1.381828,False
2016-10-26,24.0,17.7,20.546344,15.894086,24.5,3.453656,False
2016-10-27,19.6,16.2,20.566882,15.952043,24.5,-0.966882,False
2016-10-28,20.0,17.1,20.607204,16.01129,24.5,-0.607204,False
2016-10-29,21.1,18.5,20.644086,16.071398,24.5,0.455914,False
2016-10-30,24.1,16.8,20.723441,16.143548,24.51,3.376559,False
2016-10-31,19.1,13.3,20.759462,16.201828,24.51,-1.659462,False
2016-11-01,19.3,14.1,20.744946,16.237527,24.5,-1.444946,False
2016-11-02,20.7,15.6,20.755914,16.284624,24.5,-0.055914,False
2016-11-03,21.6,16.2,20.802473,16.34957,24.5,0.797527,False
2016-11-04,23.6,20.7,20.850968,16.428817,24.61,2.749032,False
2016-11-05,22.7,15.2,20.935054,16.517957,24.8,1.764946,False
2016-11-06,21.7,16.0,21.000323,16.599785,24.9,0.699677,False
2016-11-07,25.3,19.5,21.07828,16.651398,25.0,4.22172,False
2016-11-08,25.2,18.2,21.104301,16.698817,25.0,4.095699,False
2016-11-09,19.6,16.9,21.127849,16.752258,25.0,-1.527849,False
2016-11-10,21.2,17.7,21.151183,16.81129,25.1,0.048817,False
2016-11-11,21.1,19.5,21.235806,16.875161,25.2,-0.135806,False
2016-11-12,26.9,18.6,21.307742,16.95914,25.3,5.592258,False
2016-11-13,26.4,16.8,21.391183,17.027849,25.31,5.008817,False
2016-11-14,20.4,15.9,21.464301,17.085161,25.4,-1.064301,False
2016-11-15,19.7,15.3,21.500108,17.126989,25.5,-1.800108,False
2016-11-16,20.6,17.1,21.558172,17.181505,25.6,-0.958172,False
2016-11-17,23.2,17.3,21.598602,17.226129,25.71,1.601398,False
2016-11-18,26.2,18.8,21.643333,17.285484,25.8,4.556667,False
2016-11-19,21.1,18.5,21.67129,17.343871,25.8,-0.57129,False
2016-11-20,22.8,20.2,21.73828,17.412366,25.9,1.06172,False
2016-11-21,25.0,20.3,21.815269,17.483656,26.0,3.184731,False
2016-11-22,26.8,19.8,21.861183,17.543871,26.01,4.938817,False
2016-11-23,25.3,15.4,21.913548,17.617634,26.1,3.386452,False
2016-11-24,20.1,15.8,21.973226,17.696452,26.1,-1.873226,False
2016-11-25,22.0,17.0,22.032581,17.757527,26.2,-0.032581,False
2016-11-26,22.3,18.7,22.082151,17.817849,26.21,0.217849,False
2016-11-27,22.1,20.0,22.125699,17.879677,26.3,-0.025699,False
2016-11-28,23.4,19.0,22.17871,17.93871,26.4,1.22129,False
2016-11-29,21.6,18.4,22.221613,17.99828,26.4,-0.621613,False
2016-11-30,22.7,19.2,22.229892,18.052688,26.3,0.470108,False
2016-12-01,25.3,19.4,22.294409,18.113548,26.4,3.005591,False
2016-12-02,27.0,20.1,22.373763,18.186882,26.4,4.626237,False
2016-12-03,22.3,19.8,22.463226,18.251183,26.4,-0.163226,False
2016-12-04,23.7,21.6,22.523548,18.30129,26.5,1.176452,False
2016-12-05,26.1,20.2,22.573011,18.352043,26.5,3.526989,False
2016-12-06,22.7,19.3,22.603763,18.407957,26.5,0.096237,False
2016-12-07,22.4,19.9,22.657097,18.463763,26.6,-0.257097,False
2016-12-08,26.6,18.7,22.717312,18.55086,26.6,3.882688,False
2016-12-09,23.2,16.3,22.806129,18.622258,26.7,0.393871,False
2016-12-10,21.5,19.1,22.873226,18.668817,26.7,-1.373226,False
2016-12-11,22.8,19.9,22.908065,18.686022,26.7,-0.108065,False
2016-12-12,27.5,21.9,22.882151,18.716989,26.6,4.617849,True
2016-12-13,29.7,24.6,22.905914,18.748495,26.6,6.794086,True
2016-12-14,31.4,18.5,22.925054,18.775699,26.6,8.474946,True
2016-12-15,19.7,18.2,22.955161,18.835806,26.6,-3.255161,False
2016-12-16,24.6,19.5,23.010323,18.896989,26.6,1.589677,False
2016-12-17,27.4,18.2,23.056129,18.954516,26.6,4.343871,False
2016-12-18,18.9,17.7,23.108387,19.025161,26.51,-4.208387,False
2016-12-19,21.9,17.5,23.145161,19.073226,26.6,-1.245161,False
2016-12-20,25.8,18.9,23.19,19.127957,26.6,2.61,False
2016-12-21,22.5,19.3,23.254194,19.187849,26.7,-0.754194,False
2016-12-22,21.7,19.4,23.309355,19.238387,26.61,-1.609355,False
2016-12-23,22.5,19.8,23.369247,19.290538,26.71,-0.869247,False
2016-12-24,23.9,20.4,23.41871,19.318065,26.8,0.48129,False
2016-12-25,24.3,20.3,23.42914,19.355806,26.9,0.87086,False
2016-12-26,25.7,21.2,23.456129,19.413656,26.91,2.243871,False
2016-12-27,24.4,20.7,23.513656,19.493011,27.1,0.886344,False
2016-12-28,27.6,22.7,23.585161,19.555914,27.1,4.014839,True
2016-12-29,31.0,22.4,23.622473,19.595054,27.11,7.377527,True
2016-12-30,28.4,23.4,23.665161,19.634839,27.2,4.734839,True
2016-12-31,25.2,21.9,23.717419,19.671075,27.3,1.482581,False
2017-01-01,23.7,20.6,23.731828,19.716667,27.3,-0.031828,False
2017-01-02,22.2,19.7,23.783978,19.759247,27.5,-1.583978,False
2017-01-03,22.7,20.3,23.833011,19.80043,27.6,-1.133011,False
2017-01-04,22.7,20.4,23.836774,19.851183,27.5,-1.136774,False
2017-01-05,22.9,20.6,23.888817,19.901183,27.5,-0.988817,False
2017-01-06,23.3,20.6,23.941505,19.945161,27.6,-0.641505,False
2017-01-07,23.5,19.8,23.980108,19.993978,27.6,-0.480108,False
2017-01-08,25.8,21.2,24.019355,20.032688,27.61,1.780645,False
2017-01-09,26.2,21.7,24.047097,20.090215,27.61,2.152903,False
2017-01-10,26.9,23.1,24.074409,20.147849,27.7,2.825591,False
2017-01-11,29.9,22.3,24.112903,20.222151,27.8,5.787097,False
2017-01-12,24.3,22.7,24.15957,20.289247,27.8,0.14043,False
2017-01-13,30.1,25.8,24.193548,20.346882,27.8,5.906452,False
2017-01-14,27.9,21.8,24.244731,20.397312,27.8,3.655269,False
2017-01-15,23.8,21.2,24.294516,20.444946,27.8,-0.494516,False
2017-01-16,25.8,21.2,24.32914,20.477419,27.81,1.47086,False
2017-01-17,32.5,27.2,24.317419,20.506237,27.9,8.182581,False
2017-01-18,31.6,20.7,24.324409,20.527419,27.8,7.275591,False
2017-01-19,23.6,20.7,24.354946,20.546667,27.9,-0.754946,False
2017-01-20,27.9,20.6,24.35914,20.574731,27.9,3.54086,False
2017-01-21,23.0,20.2,24.37871,20.612258,27.9,-1.37871,False
2017-01-22,23.8,20.7,24.387742,20.637312,27.9,-0.587742,False
2017-01-23,30.8,24.4,24.376022,20.654624,27.81,6.423978,False
2017-01-24,31.7,21.2,24.403548,20.686989,27.8,7.296452,False
2017-01-25,22.3,20.5,24.460323,20.71129,27.9,-2.160323,False
2017-01-26,22.9,21.3,24.484086,20.728817,27.9,-1.584086,False
2017-01-27,23.7,20.5,24.495591,20.746344,27.9,-0.795591,False
2017-01-28,26.9,22.0,24.492581,20.74828,27.9,2.407419,False
2017-01-29,26.5,22.9,24.465054,20.753441,27.9,2.034946,False
2017-01-30,30.8,27.3,24.441613,20.760215,27.9,6.358387,False
2017-01-31,34.9,22.0,24.435161,20.78043,27.81,10.464839,False
2017-02-01,23.9,22.9,24.444624,20.776022,27.9,-0.544624,False
2017-02-02,24.2,22.5,24.418387,20.77871,27.7,-0.218387,False
2017-02-03,25.0,22.9,24.398065,20.787527,27.7,0.601935,False
2017-02-04,28.5,25.0,24.414301,20.788387,27.7,4.085699,True
2017-02-05,30.9,26.4,24.374839,20.778602,27.6,6.525161,True
2017-02-06,28.3,23.9,24.326882,20.759247,27.51,3.973118,True
2017-02-07,24.5,22.9,24.30828,20.743548,27.5,0.19172,False
2017-02-08,24.6,23.1,24.269785,20.725269,27.31,0.330215,False
2017-02-09,27.9,23.4,24.251613,20.699032,27.2,3.648387,True
2017-02-10,31.5,23.8,24.239032,20.680215,27.2,7.260968,True
2017-02-11,32.3,24.1,24.231075,20.658495,27.1,8.068925,True
2017-02-12,27.6,19.9,24.22086,20.633441,27.1,3.37914,True
2017-02-13,24.4,20.2,24.207312,20.605376,27.1,0.192688,False
2017-02-14,21.9,20.4,24.164516,20.562473,27.1,-2.264516,False
2017-02-15,24.5,21.1,24.09957,20.514516,27.1,0.40043,False
2017-02-16,28.2,23.2,24.05043,20.495806,27.0,4.14957,False
2017-02-17,29.8,23.9,24.041075,20.46871,27.0,5.758925,False
2017-02-18,26.6,19.3,24.016452,20.444409,26.91,2.583548,False
2017-02-19,22.9,18.1,23.985914,20.421613,26.9,-1.085914,False
2017-02-20,25.4,18.4,23.943011,20.389355,26.8,1.456989,False
2017-02-21,24.2,21.5,23.884946,20.345806,26.7,0.315054,False
2017-02-22,26.0,21.3,23.850645,20.307849,26.6,2.149355,False
2017-02-23,26.7,21.7,23.806774,20.271075,26.6,2.893226,False
2017-02-24,25.5,20.9,23.751075,20.228817,26.5,1.748925,False
2017-02-25,21.8,20.1,23.709032,20.185269,26.4,-1.909032,False
2017-02-26,23.1,19.4,23.673441,20.147312,26.4,-0.573441,False
2017-02-27,24.1,20.5,23.62957,20.094409,26.3,0.47043,False
2017-02-28,23.6,21.2,23.598387,20.068925,26.2,0.001613,False
2017-03-01,23.2,20.8,23.599677,20.034624,26.2,-0.399677,False
2017-03-02,23.8,21.0,23.571075,19.985806,26.2,0.228925,False
2017-03-03,23.5,21.5,23.552796,19.936559,26.2,-0.052796,False
2017-03-04,23.1,20.8,23.535914,19.914194,26.2,-0.435914,False
2017-03-05,23.5,20.2,23.54129,19.873548,26.2,-0.04129,False
2017-03-06,22.8,19.5,23.49828,19.828172,26.1,-0.69828,False
2017-03-07,21.7,19.0,23.445699,19.780323,26.1,-1.745699,False
2017-03-08,21.2,19.4,23.415591,19.720753,26.1,-2.215591,False
2017-03-09,21.9,19.3,23.391935,19.668602,26.1,-1.491935,False
2017-03-10,22.9,18.6,23.342043,19.607849,26.0,-0.442043,False
2017-03-11,22.6,19.1,23.328065,19.552688,26.0,-0.728065,False
2017-03-12,25.2,21.8,23.285376,19.503226,25.9,1.914624,False
2017-03-13,25.1,21.4,23.249355,19.447742,25.9,1.850645,False
2017-03-14,23.5,20.8,23.18172,19.393763,25.9,0.31828,False
2017-03-15,23.3,22.2,23.13828,19.314409,25.81,0.16172,False
2017-03-16,24.7,21.2,23.075699,19.232151,25.71,1.624301,False
2017-03-17,22.6,21.2,23.044731,19.182903,25.7,-0.444731,False
2017-03-18,23.6,22.6,23.021505,19.122258,25.7,0.578495,False
2017-03-19,24.9,22.9,22.976344,19.041505,25.6,1.923656,False
2017-03-20,25.1,22.7,22.897312,18.964086,25.6,2.202688,False
2017-03-21,25.3,23.0,22.862366,18.890108,25.6,2.437634,False
2017-03-22,27.2,21.0,22.808925,18.812473,25.5,4.391075,False
2017-03-23,22.3,19.9,22.757742,18.722258,25.5,-0.457742,False
2017-03-24,21.8,20.1,22.703978,18.632796,25.4,-0.903978,False
2017-03-25,22.5,20.1,22.636774,18.539785,25.4,-0.136774,False
2017-03-26,24.0,20.1,22.575484,18.446667,25.4,1.424516,False
2017-03-27,24.9,21.8,22.530753,18.355054,25.4,2.369247,False
2017-03-28,23.5,22.3,22.450323,18.266882,25.3,1.049677,False
2017-03-29,26.9,24.2,22.403333,18.183441,25.2,4.496667,False
2017-03-30,23.7,17.2,22.358387,18.108065,25.2,1.341613,False
2017-03-31,20.5,17.2,22.307527,18.031075,25.2,-1.807527,False
2017-04-01,22.1,18.9,22.243011,17.947204,25.2,-0.143011,False
2017-04-02,20.3,17.2,22.192581,17.870108,25.11,-1.892581,False
2017-04-03,19.3,16.6,22.116882,17.782796,25.0,-2.816882,False
2017-04-04,19.9,17.8,22.037742,17.680538,24.9,-2.137742,False
2017-04-05,20.7,17.0,21.945699,17.588065,24.9,-1.245699,False
2017-04-06,21.1,17.5,21.88828,17.496129,24.81,-0.78828,False
2017-04-07,21.9,16.2,21.819032,17.397204,24.8,0.080968,False
2017-04-08,22.2,17.2,21.73914,17.30914,24.7,0.46086,False
2017-04-09,24.9,13.7,21.688602,17.234301,24.6,3.211398,False
2017-04-10,19.0,15.0,21.63,17.135484,24.5,-2.63,False
2017-04-11,21.6,17.6,21.557527,17.043548,24.4,0.042473,False
2017-04-12,19.8,16.4,21.46871,16.944086,24.3,-1.66871,False
2017-04-13,19.8,15.9,21.397419,16.847849,24.2,-1.597419,False
2017-04-14,21.5,16.0,21.34129,16.763763,24.1,0.15871,False
2017-04-15,20.5,16.5,21.261075,16.696667,24.1,-0.761075,False
2017-04-16,23.1,17.4,21.202366,16.632796,24.01,1.897634,False
2017-04-17,21.5,17.7,21.13957,16.555376,24.0,0.36043,False
2017-04-18,21.7,18.2,21.065806,16.486344,23.9,0.634194,False
2017-04-19,20.6,17.1,20.999892,16.392581,23.8,-0.399892,False
2017-04-20,22.4,17.0,20.927742,16.286344,23.8,1.472258,False
2017-04-21,21.7,18.9,20.848387,16.191183,23.7,0.851613,False
2017-04-22,21.6,16.8,20.781828,16.09129,23.6,0.818172,False
2017-04-23,22.4,17.4,20.724409,15.99828,23.6,1.675591,False
2017-04-24,21.5,19.1,20.66129,15.910323,23.5,0.83871,False
2017-04-25,22.8,17.9,20.594624,15.818065,23.41,2.205376,False
2017-04-26,21.5,13.8,20.534946,15.737527,23.4,0.965054,False
2017-04-27,17.3,14.1,20.442258,15.663656,23.3,-3.142258,False
2017-04-28,18.4,12.8,20.38,15.575806,23.2,-1.98,False
2017-04-29,19.8,15.8,20.287419,15.477849,23.2,-0.487419,False
2017-04-30,20.1,14.0,20.184086,15.380968,23.1,-0.084086,False
2017-05-01,22.3,15.6,20.093011,15.277634,22.9,2.206989,False
2017-05-02,22.3,15.3,20.008495,15.182581,22.9,2.291505,False
2017-05-03,17.8,15.9,19.922688,15.108065,22.9,-2.122688,False
2017-05-04,19.1,14.7,19.856022,15.01828,22.8,-0.756022,False
2017-05-05,19.8,14.8,19.788065,14.937742,22.8,0.011935,False
2017-05-06,22.6,15.4,19.718495,14.850215,22.7,2.881505,False
2017-05-07,18.6,12.4,19.635914,14.769892,22.6,-1.035914,False
2017-05-08,17.4,12.8,19.580323,14.693118,22.5,-2.180323,False
2017-05-09,18.3,13.6,19.514086,14.616237,22.5,-1.214086,False
2017-05-10,18.9,13.9,19.431075,14.519462,22.4,-0.531075,False
2017-05-11,18.9,15.3,19.351935,14.433763,22.3,-0.451935,False
2017-05-12,18.6,15.3,19.258065,14.347419,22.2,-0.658065,False
2017-05-13,19.7,15.6,19.196774,14.266237,22.1,0.503226,False
2017-05-14,18.1,14.9,19.110645,14.163548,22.0,-1.010645,False
2017-05-15,18.6,13.5,19.008065,14.053548,21.8,-0.408065,False
2017-05-16,18.9,13.2,18.940645,13.972903,21.61,-0.040645,False
2017-05-17,18.7,14.9,18.859462,13.900215,21.6,-0.159462,False
2017-05-18,19.9,17.8,18.759462,13.83,21.5,1.140538,False
2017-05-19,19.0,18.4,18.680215,13.735591,21.4,0.319785,False
2017-05-20,19.8,16.0,18.599355,13.666129,21.3,1.200645,False
2017-05-21,19.8,16.1,18.529247,13.603333,21.3,1.270753,False
2017-05-22,19.4,16.1,18.449892,13.547742,21.2,0.950108,False
2017-05-23,20.6,15.5,18.365269,13.49828,21.11,2.234731,False
2017-05-24,21.2,12.6,18.287097,13.451398,21.0,2.912903,False
2017-05-25,18.4,11.6,18.218925,13.407204,20.81,0.181075,False
2017-05-26,17.7,13.3,18.145376,13.362473,20.8,-0.445376,False
2017-05-27,18.8,14.0,18.074086,13.302581,20.71,0.725914,False
2017-05-28,21.5,12.8,18.016237,13.244516,20.7,3.483763,False
2017-05-29,16.3,7.9,17.953763,13.194516,20.6,-1.653763,False
2017-05-30,16.1,11.5,17.895054,13.125914,20.6,-1.795054,False
2017-05-31,14.6,11.7,17.834301,13.053226,20.51,-3.234301,False
2017-06-01,16.2,11.9,17.766559,12.98043,20.4,-1.566559,False
2017-06-02,16.5,13.7,17.68871,12.922473,20.21,-1.18871,False
2017-06-03,16.4,13.5,17.61957,12.851505,20.11,-1.21957,False
2017-06-04,16.9,12.4,17.545699,12.786667,20.1,-0.645699,False
2017-06-05,17.2,9.9,17.472043,12.722366,20.01,-0.272043,False
2017-06-06,15.2,11.5,17.402796,12.660753,20.0,-2.202796,False
2017-06-07,15.3,13.6,17.330215,12.568602,19.9,-2.030215,False
2017-06-08,17.2,15.3,17.253548,12.486344,19.8,-0.053548,False
2017-06-09,17.2,15.0,17.185806,12.396559,19.71,0.014194,False
2017-06-10,16.2,14.4,17.111613,12.336882,19.7,-0.911613,False
2017-06-11,16.7,12.1,17.055591,12.286129,19.6,-0.355591,False
2017-06-12,17.8,14.0,16.991075,12.243118,19.5,0.808925,False
2017-06-13,17.2,14.8,16.946022,12.195376,19.4,0.253978,False
2017-06-14,17.5,12.1,16.905806,12.163118,19.3,0.594194,False
2017-06-15,18.3,14.5,16.87129,12.121398,19.2,1.42871,False
2017-06-16,17.0,15.4,16.81,12.050968,19.1,0.19,False
2017-06-17,17.1,13.9,16.768817,11.976882,19.0,0.331183,False
2017-06-18,16.5,15.2,16.74043,11.916452,19.0,-0.24043,False
2017-06-19,18.0,15.4,16.720215,11.880108,19.0,1.279785,False
2017-06-20,18.0,11.2,16.697204,11.817204,19.0,1.302796,False
2017-06-21,18.4,13.7,16.676882,11.762903,18.91,1.723118,False
2017-06-22,16.9,11.4,16.636344,11.694516,18.8,0.263656,False
2017-06-23,17.3,12.1,16.588172,11.635054,18.8,0.711828,False
2017-06-24,18.0,9.9,16.544086,11.567634,18.7,1.455914,False
2017-06-25,17.3,9.6,16.488817,11.521935,18.6,0.811183,False
2017-06-26,16.5,10.5,16.466344,11.46957,18.6,0.033656,False
2017-06-27,16.1,12.0,16.444731,11.417957,18.5,-0.344731,False
2017-06-28,15.9,12.3,16.406344,11.370968,18.5,-0.506344,False
2017-06-29,15.7,11.1,16.365269,11.313656,18.5,-0.665269,False
2017-06-30,14.4,9.2,16.334409,11.27043,18.5,-1.934409,False
2017-07-01,14.9,9.0,16.312043,11.233871,18.5,-1.412043,False
2017-07-02,15.5,9.5,16.293011,11.20086,18.5,-0.793011,False
2017-07-03,15.7,12.6,16.293656,11.156344,18.5,-0.593656,False
2017-07-04,19.3,12.4,16.292581,11.134086,18.5,3.007419,False
2017-07-05,18.7,10.6,16.269032,11.097527,18.5,2.430968,False
2017-07-06,16.6,8.7,16.243226,11.054516,18.5,0.356774,False
2017-07-07,17.6,9.5,16.232903,11.017849,18.5,1.367097,False
2017-07-08,16.7,9.0,16.235269,11.02172,18.6,0.464731,False
2017-07-09,16.3,8.7,16.227957,11.023011,18.6,0.072043,False
2017-07-10,16.1,8.6,16.237957,11.038925,18.7,-0.137957,False
2017-07-11,16.0,11.2,16.246667,11.019785,18.7,-0.246667,False
2017-07-12,13.9,10.5,16.237204,10.98828,18.7,-2.337204,False
2017-07-13,16.3,10.5,16.249355,10.954839,18.7,0.050645,False
2017-07-14,18.7,12.4,16.258172,10.92914,18.7,2.441828,False
2017-07-15,16.0,10.0,16.272688,10.915484,18.7,-0.272688,False
2017-07-16,15.4,10.4,16.29086,10.89871,18.7,-0.89086,False
2017-07-17,17.2,11.6,16.321075,10.880753,18.7,0.878925,False
2017-07-18,21.1,11.6,16.332581,10.869355,18.7,4.767419,False
2017-07-19,15.9,10.3,16.352043,10.853118,18.81,-0.452043,False
2017-07-20,14.9,9.7,16.349032,10.830645,18.81,-1.449032,False
2017-07-21,15.5,8.5,16.349785,10.833548,18.9,-0.849785,False
2017-07-22,17.6,9.3,16.360645,10.833226,18.9,1.239355,False
2017-07-23,20.7,12.3,16.376559,10.831505,19.0,4.323441,False
2017-07-24,18.3,9.4,16.39043,10.813871,19.0,1.90957,False
2017-07-25,19.0,14.1,16.420108,10.812366,19.0,2.579892,False
2017-07-26,19.6,10.8,16.473226,10.78957,19.2,3.126774,False
2017-07-27,16.2,11.9,16.50957,10.790108,19.2,-0.30957,False
2017-07-28,18.2,8.6,16.549032,10.800753,19.31,1.650968,False
2017-07-29,18.5,12.1,16.598602,10.796989,19.4,1.901398,False
2017-07-30,23.2,16.1,16.642258,10.811183,19.4,6.557742,False
2017-07-31,17.5,11.5,16.689462,10.846237,19.51,0.810538,False
2017-08-01,16.3,10.9,16.730753,10.871505,19.61,-0.430753,False
2017-08-02,15.9,12.4,16.784946,10.886237,19.71,-0.884946,False
2017-08-03,16.3,11.9,16.797204,10.896344,19.8,-0.497204,False
2017-08-04,16.6,12.0,16.804516,10.893011,19.8,-0.204516,False
2017-08-05,18.1,12.8,16.832473,10.914194,19.81,1.267527,False
2017-08-06,19.7,13.0,16.874839,10.956774,19.9,2.825161,False
2017-08-07,16.8,10.4,16.903978,11.005269,19.9,-0.103978,False
2017-08-08,17.0,10.5,16.93828,11.023548,19.91,0.06172,False
2017-08-09,17.9,10.0,16.949462,11.04043,20.0,0.950538,False
2017-08-10,22.0,15.0,16.963978,11.041935,20.0,5.036022,False
2017-08-11,22.3,11.4,16.979355,11.075914,19.91,5.320645,False
2017-08-12,19.8,10.9,17.010753,11.113656,20.1,2.789247,False
2017-08-13,17.8,10.4,17.032581,11.146774,20.11,0.767419,False
2017-08-14,20.1,12.7,17.042473,11.213656,20.11,3.057527,False
2017-08-15,21.5,14.4,17.079677,11.271828,20.2,4.420323,False
2017-08-16,20.2,13.1,17.129462,11.319785,20.3,3.070538,False
2017-08-17,21.0,12.7,17.156344,11.384409,20.4,3.843656,False
2017-08-18,15.2,10.0,17.196667,11.447849,20.4,-1.996667,False
2017-08-19,14.4,9.8,17.254516,11.508495,20.41,-2.854516,False
2017-08-20,14.6,10.6,17.309032,11.574516,20.6,-2.709032,False
2017-08-21,16.5,11.1,17.355806,11.627849,20.6,-0.855806,False
2017-08-22,16.8,10.7,17.390645,11.689677,20.61,-0.590645,False
2017-08-23,18.8,10.8,17.430323,11.762796,20.7,1.369677,False
2017-08-24,15.3,11.8,17.481935,11.839677,20.71,-2.181935,False
2017-08-25,15.6,11.1,17.512151,11.911505,20.8,-1.912151,False
2017-08-26,17.0,9.0,17.527849,11.958495,20.81,-0.527849,False
2017-08-27,17.2,9.2,17.555914,12.006129,20.8,-0.355914,False
2017-08-28,14.2,10.1,17.593763,12.064624,20.9,-3.393763,False
2017-08-29,14.9,10.4,17.647312,12.128925,21.0,-2.747312,False
2017-08-30,16.5,10.5,17.703871,12.205269,21.0,-1.203871,False
2017-08-31,14.4,10.6,17.776022,12.262258,21.2,-3.376022,False
2017-09-01,15.7,10.0,17.839355,12.319355,21.21,-2.139355,False
2017-09-02,18.6,12.4,17.867527,12.383763,21.21,0.732473,False
2017-09-03,23.9,13.4,17.934839,12.479032,21.4,5.965161,False
2017-09-04,20.4,12.2,18.029462,12.566774,21.61,2.370538,False
2017-09-05,17.2,12.3,18.089462,12.632258,21.7,-0.889462,False
2017-09-06,17.4,11.5,18.146882,12.690108,21.7,-0.746882,False
2017-09-07,19.3,11.5,18.235054,12.762043,21.8,1.064946,False
2017-09-08,18.6,10.5,18.322043,12.856559,21.9,0.277957,False
2017-09-09,16.3,10.1,18.428387,12.945699,22.01,-2.128387,False
2017-09-10,16.3,11.0,18.491828,13.024194,22.2,-2.191828,False
2017-09-11,19.3,12.8,18.52914,13.076667,22.2,0.77086,False
2017-09-12,24.0,18.5,18.585806,13.151398,22.2,5.414194,False
2017-09-13,28.3,12.5,18.686882,13.235591,22.4,9.613118,False
2017-09-14,15.6,12.2,18.777419,13.260753,22.5,-3.177419,False
2017-09-15,19.9,13.0,18.825484,13.306882,22.6,1.074516,False
2017-09-16,21.2,10.3,18.889247,13.386989,22.6,2.310753,False
2017-09-17,15.5,11.0,18.980323,13.480108,22.71,-3.480323,False
2017-09-18,21.2,16.4,19.071183,13.561613,23.0,2.128817,False
2017-09-19,20.6,11.5,19.101398,13.625914,23.1,1.498602,False
2017-09-20,16.5,11.8,19.176989,13.70957,23.2,-2.676989,False
2017-09-21,20.5,13.1,19.254086,13.787204,23.3,1.245914,False
2017-09-22,23.8,17.6,19.302688,13.863333,23.5,4.497312,False
2017-09-23,26.9,23.4,19.356237,13.903548,23.5,7.543763,False
2017-09-24,27.6,16.8,19.39828,13.954194,23.6,8.20172,False
2017-09-25,23.5,13.2,19.476989,14.022151,23.8,4.023011,False
2017-09-26,18.3,15.1,19.552796,14.103978,23.8,-1.252796,False
2017-09-27,20.9,18.1,19.616989,14.200645,23.9,1.283011,False
2017-09-28,23.3,14.2,19.684946,14.27871,24.02,3.615054,False
2017-09-29,22.0,17.2,19.712258,14.351505,24.02,2.287742,False
2017-09-30,22.7,12.8,19.752473,14.411075,24.2,2.947527,False
2017-10-01,19.0,15.5,19.78828,14.488925,24.3,-0.78828,False
2017-10-02,20.2,16.8,19.812258,14.562903,24.31,0.387742,False
2017-10-03,20.9,15.8,19.868065,14.62871,24.31,1.031935,False
2017-10-04,19.9,17.1,19.92086,14.673763,24.41,-0.02086,False
2017-10-05,22.2,18.3,19.93086,14.709677,24.5,2.26914,False
2017-10-06,18.2,14.8,19.966667,14.774839,24.51,-1.766667,False
2017-10-07,18.2,15.0,19.976559,14.829355,24.6,-1.776559,False
2017-10-08,21.4,18.2,19.983011,14.871828,24.5,1.416989,False
2017-10-09,24.6,16.9,19.997527,14.921828,24.5,4.602473,False
2017-10-10,19.7,18.4,20.053441,14.985914,24.41,-0.353441,False
2017-10-11,22.6,20.2,20.111398,15.055914,24.5,2.488602,False
2017-10-12,24.2,16.0,20.178925,15.118495,24.6,4.021075,False
2017-10-13,20.9,17.4,20.205054,15.19,24.6,0.694946,False
2017-10-14,18.6,17.2,20.204946,15.245806,24.6,-1.604946,False
2017-10-15,19.5,16.9,20.240538,15.345161,24.51,-0.740538,False
2017-10-16,20.2,17.2,20.300108,15.417097,24.51,-0.100108,False
2017-10-17,20.8,17.5,20.322258,15.465806,24.5,0.477742,False
2017-10-18,21.0,17.1,20.337742,15.505484,24.5,0.662258,False
2017-10-19,23.2,19.0,20.369677,15.548817,24.51,2.830323,False
2017-10-20,17.8,15.5,20.383871,15.587204,24.5,-2.583871,False
2017-10-21,16.9,13.6,20.358817,15.61172,24.4,-3.458817,False
2017-10-22,17.7,13.9,20.375591,15.664946,24.31,-2.675591,False
2017-10-23,19.4,14.8,20.420538,15.715591,24.4,-1.020538,False
2017-10-24,22.2,17.8,20.466774,15.787312,24.5,1.733226,False
2017-10-25,25.7,18.4,20.518172,15.853978,24.5,5.181828,False
2017-10-26,20.6,16.4,20.546344,15.894086,24.5,0.053656,False
2017-10-27,20.4,17.5,20.566882,15.952043,24.5,-0.166882,False
2017-10-28,23.8,20.4,20.607204,16.01129,24.5,3.192796,False
2017-10-29,25.3,19.6,20.644086,16.071398,24.5,4.655914,False
2017-10-30,27.7,14.0,20.723441,16.143548,24.51,6.976559,False
2017-10-31,18.2,13.8,20.759462,16.201828,24.51,-2.559462,False
2017-11-01,19.2,15.2,20.744946,16.237527,24.5,-1.544946,False
2017-11-02,20.7,16.7,20.755914,16.284624,24.5,-0.055914,False
2017-11-03,24.2,16.0,20.802473,16.34957,24.5,3.397527,False
2017-11-04,16.6,15.6,20.850968,16.428817,24.61,-4.250968,False
2017-11-05,19.1,16.2,20.935054,16.517957,24.8,-1.835054,False
2017-11-06,22.5,14.3,21.000323,16.599785,24.9,1.499677,False
2017-11-07,18.1,14.9,21.07828,16.651398,25.0,-2.97828,False
2017-11-08,18.3,14.8,21.104301,16.698817,25.0,-2.804301,False
2017-11-09,19.7,15.4,21.127849,16.752258,25.0,-1.427849,False
2017-11-10,20.6,16.0,21.151183,16.81129,25.1,-0.551183,False
2017-11-11,20.8,16.9,21.235806,16.875161,25.2,-0.435806,False
2017-11-12,19.7,16.9,21.307742,16.95914,25.3,-1.607742,False
2017-11-13,19.2,16.3,21.391183,17.027849,25.31,-2.191183,False
2017-11-14,20.5,16.8,21.464301,17.085161,25.4,-0.964301,False
2017-11-15,22.0,18.0,21.500108,17.126989,25.5,0.499892,False
2017-11-16,22.1,19.4,21.558172,17.181505,25.6,0.541828,False
2017-11-17,22.0,19.7,21.598602,17.226129,25.71,0.401398,False
2017-11-18,20.7,18.9,21.643333,17.285484,25.8,-0.943333,False
2017-11-19,21.4,18.5,21.67129,17.343871,25.8,-0.27129,False
2017-11-20,21.0,17.9,21.73828,17.412366,25.9,-0.73828,False
2017-11-21,21.0,17.6,21.815269,17.483656,26.0,-0.815269,False
2017-11-22,21.1,17.7,21.861183,17.543871,26.01,-0.761183,False
2017-11-23,22.2,18.4,21.913548,17.617634,26.1,0.286452,False
2017-11-24,23.1,18.9,21.973226,17.696452,26.1,1.126774,False
2017-11-25,23.3,19.8,22.032581,17.757527,26.2,1.267419,False
2017-11-26,23.5,20.3,22.082151,17.817849,26.21,1.417849,False
2017-11-27,22.8,19.4,22.125699,17.879677,26.3,0.674301,False
2017-11-28,23.1,20.1,22.17871,17.93871,26.4,0.92129,False
2017-11-29,23.2,20.1,22.221613,17.99828,26.4,0.978387,False
2017-11-30,23.6,20.5,22.229892,18.052688,26.3,1.370108,False
2017-12-01,25.4,22.1,22.294409,18.113548,26.4,3.105591,False
2017-12-02,24.2,18.2,22.373763,18.186882,26.4,1.826237,False
2017-12-03,23.5,18.3,22.463226,18.251183,26.4,1.036774,False
2017-12-04,19.5,16.9,22.523548,18.30129,26.5,-3.023548,False
2017-12-05,21.0,17.3,22.573011,18.352043,26.5,-1.573011,False
2017-12-06,23.3,18.3,22.603763,18.407957,26.5,0.696237,False
2017-12-07,25.9,19.7,22.657097,18.463763,26.6,3.242903,False
2017-12-08,24.0,18.5,22.717312,18.55086,26.6,1.282688,False
2017-12-09,21.2,18.3,22.806129,18.622258,26.7,-1.606129,False
2017-12-10,22.2,18.2,22.873226,18.668817,26.7,-0.673226,False
2017-12-11,23.2,20.3,22.908065,18.686022,26.7,0.291935,False
2017-12-12,23.4,19.4,22.882151,18.716989,26.6,0.517849,False
2017-12-13,26.7,20.8,22.905914,18.748495,26.6,3.794086,False
2017-12-14,29.1,21.3,22.925054,18.775699,26.6,6.174946,False
2017-12-15,23.8,21.4,22.955161,18.835806,26.6,0.844839,False
2017-12-16,25.8,21.8,23.010323,18.896989,26.6,2.789677,False
2017-12-17,23.5,21.3,23.056129,18.954516,26.6,0.443871,False
2017-12-18,24.6,20.9,23.108387,19.025161,26.51,1.491613,False
2017-12-19,28.8,24.8,23.145161,19.073226,26.6,5.654839,False
2017-12-20,29.2,20.4,23.19,19.127957,26.6,6.01,False
2017-12-21,21.7,20.8,23.254194,19.187849,26.7,-1.554194,False
2017-12-22,23.0,20.0,23.309355,19.238387,26.61,-0.309355,False
2017-12-23,26.8,21.1,23.369247,19.290538,26.71,3.430753,False
2017-12-24,29.6,19.5,23.41871,19.318065,26.8,6.18129,False
2017-12-25,21.1,19.8,23.42914,19.355806,26.9,-2.32914,False
2017-12-26,22.2,20.7,23.456129,19.413656,26.91,-1.256129,False
2017-12-27,23.4,19.4,23.513656,19.493011,27.1,-0.113656,False
2017-12-28,25.1,21.2,23.585161,19.555914,27.1,1.514839,False
2017-12-29,26.6,22.4,23.622473,19.595054,27.11,2.977527,False
2017-12-30,28.8,20.6,23.665161,19.634839,27.2,5.134839,False
2017-12-31,22.9,21.0,23.717419,19.671075,27.3,-0.817419,False
2018-01-01,23.7,20.6,23.731828,19.716667,27.3,-0.031828,False
2018-01-02,24.2,20.2,23.783978,19.759247,27.5,0.416022,False
2018-01-03,21.8,19.7,23.833011,19.80043,27.6,-2.033011,False
2018-01-04,22.1,18.0,23.836774,19.851183,27.5,-1.736774,False
2018-01-05,23.7,20.8,23.888817,19.901183,27.5,-0.188817,False
2018-01-06,30.3,22.9,23.941505,19.945161,27.6,6.358495,False
2018-01-07,33.7,22.2,23.980108,19.993978,27.6,9.719892,False
2018-01-08,27.1,22.6,24.019355,20.032688,27.61,3.080645,False
2018-01-09,28.3,20.3,24.047097,20.090215,27.61,4.252903,False
2018-01-10,22.2,20.1,24.074409,20.147849,27.7,-1.874409,False
2018-01-11,23.3,22.0,24.112903,20.222151,27.8,-0.812903,False
2018-01-12,26.0,24.1,24.15957,20.289247,27.8,1.84043,False
2018-01-13,29.3,16.4,24.193548,20.346882,27.8,5.106452,False
2018-01-14,21.2,17.2,24.244731,20.397312,27.8,-3.044731,False
2018-01-15,23.1,18.9,24.294516,20.444946,27.8,-1.194516,False
2018-01-16,20.9,18.0,24.32914,20.477419,27.81,-3.42914,False
2018-01-17,22.0,16.6,24.317419,20.506237,27.9,-2.317419,False
2018-01-18,23.7,18.0,24.324409,20.527419,27.8,-0.624409,False
2018-01-19,25.7,18.6,24.354946,20.546667,27.9,1.345054,False
2018-01-20,25.8,19.7,24.35914,20.574731,27.9,1.44086,False
2018-01-21,25.7,20.9,24.37871,20.612258,27.9,1.32129,False
2018-01-22,28.4,22.3,24.387742,20.637312,27.9,4.012258,False
2018-01-23,25.5,21.9,24.376022,20.654624,27.81,1.123978,False
2018-01-24,26.6,22.6,24.403548,20.686989,27.8,2.196452,False
2018-01-25,24.7,22.8,24.460323,20.71129,27.9,0.239677,False
2018-01-26,25.5,23.5,24.484086,20.728817,27.9,1.015914,False
2018-01-27,26.6,23.7,24.495591,20.746344,27.9,2.104409,False
2018-01-28,25.6,22.8,24.492581,20.74828,27.9,1.107419,False
2018-01-29,25.7,21.5,24.465054,20.753441,27.9,1.234946,False
2018-01-30,26.6,19.4,24.441613,20.760215,27.9,2.158387,False
2018-01-31,20.8,18.8,24.435161,20.78043,27.81,-3.635161,False
2018-02-01,21.1,18.3,24.444624,20.776022,27.9,-3.344624,False
2018-02-02,21.2,17.9,24.418387,20.77871,27.7,-3.218387,False
2018-02-03,22.2,18.9,24.398065,20.787527,27.7,-2.198065,False
2018-02-04,22.9,18.7,24.414301,20.788387,27.7,-1.514301,False
2018-02-05,23.7,20.0,24.374839,20.778602,27.6,-0.674839,False
2018-02-06,24.5,20.8,24.326882,20.759247,27.51,0.173118,False
2018-02-07,24.5,20.0,24.30828,20.743548,27.5,0.19172,False
2018-02-08,26.1,21.3,24.269785,20.725269,27.31,1.830215,False
2018-02-09,25.7,21.9,24.251613,20.699032,27.2,1.448387,False
2018-02-10,27.0,22.6,24.239032,20.680215,27.2,2.760968,False
2018-02-11,28.3,21.2,24.231075,20.658495,27.1,4.068925,False
2018-02-12,25.0,22.8,24.22086,20.633441,27.1,0.77914,False
2018-02-13,25.0,23.1,24.207312,20.605376,27.1,0.792688,False
2018-02-14,28.9,21.3,24.164516,20.562473,27.1,4.735484,False
2018-02-15,25.3,20.5,24.09957,20.514516,27.1,1.20043,False
2018-02-16,26.7,21.6,24.05043,20.495806,27.0,2.64957,False
2018-02-17,24.8,22.5,24.041075,20.46871,27.0,0.758925,False
2018-02-18,26.6,22.9,24.016452,20.444409,26.91,2.583548,False
2018-02-19,25.1,20.3,23.985914,20.421613,26.9,1.114086,False
2018-02-20,20.8,19.1,23.943011,20.389355,26.8,-3.143011,False
2018-02-21,22.6,20.4,23.884946,20.345806,26.7,-1.284946,False
2018-02-22,24.0,20.8,23.850645,20.307849,26.6,0.149355,False
2018-02-23,25.6,21.8,23.806774,20.271075,26.6,1.793226,False
2018-02-24,28.1,22.5,23.751075,20.228817,26.5,4.348925,False
2018-02-25,22.0,19.3,23.709032,20.185269,26.4,-1.709032,False
2018-02-26,20.7,19.5,23.673441,20.147312,26.4,-2.973441,False
2018-02-27,22.4,18.2,23.62957,20.094409,26.3,-1.22957,False
2018-02-28,26.1,21.2,23.598387,20.068925,26.2,2.501613,False
2018-03-01,22.5,19.9,23.599677,20.034624,26.2,-1.099677,False
2018-03-02,22.7,20.6,23.571075,19.985806,26.2,-0.871075,False
2018-03-03,25.0,21.9,23.552796,19.936559,26.2,1.447204,False
2018-03-04,23.9,21.3,23.535914,19.914194,26.2,0.364086,False
2018-03-05,22.9,20.2,23.54129,19.873548,26.2,-0.64129,False
2018-03-06,22.5,19.9,23.49828,19.828172,26.1,-0.99828,False
2018-03-07,22.3,19.4,23.445699,19.780323,26.1,-1.145699,False
2018-03-08,22.7,20.3,23.415591,19.720753,26.1,-0.715591,False
2018-03-09,23.1,20.5,23.391935,19.668602,26.1,-0.291935,False
2018-03-10,23.5,18.7,23.342043,19.607849,26.0,0.157957,False
2018-03-11,24.2,18.4,23.328065,19.552688,26.0,0.871935,False
2018-03-12,24.0,20.4,23.285376,19.503226,25.9,0.714624,False
2018-03-13,21.5,20.4,23.249355,19.447742,25.9,-1.749355,False
2018-03-14,24.2,21.0,23.18172,19.393763,25.9,1.01828,False
2018-03-15,27.7,21.6,23.13828,19.314409,25.81,4.56172,False
2018-03-16,23.5,21.8,23.075699,19.232151,25.71,0.424301,False
2018-03-17,26.5,21.7,23.044731,19.182903,25.7,3.455269,True
2018-03-18,33.2,21.2,23.021505,19.122258,25.7,10.178495,True
2018-03-19,25.7,20.5,22.976344,19.041505,25.6,2.723656,True
2018-03-20,25.4,20.3,22.897312,18.964086,25.6,2.502688,False
2018-03-21,20.4,19.4,22.862366,18.890108,25.6,-2.462366,False
2018-03-22,20.8,19.5,22.808925,18.812473,25.5,-2.008925,False
2018-03-23,22.0,19.2,22.757742,18.722258,25.5,-0.757742,False
2018-03-24,24.8,21.3,22.703978,18.632796,25.4,2.096022,False
2018-03-25,28.9,21.2,22.636774,18.539785,25.4,6.263226,False
2018-03-26,24.3,15.7,22.575484,18.446667,25.4,1.724516,False
2018-03-27,22.2,19.8,22.530753,18.355054,25.4,-0.330753,False
2018-03-28,24.3,19.4,22.450323,18.266882,25.3,1.849677,False
2018-03-29,24.5,19.4,22.403333,18.183441,25.2,2.096667,False
2018-03-30,26.4,20.9,22.358387,18.108065,25.2,4.041613,False
2018-03-31,23.3,19.5,22.307527,18.031075,25.2,0.992473,False
2018-04-01,26.0,20.8,22.243011,17.947204,25.2,3.756989,False
2018-04-02,26.5,20.5,22.192581,17.870108,25.11,4.307419,False
2018-04-03,22.5,20.6,22.116882,17.782796,25.0,0.383118,False
2018-04-04,22.7,19.9,22.037742,17.680538,24.9,0.662258,False
2018-04-05,24.7,19.3,21.945699,17.588065,24.9,2.754301,False
2018-04-06,23.5,20.8,21.88828,17.496129,24.81,1.61172,False
2018-04-07,24.9,20.2,21.819032,17.397204,24.8,3.080968,False
2018-04-08,24.5,19.6,21.73914,17.30914,24.7,2.76086,False
2018-04-09,30.1,19.7,21.688602,17.234301,24.6,8.411398,False
2018-04-10,21.8,19.6,21.63,17.135484,24.5,0.17,False
2018-04-11,25.0,20.2,21.557527,17.043548,24.4,3.442473,False
2018-04-12,28.7,22.3,21.46871,16.944086,24.3,7.23129,False
2018-04-13,27.9,22.5,21.397419,16.847849,24.2,6.502581,False
2018-04-14,28.2,19.3,21.34129,16.763763,24.1,6.85871,False
2018-04-15,22.4,18.7,21.261075,16.696667,24.1,1.138925,False
2018-04-16,26.0,17.7,21.202366,16.632796,24.01,4.797634,False
2018-04-17,20.4,18.0,21.13957,16.555376,24.0,-0.73957,False
2018-04-18,21.0,17.8,21.065806,16.486344,23.9,-0.065806,False
2018-04-19,22.8,17.6,20.999892,16.392581,23.8,1.800108,False
2018-04-20,22.5,18.2,20.927742,16.286344,23.8,1.572258,False
2018-04-21,20.8,17.5,20.848387,16.191183,23.7,-0.048387,False
2018-04-22,20.9,17.0,20.781828,16.09129,23.6,0.118172,False
2018-04-23,21.9,17.4,20.724409,15.99828,23.6,1.175591,False
2018-04-24,21.4,17.0,20.66129,15.910323,23.5,0.73871,False
2018-04-25,21.5,17.4,20.594624,15.818065,23.41,0.905376,False
2018-04-26,22.5,17.7,20.534946,15.737527,23.4,1.965054,False
2018-04-27,19.3,17.0,20.442258,15.663656,23.3,-1.142258,False
2018-04-28,18.7,16.0,20.38,15.575806,23.2,-1.68,False
2018-04-29,19.4,14.5,20.287419,15.477849,23.2,-0.887419,False
2018-04-30,19.1,15.2,20.184086,15.380968,23.1,-1.084086,False
2018-05-01,21.4,15.7,20.093011,15.277634,22.9,1.306989,False
2018-05-02,21.5,15.9,20.008495,15.182581,22.9,1.491505,False
2018-05-03,23.9,20.1,19.922688,15.108065,22.9,3.977312,False
2018-05-04,24.4,12.9,19.856022,15.01828,22.8,4.543978,False
2018-05-05,19.8,13.2,19.788065,14.937742,22.8,0.011935,False
2018-05-06,20.4,14.1,19.718495,14.850215,22.7,0.681505,False
2018-05-07,22.2,14.5,19.635914,14.769892,22.6,2.564086,False
2018-05-08,22.8,13.9,19.580323,14.693118,22.5,3.219677,False
2018-05-09,22.1,15.1,19.514086,14.616237,22.5,2.585914,False
2018-05-10,22.9,10.9,19.431075,14.519462,22.4,3.468925,False
2018-05-11,16.3,12.4,19.351935,14.433763,22.3,-3.051935,False
2018-05-12,17.3,14.8,19.258065,14.347419,22.2,-1.958065,False
2018-05-13,17.6,15.8,19.196774,14.266237,22.1,-1.596774,False
2018-05-14,18.3,13.5,19.110645,14.163548,22.0,-0.810645,False
2018-05-15,18.0,13.7,19.008065,14.053548,21.8,-1.008065,False
2018-05-16,16.5,12.1,18.940645,13.972903,21.61,-2.440645,False
2018-05-17,17.6,10.5,18.859462,13.900215,21.6,-1.259462,False
2018-05-18,18.7,11.9,18.759462,13.83,21.5,-0.059462,False
2018-05-19,17.8,10.6,18.680215,13.735591,21.4,-0.880215,False
2018-05-20,19.7,12.8,18.599355,13.666129,21.3,1.100645,False
2018-05-21,20.0,12.7,18.529247,13.603333,21.3,1.470753,False
2018-05-22,21.4,14.3,18.449892,13.547742,21.2,2.950108,False
2018-05-23,19.1,12.8,18.365269,13.49828,21.11,0.734731,False
2018-05-24,18.5,16.0,18.287097,13.451398,21.0,0.212903,False
2018-05-25,18.2,12.8,18.218925,13.407204,20.81,-0.018925,False
2018-05-26,18.5,11.4,18.145376,13.362473,20.8,0.354624,False
2018-05-27,18.4,13.7,18.074086,13.302581,20.71,0.325914,False
2018-05-28,19.2,12.9,18.016237,13.244516,20.7,1.183763,False
2018-05-29,21.4,14.6,17.953763,13.194516,20.6,3.446237,False
2018-05-30,15.4,11.2,17.895054,13.125914,20.6,-2.495054,False
2018-05-31,16.5,13.0,17.834301,13.053226,20.51,-1.334301,False
2018-06-01,15.3,13.6,17.766559,12.98043,20.4,-2.466559,False
2018-06-02,16.4,15.0,17.68871,12.922473,20.21,-1.28871,False
2018-06-03,17.4,13.1,17.61957,12.851505,20.11,-0.21957,False
2018-06-04,15.9,13.1,17.545699,12.786667,20.1,-1.645699,False
2018-06-05,14.5,13.9,17.472043,12.722366,20.01,-2.972043,False
2018-06-06,16.2,14.6,17.402796,12.660753,20.0,-1.202796,False
2018-06-07,19.0,13.8,17.330215,12.568602,19.9,1.669785,False
2018-06-08,18.1,14.4,17.253548,12.486344,19.8,0.846452,False
2018-06-09,15.4,13.4,17.185806,12.396559,19.71,-1.785806,False
2018-06-10,15.7,13.8,17.111613,12.336882,19.7,-1.411613,False
2018-06-11,15.9,11.5,17.055591,12.286129,19.6,-1.155591,False
2018-06-12,17.6,12.7,16.991075,12.243118,19.5,0.608925,False
2018-06-13,18.6,11.8,16.946022,12.195376,19.4,1.653978,False
2018-06-14,17.8,12.7,16.905806,12.163118,19.3,0.894194,False
2018-06-15,18.1,11.6,16.87129,12.121398,19.2,1.22871,False
2018-06-16,16.9,10.0,16.81,12.050968,19.1,0.09,False
2018-06-17,14.2,11.4,16.768817,11.976882,19.0,-2.568817,False
2018-06-18,15.1,12.3,16.74043,11.916452,19.0,-1.64043,False
2018-06-19,15.1,13.1,16.720215,11.880108,19.0,-1.620215,False
2018-06-20,16.8,13.3,16.697204,11.817204,19.0,0.102796,False
2018-06-21,15.6,11.0,16.676882,11.762903,18.91,-1.076882,False
2018-06-22,16.7,9.6,16.636344,11.694516,18.8,0.063656,False
2018-06-23,17.5,9.0,16.588172,11.635054,18.8,0.911828,False
2018-06-24,15.7,10.1,16.544086,11.567634,18.7,-0.844086,False
2018-06-25,15.6,10.8,16.488817,11.521935,18.6,-0.888817,False
2018-06-26,16.1,12.0,16.466344,11.46957,18.6,-0.366344,False
2018-06-27,15.7,13.5,16.444731,11.417957,18.5,-0.744731,False
2018-06-28,16.3,9.6,16.406344,11.370968,18.5,-0.106344,False
2018-06-29,15.3,10.6,16.365269,11.313656,18.5,-1.065269,False
2018-06-30,17.8,8.5,16.334409,11.27043,18.5,1.465591,False
2018-07-01,15.4,12.4,16.312043,11.233871,18.5,-0.912043,False
2018-07-02,16.1,12.6,16.293011,11.20086,18.5,-0.193011,False
2018-07-03,16.9,10.7,16.293656,11.156344,18.5,0.606344,False
2018-07-04,18.1,12.0,16.292581,11.134086,18.5,1.807419,False
2018-07-05,21.5,15.7,16.269032,11.097527,18.5,5.230968,False
2018-07-06,23.0,10.6,16.243226,11.054516,18.5,6.756774,False
2018-07-07,16.7,10.3,16.232903,11.017849,18.5,0.467097,False
2018-07-08,15.6,11.4,16.235269,11.02172,18.6,-0.635269,False
2018-07-09,15.6,11.2,16.227957,11.023011,18.6,-0.627957,False
2018-07-10,15.6,9.0,16.237957,11.038925,18.7,-0.637957,False
2018-07-11,16.1,10.0,16.246667,11.019785,18.7,-0.146667,False
2018-07-12,16.9,8.3,16.237204,10.98828,18.7,0.662796,False
2018-07-13,16.0,8.7,16.249355,10.954839,18.7,-0.249355,False
2018-07-14,15.6,6.6,16.258172,10.92914,18.7,-0.658172,False
2018-07-15,15.7,6.3,16.272688,10.915484,18.7,-0.572688,False
2018-07-16,16.3,10.7,16.29086,10.89871,18.7,0.00914,False
2018-07-17,20.2,13.5,16.321075,10.880753,18.7,3.878925,False
2018-07-18,19.2,10.0,16.332581,10.869355,18.7,2.867419,False
2018-07-19,20.3,13.4,16.352043,10.853118,18.81,3.947957,False
2018-07-20,18.1,10.1,16.349032,10.830645,18.81,1.750968,False
2018-07-21,15.5,8.2,16.349785,10.833548,18.9,-0.849785,False
2018-07-22,15.2,7.6,16.360645,10.833226,18.9,-1.160645,False
2018-07-23,17.5,11.7,16.376559,10.831505,19.0,1.123441,False
2018-07-24,20.5,11.8,16.39043,10.813871,19.0,4.10957,False
2018-07-25,20.1,10.4,16.420108,10.812366,19.0,3.679892,False
2018-07-26,18.0,9.0,16.473226,10.78957,19.2,1.526774,False
2018-07-27,18.0,9.9,16.50957,10.790108,19.2,1.49043,False
2018-07-28,18.7,13.9,16.549032,10.800753,19.31,2.150968,False
2018-07-29,22.0,11.3,16.598602,10.796989,19.4,5.401398,False
2018-07-30,16.8,10.3,16.642258,10.811183,19.4,0.157742,False
2018-07-31,19.0,12.1,16.689462,10.846237,19.51,2.310538,False
2018-08-01,19.0,11.4,16.730753,10.871505,19.61,2.269247,False
2018-08-02,16.5,11.6,16.784946,10.886237,19.71,-0.284946,False
2018-08-03,19.7,12.1,16.797204,10.896344,19.8,2.902796,False
2018-08-04,17.8,8.9,16.804516,10.893011,19.8,0.995484,False
2018-08-05,18.7,13.3,16.832473,10.914194,19.81,1.867527,False
2018-08-06,16.6,11.9,16.874839,10.956774,19.9,-0.274839,False
2018-08-07,15.9,10.3,16.903978,11.005269,19.9,-1.003978,False
2018-08-08,18.0,10.0,16.93828,11.023548,19.91,1.06172,False
2018-08-09,16.2,10.3,16.949462,11.04043,20.0,-0.749462,False
2018-08-10,19.0,13.2,16.963978,11.041935,20.0,2.036022,False
2018-08-11,21.2,10.9,16.979355,11.075914,19.91,4.220645,False
2018-08-12,15.5,9.9,17.010753,11.113656,20.1,-1.510753,False
2018-08-13,17.6,9.1,17.032581,11.146774,20.11,0.567419,False
2018-08-14,18.7,12.9,17.042473,11.213656,20.11,1.657527,False
2018-08-15,22.3,14.9,17.079677,11.271828,20.2,5.220323,False
2018-08-16,18.6,8.9,17.129462,11.319785,20.3,1.470538,False
2018-08-17,16.8,9.8,17.156344,11.384409,20.4,-0.356344,False
2018-08-18,19.8,10.2,17.196667,11.447849,20.4,2.603333,False
2018-08-19,15.1,9.4,17.254516,11.508495,20.41,-2.154516,False
2018-08-20,14.2,9.4,17.309032,11.574516,20.6,-3.109032,False
2018-08-21,16.1,10.4,17.355806,11.627849,20.6,-1.255806,False
2018-08-22,15.1,10.9,17.390645,11.689677,20.61,-2.290645,False
2018-08-23,15.0,11.9,17.430323,11.762796,20.7,-2.430323,False
2018-08-24,15.8,13.5,17.481935,11.839677,20.71,-1.681935,False
2018-08-25,16.8,12.5,17.512151,11.911505,20.8,-0.712151,False
2018-08-26,14.7,13.1,17.527849,11.958495,20.81,-2.827849,False
2018-08-27,13.3,9.7,17.555914,12.006129,20.8,-4.255914,False
2018-08-28,12.7,8.0,17.593763,12.064624,20.9,-4.893763,False
2018-08-29,14.3,7.9,17.647312,12.128925,21.0,-3.347312,False
2018-08-30,14.9,12.4,17.703871,12.205269,21.0,-2.803871,False
2018-08-31,17.2,13.1,17.776022,12.262258,21.2,-0.576022,False
2018-09-01,18.8,11.2,17.839355,12.319355,21.21,0.960645,False
2018-09-02,14.1,11.1,17.867527,12.383763,21.21,-3.767527,False
2018-09-03,14.7,12.3,17.934839,12.479032,21.4,-3.234839,False
2018-09-04,16.0,11.7,18.029462,12.566774,21.61,-2.029462,False
2018-09-05,15.2,12.6,18.089462,12.632258,21.7,-2.889462,False
2018-09-06,17.8,14.9,18.146882,12.690108,21.7,-0.346882,False
2018-09-07,18.2,14.4,18.235054,12.762043,21.8,-0.035054,False
2018-09-08,15.6,11.2,18.322043,12.856559,21.9,-2.722043,False
2018-09-09,19.6,13.5,18.428387,12.945699,22.01,1.171613,False
2018-09-10,17.4,13.4,18.491828,13.024194,22.2,-1.091828,False
2018-09-11,19.0,14.5,18.52914,13.076667,22.2,0.47086,False
2018-09-12,23.1,14.0,18.585806,13.151398,22.2,4.514194,False
2018-09-13,17.3,15.3,18.686882,13.235591,22.4,-1.386882,False
2018-09-14,20.3,14.3,18.777419,13.260753,22.5,1.522581,False
2018-09-15,25.8,10.6,18.825484,13.306882,22.6,6.974516,False
2018-09-16,14.8,11.1,18.889247,13.386989,22.6,-4.089247,False
2018-09-17,16.3,11.8,18.980323,13.480108,22.71,-2.680323,False
2018-09-18,20.8,15.0,19.071183,13.561613,23.0,1.728817,False
2018-09-19,24.7,11.5,19.101398,13.625914,23.1,5.598602,False
2018-09-20,15.1,10.6,19.176989,13.70957,23.2,-4.076989,False
2018-09-21,17.7,12.0,19.254086,13.787204,23.3,-1.554086,False
2018-09-22,19.3,13.6,19.302688,13.863333,23.5,-0.002688,False
2018-09-23,17.9,13.3,19.356237,13.903548,23.5,-1.456237,False
2018-09-24,14.5,12.2,19.39828,13.954194,23.6,-4.89828,False
2018-09-25,15.3,13.4,19.476989,14.022151,23.8,-4.176989,False
2018-09-26,14.4,10.8,19.552796,14.103978,23.8,-5.152796,False
2018-09-27,18.6,13.6,19.616989,14.200645,23.9,-1.016989,False
2018-09-28,23.1,15.1,19.684946,14.27871,24.02,3.415054,False
2018-09-29,18.5,12.5,19.712258,14.351505,24.02,-1.212258,False
2018-09-30,16.3,12.6,19.752473,14.411075,24.2,-3.452473,False
2018-10-01,18.5,13.5,19.78828,14.488925,24.3,-1.28828,False
2018-10-02,20.3,14.8,19.812258,14.562903,24.31,0.487742,False
2018-10-03,21.5,17.0,19.868065,14.62871,24.31,1.631935,False
2018-10-04,16.9,15.6,19.92086,14.673763,24.41,-3.02086,False
2018-10-05,16.0,14.9,19.93086,14.709677,24.5,-3.93086,False
2018-10-06,17.3,14.2,19.966667,14.774839,24.51,-2.666667,False
2018-10-07,17.6,15.9,19.976559,14.829355,24.6,-2.376559,False
2018-10-08,19.4,13.9,19.983011,14.871828,24.5,-0.583011,False
2018-10-09,20.2,16.8,19.997527,14.921828,24.5,0.202473,False
2018-10-10,16.5,14.2,20.053441,14.985914,24.41,-3.553441,False
2018-10-11,16.1,14.5,20.111398,15.055914,24.5,-4.011398,False
2018-10-12,16.7,15.5,20.178925,15.118495,24.6,-3.478925,False
2018-10-13,18.3,16.6,20.205054,15.19,24.6,-1.905054,False
2018-10-14,19.0,16.5,20.204946,15.245806,24.6,-1.204946,False
2018-10-15,19.7,17.6,20.240538,15.345161,24.51,-0.540538,False
2018-10-16,20.5,18.3,20.300108,15.417097,24.51,0.199892,False
2018-10-17,21.4,18.0,20.322258,15.465806,24.5,1.077742,False
2018-10-18,20.9,16.7,20.337742,15.505484,24.5,0.562258,False
2018-10-19,22.0,18.5,20.369677,15.548817,24.51,1.630323,False
2018-10-20,23.1,16.0,20.383871,15.587204,24.5,2.716129,False
2018-10-21,18.2,16.7,20.358817,15.61172,24.4,-2.158817,False
2018-10-22,19.9,16.3,20.375591,15.664946,24.31,-0.475591,False
2018-10-23,22.5,16.6,20.420538,15.715591,24.4,2.079462,False
2018-10-24,18.0,16.5,20.466774,15.787312,24.5,-2.466774,False
2018-10-25,19.3,15.7,20.518172,15.853978,24.5,-1.218172,False
2018-10-26,19.6,16.6,20.546344,15.894086,24.5,-0.946344,False
2018-10-27,21.3,16.6,20.566882,15.952043,24.5,0.733118,False
2018-10-28,17.6,16.2,20.607204,16.01129,24.5,-3.007204,False
2018-10-29,18.9,15.5,20.644086,16.071398,24.5,-1.744086,False
2018-10-30,22.3,17.3,20.723441,16.143548,24.51,1.576559,False
2018-10-31,22.0,19.1,20.759462,16.201828,24.51,1.240538,False
2018-11-01,26.9,21.5,20.744946,16.237527,24.5,6.155054,True
2018-11-02,29.8,23.9,20.755914,16.284624,24.5,9.044086,True
2018-11-03,28.0,18.5,20.802473,16.34957,24.5,7.197527,True
2018-11-04,22.2,17.8,20.850968,16.428817,24.61,1.349032,False
2018-11-05,24.5,21.6,20.935054,16.517957,24.8,3.564946,False
2018-11-06,28.1,21.4,21.000323,16.599785,24.9,7.099677,False
2018-11-07,21.9,13.7,21.07828,16.651398,25.0,0.82172,False
2018-11-08,17.5,14.0,21.104301,16.698817,25.0,-3.604301,False
2018-11-09,19.2,16.3,21.127849,16.752258,25.0,-1.927849,False
2018-11-10,19.8,16.0,21.151183,16.81129,25.1,-1.351183,False
2018-11-11,20.3,16.9,21.235806,16.875161,25.2,-0.935806,False
2018-11-12,21.1,18.0,21.307742,16.95914,25.3,-0.207742,False
2018-11-13,22.5,18.6,21.391183,17.027849,25.31,1.108817,False
2018-11-14,21.6,18.0,21.464301,17.085161,25.4,0.135699,False
2018-11-15,20.4,17.2,21.500108,17.126989,25.5,-1.100108,False
2018-11-16,19.2,16.5,21.558172,17.181505,25.6,-2.358172,False
2018-11-17,19.4,16.3,21.598602,17.226129,25.71,-2.198602,False
2018-11-18,19.5,16.6,21.643333,17.285484,25.8,-2.143333,False
2018-11-19,20.2,17.3,21.67129,17.343871,25.8,-1.47129,False
2018-11-20,23.8,20.7,21.73828,17.412366,25.9,2.06172,False
2018-11-21,25.3,20.0,21.815269,17.483656,26.0,3.484731,False
2018-11-22,23.0,15.1,21.861183,17.543871,26.01,1.138817,False
2018-11-23,21.9,15.1,21.913548,17.617634,26.1,-0.013548,False
2018-11-24,22.1,15.8,21.973226,17.696452,26.1,0.126774,False
2018-11-25,21.2,16.2,22.032581,17.757527,26.2,-0.832581,False
2018-11-26,20.6,17.3,22.082151,17.817849,26.21,-1.482151,False
2018-11-27,21.0,19.0,22.125699,17.879677,26.3,-1.125699,False
2018-11-28,20.0,16.6,22.17871,17.93871,26.4,-2.17871,False
2018-11-29,19.6,16.5,22.221613,17.99828,26.4,-2.621613,False
2018-11-30,20.7,18.1,22.229892,18.052688,26.3,-1.529892,False
2018-12-01,25.6,17.4,22.294409,18.113548,26.4,3.305591,False
2018-12-02,30.2,16.5,22.373763,18.186882,26.4,7.826237,False
2018-12-03,24.2,18.7,22.463226,18.251183,26.4,1.736774,False
2018-12-04,20.9,18.2,22.523548,18.30129,26.5,-1.623548,False
2018-12-05,20.9,19.3,22.573011,18.352043,26.5,-1.673011,False
2018-12-06,22.5,18.0,22.603763,18.407957,26.5,-0.103763,False
2018-12-07,23.2,18.2,22.657097,18.463763,26.6,0.542903,False
2018-12-08,23.9,18.8,22.717312,18.55086,26.6,1.182688,False
2018-12-09,24.0,20.0,22.806129,18.622258,26.7,1.193871,False
2018-12-10,22.8,19.8,22.873226,18.668817,26.7,-0.073226,False
2018-12-11,20.9,19.2,22.908065,18.686022,26.7,-2.008065,False
2018-12-12,22.1,20.4,22.882151,18.716989,26.6,-0.782151,False
2018-12-13,23.7,21.0,22.905914,18.748495,26.6,0.794086,False
2018-12-14,23.0,20.7,22.925054,18.775699,26.6,0.074946,False
2018-12-15,24.4,21.3,22.955161,18.835806,26.6,1.444839,False
2018-12-16,25.8,20.8,23.010323,18.896989,26.6,2.789677,False
2018-12-17,24.1,21.2,23.056129,18.954516,26.6,1.043871,False
2018-12-18,23.4,21.1,23.108387,19.025161,26.51,0.291613,False
2018-12-19,22.4,20.7,23.145161,19.073226,26.6,-0.745161,False
2018-12-20,26.3,20.5,23.19,19.127957,26.6,3.11,False
2018-12-21,21.2,18.0,23.254194,19.187849,26.7,-2.054194,False
2018-12-22,19.6,16.9,23.309355,19.238387,26.61,-3.709355,False
2018-12-23,21.0,16.8,23.369247,19.290538,26.71,-2.369247,False
2018-12-24,22.4,18.6,23.41871,19.318065,26.8,-1.01871,False
2018-12-25,24.6,20.2,23.42914,19.355806,26.9,1.17086,False
2018-12-26,24.8,19.9,23.456129,19.413656,26.91,1.343871,False
2018-12-27,26.2,20.7,23.513656,19.493011,27.1,2.686344,False
2018-12-28,27.9,20.4,23.585161,19.555914,27.1,4.314839,True
2018-12-29,27.8,20.6,23.622473,19.595054,27.11,4.177527,True
2018-12-30,27.3,21.3,23.665161,19.634839,27.2,3.634839,True
2018-12-31,25.1,22.4,23.717419,19.671075,27.3,1.382581,False
2019-01-01,26.4,21.4,23.731828,19.716667,27.3,2.668172,False
2019-01-02,25.0,21.4,23.783978,19.759247,27.5,1.216022,False
2019-01-03,23.9,21.1,23.833011,19.80043,27.6,0.066989,False
2019-01-04,30.4,23.4,23.836774,19.851183,27.5,6.563226,False
2019-01-05,31.5,19.5,23.888817,19.901183,27.5,7.611183,False
2019-01-06,21.5,20.3,23.941505,19.945161,27.6,-2.441505,False
2019-01-07,23.4,21.4,23.980108,19.993978,27.6,-0.580108,False
2019-01-08,25.2,20.7,24.019355,20.032688,27.61,1.180645,False
2019-01-09,26.5,21.5,24.047097,20.090215,27.61,2.452903,False
2019-01-10,22.2,20.9,24.074409,20.147849,27.7,-1.874409,False
2019-01-11,23.9,21.4,24.112903,20.222151,27.8,-0.212903,False
2019-01-12,26.1,21.6,24.15957,20.289247,27.8,1.94043,False
2019-01-13,23.8,21.8,24.193548,20.346882,27.8,-0.393548,False
2019-01-14,25.2,22.3,24.244731,20.397312,27.8,0.955269,False
2019-01-15,27.4,22.6,24.294516,20.444946,27.8,3.105484,False
2019-01-16,26.7,22.4,24.32914,20.477419,27.81,2.37086,False
2019-01-17,27.6,22.6,24.317419,20.506237,27.9,3.282581,False
2019-01-18,27.5,23.0,24.324409,20.527419,27.8,3.175591,False
2019-01-19,23.8,21.4,24.354946,20.546667,27.9,-0.554946,False
2019-01-20,23.6,22.1,24.35914,20.574731,27.9,-0.75914,False
2019-01-21,24.3,22.6,24.37871,20.612258,27.9,-0.07871,False
2019-01-22,26.8,23.0,24.387742,20.637312,27.9,2.412258,False
2019-01-23,26.2,22.6,24.376022,20.654624,27.81,1.823978,False
2019-01-24,25.1,23.0,24.403548,20.686989,27.8,0.696452,False
2019-01-25,27.7,24.0,24.460323,20.71129,27.9,3.239677,False
2019-01-26,30.1,23.2,24.484086,20.728817,27.9,5.615914,False
2019-01-27,27.9,23.3,24.495591,20.746344,27.9,3.404409,False
2019-01-28,25.6,23.1,24.492581,20.74828,27.9,1.107419,False
2019-01-29,27.5,23.4,24.465054,20.753441,27.9,3.034946,False
2019-01-30,28.0,23.8,24.441613,20.760215,27.9,3.558387,False
2019-01-31,31.0,20.1,24.435161,20.78043,27.81,6.564839,False
2019-02-01,23.4,20.8,24.444624,20.776022,27.9,-1.044624,False
2019-02-02,24.7,22.2,24.418387,20.77871,27.7,0.281613,False
2019-02-03,26.4,22.0,24.398065,20.787527,27.7,2.001935,False
2019-02-04,26.4,23.5,24.414301,20.788387,27.7,1.985699,False
2019-02-05,25.4,22.5,24.374839,20.778602,27.6,1.025161,False
2019-02-06,25.8,22.2,24.326882,20.759247,27.51,1.473118,False
2019-02-07,26.2,22.5,24.30828,20.743548,27.5,1.89172,False
2019-02-08,27.2,22.9,24.269785,20.725269,27.31,2.930215,False
2019-02-09,28.2,18.5,24.251613,20.699032,27.2,3.948387,False
2019-02-10,22.3,19.1,24.239032,20.680215,27.2,-1.939032,False
2019-02-11,25.6,20.1,24.231075,20.658495,27.1,1.368925,False
2019-02-12,31.4,20.1,24.22086,20.633441,27.1,7.17914,False
2019-02-13,23.3,18.9,24.207312,20.605376,27.1,-0.907312,False
2019-02-14,22.9,19.9,24.164516,20.562473,27.1,-1.264516,False
2019-02-15,24.7,20.4,24.09957,20.514516,27.1,0.60043,False
2019-02-16,25.0,20.1,24.05043,20.495806,27.0,0.94957,False
2019-02-17,26.4,21.0,24.041075,20.46871,27.0,2.358925,False
2019-02-18,27.8,22.5,24.016452,20.444409,26.91,3.783548,False
2019-02-19,25.7,20.9,23.985914,20.421613,26.9,1.714086,False
2019-02-20,22.8,21.4,23.943011,20.389355,26.8,-1.143011,False
2019-02-21,23.6,20.6,23.884946,20.345806,26.7,-0.284946,False
2019-02-22,22.3,20.0,23.850645,20.307849,26.6,-1.550645,False
2019-02-23,21.8,19.9,23.806774,20.271075,26.6,-2.006774,False
2019-02-24,22.5,19.8,23.751075,20.228817,26.5,-1.251075,False
2019-02-25,22.7,18.1,23.709032,20.185269,26.4,-1.009032,False
2019-02-26,24.7,20.7,23.673441,20.147312,26.4,1.026559,False
2019-02-27,24.0,21.1,23.62957,20.094409,26.3,0.37043,False
2019-02-28,25.5,21.6,23.598387,20.068925,26.2,1.901613,False
2019-03-01,25.4,20.7,23.599677,20.034624,26.2,1.800323,False
2019-03-02,25.3,21.0,23.571075,19.985806,26.2,1.728925,False
2019-03-03,25.2,21.4,23.552796,19.936559,26.2,1.647204,False
2019-03-04,26.5,21.4,23.535914,19.914194,26.2,2.964086,True
2019-03-05,26.9,22.2,23.54129,19.873548,26.2,3.35871,True
2019-03-06,29.6,19.0,23.49828,19.828172,26.1,6.10172,True
2019-03-07,22.7,20.5,23.445699,19.780323,26.1,-0.745699,False
2019-03-08,25.6,22.4,23.415591,19.720753,26.1,2.184409,False
2019-03-09,23.0,21.4,23.391935,19.668602,26.1,-0.391935,False
2019-03-10,26.5,22.3,23.342043,19.607849,26.0,3.157957,False
2019-03-11,24.8,21.2,23.328065,19.552688,26.0,1.471935,False
2019-03-12,28.6,20.4,23.285376,19.503226,25.9,5.314624,False
2019-03-13,23.1,21.7,23.249355,19.447742,25.9,-0.149355,False
2019-03-14,24.0,19.0,23.18172,19.393763,25.9,0.81828,False
2019-03-15,21.8,20.0,23.13828,19.314409,25.81,-1.33828,False
2019-03-16,22.0,20.5,23.075699,19.232151,25.71,-1.075699,False
2019-03-17,21.6,20.0,23.044731,19.182903,25.7,-1.444731,False
2019-03-18,22.7,19.8,23.021505,19.122258,25.7,-0.321505,False
2019-03-19,22.2,20.0,22.976344,19.041505,25.6,-0.776344,False
2019-03-20,23.5,20.4,22.897312,18.964086,25.6,0.602688,False
2019-03-21,23.9,20.6,22.862366,18.890108,25.6,1.037634,False
2019-03-22,23.9,19.8,22.808925,18.812473,25.5,1.091075,False
2019-03-23,24.9,21.8,22.757742,18.722258,25.5,2.142258,False
2019-03-24,27.6,21.5,22.703978,18.632796,25.4,4.896022,False
2019-03-25,25.0,18.9,22.636774,18.539785,25.4,2.363226,False
2019-03-26,23.8,18.2,22.575484,18.446667,25.4,1.224516,False
2019-03-27,21.8,18.9,22.530753,18.355054,25.4,-0.730753,False
2019-03-28,23.8,19.0,22.450323,18.266882,25.3,1.349677,False
2019-03-29,25.0,20.2,22.403333,18.183441,25.2,2.596667,False
2019-03-30,23.6,13.8,22.358387,18.108065,25.2,1.241613,False
2019-03-31,20.2,15.1,22.307527,18.031075,25.2,-2.107527,False
2019-04-01,20.1,18.9,22.243011,17.947204,25.2,-2.143011,False
2019-04-02,21.4,18.1,22.192581,17.870108,25.11,-0.792581,False
2019-04-03,22.8,18.4,22.116882,17.782796,25.0,0.683118,False
2019-04-04,21.1,18.5,22.037742,17.680538,24.9,-0.937742,False
2019-04-05,21.1,18.8,21.945699,17.588065,24.9,-0.845699,False
2019-04-06,24.9,18.7,21.88828,17.496129,24.81,3.01172,False
2019-04-07,23.4,17.9,21.819032,17.397204,24.8,1.580968,False
2019-04-08,28.1,20.7,21.73914,17.30914,24.7,6.36086,False
2019-04-09,25.2,15.8,21.688602,17.234301,24.6,3.511398,False
2019-04-10,18.7,15.8,21.63,17.135484,24.5,-2.93,False
2019-04-11,19.6,16.8,21.557527,17.043548,24.4,-1.957527,False
2019-04-12,20.2,16.4,21.46871,16.944086,24.3,-1.26871,False
2019-04-13,22.6,18.2,21.397419,16.847849,24.2,1.202581,False
2019-04-14,21.1,17.4,21.34129,16.763763,24.1,-0.24129,False
2019-04-15,20.8,17.1,21.261075,16.696667,24.1,-0.461075,False
2019-04-16,21.3,17.1,21.202366,16.632796,24.01,0.097634,False
2019-04-17,22.0,16.7,21.13957,16.555376,24.0,0.86043,False
2019-04-18,23.0,19.2,21.065806,16.486344,23.9,1.934194,False
2019-04-19,21.9,18.3,20.999892,16.392581,23.8,0.900108,False
2019-04-20,22.2,19.3,20.927742,16.286344,23.8,1.272258,False
2019-04-21,23.4,20.0,20.848387,16.191183,23.7,2.551613,False
2019-04-22,23.6,19.5,20.781828,16.09129,23.6,2.818172,False
2019-04-23,22.4,17.3,20.724409,15.99828,23.6,1.675591,False
2019-04-24,22.8,17.5,20.66129,15.910323,23.5,2.13871,False
2019-04-25,24.3,18.4,20.594624,15.818065,23.41,3.705376,False
2019-04-26,26.2,15.4,20.534946,15.737527,23.4,5.665054,False
2019-04-27,18.1,12.7,20.442258,15.663656,23.3,-2.342258,False
2019-04-28,21.1,15.6,20.38,15.575806,23.2,0.72,False
2019-04-29,20.7,16.1,20.287419,15.477849,23.2,0.412581,False
2019-04-30,22.5,18.3,20.184086,15.380968,23.1,2.315914,False
2019-05-01,22.9,19.1,20.093011,15.277634,22.9,2.806989,False
2019-05-02,23.3,19.9,20.008495,15.182581,22.9,3.291505,False
2019-05-03,22.1,17.8,19.922688,15.108065,22.9,2.177312,False
2019-05-04,20.6,14.6,19.856022,15.01828,22.8,0.743978,False
2019-05-05,17.5,15.0,19.788065,14.937742,22.8,-2.288065,False
2019-05-06,19.1,12.5,19.718495,14.850215,22.7,-0.618495,False
2019-05-07,21.2,15.2,19.635914,14.769892,22.6,1.564086,False
2019-05-08,19.7,11.5,19.580323,14.693118,22.5,0.119677,False
2019-05-09,19.4,14.2,19.514086,14.616237,22.5,-0.114086,False
2019-05-10,17.5,11.7,19.431075,14.519462,22.4,-1.931075,False
2019-05-11,19.7,12.1,19.351935,14.433763,22.3,0.348065,False
2019-05-12,19.6,13.0,19.258065,14.347419,22.2,0.341935,False
2019-05-13,20.6,14.6,19.196774,14.266237,22.1,1.403226,False
2019-05-14,21.0,15.7,19.110645,14.163548,22.0,1.889355,False
2019-05-15,20.2,14.5,19.008065,14.053548,21.8,1.191935,False
2019-05-16,20.1,13.9,18.940645,13.972903,21.61,1.159355,False
2019-05-17,21.3,15.5,18.859462,13.900215,21.6,2.440538,False
2019-05-18,20.1,16.3,18.759462,13.83,21.5,1.340538,False
2019-05-19,20.2,15.3,18.680215,13.735591,21.4,1.519785,False
2019-05-20,21.6,14.6,18.599355,13.666129,21.3,3.000645,False
2019-05-21,23.8,15.5,18.529247,13.603333,21.3,5.270753,False
2019-05-22,22.5,16.7,18.449892,13.547742,21.2,4.050108,False
2019-05-23,20.8,14.3,18.365269,13.49828,21.11,2.434731,False
2019-05-24,22.6,14.0,18.287097,13.451398,21.0,4.312903,False
2019-05-25,24.0,16.3,18.218925,13.407204,20.81,5.781075,False
2019-05-26,21.5,12.5,18.145376,13.362473,20.8,3.354624,False
2019-05-27,18.4,10.6,18.074086,13.302581,20.71,0.325914,False
2019-05-28,17.4,13.2,18.016237,13.244516,20.7,-0.616237,False
2019-05-29,18.1,9.6,17.953763,13.194516,20.6,0.146237,False
2019-05-30,14.9,10.3,17.895054,13.125914,20.6,-2.995054,False
2019-05-31,18.6,13.4,17.834301,13.053226,20.51,0.765699,False
2019-06-01,17.6,14.7,17.766559,12.98043,20.4,-0.166559,False
2019-06-02,17.2,13.4,17.68871,12.922473,20.21,-0.48871,False
2019-06-03,16.4,10.4,17.61957,12.851505,20.11,-1.21957,False
2019-06-04,14.5,12.5,17.545699,12.786667,20.1,-3.045699,False
2019-06-05,15.2,9.6,17.472043,12.722366,20.01,-2.272043,False
2019-06-06,17.6,13.3,17.402796,12.660753,20.0,0.197204,False
2019-06-07,18.1,13.7,17.330215,12.568602,19.9,0.769785,False
2019-06-08,16.8,13.5,17.253548,12.486344,19.8,-0.453548,False
2019-06-09,19.7,13.7,17.185806,12.396559,19.71,2.514194,False
2019-06-10,22.2,14.4,17.111613,12.336882,19.7,5.088387,False
2019-06-11,20.1,13.7,17.055591,12.286129,19.6,3.044409,False
2019-06-12,21.2,16.9,16.991075,12.243118,19.5,4.208925,False
2019-06-13,21.3,11.9,16.946022,12.195376,19.4,4.353978,False
2019-06-14,17.5,10.6,16.905806,12.163118,19.3,0.594194,False
2019-06-15,17.3,13.1,16.87129,12.121398,19.2,0.42871,False
2019-06-16,14.7,13.3,16.81,12.050968,19.1,-2.11,False
2019-06-17,15.7,14.5,16.768817,11.976882,19.0,-1.068817,False
2019-06-18,17.5,11.1,16.74043,11.916452,19.0,0.75957,False
2019-06-19,15.5,10.6,16.720215,11.880108,19.0,-1.220215,False
2019-06-20,14.7,8.9,16.697204,11.817204,19.0,-1.997204,False
2019-06-21,14.3,10.4,16.676882,11.762903,18.91,-2.376882,False
2019-06-22,14.6,11.0,16.636344,11.694516,18.8,-2.036344,False
2019-06-23,14.2,12.2,16.588172,11.635054,18.8,-2.388172,False
2019-06-24,16.2,14.1,16.544086,11.567634,18.7,-0.344086,False
2019-06-25,17.5,14.8,16.488817,11.521935,18.6,1.011183,False
2019-06-26,17.8,13.7,16.466344,11.46957,18.6,1.333656,False
2019-06-27,17.5,12.8,16.444731,11.417957,18.5,1.055269,False
2019-06-28,18.5,13.3,16.406344,11.370968,18.5,2.093656,False
2019-06-29,19.1,13.2,16.365269,11.313656,18.5,2.734731,False
2019-06-30,16.9,8.6,16.334409,11.27043,18.5,0.565591,False
2019-07-01,16.1,9.7,16.312043,11.233871,18.5,-0.212043,False
2019-07-02,18.7,11.4,16.293011,11.20086,18.5,2.406989,False
2019-07-03,17.8,14.9,16.293656,11.156344,18.5,1.506344,False
2019-07-04,16.9,15.6,16.292581,11.134086,18.5,0.607419,False
2019-07-05,17.8,15.0,16.269032,11.097527,18.5,1.530968,False
2019-07-06,17.6,13.9,16.243226,11.054516,18.5,1.356774,False
2019-07-07,17.8,13.5,16.232903,11.017849,18.5,1.567097,False
2019-07-08,18.0,10.5,16.235269,11.02172,18.6,1.764731,False
2019-07-09,16.6,9.4,16.227957,11.023011,18.6,0.372043,False
2019-07-10,16.4,12.2,16.237957,11.038925,18.7,0.162043,False
2019-07-11,18.0,12.9,16.246667,11.019785,18.7,1.753333,False
2019-07-12,18.0,13.0,16.237204,10.98828,18.7,1.762796,False
2019-07-13,14.5,8.6,16.249355,10.954839,18.7,-1.749355,False
2019-07-14,15.0,11.3,16.258172,10.92914,18.7,-1.258172,False
2019-07-15,16.2,10.2,16.272688,10.915484,18.7,-0.072688,False
2019-07-16,18.6,10.2,16.29086,10.89871,18.7,2.30914,False
2019-07-17,18.2,11.5,16.321075,10.880753,18.7,1.878925,False
2019-07-18,17.5,8.4,16.332581,10.869355,18.7,1.167419,False
2019-07-19,18.0,9.2,16.352043,10.853118,18.81,1.647957,False
2019-07-20,18.5,11.0,16.349032,10.830645,18.81,2.150968,False
2019-07-21,21.2,11.9,16.349785,10.833548,18.9,4.850215,False
2019-07-22,20.3,11.7,16.360645,10.833226,18.9,3.939355,False
2019-07-23,21.3,14.2,16.376559,10.831505,19.0,4.923441,False
2019-07-24,18.1,9.7,16.39043,10.813871,19.0,1.70957,False
2019-07-25,17.2,11.1,16.420108,10.812366,19.0,0.779892,False
2019-07-26,18.4,12.5,16.473226,10.78957,19.2,1.926774,False
2019-07-27,17.1,11.1,16.50957,10.790108,19.2,0.59043,False
2019-07-28,17.0,10.4,16.549032,10.800753,19.31,0.450968,False
2019-07-29,19.2,13.3,16.598602,10.796989,19.4,2.601398,False
2019-07-30,15.1,12.6,16.642258,10.811183,19.4,-1.542258,False
2019-07-31,15.4,12.1,16.689462,10.846237,19.51,-1.289462,False
2019-08-01,17.2,13.0,16.730753,10.871505,19.61,0.469247,False
2019-08-02,16.9,10.4,16.784946,10.886237,19.71,0.115054,False
2019-08-03,18.6,10.5,16.797204,10.896344,19.8,1.802796,False
2019-08-04,16.0,12.3,16.804516,10.893011,19.8,-0.804516,False
2019-08-05,17.9,8.5,16.832473,10.914194,19.81,1.067527,False
2019-08-06,18.2,10.0,16.874839,10.956774,19.9,1.325161,False
2019-08-07,21.1,12.6,16.903978,11.005269,19.9,4.196022,False
2019-08-08,19.2,13.6,16.93828,11.023548,19.91,2.26172,False
2019-08-09,15.9,10.2,16.949462,11.04043,20.0,-1.049462,False
2019-08-10,13.5,10.1,16.963978,11.041935,20.0,-3.463978,False
2019-08-11,13.7,10.3,16.979355,11.075914,19.91,-3.279355,False
2019-08-12,16.3,8.1,17.010753,11.113656,20.1,-0.710753,False
2019-08-13,16.1,9.3,17.032581,11.146774,20.11,-0.932581,False
2019-08-14,16.6,7.7,17.042473,11.213656,20.11,-0.442473,False
2019-08-15,18.3,8.7,17.079677,11.271828,20.2,1.220323,False
2019-08-16,21.0,11.9,17.129462,11.319785,20.3,3.870538,False
2019-08-17,16.8,10.5,17.156344,11.384409,20.4,-0.356344,False
2019-08-18,19.7,11.8,17.196667,11.447849,20.4,2.503333,False
2019-08-19,15.2,9.1,17.254516,11.508495,20.41,-2.054516,False
2019-08-20,18.5,11.7,17.309032,11.574516,20.6,1.190968,False
2019-08-21,18.9,13.5,17.355806,11.627849,20.6,1.544194,False
2019-08-22,17.2,9.9,17.390645,11.689677,20.61,-0.190645,False
2019-08-23,16.2,9.9,17.430323,11.762796,20.7,-1.230323,False
2019-08-24,21.8,11.5,17.481935,11.839677,20.71,4.318065,False
2019-08-25,19.2,13.5,17.512151,11.911505,20.8,1.687849,False
2019-08-26,15.2,13.7,17.527849,11.958495,20.81,-2.327849,False
2019-08-27,15.5,12.0,17.555914,12.006129,20.8,-2.055914,False
2019-08-28,18.0,12.0,17.593763,12.064624,20.9,0.406237,False
2019-08-29,13.8,12.5,17.647312,12.128925,21.0,-3.847312,False
2019-08-30,15.0,13.4,17.703871,12.205269,21.0,-2.703871,False
2019-08-31,16.2,12.8,17.776022,12.262258,21.2,-1.576022,False
2019-09-01,18.7,11.8,17.839355,12.319355,21.21,0.860645,False
2019-09-02,18.2,11.6,17.867527,12.383763,21.21,0.332473,False
2019-09-03,19.9,12.5,17.934839,12.479032,21.4,1.965161,False
2019-09-04,21.9,14.6,18.029462,12.566774,21.61,3.870538,False
2019-09-05,19.2,14.2,18.089462,12.632258,21.7,1.110538,False
2019-09-06,23.3,12.5,18.146882,12.690108,21.7,5.153118,False
2019-09-07,16.9,11.8,18.235054,12.762043,21.8,-1.335054,False
2019-09-08,17.6,11.0,18.322043,12.856559,21.9,-0.722043,False
2019-09-09,16.2,10.9,18.428387,12.945699,22.01,-2.228387,False
2019-09-10,15.0,11.0,18.491828,13.024194,22.2,-3.491828,False
2019-09-11,17.3,10.7,18.52914,13.076667,22.2,-1.22914,False
2019-09-12,22.3,14.4,18.585806,13.151398,22.2,3.714194,False
2019-09-13,17.3,12.1,18.686882,13.235591,22.4,-1.386882,False
2019-09-14,17.4,11.7,18.777419,13.260753,22.5,-1.377419,False
2019-09-15,21.6,14.2,18.825484,13.306882,22.6,2.774516,False
2019-09-16,23.8,11.4,18.889247,13.386989,22.6,4.910753,False
2019-09-17,15.9,12.1,18.980323,13.480108,22.71,-3.080323,False
2019-09-18,17.1,15.5,19.071183,13.561613,23.0,-1.971183,False
2019-09-19,18.3,16.2,19.101398,13.625914,23.1,-0.801398,False
2019-09-20,19.2,16.5,19.176989,13.70957,23.2,0.023011,False
2019-09-21,21.0,16.8,19.254086,13.787204,23.3,1.745914,False
2019-09-22,18.9,13.4,19.302688,13.863333,23.5,-0.402688,False
2019-09-23,19.6,10.5,19.356237,13.903548,23.5,0.243763,False
2019-09-24,17.3,11.5,19.39828,13.954194,23.6,-2.09828,False
2019-09-25,17.5,14.1,19.476989,14.022151,23.8,-1.976989,False
2019-09-26,18.1,13.9,19.552796,14.103978,23.8,-1.452796,False
2019-09-27,21.0,14.2,19.616989,14.200645,23.9,1.383011,False
2019-09-28,17.3,12.6,19.684946,14.27871,24.02,-2.384946,False
2019-09-29,17.9,14.6,19.712258,14.351505,24.02,-1.812258,False
2019-09-30,16.8,14.6,19.752473,14.411075,24.2,-2.952473,False
2019-10-01,17.8,13.4,19.78828,14.488925,24.3,-1.98828,False
2019-10-02,20.5,15.0,19.812258,14.562903,24.31,0.687742,False
2019-10-03,23.6,17.3,19.868065,14.62871,24.31,3.731935,False
2019-10-04,27.3,16.0,19.92086,14.673763,24.41,7.37914,False
2019-10-05,17.7,16.2,19.93086,14.709677,24.5,-2.23086,False
2019-10-06,20.8,17.7,19.966667,14.774839,24.51,0.833333,False
2019-10-07,20.0,15.9,19.976559,14.829355,24.6,0.023441,False
2019-10-08,21.8,12.5,19.983011,14.871828,24.5,1.816989,False
2019-10-09,16.5,13.2,19.997527,14.921828,24.5,-3.497527,False
2019-10-10,16.0,12.7,20.053441,14.985914,24.41,-4.053441,False
2019-10-11,15.5,13.1,20.111398,15.055914,24.5,-4.611398,False
2019-10-12,15.9,13.6,20.178925,15.118495,24.6,-4.278925,False
2019-10-13,16.7,14.0,20.205054,15.19,24.6,-3.505054,False
2019-10-14,19.7,16.4,20.204946,15.245806,24.6,-0.504946,False
2019-10-15,21.6,16.5,20.240538,15.345161,24.51,1.359462,False
2019-10-16,20.4,17.3,20.300108,15.417097,24.51,0.099892,False
2019-10-17,23.3,13.2,20.322258,15.465806,24.5,2.977742,False
2019-10-18,20.9,14.8,20.337742,15.505484,24.5,0.562258,False
2019-10-19,24.5,13.2,20.369677,15.548817,24.51,4.130323,False
2019-10-20,18.1,14.5,20.383871,15.587204,24.5,-2.283871,False
2019-10-21,19.6,14.4,20.358817,15.61172,24.4,-0.758817,False
2019-10-22,20.8,16.8,20.375591,15.664946,24.31,0.424409,False
2019-10-23,21.9,17.2,20.420538,15.715591,24.4,1.479462,False
2019-10-24,25.7,19.3,20.466774,15.787312,24.5,5.233226,False
2019-10-25,28.6,23.2,20.518172,15.853978,24.5,8.081828,False
2019-10-26,27.9,15.6,20.546344,15.894086,24.5,7.353656,False
2019-10-27,20.0,15.0,20.566882,15.952043,24.5,-0.566882,False
2019-10-28,19.7,16.6,20.607204,16.01129,24.5,-0.907204,False
2019-10-29,21.8,17.5,20.644086,16.071398,24.5,1.155914,False
2019-10-30,21.8,17.5,20.723441,16.143548,24.51,1.076559,False
2019-10-31,22.8,17.3,20.759462,16.201828,24.51,2.040538,False
2019-11-01,23.0,18.0,20.744946,16.237527,24.5,2.255054,False
2019-11-02,23.9,19.2,20.755914,16.284624,24.5,3.144086,False
2019-11-03,24.5,18.0,20.802473,16.34957,24.5,3.697527,False
2019-11-04,20.6,14.9,20.850968,16.428817,24.61,-0.250968,False
2019-11-05,18.6,13.5,20.935054,16.517957,24.8,-2.335054,False
2019-11-06,23.5,20.5,21.000323,16.599785,24.9,2.499677,False
2019-11-07,25.9,18.5,21.07828,16.651398,25.0,4.82172,False
2019-11-08,26.1,13.2,21.104301,16.698817,25.0,4.995699,False
2019-11-09,18.6,14.6,21.127849,16.752258,25.0,-2.527849,False
2019-11-10,20.9,15.0,21.151183,16.81129,25.1,-0.251183,False
2019-11-11,24.4,17.1,21.235806,16.875161,25.2,3.164194,False
2019-11-12,29.5,14.9,21.307742,16.95914,25.3,8.192258,False
2019-11-13,20.1,15.5,21.391183,17.027849,25.31,-1.291183,False
2019-11-14,22.1,17.2,21.464301,17.085161,25.4,0.635699,False
2019-11-15,24.6,17.1,21.500108,17.126989,25.5,3.099892,False
2019-11-16,19.8,17.6,21.558172,17.181505,25.6,-1.758172,False
2019-11-17,19.5,16.0,21.598602,17.226129,25.71,-2.098602,False
2019-11-18,23.7,16.7,21.643333,17.285484,25.8,2.056667,False
2019-11-19,26.4,17.9,21.67129,17.343871,25.8,4.72871,False
2019-11-20,21.5,17.7,21.73828,17.412366,25.9,-0.23828,False
2019-11-21,24.5,21.4,21.815269,17.483656,26.0,2.684731,False
2019-11-22,21.3,18.9,21.861183,17.543871,26.01,-0.561183,False
2019-11-23,20.6,18.5,21.913548,17.617634,26.1,-1.313548,False
2019-11-24,21.9,19.1,21.973226,17.696452,26.1,-0.073226,False
2019-11-25,27.2,21.7,22.032581,17.757527,26.2,5.167419,False
2019-11-26,29.3,15.3,22.082151,17.817849,26.21,7.217849,False
2019-11-27,20.4,16.6,22.125699,17.879677,26.3,-1.725699,False
2019-11-28,22.4,19.5,22.17871,17.93871,26.4,0.22129,False
2019-11-29,23.5,19.7,22.221613,17.99828,26.4,1.278387,False
2019-11-30,20.4,16.7,22.229892,18.052688,26.3,-1.829892,False
2019-12-01,20.5,16.5,22.294409,18.113548,26.4,-1.794409,False
2019-12-02,20.5,15.5,22.373763,18.186882,26.4,-1.873763,False
2019-12-03,24.3,18.0,22.463226,18.251183,26.4,1.836774,False
2019-12-04,24.7,17.6,22.523548,18.30129,26.5,2.176452,False
2019-12-05,28.0,18.5,22.573011,18.352043,26.5,5.426989,False
2019-12-06,25.9,18.0,22.603763,18.407957,26.5,3.296237,False
2019-12-07,22.6,18.6,22.657097,18.463763,26.6,-0.057097,False
2019-12-08,21.9,19.9,22.717312,18.55086,26.6,-0.817312,False
2019-12-09,23.9,19.3,22.806129,18.622258,26.7,1.093871,False
2019-12-10,26.5,18.3,22.873226,18.668817,26.7,3.626774,False
2019-12-11,20.6,18.3,22.908065,18.686022,26.7,-2.308065,False
2019-12-12,20.1,18.0,22.882151,18.716989,26.6,-2.782151,False
2019-12-13,21.5,18.5,22.905914,18.748495,26.6,-1.405914,False
2019-12-14,22.7,19.5,22.925054,18.775699,26.6,-0.225054,False
2019-12-15,24.0,19.4,22.955161,18.835806,26.6,1.044839,False
2019-12-16,20.7,17.4,23.010323,18.896989,26.6,-2.310323,False
2019-12-17,21.2,17.5,23.056129,18.954516,26.6,-1.856129,False
2019-12-18,26.8,19.8,23.108387,19.025161,26.51,3.691613,False
2019-12-19,30.3,19.1,23.145161,19.073226,26.6,7.154839,False
2019-12-20,23.0,20.4,23.19,19.127957,26.6,-0.19,False
2019-12-21,28.7,18.5,23.254194,19.187849,26.7,5.445806,False
2019-12-22,20.2,18.9,23.309355,19.238387,26.61,-3.109355,False
2019-12-23,22.2,20.7,23.369247,19.290538,26.71,-1.169247,False
2019-12-24,23.7,21.1,23.41871,19.318065,26.8,0.28129,False
2019-12-25,23.6,20.5,23.42914,19.355806,26.9,0.17086,False
2019-12-26,24.7,20.1,23.456129,19.413656,26.91,1.243871,False
2019-12-27,24.6,19.5,23.513656,19.493011,27.1,1.086344,False
2019-12-28,26.6,19.8,23.585161,19.555914,27.1,3.014839,False
2019-12-29,26.4,20.4,23.622473,19.595054,27.11,2.777527,False
2019-12-30,29.0,21.7,23.665161,19.634839,27.2,5.334839,False
2019-12-31,30.9,19.8,23.717419,19.671075,27.3,7.182581,False
2020-01-01,22.3,20.1,23.731828,19.716667,27.3,-1.431828,False
2020-01-02,23.0,21.3,23.783978,19.759247,27.5,-0.783978,False
2020-01-03,27.7,21.6,23.833011,19.80043,27.6,3.866989,False
2020-01-04,32.8,21.1,23.836774,19.851183,27.5,8.963226,False
2020-01-05,22.8,20.0,23.888817,19.901183,27.5,-1.088817,False
2020-01-06,22.9,21.2,23.941505,19.945161,27.6,-1.041505,False
2020-01-07,24.7,21.5,23.980108,19.993978,27.6,0.719892,False
2020-01-08,23.4,21.1,24.019355,20.032688,27.61,-0.619355,False
2020-01-09,23.5,21.8,24.047097,20.090215,27.61,-0.547097,False
2020-01-10,27.2,19.9,24.074409,20.147849,27.7,3.125591,False
2020-01-11,21.2,19.4,24.112903,20.222151,27.8,-2.912903,False
2020-01-12,21.7,19.5,24.15957,20.289247,27.8,-2.45957,False
2020-01-13,22.9,20.2,24.193548,20.346882,27.8,-1.293548,False
2020-01-14,23.7,20.4,24.244731,20.397312,27.8,-0.544731,False
2020-01-15,24.0,21.7,24.294516,20.444946,27.8,-0.294516,False
2020-01-16,23.3,20.4,24.32914,20.477419,27.81,-1.02914,False
2020-01-17,22.0,20.7,24.317419,20.506237,27.9,-2.317419,False
2020-01-18,22.4,20.7,24.324409,20.527419,27.8,-1.924409,False
2020-01-19,22.6,20.7,24.354946,20.546667,27.9,-1.754946,False
2020-01-20,24.6,20.5,24.35914,20.574731,27.9,0.24086,False
2020-01-21,26.2,21.3,24.37871,20.612258,27.9,1.82129,False
2020-01-22,29.4,23.2,24.387742,20.637312,27.9,5.012258,False
2020-01-23,32.5,23.6,24.376022,20.654624,27.81,8.123978,False
2020-01-24,25.4,23.3,24.403548,20.686989,27.8,0.996452,False
2020-01-25,26.5,23.9,24.460323,20.71129,27.9,2.039677,False
2020-01-26,28.7,23.2,24.484086,20.728817,27.9,4.215914,False
2020-01-27,25.8,23.4,24.495591,20.746344,27.9,1.304409,False
2020-01-28,26.4,23.3,24.492581,20.74828,27.9,1.907419,False
2020-01-29,24.8,21.4,24.465054,20.753441,27.9,0.334946,False
2020-01-30,25.6,23.2,24.441613,20.760215,27.9,1.158387,False
2020-01-31,29.0,24.3,24.435161,20.78043,27.81,4.564839,False
2020-02-01,31.7,26.5,24.444624,20.776022,27.9,7.255376,False
2020-02-02,27.6,23.4,24.418387,20.77871,27.7,3.181613,False
2020-02-03,27.5,19.1,24.398065,20.787527,27.7,3.101935,False
2020-02-04,22.4,19.7,24.414301,20.788387,27.7,-2.014301,False
2020-02-05,23.9,21.7,24.374839,20.778602,27.6,-0.474839,False
2020-02-06,23.3,20.9,24.326882,20.759247,27.51,-1.026882,False
2020-02-07,22.1,21.1,24.30828,20.743548,27.5,-2.20828,False
2020-02-08,22.6,21.2,24.269785,20.725269,27.31,-1.669785,False
2020-02-09,23.0,21.8,24.251613,20.699032,27.2,-1.251613,False
2020-02-10,24.7,22.5,24.239032,20.680215,27.2,0.460968,False
2020-02-11,25.9,22.5,24.231075,20.658495,27.1,1.668925,False
2020-02-12,24.1,22.6,24.22086,20.633441,27.1,-0.12086,False
2020-02-13,24.0,21.4,24.207312,20.605376,27.1,-0.207312,False
2020-02-14,23.8,19.7,24.164516,20.562473,27.1,-0.364516,False
2020-02-15,23.5,21.5,24.09957,20.514516,27.1,-0.59957,False
2020-02-16,23.2,21.5,24.05043,20.495806,27.0,-0.85043,False
2020-02-17,23.1,20.6,24.041075,20.46871,27.0,-0.941075,False
2020-02-18,26.5,21.9,24.016452,20.444409,26.91,2.483548,False
2020-02-19,25.8,18.1,23.985914,20.421613,26.9,1.814086,False
2020-02-20,21.5,20.0,23.943011,20.389355,26.8,-2.443011,False
2020-02-21,22.0,19.8,23.884946,20.345806,26.7,-1.884946,False
2020-02-22,22.2,20.8,23.850645,20.307849,26.6,-1.650645,False
2020-02-23,23.0,20.5,23.806774,20.271075,26.6,-0.806774,False
2020-02-24,23.9,21.5,23.751075,20.228817,26.5,0.148925,False
2020-02-25,25.9,22.7,23.709032,20.185269,26.4,2.190968,False
2020-02-26,28.2,19.9,23.673441,20.147312,26.4,4.526559,False
2020-02-27,22.7,18.6,23.62957,20.094409,26.3,-0.92957,False
2020-02-28,23.1,20.2,23.598387,20.068925,26.2,-0.498387,False
2020-02-29,23.4,20.2,23.599032,20.051774,26.2,-0.199032,False
2020-03-01,26.0,20.9,23.599677,20.034624,26.2,2.400323,False
2020-03-02,31.0,20.3,23.571075,19.985806,26.2,7.428925,False
2020-03-03,21.7,20.4,23.552796,19.936559,26.2,-1.852796,False
2020-03-04,23.2,22.0,23.535914,19.914194,26.2,-0.335914,False
2020-03-05,23.5,21.7,23.54129,19.873548,26.2,-0.04129,False
2020-03-06,24.9,20.2,23.49828,19.828172,26.1,1.40172,False
2020-03-07,21.0,18.4,23.445699,19.780323,26.1,-2.445699,False
2020-03-08,20.3,18.0,23.415591,19.720753,26.1,-3.115591,False
2020-03-09,20.3,17.9,23.391935,19.668602,26.1,-3.091935,False
2020-03-10,21.6,18.0,23.342043,19.607849,26.0,-1.742043,False
2020-03-11,22.2,18.2,23.328065,19.552688,26.0,-1.128065,False
2020-03-12,22.3,17.4,23.285376,19.503226,25.9,-0.985376,False
2020-03-13,22.6,18.3,23.249355,19.447742,25.9,-0.649355,False
2020-03-14,18.4,16.7,23.18172,19.393763,25.9,-4.78172,False
2020-03-15,19.5,17.8,23.13828,19.314409,25.81,-3.63828,False
2020-03-16,20.1,17.9,23.075699,19.232151,25.71,-2.975699,False
2020-03-17,20.9,16.2,23.044731,19.182903,25.7,-2.144731,False
2020-03-18,22.6,17.4,23.021505,19.122258,25.7,-0.421505,False
2020-03-19,25.7,19.9,22.976344,19.041505,25.6,2.723656,False
2020-03-20,29.1,19.6,22.897312,18.964086,25.6,6.202688,False
2020-03-21,22.1,19.8,22.862366,18.890108,25.6,-0.762366,False
2020-03-22,25.5,18.6,22.808925,18.812473,25.5,2.691075,False
2020-03-23,20.0,18.3,22.757742,18.722258,25.5,-2.757742,False
2020-03-24,21.2,18.8,22.703978,18.632796,25.4,-1.503978,False
2020-03-25,21.6,18.8,22.636774,18.539785,25.4,-1.036774,False
2020-03-26,20.9,18.6,22.575484,18.446667,25.4,-1.675484,False
2020-03-27,20.6,18.0,22.530753,18.355054,25.4,-1.930753,False
2020-03-28,21.3,18.8,22.450323,18.266882,25.3,-1.150323,False
2020-03-29,22.4,19.9,22.403333,18.183441,25.2,-0.003333,False
2020-03-30,23.3,18.9,22.358387,18.108065,25.2,0.941613,False
2020-03-31,23.4,20.0,22.307527,18.031075,25.2,1.092473,False
2020-04-01,22.6,20.3,22.243011,17.947204,25.2,0.356989,False
2020-04-02,22.7,18.9,22.192581,17.870108,25.11,0.507419,False
2020-04-03,23.3,21.0,22.116882,17.782796,25.0,1.183118,False
2020-04-04,24.4,15.8,22.037742,17.680538,24.9,2.362258,False
2020-04-05,22.7,15.6,21.945699,17.588065,24.9,0.754301,False
2020-04-06,21.2,17.2,21.88828,17.496129,24.81,-0.68828,False
2020-04-07,19.1,16.6,21.819032,17.397204,24.8,-2.719032,False
2020-04-08,19.1,17.6,21.73914,17.30914,24.7,-2.63914,False
2020-04-09,20.0,18.3,21.688602,17.234301,24.6,-1.688602,False
2020-04-10,20.4,16.2,21.63,17.135484,24.5,-1.23,False
2020-04-11,24.0,13.2,21.557527,17.043548,24.4,2.442473,False
2020-04-12,18.6,13.7,21.46871,16.944086,24.3,-2.86871,False
2020-04-13,19.7,14.2,21.397419,16.847849,24.2,-1.697419,False
2020-04-14,21.7,15.0,21.34129,16.763763,24.1,0.35871,False
2020-04-15,23.5,19.2,21.261075,16.696667,24.1,2.238925,False
2020-04-16,25.2,18.8,21.202366,16.632796,24.01,3.997634,False
2020-04-17,24.0,13.8,21.13957,16.555376,24.0,2.86043,False
2020-04-18,20.8,14.7,21.065806,16.486344,23.9,-0.265806,False
2020-04-19,19.2,15.4,20.999892,16.392581,23.8,-1.799892,False
2020-04-20,21.1,15.8,20.927742,16.286344,23.8,0.172258,False
2020-04-21,22.3,15.9,20.848387,16.191183,23.7,1.451613,False
2020-04-22,23.1,14.2,20.781828,16.09129,23.6,2.318172,False
2020-04-23,21.8,17.0,20.724409,15.99828,23.6,1.075591,False
2020-04-24,24.7,15.8,20.66129,15.910323,23.5,4.03871,False
2020-04-25,23.7,17.1,20.594624,15.818065,23.41,3.105376,False
2020-04-26,25.3,17.0,20.534946,15.737527,23.4,4.765054,False
2020-04-27,20.5,18.9,20.442258,15.663656,23.3,0.057742,False
2020-04-28,21.6,18.1,20.38,15.575806,23.2,1.22,False
2020-04-29,23.4,20.6,20.287419,15.477849,23.2,3.112581,False
2020-04-30,21.1,12.5,20.184086,15.380968,23.1,0.915914,False
2020-05-01,16.2,14.0,20.093011,15.277634,22.9,-3.893011,False
2020-05-02,17.2,12.3,20.008495,15.182581,22.9,-2.808495,False
2020-05-03,18.0,11.8,19.922688,15.108065,22.9,-1.922688,False
2020-05-04,17.7,14.9,19.856022,15.01828,22.8,-2.156022,False
2020-05-05,18.2,12.4,19.788065,14.937742,22.8,-1.588065,False
2020-05-06,20.5,13.0,19.718495,14.850215,22.7,0.781505,False
2020-05-07,22.2,16.0,19.635914,14.769892,22.6,2.564086,False
2020-05-08,24.1,17.1,19.580323,14.693118,22.5,4.519677,False
2020-05-09,23.3,12.1,19.514086,14.616237,22.5,3.785914,False
2020-05-10,16.6,10.6,19.431075,14.519462,22.4,-2.831075,False
2020-05-11,17.1,11.1,19.351935,14.433763,22.3,-2.251935,False
2020-05-12,18.0,11.4,19.258065,14.347419,22.2,-1.258065,False
2020-05-13,17.7,12.6,19.196774,14.266237,22.1,-1.496774,False
2020-05-14,16.2,14.2,19.110645,14.163548,22.0,-2.910645,False
2020-05-15,16.6,15.4,19.008065,14.053548,21.8,-2.408065,False
2020-05-16,18.6,14.9,18.940645,13.972903,21.61,-0.340645,False
2020-05-17,19.1,15.7,18.859462,13.900215,21.6,0.240538,False
2020-05-18,18.6,15.5,18.759462,13.83,21.5,-0.159462,False
2020-05-19,19.3,14.9,18.680215,13.735591,21.4,0.619785,False
2020-05-20,22.1,16.6,18.599355,13.666129,21.3,3.500645,False
2020-05-21,18.3,11.8,18.529247,13.603333,21.3,-0.229247,False
2020-05-22,15.4,13.4,18.449892,13.547742,21.2,-3.049892,False
2020-05-23,16.0,14.9,18.365269,13.49828,21.11,-2.365269,False
2020-05-24,17.1,14.5,18.287097,13.451398,21.0,-1.187097,False
2020-05-25,16.6,15.1,18.218925,13.407204,20.81,-1.618925,False
2020-05-26,17.8,14.9,18.145376,13.362473,20.8,-0.345376,False
2020-05-27,17.4,13.0,18.074086,13.302581,20.71,-0.674086,False
2020-05-28,19.7,13.7,18.016237,13.244516,20.7,1.683763,False
2020-05-29,17.3,12.9,17.953763,13.194516,20.6,-0.653763,False
2020-05-30,18.1,13.4,17.895054,13.125914,20.6,0.204946,False
2020-05-31,20.1,15.0,17.834301,13.053226,20.51,2.265699,False
2020-06-01,20.8,10.1,17.766559,12.98043,20.4,3.033441,False
2020-06-02,15.4,11.4,17.68871,12.922473,20.21,-2.28871,False
2020-06-03,17.1,12.2,17.61957,12.851505,20.11,-0.51957,False
2020-06-04,15.7,10.0,17.545699,12.786667,20.1,-1.845699,False
2020-06-05,16.8,10.8,17.472043,12.722366,20.01,-0.672043,False
2020-06-06,16.7,10.4,17.402796,12.660753,20.0,-0.702796,False
2020-06-07,15.5,12.6,17.330215,12.568602,19.9,-1.830215,False
2020-06-08,16.5,14.7,17.253548,12.486344,19.8,-0.753548,False
2020-06-09,17.7,14.8,17.185806,12.396559,19.71,0.514194,False
2020-06-10,16.9,13.6,17.111613,12.336882,19.7,-0.211613,False
2020-06-11,18.3,14.8,17.055591,12.286129,19.6,1.244409,False
2020-06-12,16.9,14.2,16.991075,12.243118,19.5,-0.091075,False
2020-06-13,18.2,15.8,16.946022,12.195376,19.4,1.253978,False
2020-06-14,19.8,11.3,16.905806,12.163118,19.3,2.894194,False
2020-06-15,18.6,11.0,16.87129,12.121398,19.2,1.72871,False
2020-06-16,19.6,12.3,16.81,12.050968,19.1,2.79,False
2020-06-17,16.3,14.9,16.768817,11.976882,19.0,-0.468817,False
2020-06-18,16.9,12.8,16.74043,11.916452,19.0,0.15957,False
2020-06-19,17.7,12.1,16.720215,11.880108,19.0,0.979785,False
2020-06-20,18.5,13.3,16.697204,11.817204,19.0,1.802796,False
2020-06-21,17.0,11.0,16.676882,11.762903,18.91,0.323118,False
2020-06-22,15.2,9.6,16.636344,11.694516,18.8,-1.436344,False
2020-06-23,15.5,10.2,16.588172,11.635054,18.8,-1.088172,False
2020-06-24,17.5,10.8,16.544086,11.567634,18.7,0.955914,False
2020-06-25,17.2,10.3,16.488817,11.521935,18.6,0.711183,False
2020-06-26,16.3,12.0,16.466344,11.46957,18.6,-0.166344,False
2020-06-27,14.9,12.0,16.444731,11.417957,18.5,-1.544731,False
2020-06-28,14.7,11.4,16.406344,11.370968,18.5,-1.706344,False
2020-06-29,14.0,10.3,16.365269,11.313656,18.5,-2.365269,False
2020-06-30,16.1,10.8,16.334409,11.27043,18.5,-0.234409,False
2020-07-01,19.2,13.4,16.312043,11.233871,18.5,2.887957,False
2020-07-02,21.1,11.8,16.293011,11.20086,18.5,4.806989,False
2020-07-03,17.0,9.9,16.293656,11.156344,18.5,0.706344,False
2020-07-04,14.7,10.7,16.292581,11.134086,18.5,-1.592581,False
2020-07-05,16.7,10.0,16.269032,11.097527,18.5,0.430968,False
2020-07-06,16.0,11.9,16.243226,11.054516,18.5,-0.243226,False
2020-07-07,15.6,13.5,16.232903,11.017849,18.5,-0.632903,False
2020-07-08,15.1,11.1,16.235269,11.02172,18.6,-1.135269,False
2020-07-09,16.4,11.6,16.227957,11.023011,18.6,0.172043,False
2020-07-10,15.7,13.5,16.237957,11.038925,18.7,-0.537957,False
2020-07-11,15.7,10.9,16.246667,11.019785,18.7,-0.546667,False
2020-07-12,15.8,10.0,16.237204,10.98828,18.7,-0.437204,False
2020-07-13,14.6,11.4,16.249355,10.954839,18.7,-1.649355,False
2020-07-14,15.7,12.8,16.258172,10.92914,18.7,-0.558172,False
2020-07-15,15.0,12.1,16.272688,10.915484,18.7,-1.272688,False
2020-07-16,15.2,13.2,16.29086,10.89871,18.7,-1.09086,False
2020-07-17,15.4,13.6,16.321075,10.880753,18.7,-0.921075,False
2020-07-18,16.2,10.5,16.332581,10.869355,18.7,-0.132581,False
2020-07-19,18.8,12.1,16.352043,10.853118,18.81,2.447957,False
2020-07-20,16.4,10.1,16.349032,10.830645,18.81,0.050968,False
2020-07-21,15.2,10.1,16.349785,10.833548,18.9,-1.149785,False
2020-07-22,16.1,9.2,16.360645,10.833226,18.9,-0.260645,False
2020-07-23,16.2,9.3,16.376559,10.831505,19.0,-0.176559,False
2020-07-24,16.1,10.4,16.39043,10.813871,19.0,-0.29043,False
2020-07-25,16.5,12.8,16.420108,10.812366,19.0,0.079892,False
2020-07-26,17.0,14.5,16.473226,10.78957,19.2,0.526774,False
2020-07-27,16.9,13.7,16.50957,10.790108,19.2,0.39043,False
2020-07-28,16.9,13.4,16.549032,10.800753,19.31,0.350968,False
2020-07-29,17.4,11.9,16.598602,10.796989,19.4,0.801398,False
2020-07-30,16.1,12.0,16.642258,10.811183,19.4,-0.542258,False
2020-07-31,15.0,9.5,16.689462,10.846237,19.51,-1.689462,False
2020-08-01,16.9,9.3,16.730753,10.871505,19.61,0.169247,False
2020-08-02,16.8,8.9,16.784946,10.886237,19.71,0.015054,False
2020-08-03,18.8,10.8,16.797204,10.896344,19.8,2.002796,False
2020-08-04,19.7,8.0,16.804516,10.893011,19.8,2.895484,False
2020-08-05,15.6,7.7,16.832473,10.914194,19.81,-1.232473,False
2020-08-06,13.7,10.6,16.874839,10.956774,19.9,-3.174839,False
2020-08-07,14.4,12.6,16.903978,11.005269,19.9,-2.503978,False
2020-08-08,15.9,10.5,16.93828,11.023548,19.91,-1.03828,False
2020-08-09,14.6,12.2,16.949462,11.04043,20.0,-2.349462,False
2020-08-10,15.2,12.8,16.963978,11.041935,20.0,-1.763978,False
2020-08-11,15.7,12.4,16.979355,11.075914,19.91,-1.279355,False
2020-08-12,17.7,11.4,17.010753,11.113656,20.1,0.689247,False
2020-08-13,18.7,12.1,17.032581,11.146774,20.11,1.667419,False
2020-08-14,17.0,13.5,17.042473,11.213656,20.11,-0.042473,False
2020-08-15,17.3,13.7,17.079677,11.271828,20.2,0.220323,False
2020-08-16,17.9,12.7,17.129462,11.319785,20.3,0.770538,False
2020-08-17,18.5,11.7,17.156344,11.384409,20.4,1.343656,False
2020-08-18,19.3,12.5,17.196667,11.447849,20.4,2.103333,False
2020-08-19,18.6,12.0,17.254516,11.508495,20.41,1.345484,False
2020-08-20,16.7,11.2,17.309032,11.574516,20.6,-0.609032,False
2020-08-21,17.5,10.3,17.355806,11.627849,20.6,0.144194,False
2020-08-22,13.4,10.4,17.390645,11.689677,20.61,-3.990645,False
2020-08-23,15.6,9.5,17.430323,11.762796,20.7,-1.830323,False
2020-08-24,15.8,8.1,17.481935,11.839677,20.71,-1.681935,False
2020-08-25,13.7,8.4,17.512151,11.911505,20.8,-3.812151,False
2020-08-26,15.7,8.8,17.527849,11.958495,20.81,-1.827849,False
2020-08-27,18.5,12.0,17.555914,12.006129,20.8,0.944086,False
2020-08-28,15.9,9.6,17.593763,12.064624,20.9,-1.693763,False
2020-08-29,18.1,11.3,17.647312,12.128925,21.0,0.452688,False
2020-08-30,20.8,14.5,17.703871,12.205269,21.0,3.096129,False
2020-08-31,19.1,12.5,17.776022,12.262258,21.2,1.323978,False
2020-09-01,15.4,11.3,17.839355,12.319355,21.21,-2.439355,False
2020-09-02,20.7,15.5,17.867527,12.383763,21.21,2.832473,False
2020-09-03,24.6,17.3,17.934839,12.479032,21.4,6.665161,False
2020-09-04,19.4,13.6,18.029462,12.566774,21.61,1.370538,False
2020-09-05,18.9,13.1,18.089462,12.632258,21.7,0.810538,False
2020-09-06,17.3,13.9,18.146882,12.690108,21.7,-0.846882,False
2020-09-07,18.8,12.6,18.235054,12.762043,21.8,0.564946,False
2020-09-08,20.4,15.4,18.322043,12.856559,21.9,2.077957,False
2020-09-09,15.8,13.7,18.428387,12.945699,22.01,-2.628387,False
2020-09-10,15.9,13.7,18.491828,13.024194,22.2,-2.591828,False
2020-09-11,17.4,12.3,18.52914,13.076667,22.2,-1.12914,False
2020-09-12,19.2,12.8,18.585806,13.151398,22.2,0.614194,False
2020-09-13,20.9,12.9,18.686882,13.235591,22.4,2.213118,False
2020-09-14,18.5,15.7,18.777419,13.260753,22.5,-0.277419,False
2020-09-15,19.4,14.6,18.825484,13.306882,22.6,0.574516,False
2020-09-16,21.7,15.7,18.889247,13.386989,22.6,2.810753,False
2020-09-17,24.4,15.6,18.980323,13.480108,22.71,5.419677,False
2020-09-18,18.1,16.6,19.071183,13.561613,23.0,-0.971183,False
2020-09-19,19.7,17.1,19.101398,13.625914,23.1,0.598602,False
2020-09-20,20.1,16.6,19.176989,13.70957,23.2,0.923011,False
2020-09-21,23.5,19.3,19.254086,13.787204,23.3,4.245914,False
2020-09-22,22.7,15.3,19.302688,13.863333,23.5,3.397312,False
2020-09-23,21.3,12.9,19.356237,13.903548,23.5,1.943763,False
2020-09-24,19.6,13.1,19.39828,13.954194,23.6,0.20172,False
2020-09-25,20.8,10.4,19.476989,14.022151,23.8,1.323011,False
2020-09-26,16.3,10.3,19.552796,14.103978,23.8,-3.252796,False
2020-09-27,16.0,10.9,19.616989,14.200645,23.9,-3.616989,False
2020-09-28,16.3,12.7,19.684946,14.27871,24.02,-3.384946,False
2020-09-29,16.6,13.4,19.712258,14.351505,24.02,-3.112258,False
2020-09-30,19.3,15.4,19.752473,14.411075,24.2,-0.452473,False
2020-10-01,21.3,13.5,19.78828,14.488925,24.3,1.51172,False
2020-10-02,20.5,14.4,19.812258,14.562903,24.31,0.687742,False
2020-10-03,21.9,15.5,19.868065,14.62871,24.31,2.031935,False
2020-10-04,23.2,17.0,19.92086,14.673763,24.41,3.27914,False
2020-10-05,25.1,16.4,19.93086,14.709677,24.5,5.16914,False
2020-10-06,18.5,17.1,19.966667,14.774839,24.51,-1.466667,False
2020-10-07,19.6,17.6,19.976559,14.829355,24.6,-0.376559,False
2020-10-08,23.3,15.4,19.983011,14.871828,24.5,3.316989,False
2020-10-09,20.7,13.3,19.997527,14.921828,24.5,0.702473,False
2020-10-10,21.1,14.0,20.053441,14.985914,24.41,1.046559,False
2020-10-11,21.9,17.5,20.111398,15.055914,24.5,1.788602,False
2020-10-12,20.9,15.3,20.178925,15.118495,24.6,0.721075,False
2020-10-13,21.9,16.4,20.205054,15.19,24.6,1.694946,False
2020-10-14,19.2,16.1,20.204946,15.245806,24.6,-1.004946,False
2020-10-15,22.3,17.4,20.240538,15.345161,24.51,2.059462,False
2020-10-16,19.7,17.0,20.300108,15.417097,24.51,-0.600108,False
2020-10-17,22.9,19.1,20.322258,15.465806,24.5,2.577742,False
2020-10-18,21.0,15.9,20.337742,15.505484,24.5,0.662258,False
2020-10-19,17.8,16.0,20.369677,15.548817,24.51,-2.569677,False
2020-10-20,18.9,15.9,20.383871,15.587204,24.5,-1.483871,False
2020-10-21,20.6,17.1,20.358817,15.61172,24.4,0.241183,False
2020-10-22,21.1,17.7,20.375591,15.664946,24.31,0.724409,False
2020-10-23,22.1,19.5,20.420538,15.715591,24.4,1.679462,False
2020-10-24,22.0,15.3,20.466774,15.787312,24.5,1.533226,False
2020-10-25,16.2,14.6,20.518172,15.853978,24.5,-4.318172,False
2020-10-26,16.3,14.6,20.546344,15.894086,24.5,-4.246344,False
2020-10-27,17.9,14.9,20.566882,15.952043,24.5,-2.666882,False
2020-10-28,18.1,15.6,20.607204,16.01129,24.5,-2.507204,False
2020-10-29,17.9,14.1,20.644086,16.071398,24.5,-2.744086,False
2020-10-30,18.7,17.4,20.723441,16.143548,24.51,-2.023441,False
2020-10-31,20.8,15.1,20.759462,16.201828,24.51,0.040538,False
2020-11-01,18.2,16.3,20.744946,16.237527,24.5,-2.544946,False
2020-11-02,19.1,15.2,20.755914,16.284624,24.5,-1.655914,False
2020-11-03,19.0,15.0,20.802473,16.34957,24.5,-1.802473,False
2020-11-04,22.0,16.1,20.850968,16.428817,24.61,1.149032,False
2020-11-05,16.5,14.8,20.935054,16.517957,24.8,-4.435054,False
2020-11-06,18.0,14.6,21.000323,16.599785,24.9,-3.000323,False
2020-11-07,17.7,15.4,21.07828,16.651398,25.0,-3.37828,False
2020-11-08,18.1,15.0,21.104301,16.698817,25.0,-3.004301,False
2020-11-09,18.4,14.7,21.127849,16.752258,25.0,-2.727849,False
2020-11-10,19.7,16.0,21.151183,16.81129,25.1,-1.451183,False
2020-11-11,22.4,18.1,21.235806,16.875161,25.2,1.164194,False
2020-11-12,25.1,19.4,21.307742,16.95914,25.3,3.792258,False
2020-11-13,24.5,17.2,21.391183,17.027849,25.31,3.108817,False
2020-11-14,22.0,16.7,21.464301,17.085161,25.4,0.535699,False
2020-11-15,24.2,19.2,21.500108,17.126989,25.5,2.699892,False
2020-11-16,28.6,18.4,21.558172,17.181505,25.6,7.041828,False
2020-11-17,19.8,17.7,21.598602,17.226129,25.71,-1.798602,False
2020-11-18,20.6,17.9,21.643333,17.285484,25.8,-1.043333,False
2020-11-19,22.5,18.5,21.67129,17.343871,25.8,0.82871,False
2020-11-20,26.2,18.6,21.73828,17.412366,25.9,4.46172,False
2020-11-21,20.8,17.8,21.815269,17.483656,26.0,-1.015269,False
2020-11-22,23.2,21.8,21.861183,17.543871,26.01,1.338817,False
2020-11-23,25.5,17.8,21.913548,17.617634,26.1,3.586452,False
2020-11-24,20.5,18.0,21.973226,17.696452,26.1,-1.473226,False
2020-11-25,22.5,17.8,22.032581,17.757527,26.2,0.467419,False
2020-11-26,24.5,18.5,22.082151,17.817849,26.21,2.417849,False
2020-11-27,28.5,20.5,22.125699,17.879677,26.3,6.374301,True
2020-11-28,32.1,24.2,22.17871,17.93871,26.4,9.92129,True
2020-11-29,34.4,18.2,22.221613,17.99828,26.4,12.178387,True
2020-11-30,22.0,19.8,22.229892,18.052688,26.3,-0.229892,False
2020-12-01,25.9,19.3,22.294409,18.113548,26.4,3.605591,False
2020-12-02,20.3,18.8,22.373763,18.186882,26.4,-2.073763,False
2020-12-03,21.9,19.1,22.463226,18.251183,26.4,-0.563226,False
2020-12-04,25.0,18.9,22.523548,18.30129,26.5,2.476452,False
2020-12-05,23.6,21.5,22.573011,18.352043,26.5,1.026989,False
2020-12-06,27.2,18.7,22.603763,18.407957,26.5,4.596237,False
2020-12-07,26.2,15.7,22.657097,18.463763,26.6,3.542903,False
2020-12-08,19.5,15.9,22.717312,18.55086,26.6,-3.217312,False
2020-12-09,21.5,17.6,22.806129,18.622258,26.7,-1.306129,False
2020-12-10,22.6,17.6,22.873226,18.668817,26.7,-0.273226,False
2020-12-11,19.5,17.6,22.908065,18.686022,26.7,-3.408065,False
2020-12-12,20.9,18.4,22.882151,18.716989,26.6,-1.982151,False
2020-12-13,21.4,19.7,22.905914,18.748495,26.6,-1.505914,False
2020-12-14,22.1,20.1,22.925054,18.775699,26.6,-0.825054,False
2020-12-15,22.7,21.7,22.955161,18.835806,26.6,-0.255161,False
2020-12-16,24.0,21.5,23.010323,18.896989,26.6,0.989677,False
2020-12-17,26.2,22.5,23.056129,18.954516,26.6,3.143871,False
2020-12-18,27.2,19.1,23.108387,19.025161,26.51,4.091613,False
2020-12-19,20.0,19.5,23.145161,19.073226,26.6,-3.145161,False
2020-12-20,21.3,19.5,23.19,19.127957,26.6,-1.89,False
2020-12-21,21.5,19.8,23.254194,19.187849,26.7,-1.754194,False
2020-12-22,25.9,17.3,23.309355,19.238387,26.61,2.590645,False
2020-12-23,21.8,18.9,23.369247,19.290538,26.71,-1.569247,False
2020-12-24,22.8,18.8,23.41871,19.318065,26.8,-0.61871,False
2020-12-25,20.3,18.8,23.42914,19.355806,26.9,-3.12914,False
2020-12-26,22.2,18.9,23.456129,19.413656,26.91,-1.256129,False
2020-12-27,25.6,23.3,23.513656,19.493011,27.1,2.086344,False
2020-12-28,24.3,18.6,23.585161,19.555914,27.1,0.714839,False
2020-12-29,20.6,19.5,23.622473,19.595054,27.11,-3.022473,False
2020-12-30,21.1,19.5,23.665161,19.634839,27.2,-2.565161,False
2020-12-31,21.5,19.2,23.717419,19.671075,27.3,-2.217419,False
2021-01-01,19.8,18.4,23.731828,19.716667,27.3,-3.931828,False
2021-01-02,21.3,19.3,23.783978,19.759247,27.5,-2.483978,False
2021-01-03,23.6,20.4,23.833011,19.80043,27.6,-0.233011,False
2021-01-04,24.1,19.7,23.836774,19.851183,27.5,0.263226,False
2021-01-05,23.7,20.5,23.888817,19.901183,27.5,-0.188817,False
2021-01-06,21.7,19.5,23.941505,19.945161,27.6,-2.241505,False
2021-01-07,20.5,18.5,23.980108,19.993978,27.6,-3.480108,False
2021-01-08,20.9,19.0,24.019355,20.032688,27.61,-3.119355,False
2021-01-09,22.3,18.0,24.047097,20.090215,27.61,-1.747097,False
2021-01-10,23.4,18.6,24.074409,20.147849,27.7,-0.674409,False
2021-01-11,24.2,19.5,24.112903,20.222151,27.8,0.087097,False
2021-01-12,25.5,21.5,24.15957,20.289247,27.8,1.34043,False
2021-01-13,24.9,20.8,24.193548,20.346882,27.8,0.706452,False
2021-01-14,27.9,20.7,24.244731,20.397312,27.8,3.655269,False
2021-01-15,25.1,18.2,24.294516,20.444946,27.8,0.805484,False
2021-01-16,23.0,17.7,24.32914,20.477419,27.81,-1.32914,False
2021-01-17,22.8,19.3,24.317419,20.506237,27.9,-1.517419,False
2021-01-18,25.4,21.2,24.324409,20.527419,27.8,1.075591,False
2021-01-19,21.6,19.0,24.354946,20.546667,27.9,-2.754946,False
2021-01-20,21.1,18.3,24.35914,20.574731,27.9,-3.25914,False
2021-01-21,23.4,19.3,24.37871,20.612258,27.9,-0.97871,False
2021-01-22,27.0,21.9,24.387742,20.637312,27.9,2.612258,False
2021-01-23,26.1,22.4,24.376022,20.654624,27.81,1.723978,False
2021-01-24,28.2,21.7,24.403548,20.686989,27.8,3.796452,False
2021-01-25,27.9,22.5,24.460323,20.71129,27.9,3.439677,False
2021-01-26,30.0,22.6,24.484086,20.728817,27.9,5.515914,False
2021-01-27,22.9,20.7,24.495591,20.746344,27.9,-1.595591,False
2021-01-28,21.2,20.2,24.492581,20.74828,27.9,-3.292581,False
2021-01-29,22.6,21.3,24.465054,20.753441,27.9,-1.865054,False
2021-01-30,24.7,21.8,24.441613,20.760215,27.9,0.258387,False
2021-01-31,22.6,21.0,24.435161,20.78043,27.81,-1.835161,False
2021-02-01,24.1,18.9,24.444624,20.776022,27.9,-0.344624,False
2021-02-02,21.3,18.4,24.418387,20.77871,27.7,-3.118387,False
2021-02-03,22.8,20.2,24.398065,20.787527,27.7,-1.598065,False
2021-02-04,24.6,21.3,24.414301,20.788387,27.7,0.185699,False
2021-02-05,25.1,22.3,24.374839,20.778602,27.6,0.725161,False
2021-02-06,23.7,20.3,24.326882,20.759247,27.51,-0.626882,False
2021-02-07,24.6,20.0,24.30828,20.743548,27.5,0.29172,False
2021-02-08,21.7,19.7,24.269785,20.725269,27.31,-2.569785,False
2021-02-09,21.8,18.3,24.251613,20.699032,27.2,-2.451613,False
2021-02-10,21.4,18.7,24.239032,20.680215,27.2,-2.839032,False
2021-02-11,23.5,19.7,24.231075,20.658495,27.1,-0.731075,False
2021-02-12,26.6,21.9,24.22086,20.633441,27.1,2.37914,False
2021-02-13,21.5,19.4,24.207312,20.605376,27.1,-2.707312,False
2021-02-14,22.1,19.1,24.164516,20.562473,27.1,-2.064516,False
2021-02-15,21.8,19.9,24.09957,20.514516,27.1,-2.29957,False
2021-02-16,22.7,20.1,24.05043,20.495806,27.0,-1.35043,False
2021-02-17,22.8,20.4,24.041075,20.46871,27.0,-1.241075,False
2021-02-18,23.0,20.5,24.016452,20.444409,26.91,-1.016452,False
2021-02-19,23.8,20.7,23.985914,20.421613,26.9,-0.185914,False
2021-02-20,24.4,21.1,23.943011,20.389355,26.8,0.456989,False
2021-02-21,24.6,21.3,23.884946,20.345806,26.7,0.715054,False
2021-02-22,25.2,20.0,23.850645,20.307849,26.6,1.349355,False
2021-02-23,20.8,18.5,23.806774,20.271075,26.6,-3.006774,False
2021-02-24,21.4,19.7,23.751075,20.228817,26.5,-2.351075,False
2021-02-25,23.9,20.0,23.709032,20.185269,26.4,0.190968,False
2021-02-26,24.2,20.9,23.673441,20.147312,26.4,0.526559,False
2021-02-27,22.7,20.5,23.62957,20.094409,26.3,-0.92957,False
2021-02-28,24.4,21.4,23.598387,20.068925,26.2,0.801613,False
2021-03-01,26.7,20.1,23.599677,20.034624,26.2,3.100323,False
2021-03-02,21.1,18.5,23.571075,19.985806,26.2,-2.471075,False
2021-03-03,19.9,17.2,23.552796,19.936559,26.2,-3.652796,False
2021-03-04,24.1,18.8,23.535914,19.914194,26.2,0.564086,False
2021-03-05,21.5,18.8,23.54129,19.873548,26.2,-2.04129,False
2021-03-06,21.4,18.3,23.49828,19.828172,26.1,-2.09828,False
2021-03-07,23.3,20.0,23.445699,19.780323,26.1,-0.145699,False
2021-03-08,27.4,21.8,23.415591,19.720753,26.1,3.984409,False
2021-03-09,25.7,20.9,23.391935,19.668602,26.1,2.308065,False
2021-03-10,23.2,21.2,23.342043,19.607849,26.0,-0.142043,False
2021-03-11,24.6,21.5,23.328065,19.552688,26.0,1.271935,False
2021-03-12,24.3,20.3,23.285376,19.503226,25.9,1.014624,False
2021-03-13,26.8,20.7,23.249355,19.447742,25.9,3.550645,False
2021-03-14,20.5,16.8,23.18172,19.393763,25.9,-2.68172,False
2021-03-15,20.9,17.8,23.13828,19.314409,25.81,-2.23828,False
2021-03-16,21.1,19.3,23.075699,19.232151,25.71,-1.975699,False
2021-03-17,21.5,19.9,23.044731,19.182903,25.7,-1.544731,False
2021-03-18,21.5,19.4,23.021505,19.122258,25.7,-1.521505,False
2021-03-19,21.9,20.9,22.976344,19.041505,25.6,-1.076344,False
2021-03-20,22.0,20.7,22.897312,18.964086,25.6,-0.897312,False
2021-03-21,20.8,19.4,22.862366,18.890108,25.6,-2.062366,False
2021-03-22,20.9,20.0,22.808925,18.812473,25.5,-1.908925,False
2021-03-23,22.6,20.2,22.757742,18.722258,25.5,-0.157742,False
2021-03-24,26.6,18.9,22.703978,18.632796,25.4,3.896022,False
2021-03-25,24.5,16.6,22.636774,18.539785,25.4,1.863226,False
2021-03-26,21.0,18.1,22.575484,18.446667,25.4,-1.575484,False
2021-03-27,23.8,17.9,22.530753,18.355054,25.4,1.269247,False
2021-03-28,21.8,17.2,22.450323,18.266882,25.3,-0.650323,False
2021-03-29,22.3,18.0,22.403333,18.183441,25.2,-0.103333,False
2021-03-30,20.7,17.5,22.358387,18.108065,25.2,-1.658387,False
2021-03-31,21.7,18.4,22.307527,18.031075,25.2,-0.607527,False
2021-04-01,22.4,18.4,22.243011,17.947204,25.2,0.156989,False
2021-04-02,22.9,17.1,22.192581,17.870108,25.11,0.707419,False
2021-04-03,23.5,18.1,22.116882,17.782796,25.0,1.383118,False
2021-04-04,24.7,19.0,22.037742,17.680538,24.9,2.662258,False
2021-04-05,24.6,20.3,21.945699,17.588065,24.9,2.654301,False
2021-04-06,23.4,19.8,21.88828,17.496129,24.81,1.51172,False
2021-04-07,22.0,18.8,21.819032,17.397204,24.8,0.180968,False
2021-04-08,22.2,17.7,21.73914,17.30914,24.7,0.46086,False
2021-04-09,25.9,17.6,21.688602,17.234301,24.6,4.211398,False
2021-04-10,22.7,15.3,21.63,17.135484,24.5,1.07,False
2021-04-11,17.9,12.3,21.557527,17.043548,24.4,-3.657527,False
2021-04-12,18.3,13.5,21.46871,16.944086,24.3,-3.16871,False
2021-04-13,20.1,14.9,21.397419,16.847849,24.2,-1.297419,False
2021-04-14,25.0,16.3,21.34129,16.763763,24.1,3.65871,False
2021-04-15,23.8,16.0,21.261075,16.696667,24.1,2.538925,False
2021-04-16,18.8,16.8,21.202366,16.632796,24.01,-2.402366,False
2021-04-17,18.0,14.2,21.13957,16.555376,24.0,-3.13957,False
2021-04-18,19.4,14.2,21.065806,16.486344,23.9,-1.665806,False
2021-04-19,21.0,12.7,20.999892,16.392581,23.8,0.000108,False
2021-04-20,21.9,15.4,20.927742,16.286344,23.8,0.972258,False
2021-04-21,18.5,12.5,20.848387,16.191183,23.7,-2.348387,False
2021-04-22,19.3,12.3,20.781828,16.09129,23.6,-1.481828,False
2021-04-23,20.1,12.7,20.724409,15.99828,23.6,-0.624409,False
2021-04-24,19.7,13.6,20.66129,15.910323,23.5,-0.96129,False
2021-04-25,19.0,13.8,20.594624,15.818065,23.41,-1.594624,False
2021-04-26,19.5,15.5,20.534946,15.737527,23.4,-1.034946,False
2021-04-27,20.1,15.4,20.442258,15.663656,23.3,-0.342258,False
2021-04-28,19.3,14.5,20.38,15.575806,23.2,-1.08,False
2021-04-29,20.3,14.9,20.287419,15.477849,23.2,0.012581,False
2021-04-30,20.4,15.7,20.184086,15.380968,23.1,0.215914,False
2021-05-01,20.5,16.0,20.093011,15.277634,22.9,0.406989,False
2021-05-02,20.9,14.5,20.008495,15.182581,22.9,0.891505,False
2021-05-03,21.4,15.9,19.922688,15.108065,22.9,1.477312,False
2021-05-04,17.6,15.1,19.856022,15.01828,22.8,-2.256022,False
2021-05-05,19.4,16.7,19.788065,14.937742,22.8,-0.388065,False
2021-05-06,20.5,19.1,19.718495,14.850215,22.7,0.781505,False
2021-05-07,20.2,15.7,19.635914,14.769892,22.6,0.564086,False
2021-05-08,22.8,16.7,19.580323,14.693118,22.5,3.219677,False
2021-05-09,19.7,15.3,19.514086,14.616237,22.5,0.185914,False
2021-05-10,22.3,16.6,19.431075,14.519462,22.4,2.868925,False
2021-05-11,20.1,15.2,19.351935,14.433763,22.3,0.748065,False
2021-05-12,18.0,15.6,19.258065,14.347419,22.2,-1.258065,False
2021-05-13,20.7,14.8,19.196774,14.266237,22.1,1.503226,False
2021-05-14,18.3,12.2,19.110645,14.163548,22.0,-0.810645,False
2021-05-15,16.4,10.6,19.008065,14.053548,21.8,-2.608065,False
2021-05-16,17.0,10.9,18.940645,13.972903,21.61,-1.940645,False
2021-05-17,17.7,11.4,18.859462,13.900215,21.6,-1.159462,False
2021-05-18,17.7,11.0,18.759462,13.83,21.5,-1.059462,False
2021-05-19,18.4,10.5,18.680215,13.735591,21.4,-0.280215,False
2021-05-20,19.2,12.9,18.599355,13.666129,21.3,0.600645,False
2021-05-21,17.6,12.1,18.529247,13.603333,21.3,-0.929247,False
2021-05-22,17.8,12.9,18.449892,13.547742,21.2,-0.649892,False
2021-05-23,17.6,15.0,18.365269,13.49828,21.11,-0.765269,False
2021-05-24,18.4,15.0,18.287097,13.451398,21.0,0.112903,False
2021-05-25,19.7,16.0,18.218925,13.407204,20.81,1.481075,False
2021-05-26,20.3,11.4,18.145376,13.362473,20.8,2.154624,False
2021-05-27,18.0,12.3,18.074086,13.302581,20.71,-0.074086,False
2021-05-28,15.9,11.8,18.016237,13.244516,20.7,-2.116237,False
2021-05-29,15.2,12.9,17.953763,13.194516,20.6,-2.753763,False
2021-05-30,15.4,12.0,17.895054,13.125914,20.6,-2.495054,False
2021-05-31,17.0,11.2,17.834301,13.053226,20.51,-0.834301,False
2021-06-01,18.5,10.8,17.766559,12.98043,20.4,0.733441,False
2021-06-02,19.0,13.9,17.68871,12.922473,20.21,1.31129,False
2021-06-03,15.7,13.4,17.61957,12.851505,20.11,-1.91957,False
2021-06-04,18.5,11.1,17.545699,12.786667,20.1,0.954301,False
2021-06-05,15.6,9.4,17.472043,12.722366,20.01,-1.872043,False
2021-06-06,17.9,10.3,17.402796,12.660753,20.0,0.497204,False
2021-06-07,18.7,13.0,17.330215,12.568602,19.9,1.369785,False
2021-06-08,18.3,11.3,17.253548,12.486344,19.8,1.046452,False
2021-06-09,13.6,8.6,17.185806,12.396559,19.71,-3.585806,False
2021-06-10,11.0,8.0,17.111613,12.336882,19.7,-6.111613,False
2021-06-11,15.1,10.8,17.055591,12.286129,19.6,-1.955591,False
2021-06-12,17.1,10.7,16.991075,12.243118,19.5,0.108925,False
2021-06-13,17.0,9.9,16.946022,12.195376,19.4,0.053978,False
2021-06-14,16.6,12.6,16.905806,12.163118,19.3,-0.305806,False
2021-06-15,16.0,10.0,16.87129,12.121398,19.2,-0.87129,False
2021-06-16,17.7,11.6,16.81,12.050968,19.1,0.89,False
2021-06-17,16.9,12.1,16.768817,11.976882,19.0,0.131183,False
2021-06-18,17.5,13.1,16.74043,11.916452,19.0,0.75957,False
2021-06-19,15.0,13.4,16.720215,11.880108,19.0,-1.720215,False
2021-06-20,14.9,13.6,16.697204,11.817204,19.0,-1.797204,False
2021-06-21,15.5,13.2,16.676882,11.762903,18.91,-1.176882,False
2021-06-22,16.0,13.1,16.636344,11.694516,18.8,-0.636344,False
2021-06-23,17.2,14.6,16.588172,11.635054,18.8,0.611828,False
2021-06-24,19.2,13.2,16.544086,11.567634,18.7,2.655914,False
2021-06-25,18.3,11.9,16.488817,11.521935,18.6,1.811183,False
2021-06-26,16.8,9.9,16.466344,11.46957,18.6,0.333656,False
2021-06-27,16.3,11.2,16.444731,11.417957,18.5,-0.144731,False
2021-06-28,16.0,13.3,16.406344,11.370968,18.5,-0.406344,False
2021-06-29,15.7,13.1,16.365269,11.313656,18.5,-0.665269,False
2021-06-30,16.4,13.1,16.334409,11.27043,18.5,0.065591,False
2021-07-01,16.3,13.7,16.312043,11.233871,18.5,-0.012043,False
2021-07-02,18.6,10.9,16.293011,11.20086,18.5,2.306989,False
2021-07-03,17.2,8.6,16.293656,11.156344,18.5,0.906344,False
2021-07-04,15.1,8.8,16.292581,11.134086,18.5,-1.192581,False
2021-07-05,15.4,7.9,16.269032,11.097527,18.5,-0.869032,False
2021-07-06,14.9,9.5,16.243226,11.054516,18.5,-1.343226,False
2021-07-07,15.2,10.1,16.232903,11.017849,18.5,-1.032903,False
2021-07-08,15.6,11.9,16.235269,11.02172,18.6,-0.635269,False
2021-07-09,13.5,12.6,16.227957,11.023011,18.6,-2.727957,False
2021-07-10,14.1,12.0,16.237957,11.038925,18.7,-2.137957,False
2021-07-11,14.8,10.3,16.246667,11.019785,18.7,-1.446667,False
2021-07-12,15.9,10.4,16.237204,10.98828,18.7,-0.337204,False
2021-07-13,18.0,12.3,16.249355,10.954839,18.7,1.750645,False
2021-07-14,16.3,14.1,16.258172,10.92914,18.7,0.041828,False
2021-07-15,19.6,13.5,16.272688,10.915484,18.7,3.327312,False
2021-07-16,17.4,12.3,16.29086,10.89871,18.7,1.10914,False
2021-07-17,13.8,11.7,16.321075,10.880753,18.7,-2.521075,False
2021-07-18,16.9,8.4,16.332581,10.869355,18.7,0.567419,False
2021-07-19,14.6,10.0,16.352043,10.853118,18.81,-1.752043,False
2021-07-20,15.4,11.0,16.349032,10.830645,18.81,-0.949032,False
2021-07-21,14.2,8.4,16.349785,10.833548,18.9,-2.149785,False
2021-07-22,15.5,10.9,16.360645,10.833226,18.9,-0.860645,False
2021-07-23,15.7,12.5,16.376559,10.831505,19.0,-0.676559,False
2021-07-24,16.7,11.4,16.39043,10.813871,19.0,0.30957,False
2021-07-25,14.6,11.1,16.420108,10.812366,19.0,-1.820108,False
2021-07-26,17.8,12.3,16.473226,10.78957,19.2,1.326774,False
2021-07-27,19.4,13.7,16.50957,10.790108,19.2,2.89043,False
2021-07-28,22.0,11.4,16.549032,10.800753,19.31,5.450968,False
2021-07-29,16.7,7.1,16.598602,10.796989,19.4,0.101398,False
2021-07-30,16.6,10.6,16.642258,10.811183,19.4,-0.042258,False
2021-07-31,20.3,14.9,16.689462,10.846237,19.51,3.610538,False
2021-08-01,22.3,12.4,16.730753,10.871505,19.61,5.569247,False
2021-08-02,17.1,13.6,16.784946,10.886237,19.71,0.315054,False
2021-08-03,18.6,10.9,16.797204,10.896344,19.8,1.802796,False
2021-08-04,15.4,11.8,16.804516,10.893011,19.8,-1.404516,False
2021-08-05,17.4,10.1,16.832473,10.914194,19.81,0.567527,False
2021-08-06,18.7,8.8,16.874839,10.956774,19.9,1.825161,False
2021-08-07,17.4,12.3,16.903978,11.005269,19.9,0.496022,False
2021-08-08,15.3,12.8,16.93828,11.023548,19.91,-1.63828,False
2021-08-09,17.1,11.9,16.949462,11.04043,20.0,0.150538,False
2021-08-10,19.9,13.5,16.963978,11.041935,20.0,2.936022,False
2021-08-11,21.5,15.0,16.979355,11.075914,19.91,4.520645,False
2021-08-12,18.6,9.5,17.010753,11.113656,20.1,1.589247,False
2021-08-13,17.1,9.3,17.032581,11.146774,20.11,0.067419,False
2021-08-14,17.7,10.4,17.042473,11.213656,20.11,0.657527,False
2021-08-15,19.5,11.1,17.079677,11.271828,20.2,2.420323,False
2021-08-16,20.6,10.8,17.129462,11.319785,20.3,3.470538,False
2021-08-17,16.3,11.2,17.156344,11.384409,20.4,-0.856344,False
2021-08-18,16.3,10.6,17.196667,11.447849,20.4,-0.896667,False
2021-08-19,18.2,11.1,17.254516,11.508495,20.41,0.945484,False
2021-08-20,20.2,13.8,17.309032,11.574516,20.6,2.890968,False
2021-08-21,20.7,11.8,17.355806,11.627849,20.6,3.344194,False
2021-08-22,22.2,16.5,17.390645,11.689677,20.61,4.809355,False
2021-08-23,21.9,11.8,17.430323,11.762796,20.7,4.469677,False
2021-08-24,12.4,10.3,17.481935,11.839677,20.71,-5.081935,False
2021-08-25,16.2,10.6,17.512151,11.911505,20.8,-1.312151,False
2021-08-26,16.2,11.7,17.527849,11.958495,20.81,-1.327849,False
2021-08-27,17.9,11.2,17.555914,12.006129,20.8,0.344086,False
2021-08-28,16.3,10.9,17.593763,12.064624,20.9,-1.293763,False
2021-08-29,17.0,10.4,17.647312,12.128925,21.0,-0.647312,False
2021-08-30,16.8,10.8,17.703871,12.205269,21.0,-0.903871,False
2021-08-31,19.1,11.0,17.776022,12.262258,21.2,1.323978,False
2021-09-01,20.9,14.9,17.839355,12.319355,21.21,3.060645,False
2021-09-02,19.7,14.6,17.867527,12.383763,21.21,1.832473,False
2021-09-03,20.7,15.9,17.934839,12.479032,21.4,2.765161,False
2021-09-04,19.9,14.6,18.029462,12.566774,21.61,1.870538,False
2021-09-05,17.5,10.8,18.089462,12.632258,21.7,-0.589462,False
2021-09-06,16.6,9.7,18.146882,12.690108,21.7,-1.546882,False
2021-09-07,20.5,12.1,18.235054,12.762043,21.8,2.264946,False
2021-09-08,18.0,10.4,18.322043,12.856559,21.9,-0.322043,False
2021-09-09,23.8,15.8,18.428387,12.945699,22.01,5.371613,False
2021-09-10,21.8,12.6,18.491828,13.024194,22.2,3.308172,False
2021-09-11,24.0,17.0,18.52914,13.076667,22.2,5.47086,False
2021-09-12,26.1,13.1,18.585806,13.151398,22.2,7.514194,False
2021-09-13,14.7,11.7,18.686882,13.235591,22.4,-3.986882,False
2021-09-14,13.7,11.3,18.777419,13.260753,22.5,-5.077419,False
2021-09-15,15.7,11.4,18.825484,13.306882,22.6,-3.125484,False
2021-09-16,15.1,10.6,18.889247,13.386989,22.6,-3.789247,False
2021-09-17,20.2,15.2,18.980323,13.480108,22.71,1.219677,False
2021-09-18,22.9,12.5,19.071183,13.561613,23.0,3.828817,False
2021-09-19,20.0,14.4,19.101398,13.625914,23.1,0.898602,False
2021-09-20,23.6,10.3,19.176989,13.70957,23.2,4.423011,False
2021-09-21,14.6,10.6,19.254086,13.787204,23.3,-4.654086,False
2021-09-22,17.0,11.1,19.302688,13.863333,23.5,-2.302688,False
2021-09-23,20.9,13.8,19.356237,13.903548,23.5,1.543763,False
2021-09-24,23.6,14.8,19.39828,13.954194,23.6,4.20172,False
2021-09-25,18.5,12.4,19.476989,14.022151,23.8,-0.976989,False
2021-09-26,15.3,13.0,19.552796,14.103978,23.8,-4.252796,False
2021-09-27,16.9,12.9,19.616989,14.200645,23.9,-2.716989,False
2021-09-28,19.2,15.4,19.684946,14.27871,24.02,-0.484946,False
2021-09-29,18.6,15.8,19.712258,14.351505,24.02,-1.112258,False
2021-09-30,20.6,16.4,19.752473,14.411075,24.2,0.847527,False
2021-10-01,21.2,13.5,19.78828,14.488925,24.3,1.41172,False
2021-10-02,20.0,14.7,19.812258,14.562903,24.31,0.187742,False
2021-10-03,20.3,16.9,19.868065,14.62871,24.31,0.431935,False
2021-10-04,24.2,14.3,19.92086,14.673763,24.41,4.27914,False
2021-10-05,20.0,12.0,19.93086,14.709677,24.5,0.06914,False
2021-10-06,19.6,13.4,19.966667,14.774839,24.51,-0.366667,False
2021-10-07,24.3,15.4,19.976559,14.829355,24.6,4.323441,False
2021-10-08,18.5,14.5,19.983011,14.871828,24.5,-1.483011,False
2021-10-09,22.2,18.2,19.997527,14.921828,24.5,2.202473,False
2021-10-10,23.6,13.2,20.053441,14.985914,24.41,3.546559,False
2021-10-11,15.1,13.6,20.111398,15.055914,24.5,-5.011398,False
2021-10-12,15.8,14.8,20.178925,15.118495,24.6,-4.378925,False
2021-10-13,18.5,16.1,20.205054,15.19,24.6,-1.705054,False
2021-10-14,20.3,15.1,20.204946,15.245806,24.6,0.095054,False
2021-10-15,19.4,13.9,20.240538,15.345161,24.51,-0.840538,False
2021-10-16,20.3,12.6,20.300108,15.417097,24.51,-0.000108,False
2021-10-17,18.6,13.5,20.322258,15.465806,24.5,-1.722258,False
2021-10-18,20.1,15.8,20.337742,15.505484,24.5,-0.237742,False
2021-10-19,21.2,13.3,20.369677,15.548817,24.51,0.830323,False
2021-10-20,18.9,14.8,20.383871,15.587204,24.5,-1.483871,False
2021-10-21,19.6,16.2,20.358817,15.61172,24.4,-0.758817,False
2021-10-22,20.2,15.9,20.375591,15.664946,24.31,-0.175591,False
2021-10-23,22.1,17.3,20.420538,15.715591,24.4,1.679462,False
2021-10-24,18.6,13.6,20.466774,15.787312,24.5,-1.866774,False
2021-10-25,18.3,14.1,20.518172,15.853978,24.5,-2.218172,False
2021-10-26,18.5,16.4,20.546344,15.894086,24.5,-2.046344,False
2021-10-27,21.0,16.1,20.566882,15.952043,24.5,0.433118,False
2021-10-28,25.6,19.4,20.607204,16.01129,24.5,4.992796,False
2021-10-29,28.4,15.5,20.644086,16.071398,24.5,7.755914,False
2021-10-30,17.0,14.1,20.723441,16.143548,24.51,-3.723441,False
2021-10-31,18.4,14.6,20.759462,16.201828,24.51,-2.359462,False
2021-11-01,20.6,18.0,20.744946,16.237527,24.5,-0.144946,False
2021-11-02,21.2,17.2,20.755914,16.284624,24.5,0.444086,False
2021-11-03,21.3,18.4,20.802473,16.34957,24.5,0.497527,False
2021-11-04,20.1,17.9,20.850968,16.428817,24.61,-0.750968,False
2021-11-05,19.9,17.5,20.935054,16.517957,24.8,-1.035054,False
2021-11-06,21.8,18.3,21.000323,16.599785,24.9,0.799677,False
2021-11-07,22.0,18.4,21.07828,16.651398,25.0,0.92172,False
2021-11-08,20.8,17.6,21.104301,16.698817,25.0,-0.304301,False
2021-11-09,20.5,18.9,21.127849,16.752258,25.0,-0.627849,False
2021-11-10,21.6,18.0,21.151183,16.81129,25.1,0.448817,False
2021-11-11,18.2,16.4,21.235806,16.875161,25.2,-3.035806,False
2021-11-12,20.2,15.0,21.307742,16.95914,25.3,-1.107742,False
2021-11-13,18.9,14.0,21.391183,17.027849,25.31,-2.491183,False
2021-11-14,20.8,14.1,21.464301,17.085161,25.4,-0.664301,False
2021-11-15,19.6,13.0,21.500108,17.126989,25.5,-1.900108,False
2021-11-16,17.8,14.5,21.558172,17.181505,25.6,-3.758172,False
2021-11-17,19.4,16.3,21.598602,17.226129,25.71,-2.198602,False
2021-11-18,22.0,19.2,21.643333,17.285484,25.8,0.356667,False
2021-11-19,23.4,17.9,21.67129,17.343871,25.8,1.72871,False
2021-11-20,21.3,17.2,21.73828,17.412366,25.9,-0.43828,False
2021-11-21,18.3,17.2,21.815269,17.483656,26.0,-3.515269,False
2021-11-22,19.6,17.8,21.861183,17.543871,26.01,-2.261183,False
2021-11-23,20.6,18.9,21.913548,17.617634,26.1,-1.313548,False
2021-11-24,22.6,20.0,21.973226,17.696452,26.1,0.626774,False
2021-11-25,22.0,17.7,22.032581,17.757527,26.2,-0.032581,False
2021-11-26,18.3,16.3,22.082151,17.817849,26.21,-3.782151,False
2021-11-27,17.6,16.1,22.125699,17.879677,26.3,-4.525699,False
2021-11-28,17.9,16.0,22.17871,17.93871,26.4,-4.27871,False
2021-11-29,19.5,17.9,22.221613,17.99828,26.4,-2.721613,False
2021-11-30,21.1,19.6,22.229892,18.052688,26.3,-1.129892,False
2021-12-01,21.7,19.5,22.294409,18.113548,26.4,-0.594409,False
2021-12-02,23.0,19.1,22.373763,18.186882,26.4,0.626237,False
2021-12-03,23.9,18.6,22.463226,18.251183,26.4,1.436774,False
2021-12-04,19.9,18.0,22.523548,18.30129,26.5,-2.623548,False
2021-12-05,19.5,17.3,22.573011,18.352043,26.5,-3.073011,False
2021-12-06,20.9,18.5,22.603763,18.407957,26.5,-1.703763,False
2021-12-07,23.6,18.2,22.657097,18.463763,26.6,0.942903,False
2021-12-08,19.7,17.7,22.717312,18.55086,26.6,-3.017312,False
2021-12-09,20.2,16.2,22.806129,18.622258,26.7,-2.606129,False
2021-12-10,19.6,16.5,22.873226,18.668817,26.7,-3.273226,False
2021-12-11,19.7,16.4,22.908065,18.686022,26.7,-3.208065,False
2021-12-12,19.9,16.6,22.882151,18.716989,26.6,-2.982151,False
2021-12-13,20.8,16.4,22.905914,18.748495,26.6,-2.105914,False
2021-12-14,21.4,17.2,22.925054,18.775699,26.6,-1.525054,False
2021-12-15,24.3,20.6,22.955161,18.835806,26.6,1.344839,False
2021-12-16,21.5,19.3,23.010323,18.896989,26.6,-1.510323,False
2021-12-17,24.2,19.9,23.056129,18.954516,26.6,1.143871,False
2021-12-18,28.4,23.8,23.108387,19.025161,26.51,5.291613,False
2021-12-19,29.3,22.3,23.145161,19.073226,26.6,6.154839,False
2021-12-20,25.7,22.1,23.19,19.127957,26.6,2.51,False
2021-12-21,26.2,21.3,23.254194,19.187849,26.7,2.945806,False
2021-12-22,24.1,21.7,23.309355,19.238387,26.61,0.790645,False
2021-12-23,24.2,21.3,23.369247,19.290538,26.71,0.830753,False
2021-12-24,24.7,21.9,23.41871,19.318065,26.8,1.28129,False
2021-12-25,26.0,21.7,23.42914,19.355806,26.9,2.57086,False
2021-12-26,24.0,19.7,23.456129,19.413656,26.91,0.543871,False
2021-12-27,21.0,17.8,23.513656,19.493011,27.1,-2.513656,False
2021-12-28,20.3,17.3,23.585161,19.555914,27.1,-3.285161,False
2021-12-29,21.7,17.9,23.622473,19.595054,27.11,-1.922473,False
2021-12-30,23.3,18.4,23.665161,19.634839,27.2,-0.365161,False
2021-12-31,24.5,20.7,23.717419,19.671075,27.3,0.782581,False
2022-01-01,25.0,20.9,23.731828,19.716667,27.3,1.268172,False
2022-01-02,25.5,20.9,23.783978,19.759247,27.5,1.716022,False
2022-01-03,24.8,21.5,23.833011,19.80043,27.6,0.966989,False
2022-01-04,24.8,22.2,23.836774,19.851183,27.5,0.963226,False
2022-01-05,23.8,22.5,23.888817,19.901183,27.5,-0.088817,False
2022-01-06,24.6,23.0,23.941505,19.945161,27.6,0.658495,False
2022-01-07,24.8,22.3,23.980108,19.993978,27.6,0.819892,False
2022-01-08,25.8,22.0,24.019355,20.032688,27.61,1.780645,False
2022-01-09,24.7,22.6,24.047097,20.090215,27.61,0.652903,False
2022-01-10,25.5,23.0,24.074409,20.147849,27.7,1.425591,False
2022-01-11,25.1,22.4,24.112903,20.222151,27.8,0.987097,False
2022-01-12,24.3,21.3,24.15957,20.289247,27.8,0.14043,False
2022-01-13,23.6,21.7,24.193548,20.346882,27.8,-0.593548,False
2022-01-14,25.6,21.9,24.244731,20.397312,27.8,1.355269,False
2022-01-15,26.4,22.0,24.294516,20.444946,27.8,2.105484,False
2022-01-16,25.2,22.0,24.32914,20.477419,27.81,0.87086,False
2022-01-17,25.3,22.9,24.317419,20.506237,27.9,0.982581,False
2022-01-18,22.7,20.6,24.324409,20.527419,27.8,-1.624409,False
2022-01-19,22.1,20.5,24.354946,20.546667,27.9,-2.254946,False
2022-01-20,21.8,20.1,24.35914,20.574731,27.9,-2.55914,False
2022-01-21,22.6,19.9,24.37871,20.612258,27.9,-1.77871,False
2022-01-22,22.6,20.2,24.387742,20.637312,27.9,-1.787742,False
2022-01-23,23.0,20.5,24.376022,20.654624,27.81,-1.376022,False
2022-01-24,23.4,20.8,24.403548,20.686989,27.8,-1.003548,False
2022-01-25,23.6,20.8,24.460323,20.71129,27.9,-0.860323,False
2022-01-26,23.6,20.8,24.484086,20.728817,27.9,-0.884086,False
2022-01-27,24.4,22.3,24.495591,20.746344,27.9,-0.095591,False
2022-01-28,25.6,22.1,24.492581,20.74828,27.9,1.107419,False
2022-01-29,25.9,22.8,24.465054,20.753441,27.9,1.434946,False
2022-01-30,25.4,21.8,24.441613,20.760215,27.9,0.958387,False
2022-01-31,25.2,22.1,24.435161,20.78043,27.81,0.764839,False
2022-02-01,27.4,22.0,24.444624,20.776022,27.9,2.955376,False
2022-02-02,21.8,19.2,24.418387,20.77871,27.7,-2.618387,False
2022-02-03,21.6,16.7,24.398065,20.787527,27.7,-2.798065,False
2022-02-04,21.4,19.0,24.414301,20.788387,27.7,-3.014301,False
2022-02-05,21.6,19.2,24.374839,20.778602,27.6,-2.774839,False
2022-02-06,21.8,19.3,24.326882,20.759247,27.51,-2.526882,False
2022-02-07,21.6,18.4,24.30828,20.743548,27.5,-2.70828,False
2022-02-08,22.1,18.7,24.269785,20.725269,27.31,-2.169785,False
2022-02-09,27.1,20.3,24.251613,20.699032,27.2,2.848387,False
2022-02-10,27.9,21.2,24.239032,20.680215,27.2,3.660968,False
2022-02-11,22.4,21.0,24.231075,20.658495,27.1,-1.831075,False
2022-02-12,22.3,19.9,24.22086,20.633441,27.1,-1.92086,False
2022-02-13,23.3,19.7,24.207312,20.605376,27.1,-0.907312,False
2022-02-14,25.2,20.9,24.164516,20.562473,27.1,1.035484,False
2022-02-15,24.7,20.9,24.09957,20.514516,27.1,0.60043,False
2022-02-16,25.0,20.2,24.05043,20.495806,27.0,0.94957,False
2022-02-17,27.8,21.7,24.041075,20.46871,27.0,3.758925,False
2022-02-18,25.8,21.1,24.016452,20.444409,26.91,1.783548,False
2022-02-19,22.8,20.5,23.985914,20.421613,26.9,-1.185914,False
2022-02-20,25.9,23.4,23.943011,20.389355,26.8,1.956989,False
2022-02-21,27.7,21.9,23.884946,20.345806,26.7,3.815054,False
2022-02-22,23.3,21.3,23.850645,20.307849,26.6,-0.550645,False
2022-02-23,24.8,22.4,23.806774,20.271075,26.6,0.993226,False
2022-02-24,24.7,21.9,23.751075,20.228817,26.5,0.948925,False
2022-02-25,23.0,20.9,23.709032,20.185269,26.4,-0.709032,False
2022-02-26,22.9,20.5,23.673441,20.147312,26.4,-0.773441,False
2022-02-27,23.4,21.4,23.62957,20.094409,26.3,-0.22957,False
2022-02-28,23.2,21.3,23.598387,20.068925,26.2,-0.398387,False
2022-03-01,22.1,20.6,23.599677,20.034624,26.2,-1.499677,False
2022-03-02,22.3,21.3,23.571075,19.985806,26.2,-1.271075,False
2022-03-03,23.6,22.1,23.552796,19.936559,26.2,0.047204,False
2022-03-04,24.5,22.2,23.535914,19.914194,26.2,0.964086,False
2022-03-05,25.0,19.8,23.54129,19.873548,26.2,1.45871,False
2022-03-06,23.7,22.6,23.49828,19.828172,26.1,0.20172,False
2022-03-07,24.4,22.6,23.445699,19.780323,26.1,0.954301,False
2022-03-08,23.8,20.2,23.415591,19.720753,26.1,0.384409,False
2022-03-09,22.8,18.0,23.391935,19.668602,26.1,-0.591935,False
2022-03-10,21.2,17.9,23.342043,19.607849,26.0,-2.142043,False
2022-03-11,21.2,19.2,23.328065,19.552688,26.0,-2.128065,False
2022-03-12,23.1,19.8,23.285376,19.503226,25.9,-0.185376,False
2022-03-13,22.4,18.3,23.249355,19.447742,25.9,-0.849355,False
2022-03-14,22.4,19.8,23.18172,19.393763,25.9,-0.78172,False
2022-03-15,23.7,19.6,23.13828,19.314409,25.81,0.56172,False
2022-03-16,23.6,20.2,23.075699,19.232151,25.71,0.524301,False
2022-03-17,24.2,21.0,23.044731,19.182903,25.7,1.155269,False
2022-03-18,24.7,20.4,23.021505,19.122258,25.7,1.678495,False
2022-03-19,21.3,18.4,22.976344,19.041505,25.6,-1.676344,False
2022-03-20,22.9,19.5,22.897312,18.964086,25.6,0.002688,False
2022-03-21,22.3,18.4,22.862366,18.890108,25.6,-0.562366,False
2022-03-22,25.1,21.9,22.808925,18.812473,25.5,2.291075,False
2022-03-23,23.0,19.7,22.757742,18.722258,25.5,0.242258,False
2022-03-24,20.2,19.3,22.703978,18.632796,25.4,-2.503978,False
2022-03-25,21.7,18.9,22.636774,18.539785,25.4,-0.936774,False
2022-03-26,20.2,19.3,22.575484,18.446667,25.4,-2.375484,False
2022-03-27,21.0,20.2,22.530753,18.355054,25.4,-1.530753,False
2022-03-28,23.0,20.6,22.450323,18.266882,25.3,0.549677,False
2022-03-29,21.4,20.6,22.403333,18.183441,25.2,-1.003333,False
2022-03-30,21.8,19.3,22.358387,18.108065,25.2,-0.558387,False
2022-03-31,20.6,17.0,22.307527,18.031075,25.2,-1.707527,False
2022-04-01,18.5,16.2,22.243011,17.947204,25.2,-3.743011,False
2022-04-02,21.2,15.8,22.192581,17.870108,25.11,-0.992581,False
2022-04-03,24.8,16.2,22.116882,17.782796,25.0,2.683118,False
2022-04-04,25.6,16.3,22.037742,17.680538,24.9,3.562258,False
2022-04-05,22.8,19.2,21.945699,17.588065,24.9,0.854301,False
2022-04-06,20.0,18.6,21.88828,17.496129,24.81,-1.88828,False
2022-04-07,20.7,19.1,21.819032,17.397204,24.8,-1.119032,False
2022-04-08,20.7,19.0,21.73914,17.30914,24.7,-1.03914,False
2022-04-09,21.1,19.3,21.688602,17.234301,24.6,-0.588602,False
2022-04-10,22.1,17.2,21.63,17.135484,24.5,0.47,False
2022-04-11,25.1,18.4,21.557527,17.043548,24.4,3.542473,False
2022-04-12,20.0,16.7,21.46871,16.944086,24.3,-1.46871,False
2022-04-13,19.9,17.5,21.397419,16.847849,24.2,-1.497419,False
2022-04-14,21.8,16.9,21.34129,16.763763,24.1,0.45871,False
2022-04-15,22.1,16.6,21.261075,16.696667,24.1,0.838925,False
2022-04-16,22.2,15.9,21.202366,16.632796,24.01,0.997634,False
2022-04-17,21.7,16.3,21.13957,16.555376,24.0,0.56043,False
2022-04-18,24.0,18.2,21.065806,16.486344,23.9,2.934194,False
2022-04-19,24.6,17.1,20.999892,16.392581,23.8,3.600108,False
2022-04-20,22.7,14.6,20.927742,16.286344,23.8,1.772258,False
2022-04-21,20.4,17.7,20.848387,16.191183,23.7,-0.448387,False
2022-04-22,20.1,17.8,20.781828,16.09129,23.6,-0.681828,False
2022-04-23,20.7,16.9,20.724409,15.99828,23.6,-0.024409,False
2022-04-24,20.3,16.5,20.66129,15.910323,23.5,-0.36129,False
2022-04-25,20.1,17.5,20.594624,15.818065,23.41,-0.494624,False
2022-04-26,20.1,17.5,20.534946,15.737527,23.4,-0.434946,False
2022-04-27,20.2,18.7,20.442258,15.663656,23.3,-0.242258,False
2022-04-28,21.7,18.1,20.38,15.575806,23.2,1.32,False
2022-04-29,24.3,21.0,20.287419,15.477849,23.2,4.012581,False
2022-04-30,21.3,15.4,20.184086,15.380968,23.1,1.115914,False
2022-05-01,19.7,15.4,20.093011,15.277634,22.9,-0.393011,False
2022-05-02,20.3,15.4,20.008495,15.182581,22.9,0.291505,False
2022-05-03,21.4,15.2,19.922688,15.108065,22.9,1.477312,False
2022-05-04,22.8,18.0,19.856022,15.01828,22.8,2.943978,False
2022-05-05,21.2,12.8,19.788065,14.937742,22.8,1.411935,False
2022-05-06,18.4,11.7,19.718495,14.850215,22.7,-1.318495,False
2022-05-07,18.2,11.6,19.635914,14.769892,22.6,-1.435914,False
2022-05-08,18.4,15.2,19.580323,14.693118,22.5,-1.180323,False
2022-05-09,18.3,15.6,19.514086,14.616237,22.5,-1.214086,False
2022-05-10,19.9,18.0,19.431075,14.519462,22.4,0.468925,False
2022-05-11,19.8,18.8,19.351935,14.433763,22.3,0.448065,False
2022-05-12,20.8,19.8,19.258065,14.347419,22.2,1.541935,False
2022-05-13,21.3,19.1,19.196774,14.266237,22.1,2.103226,False
2022-05-14,23.3,18.7,19.110645,14.163548,22.0,4.189355,False
2022-05-15,21.0,14.8,19.008065,14.053548,21.8,1.991935,False
2022-05-16,22.0,14.2,18.940645,13.972903,21.61,3.059355,False
2022-05-17,19.9,11.8,18.859462,13.900215,21.6,1.040538,False
2022-05-18,18.6,11.3,18.759462,13.83,21.5,-0.159462,False
2022-05-19,17.1,14.0,18.680215,13.735591,21.4,-1.580215,False
2022-05-20,17.7,15.6,18.599355,13.666129,21.3,-0.899355,False
2022-05-21,18.3,16.3,18.529247,13.603333,21.3,-0.229247,False
2022-05-22,17.9,14.5,18.449892,13.547742,21.2,-0.549892,False
2022-05-23,17.0,15.2,18.365269,13.49828,21.11,-1.365269,False
2022-05-24,18.2,13.8,18.287097,13.451398,21.0,-0.087097,False
2022-05-25,17.0,13.7,18.218925,13.407204,20.81,-1.218925,False
2022-05-26,19.3,13.9,18.145376,13.362473,20.8,1.154624,False
2022-05-27,20.1,14.5,18.074086,13.302581,20.71,2.025914,False
2022-05-28,19.0,12.5,18.016237,13.244516,20.7,0.983763,False
2022-05-29,17.1,10.5,17.953763,13.194516,20.6,-0.853763,False
2022-05-30,16.3,11.8,17.895054,13.125914,20.6,-1.595054,False
2022-05-31,15.9,10.4,17.834301,13.053226,20.51,-1.934301,False
2022-06-01,13.8,10.3,17.766559,12.98043,20.4,-3.966559,False
2022-06-02,15.6,10.6,17.68871,12.922473,20.21,-2.08871,False
2022-06-03,15.6,10.8,17.61957,12.851505,20.11,-2.01957,False
2022-06-04,16.7,13.0,17.545699,12.786667,20.1,-0.845699,False
2022-06-05,16.4,13.0,17.472043,12.722366,20.01,-1.072043,False
2022-06-06,15.8,11.1,17.402796,12.660753,20.0,-1.602796,False
2022-06-07,15.8,9.3,17.330215,12.568602,19.9,-1.530215,False
2022-06-08,14.6,9.0,17.253548,12.486344,19.8,-2.653548,False
2022-06-09,14.7,10.9,17.185806,12.396559,19.71,-2.485806,False
2022-06-10,16.2,10.5,17.111613,12.336882,19.7,-0.911613,False
2022-06-11,15.4,11.2,17.055591,12.286129,19.6,-1.655591,False
2022-06-12,15.7,9.7,16.991075,12.243118,19.5,-1.291075,False
2022-06-13,15.2,8.9,16.946022,12.195376,19.4,-1.746022,False
2022-06-14,15.8,8.4,16.905806,12.163118,19.3,-1.105806,False
2022-06-15,17.8,11.5,16.87129,12.121398,19.2,0.92871,False
2022-06-16,18.9,11.6,16.81,12.050968,19.1,2.09,False
2022-06-17,17.7,13.3,16.768817,11.976882,19.0,0.931183,False
2022-06-18,16.2,12.8,16.74043,11.916452,19.0,-0.54043,False
2022-06-19,16.2,14.3,16.720215,11.880108,19.0,-0.520215,False
2022-06-20,16.9,11.2,16.697204,11.817204,19.0,0.202796,False
2022-06-21,18.9,10.8,16.676882,11.762903,18.91,2.223118,False
2022-06-22,16.6,10.4,16.636344,11.694516,18.8,-0.036344,False
2022-06-23,17.4,10.5,16.588172,11.635054,18.8,0.811828,False
2022-06-24,18.6,12.6,16.544086,11.567634,18.7,2.055914,False
2022-06-25,19.2,10.3,16.488817,11.521935,18.6,2.711183,False
2022-06-26,18.7,11.3,16.466344,11.46957,18.6,2.233656,False
2022-06-27,14.6,11.5,16.444731,11.417957,18.5,-1.844731,False
2022-06-28,14.8,11.0,16.406344,11.370968,18.5,-1.606344,False
2022-06-29,16.2,12.2,16.365269,11.313656,18.5,-0.165269,False
2022-06-30,16.3,13.1,16.334409,11.27043,18.5,-0.034409,False
2022-07-01,14.6,13.0,16.312043,11.233871,18.5,-1.712043,False
2022-07-02,16.1,14.6,16.293011,11.20086,18.5,-0.193011,False
2022-07-03,17.6,15.5,16.293656,11.156344,18.5,1.306344,False
2022-07-04,16.7,15.6,16.292581,11.134086,18.5,0.407419,False
2022-07-05,16.4,15.6,16.269032,11.097527,18.5,0.130968,False
2022-07-06,16.8,15.0,16.243226,11.054516,18.5,0.556774,False
2022-07-07,16.9,10.2,16.232903,11.017849,18.5,0.667097,False
2022-07-08,14.7,10.2,16.235269,11.02172,18.6,-1.535269,False
2022-07-09,15.4,11.5,16.227957,11.023011,18.6,-0.827957,False
2022-07-10,15.2,12.2,16.237957,11.038925,18.7,-1.037957,False
2022-07-11,14.1,10.8,16.246667,11.019785,18.7,-2.146667,False
2022-07-12,15.3,10.5,16.237204,10.98828,18.7,-0.937204,False
2022-07-13,13.7,11.7,16.249355,10.954839,18.7,-2.549355,False
2022-07-14,14.7,9.6,16.258172,10.92914,18.7,-1.558172,False
2022-07-15,15.1,7.3,16.272688,10.915484,18.7,-1.172688,False
2022-07-16,15.8,9.3,16.29086,10.89871,18.7,-0.49086,False
2022-07-17,19.6,12.2,16.321075,10.880753,18.7,3.278925,False
2022-07-18,14.6,10.3,16.332581,10.869355,18.7,-1.732581,False
2022-07-19,13.4,12.3,16.352043,10.853118,18.81,-2.952043,False
2022-07-20,14.6,13.5,16.349032,10.830645,18.81,-1.749032,False
2022-07-21,15.9,14.4,16.349785,10.833548,18.9,-0.449785,False
2022-07-22,16.4,13.9,16.360645,10.833226,18.9,0.039355,False
2022-07-23,16.0,12.3,16.376559,10.831505,19.0,-0.376559,False
2022-07-24,16.5,11.0,16.39043,10.813871,19.0,0.10957,False
2022-07-25,16.5,11.8,16.420108,10.812366,19.0,0.079892,False
2022-07-26,17.3,10.5,16.473226,10.78957,19.2,0.826774,False
2022-07-27,16.8,10.7,16.50957,10.790108,19.2,0.29043,False
2022-07-28,17.7,10.7,16.549032,10.800753,19.31,1.150968,False
2022-07-29,14.9,9.5,16.598602,10.796989,19.4,-1.698602,False
2022-07-30,14.7,9.8,16.642258,10.811183,19.4,-1.942258,False
2022-07-31,16.5,12.2,16.689462,10.846237,19.51,-0.189462,False
2022-08-01,18.0,9.3,16.730753,10.871505,19.61,1.269247,False
2022-08-02,17.1,12.9,16.784946,10.886237,19.71,0.315054,False
2022-08-03,20.7,15.2,16.797204,10.896344,19.8,3.902796,False
2022-08-04,20.1,16.4,16.804516,10.893011,19.8,3.295484,False
2022-08-05,20.3,13.9,16.832473,10.914194,19.81,3.467527,False
2022-08-06,18.3,10.9,16.874839,10.956774,19.9,1.425161,False
2022-08-07,15.6,10.9,16.903978,11.005269,19.9,-1.303978,False
2022-08-08,14.8,10.7,16.93828,11.023548,19.91,-2.13828,False
2022-08-09,13.9,11.9,16.949462,11.04043,20.0,-3.049462,False
2022-08-10,15.7,11.6,16.963978,11.041935,20.0,-1.263978,False
2022-08-11,16.2,13.7,16.979355,11.075914,19.91,-0.779355,False
2022-08-12,16.2,12.3,17.010753,11.113656,20.1,-0.810753,False
2022-08-13,17.7,11.5,17.032581,11.146774,20.11,0.667419,False
2022-08-14,16.4,11.4,17.042473,11.213656,20.11,-0.642473,False
2022-08-15,17.4,10.9,17.079677,11.271828,20.2,0.320323,False
2022-08-16,16.8,10.6,17.129462,11.319785,20.3,-0.329462,False
2022-08-17,16.9,10.1,17.156344,11.384409,20.4,-0.256344,False
2022-08-18,19.1,12.7,17.196667,11.447849,20.4,1.903333,False
2022-08-19,17.9,9.7,17.254516,11.508495,20.41,0.645484,False
2022-08-20,17.4,12.0,17.309032,11.574516,20.6,0.090968,False
2022-08-21,15.8,10.2,17.355806,11.627849,20.6,-1.555806,False
2022-08-22,19.5,14.1,17.390645,11.689677,20.61,2.109355,False
2022-08-23,19.5,10.0,17.430323,11.762796,20.7,2.069677,False
2022-08-24,15.6,10.0,17.481935,11.839677,20.71,-1.881935,False
2022-08-25,17.1,12.4,17.512151,11.911505,20.8,-0.412151,False
2022-08-26,15.5,12.9,17.527849,11.958495,20.81,-2.027849,False
2022-08-27,16.0,12.2,17.555914,12.006129,20.8,-1.555914,False
2022-08-28,17.5,13.5,17.593763,12.064624,20.9,-0.093763,False
2022-08-29,17.9,15.8,17.647312,12.128925,21.0,0.252688,False
2022-08-30,21.3,11.9,17.703871,12.205269,21.0,3.596129,False
2022-08-31,16.6,14.0,17.776022,12.262258,21.2,-1.176022,False
2022-09-01,18.1,13.7,17.839355,12.319355,21.21,0.260645,False
2022-09-02,15.8,12.6,17.867527,12.383763,21.21,-2.067527,False
2022-09-03,14.8,13.6,17.934839,12.479032,21.4,-3.134839,False
2022-09-04,15.7,11.3,18.029462,12.566774,21.61,-2.329462,False
2022-09-05,15.3,11.4,18.089462,12.632258,21.7,-2.789462,False
2022-09-06,14.8,11.1,18.146882,12.690108,21.7,-3.346882,False
2022-09-07,16.4,14.5,18.235054,12.762043,21.8,-1.835054,False
2022-09-08,18.5,15.3,18.322043,12.856559,21.9,0.177957,False
2022-09-09,18.8,14.1,18.428387,12.945699,22.01,0.371613,False
2022-09-10,19.7,12.2,18.491828,13.024194,22.2,1.208172,False
2022-09-11,18.8,10.1,18.52914,13.076667,22.2,0.27086,False
2022-09-12,18.3,11.7,18.585806,13.151398,22.2,-0.285806,False
2022-09-13,14.2,10.6,18.686882,13.235591,22.4,-4.486882,False
2022-09-14,15.9,13.5,18.777419,13.260753,22.5,-2.877419,False
2022-09-15,16.9,15.0,18.825484,13.306882,22.6,-1.925484,False
2022-09-16,21.4,15.4,18.889247,13.386989,22.6,2.510753,False
2022-09-17,20.3,13.4,18.980323,13.480108,22.71,1.319677,False
2022-09-18,20.0,13.3,19.071183,13.561613,23.0,0.928817,False
2022-09-19,19.4,11.4,19.101398,13.625914,23.1,0.298602,False
2022-09-20,17.9,15.9,19.176989,13.70957,23.2,-1.276989,False
2022-09-21,18.7,16.2,19.254086,13.787204,23.3,-0.554086,False
2022-09-22,17.4,15.9,19.302688,13.863333,23.5,-1.902688,False
2022-09-23,18.3,15.3,19.356237,13.903548,23.5,-1.056237,False
2022-09-24,17.9,12.5,19.39828,13.954194,23.6,-1.49828,False
2022-09-25,18.0,14.1,19.476989,14.022151,23.8,-1.476989,False
2022-09-26,17.5,14.8,19.552796,14.103978,23.8,-2.052796,False
2022-09-27,18.6,14.6,19.616989,14.200645,23.9,-1.016989,False
2022-09-28,19.6,14.2,19.684946,14.27871,24.02,-0.084946,False
2022-09-29,17.5,14.7,19.712258,14.351505,24.02,-2.212258,False
2022-09-30,16.3,14.2,19.752473,14.411075,24.2,-3.452473,False
2022-10-01,15.6,11.6,19.78828,14.488925,24.3,-4.18828,False
2022-10-02,15.4,12.4,19.812258,14.562903,24.31,-4.412258,False
2022-10-03,16.9,12.6,19.868065,14.62871,24.31,-2.968065,False
2022-10-04,19.3,15.7,19.92086,14.673763,24.41,-0.62086,False
2022-10-05,16.2,15.3,19.93086,14.709677,24.5,-3.73086,False
2022-10-06,17.6,15.2,19.966667,14.774839,24.51,-2.366667,False
2022-10-07,19.4,17.4,19.976559,14.829355,24.6,-0.576559,False
2022-10-08,20.6,12.1,19.983011,14.871828,24.5,0.616989,False
2022-10-09,14.8,12.8,19.997527,14.921828,24.5,-5.197527,False
2022-10-10,16.2,14.9,20.053441,14.985914,24.41,-3.853441,False
2022-10-11,17.5,14.9,20.111398,15.055914,24.5,-2.611398,False
2022-10-12,18.4,16.3,20.178925,15.118495,24.6,-1.778925,False
2022-10-13,19.6,17.5,20.205054,15.19,24.6,-0.605054,False
2022-10-14,21.9,13.5,20.204946,15.245806,24.6,1.695054,False
2022-10-15,19.0,15.4,20.240538,15.345161,24.51,-1.240538,False
2022-10-16,18.8,15.2,20.300108,15.417097,24.51,-1.500108,False
2022-10-17,17.3,14.8,20.322258,15.465806,24.5,-3.022258,False
2022-10-18,19.5,17.1,20.337742,15.505484,24.5,-0.837742,False
2022-10-19,20.8,18.4,20.369677,15.548817,24.51,0.430323,False
2022-10-20,20.0,18.8,20.383871,15.587204,24.5,-0.383871,False
2022-10-21,20.5,18.3,20.358817,15.61172,24.4,0.141183,False
2022-10-22,21.1,18.3,20.375591,15.664946,24.31,0.724409,False
2022-10-23,19.9,18.0,20.420538,15.715591,24.4,-0.520538,False
2022-10-24,19.9,17.4,20.466774,15.787312,24.5,-0.566774,False
2022-10-25,22.2,18.5,20.518172,15.853978,24.5,1.681828,False
2022-10-26,23.7,18.0,20.546344,15.894086,24.5,3.153656,False
2022-10-27,23.3,16.5,20.566882,15.952043,24.5,2.733118,False
2022-10-28,22.4,15.9,20.607204,16.01129,24.5,1.792796,False
2022-10-29,22.9,14.3,20.644086,16.071398,24.5,2.255914,False
2022-10-30,21.9,17.0,20.723441,16.143548,24.51,1.176559,False
2022-10-31,24.4,18.2,20.759462,16.201828,24.51,3.640538,False
2022-11-01,20.8,11.9,20.744946,16.237527,24.5,0.055054,False
2022-11-02,17.9,11.7,20.755914,16.284624,24.5,-2.855914,False
2022-11-03,18.4,14.7,20.802473,16.34957,24.5,-2.402473,False
2022-11-04,18.1,15.1,20.850968,16.428817,24.61,-2.750968,False
2022-11-05,19.1,15.7,20.935054,16.517957,24.8,-1.835054,False
2022-11-06,20.0,16.0,21.000323,16.599785,24.9,-1.000323,False
2022-11-07,20.1,17.1,21.07828,16.651398,25.0,-0.97828,False
2022-11-08,20.0,16.5,21.104301,16.698817,25.0,-1.104301,False
2022-11-09,20.4,15.8,21.127849,16.752258,25.0,-0.727849,False
2022-11-10,19.9,15.7,21.151183,16.81129,25.1,-1.251183,False
2022-11-11,20.8,16.1,21.235806,16.875161,25.2,-0.435806,False
2022-11-12,21.9,18.1,21.307742,16.95914,25.3,0.592258,False
2022-11-13,22.0,20.3,21.391183,17.027849,25.31,0.608817,False
2022-11-14,25.0,16.6,21.464301,17.085161,25.4,3.535699,False
2022-11-15,20.2,13.3,21.500108,17.126989,25.5,-1.300108,False
2022-11-16,17.1,12.2,21.558172,17.181505,25.6,-4.458172,False
2022-11-17,16.9,13.7,21.598602,17.226129,25.71,-4.698602,False
2022-11-18,17.9,14.3,21.643333,17.285484,25.8,-3.743333,False
2022-11-19,23.3,18.5,21.67129,17.343871,25.8,1.62871,False
2022-11-20,23.8,17.1,21.73828,17.412366,25.9,2.06172,False
2022-11-21,21.5,12.5,21.815269,17.483656,26.0,-0.315269,False
2022-11-22,20.2,13.9,21.861183,17.543871,26.01,-1.661183,False
2022-11-23,22.6,15.5,21.913548,17.617634,26.1,0.686452,False
2022-11-24,21.0,17.1,21.973226,17.696452,26.1,-0.973226,False
2022-11-25,21.2,16.8,22.032581,17.757527,26.2,-0.832581,False
2022-11-26,20.3,17.1,22.082151,17.817849,26.21,-1.782151,False
2022-11-27,24.2,17.4,22.125699,17.879677,26.3,2.074301,False
2022-11-28,19.9,16.6,22.17871,17.93871,26.4,-2.27871,False
2022-11-29,20.9,16.2,22.221613,17.99828,26.4,-1.321613,False
2022-11-30,18.7,17.6,22.229892,18.052688,26.3,-3.529892,False
2022-12-01,19.4,17.1,22.294409,18.113548,26.4,-2.894409,False
2022-12-02,19.4,15.7,22.373763,18.186882,26.4,-2.973763,False
2022-12-03,19.9,16.7,22.463226,18.251183,26.4,-2.563226,False
2022-12-04,21.4,17.0,22.523548,18.30129,26.5,-1.123548,False
2022-12-05,24.6,17.7,22.573011,18.352043,26.5,2.026989,False
2022-12-06,21.1,16.8,22.603763,18.407957,26.5,-1.503763,False
2022-12-07,23.1,18.1,22.657097,18.463763,26.6,0.442903,False
2022-12-08,18.1,14.7,22.717312,18.55086,26.6,-4.617312,False
2022-12-09,17.7,15.9,22.806129,18.622258,26.7,-5.106129,False
2022-12-10,20.0,16.8,22.873226,18.668817,26.7,-2.873226,False
2022-12-11,25.7,21.0,22.908065,18.686022,26.7,2.791935,False
2022-12-12,25.8,15.7,22.882151,18.716989,26.6,2.917849,False
2022-12-13,22.3,16.2,22.905914,18.748495,26.6,-0.605914,False
2022-12-14,21.6,14.2,22.925054,18.775699,26.6,-1.325054,False
2022-12-15,20.5,14.5,22.955161,18.835806,26.6,-2.455161,False
2022-12-16,18.4,14.6,23.010323,18.896989,26.6,-4.610323,False
2022-12-17,18.0,15.3,23.056129,18.954516,26.6,-5.056129,False
2022-12-18,17.9,15.5,23.108387,19.025161,26.51,-5.208387,False
2022-12-19,18.2,14.5,23.145161,19.073226,26.6,-4.945161,False
2022-12-20,18.7,15.2,23.19,19.127957,26.6,-4.49,False
2022-12-21,19.5,15.6,23.254194,19.187849,26.7,-3.754194,False
2022-12-22,20.4,18.0,23.309355,19.238387,26.61,-2.909355,False
2022-12-23,23.5,19.0,23.369247,19.290538,26.71,0.130753,False
2022-12-24,24.7,19.3,23.41871,19.318065,26.8,1.28129,False
2022-12-25,23.5,20.3,23.42914,19.355806,26.9,0.07086,False
2022-12-26,25.1,18.9,23.456129,19.413656,26.91,1.643871,False
2022-12-27,23.8,19.7,23.513656,19.493011,27.1,0.286344,False
2022-12-28,24.5,20.5,23.585161,19.555914,27.1,0.914839,False
2022-12-29,21.3,19.8,23.622473,19.595054,27.11,-2.322473,False
2022-12-30,22.5,19.0,23.665161,19.634839,27.2,-1.165161,False
2022-12-31,22.5,20.6,23.717419,19.671075,27.3,-1.217419,False
2023-01-01,23.1,20.3,23.731828,19.716667,27.3,-0.631828,False
2023-01-02,24.1,20.5,23.783978,19.759247,27.5,0.316022,False
2023-01-03,24.8,21.4,23.833011,19.80043,27.6,0.966989,False
2023-01-04,23.1,18.2,23.836774,19.851183,27.5,-0.736774,False
2023-01-05,19.9,17.4,23.888817,19.901183,27.5,-3.988817,False
2023-01-06,19.8,19.0,23.941505,19.945161,27.6,-4.141505,False
2023-01-07,20.7,18.2,23.980108,19.993978,27.6,-3.280108,False
2023-01-08,22.0,17.2,24.019355,20.032688,27.61,-2.019355,False
2023-01-09,23.3,18.4,24.047097,20.090215,27.61,-0.747097,False
2023-01-10,23.2,20.3,24.074409,20.147849,27.7,-0.874409,False
2023-01-11,22.4,20.1,24.112903,20.222151,27.8,-1.712903,False
2023-01-12,23.4,20.8,24.15957,20.289247,27.8,-0.75957,False
2023-01-13,24.0,20.8,24.193548,20.346882,27.8,-0.193548,False
2023-01-14,23.9,20.3,24.244731,20.397312,27.8,-0.344731,False
2023-01-15,25.7,22.0,24.294516,20.444946,27.8,1.405484,False
2023-01-16,24.7,21.1,24.32914,20.477419,27.81,0.37086,False
2023-01-17,24.3,20.1,24.317419,20.506237,27.9,-0.017419,False
2023-01-18,26.6,19.8,24.324409,20.527419,27.8,2.275591,False
2023-01-19,19.8,18.8,24.354946,20.546667,27.9,-4.554946,False
2023-01-20,21.1,18.7,24.35914,20.574731,27.9,-3.25914,False
2023-01-21,22.3,20.0,24.37871,20.612258,27.9,-2.07871,False
2023-01-22,21.2,18.7,24.387742,20.637312,27.9,-3.187742,False
2023-01-23,22.6,19.3,24.376022,20.654624,27.81,-1.776022,False
2023-01-24,24.6,20.3,24.403548,20.686989,27.8,0.196452,False
2023-01-25,25.2,20.7,24.460323,20.71129,27.9,0.739677,False
2023-01-26,26.8,21.9,24.484086,20.728817,27.9,2.315914,False
2023-01-27,25.1,22.4,24.495591,20.746344,27.9,0.604409,False
2023-01-28,26.7,23.3,24.492581,20.74828,27.9,2.207419,False
2023-01-29,26.3,22.7,24.465054,20.753441,27.9,1.834946,False
2023-01-30,24.5,21.4,24.441613,20.760215,27.9,0.058387,False
2023-01-31,23.9,20.7,24.435161,20.78043,27.81,-0.535161,False
2023-02-01,24.3,21.0,24.444624,20.776022,27.9,-0.144624,False
2023-02-02,27.3,22.2,24.418387,20.77871,27.7,2.881613,False
2023-02-03,27.1,18.1,24.398065,20.787527,27.7,2.701935,False
2023-02-04,25.6,17.6,24.414301,20.788387,27.7,1.185699,False
2023-02-05,23.9,21.3,24.374839,20.778602,27.6,-0.474839,False
2023-02-06,25.1,22.4,24.326882,20.759247,27.51,0.773118,False
2023-02-07,25.0,21.9,24.30828,20.743548,27.5,0.69172,False
2023-02-08,23.9,21.1,24.269785,20.725269,27.31,-0.369785,False
2023-02-09,22.2,19.2,24.251613,20.699032,27.2,-2.051613,False
2023-02-10,25.3,20.8,24.239032,20.680215,27.2,1.060968,False
2023-02-11,28.1,22.7,24.231075,20.658495,27.1,3.868925,False
2023-02-12,24.6,20.7,24.22086,20.633441,27.1,0.37914,False
2023-02-13,22.6,19.8,24.207312,20.605376,27.1,-1.607312,False
2023-02-14,21.7,19.5,24.164516,20.562473,27.1,-2.464516,False
2023-02-15,23.5,19.3,24.09957,20.514516,27.1,-0.59957,False
2023-02-16,25.7,20.6,24.05043,20.495806,27.0,1.64957,False
2023-02-17,26.1,21.1,24.041075,20.46871,27.0,2.058925,False
2023-02-18,28.0,21.6,24.016452,20.444409,26.91,3.983548,False
2023-02-19,25.1,22.3,23.985914,20.421613,26.9,1.114086,False
2023-02-20,26.7,21.9,23.943011,20.389355,26.8,2.756989,False
2023-02-21,25.7,20.5,23.884946,20.345806,26.7,1.815054,False
2023-02-22,21.1,19.8,23.850645,20.307849,26.6,-2.750645,False
2023-02-23,22.2,20.2,23.806774,20.271075,26.6,-1.606774,False
2023-02-24,22.9,18.7,23.751075,20.228817,26.5,-0.851075,False
2023-02-25,24.0,19.7,23.709032,20.185269,26.4,0.290968,False
2023-02-26,26.5,21.9,23.673441,20.147312,26.4,2.826559,False
2023-02-27,24.2,21.8,23.62957,20.094409,26.3,0.57043,False
2023-02-28,24.2,21.3,23.598387,20.068925,26.2,0.601613,False
2023-03-01,26.5,20.5,23.599677,20.034624,26.2,2.900323,False
2023-03-02,23.6,20.7,23.571075,19.985806,26.2,0.028925,False
2023-03-03,23.9,20.3,23.552796,19.936559,26.2,0.347204,False
2023-03-04,23.8,20.2,23.535914,19.914194,26.2,0.264086,False
2023-03-05,27.5,22.6,23.54129,19.873548,26.2,3.95871,True
2023-03-06,32.2,22.6,23.49828,19.828172,26.1,8.70172,True
2023-03-07,27.8,19.8,23.445699,19.780323,26.1,4.354301,True
2023-03-08,25.8,18.1,23.415591,19.720753,26.1,2.384409,False
2023-03-09,24.3,19.3,23.391935,19.668602,26.1,0.908065,False
2023-03-10,23.9,19.7,23.342043,19.607849,26.0,0.557957,False
2023-03-11,26.1,21.9,23.328065,19.552688,26.0,2.771935,False
2023-03-12,24.3,19.5,23.285376,19.503226,25.9,1.014624,False
2023-03-13,22.1,20.2,23.249355,19.447742,25.9,-1.149355,False
2023-03-14,22.3,19.5,23.18172,19.393763,25.9,-0.88172,False
2023-03-15,24.5,20.6,23.13828,19.314409,25.81,1.36172,False
2023-03-16,29.8,22.3,23.075699,19.232151,25.71,6.724301,True
2023-03-17,27.3,21.9,23.044731,19.182903,25.7,4.255269,True
2023-03-18,26.2,20.8,23.021505,19.122258,25.7,3.178495,True
2023-03-19,27.5,22.3,22.976344,19.041505,25.6,4.523656,True
2023-03-20,22.6,19.6,22.897312,18.964086,25.6,-0.297312,False
2023-03-21,21.6,19.7,22.862366,18.890108,25.6,-1.262366,False
2023-03-22,23.0,20.5,22.808925,18.812473,25.5,0.191075,False
2023-03-23,24.7,20.0,22.757742,18.722258,25.5,1.942258,False
2023-03-24,22.9,20.3,22.703978,18.632796,25.4,0.196022,False
2023-03-25,22.0,20.0,22.636774,18.539785,25.4,-0.636774,False
2023-03-26,23.0,20.3,22.575484,18.446667,25.4,0.424516,False
2023-03-27,23.6,20.7,22.530753,18.355054,25.4,1.069247,False
2023-03-28,24.4,21.2,22.450323,18.266882,25.3,1.949677,False
2023-03-29,24.2,17.2,22.403333,18.183441,25.2,1.796667,False
2023-03-30,22.7,15.3,22.358387,18.108065,25.2,0.341613,False
2023-03-31,22.1,16.0,22.307527,18.031075,25.2,-0.207527,False
2023-04-01,19.0,16.2,22.243011,17.947204,25.2,-3.243011,False
2023-04-02,19.8,17.7,22.192581,17.870108,25.11,-2.392581,False
2023-04-03,20.8,18.2,22.116882,17.782796,25.0,-1.316882,False
2023-04-04,20.7,18.4,22.037742,17.680538,24.9,-1.337742,False
2023-04-05,21.6,18.4,21.945699,17.588065,24.9,-0.345699,False
2023-04-06,21.6,18.0,21.88828,17.496129,24.81,-0.28828,False
2023-04-07,22.7,17.3,21.819032,17.397204,24.8,0.880968,False
2023-04-08,23.1,15.6,21.73914,17.30914,24.7,1.36086,False
2023-04-09,19.4,13.2,21.688602,17.234301,24.6,-2.288602,False
2023-04-10,19.6,12.7,21.63,17.135484,24.5,-2.03,False
2023-04-11,20.4,15.9,21.557527,17.043548,24.4,-1.157527,False
2023-04-12,19.8,15.9,21.46871,16.944086,24.3,-1.66871,False
2023-04-13,19.2,16.7,21.397419,16.847849,24.2,-2.197419,False
2023-04-14,19.7,15.1,21.34129,16.763763,24.1,-1.64129,False
2023-04-15,22.6,18.8,21.261075,16.696667,24.1,1.338925,False
2023-04-16,24.2,15.3,21.202366,16.632796,24.01,2.997634,False
2023-04-17,20.3,16.6,21.13957,16.555376,24.0,-0.83957,False
2023-04-18,20.7,16.0,21.065806,16.486344,23.9,-0.365806,False
2023-04-19,22.0,17.7,20.999892,16.392581,23.8,1.000108,False
2023-04-20,19.0,17.5,20.927742,16.286344,23.8,-1.927742,False
2023-04-21,20.0,17.1,20.848387,16.191183,23.7,-0.848387,False
2023-04-22,20.5,17.5,20.781828,16.09129,23.6,-0.281828,False
2023-04-23,21.1,18.6,20.724409,15.99828,23.6,0.375591,False
2023-04-24,21.6,17.8,20.66129,15.910323,23.5,0.93871,False
2023-04-25,21.4,16.5,20.594624,15.818065,23.41,0.805376,False
2023-04-26,21.2,17.0,20.534946,15.737527,23.4,0.665054,False
2023-04-27,22.0,15.7,20.442258,15.663656,23.3,1.557742,False
2023-04-28,24.0,18.9,20.38,15.575806,23.2,3.62,False
2023-04-29,19.2,15.9,20.287419,15.477849,23.2,-1.087419,False
2023-04-30,18.2,13.0,20.184086,15.380968,23.1,-1.984086,False
2023-05-01,18.3,14.0,20.093011,15.277634,22.9,-1.793011,False
2023-05-02,21.7,15.7,20.008495,15.182581,22.9,1.691505,False
2023-05-03,22.5,13.0,19.922688,15.108065,22.9,2.577312,False
2023-05-04,18.7,13.3,19.856022,15.01828,22.8,-1.156022,False
2023-05-05,19.7,11.8,19.788065,14.937742,22.8,-0.088065,False
2023-05-06,19.5,13.1,19.718495,14.850215,22.7,-0.218495,False
2023-05-07,15.3,10.5,19.635914,14.769892,22.6,-4.335914,False
2023-05-08,16.4,12.6,19.580323,14.693118,22.5,-3.180323,False
2023-05-09,17.9,12.6,19.514086,14.616237,22.5,-1.614086,False
2023-05-10,18.3,13.8,19.431075,14.519462,22.4,-1.131075,False
2023-05-11,18.4,12.9,19.351935,14.433763,22.3,-0.951935,False
2023-05-12,19.9,15.1,19.258065,14.347419,22.2,0.641935,False
2023-05-13,18.4,13.8,19.196774,14.266237,22.1,-0.796774,False
2023-05-14,17.3,14.2,19.110645,14.163548,22.0,-1.810645,False
2023-05-15,18.5,12.9,19.008065,14.053548,21.8,-0.508065,False
2023-05-16,20.2,14.0,18.940645,13.972903,21.61,1.259355,False
2023-05-17,15.7,12.3,18.859462,13.900215,21.6,-3.159462,False
2023-05-18,15.2,12.0,18.759462,13.83,21.5,-3.559462,False
2023-05-19,17.3,9.6,18.680215,13.735591,21.4,-1.380215,False
2023-05-20,17.2,12.8,18.599355,13.666129,21.3,-1.399355,False
2023-05-21,17.4,10.3,18.529247,13.603333,21.3,-1.129247,False
2023-05-22,17.9,10.3,18.449892,13.547742,21.2,-0.549892,False
2023-05-23,17.5,10.2,18.365269,13.49828,21.11,-0.865269,False
2023-05-24,19.0,9.8,18.287097,13.451398,21.0,0.712903,False
2023-05-25,21.0,15.1,18.218925,13.407204,20.81,2.781075,False
2023-05-26,16.3,9.2,18.145376,13.362473,20.8,-1.845376,False
2023-05-27,16.6,8.0,18.074086,13.302581,20.71,-1.474086,False
2023-05-28,16.5,11.6,18.016237,13.244516,20.7,-1.516237,False
2023-05-29,19.5,11.1,17.953763,13.194516,20.6,1.546237,False
2023-05-30,19.5,11.7,17.895054,13.125914,20.6,1.604946,False
2023-05-31,20.4,15.9,17.834301,13.053226,20.51,2.565699,False
2023-06-01,20.8,14.5,17.766559,12.98043,20.4,3.033441,False
2023-06-02,19.3,13.9,17.68871,12.922473,20.21,1.61129,False
2023-06-03,20.2,14.5,17.61957,12.851505,20.11,2.58043,False
2023-06-04,17.1,15.8,17.545699,12.786667,20.1,-0.445699,False
2023-06-05,17.3,15.2,17.472043,12.722366,20.01,-0.172043,False
2023-06-06,18.2,13.8,17.402796,12.660753,20.0,0.797204,False
2023-06-07,19.0,14.3,17.330215,12.568602,19.9,1.669785,False
2023-06-08,17.8,11.9,17.253548,12.486344,19.8,0.546452,False
2023-06-09,18.7,10.3,17.185806,12.396559,19.71,1.514194,False
2023-06-10,17.1,9.3,17.111613,12.336882,19.7,-0.011613,False
2023-06-11,16.5,10.1,17.055591,12.286129,19.6,-0.555591,False
2023-06-12,18.1,12.9,16.991075,12.243118,19.5,1.108925,False
2023-06-13,19.5,12.0,16.946022,12.195376,19.4,2.553978,False
2023-06-14,16.9,9.3,16.905806,12.163118,19.3,-0.005806,False
2023-06-15,17.0,9.7,16.87129,12.121398,19.2,0.12871,False
2023-06-16,17.5,9.5,16.81,12.050968,19.1,0.69,False
2023-06-17,18.1,9.7,16.768817,11.976882,19.0,1.331183,False
2023-06-18,18.5,7.9,16.74043,11.916452,19.0,1.75957,False
2023-06-19,16.2,8.4,16.720215,11.880108,19.0,-0.520215,False
2023-06-20,14.4,8.0,16.697204,11.817204,19.0,-2.297204,False
2023-06-21,15.1,10.0,16.676882,11.762903,18.91,-1.576882,False
2023-06-22,15.6,12.7,16.636344,11.694516,18.8,-1.036344,False
2023-06-23,17.9,11.3,16.588172,11.635054,18.8,1.311828,False
2023-06-24,18.4,11.8,16.544086,11.567634,18.7,1.855914,False
2023-06-25,18.9,12.9,16.488817,11.521935,18.6,2.411183,False
2023-06-26,17.7,10.5,16.466344,11.46957,18.6,1.233656,False
2023-06-27,16.7,12.0,16.444731,11.417957,18.5,0.255269,False
2023-06-28,12.1,9.9,16.406344,11.370968,18.5,-4.306344,False
2023-06-29,14.6,9.3,16.365269,11.313656,18.5,-1.765269,False
2023-06-30,16.7,10.1,16.334409,11.27043,18.5,0.365591,False
2023-07-01,17.0,11.0,16.312043,11.233871,18.5,0.687957,False
2023-07-02,16.0,12.0,16.293011,11.20086,18.5,-0.293011,False
2023-07-03,16.3,14.2,16.293656,11.156344,18.5,0.006344,False
2023-07-04,16.0,14.2,16.292581,11.134086,18.5,-0.292581,False
2023-07-05,19.5,11.2,16.269032,11.097527,18.5,3.230968,False
2023-07-06,16.4,11.3,16.243226,11.054516,18.5,0.156774,False
2023-07-07,16.7,11.0,16.232903,11.017849,18.5,0.467097,False
2023-07-08,18.5,12.6,16.235269,11.02172,18.6,2.264731,False
2023-07-09,16.4,10.7,16.227957,11.023011,18.6,0.172043,False
2023-07-10,18.1,8.5,16.237957,11.038925,18.7,1.862043,False
2023-07-11,17.7,9.2,16.246667,11.019785,18.7,1.453333,False
2023-07-12,17.7,9.7,16.237204,10.98828,18.7,1.462796,False
2023-07-13,19.6,10.5,16.249355,10.954839,18.7,3.350645,False
2023-07-14,20.6,12.9,16.258172,10.92914,18.7,4.341828,False
2023-07-15,21.1,13.6,16.272688,10.915484,18.7,4.827312,False
2023-07-16,15.9,13.5,16.29086,10.89871,18.7,-0.39086,False
2023-07-17,17.3,12.1,16.321075,10.880753,18.7,0.978925,False
2023-07-18,19.2,10.5,16.332581,10.869355,18.7,2.867419,False
2023-07-19,14.8,8.3,16.352043,10.853118,18.81,-1.552043,False
2023-07-20,18.0,11.0,16.349032,10.830645,18.81,1.650968,False
2023-07-21,16.7,9.7,16.349785,10.833548,18.9,0.350215,False
2023-07-22,15.6,10.6,16.360645,10.833226,18.9,-0.760645,False
2023-07-23,15.6,12.5,16.376559,10.831505,19.0,-0.776559,False
2023-07-24,15.6,11.1,16.39043,10.813871,19.0,-0.79043,False
2023-07-25,17.1,10.8,16.420108,10.812366,19.0,0.679892,False
2023-07-26,18.4,11.0,16.473226,10.78957,19.2,1.926774,False
2023-07-27,18.1,11.8,16.50957,10.790108,19.2,1.59043,False
2023-07-28,21.2,13.3,16.549032,10.800753,19.31,4.650968,False
2023-07-29,19.6,12.9,16.598602,10.796989,19.4,3.001398,False
2023-07-30,21.9,12.8,16.642258,10.811183,19.4,5.257742,False
2023-07-31,20.4,10.8,16.689462,10.846237,19.51,3.710538,False
2023-08-01,18.6,13.9,16.730753,10.871505,19.61,1.869247,False
2023-08-02,17.4,12.2,16.784946,10.886237,19.71,0.615054,False
2023-08-03,19.1,12.0,16.797204,10.896344,19.8,2.302796,False
2023-08-04,20.3,13.5,16.804516,10.893011,19.8,3.495484,False
2023-08-05,19.1,14.5,16.832473,10.914194,19.81,2.267527,False
2023-08-06,16.6,12.1,16.874839,10.956774,19.9,-0.274839,False
2023-08-07,15.0,12.1,16.903978,11.005269,19.9,-1.903978,False
2023-08-08,16.3,11.7,16.93828,11.023548,19.91,-0.63828,False
2023-08-09,17.9,12.4,16.949462,11.04043,20.0,0.950538,False
2023-08-10,21.8,10.2,16.963978,11.041935,20.0,4.836022,False
2023-08-11,16.9,9.1,16.979355,11.075914,19.91,-0.079355,False
2023-08-12,18.2,12.8,17.010753,11.113656,20.1,1.189247,False
2023-08-13,16.1,13.1,17.032581,11.146774,20.11,-0.932581,False
2023-08-14,15.6,11.4,17.042473,11.213656,20.11,-1.442473,False
2023-08-15,14.6,11.1,17.079677,11.271828,20.2,-2.479677,False
2023-08-16,15.4,9.1,17.129462,11.319785,20.3,-1.729462,False
2023-08-17,18.2,12.3,17.156344,11.384409,20.4,1.043656,False
2023-08-18,16.5,9.7,17.196667,11.447849,20.4,-0.696667,False
2023-08-19,16.8,12.3,17.254516,11.508495,20.41,-0.454516,False
2023-08-20,18.8,11.9,17.309032,11.574516,20.6,1.490968,False
2023-08-21,17.8,11.4,17.355806,11.627849,20.6,0.444194,False
2023-08-22,20.9,12.7,17.390645,11.689677,20.61,3.509355,False
2023-08-23,17.0,14.0,17.430323,11.762796,20.7,-0.430323,False
2023-08-24,17.0,11.5,17.481935,11.839677,20.71,-0.481935,False
2023-08-25,18.7,10.9,17.512151,11.911505,20.8,1.187849,False
2023-08-26,17.8,12.1,17.527849,11.958495,20.81,0.272151,False
2023-08-27,17.8,11.4,17.555914,12.006129,20.8,0.244086,False
2023-08-28,18.1,12.1,17.593763,12.064624,20.9,0.506237,False
2023-08-29,19.0,13.0,17.647312,12.128925,21.0,1.352688,False
2023-08-30,21.9,12.8,17.703871,12.205269,21.0,4.196129,False
2023-08-31,16.9,12.2,17.776022,12.262258,21.2,-0.876022,False
2023-09-01,16.3,11.6,17.839355,12.319355,21.21,-1.539355,False
2023-09-02,16.2,12.3,17.867527,12.383763,21.21,-1.667527,False
2023-09-03,16.6,11.9,17.934839,12.479032,21.4,-1.334839,False
2023-09-04,18.7,15.4,18.029462,12.566774,21.61,0.670538,False
2023-09-05,21.6,11.3,18.089462,12.632258,21.7,3.510538,False
2023-09-06,18.8,12.4,18.146882,12.690108,21.7,0.653118,False
2023-09-07,22.3,17.5,18.235054,12.762043,21.8,4.064946,False
2023-09-08,18.2,10.2,18.322043,12.856559,21.9,-0.122043,False
2023-09-09,16.2,9.2,18.428387,12.945699,22.01,-2.228387,False
2023-09-10,16.2,11.1,18.491828,13.024194,22.2,-2.291828,False
2023-09-11,17.3,11.1,18.52914,13.076667,22.2,-1.22914,False
2023-09-12,17.2,11.3,18.585806,13.151398,22.2,-1.385806,False
2023-09-13,19.0,12.6,18.686882,13.235591,22.4,0.313118,False
2023-09-14,20.2,13.7,18.777419,13.260753,22.5,1.422581,False
2023-09-15,22.5,14.7,18.825484,13.306882,22.6,3.674516,False
2023-09-16,25.8,16.4,18.889247,13.386989,22.6,6.910753,False
2023-09-17,27.8,15.6,18.980323,13.480108,22.71,8.819677,False
2023-09-18,25.8,17.7,19.071183,13.561613,23.0,6.728817,False
2023-09-19,27.6,21.0,19.101398,13.625914,23.1,8.498602,False
2023-09-20,28.7,17.1,19.176989,13.70957,23.2,9.523011,False
2023-09-21,20.3,14.0,19.254086,13.787204,23.3,1.045914,False
2023-09-22,16.6,13.3,19.302688,13.863333,23.5,-2.702688,False
2023-09-23,17.2,13.7,19.356237,13.903548,23.5,-2.156237,False
2023-09-24,17.9,12.7,19.39828,13.954194,23.6,-1.49828,False
2023-09-25,20.5,15.1,19.476989,14.022151,23.8,1.023011,False
2023-09-26,19.1,16.0,19.552796,14.103978,23.8,-0.452796,False
2023-09-27,19.6,16.6,19.616989,14.200645,23.9,-0.016989,False
2023-09-28,19.0,14.3,19.684946,14.27871,24.02,-0.684946,False
2023-09-29,22.2,16.4,19.712258,14.351505,24.02,2.487742,False
2023-09-30,25.0,18.8,19.752473,14.411075,24.2,5.247527,False
2023-10-01,29.2,17.0,19.78828,14.488925,24.3,9.41172,False
2023-10-02,24.5,17.2,19.812258,14.562903,24.31,4.687742,False
2023-10-03,27.8,21.0,19.868065,14.62871,24.31,7.931935,False
2023-10-04,23.8,14.3,19.92086,14.673763,24.41,3.87914,False
2023-10-05,20.1,12.5,19.93086,14.709677,24.5,0.16914,False
2023-10-06,18.5,13.4,19.966667,14.774839,24.51,-1.466667,False
2023-10-07,17.0,14.0,19.976559,14.829355,24.6,-2.976559,False
2023-10-08,17.9,13.1,19.983011,14.871828,24.5,-2.083011,False
2023-10-09,20.6,15.8,19.997527,14.921828,24.5,0.602473,False
2023-10-10,19.5,16.4,20.053441,14.985914,24.41,-0.553441,False
2023-10-11,20.9,15.8,20.111398,15.055914,24.5,0.788602,False
2023-10-12,25.4,13.7,20.178925,15.118495,24.6,5.221075,False
2023-10-13,20.5,13.7,20.205054,15.19,24.6,0.294946,False
2023-10-14,22.7,14.6,20.204946,15.245806,24.6,2.495054,False
2023-10-15,21.1,15.2,20.240538,15.345161,24.51,0.859462,False
2023-10-16,23.0,13.2,20.300108,15.417097,24.51,2.699892,False
2023-10-17,17.7,15.2,20.322258,15.465806,24.5,-2.622258,False
2023-10-18,18.4,15.8,20.337742,15.505484,24.5,-1.937742,False
2023-10-19,19.5,14.9,20.369677,15.548817,24.51,-0.869677,False
2023-10-20,21.8,17.6,20.383871,15.587204,24.5,1.416129,False
2023-10-21,22.3,18.1,20.358817,15.61172,24.4,1.941183,False
2023-10-22,23.4,15.4,20.375591,15.664946,24.31,3.024409,False
2023-10-23,21.4,16.5,20.420538,15.715591,24.4,0.979462,False
2023-10-24,23.7,18.9,20.466774,15.787312,24.5,3.233226,False
2023-10-25,21.0,13.9,20.518172,15.853978,24.5,0.481828,False
2023-10-26,15.9,14.1,20.546344,15.894086,24.5,-4.646344,False
2023-10-27,16.9,13.9,20.566882,15.952043,24.5,-3.666882,False
2023-10-28,18.7,13.9,20.607204,16.01129,24.5,-1.907204,False
2023-10-29,22.7,16.0,20.644086,16.071398,24.5,2.055914,False
2023-10-30,26.7,20.8,20.723441,16.143548,24.51,5.976559,False
2023-10-31,25.0,14.9,20.759462,16.201828,24.51,4.240538,False
2023-11-01,18.2,15.8,20.744946,16.237527,24.5,-2.544946,False
2023-11-02,19.3,17.2,20.755914,16.284624,24.5,-1.455914,False
2023-11-03,20.7,17.5,20.802473,16.34957,24.5,-0.102473,False
2023-11-04,18.4,16.4,20.850968,16.428817,24.61,-2.450968,False
2023-11-05,18.3,16.4,20.935054,16.517957,24.8,-2.635054,False
2023-11-06,19.2,15.5,21.000323,16.599785,24.9,-1.800323,False
2023-11-07,21.1,16.9,21.07828,16.651398,25.0,0.02172,False
2023-11-08,22.2,18.1,21.104301,16.698817,25.0,1.095699,False
2023-11-09,22.5,18.1,21.127849,16.752258,25.0,1.372151,False
2023-11-10,21.8,18.7,21.151183,16.81129,25.1,0.648817,False
2023-11-11,24.6,18.7,21.235806,16.875161,25.2,3.364194,False
2023-11-12,22.3,17.9,21.307742,16.95914,25.3,0.992258,False
2023-11-13,20.3,17.3,21.391183,17.027849,25.31,-1.091183,False
2023-11-14,22.1,19.3,21.464301,17.085161,25.4,0.635699,False
2023-11-15,22.6,18.9,21.500108,17.126989,25.5,1.099892,False
2023-11-16,22.4,16.6,21.558172,17.181505,25.6,0.841828,False
2023-11-17,19.4,16.5,21.598602,17.226129,25.71,-2.198602,False
2023-11-18,20.6,16.8,21.643333,17.285484,25.8,-1.043333,False
2023-11-19,22.7,19.4,21.67129,17.343871,25.8,1.02871,False
2023-11-20,23.4,18.8,21.73828,17.412366,25.9,1.66172,False
2023-11-21,22.0,19.1,21.815269,17.483656,26.0,0.184731,False
2023-11-22,22.2,19.3,21.861183,17.543871,26.01,0.338817,False
2023-11-23,21.5,19.9,21.913548,17.617634,26.1,-0.413548,False
2023-11-24,21.8,19.5,21.973226,17.696452,26.1,-0.173226,False
2023-11-25,23.8,19.7,22.032581,17.757527,26.2,1.767419,False
2023-11-26,25.7,20.0,22.082151,17.817849,26.21,3.617849,False
2023-11-27,22.8,20.2,22.125699,17.879677,26.3,0.674301,False
2023-11-28,21.7,20.4,22.17871,17.93871,26.4,-0.47871,False
2023-11-29,23.3,19.3,22.221613,17.99828,26.4,1.078387,False
2023-11-30,25.1,19.6,22.229892,18.052688,26.3,2.870108,False
2023-12-01,23.1,19.3,22.294409,18.113548,26.4,0.805591,False
2023-12-02,22.2,18.1,22.373763,18.186882,26.4,-0.173763,False
2023-12-03,22.5,18.5,22.463226,18.251183,26.4,0.036774,False
2023-12-04,22.7,18.1,22.523548,18.30129,26.5,0.176452,False
2023-12-05,25.8,21.4,22.573011,18.352043,26.5,3.226989,False
2023-12-06,23.1,19.6,22.603763,18.407957,26.5,0.496237,False
2023-12-07,24.7,20.9,22.657097,18.463763,26.6,2.042903,False
2023-12-08,29.1,23.0,22.717312,18.55086,26.6,6.382688,False
2023-12-09,31.8,21.6,22.806129,18.622258,26.7,8.993871,False
2023-12-10,24.4,21.0,22.873226,18.668817,26.7,1.526774,False
2023-12-11,24.6,21.9,22.908065,18.686022,26.7,1.691935,False
2023-12-12,24.4,21.2,22.882151,18.716989,26.6,1.517849,False
2023-12-13,27.0,22.8,22.905914,18.748495,26.6,4.094086,False
2023-12-14,30.6,21.0,22.925054,18.775699,26.6,7.674946,False
2023-12-15,25.2,19.9,22.955161,18.835806,26.6,2.244839,False
2023-12-16,26.9,20.5,23.010323,18.896989,26.6,3.889677,False
2023-12-17,23.3,21.3,23.056129,18.954516,26.6,0.243871,False
2023-12-18,24.6,22.4,23.108387,19.025161,26.51,1.491613,False
2023-12-19,26.8,19.7,23.145161,19.073226,26.6,3.654839,False
2023-12-20,20.2,18.9,23.19,19.127957,26.6,-2.99,False
2023-12-21,21.0,18.2,23.254194,19.187849,26.7,-2.254194,False
2023-12-22,21.1,17.8,23.309355,19.238387,26.61,-2.209355,False
2023-12-23,21.5,19.6,23.369247,19.290538,26.71,-1.869247,False
2023-12-24,22.2,19.9,23.41871,19.318065,26.8,-1.21871,False
2023-12-25,23.2,20.3,23.42914,19.355806,26.9,-0.22914,False
2023-12-26,25.5,20.0,23.456129,19.413656,26.91,2.043871,False
2023-12-27,24.3,19.5,23.513656,19.493011,27.1,0.786344,False
2023-12-28,25.9,20.6,23.585161,19.555914,27.1,2.314839,False
2023-12-29,23.5,20.0,23.622473,19.595054,27.11,-0.122473,False
2023-12-30,23.1,18.7,23.665161,19.634839,27.2,-0.565161,False
2023-12-31,21.5,19.7,23.717419,19.671075,27.3,-2.217419,False
2024-01-01,23.6,21.3,23.731828,19.716667,27.3,-0.131828,False
2024-01-02,24.5,21.3,23.783978,19.759247,27.5,0.716022,False
2024-01-03,25.1,21.6,23.833011,19.80043,27.6,1.266989,False
2024-01-04,24.8,20.5,23.836774,19.851183,27.5,0.963226,False
2024-01-05,22.0,19.2,23.888817,19.901183,27.5,-1.888817,False
2024-01-06,23.5,20.4,23.941505,19.945161,27.6,-0.441505,False
2024-01-07,24.9,21.7,23.980108,19.993978,27.6,0.919892,False
2024-01-08,24.7,22.1,24.019355,20.032688,27.61,0.680645,False
2024-01-09,23.4,21.7,24.047097,20.090215,27.61,-0.647097,False
2024-01-10,25.4,22.8,24.074409,20.147849,27.7,1.325591,False
2024-01-11,25.5,22.8,24.112903,20.222151,27.8,1.387097,False
2024-01-12,25.5,21.6,24.15957,20.289247,27.8,1.34043,False
2024-01-13,26.3,21.9,24.193548,20.346882,27.8,2.106452,False
2024-01-14,23.9,21.0,24.244731,20.397312,27.8,-0.344731,False
2024-01-15,23.2,21.2,24.294516,20.444946,27.8,-1.094516,False
2024-01-16,24.2,22.3,24.32914,20.477419,27.81,-0.12914,False
2024-01-17,25.9,22.7,24.317419,20.506237,27.9,1.582581,False
2024-01-18,26.5,19.2,24.324409,20.527419,27.8,2.175591,False
2024-01-19,24.9,22.0,24.354946,20.546667,27.9,0.545054,False
2024-01-20,25.2,21.2,24.35914,20.574731,27.9,0.84086,False
2024-01-21,30.0,21.1,24.37871,20.612258,27.9,5.62129,False
2024-01-22,22.7,20.7,24.387742,20.637312,27.9,-1.687742,False
2024-01-23,23.4,20.3,24.376022,20.654624,27.81,-0.976022,False
2024-01-24,27.5,24.1,24.403548,20.686989,27.8,3.096452,False
2024-01-25,31.7,25.4,24.460323,20.71129,27.9,7.239677,False
2024-01-26,33.1,21.7,24.484086,20.728817,27.9,8.615914,False
2024-01-27,23.0,21.1,24.495591,20.746344,27.9,-1.495591,False
2024-01-28,24.8,22.3,24.492581,20.74828,27.9,0.307419,False
2024-01-29,26.4,23.5,24.465054,20.753441,27.9,1.934946,False
2024-01-30,24.7,22.8,24.441613,20.760215,27.9,0.258387,False
2024-01-31,24.1,21.5,24.435161,20.78043,27.81,-0.335161,False
2024-02-01,25.4,22.6,24.444624,20.776022,27.9,0.955376,False
2024-02-02,26.1,21.2,24.418387,20.77871,27.7,1.681613,False
2024-02-03,24.6,22.3,24.398065,20.787527,27.7,0.201935,False
2024-02-04,28.3,25.3,24.414301,20.788387,27.7,3.885699,False
2024-02-05,28.0,23.0,24.374839,20.778602,27.6,3.625161,False
2024-02-06,23.8,20.3,24.326882,20.759247,27.51,-0.526882,False
2024-02-07,22.1,20.3,24.30828,20.743548,27.5,-2.20828,False
2024-02-08,22.4,19.9,24.269785,20.725269,27.31,-1.869785,False
2024-02-09,24.2,21.6,24.251613,20.699032,27.2,-0.051613,False
2024-02-10,23.2,20.3,24.239032,20.680215,27.2,-1.039032,False
2024-02-11,23.6,20.6,24.231075,20.658495,27.1,-0.631075,False
2024-02-12,25.8,22.0,24.22086,20.633441,27.1,1.57914,False
2024-02-13,27.4,22.7,24.207312,20.605376,27.1,3.192688,False
2024-02-14,26.7,20.5,24.164516,20.562473,27.1,2.535484,False
2024-02-15,22.3,20.9,24.09957,20.514516,27.1,-1.79957,False
2024-02-16,24.7,22.3,24.05043,20.495806,27.0,0.64957,False
2024-02-17,25.7,21.6,24.041075,20.46871,27.0,1.658925,False
2024-02-18,25.3,21.9,24.016452,20.444409,26.91,1.283548,False
2024-02-19,23.6,20.5,23.985914,20.421613,26.9,-0.385914,False
2024-02-20,22.2,20.6,23.943011,20.389355,26.8,-1.743011,False
2024-02-21,23.9,21.5,23.884946,20.345806,26.7,0.015054,False
2024-02-22,26.9,22.5,23.850645,20.307849,26.6,3.049355,False
2024-02-23,30.8,20.9,23.806774,20.271075,26.6,6.993226,False
2024-02-24,21.6,19.6,23.751075,20.228817,26.5,-2.151075,False
2024-02-25,24.4,20.0,23.709032,20.185269,26.4,0.690968,False
2024-02-26,26.3,21.7,23.673441,20.147312,26.4,2.626559,False
2024-02-27,24.6,22.2,23.62957,20.094409,26.3,0.97043,False
2024-02-28,27.1,23.3,23.598387,20.068925,26.2,3.501613,False
2024-02-29,30.3,22.5,23.599032,20.051774,26.2,6.700968,False
2024-03-01,25.9,23.7,23.599677,20.034624,26.2,2.300323,False
2024-03-02,24.9,20.9,23.571075,19.985806,26.2,1.328925,False
2024-03-03,27.1,20.2,23.552796,19.936559,26.2,3.547204,False
2024-03-04,21.8,18.7,23.535914,19.914194,26.2,-1.735914,False
2024-03-05,23.0,19.8,23.54129,19.873548,26.2,-0.54129,False
2024-03-06,26.0,22.0,23.49828,19.828172,26.1,2.50172,False
2024-03-07,25.8,22.2,23.445699,19.780323,26.1,2.354301,False
2024-03-08,25.6,21.3,23.415591,19.720753,26.1,2.184409,False
2024-03-09,25.7,20.8,23.391935,19.668602,26.1,2.308065,False
2024-03-10,26.3,21.7,23.342043,19.607849,26.0,2.957957,False
2024-03-11,25.8,19.6,23.328065,19.552688,26.0,2.471935,False
2024-03-12,27.2,22.1,23.285376,19.503226,25.9,3.914624,False
2024-03-13,25.2,20.6,23.249355,19.447742,25.9,1.950645,False
2024-03-14,27.9,20.1,23.18172,19.393763,25.9,4.71828,False
2024-03-15,22.3,19.4,23.13828,19.314409,25.81,-0.83828,False
2024-03-16,21.7,19.8,23.075699,19.232151,25.71,-1.375699,False
2024-03-17,20.9,19.8,23.044731,19.182903,25.7,-2.144731,False
2024-03-18,22.3,20.8,23.021505,19.122258,25.7,-0.721505,False
2024-03-19,24.3,21.6,22.976344,19.041505,25.6,1.323656,False
2024-03-20,24.5,17.5,22.897312,18.964086,25.6,1.602688,False
2024-03-21,20.4,18.2,22.862366,18.890108,25.6,-2.462366,False
2024-03-22,20.9,18.2,22.808925,18.812473,25.5,-1.908925,False
2024-03-23,22.6,19.4,22.757742,18.722258,25.5,-0.157742,False
2024-03-24,22.8,18.0,22.703978,18.632796,25.4,0.096022,False
2024-03-25,24.4,19.4,22.636774,18.539785,25.4,1.763226,False
2024-03-26,23.7,20.0,22.575484,18.446667,25.4,1.124516,False
2024-03-27,22.8,19.8,22.530753,18.355054,25.4,0.269247,False
2024-03-28,22.5,19.4,22.450323,18.266882,25.3,0.049677,False
2024-03-29,22.9,17.7,22.403333,18.183441,25.2,0.496667,False
2024-03-30,23.9,17.6,22.358387,18.108065,25.2,1.541613,False
2024-03-31,23.1,19.0,22.307527,18.031075,25.2,0.792473,False
2024-04-01,24.5,19.5,22.243011,17.947204,25.2,2.256989,False
2024-04-02,25.1,17.0,22.192581,17.870108,25.11,2.907419,False
2024-04-03,21.0,19.6,22.116882,17.782796,25.0,-1.116882,False
2024-04-04,20.5,19.6,22.037742,17.680538,24.9,-1.537742,False
2024-04-05,21.4,19.9,21.945699,17.588065,24.9,-0.545699,False
2024-04-06,24.8,18.3,21.88828,17.496129,24.81,2.91172,False
2024-04-07,24.0,17.9,21.819032,17.397204,24.8,2.180968,False
2024-04-08,21.9,17.4,21.73914,17.30914,24.7,0.16086,False
2024-04-09,20.2,14.7,21.688602,17.234301,24.6,-1.488602,False
2024-04-10,19.6,15.2,21.63,17.135484,24.5,-2.03,False
2024-04-11,20.6,16.4,21.557527,17.043548,24.4,-0.957527,False
2024-04-12,21.0,16.6,21.46871,16.944086,24.3,-0.46871,False
2024-04-13,20.7,17.4,21.397419,16.847849,24.2,-0.697419,False
2024-04-14,22.5,16.6,21.34129,16.763763,24.1,1.15871,False
2024-04-15,22.8,18.2,21.261075,16.696667,24.1,1.538925,False
2024-04-16,21.7,17.8,21.202366,16.632796,24.01,0.497634,False
2024-04-17,21.1,17.5,21.13957,16.555376,24.0,-0.03957,False
2024-04-18,20.9,14.9,21.065806,16.486344,23.9,-0.165806,False
2024-04-19,19.2,16.7,20.999892,16.392581,23.8,-1.799892,False
2024-04-20,18.7,17.4,20.927742,16.286344,23.8,-2.227742,False
2024-04-21,20.0,17.0,20.848387,16.191183,23.7,-0.848387,False
2024-04-22,20.9,16.3,20.781828,16.09129,23.6,0.118172,False
2024-04-23,23.0,17.5,20.724409,15.99828,23.6,2.275591,False
2024-04-24,24.3,16.4,20.66129,15.910323,23.5,3.63871,False
2024-04-25,19.5,15.5,20.594624,15.818065,23.41,-1.094624,False
2024-04-26,19.5,15.1,20.534946,15.737527,23.4,-1.034946,False
2024-04-27,19.6,15.2,20.442258,15.663656,23.3,-0.842258,False
2024-04-28,22.1,16.0,20.38,15.575806,23.2,1.72,False
2024-04-29,24.2,17.5,20.287419,15.477849,23.2,3.912581,False
2024-04-30,18.3,15.6,20.184086,15.380968,23.1,-1.884086,False
2024-05-01,17.6,16.3,20.093011,15.277634,22.9,-2.493011,False
2024-05-02,19.2,15.5,20.008495,15.182581,22.9,-0.808495,False
2024-05-03,17.2,15.8,19.922688,15.108065,22.9,-2.722688,False
2024-05-04,18.5,15.7,19.856022,15.01828,22.8,-1.356022,False
2024-05-05,18.3,16.4,19.788065,14.937742,22.8,-1.488065,False
2024-05-06,19.1,17.2,19.718495,14.850215,22.7,-0.618495,False
2024-05-07,19.3,17.0,19.635914,14.769892,22.6,-0.335914,False
2024-05-08,18.5,15.8,19.580323,14.693118,22.5,-1.080323,False
2024-05-09,18.0,16.7,19.514086,14.616237,22.5,-1.514086,False
2024-05-10,18.9,16.3,19.431075,14.519462,22.4,-0.531075,False
2024-05-11,18.5,16.0,19.351935,14.433763,22.3,-0.851935,False
2024-05-12,18.6,16.4,19.258065,14.347419,22.2,-0.658065,False
2024-05-13,19.8,14.1,19.196774,14.266237,22.1,0.603226,False
2024-05-14,20.6,16.0,19.110645,14.163548,22.0,1.489355,False
2024-05-15,19.8,14.4,19.008065,14.053548,21.8,0.791935,False
2024-05-16,19.7,14.9,18.940645,13.972903,21.61,0.759355,False
2024-05-17,20.2,13.5,18.859462,13.900215,21.6,1.340538,False
2024-05-18,15.2,12.3,18.759462,13.83,21.5,-3.559462,False
2024-05-19,17.0,11.6,18.680215,13.735591,21.4,-1.680215,False
2024-05-20,17.3,14.7,18.599355,13.666129,21.3,-1.299355,False
2024-05-21,17.8,12.9,18.529247,13.603333,21.3,-0.729247,False
2024-05-22,17.4,12.5,18.449892,13.547742,21.2,-1.049892,False
2024-05-23,18.2,12.6,18.365269,13.49828,21.11,-0.165269,False
2024-05-24,18.6,13.9,18.287097,13.451398,21.0,0.312903,False
2024-05-25,18.1,12.2,18.218925,13.407204,20.81,-0.118925,False
2024-05-26,18.6,12.7,18.145376,13.362473,20.8,0.454624,False
2024-05-27,18.6,11.8,18.074086,13.302581,20.71,0.525914,False
2024-05-28,19.3,10.6,18.016237,13.244516,20.7,1.283763,False
2024-05-29,19.8,12.6,17.953763,13.194516,20.6,1.846237,False
2024-05-30,21.3,16.2,17.895054,13.125914,20.6,3.404946,False
2024-05-31,19.5,14.8,17.834301,13.053226,20.51,1.665699,False
2024-06-01,16.5,13.4,17.766559,12.98043,20.4,-1.266559,False
2024-06-02,16.0,11.6,17.68871,12.922473,20.21,-1.68871,False
2024-06-03,16.5,10.2,17.61957,12.851505,20.11,-1.11957,False
2024-06-04,15.9,12.6,17.545699,12.786667,20.1,-1.645699,False
2024-06-05,16.6,14.1,17.472043,12.722366,20.01,-0.872043,False
2024-06-06,15.9,14.4,17.402796,12.660753,20.0,-1.502796,False
2024-06-07,16.4,13.5,17.330215,12.568602,19.9,-0.930215,False
2024-06-08,19.5,13.4,17.253548,12.486344,19.8,2.246452,False
2024-06-09,17.6,11.7,17.185806,12.396559,19.71,0.414194,False
2024-06-10,16.7,11.1,17.111613,12.336882,19.7,-0.411613,False
2024-06-11,17.8,13.2,17.055591,12.286129,19.6,0.744409,False
2024-06-12,17.3,11.3,16.991075,12.243118,19.5,0.308925,False
2024-06-13,14.9,12.5,16.946022,12.195376,19.4,-2.046022,False
2024-06-14,14.4,12.7,16.905806,12.163118,19.3,-2.505806,False
2024-06-15,14.3,11.1,16.87129,12.121398,19.2,-2.57129,False
2024-06-16,15.6,11.5,16.81,12.050968,19.1,-1.21,False
2024-06-17,15.4,11.6,16.768817,11.976882,19.0,-1.368817,False
2024-06-18,16.0,8.5,16.74043,11.916452,19.0,-0.74043,False
2024-06-19,14.8,8.0,16.720215,11.880108,19.0,-1.920215,False
2024-06-20,14.6,10.3,16.697204,11.817204,19.0,-2.097204,False
2024-06-21,15.2,11.5,16.676882,11.762903,18.91,-1.476882,False
2024-06-22,14.1,12.5,16.636344,11.694516,18.8,-2.536344,False
2024-06-23,14.9,10.4,16.588172,11.635054,18.8,-1.688172,False
2024-06-24,15.9,9.4,16.544086,11.567634,18.7,-0.644086,False
2024-06-25,17.7,11.2,16.488817,11.521935,18.6,1.211183,False
2024-06-26,19.6,10.4,16.466344,11.46957,18.6,3.133656,False
2024-06-27,17.3,9.2,16.444731,11.417957,18.5,0.855269,False
2024-06-28,16.6,9.9,16.406344,11.370968,18.5,0.193656,False
2024-06-29,18.9,12.6,16.365269,11.313656,18.5,2.534731,False
2024-06-30,14.8,10.6,16.334409,11.27043,18.5,-1.534409,False
2024-07-01,13.9,11.6,16.312043,11.233871,18.5,-2.412043,False
2024-07-02,14.8,13.1,16.293011,11.20086,18.5,-1.493011,False
2024-07-03,16.0,12.8,16.293656,11.156344,18.5,-0.293656,False
2024-07-04,16.4,14.0,16.292581,11.134086,18.5,0.107419,False
2024-07-05,16.0,14.0,16.269032,11.097527,18.5,-0.269032,False
2024-07-06,15.8,13.2,16.243226,11.054516,18.5,-0.443226,False
2024-07-07,16.2,13.8,16.232903,11.017849,18.5,-0.032903,False
2024-07-08,16.5,14.7,16.235269,11.02172,18.6,0.264731,False
2024-07-09,17.6,11.9,16.227957,11.023011,18.6,1.372043,False
2024-07-10,17.0,9.8,16.237957,11.038925,18.7,0.762043,False
2024-07-11,15.3,11.4,16.246667,11.019785,18.7,-0.946667,False
2024-07-12,16.2,12.7,16.237204,10.98828,18.7,-0.037204,False
2024-07-13,16.5,9.5,16.249355,10.954839,18.7,0.250645,False
2024-07-14,15.4,8.4,16.258172,10.92914,18.7,-0.858172,False
2024-07-15,14.3,10.3,16.272688,10.915484,18.7,-1.972688,False
2024-07-16,14.4,11.8,16.29086,10.89871,18.7,-1.89086,False
2024-07-17,16.8,11.2,16.321075,10.880753,18.7,0.478925,False
2024-07-18,16.5,8.2,16.332581,10.869355,18.7,0.167419,False
2024-07-19,15.1,10.9,16.352043,10.853118,18.81,-1.252043,False
2024-07-20,15.0,11.2,16.349032,10.830645,18.81,-1.349032,False
2024-07-21,16.1,9.5,16.349785,10.833548,18.9,-0.249785,False
2024-07-22,17.0,9.1,16.360645,10.833226,18.9,0.639355,False
2024-07-23,16.6,8.6,16.376559,10.831505,19.0,0.223441,False
2024-07-24,18.4,12.0,16.39043,10.813871,19.0,2.00957,False
2024-07-25,20.2,14.3,16.420108,10.812366,19.0,3.779892,False
2024-07-26,18.5,12.4,16.473226,10.78957,19.2,2.026774,False
2024-07-27,16.8,10.4,16.50957,10.790108,19.2,0.29043,False
2024-07-28,13.4,9.1,16.549032,10.800753,19.31,-3.149032,False
2024-07-29,13.7,10.2,16.598602,10.796989,19.4,-2.898602,False
2024-07-30,14.0,11.9,16.642258,10.811183,19.4,-2.642258,False
2024-07-31,14.6,11.8,16.689462,10.846237,19.51,-2.089462,False
2024-08-01,14.5,11.5,16.730753,10.871505,19.61,-2.230753,False
2024-08-02,14.0,8.7,16.784946,10.886237,19.71,-2.784946,False
2024-08-03,15.8,8.8,16.797204,10.896344,19.8,-0.997204,False
2024-08-04,14.9,11.0,16.804516,10.893011,19.8,-1.904516,False
2024-08-05,15.1,11.1,16.832473,10.914194,19.81,-1.732473,False
2024-08-06,15.8,8.9,16.874839,10.956774,19.9,-1.074839,False
2024-08-07,15.7,9.2,16.903978,11.005269,19.9,-1.203978,False
2024-08-08,17.1,11.0,16.93828,11.023548,19.91,0.16172,False
2024-08-09,17.7,11.7,16.949462,11.04043,20.0,0.750538,False
2024-08-10,17.0,12.9,16.963978,11.041935,20.0,0.036022,False
2024-08-11,16.5,13.5,16.979355,11.075914,19.91,-0.479355,False
2024-08-12,17.3,14.9,17.010753,11.113656,20.1,0.289247,False
2024-08-13,18.2,16.2,17.032581,11.146774,20.11,1.167419,False
2024-08-14,16.9,13.8,17.042473,11.213656,20.11,-0.142473,False
2024-08-15,17.3,14.7,17.079677,11.271828,20.2,0.220323,False
2024-08-16,18.7,14.3,17.129462,11.319785,20.3,1.570538,False
2024-08-17,18.8,13.1,17.156344,11.384409,20.4,1.643656,False
2024-08-18,16.4,13.8,17.196667,11.447849,20.4,-0.796667,False
2024-08-19,16.4,13.0,17.254516,11.508495,20.41,-0.854516,False
2024-08-20,19.6,15.9,17.309032,11.574516,20.6,2.290968,False
2024-08-21,22.2,15.1,17.355806,11.627849,20.6,4.844194,False
2024-08-22,20.5,11.7,17.390645,11.689677,20.61,3.109355,False
2024-08-23,18.7,14.9,17.430323,11.762796,20.7,1.269677,False
2024-08-24,23.7,18.2,17.481935,11.839677,20.71,6.218065,False
2024-08-25,21.0,17.3,17.512151,11.911505,20.8,3.487849,False
2024-08-26,20.0,11.4,17.527849,11.958495,20.81,2.472151,False
2024-08-27,21.6,15.5,17.555914,12.006129,20.8,4.044086,False
2024-08-28,25.1,14.7,17.593763,12.064624,20.9,7.506237,False
2024-08-29,21.1,15.9,17.647312,12.128925,21.0,3.452688,False
2024-08-30,25.8,17.7,17.703871,12.205269,21.0,8.096129,False
2024-08-31,22.1,15.6,17.776022,12.262258,21.2,4.323978,False
2024-09-01,24.0,16.9,17.839355,12.319355,21.21,6.160645,False
2024-09-02,22.5,11.2,17.867527,12.383763,21.21,4.632473,False
2024-09-03,15.9,10.7,17.934839,12.479032,21.4,-2.034839,False
2024-09-04,19.0,14.1,18.029462,12.566774,21.61,0.970538,False
2024-09-05,23.5,16.2,18.089462,12.632258,21.7,5.410538,False
2024-09-06,24.9,19.4,18.146882,12.690108,21.7,6.753118,False
2024-09-07,21.3,16.6,18.235054,12.762043,21.8,3.064946,False
2024-09-08,20.5,14.8,18.322043,12.856559,21.9,2.177957,False
2024-09-09,22.0,12.9,18.428387,12.945699,22.01,3.571613,False
2024-09-10,19.2,13.0,18.491828,13.024194,22.2,0.708172,False
2024-09-11,21.3,16.6,18.52914,13.076667,22.2,2.77086,False
2024-09-12,17.4,13.4,18.585806,13.151398,22.2,-1.185806,False
2024-09-13,16.2,11.8,18.686882,13.235591,22.4,-2.486882,False
2024-09-14,20.4,10.5,18.777419,13.260753,22.5,1.622581,False
2024-09-15,15.1,9.6,18.825484,13.306882,22.6,-3.725484,False
2024-09-16,16.9,11.7,18.889247,13.386989,22.6,-1.989247,False
2024-09-17,18.2,9.9,18.980323,13.480108,22.71,-0.780323,False
2024-09-18,23.4,14.7,19.071183,13.561613,23.0,4.328817,False
2024-09-19,24.3,13.5,19.101398,13.625914,23.1,5.198602,False
2024-09-20,21.3,14.1,19.176989,13.70957,23.2,2.123011,False
2024-09-21,21.9,13.3,19.254086,13.787204,23.3,2.645914,False
2024-09-22,22.5,13.5,19.302688,13.863333,23.5,3.197312,False
2024-09-23,23.5,14.8,19.356237,13.903548,23.5,4.143763,False
2024-09-24,21.6,18.3,19.39828,13.954194,23.6,2.20172,False
2024-09-25,24.8,13.7,19.476989,14.022151,23.8,5.323011,False
2024-09-26,15.5,13.7,19.552796,14.103978,23.8,-4.052796,False
2024-09-27,16.7,14.7,19.616989,14.200645,23.9,-2.916989,False
2024-09-28,17.7,16.0,19.684946,14.27871,24.02,-1.984946,False
2024-09-29,19.2,16.2,19.712258,14.351505,24.02,-0.512258,False
2024-09-30,18.1,13.6,19.752473,14.411075,24.2,-1.652473,False
2024-10-01,18.5,15.9,19.78828,14.488925,24.3,-1.28828,False
2024-10-02,18.0,15.3,19.812258,14.562903,24.31,-1.812258,False
2024-10-03,17.7,12.8,19.868065,14.62871,24.31,-2.168065,False
2024-10-04,21.2,17.5,19.92086,14.673763,24.41,1.27914,False
2024-10-05,23.8,16.5,19.93086,14.709677,24.5,3.86914,False
2024-10-06,24.0,15.6,19.966667,14.774839,24.51,4.033333,False
2024-10-07,24.7,15.6,19.976559,14.829355,24.6,4.723441,False
2024-10-08,15.7,14.9,19.983011,14.871828,24.5,-4.283011,False
2024-10-09,17.1,14.6,19.997527,14.921828,24.5,-2.897527,False
2024-10-10,20.7,16.2,20.053441,14.985914,24.41,0.646559,False
2024-10-11,20.3,16.0,20.111398,15.055914,24.5,0.188602,False
2024-10-12,17.3,14.8,20.178925,15.118495,24.6,-2.878925,False
2024-10-13,18.6,14.7,20.205054,15.19,24.6,-1.605054,False
2024-10-14,20.9,16.2,20.204946,15.245806,24.6,0.695054,False
2024-10-15,17.1,14.7,20.240538,15.345161,24.51,-3.140538,False
2024-10-16,17.5,13.3,20.300108,15.417097,24.51,-2.800108,False
2024-10-17,20.2,17.9,20.322258,15.465806,24.5,-0.122258,False
2024-10-18,22.5,19.2,20.337742,15.505484,24.5,2.162258,False
2024-10-19,21.0,17.2,20.369677,15.548817,24.51,0.630323,False
2024-10-20,19.8,16.5,20.383871,15.587204,24.5,-0.583871,False
2024-10-21,18.7,14.1,20.358817,15.61172,24.4,-1.658817,False
2024-10-22,20.4,15.8,20.375591,15.664946,24.31,0.024409,False
2024-10-23,23.3,18.4,20.420538,15.715591,24.4,2.879462,False
2024-10-24,19.4,13.4,20.466774,15.787312,24.5,-1.066774,False
2024-10-25,19.3,13.7,20.518172,15.853978,24.5,-1.218172,False
2024-10-26,17.5,14.0,20.546344,15.894086,24.5,-3.046344,False
2024-10-27,21.9,15.6,20.566882,15.952043,24.5,1.333118,False
2024-10-28,24.3,16.4,20.607204,16.01129,24.5,3.692796,False
2024-10-29,20.1,17.1,20.644086,16.071398,24.5,-0.544086,False
2024-10-30,22.2,16.3,20.723441,16.143548,24.51,1.476559,False
2024-10-31,22.9,16.4,20.759462,16.201828,24.51,2.140538,False
2024-11-01,19.5,16.5,20.744946,16.237527,24.5,-1.244946,False
2024-11-02,21.6,16.9,20.755914,16.284624,24.5,0.844086,False
2024-11-03,25.3,19.5,20.802473,16.34957,24.5,4.497527,False
2024-11-04,21.0,18.3,20.850968,16.428817,24.61,0.149032,False
2024-11-05,21.3,18.8,20.935054,16.517957,24.8,0.364946,False
2024-11-06,24.9,21.2,21.000323,16.599785,24.9,3.899677,False
2024-11-07,27.4,17.7,21.07828,16.651398,25.0,6.32172,False
2024-11-08,24.8,17.4,21.104301,16.698817,25.0,3.695699,False
2024-11-09,22.1,19.7,21.127849,16.752258,25.0,0.972151,False
2024-11-10,23.1,18.3,21.151183,16.81129,25.1,1.948817,False
2024-11-11,20.7,18.9,21.235806,16.875161,25.2,-0.535806,False
2024-11-12,21.5,18.4,21.307742,16.95914,25.3,0.192258,False
2024-11-13,21.7,18.3,21.391183,17.027849,25.31,0.308817,False
2024-11-14,20.1,18.4,21.464301,17.085161,25.4,-1.364301,False
2024-11-15,20.6,19.3,21.500108,17.126989,25.5,-0.900108,False
2024-11-16,22.7,19.8,21.558172,17.181505,25.6,1.141828,False
2024-11-17,25.3,19.2,21.598602,17.226129,25.71,3.701398,False
2024-11-18,22.3,17.9,21.643333,17.285484,25.8,0.656667,False
2024-11-19,20.8,18.1,21.67129,17.343871,25.8,-0.87129,False
2024-11-20,21.8,18.1,21.73828,17.412366,25.9,0.06172,False
2024-11-21,21.8,17.5,21.815269,17.483656,26.0,-0.015269,False
2024-11-22,23.0,18.6,21.861183,17.543871,26.01,1.138817,False
2024-11-23,24.3,19.0,21.913548,17.617634,26.1,2.386452,False
2024-11-24,24.5,19.3,21.973226,17.696452,26.1,2.526774,False
2024-11-25,24.4,19.6,22.032581,17.757527,26.2,2.367419,False
2024-11-26,27.6,20.7,22.082151,17.817849,26.21,5.517849,False
2024-11-27,28.6,22.9,22.125699,17.879677,26.3,6.474301,False
2024-11-28,24.8,20.6,22.17871,17.93871,26.4,2.62129,False
2024-11-29,21.9,20.8,22.221613,17.99828,26.4,-0.321613,False
2024-11-30,23.9,21.1,22.229892,18.052688,26.3,1.670108,False
2024-12-01,25.0,20.1,22.294409,18.113548,26.4,2.705591,False
2024-12-02,26.9,21.3,22.373763,18.186882,26.4,4.526237,False
2024-12-03,26.5,21.6,22.463226,18.251183,26.4,4.036774,False
2024-12-04,22.9,20.6,22.523548,18.30129,26.5,0.376452,False
2024-12-05,23.7,21.1,22.573011,18.352043,26.5,1.126989,False
2024-12-06,25.0,22.8,22.603763,18.407957,26.5,2.396237,False
2024-12-07,28.0,22.0,22.657097,18.463763,26.6,5.342903,False
2024-12-08,24.8,19.9,22.717312,18.55086,26.6,2.082688,False
2024-12-09,22.1,20.4,22.806129,18.622258,26.7,-0.706129,False
2024-12-10,22.6,19.3,22.873226,18.668817,26.7,-0.273226,False
2024-12-11,22.9,18.3,22.908065,18.686022,26.7,-0.008065,False
2024-12-12,24.0,20.2,22.882151,18.716989,26.6,1.117849,False
2024-12-13,25.5,21.0,22.905914,18.748495,26.6,2.594086,False
2024-12-14,24.2,21.1,22.925054,18.775699,26.6,1.274946,False
2024-12-15,24.8,22.5,22.955161,18.835806,26.6,1.844839,False
2024-12-16,26.1,21.0,23.010323,18.896989,26.6,3.089677,False
2024-12-17,28.9,19.0,23.056129,18.954516,26.6,5.843871,False
2024-12-18,20.9,18.6,23.108387,19.025161,26.51,-2.208387,False
2024-12-19,21.2,17.9,23.145161,19.073226,26.6,-1.945161,False
2024-12-20,23.1,18.1,23.19,19.127957,26.6,-0.09,False
2024-12-21,25.0,20.5,23.254194,19.187849,26.7,1.745806,False
2024-12-22,25.4,19.6,23.309355,19.238387,26.61,2.090645,False
2024-12-23,25.5,16.7,23.369247,19.290538,26.71,2.130753,False
2024-12-24,21.6,17.9,23.41871,19.318065,26.8,-1.81871,False
2024-12-25,23.3,19.4,23.42914,19.355806,26.9,-0.12914,False
2024-12-26,26.7,22.5,23.456129,19.413656,26.91,3.243871,False
2024-12-27,29.6,19.8,23.513656,19.493011,27.1,6.086344,False
2024-12-28,24.2,18.6,23.585161,19.555914,27.1,0.614839,False
2024-12-29,25.3,20.5,23.622473,19.595054,27.11,1.677527,False
2024-12-30,23.5,20.6,23.665161,19.634839,27.2,-0.165161,False
2024-12-31,24.3,21.2,23.717419,19.671075,27.3,0.582581,False
2025-01-01,25.9,21.0,23.731828,19.716667,27.3,2.168172,False
2025-01-02,21.7,19.7,23.783978,19.759247,27.5,-2.083978,False
2025-01-03,23.6,20.4,23.833011,19.80043,27.6,-0.233011,False
2025-01-04,24.9,20.7,23.836774,19.851183,27.5,1.063226,False
2025-01-05,26.9,21.4,23.888817,19.901183,27.5,3.011183,False
2025-01-06,27.3,20.5,23.941505,19.945161,27.6,3.358495,False
2025-01-07,21.5,19.3,23.980108,19.993978,27.6,-2.480108,False
2025-01-08,20.9,19.0,24.019355,20.032688,27.61,-3.119355,False
2025-01-09,22.5,20.5,24.047097,20.090215,27.61,-1.547097,False
2025-01-10,22.9,20.5,24.074409,20.147849,27.7,-1.174409,False
2025-01-11,23.8,20.9,24.112903,20.222151,27.8,-0.312903,False
2025-01-12,24.5,21.7,24.15957,20.289247,27.8,0.34043,False
2025-01-13,25.8,22.5,24.193548,20.346882,27.8,1.606452,False
2025-01-14,26.4,22.3,24.244731,20.397312,27.8,2.155269,False
2025-01-15,27.0,19.6,24.294516,20.444946,27.8,2.705484,False
2025-01-16,21.4,19.2,24.32914,20.477419,27.81,-2.92914,False
2025-01-17,21.2,19.9,24.317419,20.506237,27.9,-3.117419,False
2025-01-18,22.8,19.1,24.324409,20.527419,27.8,-1.524409,False
2025-01-19,20.7,17.9,24.354946,20.546667,27.9,-3.654946,False
2025-01-20,21.8,18.0,24.35914,20.574731,27.9,-2.55914,False
2025-01-21,24.2,20.7,24.37871,20.612258,27.9,-0.17871,False
2025-01-22,29.1,20.6,24.387742,20.637312,27.9,4.712258,False
2025-01-23,21.6,19.4,24.376022,20.654624,27.81,-2.776022,False
2025-01-24,22.2,19.4,24.403548,20.686989,27.8,-2.203548,False
2025-01-25,23.2,20.6,24.460323,20.71129,27.9,-1.260323,False
2025-01-26,24.7,22.9,24.484086,20.728817,27.9,0.215914,False
2025-01-27,29.0,24.0,24.495591,20.746344,27.9,4.504409,False
2025-01-28,31.9,20.5,24.492581,20.74828,27.9,7.407419,False
2025-01-29,22.5,21.0,24.465054,20.753441,27.9,-1.965054,False
2025-01-30,23.2,21.6,24.441613,20.760215,27.9,-1.241613,False
2025-01-31,23.4,22.1,24.435161,20.78043,27.81,-1.035161,False
2025-02-01,24.3,21.5,24.444624,20.776022,27.9,-0.144624,False
2025-02-02,25.0,21.3,24.418387,20.77871,27.7,0.581613,False
2025-02-03,25.6,22.4,24.398065,20.787527,27.7,1.201935,False
2025-02-04,27.2,23.3,24.414301,20.788387,27.7,2.785699,False
2025-02-05,28.1,22.5,24.374839,20.778602,27.6,3.725161,False
2025-02-06,25.4,22.0,24.326882,20.759247,27.51,1.073118,False
2025-02-07,26.7,21.8,24.30828,20.743548,27.5,2.39172,False
2025-02-08,26.3,22.5,24.269785,20.725269,27.31,2.030215,False
2025-02-09,24.8,21.4,24.251613,20.699032,27.2,0.548387,False
2025-02-10,22.7,20.6,24.239032,20.680215,27.2,-1.539032,False
2025-02-11,24.1,20.5,24.231075,20.658495,27.1,-0.131075,False
2025-02-12,24.7,22.5,24.22086,20.633441,27.1,0.47914,False
2025-02-13,25.9,22.5,24.207312,20.605376,27.1,1.692688,False
2025-02-14,25.5,21.1,24.164516,20.562473,27.1,1.335484,False
2025-02-15,24.1,16.2,24.09957,20.514516,27.1,0.00043,False
2025-02-16,20.1,16.9,24.05043,20.495806,27.0,-3.95043,False
2025-02-17,21.2,16.6,24.041075,20.46871,27.0,-2.841075,False
2025-02-18,22.9,19.0,24.016452,20.444409,26.91,-1.116452,False
2025-02-19,22.8,19.7,23.985914,20.421613,26.9,-1.185914,False
2025-02-20,21.4,20.4,23.943011,20.389355,26.8,-2.543011,False
2025-02-21,22.6,20.9,23.884946,20.345806,26.7,-1.284946,False
2025-02-22,24.5,20.4,23.850645,20.307849,26.6,0.649355,False
2025-02-23,25.8,21.4,23.806774,20.271075,26.6,1.993226,False
2025-02-24,25.3,21.7,23.751075,20.228817,26.5,1.548925,False
2025-02-25,22.6,20.8,23.709032,20.185269,26.4,-1.109032,False
2025-02-26,24.4,21.8,23.673441,20.147312,26.4,0.726559,False
2025-02-27,25.9,21.3,23.62957,20.094409,26.3,2.27043,False
2025-02-28,27.9,21.5,23.598387,20.068925,26.2,4.301613,False
2025-03-01,25.6,21.8,23.599677,20.034624,26.2,2.000323,False
2025-03-02,25.1,21.7,23.571075,19.985806,26.2,1.528925,False
2025-03-03,22.9,20.7,23.552796,19.936559,26.2,-0.652796,False
2025-03-04,23.5,20.8,23.535914,19.914194,26.2,-0.035914,False
2025-03-05,24.4,21.7,23.54129,19.873548,26.2,0.85871,False
2025-03-06,23.7,20.9,23.49828,19.828172,26.1,0.20172,False
2025-03-07,23.7,21.7,23.445699,19.780323,26.1,0.254301,False
2025-03-08,23.8,21.9,23.415591,19.720753,26.1,0.384409,False
2025-03-09,24.6,21.9,23.391935,19.668602,26.1,1.208065,False
2025-03-10,23.8,21.7,23.342043,19.607849,26.0,0.457957,False
2025-03-11,22.8,21.2,23.328065,19.552688,26.0,-0.528065,False
2025-03-12,23.8,20.2,23.285376,19.503226,25.9,0.514624,False
2025-03-13,25.6,20.6,23.249355,19.447742,25.9,2.350645,False
2025-03-14,27.0,22.7,23.18172,19.393763,25.9,3.81828,True
2025-03-15,28.0,24.8,23.13828,19.314409,25.81,4.86172,True
2025-03-16,31.7,17.9,23.075699,19.232151,25.71,8.624301,True
2025-03-17,20.8,17.9,23.044731,19.182903,25.7,-2.244731,False
2025-03-18,22.9,20.6,23.021505,19.122258,25.7,-0.121505,False
2025-03-19,25.4,21.0,22.976344,19.041505,25.6,2.423656,False
2025-03-20,26.3,21.7,22.897312,18.964086,25.6,3.402688,False
2025-03-21,23.9,21.2,22.862366,18.890108,25.6,1.037634,False
2025-03-22,23.5,21.5,22.808925,18.812473,25.5,0.691075,False
2025-03-23,23.0,21.9,22.757742,18.722258,25.5,0.242258,False
2025-03-24,23.9,22.2,22.703978,18.632796,25.4,1.196022,False
2025-03-25,23.8,21.6,22.636774,18.539785,25.4,1.163226,False
2025-03-26,24.2,20.7,22.575484,18.446667,25.4,1.624516,False
2025-03-27,24.3,20.6,22.530753,18.355054,25.4,1.769247,False
2025-03-28,23.9,21.2,22.450323,18.266882,25.3,1.449677,False
2025-03-29,22.2,20.6,22.403333,18.183441,25.2,-0.203333,False
2025-03-30,23.2,19.7,22.358387,18.108065,25.2,0.841613,False
2025-03-31,22.2,18.6,22.307527,18.031075,25.2,-0.107527,False
2025-04-01,21.4,17.7,22.243011,17.947204,25.2,-0.843011,False
2025-04-02,21.9,16.3,22.192581,17.870108,25.11,-0.292581,False
2025-04-03,25.1,18.8,22.116882,17.782796,25.0,2.983118,False
2025-04-04,22.8,17.7,22.037742,17.680538,24.9,0.762258,False
2025-04-05,23.1,16.8,21.945699,17.588065,24.9,1.154301,False
2025-04-06,25.3,16.7,21.88828,17.496129,24.81,3.41172,False
2025-04-07,24.6,17.8,21.819032,17.397204,24.8,2.780968,False
2025-04-08,20.6,18.4,21.73914,17.30914,24.7,-1.13914,False
2025-04-09,21.9,18.1,21.688602,17.234301,24.6,0.211398,False
2025-04-10,23.2,18.1,21.63,17.135484,24.5,1.57,False
2025-04-11,25.2,19.4,21.557527,17.043548,24.4,3.642473,False
2025-04-12,23.3,19.1,21.46871,16.944086,24.3,1.83129,False
2025-04-13,23.3,18.1,21.397419,16.847849,24.2,1.902581,False
2025-04-14,24.8,19.7,21.34129,16.763763,24.1,3.45871,False
2025-04-15,21.1,18.1,21.261075,16.696667,24.1,-0.161075,False
2025-04-16,21.2,18.3,21.202366,16.632796,24.01,-0.002366,False
2025-04-17,21.9,17.0,21.13957,16.555376,24.0,0.76043,False
2025-04-18,22.4,16.8,21.065806,16.486344,23.9,1.334194,False
2025-04-19,25.7,17.7,20.999892,16.392581,23.8,4.700108,False
2025-04-20,26.1,19.5,20.927742,16.286344,23.8,5.172258,False
2025-04-21,24.3,16.3,20.848387,16.191183,23.7,3.451613,False
2025-04-22,20.7,19.7,20.781828,16.09129,23.6,-0.081828,False
2025-04-23,21.6,19.2,20.724409,15.99828,23.6,0.875591,False
2025-04-24,21.7,17.9,20.66129,15.910323,23.5,1.03871,False
2025-04-25,21.3,17.4,20.594624,15.818065,23.41,0.705376,False
2025-04-26,21.6,18.2,20.534946,15.737527,23.4,1.065054,False
2025-04-27,20.4,18.7,20.442258,15.663656,23.3,-0.042258,False
2025-04-28,20.7,17.6,20.38,15.575806,23.2,0.32,False
2025-04-29,20.7,16.1,20.287419,15.477849,23.2,0.412581,False
2025-04-30,18.0,14.7,20.184086,15.380968,23.1,-2.184086,False
2025-05-01,17.9,15.7,20.093011,15.277634,22.9,-2.193011,False
2025-05-02,18.4,16.8,20.008495,15.182581,22.9,-1.608495,False
2025-05-03,19.6,14.9,19.922688,15.108065,22.9,-0.322688,False
2025-05-04,20.4,16.8,19.856022,15.01828,22.8,0.543978,False
2025-05-05,21.4,16.9,19.788065,14.937742,22.8,1.611935,False
2025-05-06,22.9,16.3,19.718495,14.850215,22.7,3.181505,False
2025-05-07,24.4,16.2,19.635914,14.769892,22.6,4.764086,False
2025-05-08,18.2,14.9,19.580323,14.693118,22.5,-1.380323,False
2025-05-09,17.7,16.0,19.514086,14.616237,22.5,-1.814086,False
2025-05-10,20.0,17.3,19.431075,14.519462,22.4,0.568925,False
2025-05-11,20.1,17.4,19.351935,14.433763,22.3,0.748065,False
2025-05-12,19.5,18.1,19.258065,14.347419,22.2,0.241935,False
2025-05-13,20.3,15.9,19.196774,14.266237,22.1,1.103226,False
2025-05-14,20.7,16.7,19.110645,14.163548,22.0,1.589355,False
2025-05-15,18.8,17.5,19.008065,14.053548,21.8,-0.208065,False
2025-05-16,19.2,15.2,18.940645,13.972903,21.61,0.259355,False
2025-05-17,19.7,15.1,18.859462,13.900215,21.6,0.840538,False
2025-05-18,16.8,14.7,18.759462,13.83,21.5,-1.959462,False
2025-05-19,17.7,16.0,18.680215,13.735591,21.4,-0.980215,False
2025-05-20,19.0,17.7,18.599355,13.666129,21.3,0.400645,False
2025-05-21,19.2,17.3,18.529247,13.603333,21.3,0.670753,False
2025-05-22,19.5,17.8,18.449892,13.547742,21.2,1.050108,False
2025-05-23,19.9,15.1,18.365269,13.49828,21.11,1.534731,False
2025-05-24,21.0,14.5,18.287097,13.451398,21.0,2.712903,False
2025-05-25,18.3,12.7,18.218925,13.407204,20.81,0.081075,False
2025-05-26,18.7,15.6,18.145376,13.362473,20.8,0.554624,False
2025-05-27,17.6,13.0,18.074086,13.302581,20.71,-0.474086,False
2025-05-28,18.6,13.6,18.016237,13.244516,20.7,0.583763,False
2025-05-29,17.0,13.9,17.953763,13.194516,20.6,-0.953763,False
2025-05-30,18.6,14.2,17.895054,13.125914,20.6,0.704946,False
2025-05-31,17.9,12.2,17.834301,13.053226,20.51,0.065699,False
2025-06-01,17.9,13.0,17.766559,12.98043,20.4,0.133441,False
2025-06-02,17.4,13.1,17.68871,12.922473,20.21,-0.28871,False
2025-06-03,17.9,12.2,17.61957,12.851505,20.11,0.28043,False
2025-06-04,13.8,12.2,17.545699,12.786667,20.1,-3.745699,False
2025-06-05,16.2,10.2,17.472043,12.722366,20.01,-1.272043,False
2025-06-06,17.1,12.8,17.402796,12.660753,20.0,-0.302796,False
2025-06-07,18.6,12.8,17.330215,12.568602,19.9,1.269785,False
2025-06-08,15.2,9.3,17.253548,12.486344,19.8,-2.053548,False
2025-06-09,13.9,11.4,17.185806,12.396559,19.71,-3.285806,False
2025-06-10,16.8,10.3,17.111613,12.336882,19.7,-0.311613,False
2025-06-11,15.6,9.7,17.055591,12.286129,19.6,-1.455591,False
2025-06-12,15.4,11.8,16.991075,12.243118,19.5,-1.591075,False
2025-06-13,14.9,11.8,16.946022,12.195376,19.4,-2.046022,False
2025-06-14,15.0,10.1,16.905806,12.163118,19.3,-1.905806,False
2025-06-15,16.7,8.9,16.87129,12.121398,19.2,-0.17129,False
2025-06-16,15.1,9.8,16.81,12.050968,19.1,-1.71,False
2025-06-17,17.6,8.3,16.768817,11.976882,19.0,0.831183,False
2025-06-18,15.2,9.0,16.74043,11.916452,19.0,-1.54043,False
2025-06-19,16.1,8.7,16.720215,11.880108,19.0,-0.620215,False
2025-06-20,16.4,8.7,16.697204,11.817204,19.0,-0.297204,False
2025-06-21,17.2,9.4,16.676882,11.762903,18.91,0.523118,False
2025-06-22,18.3,10.0,16.636344,11.694516,18.8,1.663656,False
2025-06-23,20.1,13.5,16.588172,11.635054,18.8,3.511828,False
2025-06-24,19.4,13.5,16.544086,11.567634,18.7,2.855914,False
2025-06-25,15.9,9.5,16.488817,11.521935,18.6,-0.588817,False
2025-06-26,14.4,11.0,16.466344,11.46957,18.6,-2.066344,False
2025-06-27,15.0,12.5,16.444731,11.417957,18.5,-1.444731,False
2025-06-28,16.1,10.5,16.406344,11.370968,18.5,-0.306344,False
2025-06-29,17.7,12.1,16.365269,11.313656,18.5,1.334731,False
2025-06-30,15.7,13.3,16.334409,11.27043,18.5,-0.634409,False
2025-07-01,15.3,12.2,16.312043,11.233871,18.5,-1.012043,False
2025-07-02,16.5,14.2,16.293011,11.20086,18.5,0.206989,False
2025-07-03,17.6,12.0,16.293656,11.156344,18.5,1.306344,False
2025-07-04,16.9,10.5,16.292581,11.134086,18.5,0.607419,False
2025-07-05,17.2,12.9,16.269032,11.097527,18.5,0.930968,False
2025-07-06,19.6,11.6,16.243226,11.054516,18.5,3.356774,False
2025-07-07,16.7,10.1,16.232903,11.017849,18.5,0.467097,False
2025-07-08,16.2,11.8,16.235269,11.02172,18.6,-0.035269,False
2025-07-09,17.8,13.2,16.227957,11.023011,18.6,1.572043,False
2025-07-10,14.8,10.5,16.237957,11.038925,18.7,-1.437957,False
2025-07-11,16.6,11.2,16.246667,11.019785,18.7,0.353333,False
2025-07-12,16.8,8.7,16.237204,10.98828,18.7,0.562796,False
2025-07-13,16.7,11.1,16.249355,10.954839,18.7,0.450645,False
2025-07-14,16.8,8.9,16.258172,10.92914,18.7,0.541828,False
2025-07-15,14.4,8.6,16.272688,10.915484,18.7,-1.872688,False
2025-07-16,15.8,7.7,16.29086,10.89871,18.7,-0.49086,False
2025-07-17,15.5,10.7,16.321075,10.880753,18.7,-0.821075,False
2025-07-18,14.8,10.2,16.332581,10.869355,18.7,-1.532581,False
2025-07-19,16.5,8.2,16.352043,10.853118,18.81,0.147957,False
2025-07-20,16.6,11.5,16.349032,10.830645,18.81,0.250968,False
2025-07-21,16.2,14.1,16.349785,10.833548,18.9,-0.149785,False
2025-07-22,17.7,14.0,16.360645,10.833226,18.9,1.339355,False
2025-07-23,17.6,9.4,16.376559,10.831505,19.0,1.223441,False
2025-07-24,15.8,8.2,16.39043,10.813871,19.0,-0.59043,False
2025-07-25,15.6,11.5,16.420108,10.812366,19.0,-0.820108,False
2025-07-26,17.0,13.5,16.473226,10.78957,19.2,0.526774,False
2025-07-27,16.5,12.6,16.50957,10.790108,19.2,-0.00957,False
2025-07-28,16.2,12.0,16.549032,10.800753,19.31,-0.349032,False
2025-07-29,16.4,11.3,16.598602,10.796989,19.4,-0.198602,False
2025-07-30,12.7,11.4,16.642258,10.811183,19.4,-3.942258,False
2025-07-31,13.9,11.5,16.689462,10.846237,19.51,-2.789462,False
2025-08-01,13.4,12.7,16.730753,10.871505,19.61,-3.330753,False
2025-08-02,16.1,13.4,16.784946,10.886237,19.71,-0.684946,False
2025-08-03,16.4,15.0,16.797204,10.896344,19.8,-0.397204,False
2025-08-04,17.4,11.4,16.804516,10.893011,19.8,0.595484,False
2025-08-05,19.4,10.8,16.832473,10.914194,19.81,2.567527,False
2025-08-06,17.8,12.1,16.874839,10.956774,19.9,0.925161,False
2025-08-07,15.0,13.8,16.903978,11.005269,19.9,-1.903978,False
2025-08-08,16.8,12.8,16.93828,11.023548,19.91,-0.13828,False
2025-08-09,14.9,12.3,16.949462,11.04043,20.0,-2.049462,False
2025-08-10,14.3,11.3,16.963978,11.041935,20.0,-2.663978,False
2025-08-11,14.1,10.6,16.979355,11.075914,19.91,-2.879355,False
2025-08-12,15.8,10.7,17.010753,11.113656,20.1,-1.210753,False
2025-08-13,17.0,12.9,17.032581,11.146774,20.11,-0.032581,False
2025-08-14,14.5,12.7,17.042473,11.213656,20.11,-2.542473,False
2025-08-15,17.4,13.0,17.079677,11.271828,20.2,0.320323,False
2025-08-16,17.5,9.1,17.129462,11.319785,20.3,0.370538,False
2025-08-17,15.0,9.7,17.156344,11.384409,20.4,-2.156344,False
2025-08-18,13.3,11.7,17.196667,11.447849,20.4,-3.896667,False
2025-08-19,14.4,12.4,17.254516,11.508495,20.41,-2.854516,False
2025-08-20,15.4,13.5,17.309032,11.574516,20.6,-1.909032,False
2025-08-21,15.3,14.3,17.355806,11.627849,20.6,-2.055806,False
2025-08-22,16.3,13.6,17.390645,11.689677,20.61,-1.090645,False
2025-08-23,18.7,13.4,17.430323,11.762796,20.7,1.269677,False
2025-08-24,17.9,15.0,17.481935,11.839677,20.71,0.418065,False
2025-08-25,19.2,14.0,17.512151,11.911505,20.8,1.687849,False
2025-08-26,20.9,17.1,17.527849,11.958495,20.81,3.372151,False
2025-08-27,20.5,12.9,17.555914,12.006129,20.8,2.944086,False
2025-08-28,18.6,13.1,17.593763,12.064624,20.9,1.006237,False
2025-08-29,19.1,10.9,17.647312,12.128925,21.0,1.452688,False
2025-08-30,16.9,9.7,17.703871,12.205269,21.0,-0.803871,False
2025-08-31,17.7,9.8,17.776022,12.262258,21.2,-0.076022,False
2025-09-01,17.1,13.3,17.839355,12.319355,21.21,-0.739355,False
2025-09-02,17.8,10.9,17.867527,12.383763,21.21,-0.067527,False
2025-09-03,20.0,13.9,17.934839,12.479032,21.4,2.065161,False
2025-09-04,21.8,12.6,18.029462,12.566774,21.61,3.770538,False
2025-09-05,16.3,13.7,18.089462,12.632258,21.7,-1.789462,False
2025-09-06,17.8,13.3,18.146882,12.690108,21.7,-0.346882,False
2025-09-07,21.0,16.9,18.235054,12.762043,21.8,2.764946,False
2025-09-08,24.7,17.5,18.322043,12.856559,21.9,6.377957,False
2025-09-09,22.3,16.6,18.428387,12.945699,22.01,3.871613,False
2025-09-10,17.2,11.4,18.491828,13.024194,22.2,-1.291828,False
2025-09-11,15.6,11.7,18.52914,13.076667,22.2,-2.92914,False
2025-09-12,17.4,12.8,18.585806,13.151398,22.2,-1.185806,False
2025-09-13,18.3,12.6,18.686882,13.235591,22.4,-0.386882,False
2025-09-14,20.7,13.3,18.777419,13.260753,22.5,1.922581,False
2025-09-15,22.9,17.7,18.825484,13.306882,22.6,4.074516,False
2025-09-16,24.5,18.1,18.889247,13.386989,22.6,5.610753,False
2025-09-17,22.8,12.1,18.980323,13.480108,22.71,3.819677,False
2025-09-18,18.8,12.2,19.071183,13.561613,23.0,-0.271183,False
2025-09-19,21.9,17.3,19.101398,13.625914,23.1,2.798602,False
2025-09-20,20.6,11.8,19.176989,13.70957,23.2,1.423011,False
2025-09-21,19.6,13.2,19.254086,13.787204,23.3,0.345914,False
2025-09-22,19.7,11.5,19.302688,13.863333,23.5,0.397312,False
2025-09-23,16.9,11.2,19.356237,13.903548,23.5,-2.456237,False
2025-09-24,22.7,12.3,19.39828,13.954194,23.6,3.30172,False
2025-09-25,23.7,17.2,19.476989,14.022151,23.8,4.223011,False
2025-09-26,25.8,18.9,19.552796,14.103978,23.8,6.247204,False
2025-09-27,25.7,18.9,19.616989,14.200645,23.9,6.083011,False
2025-09-28,21.6,17.0,19.684946,14.27871,24.02,1.915054,False
2025-09-29,20.2,16.3,19.712258,14.351505,24.02,0.487742,False
2025-09-30,23.2,19.2,19.752473,14.411075,24.2,3.447527,False
2025-10-01,24.4,15.0,19.78828,14.488925,24.3,4.61172,False
2025-10-02,23.2,13.2,19.812258,14.562903,24.31,3.387742,False
2025-10-03,22.3,14.0,19.868065,14.62871,24.31,2.431935,False
2025-10-04,19.6,15.5,19.92086,14.673763,24.41,-0.32086,False
2025-10-05,24.3,20.8,19.93086,14.709677,24.5,4.36914,False
2025-10-06,27.3,17.0,19.966667,14.774839,24.51,7.333333,False
2025-10-07,21.5,17.7,19.976559,14.829355,24.6,1.523441,False
2025-10-08,26.4,21.2,19.983011,14.871828,24.5,6.416989,False
2025-10-09,25.3,18.7,19.997527,14.921828,24.5,5.302473,False
2025-10-10,26.4,17.4,20.053441,14.985914,24.41,6.346559,False
2025-10-11,25.3,17.5,20.111398,15.055914,24.5,5.188602,False
2025-10-12,26.3,15.5,20.178925,15.118495,24.6,6.121075,False
2025-10-13,20.3,14.8,20.205054,15.19,24.6,0.094946,False
2025-10-14,23.0,15.7,20.204946,15.245806,24.6,2.795054,False
2025-10-15,22.1,17.4,20.240538,15.345161,24.51,1.859462,False
2025-10-16,25.7,20.9,20.300108,15.417097,24.51,5.399892,False
2025-10-17,27.7,16.9,20.322258,15.465806,24.5,7.377742,False
2025-10-18,20.0,17.2,20.337742,15.505484,24.5,-0.337742,False
2025-10-19,23.3,18.4,20.369677,15.548817,24.51,2.930323,False
2025-10-20,27.7,18.4,20.383871,15.587204,24.5,7.316129,False
2025-10-21,23.5,19.0,20.358817,15.61172,24.4,3.141183,False
2025-10-22,32.4,17.5,20.375591,15.664946,24.31,12.024409,False
2025-10-23,20.3,17.1,20.420538,15.715591,24.4,-0.120538,False
2025-10-24,21.7,15.4,20.466774,15.787312,24.5,1.233226,False
2025-10-25,21.7,17.0,20.518172,15.853978,24.5,1.181828,False
2025-10-26,23.0,18.3,20.546344,15.894086,24.5,2.453656,False
2025-10-27,22.7,13.8,20.566882,15.952043,24.5,2.133118,False
2025-10-28,15.1,13.7,20.607204,16.01129,24.5,-5.507204,False
2025-10-29,18.0,15.4,20.644086,16.071398,24.5,-2.644086,False
2025-10-30,20.2,16.7,20.723441,16.143548,24.51,-0.523441,False
2025-10-31,21.1,18.9,20.759462,16.201828,24.51,0.340538,False
2025-11-01,20.8,17.6,20.744946,16.237527,24.5,0.055054,False
2025-11-02,20.9,18.1,20.755914,16.284624,24.5,0.144086,False
2025-11-03,24.7,18.6,20.802473,16.34957,24.5,3.897527,False
2025-11-04,21.3,14.9,20.850968,16.428817,24.61,0.449032,False
2025-11-05,22.4,14.9,20.935054,16.517957,24.8,1.464946,False
2025-11-06,21.3,18.0,21.000323,16.599785,24.9,0.299677,False
2025-11-07,24.8,20.8,21.07828,16.651398,25.0,3.72172,False
2025-11-08,27.9,16.1,21.104301,16.698817,25.0,6.795699,False
2025-11-09,19.2,14.7,21.127849,16.752258,25.0,-1.927849,False
2025-11-10,20.8,15.0,21.151183,16.81129,25.1,-0.351183,False
2025-11-11,24.5,12.2,21.235806,16.875161,25.2,3.264194,False
2025-11-12,19.8,13.6,21.307742,16.95914,25.3,-1.507742,False
2025-11-13,23.1,18.3,21.391183,17.027849,25.31,1.708817,False
2025-11-14,20.3,18.9,21.464301,17.085161,25.4,-1.164301,False
2025-11-15,23.3,20.5,21.500108,17.126989,25.5,1.799892,False
2025-11-16,25.0,18.6,21.558172,17.181505,25.6,3.441828,False
2025-11-17,22.3,15.1,21.598602,17.226129,25.71,0.701398,False
2025-11-18,22.4,16.8,21.643333,17.285484,25.8,0.756667,False
2025-11-19,23.4,18.4,21.67129,17.343871,25.8,1.72871,False
2025-11-20,21.7,17.5,21.73828,17.412366,25.9,-0.03828,False
2025-11-21,19.9,17.9,21.815269,17.483656,26.0,-1.915269,False
2025-11-22,20.3,19.3,21.861183,17.543871,26.01,-1.561183,False
2025-11-23,23.8,18.3,21.913548,17.617634,26.1,1.886452,False
2025-11-24,22.9,18.3,21.973226,17.696452,26.1,0.926774,False
2025-11-25,27.6,22.0,22.032581,17.757527,26.2,5.567419,True
2025-11-26,30.3,19.7,22.082151,17.817849,26.21,8.217849,True
2025-11-27,27.8,18.8,22.125699,17.879677,26.3,5.674301,True
2025-11-28,25.5,21.0,22.17871,17.93871,26.4,3.32129,False
2025-11-29,28.6,17.5,22.221613,17.99828,26.4,6.378387,False
2025-11-30,24.0,15.9,22.229892,18.052688,26.3,1.770108,False
2025-12-01,23.0,14.3,22.294409,18.113548,26.4,0.705591,False
2025-12-02,19.8,15.0,22.373763,18.186882,26.4,-2.573763,False
2025-12-03,23.0,17.2,22.463226,18.251183,26.4,0.536774,False
2025-12-04,26.9,19.4,22.523548,18.30129,26.5,4.376452,True
2025-12-05,29.5,23.9,22.573011,18.352043,26.5,6.926989,True
2025-12-06,30.2,20.0,22.603763,18.407957,26.5,7.596237,True
2025-12-07,21.2,18.7,22.657097,18.463763,26.6,-1.457097,False
2025-12-08,23.9,19.5,22.717312,18.55086,26.6,1.182688,False
2025-12-09,25.7,20.1,22.806129,18.622258,26.7,2.893871,False
2025-12-10,23.3,20.2,22.873226,18.668817,26.7,0.426774,False
2025-12-11,21.5,19.1,22.908065,18.686022,26.7,-1.408065,False
2025-12-12,20.4,18.2,22.882151,18.716989,26.6,-2.482151,False
2025-12-13,23.0,20.4,22.905914,18.748495,26.6,0.094086,False
2025-12-14,26.4,18.9,22.925054,18.775699,26.6,3.474946,False
2025-12-15,21.1,18.2,22.955161,18.835806,26.6,-1.855161,False
2025-12-16,21.6,19.2,23.010323,18.896989,26.6,-1.410323,False
2025-12-17,23.3,19.2,23.056129,18.954516,26.6,0.243871,False
2025-12-18,28.7,23.4,23.108387,19.025161,26.51,5.591613,False
2025-12-19,30.7,22.5,23.145161,19.073226,26.6,7.554839,False
2025-12-20,26.0,22.2,23.19,19.127957,26.6,2.81,False
2025-12-21,28.3,24.5,23.254194,19.187849,26.7,5.045806,False
2025-12-22,25.3,20.9,23.309355,19.238387,26.61,1.990645,False
2025-12-23,26.5,19.2,23.369247,19.290538,26.71,3.130753,False
2025-12-24,25.7,19.0,23.41871,19.318065,26.8,2.28129,False
2025-12-25,20.3,15.7,23.42914,19.355806,26.9,-3.12914,False
2025-12-26,17.9,15.0,23.456129,19.413656,26.91,-5.556129,False
2025-12-27,19.1,16.5,23.513656,19.493011,27.1,-4.413656,False
2025-12-28,20.0,16.5,23.585161,19.555914,27.1,-3.585161,False
2025-12-29,20.1,15.6,23.622473,19.595054,27.11,-3.522473,False
2025-12-30,20.8,17.8,23.665161,19.634839,27.2,-2.865161,False
2025-12-31,21.4,18.5,23.717419,19.671075,27.3,-2.317419,False
