time,tmax,tmin,baselineTmax,baselineTmin,p90Tmax,tmaxAnomaly,isHotSpellDay
2006-01-01,10.8,7.4,7.713118,2.42828,11.6,3.086882,False
2006-01-02,10.2,5.6,7.717419,2.41,11.6,2.482581,False
2006-01-03,8.1,3.2,7.772903,2.444086,11.6,0.327097,False
2006-01-04,8.3,3.8,7.811935,2.478602,11.61,0.488065,False
2006-01-05,8.4,5.1,7.850538,2.467204,11.6,0.549462,False
2006-01-06,9.4,7.1,7.883011,2.480753,11.6,1.516989,False
2006-01-07,10.4,6.1,7.923226,2.497742,11.6,2.476774,False
2006-01-08,7.9,4.6,7.967742,2.537097,11.61,-0.067742,False
2006-01-09,10.8,6.8,8.029677,2.589785,11.71,2.770323,False
2006-01-10,12.6,10.3,8.11,2.629892,11.9,4.49,False
2006-01-11,11.3,7.3,8.18129,2.667742,11.9,3.11871,False
2006-01-12,8.3,5.5,8.213226,2.637957,12.0,0.086774,False
2006-01-13,8.5,7.7,8.267204,2.646237,12.1,0.232796,False
2006-01-14,8.5,6.1,8.334839,2.688387,12.1,0.165161,False
2006-01-15,7.5,1.9,8.407849,2.707527,12.1,-0.907849,False
2006-01-16,8.1,3.1,8.485699,2.760753,12.2,-0.385699,False
2006-01-17,10.9,7.2,8.565484,2.776882,12.21,2.334516,False
2006-01-18,8.2,5.9,8.633763,2.808495,12.3,-0.433763,False
2006-01-19,8.0,5.1,8.712796,2.823656,12.4,-0.712796,False
2006-01-20,8.8,6.4,8.815591,2.850323,12.6,-0.015591,False
2006-01-21,8.3,4.5,8.923333,2.879355,12.8,-0.623333,False
2006-01-22,7.5,4.3,9.015161,2.933118,12.8,-1.515161,False
2006-01-23,9.6,2.8,9.090538,2.943226,12.9,0.509462,False
2006-01-24,13.2,3.1,9.14172,2.934946,13.0,4.05828,False
2006-01-25,12.6,2.2,9.217097,2.922151,13.2,3.382903,False
2006-01-26,7.1,4.1,9.283333,2.896344,13.2,-2.183333,False
2006-01-27,7.6,4.1,9.365376,2.902903,13.3,-1.765376,False
2006-01-28,8.9,5.9,9.46871,2.922366,13.3,-0.56871,False
2006-01-29,8.5,4.9,9.547527,2.926344,13.31,-1.047527,False
2006-01-30,11.6,8.5,9.63914,2.945161,13.4,1.96086,False
2006-01-31,9.7,4.1,9.752258,3.00129,13.5,-0.052258,False
2006-02-01,11.9,4.1,9.868387,3.06,13.7,2.031613,False
2006-02-02,12.1,8.1,9.968925,3.114086,13.7,2.131075,False
2006-02-03,11.5,7.2,10.026129,3.105914,13.8,1.473871,False
2006-02-04,11.3,6.9,10.077527,3.108602,13.8,1.222473,False
2006-02-05,7.9,1.7,10.134516,3.099247,13.81,-2.234516,False
2006-02-06,12.2,1.1,10.202366,3.118602,14.0,1.997634,False
2006-02-07,13.3,0.3,10.281935,3.136559,14.1,3.018065,False
2006-02-08,12.3,3.0,10.348172,3.101183,14.1,1.951828,False
2006-02-09,12.6,2.2,10.399462,3.072903,14.3,2.200538,False
2006-02-10,12.1,6.4,10.445914,3.048817,14.3,1.654086,False
2006-02-11,12.1,3.5,10.493548,3.026344,14.31,1.606452,False
2006-02-12,11.9,1.8,10.564086,3.037634,14.5,1.335914,False
2006-02-13,12.1,2.7,10.626882,3.026882,14.6,1.473118,False
2006-02-14,10.3,1.2,10.696667,3.025484,14.7,-0.396667,False
2006-02-15,7.3,-3.0,10.757634,3.046559,14.7,-3.457634,False
2006-02-16,7.3,-3.5,10.835591,3.066989,14.71,-3.535591,False
2006-02-17,6.0,-3.3,10.908602,3.078602,14.8,-4.908602,False
2006-02-18,4.1,-5.0,10.976452,3.109785,14.9,-6.876452,False
2006-02-19,7.9,-5.8,11.054516,3.121613,15.1,-3.154516,False
2006-02-20,7.7,-6.4,11.120645,3.122151,15.31,-3.420645,False
2006-02-21,8.7,1.8,11.202796,3.146882,15.41,-2.502796,False
2006-02-22,9.6,4.8,11.301505,3.174731,15.7,-1.701505,False
2006-02-23,9.6,6.3,11.400323,3.22,15.8,-1.800323,False
2006-02-24,8.3,-2.8,11.533441,3.267957,15.91,-3.233441,False
2006-02-25,9.1,-2.7,11.664624,3.35172,16.11,-2.564624,False
2006-02-26,10.3,3.1,11.788817,3.432581,16.4,-1.488817,False
2006-02-27,10.4,6.4,11.88172,3.513871,16.5,-1.48172,False
2006-02-28,10.4,5.9,11.961828,3.577957,16.8,-1.561828,False
2006-03-01,16.0,4.3,12.050645,3.641075,17.01,3.949355,False
2006-03-02,15.2,5.6,12.11914,3.67,17.1,3.08086,False
2006-03-03,11.5,0.7,12.194731,3.715376,17.1,-0.694731,False
2006-03-04,13.7,3.4,12.289677,3.716022,17.3,1.410323,False
2006-03-05,13.5,6.6,12.404946,3.749892,17.6,1.095054,False
2006-03-06,12.0,7.6,12.510108,3.803441,17.7,-0.510108,False
2006-03-07,10.4,5.9,12.613548,3.834731,17.7,-2.213548,False
2006-03-08,9.2,3.1,12.707204,3.88,17.8,-3.507204,False
2006-03-09,6.5,1.5,12.810215,3.930753,18.0,-6.310215,False
2006-03-10,5.6,0.3,12.906667,3.972151,18.1,-7.306667,False
2006-03-11,7.1,-1.4,13.000108,4.036989,18.21,-5.900108,False
2006-03-12,8.3,-0.2,13.085914,4.103978,18.3,-4.785914,False
2006-03-13,11.1,-1.4,13.177097,4.178925,18.4,-2.077097,False
2006-03-14,11.0,1.9,13.32129,4.275269,18.5,-2.32129,False
2006-03-15,9.0,3.5,13.475054,4.363763,18.7,-4.475054,False
2006-03-16,9.5,5.3,13.60043,4.444409,19.1,-4.10043,False
2006-03-17,9.5,5.0,13.705269,4.49086,19.3,-4.205269,False
2006-03-18,9.7,3.1,13.802796,4.530753,19.3,-4.102796,False
2006-03-19,12.2,2.5,13.891075,4.547097,19.51,-1.691075,False
2006-03-20,13.6,2.3,13.994946,4.597957,19.7,-0.394946,False
2006-03-21,13.6,5.9,14.076237,4.646882,19.7,-0.476237,False
2006-03-22,13.6,8.2,14.162796,4.737634,19.81,-0.562796,False
2006-03-23,17.5,8.1,14.277957,4.835054,19.91,3.222043,False
2006-03-24,16.4,8.2,14.357957,4.913226,20.01,2.042043,False
2006-03-25,12.4,2.9,14.435269,4.965591,20.1,-2.035269,False
2006-03-26,11.4,3.5,14.496452,5.014086,20.11,-3.096452,False
2006-03-27,16.5,2.8,14.561505,5.060215,20.2,1.938495,False
2006-03-28,16.9,7.6,14.612473,5.093763,20.2,2.287527,False
2006-03-29,16.6,7.4,14.646559,5.118387,20.3,1.953441,False
2006-03-30,13.7,5.8,14.686022,5.098602,20.31,-0.986022,False
2006-03-31,15.3,6.1,14.736237,5.113333,20.4,0.563763,False
2006-04-01,15.1,6.1,14.826989,5.15828,20.5,0.273011,False
2006-04-02,13.6,6.9,14.942903,5.225914,20.7,-1.342903,False
2006-04-03,14.9,9.0,15.049677,5.269032,20.91,-0.149677,False
2006-04-04,16.4,4.3,15.143871,5.322151,21.21,1.256129,False
2006-04-05,16.7,7.2,15.234839,5.376882,21.51,1.465161,False
2006-04-06,15.2,6.3,15.342366,5.435699,21.62,-0.142366,False
2006-04-07,18.3,7.8,15.460645,5.496022,21.81,2.839355,False
2006-04-08,18.2,9.4,15.581398,5.562258,22.01,2.618602,False
2006-04-09,14.7,7.0,15.693763,5.626237,22.2,-0.993763,False
2006-04-10,14.5,7.4,15.816667,5.695914,22.4,-1.316667,False
2006-04-11,16.0,5.0,15.955161,5.764194,22.6,0.044839,False
2006-04-12,16.8,8.1,16.105699,5.853548,22.7,0.694301,False
2006-04-13,17.0,6.6,16.220215,5.925484,22.8,0.779785,False
2006-04-14,13.7,8.7,16.320968,5.991075,22.8,-2.620968,False
2006-04-15,8.9,4.1,16.397634,6.050323,22.8,-7.497634,False
2006-04-16,10.6,3.6,16.507419,6.079355,22.9,-5.907419,False
2006-04-17,12.3,3.5,16.643548,6.15914,23.0,-4.343548,False
2006-04-18,16.2,2.3,16.786129,6.241613,23.1,-0.586129,False
2006-04-19,19.9,3.4,16.918172,6.335591,23.3,2.981828,False
2006-04-20,20.1,6.5,17.041505,6.441075,23.5,3.058495,False
2006-04-21,18.9,7.6,17.197849,6.53129,23.6,1.702151,False
2006-04-22,17.5,2.4,17.352043,6.584946,23.81,0.147957,False
2006-04-23,22.6,4.4,17.468817,6.627742,24.11,5.131183,False
2006-04-24,22.8,7.3,17.584731,6.665161,24.21,5.215269,False
2006-04-25,21.0,7.7,17.716774,6.732258,24.52,3.283226,False
2006-04-26,20.1,7.5,17.880215,6.808817,25.01,2.219785,False
2006-04-27,21.9,7.7,18.013226,6.88129,25.32,3.886774,False
2006-04-28,25.7,9.5,18.165376,6.958602,25.6,7.534624,False
2006-04-29,25.6,9.1,18.376452,7.072903,25.8,7.223548,False
2006-04-30,15.6,1.7,18.586452,7.215269,26.02,-2.986452,False
2006-05-01,15.9,4.4,18.759892,7.336452,26.31,-2.859892,False
2006-05-02,17.7,3.2,18.893548,7.439785,26.5,-1.193548,False
2006-05-03,22.7,4.7,19.032581,7.537312,26.7,3.667419,False
2006-05-04,24.4,6.3,19.143871,7.642903,26.7,5.256129,False
2006-05-05,24.7,6.7,19.223763,7.756989,26.7,5.476237,False
2006-05-06,22.2,6.6,19.296344,7.837204,26.7,2.903656,False
2006-05-07,16.5,8.3,19.377419,7.920215,26.9,-2.877419,False
2006-05-08,13.8,5.0,19.505484,8.02914,27.1,-5.705484,False
2006-05-09,18.6,3.5,19.667097,8.138065,27.21,-1.067097,False
2006-05-10,23.5,6.0,19.807742,8.240645,27.3,3.692258,False
2006-05-11,23.0,10.9,19.916452,8.347957,27.3,3.083548,False
2006-05-12,18.6,4.7,20.023548,8.474624,27.3,-1.423548,False
2006-05-13,21.0,4.5,20.122688,8.575914,27.41,0.877312,False
2006-05-14,26.7,7.1,20.245699,8.677634,27.8,6.454301,False
2006-05-15,33.0,12.4,20.38043,8.764086,27.9,12.61957,True
2006-05-16,33.0,15.1,20.534409,8.882366,28.0,12.465591,True
2006-05-17,29.1,12.4,20.664839,9.011183,28.22,8.435161,True
2006-05-18,29.2,11.2,20.757097,9.096452,28.22,8.442903,True
2006-05-19,28.7,11.9,20.889462,9.183656,28.4,7.810538,True
2006-05-20,21.5,12.8,21.025699,9.286022,28.5,0.474301,False
2006-05-21,23.1,11.3,21.145699,9.374409,28.51,1.954301,False
2006-05-22,19.9,12.9,21.231075,9.454301,28.6,-1.331075,False
2006-05-23,18.3,11.4,21.296237,9.561505,28.6,-2.996237,False
2006-05-24,17.1,11.7,21.359032,9.650323,28.6,-4.259032,False
2006-05-25,16.7,9.2,21.446989,9.750538,28.6,-4.746989,False
2006-05-26,13.3,9.0,21.497419,9.82828,28.6,-8.197419,False
2006-05-27,13.1,8.4,21.547097,9.893441,28.51,-8.447097,False
2006-05-28,15.0,9.9,21.638172,9.967204,28.5,-6.638172,False
2006-05-29,18.7,9.6,21.678172,10.065269,28.4,-2.978172,False
2006-05-30,24.5,6.3,21.664194,10.101075,28.4,2.835806,False
2006-05-31,24.7,12.1,21.680645,10.133226,28.31,3.019355,False
2006-06-01,19.1,13.6,21.724301,10.17086,28.4,-2.624301,False
2006-06-02,19.9,14.8,21.798602,10.213118,28.4,-1.898602,False
2006-06-03,21.3,11.7,21.872366,10.277742,28.4,-0.572366,False
2006-06-04,21.4,14.8,21.977419,10.301828,28.4,-0.577419,False
2006-06-05,21.2,14.6,22.130968,10.367204,28.7,-0.930968,False
2006-06-06,22.3,11.3,22.285914,10.462473,28.81,0.014086,False
2006-06-07,22.6,10.1,22.426452,10.533548,28.9,0.173548,False
2006-06-08,21.0,11.0,22.511935,10.590323,28.71,-1.511935,False
2006-06-09,17.2,10.6,22.581935,10.659677,28.9,-5.381935,False
2006-06-10,20.0,12.1,22.694946,10.718925,29.1,-2.694946,False
2006-06-11,26.9,11.0,22.843978,10.793011,29.31,4.056022,False
2006-06-12,26.8,14.6,23.000645,10.87086,29.8,3.799355,False
2006-06-13,19.6,14.3,23.14871,10.949892,29.9,-3.54871,False
2006-06-14,18.5,13.5,23.294194,11.029785,30.01,-4.794194,False
2006-06-15,19.9,11.9,23.415161,11.118495,30.22,-3.515161,False
2006-06-16,21.2,14.6,23.519785,11.184946,30.41,-2.319785,False
2006-06-17,21.1,11.6,23.626989,11.256989,30.61,-2.526989,False
2006-06-18,20.6,9.1,23.747957,11.335914,30.8,-3.147957,False
2006-06-19,20.1,10.3,23.826452,11.397849,30.9,-3.726452,False
2006-06-20,20.9,8.6,23.924624,11.445591,30.9,-3.024624,False
2006-06-21,20.9,9.5,24.050323,11.49871,30.91,-3.150323,False
2006-06-22,22.8,9.5,24.213333,11.563871,31.11,-1.413333,False
2006-06-23,26.2,8.3,24.393333,11.631183,31.3,1.806667,False
2006-06-24,32.5,11.7,24.591613,11.724409,31.4,7.908387,True
2006-06-25,36.5,15.0,24.774946,11.816667,31.61,11.725054,True
2006-06-26,37.8,17.4,24.977097,11.903011,31.71,12.822903,True
2006-06-27,37.5,18.4,25.169892,11.997742,31.81,12.330108,True
2006-06-28,29.1,10.7,25.332043,12.107097,31.91,3.767957,False
2006-06-29,26.2,10.9,25.516989,12.151398,32.0,0.683011,False
2006-06-30,32.0,12.7,25.750215,12.253978,32.0,6.249785,False
2006-07-01,32.0,12.2,25.966237,12.367097,32.2,6.033763,False
2006-07-02,31.3,13.1,26.17086,12.480645,32.41,5.12914,False
2006-07-03,31.8,13.3,26.342151,12.574194,32.6,5.457849,False
2006-07-04,28.8,13.8,26.510108,12.654409,32.7,2.289892,False
2006-07-05,26.0,12.5,26.672688,12.764409,32.9,-0.672688,False
2006-07-06,20.6,13.2,26.817527,12.847957,33.11,-6.217527,False
2006-07-07,26.6,9.6,26.988602,12.93828,33.4,-0.388602,False
2006-07-08,32.7,14.0,27.129462,13.043656,33.6,5.570538,False
2006-07-09,32.7,17.0,27.295484,13.124624,33.71,5.404516,False
2006-07-10,31.3,15.2,27.45043,13.176344,33.8,3.84957,False
2006-07-11,24.4,10.3,27.588495,13.236452,33.8,-3.188495,False
2006-07-12,22.9,15.2,27.734194,13.290108,33.9,-4.834194,False
2006-07-13,25.3,14.7,27.866237,13.347634,33.9,-2.566237,False
2006-07-14,28.6,12.4,27.997527,13.390538,33.9,0.602473,False
2006-07-15,28.9,14.6,28.122688,13.440538,34.0,0.777312,False
2006-07-16,29.2,11.4,28.244086,13.467634,34.11,0.955914,False
2006-07-17,29.5,11.8,28.348172,13.49828,34.01,1.151828,False
2006-07-18,25.5,9.5,28.440753,13.526129,34.1,-2.940753,False
2006-07-19,27.9,11.7,28.54129,13.556989,34.11,-0.64129,False
2006-07-20,34.0,14.0,28.686452,13.622258,34.21,5.313548,False
2006-07-21,39.7,16.7,28.813226,13.685914,34.43,10.886774,True
2006-07-22,39.8,24.8,28.870108,13.735806,34.43,10.929892,True
2006-07-23,39.2,22.3,28.884086,13.776559,34.43,10.315914,True
2006-07-24,39.3,22.6,28.888495,13.806667,34.43,10.411505,True
2006-07-25,36.3,14.9,28.907419,13.831505,34.8,7.392581,True
2006-07-26,30.9,14.9,28.950753,13.858495,35.0,1.949247,False
2006-07-27,31.3,15.3,28.997849,13.891398,35.0,2.302151,False
2006-07-28,28.3,12.9,29.039462,13.90914,35.01,-0.739462,False
2006-07-29,23.7,11.5,29.109032,13.915591,35.01,-5.409032,False
2006-07-30,21.4,13.1,29.196774,13.968495,35.1,-7.796774,False
2006-07-31,25.7,10.2,29.23086,13.995161,35.1,-3.53086,False
2006-08-01,25.5,12.0,29.251183,14.001613,35.2,-3.751183,False
2006-08-02,25.5,11.4,29.267849,14.008495,35.11,-3.767849,False
2006-08-03,26.4,10.6,29.310215,14.00871,35.11,-2.910215,False
2006-08-04,26.6,10.5,29.315269,14.015269,35.2,-2.715269,False
2006-08-05,30.6,11.3,29.313763,14.01172,35.2,1.286237,False
2006-08-06,31.8,15.7,29.295054,14.001075,35.2,2.504946,False
2006-08-07,31.9,14.7,29.219677,13.946667,35.1,2.680323,False
2006-08-08,31.3,13.2,29.170538,13.894731,35.0,2.129462,False
2006-08-09,26.6,15.6,29.106452,13.846774,35.0,-2.506452,False
2006-08-10,25.0,13.0,29.051183,13.816022,35.0,-4.051183,False
2006-08-11,24.5,12.0,29.00871,13.787742,34.9,-4.50871,False
2006-08-12,26.3,9.4,28.934946,13.757742,34.7,-2.634946,False
2006-08-13,32.2,12.4,28.880645,13.72129,34.7,3.319355,False
2006-08-14,32.2,17.0,28.824731,13.70914,34.6,3.375269,False
2006-08-15,30.5,12.6,28.723871,13.685591,34.5,1.776129,False
2006-08-16,23.5,12.3,28.606129,13.671075,34.31,-5.106129,False
2006-08-17,24.0,12.9,28.515376,13.637204,34.21,-4.515376,False
2006-08-18,33.0,11.8,28.454194,13.58957,34.21,4.545806,False
2006-08-19,33.3,16.7,28.393871,13.556667,34.31,4.906129,False
2006-08-20,32.9,14.3,28.283226,13.501075,34.3,4.616774,False
2006-08-21,32.8,12.4,28.164516,13.438925,34.2,4.635484,False
2006-08-22,26.7,11.5,28.093333,13.38086,34.2,-1.393333,False
2006-08-23,24.2,11.1,28.070538,13.333333,34.2,-3.870538,False
2006-08-24,21.3,13.3,28.033978,13.297634,34.2,-6.733978,False
2006-08-25,28.6,10.9,27.956129,13.244839,34.0,0.643871,False
2006-08-26,32.9,13.0,27.865914,13.18129,33.9,5.034086,False
2006-08-27,33.9,14.8,27.815161,13.127849,33.9,6.084839,False
2006-08-28,33.7,14.9,27.756129,13.058925,33.8,5.943871,False
2006-08-29,31.8,12.8,27.649032,12.97914,33.7,4.150968,False
2006-08-30,20.4,11.5,27.478602,12.89828,33.32,-7.078602,False
2006-08-31,26.7,8.1,27.31,12.823548,33.11,-0.61,False
2006-09-01,33.5,12.6,27.141398,12.747204,33.0,6.358602,True
2006-09-02,35.3,13.5,26.963978,12.666344,32.81,8.336022,True
2006-09-03,35.6,15.2,26.765484,12.590215,32.7,8.834516,True
2006-09-04,31.5,13.6,26.60086,12.510215,32.6,4.89914,False
2006-09-05,29.6,11.2,26.42129,12.404409,32.5,3.17871,False
2006-09-06,29.7,13.8,26.271075,12.304839,32.5,3.428925,False
2006-09-07,28.7,10.1,26.169677,12.226022,32.41,2.530323,False
2006-09-08,26.2,10.7,26.071828,12.12957,32.41,0.128172,False
2006-09-09,25.1,14.6,25.973978,12.053978,32.4,-0.873978,False
2006-09-10,25.0,8.2,25.85828,12.008065,32.4,-0.85828,False
2006-09-11,28.8,12.0,25.710108,11.930645,32.3,3.089892,False
2006-09-12,28.9,13.4,25.593118,11.836237,32.2,3.306882,False
2006-09-13,26.8,11.0,25.475914,11.732258,32.01,1.324086,False
2006-09-14,17.4,11.8,25.346022,11.623656,31.91,-7.946022,False
2006-09-15,16.9,9.3,25.217097,11.530323,31.9,-8.317097,False
2006-09-16,18.8,8.3,25.071398,11.425376,31.9,-6.271398,False
2006-09-17,23.3,8.5,24.871828,11.314731,31.7,-1.571828,False
2006-09-18,23.3,13.5,24.626237,11.211613,31.51,-1.326237,False
2006-09-19,20.8,11.4,24.394946,11.083333,31.3,-3.594946,False
2006-09-20,17.7,8.4,24.196129,10.946129,30.81,-6.496129,False
2006-09-21,16.7,11.5,24.03043,10.842151,30.42,-7.33043,False
2006-09-22,20.2,8.4,23.845376,10.763226,30.2,-3.645376,False
2006-09-23,26.3,7.6,23.620753,10.667097,30.1,2.679247,False
2006-09-24,29.2,10.2,23.386129,10.533656,29.91,5.813871,False
2006-09-25,29.2,9.9,23.142903,10.400108,29.71,6.057097,False
2006-09-26,29.2,9.6,22.869892,10.246882,29.5,6.330108,False
2006-09-27,30.0,10.4,22.565161,10.093011,29.3,7.434839,False
2006-09-28,30.1,11.0,22.270645,9.977419,29.0,7.829355,False
2006-09-29,28.6,11.0,22.010968,9.846452,28.8,6.589032,False
2006-09-30,27.2,9.8,21.786452,9.696559,28.7,5.413548,False
2006-10-01,21.0,8.1,21.586022,9.57043,28.41,-0.586022,False
2006-10-02,19.9,7.3,21.39172,9.443978,28.3,-1.49172,False
2006-10-03,19.4,8.9,21.21086,9.321183,28.0,-1.81086,False
2006-10-04,20.4,7.9,21.041505,9.226989,27.9,-0.641505,False
2006-10-05,21.4,9.1,20.845591,9.124946,27.8,0.554409,False
2006-10-06,21.4,9.5,20.650538,9.048172,27.7,0.749462,False
2006-10-07,16.9,10.9,20.443118,8.956559,27.5,-3.543118,False
2006-10-08,16.9,5.8,20.206344,8.837097,27.11,-3.306344,False
2006-10-09,21.8,8.7,19.939892,8.736989,26.61,1.860108,False
2006-10-10,23.0,4.2,19.659462,8.611613,26.12,3.340538,False
2006-10-11,24.0,5.6,19.367312,8.475376,25.8,4.632688,False
2006-10-12,24.3,4.5,19.086452,8.319462,25.4,5.213548,False
2006-10-13,24.2,5.5,18.767957,8.198925,24.91,5.432043,False
2006-10-14,21.7,8.3,18.423226,8.086237,24.51,3.276774,False
2006-10-15,15.8,10.0,18.087849,7.944624,23.71,-2.287849,False
2006-10-16,14.8,9.7,17.792043,7.802366,23.21,-2.992043,False
2006-10-17,15.6,8.3,17.527097,7.666989,23.0,-1.927097,False
2006-10-18,15.7,6.8,17.3,7.546022,22.51,-1.6,False
2006-10-19,16.7,11.1,17.094946,7.421613,22.4,-0.394946,False
2006-10-20,16.7,8.9,16.88,7.33086,22.3,-0.18,False
2006-10-21,20.3,5.8,16.642581,7.265054,21.81,3.657419,False
2006-10-22,20.5,7.7,16.383333,7.177742,21.6,4.116667,False
2006-10-23,20.0,5.2,16.144731,7.052043,21.4,3.855269,False
2006-10-24,13.7,3.0,15.903978,6.92172,21.11,-2.203978,False
2006-10-25,13.4,4.7,15.669355,6.792581,20.9,-2.269355,False
2006-10-26,14.5,0.6,15.44957,6.693656,20.41,-0.94957,False
2006-10-27,16.5,3.1,15.268387,6.617204,20.3,1.231613,False
2006-10-28,16.4,5.2,15.067957,6.566129,20.11,1.332043,False
2006-10-29,13.5,5.6,14.871935,6.500215,19.8,-1.371935,False
2006-10-30,10.9,-0.7,14.660108,6.447527,19.6,-3.760108,False
2006-10-31,10.7,-1.9,14.464731,6.384516,19.3,-3.764731,False
2006-11-01,11.8,-0.2,14.242688,6.286129,19.1,-2.442688,False
2006-11-02,11.0,4.7,14.034086,6.216774,18.7,-3.034086,False
2006-11-03,13.1,8.6,13.812796,6.105054,18.3,-0.712796,False
2006-11-04,14.8,11.8,13.571075,5.99086,17.91,1.228925,False
2006-11-05,15.0,12.4,13.345484,5.86086,17.7,1.654516,False
2006-11-06,17.9,14.8,13.110323,5.709247,17.31,4.789677,False
2006-11-07,17.3,13.3,12.851935,5.564731,17.1,4.448065,False
2006-11-08,12.7,7.8,12.600968,5.45,16.7,0.099032,False
2006-11-09,10.8,6.6,12.379785,5.349462,16.4,-1.579785,False
2006-11-10,9.9,7.2,12.194301,5.265914,16.2,-2.294301,False
2006-11-11,10.3,5.6,12.022903,5.155484,16.0,-1.722903,False
2006-11-12,10.0,6.6,11.837097,5.082473,15.7,-1.837097,False
2006-11-13,10.8,5.1,11.656882,4.976452,15.51,-0.856882,False
2006-11-14,10.9,3.3,11.480323,4.863978,15.4,-0.580323,False
2006-11-15,12.9,5.9,11.323226,4.782796,15.3,1.576774,False
2006-11-16,12.0,4.5,11.176774,4.706344,15.2,0.823226,False
2006-11-17,10.4,0.9,11.025484,4.65957,14.81,-0.625484,False
2006-11-18,10.2,3.3,10.864516,4.567204,14.61,-0.664516,False
2006-11-19,10.5,6.6,10.703441,4.468925,14.5,-0.203441,False
2006-11-20,13.0,8.2,10.524946,4.325269,14.2,2.475054,False
2006-11-21,11.6,6.9,10.348495,4.200108,14.1,1.251505,False
2006-11-22,8.1,6.3,10.159247,4.069462,13.8,-2.059247,False
2006-11-23,7.0,5.0,9.969247,3.947097,13.6,-2.969247,False
2006-11-24,7.3,5.1,9.811398,3.838817,13.5,-2.511398,False
2006-11-25,7.2,2.1,9.687204,3.773763,13.5,-2.487204,False
2006-11-26,7.5,2.8,9.564946,3.707849,13.5,-2.064946,False
2006-11-27,6.7,-0.2,9.444516,3.662366,13.4,-2.744516,False
2006-11-28,2.1,-2.2,9.333333,3.572473,13.2,-7.233333,False
2006-11-29,0.8,-4.3,9.202688,3.444516,13.1,-8.402688,False
2006-11-30,6.7,-0.2,9.044731,3.331075,13.0,-2.344731,False
2006-12-01,5.5,0.8,8.908172,3.242043,12.7,-3.408172,False
2006-12-02,6.4,0.3,8.794409,3.167957,12.6,-2.394409,False
2006-12-03,5.4,-0.6,8.671183,3.06043,12.5,-3.271183,False
2006-12-04,5.9,-1.6,8.571183,2.995054,12.3,-2.671183,False
2006-12-05,7.3,1.8,8.487849,2.952258,12.2,-1.187849,False
2006-12-06,8.4,-0.1,8.405699,2.890215,12.01,-0.005699,False
2006-12-07,6.2,0.2,8.32871,2.854839,12.0,-2.12871,False
2006-12-08,6.6,2.5,8.276344,2.820968,11.9,-1.676344,False
2006-12-09,9.8,3.2,8.222258,2.765161,11.9,1.577742,False
2006-12-10,8.9,5.0,8.160215,2.708495,11.8,0.739785,False
2006-12-11,11.6,7.7,8.072258,2.642366,11.7,3.527742,False
2006-12-12,10.2,7.5,8.015054,2.629462,11.6,2.184946,False
2006-12-13,12.2,8.3,7.973118,2.626237,11.51,4.226882,False
2006-12-14,13.1,6.2,7.928387,2.606452,11.5,5.171613,False
2006-12-15,13.0,4.1,7.879892,2.587312,11.5,5.120108,False
2006-12-16,4.2,-1.7,7.819677,2.532258,11.4,-3.619677,False
2006-12-17,3.3,-4.3,7.767097,2.487742,11.4,-4.467097,False
2006-12-18,3.2,-4.5,7.73043,2.413763,11.4,-4.53043,False
2006-12-19,4.8,-2.9,7.699032,2.40172,11.4,-2.899032,False
2006-12-20,1.5,-1.3,7.672473,2.406452,11.5,-6.172473,False
2006-12-21,7.9,1.5,7.653118,2.423118,11.5,0.246882,False
2006-12-22,5.9,1.1,7.64172,2.402366,11.5,-1.74172,False
2006-12-23,8.8,3.4,7.661183,2.424086,11.5,1.138817,False
2006-12-24,8.0,1.4,7.688602,2.457312,11.51,0.311398,False
2006-12-25,8.6,5.7,7.706237,2.482043,11.5,0.893763,False
2006-12-26,7.5,5.3,7.714086,2.500753,11.5,-0.214086,False
2006-12-27,7.8,4.1,7.715699,2.495591,11.51,0.084301,False
2006-12-28,7.1,-2.8,7.701183,2.461075,11.5,-0.601183,False
2006-12-29,4.4,-0.7,7.694946,2.446344,11.6,-3.294946,False
2006-12-30,5.2,-1.5,7.693333,2.455484,11.6,-2.493333,False
2006-12-31,4.8,0.8,7.716344,2.440215,11.6,-2.916344,False
2007-01-01,5.5,-0.4,7.713118,2.42828,11.6,-2.213118,False
2007-01-02,12.1,4.4,7.717419,2.41,11.6,4.382581,False
2007-01-03,11.7,8.4,7.772903,2.444086,11.6,3.927097,False
2007-01-04,8.6,3.8,7.811935,2.478602,11.61,0.788065,False
2007-01-05,5.3,0.9,7.850538,2.467204,11.6,-2.550538,False
2007-01-06,8.0,4.3,7.883011,2.480753,11.6,0.116989,False
2007-01-07,9.9,5.7,7.923226,2.497742,11.6,1.976774,False
2007-01-08,10.3,5.5,7.967742,2.537097,11.61,2.332258,False
2007-01-09,10.4,5.7,8.029677,2.589785,11.71,2.370323,False
2007-01-10,9.9,1.3,8.11,2.629892,11.9,1.79,False
2007-01-11,2.8,-1.9,8.18129,2.667742,11.9,-5.38129,False
2007-01-12,1.7,-8.3,8.213226,2.637957,12.0,-6.513226,False
2007-01-13,0.3,-6.6,8.267204,2.646237,12.1,-7.967204,False
2007-01-14,1.6,-7.4,8.334839,2.688387,12.1,-6.734839,False
2007-01-15,2.3,-6.9,8.407849,2.707527,12.1,-6.107849,False
2007-01-16,0.8,-4.4,8.485699,2.760753,12.2,-7.685699,False
2007-01-17,1.4,-3.9,8.565484,2.776882,12.21,-7.165484,False
2007-01-18,3.4,-0.8,8.633763,2.808495,12.3,-5.233763,False
2007-01-19,4.1,-1.5,8.712796,2.823656,12.4,-4.612796,False
2007-01-20,7.6,0.3,8.815591,2.850323,12.6,-1.215591,False
2007-01-21,7.1,-0.3,8.923333,2.879355,12.8,-1.823333,False
2007-01-22,9.5,0.4,9.015161,2.933118,12.8,0.484839,False
2007-01-23,11.6,1.9,9.090538,2.943226,12.9,2.509462,False
2007-01-24,10.8,-0.5,9.14172,2.934946,13.0,1.65828,False
2007-01-25,10.4,-1.6,9.217097,2.922151,13.2,1.182903,False
2007-01-26,9.4,1.2,9.283333,2.896344,13.2,0.116667,False
2007-01-27,8.9,-0.7,9.365376,2.902903,13.3,-0.465376,False
2007-01-28,9.1,-1.8,9.46871,2.922366,13.3,-0.36871,False
2007-01-29,8.7,-1.2,9.547527,2.926344,13.31,-0.847527,False
2007-01-30,8.4,-1.0,9.63914,2.945161,13.4,-1.23914,False
2007-01-31,8.7,-0.1,9.752258,3.00129,13.5,-1.052258,False
2007-02-01,9.1,-3.7,9.868387,3.06,13.7,-0.768387,False
2007-02-02,8.7,-4.3,9.968925,3.114086,13.7,-1.268925,False
2007-02-03,6.0,-2.3,10.026129,3.105914,13.8,-4.026129,False
2007-02-04,14.7,2.4,10.077527,3.108602,13.8,4.622473,False
2007-02-05,14.7,4.3,10.134516,3.099247,13.81,4.565484,False
2007-02-06,11.1,4.0,10.202366,3.118602,14.0,0.897634,False
2007-02-07,10.9,5.6,10.281935,3.136559,14.1,0.618065,False
2007-02-08,11.0,5.5,10.348172,3.101183,14.1,0.651828,False
2007-02-09,13.8,6.6,10.399462,3.072903,14.3,3.400538,False
2007-02-10,14.3,4.7,10.445914,3.048817,14.3,3.854086,False
2007-02-11,10.8,6.7,10.493548,3.026344,14.31,0.306452,False
2007-02-12,11.2,6.4,10.564086,3.037634,14.5,0.635914,False
2007-02-13,11.6,4.1,10.626882,3.026882,14.6,0.973118,False
2007-02-14,10.7,4.1,10.696667,3.025484,14.7,0.003333,False
2007-02-15,12.2,7.6,10.757634,3.046559,14.7,1.442366,False
2007-02-16,12.6,9.7,10.835591,3.066989,14.71,1.764409,False
2007-02-17,15.9,6.6,10.908602,3.078602,14.8,4.991398,False
2007-02-18,15.4,6.4,10.976452,3.109785,14.9,4.423548,False
2007-02-19,8.6,5.7,11.054516,3.121613,15.1,-2.454516,False
2007-02-20,8.7,5.3,11.120645,3.122151,15.31,-2.420645,False
2007-02-21,9.2,2.2,11.202796,3.146882,15.41,-2.002796,False
2007-02-22,8.6,3.9,11.301505,3.174731,15.7,-2.701505,False
2007-02-23,7.0,1.6,11.400323,3.22,15.8,-4.400323,False
2007-02-24,7.9,3.8,11.533441,3.267957,15.91,-3.633441,False
2007-02-25,7.5,5.6,11.664624,3.35172,16.11,-4.164624,False
2007-02-26,7.3,2.3,11.788817,3.432581,16.4,-4.488817,False
2007-02-27,6.8,1.0,11.88172,3.513871,16.5,-5.08172,False
2007-02-28,6.1,0.6,11.961828,3.577957,16.8,-5.861828,False
2007-03-01,6.4,1.0,12.050645,3.641075,17.01,-5.650645,False
2007-03-02,7.6,3.8,12.11914,3.67,17.1,-4.51914,False
2007-03-03,11.6,7.0,12.194731,3.715376,17.1,-0.594731,False
2007-03-04,14.6,5.9,12.289677,3.716022,17.3,2.310323,False
2007-03-05,17.1,7.7,12.404946,3.749892,17.6,4.695054,False
2007-03-06,18.7,4.5,12.510108,3.803441,17.7,6.189892,False
2007-03-07,18.7,9.4,12.613548,3.834731,17.7,6.086452,False
2007-03-08,12.4,5.8,12.707204,3.88,17.8,-0.307204,False
2007-03-09,10.4,5.7,12.810215,3.930753,18.0,-2.410215,False
2007-03-10,13.6,8.6,12.906667,3.972151,18.1,0.693333,False
2007-03-11,19.6,12.1,13.000108,4.036989,18.21,6.599892,False
2007-03-12,19.5,11.3,13.085914,4.103978,18.3,6.414086,False
2007-03-13,14.5,3.4,13.177097,4.178925,18.4,1.322903,False
2007-03-14,11.0,5.7,13.32129,4.275269,18.5,-2.32129,False
2007-03-15,13.2,-0.3,13.475054,4.363763,18.7,-0.275054,False
2007-03-16,20.9,3.7,13.60043,4.444409,19.1,7.29957,False
2007-03-17,21.3,6.9,13.705269,4.49086,19.3,7.594731,False
2007-03-18,18.6,10.5,13.802796,4.530753,19.3,4.797204,False
2007-03-19,18.6,9.6,13.891075,4.547097,19.51,4.708925,False
2007-03-20,10.5,6.9,13.994946,4.597957,19.7,-3.494946,False
2007-03-21,11.6,-0.9,14.076237,4.646882,19.7,-2.476237,False
2007-03-22,14.4,3.4,14.162796,4.737634,19.81,0.237204,False
2007-03-23,14.1,5.3,14.277957,4.835054,19.91,-0.177957,False
2007-03-24,13.9,11.1,14.357957,4.913226,20.01,-0.457957,False
2007-03-25,14.3,8.1,14.435269,4.965591,20.1,-0.135269,False
2007-03-26,14.1,2.3,14.496452,5.014086,20.11,-0.396452,False
2007-03-27,10.4,5.5,14.561505,5.060215,20.2,-4.161505,False
2007-03-28,12.3,2.2,14.612473,5.093763,20.2,-2.312473,False
2007-03-29,18.6,0.2,14.646559,5.118387,20.3,3.953441,False
2007-03-30,18.3,4.9,14.686022,5.098602,20.31,3.613978,False
2007-03-31,16.2,9.2,14.736237,5.113333,20.4,1.463763,False
2007-04-01,11.7,0.0,14.826989,5.15828,20.5,-3.126989,False
2007-04-02,10.6,2.0,14.942903,5.225914,20.7,-4.342903,False
2007-04-03,14.0,-0.6,15.049677,5.269032,20.91,-1.049677,False
2007-04-04,16.4,7.3,15.143871,5.322151,21.21,1.256129,False
2007-04-05,23.6,5.9,15.234839,5.376882,21.51,8.365161,False
2007-04-06,24.9,9.7,15.342366,5.435699,21.62,9.557634,False
2007-04-07,24.7,12.5,15.460645,5.496022,21.81,9.239355,False
2007-04-08,15.7,6.8,15.581398,5.562258,22.01,0.118602,False
2007-04-09,12.9,7.7,15.693763,5.626237,22.2,-2.793763,False
2007-04-10,13.0,4.3,15.816667,5.695914,22.4,-2.816667,False
2007-04-11,13.4,4.9,15.955161,5.764194,22.6,-2.555161,False
2007-04-12,12.5,5.7,16.105699,5.853548,22.7,-3.605699,False
2007-04-13,14.8,4.3,16.220215,5.925484,22.8,-1.420215,False
2007-04-14,14.7,8.3,16.320968,5.991075,22.8,-1.620968,False
2007-04-15,13.5,3.8,16.397634,6.050323,22.8,-2.897634,False
2007-04-16,13.6,2.4,16.507419,6.079355,22.9,-2.907419,False
2007-04-17,11.5,5.4,16.643548,6.15914,23.0,-5.143548,False
2007-04-18,11.1,3.8,16.786129,6.241613,23.1,-5.686129,False
2007-04-19,13.3,2.4,16.918172,6.335591,23.3,-3.618172,False
2007-04-20,15.9,2.1,17.041505,6.441075,23.5,-1.141505,False
2007-04-21,15.8,5.5,17.197849,6.53129,23.6,-1.397849,False
2007-04-22,15.1,6.7,17.352043,6.584946,23.81,-2.252043,False
2007-04-23,18.1,4.8,17.468817,6.627742,24.11,0.631183,False
2007-04-24,18.4,9.6,17.584731,6.665161,24.21,0.815269,False
2007-04-25,14.4,7.9,17.716774,6.732258,24.52,-3.316774,False
2007-04-26,17.2,4.8,17.880215,6.808817,25.01,-0.680215,False
2007-04-27,19.9,8.1,18.013226,6.88129,25.32,1.886774,False
2007-04-28,20.0,10.4,18.165376,6.958602,25.6,1.834624,False
2007-04-29,18.5,7.8,18.376452,7.072903,25.8,0.123548,False
2007-04-30,17.3,4.6,18.586452,7.215269,26.02,-1.286452,False
2007-05-01,16.8,6.8,18.759892,7.336452,26.31,-1.959892,False
2007-05-02,14.1,8.6,18.893548,7.439785,26.5,-4.793548,False
2007-05-03,11.8,4.6,19.032581,7.537312,26.7,-7.232581,False
2007-05-04,13.6,5.6,19.143871,7.642903,26.7,-5.543871,False
2007-05-05,13.2,2.5,19.223763,7.756989,26.7,-6.023763,False
2007-05-06,17.0,6.3,19.296344,7.837204,26.7,-2.296344,False
2007-05-07,25.1,10.5,19.377419,7.920215,26.9,5.722581,False
2007-05-08,25.3,10.3,19.505484,8.02914,27.1,5.794516,False
2007-05-09,20.0,5.9,19.667097,8.138065,27.21,0.332903,False
2007-05-10,19.4,5.6,19.807742,8.240645,27.3,-0.407742,False
2007-05-11,19.6,4.7,19.916452,8.347957,27.3,-0.316452,False
2007-05-12,18.8,7.5,20.023548,8.474624,27.3,-1.223548,False
2007-05-13,14.6,7.1,20.122688,8.575914,27.41,-5.522688,False
2007-05-14,25.1,3.6,20.245699,8.677634,27.8,4.854301,False
2007-05-15,27.3,9.7,20.38043,8.764086,27.9,6.91957,False
2007-05-16,26.2,6.7,20.534409,8.882366,28.0,5.665591,False
2007-05-17,20.6,5.7,20.664839,9.011183,28.22,-0.064839,False
2007-05-18,21.8,7.2,20.757097,9.096452,28.22,1.042903,False
2007-05-19,18.8,11.2,20.889462,9.183656,28.4,-2.089462,False
2007-05-20,15.7,9.0,21.025699,9.286022,28.5,-5.325699,False
2007-05-21,15.7,6.6,21.145699,9.374409,28.51,-5.445699,False
2007-05-22,17.5,6.7,21.231075,9.454301,28.6,-3.731075,False
2007-05-23,20.9,6.7,21.296237,9.561505,28.6,-0.396237,False
2007-05-24,24.1,9.6,21.359032,9.650323,28.6,2.740968,False
2007-05-25,24.3,10.7,21.446989,9.750538,28.6,2.853011,False
2007-05-26,24.6,11.3,21.497419,9.82828,28.6,3.102581,False
2007-05-27,22.3,11.1,21.547097,9.893441,28.51,0.752903,False
2007-05-28,18.8,7.9,21.638172,9.967204,28.5,-2.838172,False
2007-05-29,29.8,6.6,21.678172,10.065269,28.4,8.121828,True
2007-05-30,31.2,11.0,21.664194,10.101075,28.4,9.535806,True
2007-05-31,31.4,12.4,21.680645,10.133226,28.31,9.719355,True
2007-06-01,28.4,10.5,21.724301,10.17086,28.4,6.675699,False
2007-06-02,28.6,12.6,21.798602,10.213118,28.4,6.801398,True
2007-06-03,29.7,14.2,21.872366,10.277742,28.4,7.827634,True
2007-06-04,29.8,14.8,21.977419,10.301828,28.4,7.822581,True
2007-06-05,20.2,12.7,22.130968,10.367204,28.7,-1.930968,False
2007-06-06,17.5,7.8,22.285914,10.462473,28.81,-4.785914,False
2007-06-07,18.0,10.3,22.426452,10.533548,28.9,-4.426452,False
2007-06-08,21.8,7.6,22.511935,10.590323,28.71,-0.711935,False
2007-06-09,21.9,10.7,22.581935,10.659677,28.9,-0.681935,False
2007-06-10,18.2,11.9,22.694946,10.718925,29.1,-4.494946,False
2007-06-11,18.1,9.4,22.843978,10.793011,29.31,-4.743978,False
2007-06-12,23.6,6.1,23.000645,10.87086,29.8,0.599355,False
2007-06-13,24.2,13.4,23.14871,10.949892,29.9,1.05129,False
2007-06-14,20.4,10.4,23.294194,11.029785,30.01,-2.894194,False
2007-06-15,20.7,13.4,23.415161,11.118495,30.22,-2.715161,False
2007-06-16,19.6,10.4,23.519785,11.184946,30.41,-3.919785,False
2007-06-17,18.3,10.8,23.626989,11.256989,30.61,-5.326989,False
2007-06-18,19.8,10.7,23.747957,11.335914,30.8,-3.947957,False
2007-06-19,27.5,8.0,23.826452,11.397849,30.9,3.673548,False
2007-06-20,27.9,11.7,23.924624,11.445591,30.9,3.975376,False
2007-06-21,27.8,12.5,24.050323,11.49871,30.91,3.749677,False
2007-06-22,24.9,12.1,24.213333,11.563871,31.11,0.686667,False
2007-06-23,20.5,7.4,24.393333,11.631183,31.3,-3.893333,False
2007-06-24,20.6,10.7,24.591613,11.724409,31.4,-3.991613,False
2007-06-25,21.5,8.0,24.774946,11.816667,31.61,-3.274946,False
2007-06-26,31.1,8.1,24.977097,11.903011,31.71,6.122903,False
2007-06-27,30.9,10.5,25.169892,11.997742,31.81,5.730108,False
2007-06-28,24.2,13.4,25.332043,12.107097,31.91,-1.132043,False
2007-06-29,19.3,12.4,25.516989,12.151398,32.0,-6.216989,False
2007-06-30,24.4,10.0,25.750215,12.253978,32.0,-1.350215,False
2007-07-01,24.4,10.3,25.966237,12.367097,32.2,-1.566237,False
2007-07-02,26.7,12.1,26.17086,12.480645,32.41,0.52914,False
2007-07-03,29.7,12.8,26.342151,12.574194,32.6,3.357849,False
2007-07-04,32.0,14.5,26.510108,12.654409,32.7,5.489892,False
2007-07-05,31.9,15.3,26.672688,12.764409,32.9,5.227312,False
2007-07-06,30.5,12.3,26.817527,12.847957,33.11,3.682473,False
2007-07-07,27.8,12.5,26.988602,12.93828,33.4,0.811398,False
2007-07-08,27.3,12.4,27.129462,13.043656,33.6,0.170538,False
2007-07-09,30.3,13.9,27.295484,13.124624,33.71,3.004516,False
2007-07-10,38.4,16.1,27.45043,13.176344,33.8,10.94957,True
2007-07-11,38.7,18.6,27.588495,13.236452,33.8,11.111505,True
2007-07-12,36.9,17.1,27.734194,13.290108,33.9,9.165806,True
2007-07-13,30.6,15.0,27.866237,13.347634,33.9,2.733763,False
2007-07-14,30.8,16.2,27.997527,13.390538,33.9,2.802473,False
2007-07-15,30.0,14.9,28.122688,13.440538,34.0,1.877312,False
2007-07-16,27.1,15.7,28.244086,13.467634,34.11,-1.144086,False
2007-07-17,26.2,15.9,28.348172,13.49828,34.01,-2.148172,False
2007-07-18,23.8,16.5,28.440753,13.526129,34.1,-4.640753,False
2007-07-19,23.8,13.4,28.54129,13.556989,34.11,-4.74129,False
2007-07-20,23.3,14.8,28.686452,13.622258,34.21,-5.386452,False
2007-07-21,24.1,15.7,28.813226,13.685914,34.43,-4.713226,False
2007-07-22,26.8,17.6,28.870108,13.735806,34.43,-2.070108,False
2007-07-23,26.7,17.9,28.884086,13.776559,34.43,-2.184086,False
2007-07-24,24.3,13.2,28.888495,13.806667,34.43,-4.588495,False
2007-07-25,27.8,12.4,28.907419,13.831505,34.8,-1.107419,False
2007-07-26,28.2,13.1,28.950753,13.858495,35.0,-0.750753,False
2007-07-27,28.2,11.1,28.997849,13.891398,35.0,-0.797849,False
2007-07-28,28.9,14.2,29.039462,13.90914,35.01,-0.139462,False
2007-07-29,27.1,17.0,29.109032,13.915591,35.01,-2.009032,False
2007-07-30,25.1,12.0,29.196774,13.968495,35.1,-4.096774,False
2007-07-31,29.5,11.3,29.23086,13.995161,35.1,0.26914,False
2007-08-01,32.8,14.2,29.251183,14.001613,35.2,3.548817,False
2007-08-02,32.6,15.3,29.267849,14.008495,35.11,3.332151,False
2007-08-03,31.1,13.4,29.310215,14.00871,35.11,1.789785,False
2007-08-04,25.8,12.5,29.315269,14.015269,35.2,-3.515269,False
2007-08-05,25.6,11.9,29.313763,14.01172,35.2,-3.713763,False
2007-08-06,24.0,14.6,29.295054,14.001075,35.2,-5.295054,False
2007-08-07,22.7,15.0,29.219677,13.946667,35.1,-6.519677,False
2007-08-08,23.9,15.5,29.170538,13.894731,35.0,-5.270538,False
2007-08-09,24.6,12.0,29.106452,13.846774,35.0,-4.506452,False
2007-08-10,23.4,11.5,29.051183,13.816022,35.0,-5.651183,False
2007-08-11,26.6,10.5,29.00871,13.787742,34.9,-2.40871,False
2007-08-12,26.9,10.5,28.934946,13.757742,34.7,-2.034946,False
2007-08-13,26.8,10.9,28.880645,13.72129,34.7,-2.080645,False
2007-08-14,31.8,12.3,28.824731,13.70914,34.6,2.975269,False
2007-08-15,32.3,13.7,28.723871,13.685591,34.5,3.576129,False
2007-08-16,31.5,15.4,28.606129,13.671075,34.31,2.893871,False
2007-08-17,24.1,11.7,28.515376,13.637204,34.21,-4.415376,False
2007-08-18,24.1,12.1,28.454194,13.58957,34.21,-4.354194,False
2007-08-19,20.8,12.7,28.393871,13.556667,34.31,-7.593871,False
2007-08-20,21.5,15.8,28.283226,13.501075,34.3,-6.783226,False
2007-08-21,24.3,16.3,28.164516,13.438925,34.2,-3.864516,False
2007-08-22,24.7,14.4,28.093333,13.38086,34.2,-3.393333,False
2007-08-23,27.7,13.5,28.070538,13.333333,34.2,-0.370538,False
2007-08-24,28.1,13.5,28.033978,13.297634,34.2,0.066022,False
2007-08-25,28.2,13.8,27.956129,13.244839,34.0,0.243871,False
2007-08-26,23.2,13.5,27.865914,13.18129,33.9,-4.665914,False
2007-08-27,24.0,9.7,27.815161,13.127849,33.9,-3.815161,False
2007-08-28,29.0,10.5,27.756129,13.058925,33.8,1.243871,False
2007-08-29,34.6,12.4,27.649032,12.97914,33.7,6.950968,False
2007-08-30,34.9,16.5,27.478602,12.89828,33.32,7.421398,False
2007-08-31,31.7,14.3,27.31,12.823548,33.11,4.39,False
2007-09-01,27.8,10.7,27.141398,12.747204,33.0,0.658602,False
2007-09-02,28.1,11.3,26.963978,12.666344,32.81,1.136022,False
2007-09-03,28.6,12.5,26.765484,12.590215,32.7,1.834516,False
2007-09-04,28.5,15.6,26.60086,12.510215,32.6,1.89914,False
2007-09-05,24.8,15.4,26.42129,12.404409,32.5,-1.62129,False
2007-09-06,24.7,15.1,26.271075,12.304839,32.5,-1.571075,False
2007-09-07,23.7,10.8,26.169677,12.226022,32.41,-2.469677,False
2007-09-08,28.0,9.3,26.071828,12.12957,32.41,1.928172,False
2007-09-09,30.0,10.8,25.973978,12.053978,32.4,4.026022,False
2007-09-10,34.2,13.2,25.85828,12.008065,32.4,8.34172,False
2007-09-11,34.0,12.0,25.710108,11.930645,32.3,8.289892,False
2007-09-12,31.5,11.1,25.593118,11.836237,32.2,5.906882,False
2007-09-13,25.2,12.0,25.475914,11.732258,32.01,-0.275914,False
2007-09-14,21.6,13.0,25.346022,11.623656,31.91,-3.746022,False
2007-09-15,21.4,12.0,25.217097,11.530323,31.9,-3.817097,False
2007-09-16,21.5,12.8,25.071398,11.425376,31.9,-3.571398,False
2007-09-17,19.3,13.1,24.871828,11.314731,31.7,-5.571828,False
2007-09-18,18.8,7.7,24.626237,11.211613,31.51,-5.826237,False
2007-09-19,20.7,8.5,24.394946,11.083333,31.3,-3.694946,False
2007-09-20,20.6,6.9,24.196129,10.946129,30.81,-3.596129,False
2007-09-21,22.5,11.1,24.03043,10.842151,30.42,-1.53043,False
2007-09-22,22.3,11.8,23.845376,10.763226,30.2,-1.545376,False
2007-09-23,18.7,7.8,23.620753,10.667097,30.1,-4.920753,False
2007-09-24,20.3,6.8,23.386129,10.533656,29.91,-3.086129,False
2007-09-25,20.6,7.4,23.142903,10.400108,29.71,-2.542903,False
2007-09-26,21.6,8.2,22.869892,10.246882,29.5,-1.269892,False
2007-09-27,23.6,7.8,22.565161,10.093011,29.3,1.034839,False
2007-09-28,23.5,8.9,22.270645,9.977419,29.0,1.229355,False
2007-09-29,14.1,6.1,22.010968,9.846452,28.8,-7.910968,False
2007-09-30,13.4,10.2,21.786452,9.696559,28.7,-8.386452,False
2007-10-01,17.1,9.3,21.586022,9.57043,28.41,-4.486022,False
2007-10-02,16.1,10.8,21.39172,9.443978,28.3,-5.29172,False
2007-10-03,14.1,9.7,21.21086,9.321183,28.0,-7.11086,False
2007-10-04,12.6,7.0,21.041505,9.226989,27.9,-8.441505,False
2007-10-05,13.6,4.9,20.845591,9.124946,27.8,-7.245591,False
2007-10-06,13.4,5.8,20.650538,9.048172,27.7,-7.250538,False
2007-10-07,17.9,11.2,20.443118,8.956559,27.5,-2.543118,False
2007-10-08,17.1,8.6,20.206344,8.837097,27.11,-3.106344,False
2007-10-09,16.5,11.1,19.939892,8.736989,26.61,-3.439892,False
2007-10-10,15.3,11.6,19.659462,8.611613,26.12,-4.359462,False
2007-10-11,15.2,7.2,19.367312,8.475376,25.8,-4.167312,False
2007-10-12,15.9,10.6,19.086452,8.319462,25.4,-3.186452,False
2007-10-13,17.6,6.4,18.767957,8.198925,24.91,-1.167957,False
2007-10-14,19.4,5.9,18.423226,8.086237,24.51,0.976774,False
2007-10-15,19.1,9.3,18.087849,7.944624,23.71,1.012151,False
2007-10-16,15.0,8.5,17.792043,7.802366,23.21,-2.792043,False
2007-10-17,13.1,6.9,17.527097,7.666989,23.0,-4.427097,False
2007-10-18,16.0,7.2,17.3,7.546022,22.51,-1.3,False
2007-10-19,15.3,10.8,17.094946,7.421613,22.4,-1.794946,False
2007-10-20,12.3,6.8,16.88,7.33086,22.3,-4.58,False
2007-10-21,13.7,7.4,16.642581,7.265054,21.81,-2.942581,False
2007-10-22,19.2,5.4,16.383333,7.177742,21.6,2.816667,False
2007-10-23,22.6,7.3,16.144731,7.052043,21.4,6.455269,False
2007-10-24,22.3,9.1,15.903978,6.92172,21.11,6.396022,False
2007-10-25,12.7,4.5,15.669355,6.792581,20.9,-2.969355,False
2007-10-26,15.4,1.9,15.44957,6.693656,20.41,-0.04957,False
2007-10-27,16.1,4.1,15.268387,6.617204,20.3,0.831613,False
2007-10-28,16.5,2.1,15.067957,6.566129,20.11,1.432043,False
2007-10-29,16.0,3.9,14.871935,6.500215,19.8,1.128065,False
2007-10-30,14.0,5.3,14.660108,6.447527,19.6,-0.660108,False
2007-10-31,13.5,0.9,14.464731,6.384516,19.3,-0.964731,False
2007-11-01,12.0,6.1,14.242688,6.286129,19.1,-2.242688,False
2007-11-02,12.0,1.2,14.034086,6.216774,18.7,-2.034086,False
2007-11-03,15.6,0.7,13.812796,6.105054,18.3,1.787204,False
2007-11-04,15.0,5.2,13.571075,5.99086,17.91,1.428925,False
2007-11-05,15.6,5.3,13.345484,5.86086,17.7,2.254516,False
2007-11-06,14.6,3.1,13.110323,5.709247,17.31,1.489677,False
2007-11-07,13.6,4.3,12.851935,5.564731,17.1,0.748065,False
2007-11-08,14.1,5.0,12.600968,5.45,16.7,1.499032,False
2007-11-09,13.5,7.2,12.379785,5.349462,16.4,1.120215,False
2007-11-10,12.6,9.3,12.194301,5.265914,16.2,0.405699,False
2007-11-11,11.9,4.3,12.022903,5.155484,16.0,-0.122903,False
2007-11-12,11.8,7.1,11.837097,5.082473,15.7,-0.037097,False
2007-11-13,10.8,4.1,11.656882,4.976452,15.51,-0.856882,False
2007-11-14,10.6,0.5,11.480323,4.863978,15.4,-0.880323,False
2007-11-15,12.1,7.6,11.323226,4.782796,15.3,0.776774,False
2007-11-16,11.9,11.0,11.176774,4.706344,15.2,0.723226,False
2007-11-17,12.7,10.3,11.025484,4.65957,14.81,1.674516,False
2007-11-18,12.1,5.8,10.864516,4.567204,14.61,1.235484,False
2007-11-19,7.9,3.9,10.703441,4.468925,14.5,-2.803441,False
2007-11-20,7.5,3.1,10.524946,4.325269,14.2,-3.024946,False
2007-11-21,9.4,0.5,10.348495,4.200108,14.1,-0.948495,False
2007-11-22,7.9,0.6,10.159247,4.069462,13.8,-2.259247,False
2007-11-23,7.5,-1.2,9.969247,3.947097,13.6,-2.469247,False
2007-11-24,7.1,-0.5,9.811398,3.838817,13.5,-2.711398,False
2007-11-25,7.0,-1.6,9.687204,3.773763,13.5,-2.687204,False
2007-11-26,5.8,-1.0,9.564946,3.707849,13.5,-3.764946,False
2007-11-27,8.0,3.4,9.444516,3.662366,13.4,-1.444516,False
2007-11-28,7.6,0.7,9.333333,3.572473,13.2,-1.733333,False
2007-11-29,7.3,2.8,9.202688,3.444516,13.1,-1.902688,False
2007-11-30,5.7,2.1,9.044731,3.331075,13.0,-3.344731,False
2007-12-01,3.4,0.4,8.908172,3.242043,12.7,-5.508172,False
2007-12-02,8.2,3.2,8.794409,3.167957,12.6,-0.594409,False
2007-12-03,14.2,7.5,8.671183,3.06043,12.5,5.528817,False
2007-12-04,14.6,13.0,8.571183,2.995054,12.3,6.028817,False
2007-12-05,13.5,6.5,8.487849,2.952258,12.2,5.012151,False
2007-12-06,9.5,6.4,8.405699,2.890215,12.01,1.094301,False
2007-12-07,8.4,5.6,8.32871,2.854839,12.0,0.07129,False
2007-12-08,6.9,1.0,8.276344,2.820968,11.9,-1.376344,False
2007-12-09,5.4,-1.5,8.222258,2.765161,11.9,-2.822258,False
2007-12-10,5.1,0.9,8.160215,2.708495,11.8,-3.060215,False
2007-12-11,3.5,-0.2,8.072258,2.642366,11.7,-4.572258,False
2007-12-12,5.6,0.5,8.015054,2.629462,11.6,-2.415054,False
2007-12-13,4.7,0.6,7.973118,2.626237,11.51,-3.273118,False
2007-12-14,5.4,-0.1,7.928387,2.606452,11.5,-2.528387,False
2007-12-15,7.3,4.3,7.879892,2.587312,11.5,-0.579892,False
2007-12-16,7.0,3.1,7.819677,2.532258,11.4,-0.819677,False
2007-12-17,6.9,4.6,7.767097,2.487742,11.4,-0.867097,False
2007-12-18,9.3,4.4,7.73043,2.413763,11.4,1.56957,False
2007-12-19,9.0,5.9,7.699032,2.40172,11.4,1.300968,False
2007-12-20,8.0,4.4,7.672473,2.406452,11.5,0.327527,False
2007-12-21,5.7,-0.3,7.653118,2.423118,11.5,-1.953118,False
2007-12-22,6.7,0.7,7.64172,2.402366,11.5,-0.94172,False
2007-12-23,11.2,3.8,7.661183,2.424086,11.5,3.538817,False
2007-12-24,11.2,3.7,7.688602,2.457312,11.51,3.511398,False
2007-12-25,5.9,-0.1,7.706237,2.482043,11.5,-1.806237,False
2007-12-26,4.4,1.0,7.714086,2.500753,11.5,-3.314086,False
2007-12-27,3.7,1.0,7.715699,2.495591,11.51,-4.015699,False
2007-12-28,6.0,2.6,7.701183,2.461075,11.5,-1.701183,False
2007-12-29,6.6,2.5,7.694946,2.446344,11.6,-1.094946,False
2007-12-30,6.5,2.4,7.693333,2.455484,11.6,-1.193333,False
2007-12-31,4.3,-0.5,7.716344,2.440215,11.6,-3.416344,False
2008-01-01,5.9,0.9,7.713118,2.42828,11.6,-1.813118,False
2008-01-02,5.9,0.8,7.717419,2.41,11.6,-1.817419,False
2008-01-03,8.0,4.5,7.772903,2.444086,11.6,0.227097,False
2008-01-04,11.5,5.3,7.811935,2.478602,11.61,3.688065,False
2008-01-05,10.1,3.4,7.850538,2.467204,11.6,2.249462,False
2008-01-06,4.8,1.6,7.883011,2.480753,11.6,-3.083011,False
2008-01-07,4.5,1.1,7.923226,2.497742,11.6,-3.423226,False
2008-01-08,5.4,1.6,7.967742,2.537097,11.61,-2.567742,False
2008-01-09,6.4,1.5,8.029677,2.589785,11.71,-1.629677,False
2008-01-10,9.4,3.1,8.11,2.629892,11.9,1.29,False
2008-01-11,8.9,7.3,8.18129,2.667742,11.9,0.71871,False
2008-01-12,10.6,6.2,8.213226,2.637957,12.0,2.386774,False
2008-01-13,9.5,4.4,8.267204,2.646237,12.1,1.232796,False
2008-01-14,9.0,1.2,8.334839,2.688387,12.1,0.665161,False
2008-01-15,6.3,-0.2,8.407849,2.707527,12.1,-2.107849,False
2008-01-16,5.4,-3.0,8.485699,2.760753,12.2,-3.085699,False
2008-01-17,3.8,-2.6,8.565484,2.776882,12.21,-4.765484,False
2008-01-18,4.4,-0.5,8.633763,2.808495,12.3,-4.233763,False
2008-01-19,4.0,0.4,8.712796,2.823656,12.4,-4.712796,False
2008-01-20,5.2,2.2,8.815591,2.850323,12.6,-3.615591,False
2008-01-21,5.0,-2.0,8.923333,2.879355,12.8,-3.923333,False
2008-01-22,3.5,-6.0,9.015161,2.933118,12.8,-5.515161,False
2008-01-23,4.5,-5.5,9.090538,2.943226,12.9,-4.590538,False
2008-01-24,3.5,-5.5,9.14172,2.934946,13.0,-5.64172,False
2008-01-25,4.5,-6.0,9.217097,2.922151,13.2,-4.717097,False
2008-01-26,4.3,-3.9,9.283333,2.896344,13.2,-4.983333,False
2008-01-27,3.4,0.3,9.365376,2.902903,13.3,-5.965376,False
2008-01-28,4.6,-0.5,9.46871,2.922366,13.3,-4.86871,False
2008-01-29,4.3,1.6,9.547527,2.926344,13.31,-5.247527,False
2008-01-30,5.4,1.2,9.63914,2.945161,13.4,-4.23914,False
2008-01-31,6.0,4.1,9.752258,3.00129,13.5,-3.752258,False
2008-02-01,6.0,2.7,9.868387,3.06,13.7,-3.868387,False
2008-02-02,5.0,2.1,9.968925,3.114086,13.7,-4.968925,False
2008-02-03,6.1,2.0,10.026129,3.105914,13.8,-3.926129,False
2008-02-04,6.2,0.2,10.077527,3.108602,13.8,-3.877527,False
2008-02-05,6.7,3.4,10.134516,3.099247,13.81,-3.434516,False
2008-02-06,7.2,2.4,10.202366,3.118602,14.0,-3.002366,False
2008-02-07,8.3,4.7,10.281935,3.136559,14.1,-1.981935,False
2008-02-08,7.6,5.1,10.348172,3.101183,14.1,-2.748172,False
2008-02-09,12.4,7.0,10.399462,3.072903,14.3,2.000538,False
2008-02-10,12.5,7.6,10.445914,3.048817,14.3,2.054086,False
2008-02-11,11.1,6.3,10.493548,3.026344,14.31,0.606452,False
2008-02-12,11.3,2.2,10.564086,3.037634,14.5,0.735914,False
2008-02-13,10.3,3.0,10.626882,3.026882,14.6,-0.326882,False
2008-02-14,8.3,0.5,10.696667,3.025484,14.7,-2.396667,False
2008-02-15,10.5,0.3,10.757634,3.046559,14.7,-0.257634,False
2008-02-16,10.4,0.8,10.835591,3.066989,14.71,-0.435591,False
2008-02-17,13.8,-1.3,10.908602,3.078602,14.8,2.891398,False
2008-02-18,14.7,0.4,10.976452,3.109785,14.9,3.723548,False
2008-02-19,14.2,1.4,11.054516,3.121613,15.1,3.145484,False
2008-02-20,12.3,4.4,11.120645,3.122151,15.31,1.179355,False
2008-02-21,13.4,0.9,11.202796,3.146882,15.41,2.197204,False
2008-02-22,13.2,3.1,11.301505,3.174731,15.7,1.898495,False
2008-02-23,12.9,1.8,11.400323,3.22,15.8,1.499677,False
2008-02-24,13.6,6.9,11.533441,3.267957,15.91,2.066559,False
2008-02-25,13.4,7.3,11.664624,3.35172,16.11,1.735376,False
2008-02-26,13.6,0.9,11.788817,3.432581,16.4,1.811183,False
2008-02-27,15.3,4.2,11.88172,3.513871,16.5,3.41828,False
2008-02-28,15.4,5.5,11.961828,3.577957,16.8,3.438172,False
2008-02-29,16.0,6.5,12.006237,3.609516,16.905,3.993763,False
2008-03-01,11.4,5.0,12.050645,3.641075,17.01,-0.650645,False
2008-03-02,10.0,1.1,12.11914,3.67,17.1,-2.11914,False
2008-03-03,10.3,2.6,12.194731,3.715376,17.1,-1.894731,False
2008-03-04,10.2,3.6,12.289677,3.716022,17.3,-2.089677,False
2008-03-05,14.5,-0.6,12.404946,3.749892,17.6,2.095054,False
2008-03-06,14.6,-1.2,12.510108,3.803441,17.7,2.089892,False
2008-03-07,13.4,1.1,12.613548,3.834731,17.7,0.786452,False
2008-03-08,11.9,7.1,12.707204,3.88,17.8,-0.807204,False
2008-03-09,15.7,2.7,12.810215,3.930753,18.0,2.889785,False
2008-03-10,16.2,8.2,12.906667,3.972151,18.1,3.293333,False
2008-03-11,14.9,7.1,13.000108,4.036989,18.21,1.899892,False
2008-03-12,12.3,1.9,13.085914,4.103978,18.3,-0.785914,False
2008-03-13,12.2,6.8,13.177097,4.178925,18.4,-0.977097,False
2008-03-14,9.5,6.1,13.32129,4.275269,18.5,-3.82129,False
2008-03-15,10.0,4.5,13.475054,4.363763,18.7,-3.475054,False
2008-03-16,9.6,3.3,13.60043,4.444409,19.1,-4.00043,False
2008-03-17,10.5,4.6,13.705269,4.49086,19.3,-3.205269,False
2008-03-18,11.8,8.0,13.802796,4.530753,19.3,-2.002796,False
2008-03-19,11.2,2.2,13.891075,4.547097,19.51,-2.691075,False
2008-03-20,9.3,3.8,13.994946,4.597957,19.7,-4.694946,False
2008-03-21,9.6,1.8,14.076237,4.646882,19.7,-4.476237,False
2008-03-22,14.9,-0.6,14.162796,4.737634,19.81,0.737204,False
2008-03-23,14.2,7.0,14.277957,4.835054,19.91,-0.077957,False
2008-03-24,10.1,1.3,14.357957,4.913226,20.01,-4.257957,False
2008-03-25,11.7,-1.6,14.435269,4.965591,20.1,-2.735269,False
2008-03-26,10.1,4.1,14.496452,5.014086,20.11,-4.396452,False
2008-03-27,8.5,1.3,14.561505,5.060215,20.2,-6.061505,False
2008-03-28,8.5,1.7,14.612473,5.093763,20.2,-6.112473,False
2008-03-29,7.4,1.0,14.646559,5.118387,20.3,-7.246559,False
2008-03-30,8.1,-0.7,14.686022,5.098602,20.31,-6.586022,False
2008-03-31,10.1,0.4,14.736237,5.113333,20.4,-4.636237,False
2008-04-01,11.9,-0.8,14.826989,5.15828,20.5,-2.926989,False
2008-04-02,13.8,1.6,14.942903,5.225914,20.7,-1.142903,False
2008-04-03,15.5,0.3,15.049677,5.269032,20.91,0.450323,False
2008-04-04,15.9,5.7,15.143871,5.322151,21.21,0.756129,False
2008-04-05,9.7,2.5,15.234839,5.376882,21.51,-5.534839,False
2008-04-06,10.1,6.1,15.342366,5.435699,21.62,-5.242366,False
2008-04-07,10.5,4.4,15.460645,5.496022,21.81,-4.960645,False
2008-04-08,9.5,4.0,15.581398,5.562258,22.01,-6.081398,False
2008-04-09,11.8,3.4,15.693763,5.626237,22.2,-3.893763,False
2008-04-10,13.1,6.6,15.816667,5.695914,22.4,-2.716667,False
2008-04-11,18.9,1.5,15.955161,5.764194,22.6,2.944839,False
2008-04-12,26.3,6.1,16.105699,5.853548,22.7,10.194301,False
2008-04-13,26.5,6.6,16.220215,5.925484,22.8,10.279785,False
2008-04-14,16.6,4.6,16.320968,5.991075,22.8,0.279032,False
2008-04-15,9.9,2.7,16.397634,6.050323,22.8,-6.497634,False
2008-04-16,12.1,5.7,16.507419,6.079355,22.9,-4.407419,False
2008-04-17,14.1,5.3,16.643548,6.15914,23.0,-2.543548,False
2008-04-18,14.0,5.7,16.786129,6.241613,23.1,-2.786129,False
2008-04-19,8.0,1.6,16.918172,6.335591,23.3,-8.918172,False
2008-04-20,8.6,0.7,17.041505,6.441075,23.5,-8.441505,False
2008-04-21,8.7,1.7,17.197849,6.53129,23.6,-8.497849,False
2008-04-22,10.1,4.2,17.352043,6.584946,23.81,-7.252043,False
2008-04-23,11.0,4.9,17.468817,6.627742,24.11,-6.468817,False
2008-04-24,11.7,4.8,17.584731,6.665161,24.21,-5.884731,False
2008-04-25,13.9,-0.6,17.716774,6.732258,24.52,-3.816774,False
2008-04-26,20.6,2.9,17.880215,6.808817,25.01,2.719785,False
2008-04-27,20.5,6.8,18.013226,6.88129,25.32,2.486774,False
2008-04-28,19.6,10.9,18.165376,6.958602,25.6,1.434624,False
2008-04-29,17.7,6.0,18.376452,7.072903,25.8,-0.676452,False
2008-04-30,11.3,3.9,18.586452,7.215269,26.02,-7.286452,False
2008-05-01,13.3,3.0,18.759892,7.336452,26.31,-5.459892,False
2008-05-02,20.0,6.0,18.893548,7.439785,26.5,1.106452,False
2008-05-03,19.6,9.0,19.032581,7.537312,26.7,0.567419,False
2008-05-04,20.2,6.2,19.143871,7.642903,26.7,1.056129,False
2008-05-05,21.3,9.1,19.223763,7.756989,26.7,2.076237,False
2008-05-06,21.5,7.9,19.296344,7.837204,26.7,2.203656,False
2008-05-07,13.8,7.6,19.377419,7.920215,26.9,-5.577419,False
2008-05-08,12.7,6.9,19.505484,8.02914,27.1,-6.805484,False
2008-05-09,15.4,4.6,19.667097,8.138065,27.21,-4.267097,False
2008-05-10,15.6,8.1,19.807742,8.240645,27.3,-4.207742,False
2008-05-11,15.7,7.9,19.916452,8.347957,27.3,-4.216452,False
2008-05-12,14.4,5.6,20.023548,8.474624,27.3,-5.623548,False
2008-05-13,14.5,8.2,20.122688,8.575914,27.41,-5.622688,False
2008-05-14,20.3,12.0,20.245699,8.677634,27.8,0.054301,False
2008-05-15,28.5,12.0,20.38043,8.764086,27.9,8.11957,True
2008-05-16,33.5,12.2,20.534409,8.882366,28.0,12.965591,True
2008-05-17,33.2,16.7,20.664839,9.011183,28.22,12.535161,True
2008-05-18,32.6,12.4,20.757097,9.096452,28.22,11.842903,True
2008-05-19,27.3,12.6,20.889462,9.183656,28.4,6.410538,False
2008-05-20,27.3,12.4,21.025699,9.286022,28.5,6.274301,False
2008-05-21,14.9,9.6,21.145699,9.374409,28.51,-6.245699,False
2008-05-22,13.4,8.9,21.231075,9.454301,28.6,-7.831075,False
2008-05-23,13.3,9.0,21.296237,9.561505,28.6,-7.996237,False
2008-05-24,23.8,9.1,21.359032,9.650323,28.6,2.440968,False
2008-05-25,23.9,11.4,21.446989,9.750538,28.6,2.453011,False
2008-05-26,17.7,11.5,21.497419,9.82828,28.6,-3.797419,False
2008-05-27,17.7,12.2,21.547097,9.893441,28.51,-3.847097,False
2008-05-28,18.4,12.2,21.638172,9.967204,28.5,-3.238172,False
2008-05-29,16.4,10.8,21.678172,10.065269,28.4,-5.278172,False
2008-05-30,19.6,7.8,21.664194,10.101075,28.4,-2.064194,False
2008-05-31,19.9,8.1,21.680645,10.133226,28.31,-1.780645,False
2008-06-01,19.7,10.7,21.724301,10.17086,28.4,-2.024301,False
2008-06-02,18.5,8.6,21.798602,10.213118,28.4,-3.298602,False
2008-06-03,19.0,10.8,21.872366,10.277742,28.4,-2.872366,False
2008-06-04,15.8,8.8,21.977419,10.301828,28.4,-6.177419,False
2008-06-05,15.5,8.5,22.130968,10.367204,28.7,-6.630968,False
2008-06-06,14.0,8.4,22.285914,10.462473,28.81,-8.285914,False
2008-06-07,14.3,8.9,22.426452,10.533548,28.9,-8.126452,False
2008-06-08,18.2,7.4,22.511935,10.590323,28.71,-4.311935,False
2008-06-09,19.6,10.5,22.581935,10.659677,28.9,-2.981935,False
2008-06-10,16.8,7.7,22.694946,10.718925,29.1,-5.894946,False
2008-06-11,14.5,9.4,22.843978,10.793011,29.31,-8.343978,False
2008-06-12,20.1,7.6,23.000645,10.87086,29.8,-2.900645,False
2008-06-13,21.0,8.9,23.14871,10.949892,29.9,-2.14871,False
2008-06-14,20.3,6.1,23.294194,11.029785,30.01,-2.994194,False
2008-06-15,21.5,7.7,23.415161,11.118495,30.22,-1.915161,False
2008-06-16,22.7,7.2,23.519785,11.184946,30.41,-0.819785,False
2008-06-17,23.0,9.2,23.626989,11.256989,30.61,-0.626989,False
2008-06-18,17.8,8.5,23.747957,11.335914,30.8,-5.947957,False
2008-06-19,24.4,6.9,23.826452,11.397849,30.9,0.573548,False
2008-06-20,28.5,10.3,23.924624,11.445591,30.9,4.575376,False
2008-06-21,28.6,13.9,24.050323,11.49871,30.91,4.549677,False
2008-06-22,24.7,13.7,24.213333,11.563871,31.11,0.486667,False
2008-06-23,20.8,6.9,24.393333,11.631183,31.3,-3.593333,False
2008-06-24,22.9,8.3,24.591613,11.724409,31.4,-1.691613,False
2008-06-25,23.8,9.5,24.774946,11.816667,31.61,-0.974946,False
2008-06-26,23.7,9.8,24.977097,11.903011,31.71,-1.277097,False
2008-06-27,29.8,10.6,25.169892,11.997742,31.81,4.630108,False
2008-06-28,37.4,15.0,25.332043,12.107097,31.91,12.067957,True
2008-06-29,37.5,17.2,25.516989,12.151398,32.0,11.983011,True
2008-06-30,33.8,15.2,25.750215,12.253978,32.0,8.049785,True
2008-07-01,30.6,13.0,25.966237,12.367097,32.2,4.633763,False
2008-07-02,30.3,14.2,26.17086,12.480645,32.41,4.12914,False
2008-07-03,30.5,15.0,26.342151,12.574194,32.6,4.157849,False
2008-07-04,27.9,16.9,26.510108,12.654409,32.7,1.389892,False
2008-07-05,23.1,15.3,26.672688,12.764409,32.9,-3.572688,False
2008-07-06,22.7,13.8,26.817527,12.847957,33.11,-4.117527,False
2008-07-07,27.0,11.0,26.988602,12.93828,33.4,0.011398,False
2008-07-08,32.1,12.9,27.129462,13.043656,33.6,4.970538,False
2008-07-09,32.3,15.9,27.295484,13.124624,33.71,5.004516,False
2008-07-10,32.5,12.0,27.45043,13.176344,33.8,5.04957,False
2008-07-11,30.8,8.3,27.588495,13.236452,33.8,3.211505,False
2008-07-12,33.7,12.6,27.734194,13.290108,33.9,5.965806,False
2008-07-13,33.7,17.4,27.866237,13.347634,33.9,5.833763,False
2008-07-14,33.4,13.4,27.997527,13.390538,33.9,5.402473,False
2008-07-15,32.2,15.4,28.122688,13.440538,34.0,4.077312,False
2008-07-16,32.1,12.4,28.244086,13.467634,34.11,3.855914,False
2008-07-17,26.8,10.7,28.348172,13.49828,34.01,-1.548172,False
2008-07-18,26.5,11.8,28.440753,13.526129,34.1,-1.940753,False
2008-07-19,24.0,11.3,28.54129,13.556989,34.11,-4.54129,False
2008-07-20,28.1,9.8,28.686452,13.622258,34.21,-0.586452,False
2008-07-21,28.3,12.1,28.813226,13.685914,34.43,-0.513226,False
2008-07-22,26.5,12.5,28.870108,13.735806,34.43,-2.370108,False
2008-07-23,20.4,11.7,28.884086,13.776559,34.43,-8.484086,False
2008-07-24,27.3,8.6,28.888495,13.806667,34.43,-1.588495,False
2008-07-25,27.9,11.0,28.907419,13.831505,34.8,-1.007419,False
2008-07-26,27.5,12.2,28.950753,13.858495,35.0,-1.450753,False
2008-07-27,26.1,15.4,28.997849,13.891398,35.0,-2.897849,False
2008-07-28,27.5,10.2,29.039462,13.90914,35.01,-1.539462,False
2008-07-29,28.1,11.5,29.109032,13.915591,35.01,-1.009032,False
2008-07-30,21.5,12.3,29.196774,13.968495,35.1,-7.696774,False
2008-07-31,26.9,8.0,29.23086,13.995161,35.1,-2.33086,False
2008-08-01,26.9,15.5,29.251183,14.001613,35.2,-2.351183,False
2008-08-02,21.0,12.6,29.267849,14.008495,35.11,-8.267849,False
2008-08-03,23.8,9.1,29.310215,14.00871,35.11,-5.510215,False
2008-08-04,31.7,11.1,29.315269,14.015269,35.2,2.384731,False
2008-08-05,35.0,14.7,29.313763,14.01172,35.2,5.686237,False
2008-08-06,35.6,15.2,29.295054,14.001075,35.2,6.304946,False
2008-08-07,31.4,13.9,29.219677,13.946667,35.1,2.180323,False
2008-08-08,28.8,13.6,29.170538,13.894731,35.0,-0.370538,False
2008-08-09,24.3,15.1,29.106452,13.846774,35.0,-4.806452,False
2008-08-10,23.2,11.9,29.051183,13.816022,35.0,-5.851183,False
2008-08-11,27.6,15.1,29.00871,13.787742,34.9,-1.40871,False
2008-08-12,28.0,15.5,28.934946,13.757742,34.7,-0.934946,False
2008-08-13,29.9,14.8,28.880645,13.72129,34.7,1.019355,False
2008-08-14,37.6,15.9,28.824731,13.70914,34.6,8.775269,True
2008-08-15,37.8,18.8,28.723871,13.685591,34.5,9.076129,True
2008-08-16,36.7,20.8,28.606129,13.671075,34.31,8.093871,True
2008-08-17,37.4,22.0,28.515376,13.637204,34.21,8.884624,True
2008-08-18,29.3,16.0,28.454194,13.58957,34.21,0.845806,False
2008-08-19,22.6,15.7,28.393871,13.556667,34.31,-5.793871,False
2008-08-20,22.2,16.1,28.283226,13.501075,34.3,-6.083226,False
2008-08-21,21.6,14.3,28.164516,13.438925,34.2,-6.564516,False
2008-08-22,26.3,10.2,28.093333,13.38086,34.2,-1.793333,False
2008-08-23,29.2,13.3,28.070538,13.333333,34.2,1.129462,False
2008-08-24,29.6,14.2,28.033978,13.297634,34.2,1.566022,False
2008-08-25,22.4,13.1,27.956129,13.244839,34.0,-5.556129,False
2008-08-26,21.5,10.8,27.865914,13.18129,33.9,-6.365914,False
2008-08-27,21.6,13.6,27.815161,13.127849,33.9,-6.215161,False
2008-08-28,25.9,11.5,27.756129,13.058925,33.8,-1.856129,False
2008-08-29,26.4,14.6,27.649032,12.97914,33.7,-1.249032,False
2008-08-30,25.0,10.2,27.478602,12.89828,33.32,-2.478602,False
2008-08-31,18.9,9.1,27.31,12.823548,33.11,-8.41,False
2008-09-01,19.2,8.4,27.141398,12.747204,33.0,-7.941398,False
2008-09-02,22.9,7.6,26.963978,12.666344,32.81,-4.063978,False
2008-09-03,23.1,10.3,26.765484,12.590215,32.7,-3.665484,False
2008-09-04,24.5,12.7,26.60086,12.510215,32.6,-2.10086,False
2008-09-05,24.7,12.0,26.42129,12.404409,32.5,-1.72129,False
2008-09-06,25.3,13.1,26.271075,12.304839,32.5,-0.971075,False
2008-09-07,30.0,13.2,26.169677,12.226022,32.41,3.830323,False
2008-09-08,30.4,13.0,26.071828,12.12957,32.41,4.328172,False
2008-09-09,29.9,13.4,25.973978,12.053978,32.4,3.926022,False
2008-09-10,26.5,7.7,25.85828,12.008065,32.4,0.64172,False
2008-09-11,31.6,9.7,25.710108,11.930645,32.3,5.889892,False
2008-09-12,31.3,13.0,25.593118,11.836237,32.2,5.706882,False
2008-09-13,27.6,9.6,25.475914,11.732258,32.01,2.124086,False
2008-09-14,31.6,10.5,25.346022,11.623656,31.91,6.253978,False
2008-09-15,32.0,9.9,25.217097,11.530323,31.9,6.782903,False
2008-09-16,31.9,12.2,25.071398,11.425376,31.9,6.828602,False
2008-09-17,31.9,13.0,24.871828,11.314731,31.7,7.028172,False
2008-09-18,25.7,11.3,24.626237,11.211613,31.51,1.073763,False
2008-09-19,20.5,12.4,24.394946,11.083333,31.3,-3.894946,False
2008-09-20,20.4,12.7,24.196129,10.946129,30.81,-3.796129,False
2008-09-21,18.4,12.6,24.03043,10.842151,30.42,-5.63043,False
2008-09-22,17.5,9.9,23.845376,10.763226,30.2,-6.345376,False
2008-09-23,20.5,4.5,23.620753,10.667097,30.1,-3.120753,False
2008-09-24,20.5,10.3,23.386129,10.533656,29.91,-2.886129,False
2008-09-25,18.7,11.9,23.142903,10.400108,29.71,-4.442903,False
2008-09-26,20.6,8.3,22.869892,10.246882,29.5,-2.269892,False
2008-09-27,22.3,8.7,22.565161,10.093011,29.3,-0.265161,False
2008-09-28,28.3,7.4,22.270645,9.977419,29.0,6.029355,False
2008-09-29,30.2,10.6,22.010968,9.846452,28.8,8.189032,False
2008-09-30,29.5,11.7,21.786452,9.696559,28.7,7.713548,False
2008-10-01,25.4,10.1,21.586022,9.57043,28.41,3.813978,False
2008-10-02,23.4,12.6,21.39172,9.443978,28.3,2.00828,False
2008-10-03,18.6,12.5,21.21086,9.321183,28.0,-2.61086,False
2008-10-04,16.5,13.8,21.041505,9.226989,27.9,-4.541505,False
2008-10-05,16.5,9.7,20.845591,9.124946,27.8,-4.345591,False
2008-10-06,19.0,12.4,20.650538,9.048172,27.7,-1.650538,False
2008-10-07,18.2,11.8,20.443118,8.956559,27.5,-2.243118,False
2008-10-08,16.0,5.1,20.206344,8.837097,27.11,-4.206344,False
2008-10-09,14.8,5.0,19.939892,8.736989,26.61,-5.139892,False
2008-10-10,13.1,4.1,19.659462,8.611613,26.12,-6.559462,False
2008-10-11,15.4,1.0,19.367312,8.475376,25.8,-3.967312,False
2008-10-12,15.8,5.2,19.086452,8.319462,25.4,-3.286452,False
2008-10-13,16.1,9.2,18.767957,8.198925,24.91,-2.667957,False
2008-10-14,15.9,7.9,18.423226,8.086237,24.51,-2.523226,False
2008-10-15,14.9,3.0,18.087849,7.944624,23.71,-3.187849,False
2008-10-16,16.5,9.2,17.792043,7.802366,23.21,-1.292043,False
2008-10-17,19.6,7.7,17.527097,7.666989,23.0,2.072903,False
2008-10-18,19.4,10.3,17.3,7.546022,22.51,2.1,False
2008-10-19,14.7,4.2,17.094946,7.421613,22.4,-2.394946,False
2008-10-20,14.7,7.8,16.88,7.33086,22.3,-2.18,False
2008-10-21,13.1,3.2,16.642581,7.265054,21.81,-3.542581,False
2008-10-22,19.8,2.7,16.383333,7.177742,21.6,3.416667,False
2008-10-23,18.7,3.4,16.144731,7.052043,21.4,2.555269,False
2008-10-24,14.8,2.4,15.903978,6.92172,21.11,-1.103978,False
2008-10-25,16.1,5.2,15.669355,6.792581,20.9,0.430645,False
2008-10-26,20.1,6.6,15.44957,6.693656,20.41,4.65043,False
2008-10-27,19.8,5.0,15.268387,6.617204,20.3,4.531613,False
2008-10-28,18.5,4.9,15.067957,6.566129,20.11,3.432043,False
2008-10-29,16.2,4.8,14.871935,6.500215,19.8,1.328065,False
2008-10-30,14.9,7.3,14.660108,6.447527,19.6,0.239892,False
2008-10-31,14.8,11.2,14.464731,6.384516,19.3,0.335269,False
2008-11-01,16.3,12.1,14.242688,6.286129,19.1,2.057312,False
2008-11-02,15.1,10.9,14.034086,6.216774,18.7,1.065914,False
2008-11-03,12.1,8.8,13.812796,6.105054,18.3,-1.712796,False
2008-11-04,10.5,7.7,13.571075,5.99086,17.91,-3.071075,False
2008-11-05,8.8,4.1,13.345484,5.86086,17.7,-4.545484,False
2008-11-06,14.2,7.7,13.110323,5.709247,17.31,1.089677,False
2008-11-07,16.6,13.9,12.851935,5.564731,17.1,3.748065,False
2008-11-08,16.2,11.6,12.600968,5.45,16.7,3.599032,False
2008-11-09,13.1,10.0,12.379785,5.349462,16.4,0.720215,False
2008-11-10,12.0,8.6,12.194301,5.265914,16.2,-0.194301,False
2008-11-11,12.5,8.6,12.022903,5.155484,16.0,0.477097,False
2008-11-12,15.7,12.4,11.837097,5.082473,15.7,3.862903,False
2008-11-13,15.6,10.8,11.656882,4.976452,15.51,3.943118,False
2008-11-14,12.0,2.4,11.480323,4.863978,15.4,0.519677,False
2008-11-15,14.1,3.6,11.323226,4.782796,15.3,2.776774,False
2008-11-16,15.2,1.7,11.176774,4.706344,15.2,4.023226,False
2008-11-17,15.1,4.7,11.025484,4.65957,14.81,4.074516,False
2008-11-18,14.2,4.8,10.864516,4.567204,14.61,3.335484,False
2008-11-19,13.2,6.2,10.703441,4.468925,14.5,2.496559,False
2008-11-20,12.7,6.6,10.524946,4.325269,14.2,2.175054,False
2008-11-21,9.8,2.8,10.348495,4.200108,14.1,-0.548495,False
2008-11-22,9.5,3.3,10.159247,4.069462,13.8,-0.659247,False
2008-11-23,11.0,2.9,9.969247,3.947097,13.6,1.030753,False
2008-11-24,9.4,1.4,9.811398,3.838817,13.5,-0.411398,False
2008-11-25,8.6,1.1,9.687204,3.773763,13.5,-1.087204,False
2008-11-26,9.8,2.8,9.564946,3.707849,13.5,0.235054,False
2008-11-27,8.0,1.5,9.444516,3.662366,13.4,-1.444516,False
2008-11-28,10.4,5.7,9.333333,3.572473,13.2,1.066667,False
2008-11-29,13.6,9.3,9.202688,3.444516,13.1,4.397312,False
2008-11-30,13.0,9.2,9.044731,3.331075,13.0,3.955269,False
2008-12-01,12.8,6.5,8.908172,3.242043,12.7,3.891828,False
2008-12-02,13.1,9.3,8.794409,3.167957,12.6,4.305591,False
2008-12-03,12.5,6.9,8.671183,3.06043,12.5,3.828817,False
2008-12-04,9.9,3.7,8.571183,2.995054,12.3,1.328817,False
2008-12-05,8.6,-0.5,8.487849,2.952258,12.2,0.112151,False
2008-12-06,10.4,-0.8,8.405699,2.890215,12.01,1.994301,False
2008-12-07,8.6,2.4,8.32871,2.854839,12.0,0.27129,False
2008-12-08,8.8,4.3,8.276344,2.820968,11.9,0.523656,False
2008-12-09,7.9,1.6,8.222258,2.765161,11.9,-0.322258,False
2008-12-10,8.2,2.2,8.160215,2.708495,11.8,0.039785,False
2008-12-11,10.2,5.5,8.072258,2.642366,11.7,2.127742,False
2008-12-12,9.5,1.1,8.015054,2.629462,11.6,1.484946,False
2008-12-13,6.2,1.8,7.973118,2.626237,11.51,-1.773118,False
2008-12-14,4.6,-3.4,7.928387,2.606452,11.5,-3.328387,False
2008-12-15,-3.7,-6.2,7.879892,2.587312,11.5,-11.579892,False
2008-12-16,-1.6,-8.8,7.819677,2.532258,11.4,-9.419677,False
2008-12-17,1.6,-8.6,7.767097,2.487742,11.4,-6.167097,False
2008-12-18,2.3,0.3,7.73043,2.413763,11.4,-5.43043,False
2008-12-19,2.4,-2.4,7.699032,2.40172,11.4,-5.299032,False
2008-12-20,0.5,-3.2,7.672473,2.406452,11.5,-7.172473,False
2008-12-21,-1.2,-6.1,7.653118,2.423118,11.5,-8.853118,False
2008-12-22,-0.1,-2.4,7.64172,2.402366,11.5,-7.74172,False
2008-12-23,0.4,-7.8,7.661183,2.424086,11.5,-7.261183,False
2008-12-24,4.3,-1.3,7.688602,2.457312,11.51,-3.388602,False
2008-12-25,2.9,0.6,7.706237,2.482043,11.5,-4.806237,False
2008-12-26,3.5,-1.5,7.714086,2.500753,11.5,-4.214086,False
2008-12-27,8.0,2.4,7.715699,2.495591,11.51,0.284301,False
2008-12-28,10.0,7.1,7.701183,2.461075,11.5,2.298817,False
2008-12-29,8.7,5.4,7.694946,2.446344,11.6,1.005054,False
2008-12-30,5.7,2.4,7.693333,2.455484,11.6,-1.993333,False
2008-12-31,7.0,4.5,7.716344,2.440215,11.6,-0.716344,False
2009-01-01,10.5,4.9,7.713118,2.42828,11.6,2.786882,False
2009-01-02,10.1,0.6,7.717419,2.41,11.6,2.382581,False
2009-01-03,4.7,-1.3,7.772903,2.444086,11.6,-3.072903,False
2009-01-04,4.8,-4.1,7.811935,2.478602,11.61,-3.011935,False
2009-01-05,8.8,0.9,7.850538,2.467204,11.6,0.949462,False
2009-01-06,11.8,6.8,7.883011,2.480753,11.6,3.916989,False
2009-01-07,13.0,11.4,7.923226,2.497742,11.6,5.076774,False
2009-01-08,12.8,8.7,7.967742,2.537097,11.61,4.832258,False
2009-01-09,8.3,1.4,8.029677,2.589785,11.71,0.270323,False
2009-01-10,6.0,-1.1,8.11,2.629892,11.9,-2.11,False
2009-01-11,9.2,4.3,8.18129,2.667742,11.9,1.01871,False
2009-01-12,10.2,7.4,8.213226,2.637957,12.0,1.986774,False
2009-01-13,10.6,6.1,8.267204,2.646237,12.1,2.332796,False
2009-01-14,8.7,1.7,8.334839,2.688387,12.1,0.365161,False
2009-01-15,7.8,1.0,8.407849,2.707527,12.1,-0.607849,False
2009-01-16,7.3,-0.1,8.485699,2.760753,12.2,-1.185699,False
2009-01-17,6.6,0.3,8.565484,2.776882,12.21,-1.965484,False
2009-01-18,8.8,1.8,8.633763,2.808495,12.3,0.166237,False
2009-01-19,8.3,1.5,8.712796,2.823656,12.4,-0.412796,False
2009-01-20,6.8,-0.5,8.815591,2.850323,12.6,-2.015591,False
2009-01-21,5.5,-1.7,8.923333,2.879355,12.8,-3.423333,False
2009-01-22,6.8,-1.2,9.015161,2.933118,12.8,-2.215161,False
2009-01-23,6.0,-0.4,9.090538,2.943226,12.9,-3.090538,False
2009-01-24,4.9,0.4,9.14172,2.934946,13.0,-4.24172,False
2009-01-25,4.5,0.7,9.217097,2.922151,13.2,-4.717097,False
2009-01-26,4.1,-3.5,9.283333,2.896344,13.2,-5.183333,False
2009-01-27,3.7,-4.1,9.365376,2.902903,13.3,-5.665376,False
2009-01-28,9.3,2.8,9.46871,2.922366,13.3,-0.16871,False
2009-01-29,8.6,0.5,9.547527,2.926344,13.31,-0.947527,False
2009-01-30,7.2,-0.3,9.63914,2.945161,13.4,-2.43914,False
2009-01-31,7.1,0.6,9.752258,3.00129,13.5,-2.652258,False
2009-02-01,6.8,-2.5,9.868387,3.06,13.7,-3.068387,False
2009-02-02,10.0,-0.7,9.968925,3.114086,13.7,0.031075,False
2009-02-03,14.1,-1.4,10.026129,3.105914,13.8,4.073871,False
2009-02-04,13.4,0.4,10.077527,3.108602,13.8,3.322473,False
2009-02-05,12.8,1.6,10.134516,3.099247,13.81,2.665484,False
2009-02-06,8.4,3.5,10.202366,3.118602,14.0,-1.802366,False
2009-02-07,9.5,1.0,10.281935,3.136559,14.1,-0.781935,False
2009-02-08,9.3,0.1,10.348172,3.101183,14.1,-1.048172,False
2009-02-09,6.7,-0.6,10.399462,3.072903,14.3,-3.699462,False
2009-02-10,4.9,-0.6,10.445914,3.048817,14.3,-5.545914,False
2009-02-11,8.5,1.5,10.493548,3.026344,14.31,-1.993548,False
2009-02-12,8.6,-2.9,10.564086,3.037634,14.5,-1.964086,False
2009-02-13,7.4,1.7,10.626882,3.026882,14.6,-3.226882,False
2009-02-14,7.9,-0.6,10.696667,3.025484,14.7,-2.796667,False
2009-02-15,9.6,1.3,10.757634,3.046559,14.7,-1.157634,False
2009-02-16,10.8,0.6,10.835591,3.066989,14.71,-0.035591,False
2009-02-17,10.0,4.3,10.908602,3.078602,14.8,-0.908602,False
2009-02-18,11.8,-1.3,10.976452,3.109785,14.9,0.823548,False
2009-02-19,11.9,-1.3,11.054516,3.121613,15.1,0.845484,False
2009-02-20,12.7,-0.7,11.120645,3.122151,15.31,1.579355,False
2009-02-21,12.6,0.3,11.202796,3.146882,15.41,1.397204,False
2009-02-22,13.7,5.6,11.301505,3.174731,15.7,2.398495,False
2009-02-23,11.5,5.4,11.400323,3.22,15.8,0.099677,False
2009-02-24,11.7,6.9,11.533441,3.267957,15.91,0.166559,False
2009-02-25,11.0,8.2,11.664624,3.35172,16.11,-0.664624,False
2009-02-26,8.8,0.9,11.788817,3.432581,16.4,-2.988817,False
2009-02-27,8.6,-1.3,11.88172,3.513871,16.5,-3.28172,False
2009-02-28,11.0,0.2,11.961828,3.577957,16.8,-0.961828,False
2009-03-01,10.4,6.9,12.050645,3.641075,17.01,-1.650645,False
2009-03-02,13.8,6.7,12.11914,3.67,17.1,1.68086,False
2009-03-03,14.0,5.9,12.194731,3.715376,17.1,1.805269,False
2009-03-04,12.3,1.9,12.289677,3.716022,17.3,0.010323,False
2009-03-05,9.0,6.0,12.404946,3.749892,17.6,-3.404946,False
2009-03-06,10.2,-0.4,12.510108,3.803441,17.7,-2.310108,False
2009-03-07,10.0,0.9,12.613548,3.834731,17.7,-2.613548,False
2009-03-08,6.8,0.4,12.707204,3.88,17.8,-5.907204,False
2009-03-09,5.5,-0.9,12.810215,3.930753,18.0,-7.310215,False
2009-03-10,6.0,0.3,12.906667,3.972151,18.1,-6.906667,False
2009-03-11,10.0,-1.6,13.000108,4.036989,18.21,-3.000108,False
2009-03-12,12.8,-1.5,13.085914,4.103978,18.3,-0.285914,False
2009-03-13,15.0,-0.6,13.177097,4.178925,18.4,1.822903,False
2009-03-14,15.2,5.6,13.32129,4.275269,18.5,1.87871,False
2009-03-15,9.2,5.0,13.475054,4.363763,18.7,-4.275054,False
2009-03-16,8.7,4.2,13.60043,4.444409,19.1,-4.90043,False
2009-03-17,9.7,4.5,13.705269,4.49086,19.3,-4.005269,False
2009-03-18,14.1,4.8,13.802796,4.530753,19.3,0.297204,False
2009-03-19,14.5,5.3,13.891075,4.547097,19.51,0.608925,False
2009-03-20,14.6,9.2,13.994946,4.597957,19.7,0.605054,False
2009-03-21,11.5,3.8,14.076237,4.646882,19.7,-2.576237,False
2009-03-22,11.3,5.2,14.162796,4.737634,19.81,-2.862796,False
2009-03-23,8.5,1.4,14.277957,4.835054,19.91,-5.777957,False
2009-03-24,11.9,5.0,14.357957,4.913226,20.01,-2.457957,False
2009-03-25,11.3,5.9,14.435269,4.965591,20.1,-3.135269,False
2009-03-26,13.0,0.3,14.496452,5.014086,20.11,-1.496452,False
2009-03-27,12.8,2.6,14.561505,5.060215,20.2,-1.761505,False
2009-03-28,12.6,5.7,14.612473,5.093763,20.2,-2.012473,False
2009-03-29,10.9,3.2,14.646559,5.118387,20.3,-3.746559,False
2009-03-30,10.8,0.5,14.686022,5.098602,20.31,-3.886022,False
2009-03-31,10.1,6.4,14.736237,5.113333,20.4,-4.636237,False
2009-04-01,8.7,3.7,14.826989,5.15828,20.5,-6.126989,False
2009-04-02,10.2,7.0,14.942903,5.225914,20.7,-4.742903,False
2009-04-03,10.0,3.5,15.049677,5.269032,20.91,-5.049677,False
2009-04-04,16.3,-2.7,15.143871,5.322151,21.21,1.156129,False
2009-04-05,22.0,4.8,15.234839,5.376882,21.51,6.765161,False
2009-04-06,23.8,5.0,15.342366,5.435699,21.62,8.457634,False
2009-04-07,23.9,6.2,15.460645,5.496022,21.81,8.439355,False
2009-04-08,21.6,10.2,15.581398,5.562258,22.01,6.018602,False
2009-04-09,13.4,7.3,15.693763,5.626237,22.2,-2.293763,False
2009-04-10,13.2,6.4,15.816667,5.695914,22.4,-2.616667,False
2009-04-11,13.4,6.3,15.955161,5.764194,22.6,-2.555161,False
2009-04-12,12.8,9.3,16.105699,5.853548,22.7,-3.305699,False
2009-04-13,13.2,5.5,16.220215,5.925484,22.8,-3.020215,False
2009-04-14,10.9,1.0,16.320968,5.991075,22.8,-5.420968,False
2009-04-15,12.0,2.2,16.397634,6.050323,22.8,-4.397634,False
2009-04-16,16.9,1.5,16.507419,6.079355,22.9,0.392581,False
2009-04-17,17.2,8.4,16.643548,6.15914,23.0,0.556452,False
2009-04-18,18.2,2.6,16.786129,6.241613,23.1,1.413871,False
2009-04-19,24.0,6.0,16.918172,6.335591,23.3,7.081828,False
2009-04-20,25.8,8.1,17.041505,6.441075,23.5,8.758495,False
2009-04-21,26.0,10.3,17.197849,6.53129,23.6,8.802151,False
2009-04-22,25.5,8.3,17.352043,6.584946,23.81,8.147957,False
2009-04-23,13.2,2.1,17.468817,6.627742,24.11,-4.268817,False
2009-04-24,15.3,3.9,17.584731,6.665161,24.21,-2.284731,False
2009-04-25,15.4,4.4,17.716774,6.732258,24.52,-2.316774,False
2009-04-26,13.3,4.4,17.880215,6.808817,25.01,-4.580215,False
2009-04-27,14.3,4.8,18.013226,6.88129,25.32,-3.713226,False
2009-04-28,14.3,6.7,18.165376,6.958602,25.6,-3.865376,False
2009-04-29,13.2,5.7,18.376452,7.072903,25.8,-5.176452,False
2009-04-30,18.1,3.4,18.586452,7.215269,26.02,-0.486452,False
2009-05-01,21.7,6.3,18.759892,7.336452,26.31,2.940108,False
2009-05-02,21.1,12.7,18.893548,7.439785,26.5,2.206452,False
2009-05-03,16.8,7.4,19.032581,7.537312,26.7,-2.232581,False
2009-05-04,14.8,6.7,19.143871,7.642903,26.7,-4.343871,False
2009-05-05,15.0,9.5,19.223763,7.756989,26.7,-4.223763,False
2009-05-06,15.8,9.7,19.296344,7.837204,26.7,-3.496344,False
2009-05-07,14.8,6.8,19.377419,7.920215,26.9,-4.577419,False
2009-05-08,16.3,4.7,19.505484,8.02914,27.1,-3.205484,False
2009-05-09,19.6,5.3,19.667097,8.138065,27.21,-0.067097,False
2009-05-10,20.0,6.0,19.807742,8.240645,27.3,0.192258,False
2009-05-11,20.2,10.4,19.916452,8.347957,27.3,0.283548,False
2009-05-12,15.6,6.4,20.023548,8.474624,27.3,-4.423548,False
2009-05-13,13.1,4.1,20.122688,8.575914,27.41,-7.022688,False
2009-05-14,17.4,9.5,20.245699,8.677634,27.8,-2.845699,False
2009-05-15,20.5,3.9,20.38043,8.764086,27.9,0.11957,False
2009-05-16,26.0,7.7,20.534409,8.882366,28.0,5.465591,False
2009-05-17,26.4,10.7,20.664839,9.011183,28.22,5.735161,False
2009-05-18,26.6,11.2,20.757097,9.096452,28.22,5.842903,False
2009-05-19,24.7,9.0,20.889462,9.183656,28.4,3.810538,False
2009-05-20,17.0,5.6,21.025699,9.286022,28.5,-4.025699,False
2009-05-21,21.3,5.3,21.145699,9.374409,28.51,0.154301,False
2009-05-22,22.2,8.5,21.231075,9.454301,28.6,0.968925,False
2009-05-23,22.2,7.8,21.296237,9.561505,28.6,0.903763,False
2009-05-24,22.3,7.9,21.359032,9.650323,28.6,0.940968,False
2009-05-25,21.8,7.5,21.446989,9.750538,28.6,0.353011,False
2009-05-26,22.0,8.8,21.497419,9.82828,28.6,0.502581,False
2009-05-27,23.2,9.5,21.547097,9.893441,28.51,1.652903,False
2009-05-28,28.1,9.2,21.638172,9.967204,28.5,6.461828,False
2009-05-29,29.1,13.1,21.678172,10.065269,28.4,7.421828,True
2009-05-30,29.4,11.2,21.664194,10.101075,28.4,7.735806,True
2009-05-31,29.4,12.3,21.680645,10.133226,28.31,7.719355,True
2009-06-01,28.7,13.0,21.724301,10.17086,28.4,6.975699,True
2009-06-02,28.1,16.7,21.798602,10.213118,28.4,6.301398,False
2009-06-03,30.4,14.0,21.872366,10.277742,28.4,8.527634,False
2009-06-04,30.5,14.7,21.977419,10.301828,28.4,8.522581,False
2009-06-05,26.7,13.1,22.130968,10.367204,28.7,4.569032,False
2009-06-06,17.7,13.2,22.285914,10.462473,28.81,-4.585914,False
2009-06-07,18.6,13.1,22.426452,10.533548,28.9,-3.826452,False
2009-06-08,21.9,10.1,22.511935,10.590323,28.71,-0.611935,False
2009-06-09,23.4,10.6,22.581935,10.659677,28.9,0.818065,False
2009-06-10,23.5,13.9,22.694946,10.718925,29.1,0.805054,False
2009-06-11,21.3,13.3,22.843978,10.793011,29.31,-1.543978,False
2009-06-12,22.4,12.8,23.000645,10.87086,29.8,-0.600645,False
2009-06-13,22.3,12.5,23.14871,10.949892,29.9,-0.84871,False
2009-06-14,21.0,13.5,23.294194,11.029785,30.01,-2.294194,False
2009-06-15,23.3,13.5,23.415161,11.118495,30.22,-0.115161,False
2009-06-16,23.8,11.6,23.519785,11.184946,30.41,0.280215,False
2009-06-17,24.2,13.8,23.626989,11.256989,30.61,0.573011,False
2009-06-18,23.2,14.1,23.747957,11.335914,30.8,-0.547957,False
2009-06-19,23.5,14.4,23.826452,11.397849,30.9,-0.326452,False
2009-06-20,19.2,11.2,23.924624,11.445591,30.9,-4.724624,False
2009-06-21,18.3,10.7,24.050323,11.49871,30.91,-5.750323,False
2009-06-22,19.3,9.2,24.213333,11.563871,31.11,-4.913333,False
2009-06-23,25.3,8.2,24.393333,11.631183,31.3,0.906667,False
2009-06-24,25.3,10.8,24.591613,11.724409,31.4,0.708387,False
2009-06-25,23.8,14.0,24.774946,11.816667,31.61,-0.974946,False
2009-06-26,22.2,9.0,24.977097,11.903011,31.71,-2.777097,False
2009-06-27,27.3,8.6,25.169892,11.997742,31.81,2.130108,False
2009-06-28,27.4,12.4,25.332043,12.107097,31.91,2.067957,False
2009-06-29,24.4,8.8,25.516989,12.151398,32.0,-1.116989,False
2009-06-30,25.4,9.8,25.750215,12.253978,32.0,-0.350215,False
2009-07-01,29.9,12.1,25.966237,12.367097,32.2,3.933763,False
2009-07-02,33.4,14.5,26.17086,12.480645,32.41,7.22914,True
2009-07-03,33.6,15.7,26.342151,12.574194,32.6,7.257849,True
2009-07-04,33.0,13.9,26.510108,12.654409,32.7,6.489892,True
2009-07-05,32.2,14.0,26.672688,12.764409,32.9,5.527312,False
2009-07-06,25.9,13.2,26.817527,12.847957,33.11,-0.917527,False
2009-07-07,21.4,10.5,26.988602,12.93828,33.4,-5.588602,False
2009-07-08,21.6,11.5,27.129462,13.043656,33.6,-5.529462,False
2009-07-09,23.5,13.4,27.295484,13.124624,33.71,-3.795484,False
2009-07-10,30.5,12.5,27.45043,13.176344,33.8,3.04957,False
2009-07-11,30.8,14.8,27.588495,13.236452,33.8,3.211505,False
2009-07-12,26.2,14.4,27.734194,13.290108,33.9,-1.534194,False
2009-07-13,21.4,13.7,27.866237,13.347634,33.9,-6.466237,False
2009-07-14,25.3,11.4,27.997527,13.390538,33.9,-2.697527,False
2009-07-15,29.8,12.5,28.122688,13.440538,34.0,1.677312,False
2009-07-16,32.3,15.0,28.244086,13.467634,34.11,4.055914,False
2009-07-17,33.7,17.3,28.348172,13.49828,34.01,5.351828,False
2009-07-18,33.7,14.2,28.440753,13.526129,34.1,5.259247,False
2009-07-19,28.4,11.2,28.54129,13.556989,34.11,-0.14129,False
2009-07-20,32.8,14.1,28.686452,13.622258,34.21,4.113548,False
2009-07-21,32.7,14.8,28.813226,13.685914,34.43,3.886774,False
2009-07-22,32.0,13.9,28.870108,13.735806,34.43,3.129892,False
2009-07-23,26.3,14.2,28.884086,13.776559,34.43,-2.584086,False
2009-07-24,28.8,12.4,28.888495,13.806667,34.43,-0.088495,False
2009-07-25,32.4,16.4,28.907419,13.831505,34.8,3.492581,False
2009-07-26,33.0,16.4,28.950753,13.858495,35.0,4.049247,False
2009-07-27,38.4,19.1,28.997849,13.891398,35.0,9.402151,True
2009-07-28,40.2,21.0,29.039462,13.90914,35.01,11.160538,True
2009-07-29,42.1,22.4,29.109032,13.915591,35.01,12.990968,True
2009-07-30,42.1,18.9,29.196774,13.968495,35.1,12.903226,True
2009-07-31,35.5,15.8,29.23086,13.995161,35.1,6.26914,True
2009-08-01,33.9,16.6,29.251183,14.001613,35.2,4.648817,False
2009-08-02,34.2,18.5,29.267849,14.008495,35.11,4.932151,False
2009-08-03,33.9,14.9,29.310215,14.00871,35.11,4.589785,False
2009-08-04,32.1,13.7,29.315269,14.015269,35.2,2.784731,False
2009-08-05,28.5,12.7,29.313763,14.01172,35.2,-0.813763,False
2009-08-06,25.7,14.4,29.295054,14.001075,35.2,-3.595054,False
2009-08-07,20.6,14.7,29.219677,13.946667,35.1,-8.619677,False
2009-08-08,22.0,12.5,29.170538,13.894731,35.0,-7.170538,False
2009-08-09,25.8,16.6,29.106452,13.846774,35.0,-3.306452,False
2009-08-10,28.8,10.9,29.051183,13.816022,35.0,-0.251183,False
2009-08-11,29.0,15.9,29.00871,13.787742,34.9,-0.00871,False
2009-08-12,25.6,17.1,28.934946,13.757742,34.7,-3.334946,False
2009-08-13,23.6,11.8,28.880645,13.72129,34.7,-5.280645,False
2009-08-14,21.3,13.0,28.824731,13.70914,34.6,-7.524731,False
2009-08-15,20.9,11.7,28.723871,13.685591,34.5,-7.823871,False
2009-08-16,24.6,10.1,28.606129,13.671075,34.31,-4.006129,False
2009-08-17,31.5,12.7,28.515376,13.637204,34.21,2.984624,False
2009-08-18,33.0,15.5,28.454194,13.58957,34.21,4.545806,False
2009-08-19,36.6,16.5,28.393871,13.556667,34.31,8.206129,False
2009-08-20,37.8,15.6,28.283226,13.501075,34.3,9.516774,False
2009-08-21,28.7,15.7,28.164516,13.438925,34.2,0.535484,False
2009-08-22,25.9,13.8,28.093333,13.38086,34.2,-2.193333,False
2009-08-23,25.7,12.2,28.070538,13.333333,34.2,-2.370538,False
2009-08-24,26.9,9.5,28.033978,13.297634,34.2,-1.133978,False
2009-08-25,27.7,10.8,27.956129,13.244839,34.0,-0.256129,False
2009-08-26,28.7,8.9,27.865914,13.18129,33.9,0.834086,False
2009-08-27,32.4,11.2,27.815161,13.127849,33.9,4.584839,False
2009-08-28,33.1,14.2,27.756129,13.058925,33.8,5.343871,False
2009-08-29,23.8,15.9,27.649032,12.97914,33.7,-3.849032,False
2009-08-30,26.1,14.4,27.478602,12.89828,33.32,-1.378602,False
2009-08-31,26.7,13.5,27.31,12.823548,33.11,-0.61,False
2009-09-01,25.8,13.1,27.141398,12.747204,33.0,-1.341398,False
2009-09-02,28.6,12.0,26.963978,12.666344,32.81,1.636022,False
2009-09-03,28.8,15.1,26.765484,12.590215,32.7,2.034516,False
2009-09-04,25.3,13.2,26.60086,12.510215,32.6,-1.30086,False
2009-09-05,25.3,12.7,26.42129,12.404409,32.5,-1.12129,False
2009-09-06,18.6,13.2,26.271075,12.304839,32.5,-7.671075,False
2009-09-07,20.5,11.8,26.169677,12.226022,32.41,-5.669677,False
2009-09-08,22.8,8.3,26.071828,12.12957,32.41,-3.271828,False
2009-09-09,24.8,11.1,25.973978,12.053978,32.4,-1.173978,False
2009-09-10,27.2,13.1,25.85828,12.008065,32.4,1.34172,False
2009-09-11,33.8,12.8,25.710108,11.930645,32.3,8.089892,False
2009-09-12,33.8,14.3,25.593118,11.836237,32.2,8.206882,False
2009-09-13,31.3,14.6,25.475914,11.732258,32.01,5.824086,False
2009-09-14,24.4,14.9,25.346022,11.623656,31.91,-0.946022,False
2009-09-15,28.0,13.2,25.217097,11.530323,31.9,2.782903,False
2009-09-16,28.3,13.7,25.071398,11.425376,31.9,3.228602,False
2009-09-17,22.3,12.8,24.871828,11.314731,31.7,-2.571828,False
2009-09-18,29.5,10.7,24.626237,11.211613,31.51,4.873763,False
2009-09-19,29.4,14.5,24.394946,11.083333,31.3,5.005054,False
2009-09-20,21.8,8.9,24.196129,10.946129,30.81,-2.396129,False
2009-09-21,29.0,9.0,24.03043,10.842151,30.42,4.96957,False
2009-09-22,33.4,13.6,23.845376,10.763226,30.2,9.554624,True
2009-09-23,33.3,13.5,23.620753,10.667097,30.1,9.679247,True
2009-09-24,30.1,10.7,23.386129,10.533656,29.91,6.713871,True
2009-09-25,23.8,9.3,23.142903,10.400108,29.71,0.657097,False
2009-09-26,24.0,11.4,22.869892,10.246882,29.5,1.130108,False
2009-09-27,26.9,7.8,22.565161,10.093011,29.3,4.334839,False
2009-09-28,26.6,9.1,22.270645,9.977419,29.0,4.329355,False
2009-09-29,17.1,8.6,22.010968,9.846452,28.8,-4.910968,False
2009-09-30,15.7,6.6,21.786452,9.696559,28.7,-6.086452,False
2009-10-01,17.8,10.5,21.586022,9.57043,28.41,-3.786022,False
2009-10-02,18.1,9.8,21.39172,9.443978,28.3,-3.29172,False
2009-10-03,14.0,5.2,21.21086,9.321183,28.0,-7.21086,False
2009-10-04,18.0,7.3,21.041505,9.226989,27.9,-3.041505,False
2009-10-05,18.0,4.7,20.845591,9.124946,27.8,-2.845591,False
2009-10-06,20.1,2.9,20.650538,9.048172,27.7,-0.550538,False
2009-10-07,20.0,7.3,20.443118,8.956559,27.5,-0.443118,False
2009-10-08,20.1,4.6,20.206344,8.837097,27.11,-0.106344,False
2009-10-09,20.3,5.8,19.939892,8.736989,26.61,0.360108,False
2009-10-10,18.6,5.6,19.659462,8.611613,26.12,-1.059462,False
2009-10-11,14.4,3.8,19.367312,8.475376,25.8,-4.967312,False
2009-10-12,13.9,4.0,19.086452,8.319462,25.4,-5.186452,False
2009-10-13,13.1,6.2,18.767957,8.198925,24.91,-5.667957,False
2009-10-14,17.0,7.7,18.423226,8.086237,24.51,-1.423226,False
2009-10-15,16.7,10.3,18.087849,7.944624,23.71,-1.387849,False
2009-10-16,20.4,11.0,17.792043,7.802366,23.21,2.607957,False
2009-10-17,19.8,13.4,17.527097,7.666989,23.0,2.272903,False
2009-10-18,17.4,12.1,17.3,7.546022,22.51,0.1,False
2009-10-19,17.2,10.2,17.094946,7.421613,22.4,0.105054,False
2009-10-20,15.9,8.4,16.88,7.33086,22.3,-0.98,False
2009-10-21,17.7,10.5,16.642581,7.265054,21.81,1.057419,False
2009-10-22,16.5,7.8,16.383333,7.177742,21.6,0.116667,False
2009-10-23,15.0,11.3,16.144731,7.052043,21.4,-1.144731,False
2009-10-24,15.1,6.9,15.903978,6.92172,21.11,-0.803978,False
2009-10-25,14.1,3.0,15.669355,6.792581,20.9,-1.569355,False
2009-10-26,13.3,9.4,15.44957,6.693656,20.41,-2.14957,False
2009-10-27,11.7,5.5,15.268387,6.617204,20.3,-3.568387,False
2009-10-28,10.8,3.4,15.067957,6.566129,20.11,-4.267957,False
2009-10-29,10.3,6.3,14.871935,6.500215,19.8,-4.571935,False
2009-10-30,16.7,10.5,14.660108,6.447527,19.6,2.039892,False
2009-10-31,16.7,12.6,14.464731,6.384516,19.3,2.235269,False
2009-11-01,14.4,3.3,14.242688,6.286129,19.1,0.157312,False
2009-11-02,13.1,2.2,14.034086,6.216774,18.7,-0.934086,False
2009-11-03,13.8,3.8,13.812796,6.105054,18.3,-0.012796,False
2009-11-04,15.7,4.6,13.571075,5.99086,17.91,2.128925,False
2009-11-05,14.8,6.2,13.345484,5.86086,17.7,1.454516,False
2009-11-06,14.2,8.5,13.110323,5.709247,17.31,1.089677,False
2009-11-07,10.2,7.6,12.851935,5.564731,17.1,-2.651935,False
2009-11-08,11.2,6.3,12.600968,5.45,16.7,-1.400968,False
2009-11-09,10.7,5.8,12.379785,5.349462,16.4,-1.679785,False
2009-11-10,11.9,6.1,12.194301,5.265914,16.2,-0.294301,False
2009-11-11,10.8,5.3,12.022903,5.155484,16.0,-1.222903,False
2009-11-12,8.6,4.3,11.837097,5.082473,15.7,-3.237097,False
2009-11-13,8.0,4.1,11.656882,4.976452,15.51,-3.656882,False
2009-11-14,8.0,0.2,11.480323,4.863978,15.4,-3.480323,False
2009-11-15,9.0,5.2,11.323226,4.782796,15.3,-2.323226,False
2009-11-16,14.5,8.3,11.176774,4.706344,15.2,3.323226,False
2009-11-17,14.8,7.8,11.025484,4.65957,14.81,3.774516,False
2009-11-18,9.8,4.7,10.864516,4.567204,14.61,-1.064516,False
2009-11-19,12.6,7.8,10.703441,4.468925,14.5,1.896559,False
2009-11-20,13.4,7.0,10.524946,4.325269,14.2,2.875054,False
2009-11-21,8.8,3.0,10.348495,4.200108,14.1,-1.548495,False
2009-11-22,9.2,5.6,10.159247,4.069462,13.8,-0.959247,False
2009-11-23,10.8,4.4,9.969247,3.947097,13.6,0.830753,False
2009-11-24,11.9,6.6,9.811398,3.838817,13.5,2.088602,False
2009-11-25,12.7,2.8,9.687204,3.773763,13.5,3.012796,False
2009-11-26,10.6,5.2,9.564946,3.707849,13.5,1.035054,False
2009-11-27,10.5,7.1,9.444516,3.662366,13.4,1.055484,False
2009-11-28,9.8,1.8,9.333333,3.572473,13.2,0.466667,False
2009-11-29,9.5,3.2,9.202688,3.444516,13.1,0.297312,False
2009-11-30,8.5,3.7,9.044731,3.331075,13.0,-0.544731,False
2009-12-01,10.9,5.4,8.908172,3.242043,12.7,1.991828,False
2009-12-02,9.2,0.6,8.794409,3.167957,12.6,0.405591,False
2009-12-03,7.8,-1.1,8.671183,3.06043,12.5,-0.871183,False
2009-12-04,5.5,-4.0,8.571183,2.995054,12.3,-3.071183,False
2009-12-05,4.4,-4.0,8.487849,2.952258,12.2,-4.087849,False
2009-12-06,3.6,-0.9,8.405699,2.890215,12.01,-4.805699,False
2009-12-07,0.4,-5.6,8.32871,2.854839,12.0,-7.92871,False
2009-12-08,-1.4,-9.0,8.276344,2.820968,11.9,-9.676344,False
2009-12-09,-1.1,-12.6,8.222258,2.765161,11.9,-9.322258,False
2009-12-10,0.7,-12.8,8.160215,2.708495,11.8,-7.460215,False
2009-12-11,1.7,-11.4,8.072258,2.642366,11.7,-6.372258,False
2009-12-12,0.2,-2.8,8.015054,2.629462,11.6,-7.815054,False
2009-12-13,3.4,-3.2,7.973118,2.626237,11.51,-4.573118,False
2009-12-14,6.8,1.9,7.928387,2.606452,11.5,-1.128387,False
2009-12-15,7.9,3.4,7.879892,2.587312,11.5,0.020108,False
2009-12-16,10.2,7.4,7.819677,2.532258,11.4,2.380323,False
2009-12-17,9.2,7.2,7.767097,2.487742,11.4,1.432903,False
2009-12-18,9.3,4.0,7.73043,2.413763,11.4,1.56957,False
2009-12-19,10.3,7.4,7.699032,2.40172,11.4,2.600968,False
2009-12-20,12.3,7.1,7.672473,2.406452,11.5,4.627527,False
2009-12-21,11.7,5.3,7.653118,2.423118,11.5,4.046882,False
2009-12-22,5.8,1.3,7.64172,2.402366,11.5,-1.84172,False
2009-12-23,5.7,-2.2,7.661183,2.424086,11.5,-1.961183,False
2009-12-24,6.9,-2.5,7.688602,2.457312,11.51,-0.788602,False
2009-12-25,6.4,0.2,7.706237,2.482043,11.5,-1.306237,False
2009-12-26,5.9,0.7,7.714086,2.500753,11.5,-1.814086,False
2009-12-27,4.2,-1.6,7.715699,2.495591,11.51,-3.515699,False
2009-12-28,5.7,-0.4,7.701183,2.461075,11.5,-2.001183,False
2009-12-29,4.5,-1.7,7.694946,2.446344,11.6,-3.194946,False
2009-12-30,6.1,0.9,7.693333,2.455484,11.6,-1.593333,False
2009-12-31,6.6,1.2,7.716344,2.440215,11.6,-1.116344,False
2010-01-01,10.8,7.6,7.713118,2.42828,11.6,3.086882,False
2010-01-02,9.4,7.1,7.717419,2.41,11.6,1.682581,False
2010-01-03,9.3,4.3,7.772903,2.444086,11.6,1.527097,False
2010-01-04,9.4,5.1,7.811935,2.478602,11.61,1.588065,False
2010-01-05,10.7,9.3,7.850538,2.467204,11.6,2.849462,False
2010-01-06,10.6,6.5,7.883011,2.480753,11.6,2.716989,False
2010-01-07,7.0,3.5,7.923226,2.497742,11.6,-0.923226,False
2010-01-08,6.4,3.5,7.967742,2.537097,11.61,-1.567742,False
2010-01-09,8.9,3.7,8.029677,2.589785,11.71,0.870323,False
2010-01-10,8.7,5.0,8.11,2.629892,11.9,0.59,False
2010-01-11,10.3,5.8,8.18129,2.667742,11.9,2.11871,False
2010-01-12,10.1,6.6,8.213226,2.637957,12.0,1.886774,False
2010-01-13,10.4,8.1,8.267204,2.646237,12.1,2.132796,False
2010-01-14,10.2,6.3,8.334839,2.688387,12.1,1.865161,False
2010-01-15,10.0,6.0,8.407849,2.707527,12.1,1.592151,False
2010-01-16,10.2,7.2,8.485699,2.760753,12.2,1.714301,False
2010-01-17,10.0,7.7,8.565484,2.776882,12.21,1.434516,False
2010-01-18,12.9,6.4,8.633763,2.808495,12.3,4.266237,False
2010-01-19,12.4,8.1,8.712796,2.823656,12.4,3.687204,False
2010-01-20,10.9,4.4,8.815591,2.850323,12.6,2.084409,False
2010-01-21,13.0,4.5,8.923333,2.879355,12.8,4.076667,False
2010-01-22,12.1,4.8,9.015161,2.933118,12.8,3.084839,False
2010-01-23,10.6,4.0,9.090538,2.943226,12.9,1.509462,False
2010-01-24,10.3,3.5,9.14172,2.934946,13.0,1.15828,False
2010-01-25,11.3,5.9,9.217097,2.922151,13.2,2.082903,False
2010-01-26,10.0,4.9,9.283333,2.896344,13.2,0.716667,False
2010-01-27,9.6,3.4,9.365376,2.902903,13.3,0.234624,False
2010-01-28,11.1,4.8,9.46871,2.922366,13.3,1.63129,False
2010-01-29,11.3,6.5,9.547527,2.926344,13.31,1.752473,False
2010-01-30,10.5,4.2,9.63914,2.945161,13.4,0.86086,False
2010-01-31,10.8,6.4,9.752258,3.00129,13.5,1.047742,False
2010-02-01,10.8,4.0,9.868387,3.06,13.7,0.931613,False
2010-02-02,10.7,5.4,9.968925,3.114086,13.7,0.731075,False
2010-02-03,10.5,5.9,10.026129,3.105914,13.8,0.473871,False
2010-02-04,10.9,6.9,10.077527,3.108602,13.8,0.822473,False
2010-02-05,14.7,7.4,10.134516,3.099247,13.81,4.565484,False
2010-02-06,14.1,6.2,10.202366,3.118602,14.0,3.897634,False
2010-02-07,11.4,7.1,10.281935,3.136559,14.1,1.118065,False
2010-02-08,11.3,4.5,10.348172,3.101183,14.1,0.951828,False
2010-02-09,10.8,2.4,10.399462,3.072903,14.3,0.400538,False
2010-02-10,10.7,1.1,10.445914,3.048817,14.3,0.254086,False
2010-02-11,11.7,6.7,10.493548,3.026344,14.31,1.206452,False
2010-02-12,12.1,6.6,10.564086,3.037634,14.5,1.535914,False
2010-02-13,11.1,6.5,10.626882,3.026882,14.6,0.473118,False
2010-02-14,12.0,8.5,10.696667,3.025484,14.7,1.303333,False
2010-02-15,12.6,4.8,10.757634,3.046559,14.7,1.842366,False
2010-02-16,14.5,9.7,10.835591,3.066989,14.71,3.664409,False
2010-02-17,14.3,3.5,10.908602,3.078602,14.8,3.391398,False
2010-02-18,15.2,5.0,10.976452,3.109785,14.9,4.223548,False
2010-02-19,15.0,3.5,11.054516,3.121613,15.1,3.945484,False
2010-02-20,14.1,1.1,11.120645,3.122151,15.31,2.979355,False
2010-02-21,13.5,-0.6,11.202796,3.146882,15.41,2.297204,False
2010-02-22,13.2,-1.9,11.301505,3.174731,15.7,1.898495,False
2010-02-23,12.5,2.2,11.400323,3.22,15.8,1.099677,False
2010-02-24,11.0,5.9,11.533441,3.267957,15.91,-0.533441,False
2010-02-25,13.5,6.2,11.664624,3.35172,16.11,1.835376,False
2010-02-26,13.1,8.5,11.788817,3.432581,16.4,1.311183,False
2010-02-27,14.0,6.9,11.88172,3.513871,16.5,2.11828,False
2010-02-28,14.2,6.6,11.961828,3.577957,16.8,2.238172,False
2010-03-01,14.4,5.9,12.050645,3.641075,17.01,2.349355,False
2010-03-02,14.4,7.4,12.11914,3.67,17.1,2.28086,False
2010-03-03,12.3,5.1,12.194731,3.715376,17.1,0.105269,False
2010-03-04,12.3,3.5,12.289677,3.716022,17.3,0.010323,False
2010-03-05,14.6,3.6,12.404946,3.749892,17.6,2.195054,False
2010-03-06,17.7,2.8,12.510108,3.803441,17.7,5.189892,False
2010-03-07,17.5,2.3,12.613548,3.834731,17.7,4.886452,False
2010-03-08,12.6,4.9,12.707204,3.88,17.8,-0.107204,False
2010-03-09,8.7,-0.7,12.810215,3.930753,18.0,-4.110215,False
2010-03-10,9.7,2.8,12.906667,3.972151,18.1,-3.206667,False
2010-03-11,9.4,5.5,13.000108,4.036989,18.21,-3.600108,False
2010-03-12,9.7,6.2,13.085914,4.103978,18.3,-3.385914,False
2010-03-13,9.8,2.8,13.177097,4.178925,18.4,-3.377097,False
2010-03-14,14.1,0.2,13.32129,4.275269,18.5,0.77871,False
2010-03-15,18.0,5.3,13.475054,4.363763,18.7,4.524946,False
2010-03-16,17.1,7.0,13.60043,4.444409,19.1,3.49957,False
2010-03-17,13.1,4.2,13.705269,4.49086,19.3,-0.605269,False
2010-03-18,15.6,0.6,13.802796,4.530753,19.3,1.797204,False
2010-03-19,18.1,1.9,13.891075,4.547097,19.51,4.208925,False
2010-03-20,19.7,3.5,13.994946,4.597957,19.7,5.705054,False
2010-03-21,19.4,10.2,14.076237,4.646882,19.7,5.323763,False
2010-03-22,12.9,5.8,14.162796,4.737634,19.81,-1.262796,False
2010-03-23,15.7,3.5,14.277957,4.835054,19.91,1.422043,False
2010-03-24,19.8,3.9,14.357957,4.913226,20.01,5.442043,False
2010-03-25,19.7,7.9,14.435269,4.965591,20.1,5.264731,False
2010-03-26,12.2,6.1,14.496452,5.014086,20.11,-2.296452,False
2010-03-27,18.1,3.8,14.561505,5.060215,20.2,3.538495,False
2010-03-28,18.1,8.6,14.612473,5.093763,20.2,3.487527,False
2010-03-29,11.1,8.4,14.646559,5.118387,20.3,-3.546559,False
2010-03-30,7.8,3.9,14.686022,5.098602,20.31,-6.886022,False
2010-03-31,10.4,3.6,14.736237,5.113333,20.4,-4.336237,False
2010-04-01,11.1,2.3,14.826989,5.15828,20.5,-3.726989,False
2010-04-02,10.6,4.2,14.942903,5.225914,20.7,-4.342903,False
2010-04-03,8.5,2.9,15.049677,5.269032,20.91,-6.549677,False
2010-04-04,12.1,4.0,15.143871,5.322151,21.21,-3.043871,False
2010-04-05,9.5,4.3,15.234839,5.376882,21.51,-5.734839,False
2010-04-06,11.8,5.6,15.342366,5.435699,21.62,-3.542366,False
2010-04-07,12.1,5.6,15.460645,5.496022,21.81,-3.360645,False
2010-04-08,12.5,4.7,15.581398,5.562258,22.01,-3.081398,False
2010-04-09,10.9,2.5,15.693763,5.626237,22.2,-4.793763,False
2010-04-10,16.0,1.2,15.816667,5.695914,22.4,0.183333,False
2010-04-11,16.8,6.2,15.955161,5.764194,22.6,0.844839,False
2010-04-12,16.6,9.1,16.105699,5.853548,22.7,0.494301,False
2010-04-13,15.8,7.4,16.220215,5.925484,22.8,-0.420215,False
2010-04-14,17.6,0.8,16.320968,5.991075,22.8,1.279032,False
2010-04-15,17.7,7.0,16.397634,6.050323,22.8,1.302366,False
2010-04-16,18.6,6.0,16.507419,6.079355,22.9,2.092581,False
2010-04-17,19.0,7.2,16.643548,6.15914,23.0,2.356452,False
2010-04-18,22.2,8.0,16.786129,6.241613,23.1,5.413871,False
2010-04-19,21.8,9.7,16.918172,6.335591,23.3,4.881828,False
2010-04-20,17.8,10.2,17.041505,6.441075,23.5,0.758495,False
2010-04-21,12.7,7.3,17.197849,6.53129,23.6,-4.497849,False
2010-04-22,15.4,6.0,17.352043,6.584946,23.81,-1.952043,False
2010-04-23,17.8,3.9,17.468817,6.627742,24.11,0.331183,False
2010-04-24,17.5,6.7,17.584731,6.665161,24.21,-0.084731,False
2010-04-25,17.4,4.4,17.716774,6.732258,24.52,-0.316774,False
2010-04-26,17.6,8.8,17.880215,6.808817,25.01,-0.280215,False
2010-04-27,13.4,9.0,18.013226,6.88129,25.32,-4.613226,False
2010-04-28,11.2,5.7,18.165376,6.958602,25.6,-6.965376,False
2010-04-29,13.1,4.9,18.376452,7.072903,25.8,-5.276452,False
2010-04-30,14.3,6.8,18.586452,7.215269,26.02,-4.286452,False
2010-05-01,15.5,7.8,18.759892,7.336452,26.31,-3.259892,False
2010-05-02,14.9,7.6,18.893548,7.439785,26.5,-3.993548,False
2010-05-03,14.6,9.4,19.032581,7.537312,26.7,-4.432581,False
2010-05-04,11.3,3.6,19.143871,7.642903,26.7,-7.843871,False
2010-05-05,10.5,4.1,19.223763,7.756989,26.7,-8.723763,False
2010-05-06,13.6,3.1,19.296344,7.837204,26.7,-5.696344,False
2010-05-07,18.9,4.5,19.377419,7.920215,26.9,-0.477419,False
2010-05-08,19.7,4.8,19.505484,8.02914,27.1,0.194516,False
2010-05-09,20.3,4.9,19.667097,8.138065,27.21,0.632903,False
2010-05-10,19.9,8.1,19.807742,8.240645,27.3,0.092258,False
2010-05-11,15.3,8.0,19.916452,8.347957,27.3,-4.616452,False
2010-05-12,17.5,7.5,20.023548,8.474624,27.3,-2.523548,False
2010-05-13,21.7,6.4,20.122688,8.575914,27.41,1.577312,False
2010-05-14,23.6,9.8,20.245699,8.677634,27.8,3.354301,False
2010-05-15,23.8,8.8,20.38043,8.764086,27.9,3.41957,False
2010-05-16,22.9,10.2,20.534409,8.882366,28.0,2.365591,False
2010-05-17,22.8,12.4,20.664839,9.011183,28.22,2.135161,False
2010-05-18,19.1,11.5,20.757097,9.096452,28.22,-1.657097,False
2010-05-19,17.4,10.1,20.889462,9.183656,28.4,-3.489462,False
2010-05-20,13.7,7.0,21.025699,9.286022,28.5,-7.325699,False
2010-05-21,13.2,6.5,21.145699,9.374409,28.51,-7.945699,False
2010-05-22,13.2,5.7,21.231075,9.454301,28.6,-8.031075,False
2010-05-23,13.5,5.4,21.296237,9.561505,28.6,-7.796237,False
2010-05-24,15.2,6.3,21.359032,9.650323,28.6,-6.159032,False
2010-05-25,15.8,10.1,21.446989,9.750538,28.6,-5.646989,False
2010-05-26,15.4,9.5,21.497419,9.82828,28.6,-6.097419,False
2010-05-27,17.7,8.3,21.547097,9.893441,28.51,-3.847097,False
2010-05-28,16.3,9.0,21.638172,9.967204,28.5,-5.338172,False
2010-05-29,15.1,9.5,21.678172,10.065269,28.4,-6.578172,False
2010-05-30,19.3,9.6,21.664194,10.101075,28.4,-2.364194,False
2010-05-31,19.8,13.1,21.680645,10.133226,28.31,-1.880645,False
2010-06-01,20.6,10.2,21.724301,10.17086,28.4,-1.124301,False
2010-06-02,16.4,13.5,21.798602,10.213118,28.4,-5.398602,False
2010-06-03,15.6,7.3,21.872366,10.277742,28.4,-6.272366,False
2010-06-04,17.6,10.0,21.977419,10.301828,28.4,-4.377419,False
2010-06-05,21.3,8.3,22.130968,10.367204,28.7,-0.830968,False
2010-06-06,22.0,14.0,22.285914,10.462473,28.81,-0.285914,False
2010-06-07,20.4,12.1,22.426452,10.533548,28.9,-2.026452,False
2010-06-08,20.5,8.7,22.511935,10.590323,28.71,-2.011935,False
2010-06-09,20.8,11.2,22.581935,10.659677,28.9,-1.781935,False
2010-06-10,15.7,10.8,22.694946,10.718925,29.1,-6.994946,False
2010-06-11,16.7,10.2,22.843978,10.793011,29.31,-6.143978,False
2010-06-12,26.0,8.3,23.000645,10.87086,29.8,2.999355,False
2010-06-13,26.2,11.4,23.14871,10.949892,29.9,3.05129,False
2010-06-14,21.0,7.2,23.294194,11.029785,30.01,-2.294194,False
2010-06-15,18.2,7.6,23.415161,11.118495,30.22,-5.215161,False
2010-06-16,14.9,7.3,23.519785,11.184946,30.41,-8.619785,False
2010-06-17,17.1,10.5,23.626989,11.256989,30.61,-6.526989,False
2010-06-18,19.9,8.5,23.747957,11.335914,30.8,-3.847957,False
2010-06-19,19.9,11.4,23.826452,11.397849,30.9,-3.926452,False
2010-06-20,15.8,11.9,23.924624,11.445591,30.9,-8.124624,False
2010-06-21,18.6,11.2,24.050323,11.49871,30.91,-5.450323,False
2010-06-22,23.4,10.6,24.213333,11.563871,31.11,-0.813333,False
2010-06-23,26.5,13.7,24.393333,11.631183,31.3,2.106667,False
2010-06-24,26.9,12.2,24.591613,11.724409,31.4,2.308387,False
2010-06-25,26.5,14.3,24.774946,11.816667,31.61,1.725054,False
2010-06-26,23.2,10.2,24.977097,11.903011,31.71,-1.777097,False
2010-06-27,26.7,10.5,25.169892,11.997742,31.81,1.530108,False
2010-06-28,26.9,12.8,25.332043,12.107097,31.91,1.567957,False
2010-06-29,22.5,10.6,25.516989,12.151398,32.0,-3.016989,False
2010-06-30,20.5,9.7,25.750215,12.253978,32.0,-5.250215,False
2010-07-01,20.6,10.7,25.966237,12.367097,32.2,-5.366237,False
2010-07-02,17.5,11.6,26.17086,12.480645,32.41,-8.67086,False
2010-07-03,19.8,10.5,26.342151,12.574194,32.6,-6.542151,False
2010-07-04,20.4,9.9,26.510108,12.654409,32.7,-6.110108,False
2010-07-05,18.6,10.4,26.672688,12.764409,32.9,-8.072688,False
2010-07-06,28.9,8.7,26.817527,12.847957,33.11,2.082473,False
2010-07-07,34.4,13.1,26.988602,12.93828,33.4,7.411398,True
2010-07-08,35.3,15.1,27.129462,13.043656,33.6,8.170538,True
2010-07-09,35.4,17.7,27.295484,13.124624,33.71,8.104516,True
2010-07-10,33.9,15.3,27.45043,13.176344,33.8,6.44957,True
2010-07-11,27.9,16.3,27.588495,13.236452,33.8,0.311505,False
2010-07-12,26.3,14.1,27.734194,13.290108,33.9,-1.434194,False
2010-07-13,21.2,9.7,27.866237,13.347634,33.9,-6.666237,False
2010-07-14,28.3,10.8,27.997527,13.390538,33.9,0.302473,False
2010-07-15,28.4,12.8,28.122688,13.440538,34.0,0.277312,False
2010-07-16,27.9,11.0,28.244086,13.467634,34.11,-0.344086,False
2010-07-17,23.6,9.3,28.348172,13.49828,34.01,-4.748172,False
2010-07-18,24.4,10.9,28.440753,13.526129,34.1,-4.040753,False
2010-07-19,23.4,11.3,28.54129,13.556989,34.11,-5.14129,False
2010-07-20,23.7,10.0,28.686452,13.622258,34.21,-4.986452,False
2010-07-21,27.0,11.0,28.813226,13.685914,34.43,-1.813226,False
2010-07-22,27.4,12.1,28.870108,13.735806,34.43,-1.470108,False
2010-07-23,28.0,10.7,28.884086,13.776559,34.43,-0.884086,False
2010-07-24,32.9,14.4,28.888495,13.806667,34.43,4.011505,False
2010-07-25,32.5,14.7,28.907419,13.831505,34.8,3.592581,False
2010-07-26,31.9,15.1,28.950753,13.858495,35.0,2.949247,False
2010-07-27,31.5,11.9,28.997849,13.891398,35.0,2.502151,False
2010-07-28,29.6,13.1,29.039462,13.90914,35.01,0.560538,False
2010-07-29,25.9,11.1,29.109032,13.915591,35.01,-3.209032,False
2010-07-30,26.5,12.8,29.196774,13.968495,35.1,-2.696774,False
2010-07-31,26.7,12.6,29.23086,13.995161,35.1,-2.53086,False
2010-08-01,24.4,12.3,29.251183,14.001613,35.2,-4.851183,False
2010-08-02,26.4,11.7,29.267849,14.008495,35.11,-2.867849,False
2010-08-03,26.9,13.3,29.310215,14.00871,35.11,-2.410215,False
2010-08-04,27.1,12.9,29.315269,14.015269,35.2,-2.215269,False
2010-08-05,30.1,15.0,29.313763,14.01172,35.2,0.786237,False
2010-08-06,30.2,13.8,29.295054,14.001075,35.2,0.904946,False
2010-08-07,26.0,14.2,29.219677,13.946667,35.1,-3.219677,False
2010-08-08,24.9,16.0,29.170538,13.894731,35.0,-4.270538,False
2010-08-09,24.8,12.4,29.106452,13.846774,35.0,-4.306452,False
2010-08-10,20.5,12.1,29.051183,13.816022,35.0,-8.551183,False
2010-08-11,25.8,13.2,29.00871,13.787742,34.9,-3.20871,False
2010-08-12,28.1,11.8,28.934946,13.757742,34.7,-0.834946,False
2010-08-13,34.2,14.3,28.880645,13.72129,34.7,5.319355,False
2010-08-14,36.5,16.3,28.824731,13.70914,34.6,7.675269,True
2010-08-15,36.7,15.9,28.723871,13.685591,34.5,7.976129,True
2010-08-16,36.6,14.9,28.606129,13.671075,34.31,7.993871,True
2010-08-17,34.7,18.6,28.515376,13.637204,34.21,6.184624,True
2010-08-18,30.6,14.5,28.454194,13.58957,34.21,2.145806,False
2010-08-19,25.5,13.1,28.393871,13.556667,34.31,-2.893871,False
2010-08-20,22.9,8.7,28.283226,13.501075,34.3,-5.383226,False
2010-08-21,23.1,9.7,28.164516,13.438925,34.2,-5.064516,False
2010-08-22,22.1,13.6,28.093333,13.38086,34.2,-5.993333,False
2010-08-23,26.2,9.0,28.070538,13.333333,34.2,-1.870538,False
2010-08-24,34.5,11.2,28.033978,13.297634,34.2,6.466022,True
2010-08-25,34.7,14.0,27.956129,13.244839,34.0,6.743871,True
2010-08-26,34.0,13.6,27.865914,13.18129,33.9,6.134086,True
2010-08-27,21.3,11.8,27.815161,13.127849,33.9,-6.515161,False
2010-08-28,22.7,10.9,27.756129,13.058925,33.8,-5.056129,False
2010-08-29,22.6,9.4,27.649032,12.97914,33.7,-5.049032,False
2010-08-30,20.6,11.7,27.478602,12.89828,33.32,-6.878602,False
2010-08-31,20.4,11.6,27.31,12.823548,33.11,-6.91,False
2010-09-01,22.7,14.8,27.141398,12.747204,33.0,-4.441398,False
2010-09-02,29.7,10.9,26.963978,12.666344,32.81,2.736022,False
2010-09-03,31.5,13.6,26.765484,12.590215,32.7,4.734516,False
2010-09-04,31.2,13.0,26.60086,12.510215,32.6,4.59914,False
2010-09-05,20.4,11.8,26.42129,12.404409,32.5,-6.02129,False
2010-09-06,21.3,8.6,26.271075,12.304839,32.5,-4.971075,False
2010-09-07,21.3,13.9,26.169677,12.226022,32.41,-4.869677,False
2010-09-08,17.6,10.9,26.071828,12.12957,32.41,-8.471828,False
2010-09-09,18.8,13.5,25.973978,12.053978,32.4,-7.173978,False
2010-09-10,19.1,9.9,25.85828,12.008065,32.4,-6.75828,False
2010-09-11,21.5,9.4,25.710108,11.930645,32.3,-4.210108,False
2010-09-12,25.8,10.6,25.593118,11.836237,32.2,0.206882,False
2010-09-13,25.6,12.7,25.475914,11.732258,32.01,0.124086,False
2010-09-14,24.4,13.2,25.346022,11.623656,31.91,-0.946022,False
2010-09-15,24.3,12.8,25.217097,11.530323,31.9,-0.917097,False
2010-09-16,22.1,16.0,25.071398,11.425376,31.9,-2.971398,False
2010-09-17,22.7,14.8,24.871828,11.314731,31.7,-2.171828,False
2010-09-18,20.6,14.5,24.626237,11.211613,31.51,-4.026237,False
2010-09-19,20.9,15.8,24.394946,11.083333,31.3,-3.494946,False
2010-09-20,18.9,13.6,24.196129,10.946129,30.81,-5.296129,False
2010-09-21,19.1,9.8,24.03043,10.842151,30.42,-4.93043,False
2010-09-22,19.8,10.1,23.845376,10.763226,30.2,-4.045376,False
2010-09-23,19.5,9.3,23.620753,10.667097,30.1,-4.120753,False
2010-09-24,22.4,10.2,23.386129,10.533656,29.91,-0.986129,False
2010-09-25,25.4,8.8,23.142903,10.400108,29.71,2.257097,False
2010-09-26,25.4,15.0,22.869892,10.246882,29.5,2.530108,False
2010-09-27,27.8,15.6,22.565161,10.093011,29.3,5.234839,False
2010-09-28,27.7,16.6,22.270645,9.977419,29.0,5.429355,False
2010-09-29,23.5,12.6,22.010968,9.846452,28.8,1.489032,False
2010-09-30,27.9,11.0,21.786452,9.696559,28.7,6.113548,False
2010-10-01,27.7,13.5,21.586022,9.57043,28.41,6.113978,False
2010-10-02,21.2,12.9,21.39172,9.443978,28.3,-0.19172,False
2010-10-03,21.1,12.1,21.21086,9.321183,28.0,-0.11086,False
2010-10-04,17.2,9.8,21.041505,9.226989,27.9,-3.841505,False
2010-10-05,19.6,7.4,20.845591,9.124946,27.8,-1.245591,False
2010-10-06,24.8,7.9,20.650538,9.048172,27.7,4.149462,False
2010-10-07,24.3,12.5,20.443118,8.956559,27.5,3.856882,False
2010-10-08,21.0,13.7,20.206344,8.837097,27.11,0.793656,False
2010-10-09,20.9,13.5,19.939892,8.736989,26.61,0.960108,False
2010-10-10,18.2,12.6,19.659462,8.611613,26.12,-1.459462,False
2010-10-11,16.5,6.2,19.367312,8.475376,25.8,-2.867312,False
2010-10-12,19.4,4.4,19.086452,8.319462,25.4,0.313548,False
2010-10-13,21.5,4.5,18.767957,8.198925,24.91,2.732043,False
2010-10-14,21.5,4.6,18.423226,8.086237,24.51,3.076774,False
2010-10-15,18.0,5.6,18.087849,7.944624,23.71,-0.087849,False
2010-10-16,16.0,5.0,17.792043,7.802366,23.21,-1.792043,False
2010-10-17,16.6,4.0,17.527097,7.666989,23.0,-0.927097,False
2010-10-18,16.9,3.5,17.3,7.546022,22.51,-0.4,False
2010-10-19,21.0,4.2,17.094946,7.421613,22.4,3.905054,False
2010-10-20,21.2,4.5,16.88,7.33086,22.3,4.32,False
2010-10-21,20.9,6.6,16.642581,7.265054,21.81,4.257419,False
2010-10-22,15.9,10.5,16.383333,7.177742,21.6,-0.483333,False
2010-10-23,15.4,9.1,16.144731,7.052043,21.4,-0.744731,False
2010-10-24,15.3,10.6,15.903978,6.92172,21.11,-0.603978,False
2010-10-25,12.2,8.4,15.669355,6.792581,20.9,-3.469355,False
2010-10-26,10.3,5.9,15.44957,6.693656,20.41,-5.14957,False
2010-10-27,12.5,5.2,15.268387,6.617204,20.3,-2.768387,False
2010-10-28,12.5,9.9,15.067957,6.566129,20.11,-2.567957,False
2010-10-29,14.3,8.3,14.871935,6.500215,19.8,-0.571935,False
2010-10-30,14.1,5.9,14.660108,6.447527,19.6,-0.560108,False
2010-10-31,14.1,8.1,14.464731,6.384516,19.3,-0.364731,False
2010-11-01,17.1,12.0,14.242688,6.286129,19.1,2.857312,False
2010-11-02,17.7,10.8,14.034086,6.216774,18.7,3.665914,False
2010-11-03,21.1,13.2,13.812796,6.105054,18.3,7.287204,False
2010-11-04,20.1,7.1,13.571075,5.99086,17.91,6.528925,False
2010-11-05,18.2,8.5,13.345484,5.86086,17.7,4.854516,False
2010-11-06,13.0,10.1,13.110323,5.709247,17.31,-0.110323,False
2010-11-07,13.1,9.0,12.851935,5.564731,17.1,0.248065,False
2010-11-08,11.2,4.6,12.600968,5.45,16.7,-1.400968,False
2010-11-09,8.5,5.0,12.379785,5.349462,16.4,-3.879785,False
2010-11-10,10.9,6.9,12.194301,5.265914,16.2,-1.294301,False
2010-11-11,10.6,1.3,12.022903,5.155484,16.0,-1.422903,False
2010-11-12,11.0,2.8,11.837097,5.082473,15.7,-0.837097,False
2010-11-13,10.8,3.5,11.656882,4.976452,15.51,-0.856882,False
2010-11-14,12.9,8.3,11.480323,4.863978,15.4,1.419677,False
2010-11-15,14.1,10.5,11.323226,4.782796,15.3,2.776774,False
2010-11-16,14.1,9.2,11.176774,4.706344,15.2,2.923226,False
2010-11-17,11.4,7.1,11.025484,4.65957,14.81,0.374516,False
2010-11-18,8.8,4.2,10.864516,4.567204,14.61,-2.064516,False
2010-11-19,7.3,3.6,10.703441,4.468925,14.5,-3.403441,False
2010-11-20,6.7,4.2,10.524946,4.325269,14.2,-3.824946,False
2010-11-21,6.3,0.8,10.348495,4.200108,14.1,-4.048495,False
2010-11-22,3.2,-0.3,10.159247,4.069462,13.8,-6.959247,False
2010-11-23,2.8,-4.5,9.969247,3.947097,13.6,-7.169247,False
2010-11-24,-0.6,-8.1,9.811398,3.838817,13.5,-10.411398,False
2010-11-25,3.0,-1.9,9.687204,3.773763,13.5,-6.687204,False
2010-11-26,6.6,0.3,9.564946,3.707849,13.5,-2.964946,False
2010-11-27,6.8,2.1,9.444516,3.662366,13.4,-2.644516,False
2010-11-28,6.6,1.7,9.333333,3.572473,13.2,-2.733333,False
2010-11-29,6.1,1.3,9.202688,3.444516,13.1,-3.102688,False
2010-11-30,7.9,4.1,9.044731,3.331075,13.0,-1.144731,False
2010-12-01,8.5,6.8,8.908172,3.242043,12.7,-0.408172,False
2010-12-02,7.6,3.5,8.794409,3.167957,12.6,-1.194409,False
2010-12-03,8.2,3.6,8.671183,3.06043,12.5,-0.471183,False
2010-12-04,7.6,4.7,8.571183,2.995054,12.3,-0.971183,False
2010-12-05,7.8,3.9,8.487849,2.952258,12.2,-0.687849,False
2010-12-06,8.0,4.6,8.405699,2.890215,12.01,-0.405699,False
2010-12-07,10.5,5.6,8.32871,2.854839,12.0,2.17129,False
2010-12-08,10.7,5.7,8.276344,2.820968,11.9,2.423656,False
2010-12-09,10.0,8.3,8.222258,2.765161,11.9,1.777742,False
2010-12-10,10.0,6.6,8.160215,2.708495,11.8,1.839785,False
2010-12-11,7.8,4.5,8.072258,2.642366,11.7,-0.272258,False
2010-12-12,13.6,8.7,8.015054,2.629462,11.6,5.584946,False
2010-12-13,13.1,10.6,7.973118,2.626237,11.51,5.126882,False
2010-12-14,11.5,5.8,7.928387,2.606452,11.5,3.571613,False
2010-12-15,7.3,3.7,7.879892,2.587312,11.5,-0.579892,False
2010-12-16,7.8,2.2,7.819677,2.532258,11.4,-0.019677,False
2010-12-17,6.9,1.0,7.767097,2.487742,11.4,-0.867097,False
2010-12-18,8.0,2.6,7.73043,2.413763,11.4,0.26957,False
2010-12-19,7.4,2.0,7.699032,2.40172,11.4,-0.299032,False
2010-12-20,7.3,2.4,7.672473,2.406452,11.5,-0.372473,False
2010-12-21,8.5,2.7,7.653118,2.423118,11.5,0.846882,False
2010-12-22,9.2,4.7,7.64172,2.402366,11.5,1.55828,False
2010-12-23,8.5,4.4,7.661183,2.424086,11.5,0.838817,False
2010-12-24,8.5,5.9,7.688602,2.457312,11.51,0.811398,False
2010-12-25,9.0,6.3,7.706237,2.482043,11.5,1.293763,False
2010-12-26,8.4,4.3,7.714086,2.500753,11.5,0.685914,False
2010-12-27,6.8,4.2,7.715699,2.495591,11.51,-0.915699,False
2010-12-28,8.9,6.2,7.701183,2.461075,11.5,1.198817,False
2010-12-29,6.2,2.6,7.694946,2.446344,11.6,-1.494946,False
2010-12-30,4.3,-2.7,7.693333,2.455484,11.6,-3.393333,False
2010-12-31,1.8,-5.3,7.716344,2.440215,11.6,-5.916344,False
2011-01-01,2.0,-5.4,7.713118,2.42828,11.6,-5.713118,False
2011-01-02,2.9,-4.6,7.717419,2.41,11.6,-4.817419,False
2011-01-03,2.7,-5.2,7.772903,2.444086,11.6,-5.072903,False
2011-01-04,2.0,-4.8,7.811935,2.478602,11.61,-5.811935,False
2011-01-05,4.6,-0.4,7.850538,2.467204,11.6,-3.250538,False
2011-01-06,7.8,2.5,7.883011,2.480753,11.6,-0.083011,False
2011-01-07,7.1,3.5,7.923226,2.497742,11.6,-0.823226,False
2011-01-08,6.0,-0.2,7.967742,2.537097,11.61,-1.967742,False
2011-01-09,5.3,0.9,8.029677,2.589785,11.71,-2.729677,False
2011-01-10,3.9,-0.3,8.11,2.629892,11.9,-4.21,False
2011-01-11,2.9,-1.9,8.18129,2.667742,11.9,-5.28129,False
2011-01-12,10.6,-0.7,8.213226,2.637957,12.0,2.386774,False
2011-01-13,12.3,9.3,8.267204,2.646237,12.1,4.032796,False
2011-01-14,12.9,10.2,8.334839,2.688387,12.1,4.565161,False
2011-01-15,13.2,10.6,8.407849,2.707527,12.1,4.792151,False
2011-01-16,13.4,11.5,8.485699,2.760753,12.2,4.914301,False
2011-01-17,13.7,10.2,8.565484,2.776882,12.21,5.134516,False
2011-01-18,10.6,5.2,8.633763,2.808495,12.3,1.966237,False
2011-01-19,6.8,1.1,8.712796,2.823656,12.4,-1.912796,False
2011-01-20,6.6,-0.4,8.815591,2.850323,12.6,-2.215591,False
2011-01-21,7.6,3.1,8.923333,2.879355,12.8,-1.323333,False
2011-01-22,9.1,4.7,9.015161,2.933118,12.8,0.084839,False
2011-01-23,9.1,1.3,9.090538,2.943226,12.9,0.009462,False
2011-01-24,12.0,3.7,9.14172,2.934946,13.0,2.85828,False
2011-01-25,11.9,6.4,9.217097,2.922151,13.2,2.682903,False
2011-01-26,10.3,1.6,9.283333,2.896344,13.2,1.016667,False
2011-01-27,12.9,4.7,9.365376,2.902903,13.3,3.534624,False
2011-01-28,12.9,4.1,9.46871,2.922366,13.3,3.43129,False
2011-01-29,11.7,8.0,9.547527,2.926344,13.31,2.152473,False
2011-01-30,11.5,3.6,9.63914,2.945161,13.4,1.86086,False
2011-01-31,9.8,4.8,9.752258,3.00129,13.5,0.047742,False
2011-02-01,6.9,0.3,9.868387,3.06,13.7,-2.968387,False
2011-02-02,8.1,-2.3,9.968925,3.114086,13.7,-1.868925,False
2011-02-03,9.7,-0.1,10.026129,3.105914,13.8,-0.326129,False
2011-02-04,10.8,2.2,10.077527,3.108602,13.8,0.722473,False
2011-02-05,10.5,7.8,10.134516,3.099247,13.81,0.365484,False
2011-02-06,11.4,7.4,10.202366,3.118602,14.0,1.197634,False
2011-02-07,11.2,6.7,10.281935,3.136559,14.1,0.918065,False
2011-02-08,9.1,4.0,10.348172,3.101183,14.1,-1.248172,False
2011-02-09,8.9,-1.8,10.399462,3.072903,14.3,-1.499462,False
2011-02-10,8.3,-3.0,10.445914,3.048817,14.3,-2.145914,False
2011-02-11,10.5,-0.7,10.493548,3.026344,14.31,0.006452,False
2011-02-12,12.9,3.4,10.564086,3.037634,14.5,2.335914,False
2011-02-13,12.9,4.8,10.626882,3.026882,14.6,2.273118,False
2011-02-14,10.7,5.5,10.696667,3.025484,14.7,0.003333,False
2011-02-15,10.5,4.1,10.757634,3.046559,14.7,-0.257634,False
2011-02-16,6.7,1.7,10.835591,3.066989,14.71,-4.135591,False
2011-02-17,7.9,1.8,10.908602,3.078602,14.8,-3.008602,False
2011-02-18,7.6,-0.8,10.976452,3.109785,14.9,-3.376452,False
2011-02-19,8.9,0.3,11.054516,3.121613,15.1,-2.154516,False
2011-02-20,8.9,-3.6,11.120645,3.122151,15.31,-2.220645,False
2011-02-21,9.1,0.2,11.202796,3.146882,15.41,-2.102796,False
2011-02-22,8.7,2.2,11.301505,3.174731,15.7,-2.601505,False
2011-02-23,6.1,0.8,11.400323,3.22,15.8,-5.300323,False
2011-02-24,3.7,-1.5,11.533441,3.267957,15.91,-7.833441,False
2011-02-25,2.8,-5.5,11.664624,3.35172,16.11,-8.864624,False
2011-02-26,1.2,-8.0,11.788817,3.432581,16.4,-10.588817,False
2011-02-27,6.6,-0.2,11.88172,3.513871,16.5,-5.28172,False
2011-02-28,6.4,3.1,11.961828,3.577957,16.8,-5.561828,False
2011-03-01,9.2,3.2,12.050645,3.641075,17.01,-2.850645,False
2011-03-02,9.4,5.0,12.11914,3.67,17.1,-2.71914,False
2011-03-03,8.9,3.6,12.194731,3.715376,17.1,-3.294731,False
2011-03-04,10.8,2.2,12.289677,3.716022,17.3,-1.489677,False
2011-03-05,11.1,5.5,12.404946,3.749892,17.6,-1.304946,False
2011-03-06,10.9,2.8,12.510108,3.803441,17.7,-1.610108,False
2011-03-07,9.7,0.2,12.613548,3.834731,17.7,-2.913548,False
2011-03-08,13.8,4.7,12.707204,3.88,17.8,1.092796,False
2011-03-09,13.4,9.2,12.810215,3.930753,18.0,0.589785,False
2011-03-10,13.1,8.2,12.906667,3.972151,18.1,0.193333,False
2011-03-11,13.0,3.5,13.000108,4.036989,18.21,-0.000108,False
2011-03-12,12.9,4.5,13.085914,4.103978,18.3,-0.185914,False
2011-03-13,11.0,6.8,13.177097,4.178925,18.4,-2.177097,False
2011-03-14,12.6,7.0,13.32129,4.275269,18.5,-0.72129,False
2011-03-15,12.0,7.4,13.475054,4.363763,18.7,-1.475054,False
2011-03-16,8.1,4.5,13.60043,4.444409,19.1,-5.50043,False
2011-03-17,10.0,3.6,13.705269,4.49086,19.3,-3.705269,False
2011-03-18,9.4,5.5,13.802796,4.530753,19.3,-4.402796,False
2011-03-19,10.7,1.1,13.891075,4.547097,19.51,-3.191075,False
2011-03-20,10.9,2.8,13.994946,4.597957,19.7,-3.094946,False
2011-03-21,10.4,6.3,14.076237,4.646882,19.7,-3.676237,False
2011-03-22,10.7,2.6,14.162796,4.737634,19.81,-3.462796,False
2011-03-23,14.2,1.3,14.277957,4.835054,19.91,-0.077957,False
2011-03-24,12.5,5.9,14.357957,4.913226,20.01,-1.857957,False
2011-03-25,9.9,1.5,14.435269,4.965591,20.1,-4.535269,False
2011-03-26,10.5,5.5,14.496452,5.014086,20.11,-3.996452,False
2011-03-27,8.5,5.7,14.561505,5.060215,20.2,-6.061505,False
2011-03-28,11.5,4.5,14.612473,5.093763,20.2,-3.112473,False
2011-03-29,11.6,6.8,14.646559,5.118387,20.3,-3.046559,False
2011-03-30,13.2,9.3,14.686022,5.098602,20.31,-1.486022,False
2011-03-31,15.7,11.5,14.736237,5.113333,20.4,0.963763,False
2011-04-01,17.7,6.6,14.826989,5.15828,20.5,2.873011,False
2011-04-02,16.3,5.9,14.942903,5.225914,20.7,1.357097,False
2011-04-03,10.4,2.8,15.049677,5.269032,20.91,-4.649677,False
2011-04-04,10.6,6.7,15.143871,5.322151,21.21,-4.543871,False
2011-04-05,11.4,5.0,15.234839,5.376882,21.51,-3.834839,False
2011-04-06,10.9,4.5,15.342366,5.435699,21.62,-4.442366,False
2011-04-07,10.1,1.4,15.460645,5.496022,21.81,-5.360645,False
2011-04-08,14.3,0.8,15.581398,5.562258,22.01,-1.281398,False
2011-04-09,14.4,4.7,15.693763,5.626237,22.2,-1.293763,False
2011-04-10,13.2,6.7,15.816667,5.695914,22.4,-2.616667,False
2011-04-11,12.4,6.1,15.955161,5.764194,22.6,-3.555161,False
2011-04-12,12.9,0.3,16.105699,5.853548,22.7,-3.205699,False
2011-04-13,13.2,5.8,16.220215,5.925484,22.8,-3.020215,False
2011-04-14,10.1,4.7,16.320968,5.991075,22.8,-6.220968,False
2011-04-15,10.0,6.7,16.397634,6.050323,22.8,-6.397634,False
2011-04-16,12.1,10.0,16.507419,6.079355,22.9,-4.407419,False
2011-04-17,10.8,2.3,16.643548,6.15914,23.0,-5.843548,False
2011-04-18,12.2,1.0,16.786129,6.241613,23.1,-4.586129,False
2011-04-19,12.6,0.3,16.918172,6.335591,23.3,-4.318172,False
2011-04-20,14.0,2.9,17.041505,6.441075,23.5,-3.041505,False
2011-04-21,13.9,3.2,17.197849,6.53129,23.6,-3.297849,False
2011-04-22,16.4,0.5,17.352043,6.584946,23.81,-0.952043,False
2011-04-23,20.0,2.3,17.468817,6.627742,24.11,2.531183,False
2011-04-24,20.3,7.3,17.584731,6.665161,24.21,2.715269,False
2011-04-25,12.2,8.0,17.716774,6.732258,24.52,-5.516774,False
2011-04-26,13.2,6.3,17.880215,6.808817,25.01,-4.680215,False
2011-04-27,12.5,5.9,18.013226,6.88129,25.32,-5.513226,False
2011-04-28,11.1,3.8,18.165376,6.958602,25.6,-7.065376,False
2011-04-29,13.1,2.7,18.376452,7.072903,25.8,-5.276452,False
2011-04-30,13.9,5.3,18.586452,7.215269,26.02,-4.686452,False
2011-05-01,18.0,2.6,18.759892,7.336452,26.31,-0.759892,False
2011-05-02,18.3,8.9,18.893548,7.439785,26.5,-0.593548,False
2011-05-03,14.7,6.0,19.032581,7.537312,26.7,-4.332581,False
2011-05-04,20.1,3.0,19.143871,7.642903,26.7,0.956129,False
2011-05-05,20.2,7.9,19.223763,7.756989,26.7,0.976237,False
2011-05-06,14.4,9.0,19.296344,7.837204,26.7,-4.896344,False
2011-05-07,13.5,8.3,19.377419,7.920215,26.9,-5.877419,False
2011-05-08,12.6,6.5,19.505484,8.02914,27.1,-6.905484,False
2011-05-09,15.1,7.6,19.667097,8.138065,27.21,-4.567097,False
2011-05-10,17.1,6.9,19.807742,8.240645,27.3,-2.707742,False
2011-05-11,17.9,8.2,19.916452,8.347957,27.3,-2.016452,False
2011-05-12,15.1,3.1,20.023548,8.474624,27.3,-4.923548,False
2011-05-13,21.6,5.2,20.122688,8.575914,27.41,1.477312,False
2011-05-14,21.7,9.0,20.245699,8.677634,27.8,1.454301,False
2011-05-15,16.7,9.4,20.38043,8.764086,27.9,-3.68043,False
2011-05-16,15.2,6.9,20.534409,8.882366,28.0,-5.334409,False
2011-05-17,16.9,5.0,20.664839,9.011183,28.22,-3.764839,False
2011-05-18,20.5,7.4,20.757097,9.096452,28.22,-0.257097,False
2011-05-19,21.0,5.6,20.889462,9.183656,28.4,0.110538,False
2011-05-20,21.8,5.7,21.025699,9.286022,28.5,0.774301,False
2011-05-21,21.8,10.0,21.145699,9.374409,28.51,0.654301,False
2011-05-22,15.4,9.8,21.231075,9.454301,28.6,-5.831075,False
2011-05-23,15.5,9.1,21.296237,9.561505,28.6,-5.796237,False
2011-05-24,19.0,6.0,21.359032,9.650323,28.6,-2.359032,False
2011-05-25,19.4,10.1,21.446989,9.750538,28.6,-2.046989,False
2011-05-26,14.3,6.2,21.497419,9.82828,28.6,-7.197419,False
2011-05-27,13.4,9.0,21.547097,9.893441,28.51,-8.147097,False
2011-05-28,14.2,6.5,21.638172,9.967204,28.5,-7.438172,False
2011-05-29,14.0,7.6,21.678172,10.065269,28.4,-7.678172,False
2011-05-30,16.6,9.0,21.664194,10.101075,28.4,-5.064194,False
2011-05-31,17.1,8.9,21.680645,10.133226,28.31,-4.580645,False
2011-06-01,15.6,8.7,21.724301,10.17086,28.4,-6.124301,False
2011-06-02,15.6,7.8,21.798602,10.213118,28.4,-6.198602,False
2011-06-03,23.9,7.5,21.872366,10.277742,28.4,2.027634,False
2011-06-04,28.1,11.0,21.977419,10.301828,28.4,6.122581,False
2011-06-05,28.1,15.8,22.130968,10.367204,28.7,5.969032,False
2011-06-06,24.8,12.0,22.285914,10.462473,28.81,2.514086,False
2011-06-07,20.5,12.3,22.426452,10.533548,28.9,-1.926452,False
2011-06-08,16.5,10.4,22.511935,10.590323,28.71,-6.011935,False
2011-06-09,21.1,9.0,22.581935,10.659677,28.9,-1.481935,False
2011-06-10,21.5,11.4,22.694946,10.718925,29.1,-1.194946,False
2011-06-11,19.6,11.0,22.843978,10.793011,29.31,-3.243978,False
2011-06-12,20.2,8.6,23.000645,10.87086,29.8,-2.800645,False
2011-06-13,20.2,12.2,23.14871,10.949892,29.9,-2.94871,False
2011-06-14,19.8,11.7,23.294194,11.029785,30.01,-3.494194,False
2011-06-15,18.3,9.9,23.415161,11.118495,30.22,-5.115161,False
2011-06-16,18.7,7.0,23.519785,11.184946,30.41,-4.819785,False
2011-06-17,22.7,6.1,23.626989,11.256989,30.61,-0.926989,False
2011-06-18,23.1,12.6,23.747957,11.335914,30.8,-0.647957,False
2011-06-19,19.1,11.5,23.826452,11.397849,30.9,-4.726452,False
2011-06-20,21.3,11.3,23.924624,11.445591,30.9,-2.624624,False
2011-06-21,26.4,10.6,24.050323,11.49871,30.91,2.349677,False
2011-06-22,26.7,12.6,24.213333,11.563871,31.11,2.486667,False
2011-06-23,19.0,10.2,24.393333,11.631183,31.3,-5.393333,False
2011-06-24,19.2,11.1,24.591613,11.724409,31.4,-5.391613,False
2011-06-25,21.4,8.3,24.774946,11.816667,31.61,-3.374946,False
2011-06-26,23.0,9.3,24.977097,11.903011,31.71,-1.977097,False
2011-06-27,22.7,12.4,25.169892,11.997742,31.81,-2.469892,False
2011-06-28,22.7,14.2,25.332043,12.107097,31.91,-2.632043,False
2011-06-29,20.9,14.6,25.516989,12.151398,32.0,-4.616989,False
2011-06-30,19.3,11.4,25.750215,12.253978,32.0,-6.450215,False
2011-07-01,24.4,8.4,25.966237,12.367097,32.2,-1.566237,False
2011-07-02,28.4,12.3,26.17086,12.480645,32.41,2.22914,False
2011-07-03,28.5,12.6,26.342151,12.574194,32.6,2.157849,False
2011-07-04,26.2,9.8,26.510108,12.654409,32.7,-0.310108,False
2011-07-05,28.9,12.4,26.672688,12.764409,32.9,2.227312,False
2011-07-06,29.7,14.6,26.817527,12.847957,33.11,2.882473,False
2011-07-07,29.8,13.9,26.988602,12.93828,33.4,2.811398,False
2011-07-08,21.4,10.9,27.129462,13.043656,33.6,-5.729462,False
2011-07-09,24.9,9.6,27.295484,13.124624,33.71,-2.395484,False
2011-07-10,25.9,11.8,27.45043,13.176344,33.8,-1.55043,False
2011-07-11,26.0,11.2,27.588495,13.236452,33.8,-1.588495,False
2011-07-12,21.0,14.0,27.734194,13.290108,33.9,-6.734194,False
2011-07-13,21.6,12.2,27.866237,13.347634,33.9,-6.266237,False
2011-07-14,21.9,11.4,27.997527,13.390538,33.9,-6.097527,False
2011-07-15,25.3,11.2,28.122688,13.440538,34.0,-2.822688,False
2011-07-16,25.2,14.3,28.244086,13.467634,34.11,-3.044086,False
2011-07-17,22.2,13.6,28.348172,13.49828,34.01,-6.148172,False
2011-07-18,22.6,12.0,28.440753,13.526129,34.1,-5.840753,False
2011-07-19,23.0,14.6,28.54129,13.556989,34.11,-5.54129,False
2011-07-20,22.4,12.5,28.686452,13.622258,34.21,-6.286452,False
2011-07-21,22.3,13.8,28.813226,13.685914,34.43,-6.513226,False
2011-07-22,23.1,9.6,28.870108,13.735806,34.43,-5.770108,False
2011-07-23,28.0,10.6,28.884086,13.776559,34.43,-0.884086,False
2011-07-24,31.5,15.0,28.888495,13.806667,34.43,2.611505,False
2011-07-25,32.0,15.4,28.907419,13.831505,34.8,3.092581,False
2011-07-26,22.3,13.1,28.950753,13.858495,35.0,-6.650753,False
2011-07-27,23.4,12.1,28.997849,13.891398,35.0,-5.597849,False
2011-07-28,27.3,11.6,29.039462,13.90914,35.01,-1.739462,False
2011-07-29,27.9,14.3,29.109032,13.915591,35.01,-1.209032,False
2011-07-30,28.3,13.5,29.196774,13.968495,35.1,-0.896774,False
2011-07-31,28.4,13.6,29.23086,13.995161,35.1,-0.83086,False
2011-08-01,28.2,11.1,29.251183,14.001613,35.2,-1.051183,False
2011-08-02,28.4,12.7,29.267849,14.008495,35.11,-0.867849,False
2011-08-03,28.5,12.6,29.310215,14.00871,35.11,-0.810215,False
2011-08-04,28.7,14.8,29.315269,14.015269,35.2,-0.615269,False
2011-08-05,27.9,14.9,29.313763,14.01172,35.2,-1.413763,False
2011-08-06,24.1,14.5,29.295054,14.001075,35.2,-5.195054,False
2011-08-07,25.6,12.1,29.219677,13.946667,35.1,-3.619677,False
2011-08-08,25.7,11.5,29.170538,13.894731,35.0,-3.470538,False
2011-08-09,22.6,12.6,29.106452,13.846774,35.0,-6.506452,False
2011-08-10,24.7,10.8,29.051183,13.816022,35.0,-4.351183,False
2011-08-11,25.5,11.5,29.00871,13.787742,34.9,-3.50871,False
2011-08-12,27.2,11.5,28.934946,13.757742,34.7,-1.734946,False
2011-08-13,27.2,12.2,28.880645,13.72129,34.7,-1.680645,False
2011-08-14,24.3,12.2,28.824731,13.70914,34.6,-4.524731,False
2011-08-15,24.8,13.4,28.723871,13.685591,34.5,-3.923871,False
2011-08-16,28.6,10.8,28.606129,13.671075,34.31,-0.006129,False
2011-08-17,28.6,11.8,28.515376,13.637204,34.21,0.084624,False
2011-08-18,27.3,11.4,28.454194,13.58957,34.21,-1.154194,False
2011-08-19,27.5,11.5,28.393871,13.556667,34.31,-0.893871,False
2011-08-20,35.0,13.4,28.283226,13.501075,34.3,6.716774,False
2011-08-21,34.9,16.0,28.164516,13.438925,34.2,6.735484,False
2011-08-22,32.6,15.8,28.093333,13.38086,34.2,4.506667,False
2011-08-23,27.7,18.1,28.070538,13.333333,34.2,-0.370538,False
2011-08-24,31.5,15.5,28.033978,13.297634,34.2,3.466022,False
2011-08-25,31.3,18.0,27.956129,13.244839,34.0,3.343871,False
2011-08-26,31.3,15.3,27.865914,13.18129,33.9,3.434086,False
2011-08-27,31.2,14.4,27.815161,13.127849,33.9,3.384839,False
2011-08-28,30.8,13.7,27.756129,13.058925,33.8,3.043871,False
2011-08-29,29.1,14.3,27.649032,12.97914,33.7,1.450968,False
2011-08-30,23.3,14.8,27.478602,12.89828,33.32,-4.178602,False
2011-08-31,21.0,12.3,27.31,12.823548,33.11,-6.31,False
2011-09-01,24.7,8.0,27.141398,12.747204,33.0,-2.441398,False
2011-09-02,24.8,11.7,26.963978,12.666344,32.81,-2.163978,False
2011-09-03,31.3,10.8,26.765484,12.590215,32.7,4.534516,False
2011-09-04,32.0,11.1,26.60086,12.510215,32.6,5.39914,False
2011-09-05,32.2,12.4,26.42129,12.404409,32.5,5.77871,False
2011-09-06,31.9,11.7,26.271075,12.304839,32.5,5.628925,False
2011-09-07,34.0,13.3,26.169677,12.226022,32.41,7.830323,False
2011-09-08,34.0,17.0,26.071828,12.12957,32.41,7.928172,False
2011-09-09,32.3,16.0,25.973978,12.053978,32.4,6.326022,False
2011-09-10,34.2,14.7,25.85828,12.008065,32.4,8.34172,True
2011-09-11,33.7,15.1,25.710108,11.930645,32.3,7.989892,True
2011-09-12,33.8,13.6,25.593118,11.836237,32.2,8.206882,True
2011-09-13,25.2,14.0,25.475914,11.732258,32.01,-0.275914,False
2011-09-14,21.9,14.2,25.346022,11.623656,31.91,-3.446022,False
2011-09-15,20.8,13.6,25.217097,11.530323,31.9,-4.417097,False
2011-09-16,20.6,12.9,25.071398,11.425376,31.9,-4.471398,False
2011-09-17,20.4,9.3,24.871828,11.314731,31.7,-4.471828,False
2011-09-18,20.6,13.3,24.626237,11.211613,31.51,-4.026237,False
2011-09-19,22.2,13.3,24.394946,11.083333,31.3,-2.194946,False
2011-09-20,26.9,9.8,24.196129,10.946129,30.81,2.703871,False
2011-09-21,28.4,11.0,24.03043,10.842151,30.42,4.36957,False
2011-09-22,28.3,13.3,23.845376,10.763226,30.2,4.454624,False
2011-09-23,28.8,14.2,23.620753,10.667097,30.1,5.179247,False
2011-09-24,28.9,14.2,23.386129,10.533656,29.91,5.513871,False
2011-09-25,26.7,14.7,23.142903,10.400108,29.71,3.557097,False
2011-09-26,22.0,11.8,22.869892,10.246882,29.5,-0.869892,False
2011-09-27,22.0,13.9,22.565161,10.093011,29.3,-0.565161,False
2011-09-28,22.9,8.1,22.270645,9.977419,29.0,0.629355,False
2011-09-29,27.5,9.4,22.010968,9.846452,28.8,5.489032,False
2011-09-30,27.4,10.2,21.786452,9.696559,28.7,5.613548,False
2011-10-01,20.4,11.6,21.586022,9.57043,28.41,-1.186022,False
2011-10-02,18.2,11.5,21.39172,9.443978,28.3,-3.19172,False
2011-10-03,17.2,12.1,21.21086,9.321183,28.0,-4.01086,False
2011-10-04,16.4,9.4,21.041505,9.226989,27.9,-4.641505,False
2011-10-05,14.0,9.3,20.845591,9.124946,27.8,-6.845591,False
2011-10-06,15.1,8.4,20.650538,9.048172,27.7,-5.550538,False
2011-10-07,15.3,10.8,20.443118,8.956559,27.5,-5.143118,False
2011-10-08,18.6,11.3,20.206344,8.837097,27.11,-1.606344,False
2011-10-09,18.6,11.6,19.939892,8.736989,26.61,-1.339892,False
2011-10-10,17.1,12.3,19.659462,8.611613,26.12,-2.559462,False
2011-10-11,16.7,12.7,19.367312,8.475376,25.8,-2.667312,False
2011-10-12,15.9,9.1,19.086452,8.319462,25.4,-3.186452,False
2011-10-13,16.0,9.0,18.767957,8.198925,24.91,-2.767957,False
2011-10-14,15.9,7.9,18.423226,8.086237,24.51,-2.523226,False
2011-10-15,15.7,8.7,18.087849,7.944624,23.71,-2.387849,False
2011-10-16,15.7,9.5,17.792043,7.802366,23.21,-2.092043,False
2011-10-17,18.0,5.3,17.527097,7.666989,23.0,0.472903,False
2011-10-18,22.5,7.5,17.3,7.546022,22.51,5.2,False
2011-10-19,21.7,8.7,17.094946,7.421613,22.4,4.605054,False
2011-10-20,15.4,9.2,16.88,7.33086,22.3,-1.48,False
2011-10-21,16.1,9.6,16.642581,7.265054,21.81,-0.542581,False
2011-10-22,17.9,11.9,16.383333,7.177742,21.6,1.516667,False
2011-10-23,18.1,13.3,16.144731,7.052043,21.4,1.955269,False
2011-10-24,16.2,5.2,15.903978,6.92172,21.11,0.296022,False
2011-10-25,13.8,2.6,15.669355,6.792581,20.9,-1.869355,False
2011-10-26,13.4,0.1,15.44957,6.693656,20.41,-2.04957,False
2011-10-27,14.2,3.4,15.268387,6.617204,20.3,-1.068387,False
2011-10-28,13.7,5.9,15.067957,6.566129,20.11,-1.367957,False
2011-10-29,15.5,8.9,14.871935,6.500215,19.8,0.628065,False
2011-10-30,15.6,10.1,14.660108,6.447527,19.6,0.939892,False
2011-10-31,15.3,6.0,14.464731,6.384516,19.3,0.835269,False
2011-11-01,11.1,0.1,14.242688,6.286129,19.1,-3.142688,False
2011-11-02,13.4,-1.6,14.034086,6.216774,18.7,-0.634086,False
2011-11-03,12.4,4.5,13.812796,6.105054,18.3,-1.412796,False
2011-11-04,9.3,1.7,13.571075,5.99086,17.91,-4.271075,False
2011-11-05,8.2,2.3,13.345484,5.86086,17.7,-5.145484,False
2011-11-06,11.2,1.8,13.110323,5.709247,17.31,-1.910323,False
2011-11-07,11.1,5.1,12.851935,5.564731,17.1,-1.751935,False
2011-11-08,11.5,3.9,12.600968,5.45,16.7,-1.100968,False
2011-11-09,13.5,7.1,12.379785,5.349462,16.4,1.120215,False
2011-11-10,12.9,3.3,12.194301,5.265914,16.2,0.705699,False
2011-11-11,11.6,0.3,12.022903,5.155484,16.0,-0.422903,False
2011-11-12,11.9,3.3,11.837097,5.082473,15.7,0.062903,False
2011-11-13,11.7,8.0,11.656882,4.976452,15.51,0.043118,False
2011-11-14,11.4,8.0,11.480323,4.863978,15.4,-0.080323,False
2011-11-15,9.2,0.2,11.323226,4.782796,15.3,-2.123226,False
2011-11-16,9.8,-0.2,11.176774,4.706344,15.2,-1.376774,False
2011-11-17,11.8,5.8,11.025484,4.65957,14.81,0.774516,False
2011-11-18,6.3,2.4,10.864516,4.567204,14.61,-4.564516,False
2011-11-19,6.6,1.6,10.703441,4.468925,14.5,-4.103441,False
2011-11-20,5.5,-1.4,10.524946,4.325269,14.2,-5.024946,False
2011-11-21,8.7,1.1,10.348495,4.200108,14.1,-1.648495,False
2011-11-22,12.6,7.9,10.159247,4.069462,13.8,2.440753,False
2011-11-23,13.4,7.6,9.969247,3.947097,13.6,3.430753,False
2011-11-24,7.5,3.9,9.811398,3.838817,13.5,-2.311398,False
2011-11-25,9.4,4.0,9.687204,3.773763,13.5,-0.287204,False
2011-11-26,11.9,5.6,9.564946,3.707849,13.5,2.335054,False
2011-11-27,10.9,6.2,9.444516,3.662366,13.4,1.455484,False
2011-11-28,9.1,4.7,9.333333,3.572473,13.2,-0.233333,False
2011-11-29,7.5,2.0,9.202688,3.444516,13.1,-1.702688,False
2011-11-30,9.9,6.0,9.044731,3.331075,13.0,0.855269,False
2011-12-01,8.2,-0.5,8.908172,3.242043,12.7,-0.708172,False
2011-12-02,7.8,0.6,8.794409,3.167957,12.6,-0.994409,False
2011-12-03,6.9,-3.0,8.671183,3.06043,12.5,-1.771183,False
2011-12-04,5.8,-0.6,8.571183,2.995054,12.3,-2.771183,False
2011-12-05,5.8,-2.7,8.487849,2.952258,12.2,-2.687849,False
2011-12-06,4.8,-3.5,8.405699,2.890215,12.01,-3.605699,False
2011-12-07,4.2,0.6,8.32871,2.854839,12.0,-4.12871,False
2011-12-08,5.5,-1.0,8.276344,2.820968,11.9,-2.776344,False
2011-12-09,6.1,-2.4,8.222258,2.765161,11.9,-2.122258,False
2011-12-10,4.5,-2.6,8.160215,2.708495,11.8,-3.660215,False
2011-12-11,3.4,0.0,8.072258,2.642366,11.7,-4.672258,False
2011-12-12,5.7,-2.6,8.015054,2.629462,11.6,-2.315054,False
2011-12-13,4.8,-4.9,7.973118,2.626237,11.51,-3.173118,False
2011-12-14,4.1,-3.4,7.928387,2.606452,11.5,-3.828387,False
2011-12-15,6.3,2.1,7.879892,2.587312,11.5,-1.579892,False
2011-12-16,7.0,2.2,7.819677,2.532258,11.4,-0.819677,False
2011-12-17,9.6,1.0,7.767097,2.487742,11.4,1.832903,False
2011-12-18,7.2,0.7,7.73043,2.413763,11.4,-0.53043,False
2011-12-19,6.6,3.8,7.699032,2.40172,11.4,-1.099032,False
2011-12-20,6.0,0.8,7.672473,2.406452,11.5,-1.672473,False
2011-12-21,5.1,1.9,7.653118,2.423118,11.5,-2.553118,False
2011-12-22,4.7,-3.2,7.64172,2.402366,11.5,-2.94172,False
2011-12-23,8.7,-3.0,7.661183,2.424086,11.5,1.038817,False
2011-12-24,9.4,0.4,7.688602,2.457312,11.51,1.711398,False
2011-12-25,8.8,1.1,7.706237,2.482043,11.5,1.093763,False
2011-12-26,7.8,0.8,7.714086,2.500753,11.5,0.085914,False
2011-12-27,9.7,4.7,7.715699,2.495591,11.51,1.984301,False
2011-12-28,12.8,9.3,7.701183,2.461075,11.5,5.098817,False
2011-12-29,13.2,8.3,7.694946,2.446344,11.6,5.505054,False
2011-12-30,11.5,7.3,7.693333,2.455484,11.6,3.806667,False
2011-12-31,7.1,0.6,7.716344,2.440215,11.6,-0.616344,False
2012-01-01,9.7,4.0,7.713118,2.42828,11.6,1.986882,False
2012-01-02,10.2,1.7,7.717419,2.41,11.6,2.482581,False
2012-01-03,12.0,7.3,7.772903,2.444086,11.6,4.227097,False
2012-01-04,12.5,4.3,7.811935,2.478602,11.61,4.688065,False
2012-01-05,11.6,6.3,7.850538,2.467204,11.6,3.749462,False
2012-01-06,8.7,0.0,7.883011,2.480753,11.6,0.816989,False
2012-01-07,8.1,2.9,7.923226,2.497742,11.6,0.176774,False
2012-01-08,9.6,-0.2,7.967742,2.537097,11.61,1.632258,False
2012-01-09,6.6,0.4,8.029677,2.589785,11.71,-1.429677,False
2012-01-10,7.1,0.3,8.11,2.629892,11.9,-1.01,False
2012-01-11,6.7,-1.7,8.18129,2.667742,11.9,-1.48129,False
2012-01-12,7.1,-2.9,8.213226,2.637957,12.0,-1.113226,False
2012-01-13,6.1,-4.3,8.267204,2.646237,12.1,-2.167204,False
2012-01-14,6.0,0.2,8.334839,2.688387,12.1,-2.334839,False
2012-01-15,4.5,-0.3,8.407849,2.707527,12.1,-3.907849,False
2012-01-16,2.8,-2.9,8.485699,2.760753,12.2,-5.685699,False
2012-01-17,4.2,1.0,8.565484,2.776882,12.21,-4.365484,False
2012-01-18,10.1,1.6,8.633763,2.808495,12.3,1.466237,False
2012-01-19,10.2,8.3,8.712796,2.823656,12.4,1.487204,False
2012-01-20,8.9,6.7,8.815591,2.850323,12.6,0.084409,False
2012-01-21,10.0,5.6,8.923333,2.879355,12.8,1.076667,False
2012-01-22,8.2,3.1,9.015161,2.933118,12.8,-0.815161,False
2012-01-23,8.5,1.8,9.090538,2.943226,12.9,-0.590538,False
2012-01-24,9.1,0.4,9.14172,2.934946,13.0,-0.04172,False
2012-01-25,12.1,7.6,9.217097,2.922151,13.2,2.882903,False
2012-01-26,10.4,5.7,9.283333,2.896344,13.2,1.116667,False
2012-01-27,8.2,-3.1,9.365376,2.902903,13.3,-1.165376,False
2012-01-28,7.7,-3.1,9.46871,2.922366,13.3,-1.76871,False
2012-01-29,9.3,1.7,9.547527,2.926344,13.31,-0.247527,False
2012-01-30,10.7,7.4,9.63914,2.945161,13.4,1.06086,False
2012-01-31,10.5,4.5,9.752258,3.00129,13.5,0.747742,False
2012-02-01,10.6,6.4,9.868387,3.06,13.7,0.731613,False
2012-02-02,12.2,0.9,9.968925,3.114086,13.7,2.231075,False
2012-02-03,12.7,4.6,10.026129,3.105914,13.8,2.673871,False
2012-02-04,13.7,1.8,10.077527,3.108602,13.8,3.622473,False
2012-02-05,13.6,1.1,10.134516,3.099247,13.81,3.465484,False
2012-02-06,13.8,1.7,10.202366,3.118602,14.0,3.597634,False
2012-02-07,13.8,6.4,10.281935,3.136559,14.1,3.518065,False
2012-02-08,11.7,5.0,10.348172,3.101183,14.1,1.351828,False
2012-02-09,11.1,7.8,10.399462,3.072903,14.3,0.700538,False
2012-02-10,11.5,8.0,10.445914,3.048817,14.3,1.054086,False
2012-02-11,10.6,4.9,10.493548,3.026344,14.31,0.106452,False
2012-02-12,10.3,1.6,10.564086,3.037634,14.5,-0.264086,False
2012-02-13,9.0,4.4,10.626882,3.026882,14.6,-1.626882,False
2012-02-14,7.9,4.1,10.696667,3.025484,14.7,-2.796667,False
2012-02-15,7.1,1.3,10.757634,3.046559,14.7,-3.657634,False
2012-02-16,7.3,0.0,10.835591,3.066989,14.71,-3.535591,False
2012-02-17,10.3,5.7,10.908602,3.078602,14.8,-0.608602,False
2012-02-18,10.2,4.0,10.976452,3.109785,14.9,-0.776452,False
2012-02-19,7.6,1.8,11.054516,3.121613,15.1,-3.454516,False
2012-02-20,9.8,3.2,11.120645,3.122151,15.31,-1.320645,False
2012-02-21,12.5,8.3,11.202796,3.146882,15.41,1.297204,False
2012-02-22,12.5,9.7,11.301505,3.174731,15.7,1.198495,False
2012-02-23,9.7,2.7,11.400323,3.22,15.8,-1.700323,False
2012-02-24,11.4,1.2,11.533441,3.267957,15.91,-0.133441,False
2012-02-25,10.6,3.9,11.664624,3.35172,16.11,-1.064624,False
2012-02-26,6.6,1.4,11.788817,3.432581,16.4,-5.188817,False
2012-02-27,7.5,-1.8,11.88172,3.513871,16.5,-4.38172,False
2012-02-28,7.8,-1.7,11.961828,3.577957,16.8,-4.161828,False
2012-02-29,4.8,1.0,12.006237,3.609516,16.905,-7.206237,False
2012-03-01,7.8,-0.1,12.050645,3.641075,17.01,-4.250645,False
2012-03-02,8.4,1.7,12.11914,3.67,17.1,-3.71914,False
2012-03-03,14.1,6.7,12.194731,3.715376,17.1,1.905269,False
2012-03-04,14.1,4.4,12.289677,3.716022,17.3,1.810323,False
2012-03-05,12.8,4.4,12.404946,3.749892,17.6,0.395054,False
2012-03-06,8.2,0.5,12.510108,3.803441,17.7,-4.310108,False
2012-03-07,9.6,-3.2,12.613548,3.834731,17.7,-3.013548,False
2012-03-08,18.1,-2.1,12.707204,3.88,17.8,5.392796,False
2012-03-09,18.3,2.1,12.810215,3.930753,18.0,5.489785,False
2012-03-10,14.9,6.9,12.906667,3.972151,18.1,1.993333,False
2012-03-11,10.1,4.6,13.000108,4.036989,18.21,-2.900108,False
2012-03-12,8.6,4.3,13.085914,4.103978,18.3,-4.485914,False
2012-03-13,8.5,0.9,13.177097,4.178925,18.4,-4.677097,False
2012-03-14,8.2,-0.3,13.32129,4.275269,18.5,-5.12129,False
2012-03-15,11.1,7.6,13.475054,4.363763,18.7,-2.375054,False
2012-03-16,11.2,5.0,13.60043,4.444409,19.1,-2.40043,False
2012-03-17,11.0,3.8,13.705269,4.49086,19.3,-2.705269,False
2012-03-18,8.7,1.8,13.802796,4.530753,19.3,-5.102796,False
2012-03-19,6.8,-1.2,13.891075,4.547097,19.51,-7.091075,False
2012-03-20,8.2,5.5,13.994946,4.597957,19.7,-5.794946,False
2012-03-21,6.8,1.2,14.076237,4.646882,19.7,-7.276237,False
2012-03-22,9.0,0.8,14.162796,4.737634,19.81,-5.162796,False
2012-03-23,11.8,-0.9,14.277957,4.835054,19.91,-2.477957,False
2012-03-24,17.7,6.8,14.357957,4.913226,20.01,3.342043,False
2012-03-25,17.0,4.5,14.435269,4.965591,20.1,2.564731,False
2012-03-26,14.0,4.3,14.496452,5.014086,20.11,-0.496452,False
2012-03-27,14.0,8.1,14.561505,5.060215,20.2,-0.561505,False
2012-03-28,11.9,7.9,14.612473,5.093763,20.2,-2.712473,False
2012-03-29,11.3,8.4,14.646559,5.118387,20.3,-3.346559,False
2012-03-30,11.6,8.5,14.686022,5.098602,20.31,-3.086022,False
2012-03-31,12.0,4.0,14.736237,5.113333,20.4,-2.736237,False
2012-04-01,12.6,4.7,14.826989,5.15828,20.5,-2.226989,False
2012-04-02,16.9,4.9,14.942903,5.225914,20.7,1.957097,False
2012-04-03,16.9,7.0,15.049677,5.269032,20.91,1.850323,False
2012-04-04,8.6,4.0,15.143871,5.322151,21.21,-6.543871,False
2012-04-05,8.6,3.7,15.234839,5.376882,21.51,-6.634839,False
2012-04-06,10.6,1.7,15.342366,5.435699,21.62,-4.742366,False
2012-04-07,16.3,0.1,15.460645,5.496022,21.81,0.839355,False
2012-04-08,21.2,10.6,15.581398,5.562258,22.01,5.618602,False
2012-04-09,20.7,7.6,15.693763,5.626237,22.2,5.006237,False
2012-04-10,19.7,9.1,15.816667,5.695914,22.4,3.883333,False
2012-04-11,15.8,9.3,15.955161,5.764194,22.6,-0.155161,False
2012-04-12,13.7,4.5,16.105699,5.853548,22.7,-2.405699,False
2012-04-13,15.5,4.8,16.220215,5.925484,22.8,-0.720215,False
2012-04-14,16.7,4.2,16.320968,5.991075,22.8,0.379032,False
2012-04-15,17.2,5.3,16.397634,6.050323,22.8,0.802366,False
2012-04-16,17.7,10.2,16.507419,6.079355,22.9,1.192581,False
2012-04-17,12.8,3.5,16.643548,6.15914,23.0,-3.843548,False
2012-04-18,14.3,7.7,16.786129,6.241613,23.1,-2.486129,False
2012-04-19,14.8,5.3,16.918172,6.335591,23.3,-2.118172,False
2012-04-20,13.6,11.0,17.041505,6.441075,23.5,-3.441505,False
2012-04-21,22.4,7.5,17.197849,6.53129,23.6,5.202151,False
2012-04-22,26.7,10.6,17.352043,6.584946,23.81,9.347957,False
2012-04-23,27.2,13.7,17.468817,6.627742,24.11,9.731183,False
2012-04-24,27.1,12.0,17.584731,6.665161,24.21,9.515269,False
2012-04-25,17.6,11.9,17.716774,6.732258,24.52,-0.116774,False
2012-04-26,16.3,9.4,17.880215,6.808817,25.01,-1.580215,False
2012-04-27,13.2,5.5,18.013226,6.88129,25.32,-4.813226,False
2012-04-28,17.0,8.3,18.165376,6.958602,25.6,-1.165376,False
2012-04-29,17.4,9.7,18.376452,7.072903,25.8,-0.976452,False
2012-04-30,17.5,9.6,18.586452,7.215269,26.02,-1.086452,False
2012-05-01,12.5,6.5,18.759892,7.336452,26.31,-6.259892,False
2012-05-02,13.1,4.3,18.893548,7.439785,26.5,-5.793548,False
2012-05-03,13.5,7.8,19.032581,7.537312,26.7,-5.532581,False
2012-05-04,13.0,6.9,19.143871,7.642903,26.7,-6.143871,False
2012-05-05,13.4,4.8,19.223763,7.756989,26.7,-5.823763,False
2012-05-06,19.8,4.6,19.296344,7.837204,26.7,0.503656,False
2012-05-07,25.6,6.3,19.377419,7.920215,26.9,6.222581,False
2012-05-08,25.7,8.3,19.505484,8.02914,27.1,6.194516,False
2012-05-09,20.8,5.7,19.667097,8.138065,27.21,1.132903,False
2012-05-10,15.8,1.8,19.807742,8.240645,27.3,-4.007742,False
2012-05-11,22.4,3.5,19.916452,8.347957,27.3,2.483548,False
2012-05-12,27.4,6.1,20.023548,8.474624,27.3,7.376452,True
2012-05-13,29.6,8.9,20.122688,8.575914,27.41,9.477312,True
2012-05-14,30.0,12.7,20.245699,8.677634,27.8,9.754301,True
2012-05-15,29.9,8.6,20.38043,8.764086,27.9,9.51957,True
2012-05-16,24.7,10.4,20.534409,8.882366,28.0,4.165591,False
2012-05-17,21.6,5.8,20.664839,9.011183,28.22,0.935161,False
2012-05-18,18.9,6.9,20.757097,9.096452,28.22,-1.857097,False
2012-05-19,19.6,4.6,20.889462,9.183656,28.4,-1.289462,False
2012-05-20,20.3,11.2,21.025699,9.286022,28.5,-0.725699,False
2012-05-21,17.0,12.6,21.145699,9.374409,28.51,-4.145699,False
2012-05-22,15.2,9.5,21.231075,9.454301,28.6,-6.031075,False
2012-05-23,14.9,9.3,21.296237,9.561505,28.6,-6.396237,False
2012-05-24,14.8,9.3,21.359032,9.650323,28.6,-6.559032,False
2012-05-25,21.4,8.2,21.446989,9.750538,28.6,-0.046989,False
2012-05-26,21.9,9.1,21.497419,9.82828,28.6,0.402581,False
2012-05-27,19.8,10.5,21.547097,9.893441,28.51,-1.747097,False
2012-05-28,17.4,11.4,21.638172,9.967204,28.5,-4.238172,False
2012-05-29,19.5,6.9,21.678172,10.065269,28.4,-2.178172,False
2012-05-30,21.9,9.0,21.664194,10.101075,28.4,0.235806,False
2012-05-31,22.1,13.5,21.680645,10.133226,28.31,0.419355,False
2012-06-01,23.4,13.3,21.724301,10.17086,28.4,1.675699,False
2012-06-02,22.8,13.3,21.798602,10.213118,28.4,1.001398,False
2012-06-03,18.9,9.6,21.872366,10.277742,28.4,-2.972366,False
2012-06-04,16.9,9.4,21.977419,10.301828,28.4,-5.077419,False
2012-06-05,16.0,8.3,22.130968,10.367204,28.7,-6.130968,False
2012-06-06,17.8,5.8,22.285914,10.462473,28.81,-4.485914,False
2012-06-07,17.9,10.5,22.426452,10.533548,28.9,-4.526452,False
2012-06-08,16.5,8.4,22.511935,10.590323,28.71,-6.011935,False
2012-06-09,16.5,7.0,22.581935,10.659677,28.9,-6.081935,False
2012-06-10,20.6,7.2,22.694946,10.718925,29.1,-2.094946,False
2012-06-11,24.5,8.9,22.843978,10.793011,29.31,1.656022,False
2012-06-12,24.6,13.3,23.000645,10.87086,29.8,1.599355,False
2012-06-13,19.4,12.1,23.14871,10.949892,29.9,-3.74871,False
2012-06-14,19.7,6.6,23.294194,11.029785,30.01,-3.594194,False
2012-06-15,25.1,8.9,23.415161,11.118495,30.22,1.684839,False
2012-06-16,27.2,13.8,23.519785,11.184946,30.41,3.680215,False
2012-06-17,26.9,16.8,23.626989,11.256989,30.61,3.273011,False
2012-06-18,20.3,11.9,23.747957,11.335914,30.8,-3.447957,False
2012-06-19,16.7,10.7,23.826452,11.397849,30.9,-7.126452,False
2012-06-20,26.1,8.3,23.924624,11.445591,30.9,2.175376,False
2012-06-21,26.8,12.1,24.050323,11.49871,30.91,2.749677,False
2012-06-22,27.4,13.2,24.213333,11.563871,31.11,3.186667,False
2012-06-23,16.5,10.3,24.393333,11.631183,31.3,-7.893333,False
2012-06-24,19.2,9.9,24.591613,11.724409,31.4,-5.391613,False
2012-06-25,19.1,11.2,24.774946,11.816667,31.61,-5.674946,False
2012-06-26,17.7,11.1,24.977097,11.903011,31.71,-7.277097,False
2012-06-27,24.3,7.1,25.169892,11.997742,31.81,-0.869892,False
2012-06-28,24.7,9.9,25.332043,12.107097,31.91,-0.632043,False
2012-06-29,23.1,14.8,25.516989,12.151398,32.0,-2.416989,False
2012-06-30,22.1,15.8,25.750215,12.253978,32.0,-3.650215,False
2012-07-01,20.2,13.9,25.966237,12.367097,32.2,-5.766237,False
2012-07-02,22.2,11.9,26.17086,12.480645,32.41,-3.97086,False
2012-07-03,21.2,12.4,26.342151,12.574194,32.6,-5.142151,False
2012-07-04,22.7,8.1,26.510108,12.654409,32.7,-3.810108,False
2012-07-05,26.3,10.4,26.672688,12.764409,32.9,-0.372688,False
2012-07-06,27.4,11.1,26.817527,12.847957,33.11,0.582473,False
2012-07-07,29.6,11.7,26.988602,12.93828,33.4,2.611398,False
2012-07-08,30.6,14.4,27.129462,13.043656,33.6,3.470538,False
2012-07-09,30.8,13.3,27.295484,13.124624,33.71,3.504516,False
2012-07-10,28.8,11.9,27.45043,13.176344,33.8,1.34957,False
2012-07-11,29.8,14.1,27.588495,13.236452,33.8,2.211505,False
2012-07-12,30.1,14.0,27.734194,13.290108,33.9,2.365806,False
2012-07-13,28.5,12.8,27.866237,13.347634,33.9,0.633763,False
2012-07-14,27.8,14.3,27.997527,13.390538,33.9,-0.197527,False
2012-07-15,28.3,15.7,28.122688,13.440538,34.0,0.177312,False
2012-07-16,25.8,12.8,28.244086,13.467634,34.11,-2.444086,False
2012-07-17,27.0,14.3,28.348172,13.49828,34.01,-1.348172,False
2012-07-18,25.7,15.5,28.440753,13.526129,34.1,-2.740753,False
2012-07-19,27.9,14.8,28.54129,13.556989,34.11,-0.64129,False
2012-07-20,28.6,14.8,28.686452,13.622258,34.21,-0.086452,False
2012-07-21,26.4,13.9,28.813226,13.685914,34.43,-2.413226,False
2012-07-22,26.7,12.9,28.870108,13.735806,34.43,-2.170108,False
2012-07-23,21.1,11.4,28.884086,13.776559,34.43,-7.784086,False
2012-07-24,26.7,10.7,28.888495,13.806667,34.43,-2.188495,False
2012-07-25,29.6,12.3,28.907419,13.831505,34.8,0.692581,False
2012-07-26,30.2,13.9,28.950753,13.858495,35.0,1.249247,False
2012-07-27,29.2,13.7,28.997849,13.891398,35.0,0.202151,False
2012-07-28,25.4,12.6,29.039462,13.90914,35.01,-3.639462,False
2012-07-29,25.5,13.3,29.109032,13.915591,35.01,-3.609032,False
2012-07-30,24.8,13.2,29.196774,13.968495,35.1,-4.396774,False
2012-07-31,25.8,10.8,29.23086,13.995161,35.1,-3.43086,False
2012-08-01,26.0,11.2,29.251183,14.001613,35.2,-3.251183,False
2012-08-02,26.0,11.3,29.267849,14.008495,35.11,-3.267849,False
2012-08-03,32.0,13.5,29.310215,14.00871,35.11,2.689785,False
2012-08-04,38.6,16.1,29.315269,14.015269,35.2,9.284731,False
2012-08-05,39.1,18.4,29.313763,14.01172,35.2,9.786237,False
2012-08-06,34.0,18.0,29.295054,14.001075,35.2,4.704946,False
2012-08-07,32.1,15.0,29.219677,13.946667,35.1,2.880323,False
2012-08-08,27.2,15.2,29.170538,13.894731,35.0,-1.970538,False
2012-08-09,26.5,12.9,29.106452,13.846774,35.0,-2.606452,False
2012-08-10,27.4,13.9,29.051183,13.816022,35.0,-1.651183,False
2012-08-11,30.5,12.6,29.00871,13.787742,34.9,1.49129,False
2012-08-12,35.1,16.0,28.934946,13.757742,34.7,6.165054,False
2012-08-13,35.0,15.8,28.880645,13.72129,34.7,6.119355,False
2012-08-14,32.7,15.3,28.824731,13.70914,34.6,3.875269,False
2012-08-15,35.7,14.8,28.723871,13.685591,34.5,6.976129,True
2012-08-16,37.0,17.9,28.606129,13.671075,34.31,8.393871,True
2012-08-17,37.3,16.4,28.515376,13.637204,34.21,8.784624,True
2012-08-18,36.8,15.8,28.454194,13.58957,34.21,8.345806,True
2012-08-19,26.3,15.3,28.393871,13.556667,34.31,-2.093871,False
2012-08-20,26.7,12.9,28.283226,13.501075,34.3,-1.583226,False
2012-08-21,26.9,13.5,28.164516,13.438925,34.2,-1.264516,False
2012-08-22,25.7,11.9,28.093333,13.38086,34.2,-2.393333,False
2012-08-23,23.9,11.4,28.070538,13.333333,34.2,-4.170538,False
2012-08-24,24.3,9.8,28.033978,13.297634,34.2,-3.733978,False
2012-08-25,28.8,10.2,27.956129,13.244839,34.0,0.843871,False
2012-08-26,29.1,11.4,27.865914,13.18129,33.9,1.234086,False
2012-08-27,23.9,13.1,27.815161,13.127849,33.9,-3.915161,False
2012-08-28,24.2,12.4,27.756129,13.058925,33.8,-3.556129,False
2012-08-29,23.5,12.3,27.649032,12.97914,33.7,-4.149032,False
2012-08-30,25.1,11.2,27.478602,12.89828,33.32,-2.378602,False
2012-08-31,25.1,10.2,27.31,12.823548,33.11,-2.21,False
2012-09-01,23.9,10.0,27.141398,12.747204,33.0,-3.241398,False
2012-09-02,24.1,8.6,26.963978,12.666344,32.81,-2.863978,False
2012-09-03,25.5,11.6,26.765484,12.590215,32.7,-1.265484,False
2012-09-04,28.6,13.0,26.60086,12.510215,32.6,1.99914,False
2012-09-05,30.2,13.9,26.42129,12.404409,32.5,3.77871,False
2012-09-06,32.0,13.7,26.271075,12.304839,32.5,5.728925,False
2012-09-07,35.4,13.3,26.169677,12.226022,32.41,9.230323,False
2012-09-08,35.5,13.9,26.071828,12.12957,32.41,9.428172,False
2012-09-09,26.3,11.9,25.973978,12.053978,32.4,0.326022,False
2012-09-10,20.6,13.1,25.85828,12.008065,32.4,-5.25828,False
2012-09-11,22.9,6.9,25.710108,11.930645,32.3,-2.810108,False
2012-09-12,28.4,8.2,25.593118,11.836237,32.2,2.806882,False
2012-09-13,32.7,11.1,25.475914,11.732258,32.01,7.224086,False
2012-09-14,32.4,11.1,25.346022,11.623656,31.91,7.053978,False
2012-09-15,30.9,11.3,25.217097,11.530323,31.9,5.682903,False
2012-09-16,27.1,10.1,25.071398,11.425376,31.9,2.028602,False
2012-09-17,32.2,10.4,24.871828,11.314731,31.7,7.328172,False
2012-09-18,32.2,10.7,24.626237,11.211613,31.51,7.573763,False
2012-09-19,30.2,12.3,24.394946,11.083333,31.3,5.805054,False
2012-09-20,25.1,11.5,24.196129,10.946129,30.81,0.903871,False
2012-09-21,22.5,12.4,24.03043,10.842151,30.42,-1.53043,False
2012-09-22,21.2,11.7,23.845376,10.763226,30.2,-2.645376,False
2012-09-23,22.5,9.9,23.620753,10.667097,30.1,-1.120753,False
2012-09-24,22.6,9.2,23.386129,10.533656,29.91,-0.786129,False
2012-09-25,22.5,12.6,23.142903,10.400108,29.71,-0.642903,False
2012-09-26,21.9,8.3,22.869892,10.246882,29.5,-0.969892,False
2012-09-27,26.6,10.1,22.565161,10.093011,29.3,4.034839,False
2012-09-28,26.6,13.8,22.270645,9.977419,29.0,4.329355,False
2012-09-29,26.5,13.1,22.010968,9.846452,28.8,4.489032,False
2012-09-30,23.6,7.7,21.786452,9.696559,28.7,1.813548,False
2012-10-01,27.6,9.4,21.586022,9.57043,28.41,6.013978,False
2012-10-02,27.3,10.1,21.39172,9.443978,28.3,5.90828,False
2012-10-03,21.6,7.4,21.21086,9.321183,28.0,0.38914,False
2012-10-04,22.4,9.1,21.041505,9.226989,27.9,1.358495,False
2012-10-05,22.8,7.8,20.845591,9.124946,27.8,1.954409,False
2012-10-06,24.0,7.9,20.650538,9.048172,27.7,3.349462,False
2012-10-07,26.0,5.8,20.443118,8.956559,27.5,5.556882,False
2012-10-08,25.9,4.4,20.206344,8.837097,27.11,5.693656,False
2012-10-09,22.1,5.5,19.939892,8.736989,26.61,2.160108,False
2012-10-10,19.6,7.2,19.659462,8.611613,26.12,-0.059462,False
2012-10-11,19.4,6.6,19.367312,8.475376,25.8,0.032688,False
2012-10-12,19.5,7.5,19.086452,8.319462,25.4,0.413548,False
2012-10-13,17.0,11.6,18.767957,8.198925,24.91,-1.767957,False
2012-10-14,17.7,13.1,18.423226,8.086237,24.51,-0.723226,False
2012-10-15,17.8,14.0,18.087849,7.944624,23.71,-0.287849,False
2012-10-16,17.3,12.9,17.792043,7.802366,23.21,-0.492043,False
2012-10-17,16.0,4.5,17.527097,7.666989,23.0,-1.527097,False
2012-10-18,19.0,4.4,17.3,7.546022,22.51,1.7,False
2012-10-19,18.3,12.8,17.094946,7.421613,22.4,1.205054,False
2012-10-20,14.8,8.2,16.88,7.33086,22.3,-2.08,False
2012-10-21,11.3,4.9,16.642581,7.265054,21.81,-5.342581,False
2012-10-22,9.9,5.5,16.383333,7.177742,21.6,-6.483333,False
2012-10-23,10.7,5.8,16.144731,7.052043,21.4,-5.444731,False
2012-10-24,10.2,6.7,15.903978,6.92172,21.11,-5.703978,False
2012-10-25,12.4,5.6,15.669355,6.792581,20.9,-3.269355,False
2012-10-26,13.4,6.3,15.44957,6.693656,20.41,-2.04957,False
2012-10-27,13.7,9.9,15.268387,6.617204,20.3,-1.568387,False
2012-10-28,14.7,13.5,15.067957,6.566129,20.11,-0.367957,False
2012-10-29,17.8,14.1,14.871935,6.500215,19.8,2.928065,False
2012-10-30,17.4,13.9,14.660108,6.447527,19.6,2.739892,False
2012-10-31,15.7,13.2,14.464731,6.384516,19.3,1.235269,False
2012-11-01,15.2,11.5,14.242688,6.286129,19.1,0.957312,False
2012-11-02,14.6,9.0,14.034086,6.216774,18.7,0.565914,False
2012-11-03,16.1,11.4,13.812796,6.105054,18.3,2.287204,False
2012-11-04,19.3,13.2,13.571075,5.99086,17.91,5.728925,False
2012-11-05,19.4,13.1,13.345484,5.86086,17.7,6.054516,False
2012-11-06,16.3,8.7,13.110323,5.709247,17.31,3.189677,False
2012-11-07,16.2,7.5,12.851935,5.564731,17.1,3.348065,False
2012-11-08,11.2,2.6,12.600968,5.45,16.7,-1.400968,False
2012-11-09,9.5,1.0,12.379785,5.349462,16.4,-2.879785,False
2012-11-10,7.5,0.0,12.194301,5.265914,16.2,-4.694301,False
2012-11-11,8.1,2.1,12.022903,5.155484,16.0,-3.922903,False
2012-11-12,10.7,7.4,11.837097,5.082473,15.7,-1.137097,False
2012-11-13,11.8,8.7,11.656882,4.976452,15.51,0.143118,False
2012-11-14,11.6,8.8,11.480323,4.863978,15.4,0.119677,False
2012-11-15,11.5,6.5,11.323226,4.782796,15.3,0.176774,False
2012-11-16,11.0,4.9,11.176774,4.706344,15.2,-0.176774,False
2012-11-17,11.0,7.2,11.025484,4.65957,14.81,-0.025484,False
2012-11-18,9.2,6.1,10.864516,4.567204,14.61,-1.664516,False
2012-11-19,13.4,9.2,10.703441,4.468925,14.5,2.696559,False
2012-11-20,12.8,9.4,10.524946,4.325269,14.2,2.275054,False
2012-11-21,10.0,6.7,10.348495,4.200108,14.1,-0.348495,False
2012-11-22,8.9,2.0,10.159247,4.069462,13.8,-1.259247,False
2012-11-23,8.9,4.2,9.969247,3.947097,13.6,-1.069247,False
2012-11-24,10.4,8.0,9.811398,3.838817,13.5,0.588602,False
2012-11-25,9.3,3.2,9.687204,3.773763,13.5,-0.387204,False
2012-11-26,9.6,4.0,9.564946,3.707849,13.5,0.035054,False
2012-11-27,8.1,1.5,9.444516,3.662366,13.4,-1.344516,False
2012-11-28,7.4,3.6,9.333333,3.572473,13.2,-1.933333,False
2012-11-29,10.5,5.3,9.202688,3.444516,13.1,1.297312,False
2012-11-30,13.1,8.1,9.044731,3.331075,13.0,4.055269,False
2012-12-01,12.4,8.7,8.908172,3.242043,12.7,3.491828,False
2012-12-02,10.7,8.0,8.794409,3.167957,12.6,1.905591,False
2012-12-03,10.9,8.6,8.671183,3.06043,12.5,2.228817,False
2012-12-04,12.7,7.9,8.571183,2.995054,12.3,4.128817,False
2012-12-05,11.8,5.1,8.487849,2.952258,12.2,3.312151,False
2012-12-06,9.0,3.7,8.405699,2.890215,12.01,0.594301,False
2012-12-07,8.7,6.1,8.32871,2.854839,12.0,0.37129,False
2012-12-08,7.9,3.6,8.276344,2.820968,11.9,-0.376344,False
2012-12-09,7.9,5.1,8.222258,2.765161,11.9,-0.322258,False
2012-12-10,9.2,7.2,8.160215,2.708495,11.8,1.039785,False
2012-12-11,9.1,4.8,8.072258,2.642366,11.7,1.027742,False
2012-12-12,7.5,4.2,8.015054,2.629462,11.6,-0.515054,False
2012-12-13,7.2,2.2,7.973118,2.626237,11.51,-0.773118,False
2012-12-14,6.9,3.3,7.928387,2.606452,11.5,-1.028387,False
2012-12-15,6.3,0.6,7.879892,2.587312,11.5,-1.579892,False
2012-12-16,6.0,2.9,7.819677,2.532258,11.4,-1.819677,False
2012-12-17,10.3,4.9,7.767097,2.487742,11.4,2.532903,False
2012-12-18,3.9,0.4,7.73043,2.413763,11.4,-3.83043,False
2012-12-19,7.1,0.4,7.699032,2.40172,11.4,-0.599032,False
2012-12-20,7.6,3.7,7.672473,2.406452,11.5,-0.072473,False
2012-12-21,7.8,0.9,7.653118,2.423118,11.5,0.146882,False
2012-12-22,8.3,4.6,7.64172,2.402366,11.5,0.65828,False
2012-12-23,7.0,4.7,7.661183,2.424086,11.5,-0.661183,False
2012-12-24,7.0,2.7,7.688602,2.457312,11.51,-0.688602,False
2012-12-25,6.5,2.8,7.706237,2.482043,11.5,-1.206237,False
2012-12-26,7.7,3.6,7.714086,2.500753,11.5,-0.014086,False
2012-12-27,7.3,3.8,7.715699,2.495591,11.51,-0.415699,False
2012-12-28,7.0,3.1,7.701183,2.461075,11.5,-0.701183,False
2012-12-29,5.5,0.2,7.694946,2.446344,11.6,-2.194946,False
2012-12-30,5.6,0.2,7.693333,2.455484,11.6,-2.093333,False
2012-12-31,4.4,-1.6,7.716344,2.440215,11.6,-3.316344,False
2013-01-01,4.1,-2.1,7.713118,2.42828,11.6,-3.613118,False
2013-01-02,4.2,-1.7,7.717419,2.41,11.6,-3.517419,False
2013-01-03,4.1,-3.1,7.772903,2.444086,11.6,-3.672903,False
2013-01-04,8.3,1.3,7.811935,2.478602,11.61,0.488065,False
2013-01-05,8.0,3.2,7.850538,2.467204,11.6,0.149462,False
2013-01-06,6.1,2.6,7.883011,2.480753,11.6,-1.783011,False
2013-01-07,10.8,5.9,7.923226,2.497742,11.6,2.876774,False
2013-01-08,11.5,7.6,7.967742,2.537097,11.61,3.532258,False
2013-01-09,11.6,5.7,8.029677,2.589785,11.71,3.570323,False
2013-01-10,5.7,1.9,8.11,2.629892,11.9,-2.41,False
2013-01-11,4.1,-1.2,8.18129,2.667742,11.9,-4.08129,False
2013-01-12,3.3,-5.1,8.213226,2.637957,12.0,-4.913226,False
2013-01-13,1.5,-3.0,8.267204,2.646237,12.1,-6.767204,False
2013-01-14,1.6,-4.4,8.334839,2.688387,12.1,-6.734839,False
2013-01-15,4.9,-0.9,8.407849,2.707527,12.1,-3.507849,False
2013-01-16,4.9,-2.3,8.485699,2.760753,12.2,-3.585699,False
2013-01-17,6.6,-1.0,8.565484,2.776882,12.21,-1.965484,False
2013-01-18,7.7,-0.1,8.633763,2.808495,12.3,-0.933763,False
2013-01-19,7.6,-2.0,8.712796,2.823656,12.4,-1.112796,False
2013-01-20,6.1,-3.4,8.815591,2.850323,12.6,-2.715591,False
2013-01-21,5.0,-2.0,8.923333,2.879355,12.8,-3.923333,False
2013-01-22,4.9,-2.0,9.015161,2.933118,12.8,-4.115161,False
2013-01-23,2.5,-0.4,9.090538,2.943226,12.9,-6.590538,False
2013-01-24,6.0,1.4,9.14172,2.934946,13.0,-3.14172,False
2013-01-25,9.4,5.0,9.217097,2.922151,13.2,0.182903,False
2013-01-26,9.0,3.7,9.283333,2.896344,13.2,-0.283333,False
2013-01-27,6.4,2.9,9.365376,2.902903,13.3,-2.965376,False
2013-01-28,6.6,3.6,9.46871,2.922366,13.3,-2.86871,False
2013-01-29,8.6,5.7,9.547527,2.926344,13.31,-0.947527,False
2013-01-30,10.1,6.3,9.63914,2.945161,13.4,0.46086,False
2013-01-31,10.8,7.1,9.752258,3.00129,13.5,1.047742,False
2013-02-01,11.5,6.2,9.868387,3.06,13.7,1.631613,False
2013-02-02,11.7,1.4,9.968925,3.114086,13.7,1.731075,False
2013-02-03,11.3,1.9,10.026129,3.105914,13.8,1.273871,False
2013-02-04,10.9,3.6,10.077527,3.108602,13.8,0.822473,False
2013-02-05,10.9,6.1,10.134516,3.099247,13.81,0.765484,False
2013-02-06,10.3,6.0,10.202366,3.118602,14.0,0.097634,False
2013-02-07,9.8,4.2,10.281935,3.136559,14.1,-0.481935,False
2013-02-08,8.3,0.9,10.348172,3.101183,14.1,-2.048172,False
2013-02-09,8.2,1.1,10.399462,3.072903,14.3,-2.199462,False
2013-02-10,9.1,4.2,10.445914,3.048817,14.3,-1.345914,False
2013-02-11,9.2,4.7,10.493548,3.026344,14.31,-1.293548,False
2013-02-12,12.4,6.4,10.564086,3.037634,14.5,1.835914,False
2013-02-13,11.7,8.5,10.626882,3.026882,14.6,1.073118,False
2013-02-14,11.1,3.1,10.696667,3.025484,14.7,0.403333,False
2013-02-15,15.8,3.4,10.757634,3.046559,14.7,5.042366,False
2013-02-16,14.9,4.5,10.835591,3.066989,14.71,4.064409,False
2013-02-17,9.8,2.0,10.908602,3.078602,14.8,-1.108602,False
2013-02-18,8.0,1.1,10.976452,3.109785,14.9,-2.976452,False
2013-02-19,11.2,2.8,11.054516,3.121613,15.1,0.145484,False
2013-02-20,11.2,-0.2,11.120645,3.122151,15.31,0.079355,False
2013-02-21,7.0,3.4,11.202796,3.146882,15.41,-4.202796,False
2013-02-22,7.8,5.6,11.301505,3.174731,15.7,-3.501505,False
2013-02-23,9.0,3.7,11.400323,3.22,15.8,-2.400323,False
2013-02-24,9.5,2.7,11.533441,3.267957,15.91,-2.033441,False
2013-02-25,9.9,5.3,11.664624,3.35172,16.11,-1.764624,False
2013-02-26,8.8,0.6,11.788817,3.432581,16.4,-2.988817,False
2013-02-27,10.4,4.9,11.88172,3.513871,16.5,-1.48172,False
2013-02-28,12.3,7.9,11.961828,3.577957,16.8,0.338172,False
2013-03-01,15.9,10.9,12.050645,3.641075,17.01,3.849355,False
2013-03-02,16.2,7.3,12.11914,3.67,17.1,4.08086,False
2013-03-03,12.6,3.1,12.194731,3.715376,17.1,0.405269,False
2013-03-04,14.2,-1.3,12.289677,3.716022,17.3,1.910323,False
2013-03-05,13.8,3.9,12.404946,3.749892,17.6,1.395054,False
2013-03-06,8.2,5.2,12.510108,3.803441,17.7,-4.310108,False
2013-03-07,13.2,2.8,12.613548,3.834731,17.7,0.586452,False
2013-03-08,14.3,2.2,12.707204,3.88,17.8,1.592796,False
2013-03-09,14.7,-0.4,12.810215,3.930753,18.0,1.889785,False
2013-03-10,14.7,1.2,12.906667,3.972151,18.1,1.793333,False
2013-03-11,11.7,6.1,13.000108,4.036989,18.21,-1.300108,False
2013-03-12,15.3,7.2,13.085914,4.103978,18.3,2.214086,False
2013-03-13,16.3,8.5,13.177097,4.178925,18.4,3.122903,False
2013-03-14,16.4,8.6,13.32129,4.275269,18.5,3.07871,False
2013-03-15,17.0,9.8,13.475054,4.363763,18.7,3.524946,False
2013-03-16,16.8,8.3,13.60043,4.444409,19.1,3.19957,False
2013-03-17,9.4,3.1,13.705269,4.49086,19.3,-4.305269,False
2013-03-18,11.7,3.0,13.802796,4.530753,19.3,-2.102796,False
2013-03-19,11.9,2.2,13.891075,4.547097,19.51,-1.991075,False
2013-03-20,11.3,6.8,13.994946,4.597957,19.7,-2.694946,False
2013-03-21,8.4,3.3,14.076237,4.646882,19.7,-5.676237,False
2013-03-22,8.9,1.8,14.162796,4.737634,19.81,-5.262796,False
2013-03-23,9.3,0.3,14.277957,4.835054,19.91,-4.977957,False
2013-03-24,13.9,0.6,14.357957,4.913226,20.01,-0.457957,False
2013-03-25,16.3,3.2,14.435269,4.965591,20.1,1.864731,False
2013-03-26,15.7,7.0,14.496452,5.014086,20.11,1.203548,False
2013-03-27,16.6,5.1,14.561505,5.060215,20.2,2.038495,False
2013-03-28,17.0,7.9,14.612473,5.093763,20.2,2.387527,False
2013-03-29,18.9,9.2,14.646559,5.118387,20.3,4.253441,False
2013-03-30,24.3,5.3,14.686022,5.098602,20.31,9.613978,False
2013-03-31,24.4,7.3,14.736237,5.113333,20.4,9.663763,False
2013-04-01,23.4,10.0,14.826989,5.15828,20.5,8.573011,False
2013-04-02,17.0,10.7,14.942903,5.225914,20.7,2.057097,False
2013-04-03,18.1,6.1,15.049677,5.269032,20.91,3.050323,False
2013-04-04,18.5,11.8,15.143871,5.322151,21.21,3.356129,False
2013-04-05,15.1,11.6,15.234839,5.376882,21.51,-0.134839,False
2013-04-06,13.2,9.3,15.342366,5.435699,21.62,-2.142366,False
2013-04-07,11.8,7.1,15.460645,5.496022,21.81,-3.660645,False
2013-04-08,12.7,5.4,15.581398,5.562258,22.01,-2.881398,False
2013-04-09,13.6,4.0,15.693763,5.626237,22.2,-2.093763,False
2013-04-10,14.6,9.0,15.816667,5.695914,22.4,-1.216667,False
2013-04-11,14.5,5.3,15.955161,5.764194,22.6,-1.455161,False
2013-04-12,13.3,2.8,16.105699,5.853548,22.7,-2.805699,False
2013-04-13,11.1,4.0,16.220215,5.925484,22.8,-5.120215,False
2013-04-14,10.2,3.0,16.320968,5.991075,22.8,-6.120968,False
2013-04-15,12.3,2.9,16.397634,6.050323,22.8,-4.097634,False
2013-04-16,13.8,2.0,16.507419,6.079355,22.9,-2.707419,False
2013-04-17,14.4,0.8,16.643548,6.15914,23.0,-2.243548,False
2013-04-18,15.0,6.8,16.786129,6.241613,23.1,-1.786129,False
2013-04-19,15.1,9.8,16.918172,6.335591,23.3,-1.818172,False
2013-04-20,14.6,8.5,17.041505,6.441075,23.5,-2.441505,False
2013-04-21,14.6,7.9,17.197849,6.53129,23.6,-2.597849,False
2013-04-22,18.2,3.4,17.352043,6.584946,23.81,0.847957,False
2013-04-23,19.7,2.3,17.468817,6.627742,24.11,2.231183,False
2013-04-24,23.0,3.5,17.584731,6.665161,24.21,5.415269,False
2013-04-25,23.0,7.0,17.716774,6.732258,24.52,5.283226,False
2013-04-26,23.9,7.3,17.880215,6.808817,25.01,6.019785,False
2013-04-27,24.2,7.8,18.013226,6.88129,25.32,6.186774,False
2013-04-28,20.7,11.4,18.165376,6.958602,25.6,2.534624,False
2013-04-29,18.3,9.8,18.376452,7.072903,25.8,-0.076452,False
2013-04-30,14.3,2.7,18.586452,7.215269,26.02,-4.286452,False
2013-05-01,20.4,1.8,18.759892,7.336452,26.31,1.640108,False
2013-05-02,24.9,5.6,18.893548,7.439785,26.5,6.006452,False
2013-05-03,25.2,9.5,19.032581,7.537312,26.7,6.167419,False
2013-05-04,27.9,9.2,19.143871,7.642903,26.7,8.756129,True
2013-05-05,28.8,10.8,19.223763,7.756989,26.7,9.576237,True
2013-05-06,28.7,11.3,19.296344,7.837204,26.7,9.403656,True
2013-05-07,28.0,10.1,19.377419,7.920215,26.9,8.622581,True
2013-05-08,24.2,11.2,19.505484,8.02914,27.1,4.694516,False
2013-05-09,24.9,10.6,19.667097,8.138065,27.21,5.232903,False
2013-05-10,27.6,11.5,19.807742,8.240645,27.3,7.792258,True
2013-05-11,28.5,12.7,19.916452,8.347957,27.3,8.583548,True
2013-05-12,29.0,15.1,20.023548,8.474624,27.3,8.976452,True
2013-05-13,21.9,14.0,20.122688,8.575914,27.41,1.777312,False
2013-05-14,19.6,7.5,20.245699,8.677634,27.8,-0.645699,False
2013-05-15,19.7,8.6,20.38043,8.764086,27.9,-0.68043,False
2013-05-16,18.0,10.6,20.534409,8.882366,28.0,-2.534409,False
2013-05-17,17.0,9.5,20.664839,9.011183,28.22,-3.664839,False
2013-05-18,16.6,9.8,20.757097,9.096452,28.22,-4.157097,False
2013-05-19,18.7,11.7,20.889462,9.183656,28.4,-2.189462,False
2013-05-20,21.1,6.6,21.025699,9.286022,28.5,0.074301,False
2013-05-21,21.9,9.1,21.145699,9.374409,28.51,0.754301,False
2013-05-22,10.1,5.4,21.231075,9.454301,28.6,-11.131075,False
2013-05-23,11.8,7.1,21.296237,9.561505,28.6,-9.496237,False
2013-05-24,15.1,8.6,21.359032,9.650323,28.6,-6.259032,False
2013-05-25,18.2,7.5,21.446989,9.750538,28.6,-3.246989,False
2013-05-26,18.4,11.5,21.497419,9.82828,28.6,-3.097419,False
2013-05-27,16.6,10.4,21.547097,9.893441,28.51,-4.947097,False
2013-05-28,17.4,11.3,21.638172,9.967204,28.5,-4.238172,False
2013-05-29,17.1,10.8,21.678172,10.065269,28.4,-4.578172,False
2013-05-30,17.3,8.8,21.664194,10.101075,28.4,-4.364194,False
2013-05-31,19.6,9.2,21.680645,10.133226,28.31,-2.080645,False
2013-06-01,22.8,9.0,21.724301,10.17086,28.4,1.075699,False
2013-06-02,23.3,12.3,21.798602,10.213118,28.4,1.501398,False
2013-06-03,22.4,10.3,21.872366,10.277742,28.4,0.527634,False
2013-06-04,27.6,8.8,21.977419,10.301828,28.4,5.622581,False
2013-06-05,27.9,13.7,22.130968,10.367204,28.7,5.769032,False
2013-06-06,27.1,12.3,22.285914,10.462473,28.81,4.814086,False
2013-06-07,27.0,13.5,22.426452,10.533548,28.9,4.573548,False
2013-06-08,24.3,10.3,22.511935,10.590323,28.71,1.788065,False
2013-06-09,24.0,10.2,22.581935,10.659677,28.9,1.418065,False
2013-06-10,21.6,7.8,22.694946,10.718925,29.1,-1.094946,False
2013-06-11,20.5,10.0,22.843978,10.793011,29.31,-2.343978,False
2013-06-12,17.6,9.6,23.000645,10.87086,29.8,-5.400645,False
2013-06-13,17.5,10.3,23.14871,10.949892,29.9,-5.64871,False
2013-06-14,19.8,9.0,23.294194,11.029785,30.01,-3.494194,False
2013-06-15,26.0,9.3,23.415161,11.118495,30.22,2.584839,False
2013-06-16,26.4,10.6,23.519785,11.184946,30.41,2.880215,False
2013-06-17,24.3,11.8,23.626989,11.256989,30.61,0.673011,False
2013-06-18,23.8,12.8,23.747957,11.335914,30.8,0.052043,False
2013-06-19,18.8,11.4,23.826452,11.397849,30.9,-5.026452,False
2013-06-20,19.6,11.4,23.924624,11.445591,30.9,-4.324624,False
2013-06-21,19.8,12.2,24.050323,11.49871,30.91,-4.250323,False
2013-06-22,25.6,9.2,24.213333,11.563871,31.11,1.386667,False
2013-06-23,26.0,16.4,24.393333,11.631183,31.3,1.606667,False
2013-06-24,19.3,13.6,24.591613,11.724409,31.4,-5.291613,False
2013-06-25,20.1,14.2,24.774946,11.816667,31.61,-4.674946,False
2013-06-26,21.9,14.6,24.977097,11.903011,31.71,-3.077097,False
2013-06-27,26.9,15.6,25.169892,11.997742,31.81,1.730108,False
2013-06-28,32.5,16.7,25.332043,12.107097,31.91,7.167957,True
2013-06-29,32.7,17.4,25.516989,12.151398,32.0,7.183011,True
2013-06-30,35.1,16.7,25.750215,12.253978,32.0,9.349785,True
2013-07-01,35.3,19.0,25.966237,12.367097,32.2,9.333763,True
2013-07-02,32.6,17.8,26.17086,12.480645,32.41,6.42914,True
2013-07-03,29.8,14.8,26.342151,12.574194,32.6,3.457849,False
2013-07-04,28.5,12.4,26.510108,12.654409,32.7,1.989892,False
2013-07-05,23.5,12.5,26.672688,12.764409,32.9,-3.172688,False
2013-07-06,25.2,11.5,26.817527,12.847957,33.11,-1.617527,False
2013-07-07,25.8,13.4,26.988602,12.93828,33.4,-1.188602,False
2013-07-08,27.1,13.3,27.129462,13.043656,33.6,-0.029462,False
2013-07-09,31.2,15.6,27.295484,13.124624,33.71,3.904516,False
2013-07-10,31.2,13.6,27.45043,13.176344,33.8,3.74957,False
2013-07-11,26.6,10.2,27.588495,13.236452,33.8,-0.988495,False
2013-07-12,24.2,10.1,27.734194,13.290108,33.9,-3.534194,False
2013-07-13,27.0,9.4,27.866237,13.347634,33.9,-0.866237,False
2013-07-14,30.1,12.7,27.997527,13.390538,33.9,2.102473,False
2013-07-15,30.3,11.5,28.122688,13.440538,34.0,2.177312,False
2013-07-16,31.1,15.1,28.244086,13.467634,34.11,2.855914,False
2013-07-17,31.7,15.4,28.348172,13.49828,34.01,3.351828,False
2013-07-18,28.0,12.2,28.440753,13.526129,34.1,-0.440753,False
2013-07-19,28.3,12.5,28.54129,13.556989,34.11,-0.24129,False
2013-07-20,28.0,12.6,28.686452,13.622258,34.21,-0.686452,False
2013-07-21,26.8,11.5,28.813226,13.685914,34.43,-2.013226,False
2013-07-22,27.0,13.0,28.870108,13.735806,34.43,-1.870108,False
2013-07-23,31.3,13.8,28.884086,13.776559,34.43,2.415914,False
2013-07-24,31.5,14.1,28.888495,13.806667,34.43,2.611505,False
2013-07-25,31.7,12.9,28.907419,13.831505,34.8,2.792581,False
2013-07-26,31.2,12.5,28.950753,13.858495,35.0,2.249247,False
2013-07-27,30.7,11.9,28.997849,13.891398,35.0,1.702151,False
2013-07-28,26.0,11.1,29.039462,13.90914,35.01,-3.039462,False
2013-07-29,25.0,11.7,29.109032,13.915591,35.01,-4.109032,False
2013-07-30,26.8,12.9,29.196774,13.968495,35.1,-2.396774,False
2013-07-31,27.1,14.1,29.23086,13.995161,35.1,-2.13086,False
2013-08-01,24.0,13.4,29.251183,14.001613,35.2,-5.251183,False
2013-08-02,22.1,15.2,29.267849,14.008495,35.11,-7.167849,False
2013-08-03,27.0,13.0,29.310215,14.00871,35.11,-2.310215,False
2013-08-04,31.1,14.7,29.315269,14.015269,35.2,1.784731,False
2013-08-05,31.9,15.8,29.313763,14.01172,35.2,2.586237,False
2013-08-06,32.5,13.6,29.295054,14.001075,35.2,3.204946,False
2013-08-07,32.7,14.5,29.219677,13.946667,35.1,3.480323,False
2013-08-08,30.1,15.3,29.170538,13.894731,35.0,0.929462,False
2013-08-09,27.3,15.4,29.106452,13.846774,35.0,-1.806452,False
2013-08-10,27.0,15.2,29.051183,13.816022,35.0,-2.051183,False
2013-08-11,26.3,15.4,29.00871,13.787742,34.9,-2.70871,False
2013-08-12,25.6,15.1,28.934946,13.757742,34.7,-3.334946,False
2013-08-13,29.2,11.9,28.880645,13.72129,34.7,0.319355,False
2013-08-14,29.9,13.4,28.824731,13.70914,34.6,1.075269,False
2013-08-15,26.7,17.9,28.723871,13.685591,34.5,-2.023871,False
2013-08-16,27.5,17.6,28.606129,13.671075,34.31,-1.106129,False
2013-08-17,28.7,13.9,28.515376,13.637204,34.21,0.184624,False
2013-08-18,28.7,14.9,28.454194,13.58957,34.21,0.245806,False
2013-08-19,28.7,14.3,28.393871,13.556667,34.31,0.306129,False
2013-08-20,28.2,12.0,28.283226,13.501075,34.3,-0.083226,False
2013-08-21,32.0,11.6,28.164516,13.438925,34.2,3.835484,False
2013-08-22,31.9,15.2,28.093333,13.38086,34.2,3.806667,False
2013-08-23,28.7,15.9,28.070538,13.333333,34.2,0.629462,False
2013-08-24,24.5,16.1,28.033978,13.297634,34.2,-3.533978,False
2013-08-25,24.0,12.8,27.956129,13.244839,34.0,-3.956129,False
2013-08-26,25.3,14.4,27.865914,13.18129,33.9,-2.565914,False
2013-08-27,27.9,15.9,27.815161,13.127849,33.9,0.084839,False
2013-08-28,27.2,16.3,27.756129,13.058925,33.8,-0.556129,False
2013-08-29,27.1,18.0,27.649032,12.97914,33.7,-0.549032,False
2013-08-30,26.7,16.8,27.478602,12.89828,33.32,-0.778602,False
2013-08-31,31.2,13.4,27.31,12.823548,33.11,3.89,False
2013-09-01,31.8,14.9,27.141398,12.747204,33.0,4.658602,False
2013-09-02,29.1,16.6,26.963978,12.666344,32.81,2.136022,False
2013-09-03,26.2,15.3,26.765484,12.590215,32.7,-0.565484,False
2013-09-04,26.2,15.6,26.60086,12.510215,32.6,-0.40086,False
2013-09-05,23.0,17.0,26.42129,12.404409,32.5,-3.42129,False
2013-09-06,21.9,15.5,26.271075,12.304839,32.5,-4.371075,False
2013-09-07,26.3,13.1,26.169677,12.226022,32.41,0.130323,False
2013-09-08,29.0,14.5,26.071828,12.12957,32.41,2.928172,False
2013-09-09,28.9,14.8,25.973978,12.053978,32.4,2.926022,False
2013-09-10,33.5,14.6,25.85828,12.008065,32.4,7.64172,True
2013-09-11,35.2,15.5,25.710108,11.930645,32.3,9.489892,True
2013-09-12,34.9,15.0,25.593118,11.836237,32.2,9.306882,True
2013-09-13,28.4,16.4,25.475914,11.732258,32.01,2.924086,False
2013-09-14,25.0,16.0,25.346022,11.623656,31.91,-0.346022,False
2013-09-15,25.6,16.6,25.217097,11.530323,31.9,0.382903,False
2013-09-16,21.0,16.0,25.071398,11.425376,31.9,-4.071398,False
2013-09-17,19.9,13.3,24.871828,11.314731,31.7,-4.971828,False
2013-09-18,21.3,11.9,24.626237,11.211613,31.51,-3.326237,False
2013-09-19,26.0,6.7,24.394946,11.083333,31.3,1.605054,False
2013-09-20,26.2,8.6,24.196129,10.946129,30.81,2.003871,False
2013-09-21,19.5,12.9,24.03043,10.842151,30.42,-4.53043,False
2013-09-22,18.8,12.9,23.845376,10.763226,30.2,-5.045376,False
2013-09-23,17.2,12.7,23.620753,10.667097,30.1,-6.420753,False
2013-09-24,16.3,11.0,23.386129,10.533656,29.91,-7.086129,False
2013-09-25,15.9,9.3,23.142903,10.400108,29.71,-7.242903,False
2013-09-26,18.1,7.3,22.869892,10.246882,29.5,-4.769892,False
2013-09-27,17.7,8.1,22.565161,10.093011,29.3,-4.865161,False
2013-09-28,17.5,12.9,22.270645,9.977419,29.0,-4.770645,False
2013-09-29,16.5,11.6,22.010968,9.846452,28.8,-5.510968,False
2013-09-30,15.0,11.2,21.786452,9.696559,28.7,-6.786452,False
2013-10-01,15.0,9.4,21.586022,9.57043,28.41,-6.586022,False
2013-10-02,14.5,6.7,21.39172,9.443978,28.3,-6.89172,False
2013-10-03,13.8,5.1,21.21086,9.321183,28.0,-7.41086,False
2013-10-04,18.8,4.1,21.041505,9.226989,27.9,-2.241505,False
2013-10-05,22.4,3.6,20.845591,9.124946,27.8,1.554409,False
2013-10-06,23.0,5.1,20.650538,9.048172,27.7,2.349462,False
2013-10-07,22.9,11.6,20.443118,8.956559,27.5,2.456882,False
2013-10-08,14.9,10.0,20.206344,8.837097,27.11,-5.306344,False
2013-10-09,15.8,3.6,19.939892,8.736989,26.61,-4.139892,False
2013-10-10,15.3,6.3,19.659462,8.611613,26.12,-4.359462,False
2013-10-11,14.5,7.0,19.367312,8.475376,25.8,-4.867312,False
2013-10-12,14.0,9.0,19.086452,8.319462,25.4,-5.086452,False
2013-10-13,16.5,5.9,18.767957,8.198925,24.91,-2.267957,False
2013-10-14,19.2,3.9,18.423226,8.086237,24.51,0.776774,False
2013-10-15,19.5,3.8,18.087849,7.944624,23.71,1.412151,False
2013-10-16,18.7,4.5,17.792043,7.802366,23.21,0.907957,False
2013-10-17,18.1,5.1,17.527097,7.666989,23.0,0.572903,False
2013-10-18,20.7,4.3,17.3,7.546022,22.51,3.4,False
2013-10-19,20.1,2.2,17.094946,7.421613,22.4,3.005054,False
2013-10-20,18.0,4.4,16.88,7.33086,22.3,1.12,False
2013-10-21,21.5,5.7,16.642581,7.265054,21.81,4.857419,False
2013-10-22,22.4,5.0,16.383333,7.177742,21.6,6.016667,False
2013-10-23,21.5,4.8,16.144731,7.052043,21.4,5.355269,False
2013-10-24,20.1,5.8,15.903978,6.92172,21.11,4.196022,False
2013-10-25,16.9,7.6,15.669355,6.792581,20.9,1.230645,False
2013-10-26,14.0,9.2,15.44957,6.693656,20.41,-1.44957,False
2013-10-27,13.2,7.9,15.268387,6.617204,20.3,-2.068387,False
2013-10-28,15.0,4.8,15.067957,6.566129,20.11,-0.067957,False
2013-10-29,14.3,-0.7,14.871935,6.500215,19.8,-0.571935,False
2013-10-30,14.1,-1.0,14.660108,6.447527,19.6,-0.560108,False
2013-10-31,14.6,10.1,14.464731,6.384516,19.3,0.135269,False
2013-11-01,15.3,8.4,14.242688,6.286129,19.1,1.057312,False
2013-11-02,14.6,10.9,14.034086,6.216774,18.7,0.565914,False
2013-11-03,11.1,5.3,13.812796,6.105054,18.3,-2.712796,False
2013-11-04,9.6,6.2,13.571075,5.99086,17.91,-3.971075,False
2013-11-05,12.9,8.7,13.345484,5.86086,17.7,-0.445484,False
2013-11-06,12.5,9.3,13.110323,5.709247,17.31,-0.610323,False
2013-11-07,12.6,9.4,12.851935,5.564731,17.1,-0.251935,False
2013-11-08,11.9,8.2,12.600968,5.45,16.7,-0.700968,False
2013-11-09,11.2,4.5,12.379785,5.349462,16.4,-1.179785,False
2013-11-10,13.4,6.4,12.194301,5.265914,16.2,1.205699,False
2013-11-11,14.4,6.2,12.022903,5.155484,16.0,2.377097,False
2013-11-12,14.1,8.7,11.837097,5.082473,15.7,2.262903,False
2013-11-13,13.8,8.2,11.656882,4.976452,15.51,2.143118,False
2013-11-14,11.5,6.3,11.480323,4.863978,15.4,0.019677,False
2013-11-15,10.2,4.2,11.323226,4.782796,15.3,-1.123226,False
2013-11-16,10.1,7.2,11.176774,4.706344,15.2,-1.076774,False
2013-11-17,11.5,7.2,11.025484,4.65957,14.81,0.474516,False
2013-11-18,11.5,10.7,10.864516,4.567204,14.61,0.635484,False
2013-11-19,11.8,8.8,10.703441,4.468925,14.5,1.096559,False
2013-11-20,8.7,-1.1,10.524946,4.325269,14.2,-1.824946,False
2013-11-21,8.2,-3.3,10.348495,4.200108,14.1,-2.148495,False
2013-11-22,9.3,-4.0,10.159247,4.069462,13.8,-0.859247,False
2013-11-23,11.2,0.2,9.969247,3.947097,13.6,1.230753,False
2013-11-24,9.5,-1.9,9.811398,3.838817,13.5,-0.311398,False
2013-11-25,9.1,-2.3,9.687204,3.773763,13.5,-0.587204,False
2013-11-26,8.0,-2.4,9.564946,3.707849,13.5,-1.564946,False
2013-11-27,10.4,0.8,9.444516,3.662366,13.4,0.955484,False
2013-11-28,10.1,-1.5,9.333333,3.572473,13.2,0.766667,False
2013-11-29,7.3,-2.4,9.202688,3.444516,13.1,-1.902688,False
2013-11-30,8.9,3.3,9.044731,3.331075,13.0,-0.144731,False
2013-12-01,13.4,7.5,8.908172,3.242043,12.7,4.491828,False
2013-12-02,13.2,5.3,8.794409,3.167957,12.6,4.405591,False
2013-12-03,5.9,1.4,8.671183,3.06043,12.5,-2.771183,False
2013-12-04,3.7,-6.1,8.571183,2.995054,12.3,-4.871183,False
2013-12-05,1.1,-9.6,8.487849,2.952258,12.2,-7.387849,False
2013-12-06,-1.2,-3.8,8.405699,2.890215,12.01,-9.605699,False
2013-12-07,-2.3,-8.1,8.32871,2.854839,12.0,-10.62871,False
2013-12-08,-2.5,-12.6,8.276344,2.820968,11.9,-10.776344,False
2013-12-09,-2.2,-11.0,8.222258,2.765161,11.9,-10.422258,False
2013-12-10,1.1,-3.3,8.160215,2.708495,11.8,-7.060215,False
2013-12-11,3.4,-5.8,8.072258,2.642366,11.7,-4.672258,False
2013-12-12,1.5,-5.0,8.015054,2.629462,11.6,-6.515054,False
2013-12-13,7.5,1.0,7.973118,2.626237,11.51,-0.473118,False
2013-12-14,6.5,2.7,7.928387,2.606452,11.5,-1.428387,False
2013-12-15,7.9,2.2,7.879892,2.587312,11.5,0.020108,False
2013-12-16,8.2,4.5,7.819677,2.532258,11.4,0.380323,False
2013-12-17,6.7,1.2,7.767097,2.487742,11.4,-1.067097,False
2013-12-18,6.2,2.3,7.73043,2.413763,11.4,-1.53043,False
2013-12-19,6.0,-1.6,7.699032,2.40172,11.4,-1.699032,False
2013-12-20,3.5,-1.8,7.672473,2.406452,11.5,-4.172473,False
2013-12-21,10.3,4.2,7.653118,2.423118,11.5,2.646882,False
2013-12-22,11.4,7.9,7.64172,2.402366,11.5,3.75828,False
2013-12-23,11.5,8.2,7.661183,2.424086,11.5,3.838817,False
2013-12-24,10.7,1.0,7.688602,2.457312,11.51,3.011398,False
2013-12-25,5.2,0.4,7.706237,2.482043,11.5,-2.506237,False
2013-12-26,5.7,-0.9,7.714086,2.500753,11.5,-2.014086,False
2013-12-27,5.2,-1.4,7.715699,2.495591,11.51,-2.515699,False
2013-12-28,6.4,2.2,7.701183,2.461075,11.5,-1.301183,False
2013-12-29,6.1,1.5,7.694946,2.446344,11.6,-1.594946,False
2013-12-30,5.9,1.7,7.693333,2.455484,11.6,-1.793333,False
2013-12-31,7.7,1.4,7.716344,2.440215,11.6,-0.016344,False
2014-01-01,7.9,1.9,7.713118,2.42828,11.6,0.186882,False
2014-01-02,7.1,1.5,7.717419,2.41,11.6,-0.617419,False
2014-01-03,8.3,3.4,7.772903,2.444086,11.6,0.527097,False
2014-01-04,8.2,-2.3,7.811935,2.478602,11.61,0.388065,False
2014-01-05,9.0,-3.9,7.850538,2.467204,11.6,1.149462,False
2014-01-06,7.8,-0.7,7.883011,2.480753,11.6,-0.083011,False
2014-01-07,6.7,2.9,7.923226,2.497742,11.6,-1.223226,False
2014-01-08,10.3,6.3,7.967742,2.537097,11.61,2.332258,False
2014-01-09,10.1,5.3,8.029677,2.589785,11.71,2.070323,False
2014-01-10,11.0,8.1,8.11,2.629892,11.9,2.89,False
2014-01-11,13.1,8.6,8.18129,2.667742,11.9,4.91871,False
2014-01-12,11.9,6.8,8.213226,2.637957,12.0,3.686774,False
2014-01-13,12.6,8.8,8.267204,2.646237,12.1,4.332796,False
2014-01-14,12.2,4.6,8.334839,2.688387,12.1,3.865161,False
2014-01-15,8.6,2.1,8.407849,2.707527,12.1,0.192151,False
2014-01-16,8.5,0.3,8.485699,2.760753,12.2,0.014301,False
2014-01-17,8.7,-0.5,8.565484,2.776882,12.21,0.134516,False
2014-01-18,7.2,0.0,8.633763,2.808495,12.3,-1.433763,False
2014-01-19,6.3,-0.9,8.712796,2.823656,12.4,-2.412796,False
2014-01-20,9.1,0.8,8.815591,2.850323,12.6,0.284409,False
2014-01-21,8.5,-0.3,8.923333,2.879355,12.8,-0.423333,False
2014-01-22,7.8,0.3,9.015161,2.933118,12.8,-1.215161,False
2014-01-23,9.9,3.2,9.090538,2.943226,12.9,0.809462,False
2014-01-24,11.3,2.8,9.14172,2.934946,13.0,2.15828,False
2014-01-25,10.2,-1.0,9.217097,2.922151,13.2,0.982903,False
2014-01-26,9.2,-1.7,9.283333,2.896344,13.2,-0.083333,False
2014-01-27,8.3,-0.5,9.365376,2.902903,13.3,-1.065376,False
2014-01-28,6.8,3.7,9.46871,2.922366,13.3,-2.66871,False
2014-01-29,11.1,4.7,9.547527,2.926344,13.31,1.552473,False
2014-01-30,10.1,5.3,9.63914,2.945161,13.4,0.46086,False
2014-01-31,8.7,4.5,9.752258,3.00129,13.5,-1.052258,False
2014-02-01,9.4,3.2,9.868387,3.06,13.7,-0.468387,False
2014-02-02,9.2,-0.2,9.968925,3.114086,13.7,-0.768925,False
2014-02-03,7.7,0.6,10.026129,3.105914,13.8,-2.326129,False
2014-02-04,5.6,-2.6,10.077527,3.108602,13.8,-4.477527,False
2014-02-05,2.2,-4.5,10.134516,3.099247,13.81,-7.934516,False
2014-02-06,-2.0,-7.2,10.202366,3.118602,14.0,-12.202366,False
2014-02-07,-1.8,-8.9,10.281935,3.136559,14.1,-12.081935,False
2014-02-08,-1.5,-4.1,10.348172,3.101183,14.1,-11.848172,False
2014-02-09,3.5,-2.2,10.399462,3.072903,14.3,-6.899462,False
2014-02-10,6.0,-0.4,10.445914,3.048817,14.3,-4.445914,False
2014-02-11,8.1,4.2,10.493548,3.026344,14.31,-2.393548,False
2014-02-12,12.8,7.8,10.564086,3.037634,14.5,2.235914,False
2014-02-13,13.0,7.2,10.626882,3.026882,14.6,2.373118,False
2014-02-14,12.7,6.9,10.696667,3.025484,14.7,2.003333,False
2014-02-15,11.8,5.8,10.757634,3.046559,14.7,1.042366,False
2014-02-16,12.6,4.6,10.835591,3.066989,14.71,1.764409,False
2014-02-17,11.3,8.1,10.908602,3.078602,14.8,0.391398,False
2014-02-18,10.1,6.4,10.976452,3.109785,14.9,-0.876452,False
2014-02-19,8.8,3.2,11.054516,3.121613,15.1,-2.254516,False
2014-02-20,8.9,6.2,11.120645,3.122151,15.31,-2.220645,False
2014-02-21,10.1,3.8,11.202796,3.146882,15.41,-1.102796,False
2014-02-22,10.1,0.5,11.301505,3.174731,15.7,-1.201505,False
2014-02-23,9.8,-1.0,11.400323,3.22,15.8,-1.600323,False
2014-02-24,9.6,7.1,11.533441,3.267957,15.91,-1.933441,False
2014-02-25,9.9,5.5,11.664624,3.35172,16.11,-1.764624,False
2014-02-26,11.7,3.8,11.788817,3.432581,16.4,-0.088817,False
2014-02-27,10.6,3.8,11.88172,3.513871,16.5,-1.28172,False
2014-02-28,14.8,4.2,11.961828,3.577957,16.8,2.838172,False
2014-03-01,14.2,4.2,12.050645,3.641075,17.01,2.149355,False
2014-03-02,9.3,3.1,12.11914,3.67,17.1,-2.81914,False
2014-03-03,14.7,8.7,12.194731,3.715376,17.1,2.505269,False
2014-03-04,16.6,7.8,12.289677,3.716022,17.3,4.310323,False
2014-03-05,16.5,11.0,12.404946,3.749892,17.6,4.095054,False
2014-03-06,14.6,10.8,12.510108,3.803441,17.7,2.089892,False
2014-03-07,16.2,8.1,12.613548,3.834731,17.7,3.586452,False
2014-03-08,16.2,4.6,12.707204,3.88,17.8,3.492796,False
2014-03-09,16.1,11.7,12.810215,3.930753,18.0,3.289785,False
2014-03-10,15.1,8.5,12.906667,3.972151,18.1,2.193333,False
2014-03-11,14.9,1.1,13.000108,4.036989,18.21,1.899892,False
2014-03-12,18.1,0.6,13.085914,4.103978,18.3,5.014086,False
2014-03-13,18.2,2.9,13.177097,4.178925,18.4,5.022903,False
2014-03-14,16.3,10.2,13.32129,4.275269,18.5,2.97871,False
2014-03-15,18.1,3.6,13.475054,4.363763,18.7,4.624946,False
2014-03-16,17.7,11.1,13.60043,4.444409,19.1,4.09957,False
2014-03-17,13.6,4.6,13.705269,4.49086,19.3,-0.105269,False
2014-03-18,12.9,4.3,13.802796,4.530753,19.3,-0.902796,False
2014-03-19,13.3,3.1,13.891075,4.547097,19.51,-0.591075,False
2014-03-20,11.1,0.5,13.994946,4.597957,19.7,-2.894946,False
2014-03-21,13.7,0.3,14.076237,4.646882,19.7,-0.376237,False
2014-03-22,16.2,-1.1,14.162796,4.737634,19.81,2.037204,False
2014-03-23,16.6,2.6,14.277957,4.835054,19.91,2.322043,False
2014-03-24,20.5,1.3,14.357957,4.913226,20.01,6.142043,False
2014-03-25,20.5,9.1,14.435269,4.965591,20.1,6.064731,False
2014-03-26,12.1,6.8,14.496452,5.014086,20.11,-2.396452,False
2014-03-27,13.1,7.2,14.561505,5.060215,20.2,-1.461505,False
2014-03-28,12.8,8.5,14.612473,5.093763,20.2,-1.812473,False
2014-03-29,12.5,8.4,14.646559,5.118387,20.3,-2.146559,False
2014-03-30,12.3,4.9,14.686022,5.098602,20.31,-2.386022,False
2014-03-31,15.4,2.1,14.736237,5.113333,20.4,0.663763,False
2014-04-01,15.0,7.1,14.826989,5.15828,20.5,0.173011,False
2014-04-02,14.9,5.2,14.942903,5.225914,20.7,-0.042903,False
2014-04-03,15.1,5.7,15.049677,5.269032,20.91,0.050323,False
2014-04-04,13.9,6.6,15.143871,5.322151,21.21,-1.243871,False
2014-04-05,13.2,8.2,15.234839,5.376882,21.51,-2.034839,False
2014-04-06,17.5,9.8,15.342366,5.435699,21.62,2.157634,False
2014-04-07,22.8,7.0,15.460645,5.496022,21.81,7.339355,False
2014-04-08,23.2,7.1,15.581398,5.562258,22.01,7.618602,False
2014-04-09,19.6,6.5,15.693763,5.626237,22.2,3.906237,False
2014-04-10,18.1,4.6,15.816667,5.695914,22.4,2.283333,False
2014-04-11,19.4,5.2,15.955161,5.764194,22.6,3.444839,False
2014-04-12,19.3,6.8,16.105699,5.853548,22.7,3.194301,False
2014-04-13,21.9,3.6,16.220215,5.925484,22.8,5.679785,False
2014-04-14,21.8,5.4,16.320968,5.991075,22.8,5.479032,False
2014-04-15,20.1,7.9,16.397634,6.050323,22.8,3.702366,False
2014-04-16,14.8,9.0,16.507419,6.079355,22.9,-1.707419,False
2014-04-17,14.4,10.6,16.643548,6.15914,23.0,-2.243548,False
2014-04-18,15.2,3.8,16.786129,6.241613,23.1,-1.586129,False
2014-04-19,15.2,3.7,16.918172,6.335591,23.3,-1.718172,False
2014-04-20,17.2,4.7,17.041505,6.441075,23.5,0.158495,False
2014-04-21,17.7,7.6,17.197849,6.53129,23.6,0.502151,False
2014-04-22,15.8,6.5,17.352043,6.584946,23.81,-1.552043,False
2014-04-23,12.4,7.4,17.468817,6.627742,24.11,-5.068817,False
2014-04-24,14.2,10.9,17.584731,6.665161,24.21,-3.384731,False
2014-04-25,13.9,5.8,17.716774,6.732258,24.52,-3.816774,False
2014-04-26,13.6,3.0,17.880215,6.808817,25.01,-4.280215,False
2014-04-27,12.5,6.7,18.013226,6.88129,25.32,-5.513226,False
2014-04-28,16.6,3.9,18.165376,6.958602,25.6,-1.565376,False
2014-04-29,25.0,6.6,18.376452,7.072903,25.8,6.623548,False
2014-04-30,27.8,11.8,18.586452,7.215269,26.02,9.213548,False
2014-05-01,30.0,13.9,18.759892,7.336452,26.31,11.240108,False
2014-05-02,30.2,10.5,18.893548,7.439785,26.5,11.306452,False
2014-05-03,20.9,9.8,19.032581,7.537312,26.7,1.867419,False
2014-05-04,14.6,10.7,19.143871,7.642903,26.7,-4.543871,False
2014-05-05,16.2,9.2,19.223763,7.756989,26.7,-3.023763,False
2014-05-06,17.5,8.3,19.296344,7.837204,26.7,-1.796344,False
2014-05-07,17.5,4.7,19.377419,7.920215,26.9,-1.877419,False
2014-05-08,17.8,9.0,19.505484,8.02914,27.1,-1.705484,False
2014-05-09,14.0,9.5,19.667097,8.138065,27.21,-5.667097,False
2014-05-10,16.0,7.0,19.807742,8.240645,27.3,-3.807742,False
2014-05-11,18.3,6.1,19.916452,8.347957,27.3,-1.616452,False
2014-05-12,25.2,6.4,20.023548,8.474624,27.3,5.176452,False
2014-05-13,28.6,8.9,20.122688,8.575914,27.41,8.477312,True
2014-05-14,32.0,10.8,20.245699,8.677634,27.8,11.754301,True
2014-05-15,31.6,14.1,20.38043,8.764086,27.9,11.21957,True
2014-05-16,26.4,10.7,20.534409,8.882366,28.0,5.865591,False
2014-05-17,21.8,11.5,20.664839,9.011183,28.22,1.135161,False
2014-05-18,19.7,11.3,20.757097,9.096452,28.22,-1.057097,False
2014-05-19,20.1,10.6,20.889462,9.183656,28.4,-0.789462,False
2014-05-20,23.1,10.1,21.025699,9.286022,28.5,2.074301,False
2014-05-21,22.6,9.4,21.145699,9.374409,28.51,1.454301,False
2014-05-22,26.7,10.5,21.231075,9.454301,28.6,5.468925,False
2014-05-23,26.7,15.0,21.296237,9.561505,28.6,5.403763,False
2014-05-24,20.3,11.5,21.359032,9.650323,28.6,-1.059032,False
2014-05-25,20.6,9.8,21.446989,9.750538,28.6,-0.846989,False
2014-05-26,19.9,12.5,21.497419,9.82828,28.6,-1.597419,False
2014-05-27,20.4,9.6,21.547097,9.893441,28.51,-1.147097,False
2014-05-28,17.4,9.1,21.638172,9.967204,28.5,-4.238172,False
2014-05-29,18.0,9.9,21.678172,10.065269,28.4,-3.678172,False
2014-05-30,24.1,7.0,21.664194,10.101075,28.4,2.435806,False
2014-05-31,24.2,9.0,21.680645,10.133226,28.31,2.519355,False
2014-06-01,23.3,10.9,21.724301,10.17086,28.4,1.575699,False
2014-06-02,24.1,10.7,21.798602,10.213118,28.4,2.301398,False
2014-06-03,24.3,11.0,21.872366,10.277742,28.4,2.427634,False
2014-06-04,21.8,9.4,21.977419,10.301828,28.4,-0.177419,False
2014-06-05,23.4,8.8,22.130968,10.367204,28.7,1.269032,False
2014-06-06,25.7,9.0,22.285914,10.462473,28.81,3.414086,False
2014-06-07,25.7,11.1,22.426452,10.533548,28.9,3.273548,False
2014-06-08,25.7,12.7,22.511935,10.590323,28.71,3.188065,False
2014-06-09,25.9,12.2,22.581935,10.659677,28.9,3.318065,False
2014-06-10,22.9,9.3,22.694946,10.718925,29.1,0.205054,False
2014-06-11,25.1,9.9,22.843978,10.793011,29.31,2.256022,False
2014-06-12,25.6,13.4,23.000645,10.87086,29.8,2.599355,False
2014-06-13,18.6,12.1,23.14871,10.949892,29.9,-4.54871,False
2014-06-14,18.4,11.3,23.294194,11.029785,30.01,-4.894194,False
2014-06-15,18.2,11.5,23.415161,11.118495,30.22,-5.215161,False
2014-06-16,16.7,9.3,23.519785,11.184946,30.41,-6.819785,False
2014-06-17,16.2,9.9,23.626989,11.256989,30.61,-7.426989,False
2014-06-18,22.0,9.8,23.747957,11.335914,30.8,-1.747957,False
2014-06-19,26.2,9.4,23.826452,11.397849,30.9,2.373548,False
2014-06-20,26.3,12.2,23.924624,11.445591,30.9,2.375376,False
2014-06-21,23.0,8.7,24.050323,11.49871,30.91,-1.050323,False
2014-06-22,26.6,10.6,24.213333,11.563871,31.11,2.386667,False
2014-06-23,26.8,13.9,24.393333,11.631183,31.3,2.406667,False
2014-06-24,25.2,13.1,24.591613,11.724409,31.4,0.608387,False
2014-06-25,25.3,14.1,24.774946,11.816667,31.61,0.525054,False
2014-06-26,24.5,15.5,24.977097,11.903011,31.71,-0.477097,False
2014-06-27,21.6,14.7,25.169892,11.997742,31.81,-3.569892,False
2014-06-28,20.8,15.0,25.332043,12.107097,31.91,-4.532043,False
2014-06-29,22.1,14.2,25.516989,12.151398,32.0,-3.416989,False
2014-06-30,29.3,10.2,25.750215,12.253978,32.0,3.549785,False
2014-07-01,36.9,13.8,25.966237,12.367097,32.2,10.933763,False
2014-07-02,37.2,16.9,26.17086,12.480645,32.41,11.02914,False
2014-07-03,27.8,15.5,26.342151,12.574194,32.6,1.457849,False
2014-07-04,25.8,11.9,26.510108,12.654409,32.7,-0.710108,False
2014-07-05,29.3,14.2,26.672688,12.764409,32.9,2.627312,False
2014-07-06,31.5,15.6,26.817527,12.847957,33.11,4.682473,False
2014-07-07,31.6,16.8,26.988602,12.93828,33.4,4.611398,False
2014-07-08,31.3,16.7,27.129462,13.043656,33.6,4.170538,False
2014-07-09,31.1,15.5,27.295484,13.124624,33.71,3.804516,False
2014-07-10,29.7,11.5,27.45043,13.176344,33.8,2.24957,False
2014-07-11,30.6,13.9,27.588495,13.236452,33.8,3.011505,False
2014-07-12,33.3,16.1,27.734194,13.290108,33.9,5.565806,False
2014-07-13,33.8,16.3,27.866237,13.347634,33.9,5.933763,False
2014-07-14,29.6,16.3,27.997527,13.390538,33.9,1.602473,False
2014-07-15,32.6,15.1,28.122688,13.440538,34.0,4.477312,False
2014-07-16,33.1,15.6,28.244086,13.467634,34.11,4.855914,False
2014-07-17,32.9,14.0,28.348172,13.49828,34.01,4.551828,False
2014-07-18,28.3,12.0,28.440753,13.526129,34.1,-0.140753,False
2014-07-19,30.1,15.8,28.54129,13.556989,34.11,1.55871,False
2014-07-20,30.9,16.8,28.686452,13.622258,34.21,2.213548,False
2014-07-21,24.8,11.3,28.813226,13.685914,34.43,-4.013226,False
2014-07-22,25.5,14.8,28.870108,13.735806,34.43,-3.370108,False
2014-07-23,24.4,15.2,28.884086,13.776559,34.43,-4.484086,False
2014-07-24,20.9,13.0,28.888495,13.806667,34.43,-7.988495,False
2014-07-25,25.3,11.2,28.907419,13.831505,34.8,-3.607419,False
2014-07-26,28.6,11.1,28.950753,13.858495,35.0,-0.350753,False
2014-07-27,29.1,12.4,28.997849,13.891398,35.0,0.102151,False
2014-07-28,32.7,16.2,29.039462,13.90914,35.01,3.660538,False
2014-07-29,33.2,15.5,29.109032,13.915591,35.01,4.090968,False
2014-07-30,31.8,14.2,29.196774,13.968495,35.1,2.603226,False
2014-07-31,32.2,15.7,29.23086,13.995161,35.1,2.96914,False
2014-08-01,32.6,17.7,29.251183,14.001613,35.2,3.348817,False
2014-08-02,32.6,16.8,29.267849,14.008495,35.11,3.332151,False
2014-08-03,31.9,14.6,29.310215,14.00871,35.11,2.589785,False
2014-08-04,32.9,17.6,29.315269,14.015269,35.2,3.584731,False
2014-08-05,32.6,14.1,29.313763,14.01172,35.2,3.286237,False
2014-08-06,28.6,15.3,29.295054,14.001075,35.2,-0.695054,False
2014-08-07,28.5,12.6,29.219677,13.946667,35.1,-0.719677,False
2014-08-08,27.9,13.0,29.170538,13.894731,35.0,-1.270538,False
2014-08-09,29.4,11.9,29.106452,13.846774,35.0,0.293548,False
2014-08-10,34.7,14.1,29.051183,13.816022,35.0,5.648817,False
2014-08-11,36.4,19.1,29.00871,13.787742,34.9,7.39129,False
2014-08-12,35.9,19.0,28.934946,13.757742,34.7,6.965054,False
2014-08-13,24.8,16.0,28.880645,13.72129,34.7,-4.080645,False
2014-08-14,26.0,16.6,28.824731,13.70914,34.6,-2.824731,False
2014-08-15,26.0,17.3,28.723871,13.685591,34.5,-2.723871,False
2014-08-16,29.3,15.6,28.606129,13.671075,34.31,0.693871,False
2014-08-17,30.7,16.7,28.515376,13.637204,34.21,2.184624,False
2014-08-18,32.3,15.0,28.454194,13.58957,34.21,3.845806,False
2014-08-19,32.5,17.7,28.393871,13.556667,34.31,4.106129,False
2014-08-20,28.8,15.4,28.283226,13.501075,34.3,0.516774,False
2014-08-21,26.3,11.3,28.164516,13.438925,34.2,-1.864516,False
2014-08-22,26.9,14.1,28.093333,13.38086,34.2,-1.193333,False
2014-08-23,30.6,13.0,28.070538,13.333333,34.2,2.529462,False
2014-08-24,30.3,13.1,28.033978,13.297634,34.2,2.266022,False
2014-08-25,31.7,12.9,27.956129,13.244839,34.0,3.743871,False
2014-08-26,33.5,14.8,27.865914,13.18129,33.9,5.634086,False
2014-08-27,33.7,16.2,27.815161,13.127849,33.9,5.884839,False
2014-08-28,32.2,15.3,27.756129,13.058925,33.8,4.443871,False
2014-08-29,27.8,15.7,27.649032,12.97914,33.7,0.150968,False
2014-08-30,24.5,16.2,27.478602,12.89828,33.32,-2.978602,False
2014-08-31,23.5,12.3,27.31,12.823548,33.11,-3.81,False
2014-09-01,26.6,12.5,27.141398,12.747204,33.0,-0.541398,False
2014-09-02,26.6,14.5,26.963978,12.666344,32.81,-0.363978,False
2014-09-03,23.6,11.9,26.765484,12.590215,32.7,-3.165484,False
2014-09-04,29.0,8.0,26.60086,12.510215,32.6,2.39914,False
2014-09-05,32.8,12.3,26.42129,12.404409,32.5,6.37871,True
2014-09-06,35.5,14.5,26.271075,12.304839,32.5,9.228925,True
2014-09-07,35.1,12.4,26.169677,12.226022,32.41,8.930323,True
2014-09-08,30.2,12.4,26.071828,12.12957,32.41,4.128172,False
2014-09-09,24.6,13.2,25.973978,12.053978,32.4,-1.373978,False
2014-09-10,25.5,11.0,25.85828,12.008065,32.4,-0.35828,False
2014-09-11,25.9,14.3,25.710108,11.930645,32.3,0.189892,False
2014-09-12,30.0,12.2,25.593118,11.836237,32.2,4.406882,False
2014-09-13,32.0,11.6,25.475914,11.732258,32.01,6.524086,False
2014-09-14,32.3,8.4,25.346022,11.623656,31.91,6.953978,False
2014-09-15,32.5,10.3,25.217097,11.530323,31.9,7.282903,False
2014-09-16,31.9,12.8,25.071398,11.425376,31.9,6.828602,False
2014-09-17,24.9,14.9,24.871828,11.314731,31.7,0.028172,False
2014-09-18,23.9,16.0,24.626237,11.211613,31.51,-0.726237,False
2014-09-19,27.1,14.4,24.394946,11.083333,31.3,2.705054,False
2014-09-20,33.8,12.6,24.196129,10.946129,30.81,9.603871,False
2014-09-21,33.9,14.4,24.03043,10.842151,30.42,9.86957,False
2014-09-22,29.4,15.7,23.845376,10.763226,30.2,5.554624,False
2014-09-23,21.8,13.9,23.620753,10.667097,30.1,-1.820753,False
2014-09-24,19.3,16.0,23.386129,10.533656,29.91,-4.086129,False
2014-09-25,21.2,13.4,23.142903,10.400108,29.71,-1.942903,False
2014-09-26,21.9,14.2,22.869892,10.246882,29.5,-0.969892,False
2014-09-27,21.6,13.2,22.565161,10.093011,29.3,-0.965161,False
2014-09-28,24.7,10.8,22.270645,9.977419,29.0,2.429355,False
2014-09-29,24.6,11.4,22.010968,9.846452,28.8,2.589032,False
2014-09-30,19.1,11.5,21.786452,9.696559,28.7,-2.686452,False
2014-10-01,18.9,7.5,21.586022,9.57043,28.41,-2.686022,False
2014-10-02,21.7,8.5,21.39172,9.443978,28.3,0.30828,False
2014-10-03,27.0,7.1,21.21086,9.321183,28.0,5.78914,False
2014-10-04,27.2,7.8,21.041505,9.226989,27.9,6.158495,False
2014-10-05,28.6,10.4,20.845591,9.124946,27.8,7.754409,False
2014-10-06,28.8,11.9,20.650538,9.048172,27.7,8.149462,False
2014-10-07,28.8,11.9,20.443118,8.956559,27.5,8.356882,False
2014-10-08,26.9,11.6,20.206344,8.837097,27.11,6.693656,False
2014-10-09,23.7,9.0,19.939892,8.736989,26.61,3.760108,False
2014-10-10,23.0,8.7,19.659462,8.611613,26.12,3.340538,False
2014-10-11,21.7,15.2,19.367312,8.475376,25.8,2.332688,False
2014-10-12,19.8,9.7,19.086452,8.319462,25.4,0.713548,False
2014-10-13,22.4,7.3,18.767957,8.198925,24.91,3.632043,False
2014-10-14,22.4,12.9,18.423226,8.086237,24.51,3.976774,False
2014-10-15,16.1,11.9,18.087849,7.944624,23.71,-1.987849,False
2014-10-16,20.9,10.4,17.792043,7.802366,23.21,3.107957,False
2014-10-17,20.6,12.0,17.527097,7.666989,23.0,3.072903,False
2014-10-18,22.2,14.0,17.3,7.546022,22.51,4.9,False
2014-10-19,23.1,12.6,17.094946,7.421613,22.4,6.005054,False
2014-10-20,23.0,14.0,16.88,7.33086,22.3,6.12,False
2014-10-21,16.4,12.0,16.642581,7.265054,21.81,-0.242581,False
2014-10-22,15.7,13.0,16.383333,7.177742,21.6,-0.683333,False
2014-10-23,14.1,12.3,16.144731,7.052043,21.4,-2.044731,False
2014-10-24,13.5,9.2,15.903978,6.92172,21.11,-2.403978,False
2014-10-25,16.6,10.8,15.669355,6.792581,20.9,0.930645,False
2014-10-26,15.5,9.1,15.44957,6.693656,20.41,0.05043,False
2014-10-27,15.1,7.2,15.268387,6.617204,20.3,-0.168387,False
2014-10-28,14.0,10.7,15.067957,6.566129,20.11,-1.067957,False
2014-10-29,16.1,12.2,14.871935,6.500215,19.8,1.228065,False
2014-10-30,15.3,12.6,14.660108,6.447527,19.6,0.639892,False
2014-10-31,14.8,10.8,14.464731,6.384516,19.3,0.335269,False
2014-11-01,13.3,6.6,14.242688,6.286129,19.1,-0.942688,False
2014-11-02,12.4,6.5,14.034086,6.216774,18.7,-1.634086,False
2014-11-03,14.1,11.0,13.812796,6.105054,18.3,0.287204,False
2014-11-04,15.5,12.4,13.571075,5.99086,17.91,1.928925,False
2014-11-05,16.8,12.2,13.345484,5.86086,17.7,3.454516,False
2014-11-06,16.3,11.9,13.110323,5.709247,17.31,3.189677,False
2014-11-07,14.5,6.5,12.851935,5.564731,17.1,1.648065,False
2014-11-08,13.2,4.1,12.600968,5.45,16.7,0.599032,False
2014-11-09,13.0,6.0,12.379785,5.349462,16.4,0.620215,False
2014-11-10,13.0,5.5,12.194301,5.265914,16.2,0.805699,False
2014-11-11,12.5,5.1,12.022903,5.155484,16.0,0.477097,False
2014-11-12,6.1,-0.9,11.837097,5.082473,15.7,-5.737097,False
2014-11-13,3.6,-1.0,11.656882,4.976452,15.51,-8.056882,False
2014-11-14,5.8,-1.2,11.480323,4.863978,15.4,-5.680323,False
2014-11-15,6.3,-2.4,11.323226,4.782796,15.3,-5.023226,False
2014-11-16,7.2,-4.8,11.176774,4.706344,15.2,-3.976774,False
2014-11-17,7.5,-3.5,11.025484,4.65957,14.81,-3.525484,False
2014-11-18,6.0,-3.5,10.864516,4.567204,14.61,-4.864516,False
2014-11-19,7.8,0.7,10.703441,4.468925,14.5,-2.903441,False
2014-11-20,9.9,2.4,10.524946,4.325269,14.2,-0.624946,False
2014-11-21,10.2,5.9,10.348495,4.200108,14.1,-0.148495,False
2014-11-22,12.3,6.3,10.159247,4.069462,13.8,2.140753,False
2014-11-23,11.5,6.0,9.969247,3.947097,13.6,1.530753,False
2014-11-24,11.4,7.2,9.811398,3.838817,13.5,1.588602,False
2014-11-25,15.7,9.7,9.687204,3.773763,13.5,6.012796,False
2014-11-26,15.3,11.4,9.564946,3.707849,13.5,5.735054,False
2014-11-27,14.2,12.5,9.444516,3.662366,13.4,4.755484,False
2014-11-28,13.1,11.8,9.333333,3.572473,13.2,3.766667,False
2014-11-29,13.0,3.8,9.202688,3.444516,13.1,3.797312,False
2014-11-30,3.6,-3.1,9.044731,3.331075,13.0,-5.444731,False
2014-12-01,3.8,-3.1,8.908172,3.242043,12.7,-5.108172,False
2014-12-02,5.0,-2.8,8.794409,3.167957,12.6,-3.794409,False
2014-12-03,7.5,1.4,8.671183,3.06043,12.5,-1.171183,False
2014-12-04,6.1,2.6,8.571183,2.995054,12.3,-2.471183,False
2014-12-05,9.0,5.7,8.487849,2.952258,12.2,0.512151,False
2014-12-06,12.7,6.2,8.405699,2.890215,12.01,4.294301,False
2014-12-07,12.2,5.3,8.32871,2.854839,12.0,3.87129,False
2014-12-08,10.2,5.0,8.276344,2.820968,11.9,1.923656,False
2014-12-09,13.6,8.8,8.222258,2.765161,11.9,5.377742,False
2014-12-10,14.3,11.6,8.160215,2.708495,11.8,6.139785,False
2014-12-11,15.7,7.8,8.072258,2.642366,11.7,7.627742,False
2014-12-12,15.7,7.4,8.015054,2.629462,11.6,7.684946,False
2014-12-13,10.7,4.2,7.973118,2.626237,11.51,2.726882,False
2014-12-14,10.4,2.6,7.928387,2.606452,11.5,2.471613,False
2014-12-15,10.1,6.0,7.879892,2.587312,11.5,2.220108,False
2014-12-16,9.5,5.4,7.819677,2.532258,11.4,1.680323,False
2014-12-17,8.0,5.6,7.767097,2.487742,11.4,0.232903,False
2014-12-18,10.4,6.9,7.73043,2.413763,11.4,2.66957,False
2014-12-19,10.8,7.5,7.699032,2.40172,11.4,3.100968,False
2014-12-20,11.8,8.3,7.672473,2.406452,11.5,4.127527,False
2014-12-21,13.9,11.7,7.653118,2.423118,11.5,6.246882,False
2014-12-22,12.6,7.7,7.64172,2.402366,11.5,4.95828,False
2014-12-23,12.2,7.1,7.661183,2.424086,11.5,4.538817,False
2014-12-24,12.0,4.0,7.688602,2.457312,11.51,4.311398,False
2014-12-25,8.8,4.5,7.706237,2.482043,11.5,1.093763,False
2014-12-26,8.8,3.5,7.714086,2.500753,11.5,1.085914,False
2014-12-27,8.4,6.2,7.715699,2.495591,11.51,0.684301,False
2014-12-28,7.8,5.0,7.701183,2.461075,11.5,0.098817,False
2014-12-29,7.0,1.9,7.694946,2.446344,11.6,-0.694946,False
2014-12-30,4.7,-2.5,7.693333,2.455484,11.6,-2.993333,False
2014-12-31,2.9,-5.6,7.716344,2.440215,11.6,-4.816344,False
2015-01-01,4.6,-4.7,7.713118,2.42828,11.6,-3.113118,False
2015-01-02,4.1,-2.7,7.717419,2.41,11.6,-3.617419,False
2015-01-03,5.5,0.1,7.772903,2.444086,11.6,-2.272903,False
2015-01-04,8.3,3.0,7.811935,2.478602,11.61,0.488065,False
2015-01-05,12.9,8.5,7.850538,2.467204,11.6,5.049462,False
2015-01-06,12.1,4.2,7.883011,2.480753,11.6,4.216989,False
2015-01-07,10.5,2.8,7.923226,2.497742,11.6,2.576774,False
2015-01-08,9.0,2.7,7.967742,2.537097,11.61,1.032258,False
2015-01-09,8.8,3.6,8.029677,2.589785,11.71,0.770323,False
2015-01-10,8.5,3.4,8.11,2.629892,11.9,0.39,False
2015-01-11,8.6,6.2,8.18129,2.667742,11.9,0.41871,False
2015-01-12,8.8,6.4,8.213226,2.637957,12.0,0.586774,False
2015-01-13,10.7,3.5,8.267204,2.646237,12.1,2.432796,False
2015-01-14,9.9,2.6,8.334839,2.688387,12.1,1.565161,False
2015-01-15,7.7,-0.1,8.407849,2.707527,12.1,-0.707849,False
2015-01-16,11.3,5.8,8.485699,2.760753,12.2,2.814301,False
2015-01-17,10.6,4.7,8.565484,2.776882,12.21,2.034516,False
2015-01-18,14.2,10.0,8.633763,2.808495,12.3,5.566237,False
2015-01-19,11.6,5.4,8.712796,2.823656,12.4,2.887204,False
2015-01-20,10.8,3.3,8.815591,2.850323,12.6,1.984409,False
2015-01-21,10.1,1.4,8.923333,2.879355,12.8,1.176667,False
2015-01-22,9.9,4.8,9.015161,2.933118,12.8,0.884839,False
2015-01-23,9.7,5.0,9.090538,2.943226,12.9,0.609462,False
2015-01-24,16.2,8.4,9.14172,2.934946,13.0,7.05828,False
2015-01-25,15.9,7.6,9.217097,2.922151,13.2,6.682903,False
2015-01-26,14.3,4.1,9.283333,2.896344,13.2,5.016667,False
2015-01-27,12.5,4.8,9.365376,2.902903,13.3,3.134624,False
2015-01-28,13.0,8.2,9.46871,2.922366,13.3,3.53129,False
2015-01-29,12.8,6.8,9.547527,2.926344,13.31,3.252473,False
2015-01-30,12.4,1.5,9.63914,2.945161,13.4,2.76086,False
2015-01-31,10.7,0.5,9.752258,3.00129,13.5,0.947742,False
2015-02-01,9.5,4.6,9.868387,3.06,13.7,-0.368387,False
2015-02-02,14.2,8.2,9.968925,3.114086,13.7,4.231075,False
2015-02-03,13.7,6.5,10.026129,3.105914,13.8,3.673871,False
2015-02-04,11.5,7.0,10.077527,3.108602,13.8,1.422473,False
2015-02-05,13.4,8.4,10.134516,3.099247,13.81,3.265484,False
2015-02-06,13.3,10.7,10.202366,3.118602,14.0,3.097634,False
2015-02-07,14.4,11.3,10.281935,3.136559,14.1,4.118065,False
2015-02-08,13.3,8.0,10.348172,3.101183,14.1,2.951828,False
2015-02-09,13.7,8.9,10.399462,3.072903,14.3,3.300538,False
2015-02-10,12.7,9.3,10.445914,3.048817,14.3,2.254086,False
2015-02-11,13.0,6.2,10.493548,3.026344,14.31,2.506452,False
2015-02-12,15.5,5.9,10.564086,3.037634,14.5,4.935914,False
2015-02-13,15.2,3.9,10.626882,3.026882,14.6,4.573118,False
2015-02-14,15.4,6.6,10.696667,3.025484,14.7,4.703333,False
2015-02-15,17.2,3.8,10.757634,3.046559,14.7,6.442366,False
2015-02-16,16.8,5.2,10.835591,3.066989,14.71,5.964409,False
2015-02-17,17.9,6.0,10.908602,3.078602,14.8,6.991398,False
2015-02-18,17.7,3.9,10.976452,3.109785,14.9,6.723548,False
2015-02-19,13.8,6.2,11.054516,3.121613,15.1,2.745484,False
2015-02-20,13.9,7.7,11.120645,3.122151,15.31,2.779355,False
2015-02-21,15.0,4.9,11.202796,3.146882,15.41,3.797204,False
2015-02-22,14.8,2.5,11.301505,3.174731,15.7,3.498495,False
2015-02-23,14.9,-1.0,11.400323,3.22,15.8,3.499677,False
2015-02-24,15.0,-2.1,11.533441,3.267957,15.91,3.466559,False
2015-02-25,14.5,5.3,11.664624,3.35172,16.11,2.835376,False
2015-02-26,12.5,8.1,11.788817,3.432581,16.4,0.711183,False
2015-02-27,12.6,8.5,11.88172,3.513871,16.5,0.71828,False
2015-02-28,14.1,5.1,11.961828,3.577957,16.8,2.138172,False
2015-03-01,13.9,-1.0,12.050645,3.641075,17.01,1.849355,False
2015-03-02,13.2,4.5,12.11914,3.67,17.1,1.08086,False
2015-03-03,13.0,-0.5,12.194731,3.715376,17.1,0.805269,False
2015-03-04,14.2,-1.5,12.289677,3.716022,17.3,1.910323,False
2015-03-05,15.4,-1.4,12.404946,3.749892,17.6,2.995054,False
2015-03-06,18.1,0.8,12.510108,3.803441,17.7,5.589892,False
2015-03-07,19.1,0.6,12.613548,3.834731,17.7,6.486452,False
2015-03-08,20.3,2.4,12.707204,3.88,17.8,7.592796,False
2015-03-09,20.6,3.2,12.810215,3.930753,18.0,7.789785,False
2015-03-10,19.4,4.0,12.906667,3.972151,18.1,6.493333,False
2015-03-11,17.0,11.2,13.000108,4.036989,18.21,3.999892,False
2015-03-12,19.8,10.3,13.085914,4.103978,18.3,6.714086,False
2015-03-13,19.7,8.6,13.177097,4.178925,18.4,6.522903,False
2015-03-14,18.3,12.0,13.32129,4.275269,18.5,4.97871,False
2015-03-15,15.1,11.2,13.475054,4.363763,18.7,1.624946,False
2015-03-16,16.9,4.4,13.60043,4.444409,19.1,3.29957,False
2015-03-17,17.2,5.9,13.705269,4.49086,19.3,3.494731,False
2015-03-18,16.3,7.1,13.802796,4.530753,19.3,2.497204,False
2015-03-19,18.4,4.1,13.891075,4.547097,19.51,4.508925,False
2015-03-20,18.7,6.7,13.994946,4.597957,19.7,4.705054,False
2015-03-21,15.2,9.4,14.076237,4.646882,19.7,1.123763,False
2015-03-22,15.4,6.6,14.162796,4.737634,19.81,1.237204,False
2015-03-23,12.5,6.5,14.277957,4.835054,19.91,-1.777957,False
2015-03-24,13.8,6.0,14.357957,4.913226,20.01,-0.557957,False
2015-03-25,16.0,9.3,14.435269,4.965591,20.1,1.564731,False
2015-03-26,21.6,8.4,14.496452,5.014086,20.11,7.103548,False
2015-03-27,21.8,6.9,14.561505,5.060215,20.2,7.238495,False
2015-03-28,17.7,9.0,14.612473,5.093763,20.2,3.087527,False
2015-03-29,19.1,5.1,14.646559,5.118387,20.3,4.453441,False
2015-03-30,19.4,6.1,14.686022,5.098602,20.31,4.713978,False
2015-03-31,19.3,8.6,14.736237,5.113333,20.4,4.563763,False
2015-04-01,12.0,4.4,14.826989,5.15828,20.5,-2.826989,False
2015-04-02,13.3,3.9,14.942903,5.225914,20.7,-1.642903,False
2015-04-03,13.4,1.4,15.049677,5.269032,20.91,-1.649677,False
2015-04-04,13.2,2.4,15.143871,5.322151,21.21,-1.943871,False
2015-04-05,13.5,1.1,15.234839,5.376882,21.51,-1.734839,False
2015-04-06,13.3,4.5,15.342366,5.435699,21.62,-2.042366,False
2015-04-07,14.9,7.9,15.460645,5.496022,21.81,-0.560645,False
2015-04-08,14.9,7.6,15.581398,5.562258,22.01,-0.681398,False
2015-04-09,17.8,3.9,15.693763,5.626237,22.2,2.106237,False
2015-04-10,17.8,3.4,15.816667,5.695914,22.4,1.983333,False
2015-04-11,13.9,6.9,15.955161,5.764194,22.6,-2.055161,False
2015-04-12,14.3,4.7,16.105699,5.853548,22.7,-1.805699,False
2015-04-13,14.1,3.8,16.220215,5.925484,22.8,-2.120215,False
2015-04-14,11.6,3.6,16.320968,5.991075,22.8,-4.720968,False
2015-04-15,14.3,1.7,16.397634,6.050323,22.8,-2.097634,False
2015-04-16,21.4,2.5,16.507419,6.079355,22.9,4.892581,False
2015-04-17,22.2,5.0,16.643548,6.15914,23.0,5.556452,False
2015-04-18,23.4,5.7,16.786129,6.241613,23.1,6.613871,False
2015-04-19,23.9,6.7,16.918172,6.335591,23.3,6.981828,False
2015-04-20,25.6,8.3,17.041505,6.441075,23.5,8.558495,False
2015-04-21,25.8,9.4,17.197849,6.53129,23.6,8.602151,False
2015-04-22,15.0,3.6,17.352043,6.584946,23.81,-2.352043,False
2015-04-23,15.2,4.6,17.468817,6.627742,24.11,-2.268817,False
2015-04-24,12.5,7.1,17.584731,6.665161,24.21,-5.084731,False
2015-04-25,15.0,6.5,17.716774,6.732258,24.52,-2.716774,False
2015-04-26,14.9,3.0,17.880215,6.808817,25.01,-2.980215,False
2015-04-27,26.7,11.0,18.013226,6.88129,25.32,8.686774,False
2015-04-28,27.0,12.2,18.165376,6.958602,25.6,8.834624,False
2015-04-29,16.7,4.3,18.376452,7.072903,25.8,-1.676452,False
2015-04-30,19.7,5.8,18.586452,7.215269,26.02,1.113548,False
2015-05-01,20.9,8.0,18.759892,7.336452,26.31,2.140108,False
2015-05-02,20.4,6.7,18.893548,7.439785,26.5,1.506452,False
2015-05-03,22.8,5.8,19.032581,7.537312,26.7,3.767419,False
2015-05-04,23.1,5.7,19.143871,7.642903,26.7,3.956129,False
2015-05-05,18.1,7.7,19.223763,7.756989,26.7,-1.123763,False
2015-05-06,16.4,6.0,19.296344,7.837204,26.7,-2.896344,False
2015-05-07,21.1,5.1,19.377419,7.920215,26.9,1.722581,False
2015-05-08,25.9,7.0,19.505484,8.02914,27.1,6.394516,False
2015-05-09,27.4,7.9,19.667097,8.138065,27.21,7.732903,False
2015-05-10,27.4,10.3,19.807742,8.240645,27.3,7.592258,False
2015-05-11,21.4,10.7,19.916452,8.347957,27.3,1.483548,False
2015-05-12,14.5,9.7,20.023548,8.474624,27.3,-5.523548,False
2015-05-13,16.2,10.0,20.122688,8.575914,27.41,-3.922688,False
2015-05-14,19.2,9.1,20.245699,8.677634,27.8,-1.045699,False
2015-05-15,19.5,9.6,20.38043,8.764086,27.9,-0.88043,False
2015-05-16,16.5,11.2,20.534409,8.882366,28.0,-4.034409,False
2015-05-17,20.2,10.6,20.664839,9.011183,28.22,-0.464839,False
2015-05-18,24.8,10.8,20.757097,9.096452,28.22,4.042903,False
2015-05-19,24.2,12.4,20.889462,9.183656,28.4,3.310538,False
2015-05-20,21.8,12.7,21.025699,9.286022,28.5,0.774301,False
2015-05-21,22.9,13.7,21.145699,9.374409,28.51,1.754301,False
2015-05-22,23.0,13.2,21.231075,9.454301,28.6,1.768925,False
2015-05-23,16.9,12.0,21.296237,9.561505,28.6,-4.396237,False
2015-05-24,18.6,11.7,21.359032,9.650323,28.6,-2.759032,False
2015-05-25,19.0,11.0,21.446989,9.750538,28.6,-2.446989,False
2015-05-26,20.2,11.7,21.497419,9.82828,28.6,-1.297419,False
2015-05-27,24.6,10.8,21.547097,9.893441,28.51,3.052903,False
2015-05-28,28.4,12.6,21.638172,9.967204,28.5,6.761828,False
2015-05-29,28.6,13.3,21.678172,10.065269,28.4,6.921828,False
2015-05-30,26.6,11.8,21.664194,10.101075,28.4,4.935806,False
2015-05-31,27.7,12.6,21.680645,10.133226,28.31,6.019355,False
2015-06-01,28.2,12.4,21.724301,10.17086,28.4,6.475699,False
2015-06-02,16.9,12.0,21.798602,10.213118,28.4,-4.898602,False
2015-06-03,19.1,12.5,21.872366,10.277742,28.4,-2.772366,False
2015-06-04,22.3,10.6,21.977419,10.301828,28.4,0.322581,False
2015-06-05,28.9,11.1,22.130968,10.367204,28.7,6.769032,True
2015-06-06,30.5,14.3,22.285914,10.462473,28.81,8.214086,True
2015-06-07,31.6,15.8,22.426452,10.533548,28.9,9.173548,True
2015-06-08,32.4,14.9,22.511935,10.590323,28.71,9.888065,True
2015-06-09,32.7,16.0,22.581935,10.659677,28.9,10.118065,True
2015-06-10,29.6,10.2,22.694946,10.718925,29.1,6.905054,True
2015-06-11,26.5,10.5,22.843978,10.793011,29.31,3.656022,False
2015-06-12,25.6,10.3,23.000645,10.87086,29.8,2.599355,False
2015-06-13,24.3,7.3,23.14871,10.949892,29.9,1.15129,False
2015-06-14,30.0,8.9,23.294194,11.029785,30.01,6.705806,False
2015-06-15,30.2,13.0,23.415161,11.118495,30.22,6.784839,False
2015-06-16,30.1,11.3,23.519785,11.184946,30.41,6.580215,False
2015-06-17,26.2,9.5,23.626989,11.256989,30.61,2.573011,False
2015-06-18,27.5,14.3,23.747957,11.335914,30.8,3.752043,False
2015-06-19,27.3,13.1,23.826452,11.397849,30.9,3.473548,False
2015-06-20,26.6,10.3,23.924624,11.445591,30.9,2.675376,False
2015-06-21,27.3,13.9,24.050323,11.49871,30.91,3.249677,False
2015-06-22,27.8,10.8,24.213333,11.563871,31.11,3.586667,False
2015-06-23,28.4,10.8,24.393333,11.631183,31.3,4.006667,False
2015-06-24,29.3,15.1,24.591613,11.724409,31.4,4.708387,False
2015-06-25,32.7,15.1,24.774946,11.816667,31.61,7.925054,True
2015-06-26,34.8,17.0,24.977097,11.903011,31.71,9.822903,True
2015-06-27,35.0,21.4,25.169892,11.997742,31.81,9.830108,True
2015-06-28,35.5,20.1,25.332043,12.107097,31.91,10.167957,True
2015-06-29,31.8,17.3,25.516989,12.151398,32.0,6.283011,False
2015-06-30,32.5,16.1,25.750215,12.253978,32.0,6.749785,True
2015-07-01,35.0,15.2,25.966237,12.367097,32.2,9.033763,True
2015-07-02,36.1,18.8,26.17086,12.480645,32.41,9.92914,True
2015-07-03,36.2,19.0,26.342151,12.574194,32.6,9.857849,True
2015-07-04,35.3,15.8,26.510108,12.654409,32.7,8.789892,True
2015-07-05,35.1,16.5,26.672688,12.764409,32.9,8.427312,True
2015-07-06,35.0,15.5,26.817527,12.847957,33.11,8.182473,True
2015-07-07,32.4,15.2,26.988602,12.93828,33.4,5.411398,False
2015-07-08,32.0,15.3,27.129462,13.043656,33.6,4.870538,False
2015-07-09,32.6,16.8,27.295484,13.124624,33.71,5.304516,False
2015-07-10,29.7,16.4,27.45043,13.176344,33.8,2.24957,False
2015-07-11,25.8,17.2,27.588495,13.236452,33.8,-1.788495,False
2015-07-12,27.0,16.3,27.734194,13.290108,33.9,-0.734194,False
2015-07-13,27.5,16.0,27.866237,13.347634,33.9,-0.366237,False
2015-07-14,28.6,13.6,27.997527,13.390538,33.9,0.602473,False
2015-07-15,28.5,14.2,28.122688,13.440538,34.0,0.377312,False
2015-07-16,27.3,14.7,28.244086,13.467634,34.11,-0.944086,False
2015-07-17,29.9,11.5,28.348172,13.49828,34.01,1.551828,False
2015-07-18,36.4,13.6,28.440753,13.526129,34.1,7.959247,True
2015-07-19,36.4,18.3,28.54129,13.556989,34.11,7.85871,True
2015-07-20,35.1,16.3,28.686452,13.622258,34.21,6.413548,True
2015-07-21,29.9,14.7,28.813226,13.685914,34.43,1.086774,False
2015-07-22,24.0,13.1,28.870108,13.735806,34.43,-4.870108,False
2015-07-23,26.6,13.8,28.884086,13.776559,34.43,-2.284086,False
2015-07-24,27.7,12.4,28.888495,13.806667,34.43,-1.188495,False
2015-07-25,28.1,16.4,28.907419,13.831505,34.8,-0.807419,False
2015-07-26,21.8,14.0,28.950753,13.858495,35.0,-7.150753,False
2015-07-27,23.5,13.0,28.997849,13.891398,35.0,-5.497849,False
2015-07-28,29.7,11.9,29.039462,13.90914,35.01,0.660538,False
2015-07-29,36.4,14.1,29.109032,13.915591,35.01,7.290968,True
2015-07-30,39.5,16.4,29.196774,13.968495,35.1,10.303226,True
2015-07-31,39.5,18.2,29.23086,13.995161,35.1,10.26914,True
2015-08-01,37.7,14.6,29.251183,14.001613,35.2,8.448817,True
2015-08-02,36.3,17.4,29.267849,14.008495,35.11,7.032151,True
2015-08-03,28.9,18.3,29.310215,14.00871,35.11,-0.410215,False
2015-08-04,28.5,14.0,29.315269,14.015269,35.2,-0.815269,False
2015-08-05,27.3,12.5,29.313763,14.01172,35.2,-2.013763,False
2015-08-06,26.3,12.0,29.295054,14.001075,35.2,-2.995054,False
2015-08-07,30.0,12.4,29.219677,13.946667,35.1,0.780323,False
2015-08-08,30.0,15.6,29.170538,13.894731,35.0,0.829462,False
2015-08-09,29.0,15.3,29.106452,13.846774,35.0,-0.106452,False
2015-08-10,29.5,15.2,29.051183,13.816022,35.0,0.448817,False
2015-08-11,31.2,16.1,29.00871,13.787742,34.9,2.19129,False
2015-08-12,32.2,17.4,28.934946,13.757742,34.7,3.265054,False
2015-08-13,32.5,14.7,28.880645,13.72129,34.7,3.619355,False
2015-08-14,30.6,17.1,28.824731,13.70914,34.6,1.775269,False
2015-08-15,24.3,14.6,28.723871,13.685591,34.5,-4.423871,False
2015-08-16,28.2,12.7,28.606129,13.671075,34.31,-0.406129,False
2015-08-17,31.1,13.7,28.515376,13.637204,34.21,2.584624,False
2015-08-18,35.4,14.4,28.454194,13.58957,34.21,6.945806,True
2015-08-19,35.6,16.8,28.393871,13.556667,34.31,7.206129,True
2015-08-20,35.0,16.0,28.283226,13.501075,34.3,6.716774,True
2015-08-21,26.1,14.0,28.164516,13.438925,34.2,-2.064516,False
2015-08-22,29.9,10.2,28.093333,13.38086,34.2,1.806667,False
2015-08-23,30.7,12.2,28.070538,13.333333,34.2,2.629462,False
2015-08-24,30.7,12.2,28.033978,13.297634,34.2,2.666022,False
2015-08-25,27.8,10.1,27.956129,13.244839,34.0,-0.156129,False
2015-08-26,31.4,13.1,27.865914,13.18129,33.9,3.534086,False
2015-08-27,31.8,12.1,27.815161,13.127849,33.9,3.984839,False
2015-08-28,31.6,17.3,27.756129,13.058925,33.8,3.843871,False
2015-08-29,25.6,17.0,27.649032,12.97914,33.7,-2.049032,False
2015-08-30,21.8,14.8,27.478602,12.89828,33.32,-5.678602,False
2015-08-31,22.3,13.9,27.31,12.823548,33.11,-5.01,False
2015-09-01,23.0,14.7,27.141398,12.747204,33.0,-4.141398,False
2015-09-02,21.7,14.1,26.963978,12.666344,32.81,-5.263978,False
2015-09-03,20.3,9.3,26.765484,12.590215,32.7,-6.465484,False
2015-09-04,18.0,9.2,26.60086,12.510215,32.6,-8.60086,False
2015-09-05,19.6,8.5,26.42129,12.404409,32.5,-6.82129,False
2015-09-06,19.2,9.1,26.271075,12.304839,32.5,-7.071075,False
2015-09-07,23.0,10.4,26.169677,12.226022,32.41,-3.169677,False
2015-09-08,26.6,10.2,26.071828,12.12957,32.41,0.528172,False
2015-09-09,27.1,12.8,25.973978,12.053978,32.4,1.126022,False
2015-09-10,29.4,12.6,25.85828,12.008065,32.4,3.54172,False
2015-09-11,33.3,12.4,25.710108,11.930645,32.3,7.589892,False
2015-09-12,33.3,15.3,25.593118,11.836237,32.2,7.706882,False
2015-09-13,30.4,14.5,25.475914,11.732258,32.01,4.924086,False
2015-09-14,22.2,10.8,25.346022,11.623656,31.91,-3.146022,False
2015-09-15,17.6,7.6,25.217097,11.530323,31.9,-7.617097,False
2015-09-16,21.7,10.8,25.071398,11.425376,31.9,-3.371398,False
2015-09-17,21.4,13.2,24.871828,11.314731,31.7,-3.471828,False
2015-09-18,23.5,10.5,24.626237,11.211613,31.51,-1.126237,False
2015-09-19,26.5,9.3,24.394946,11.083333,31.3,2.105054,False
2015-09-20,26.4,12.6,24.196129,10.946129,30.81,2.203871,False
2015-09-21,25.3,12.2,24.03043,10.842151,30.42,1.26957,False
2015-09-22,21.1,9.0,23.845376,10.763226,30.2,-2.745376,False
2015-09-23,22.3,5.3,23.620753,10.667097,30.1,-1.320753,False
2015-09-24,25.0,9.3,23.386129,10.533656,29.91,1.613871,False
2015-09-25,25.1,12.7,23.142903,10.400108,29.71,1.957097,False
2015-09-26,20.3,10.9,22.869892,10.246882,29.5,-2.569892,False
2015-09-27,21.3,5.4,22.565161,10.093011,29.3,-1.265161,False
2015-09-28,26.4,6.4,22.270645,9.977419,29.0,4.129355,False
2015-09-29,27.0,7.6,22.010968,9.846452,28.8,4.989032,False
2015-09-30,26.9,8.7,21.786452,9.696559,28.7,5.113548,False
2015-10-01,24.0,8.3,21.586022,9.57043,28.41,2.413978,False
2015-10-02,24.0,9.7,21.39172,9.443978,28.3,2.60828,False
2015-10-03,21.0,8.7,21.21086,9.321183,28.0,-0.21086,False
2015-10-04,26.5,8.3,21.041505,9.226989,27.9,5.458495,False
2015-10-05,28.5,9.1,20.845591,9.124946,27.8,7.654409,False
2015-10-06,27.9,10.4,20.650538,9.048172,27.7,7.249462,False
2015-10-07,23.5,14.7,20.443118,8.956559,27.5,3.056882,False
2015-10-08,23.2,12.9,20.206344,8.837097,27.11,2.993656,False
2015-10-09,23.1,10.6,19.939892,8.736989,26.61,3.160108,False
2015-10-10,21.5,15.8,19.659462,8.611613,26.12,1.840538,False
2015-10-11,19.0,10.2,19.367312,8.475376,25.8,-0.367312,False
2015-10-12,21.6,7.2,19.086452,8.319462,25.4,2.513548,False
2015-10-13,21.6,9.4,18.767957,8.198925,24.91,2.832043,False
2015-10-14,21.4,8.2,18.423226,8.086237,24.51,2.976774,False
2015-10-15,25.6,9.2,18.087849,7.944624,23.71,7.512151,False
2015-10-16,24.4,9.5,17.792043,7.802366,23.21,6.607957,False
2015-10-17,21.7,13.0,17.527097,7.666989,23.0,4.172903,False
2015-10-18,18.6,13.8,17.3,7.546022,22.51,1.3,False
2015-10-19,18.2,13.1,17.094946,7.421613,22.4,1.105054,False
2015-10-20,18.0,12.1,16.88,7.33086,22.3,1.12,False
2015-10-21,18.0,7.5,16.642581,7.265054,21.81,1.357419,False
2015-10-22,18.0,9.1,16.383333,7.177742,21.6,1.616667,False
2015-10-23,17.4,5.5,16.144731,7.052043,21.4,1.255269,False
2015-10-24,19.1,8.2,15.903978,6.92172,21.11,3.196022,False
2015-10-25,18.1,8.8,15.669355,6.792581,20.9,2.430645,False
2015-10-26,16.7,11.1,15.44957,6.693656,20.41,1.25043,False
2015-10-27,16.3,5.4,15.268387,6.617204,20.3,1.031613,False
2015-10-28,16.0,10.6,15.067957,6.566129,20.11,0.932043,False
2015-10-29,17.6,11.7,14.871935,6.500215,19.8,2.728065,False
2015-10-30,17.2,13.1,14.660108,6.447527,19.6,2.539892,False
2015-10-31,16.9,15.2,14.464731,6.384516,19.3,2.435269,False
2015-11-01,15.4,11.8,14.242688,6.286129,19.1,1.157312,False
2015-11-02,13.3,8.4,14.034086,6.216774,18.7,-0.734086,False
2015-11-03,12.9,4.2,13.812796,6.105054,18.3,-0.912796,False
2015-11-04,12.1,0.5,13.571075,5.99086,17.91,-1.471075,False
2015-11-05,11.9,7.4,13.345484,5.86086,17.7,-1.445484,False
2015-11-06,16.3,7.0,13.110323,5.709247,17.31,3.189677,False
2015-11-07,15.7,6.9,12.851935,5.564731,17.1,2.848065,False
2015-11-08,11.4,9.0,12.600968,5.45,16.7,-1.200968,False
2015-11-09,11.3,5.9,12.379785,5.349462,16.4,-1.079785,False
2015-11-10,10.9,2.3,12.194301,5.265914,16.2,-1.294301,False
2015-11-11,11.9,6.8,12.022903,5.155484,16.0,-0.122903,False
2015-11-12,10.2,3.5,11.837097,5.082473,15.7,-1.637097,False
2015-11-13,13.6,9.1,11.656882,4.976452,15.51,1.943118,False
2015-11-14,14.9,12.6,11.480323,4.863978,15.4,3.419677,False
2015-11-15,14.9,5.5,11.323226,4.782796,15.3,3.576774,False
2015-11-16,7.9,2.0,11.176774,4.706344,15.2,-3.276774,False
2015-11-17,13.8,7.4,11.025484,4.65957,14.81,2.774516,False
2015-11-18,13.9,4.6,10.864516,4.567204,14.61,3.035484,False
2015-11-19,9.6,6.3,10.703441,4.468925,14.5,-1.103441,False
2015-11-20,9.5,1.7,10.524946,4.325269,14.2,-1.024946,False
2015-11-21,10.7,-0.3,10.348495,4.200108,14.1,0.351505,False
2015-11-22,9.2,-3.5,10.159247,4.069462,13.8,-0.959247,False
2015-11-23,7.4,-1.0,9.969247,3.947097,13.6,-2.569247,False
2015-11-24,5.6,2.7,9.811398,3.838817,13.5,-4.211398,False
2015-11-25,8.1,-0.8,9.687204,3.773763,13.5,-1.587204,False
2015-11-26,8.9,-3.2,9.564946,3.707849,13.5,-0.664946,False
2015-11-27,8.8,-2.2,9.444516,3.662366,13.4,-0.644516,False
2015-11-28,7.9,-1.7,9.333333,3.572473,13.2,-1.433333,False
2015-11-29,6.4,-3.3,9.202688,3.444516,13.1,-2.802688,False
2015-11-30,3.5,-4.5,9.044731,3.331075,13.0,-5.544731,False
2015-12-01,7.4,1.0,8.908172,3.242043,12.7,-1.508172,False
2015-12-02,6.2,1.8,8.794409,3.167957,12.6,-2.594409,False
2015-12-03,11.1,5.4,8.671183,3.06043,12.5,2.428817,False
2015-12-04,9.9,6.9,8.571183,2.995054,12.3,1.328817,False
2015-12-05,9.3,5.6,8.487849,2.952258,12.2,0.812151,False
2015-12-06,12.7,7.8,8.405699,2.890215,12.01,4.294301,False
2015-12-07,15.4,9.8,8.32871,2.854839,12.0,7.07129,False
2015-12-08,15.6,13.1,8.276344,2.820968,11.9,7.323656,False
2015-12-09,15.7,10.4,8.222258,2.765161,11.9,7.477742,False
2015-12-10,11.4,8.3,8.160215,2.708495,11.8,3.239785,False
2015-12-11,8.3,6.0,8.072258,2.642366,11.7,0.227742,False
2015-12-12,7.9,5.9,8.015054,2.629462,11.6,-0.115054,False
2015-12-13,9.6,5.4,7.973118,2.626237,11.51,1.626882,False
2015-12-14,7.2,2.5,7.928387,2.606452,11.5,-0.728387,False
2015-12-15,6.3,0.5,7.879892,2.587312,11.5,-1.579892,False
2015-12-16,7.1,4.1,7.819677,2.532258,11.4,-0.719677,False
2015-12-17,7.3,5.2,7.767097,2.487742,11.4,-0.467097,False
2015-12-18,12.2,7.0,7.73043,2.413763,11.4,4.46957,False
2015-12-19,8.6,4.5,7.699032,2.40172,11.4,0.900968,False
2015-12-20,8.2,5.2,7.672473,2.406452,11.5,0.527527,False
2015-12-21,9.4,5.2,7.653118,2.423118,11.5,1.746882,False
2015-12-22,8.0,3.2,7.64172,2.402366,11.5,0.35828,False
2015-12-23,6.4,3.5,7.661183,2.424086,11.5,-1.261183,False
2015-12-24,5.3,1.8,7.688602,2.457312,11.51,-2.388602,False
2015-12-25,5.8,1.8,7.706237,2.482043,11.5,-1.906237,False
2015-12-26,4.7,-0.5,7.714086,2.500753,11.5,-3.014086,False
2015-12-27,3.5,1.7,7.715699,2.495591,11.51,-4.215699,False
2015-12-28,5.3,1.8,7.701183,2.461075,11.5,-2.401183,False
2015-12-29,5.1,2.7,7.694946,2.446344,11.6,-2.594946,False
2015-12-30,5.2,-2.0,7.693333,2.455484,11.6,-2.493333,False
2015-12-31,4.3,-2.7,7.716344,2.440215,11.6,-3.416344,False
2016-01-01,3.2,-1.5,7.713118,2.42828,11.6,-4.513118,False
2016-01-02,2.3,-3.0,7.717419,2.41,11.6,-5.417419,False
2016-01-03,1.1,-3.5,7.772903,2.444086,11.6,-6.672903,False
2016-01-04,2.6,-1.5,7.811935,2.478602,11.61,-5.211935,False
2016-01-05,3.0,0.4,7.850538,2.467204,11.6,-4.850538,False
2016-01-06,6.3,1.0,7.883011,2.480753,11.6,-1.583011,False
2016-01-07,6.7,1.4,7.923226,2.497742,11.6,-1.223226,False
2016-01-08,6.7,0.7,7.967742,2.537097,11.61,-1.267742,False
2016-01-09,6.6,0.5,8.029677,2.589785,11.71,-1.429677,False
2016-01-10,8.7,1.7,8.11,2.629892,11.9,0.59,False
2016-01-11,7.7,1.4,8.18129,2.667742,11.9,-0.48129,False
2016-01-12,7.0,4.8,8.213226,2.637957,12.0,-1.213226,False
2016-01-13,9.4,6.2,8.267204,2.646237,12.1,1.132796,False
2016-01-14,8.2,3.6,8.334839,2.688387,12.1,-0.134839,False
2016-01-15,9.5,4.7,8.407849,2.707527,12.1,1.092151,False
2016-01-16,10.9,6.3,8.485699,2.760753,12.2,2.414301,False
2016-01-17,10.6,5.9,8.565484,2.776882,12.21,2.034516,False
2016-01-18,10.9,6.6,8.633763,2.808495,12.3,2.266237,False
2016-01-19,10.0,5.9,8.712796,2.823656,12.4,1.287204,False
2016-01-20,9.6,6.3,8.815591,2.850323,12.6,0.784409,False
2016-01-21,11.8,7.1,8.923333,2.879355,12.8,2.876667,False
2016-01-22,13.3,9.3,9.015161,2.933118,12.8,4.284839,False
2016-01-23,12.2,6.7,9.090538,2.943226,12.9,3.109462,False
2016-01-24,9.6,4.1,9.14172,2.934946,13.0,0.45828,False
2016-01-25,13.3,5.3,9.217097,2.922151,13.2,4.082903,False
2016-01-26,13.0,8.4,9.283333,2.896344,13.2,3.716667,False
2016-01-27,14.3,9.0,9.365376,2.902903,13.3,4.934624,False
2016-01-28,14.0,11.7,9.46871,2.922366,13.3,4.53129,False
2016-01-29,12.8,7.6,9.547527,2.926344,13.31,3.252473,False
2016-01-30,9.2,3.8,9.63914,2.945161,13.4,-0.43914,False
2016-01-31,7.2,1.0,9.752258,3.00129,13.5,-2.552258,False
2016-02-01,7.3,2.4,9.868387,3.06,13.7,-2.568387,False
2016-02-02,9.2,1.0,9.968925,3.114086,13.7,-0.768925,False
2016-02-03,9.0,4.7,10.026129,3.105914,13.8,-1.026129,False
2016-02-04,11.5,6.6,10.077527,3.108602,13.8,1.422473,False
2016-02-05,12.0,4.5,10.134516,3.099247,13.81,1.865484,False
2016-02-06,12.1,5.2,10.202366,3.118602,14.0,1.897634,False
2016-02-07,16.2,4.2,10.281935,3.136559,14.1,5.918065,False
2016-02-08,17.3,4.0,10.348172,3.101183,14.1,6.951828,False
2016-02-09,16.9,5.8,10.399462,3.072903,14.3,6.500538,False
2016-02-10,15.6,5.1,10.445914,3.048817,14.3,5.154086,False
2016-02-11,14.4,9.4,10.493548,3.026344,14.31,3.906452,False
2016-02-12,12.6,9.1,10.564086,3.037634,14.5,2.035914,False
2016-02-13,12.3,5.9,10.626882,3.026882,14.6,1.673118,False
2016-02-14,13.8,8.2,10.696667,3.025484,14.7,3.103333,False
2016-02-15,15.2,11.8,10.757634,3.046559,14.7,4.442366,False
2016-02-16,14.9,8.9,10.835591,3.066989,14.71,4.064409,False
2016-02-17,15.5,8.7,10.908602,3.078602,14.8,4.591398,False
2016-02-18,14.1,6.7,10.976452,3.109785,14.9,3.123548,False
2016-02-19,9.7,7.6,11.054516,3.121613,15.1,-1.354516,False
2016-02-20,10.7,3.6,11.120645,3.122151,15.31,-0.420645,False
2016-02-21,10.7,0.1,11.202796,3.146882,15.41,-0.502796,False
2016-02-22,11.4,2.7,11.301505,3.174731,15.7,0.098495,False
2016-02-23,14.5,1.0,11.400323,3.22,15.8,3.099677,False
2016-02-24,15.7,5.1,11.533441,3.267957,15.91,4.166559,False
2016-02-25,17.7,2.4,11.664624,3.35172,16.11,6.035376,False
2016-02-26,17.6,5.8,11.788817,3.432581,16.4,5.811183,False
2016-02-27,14.1,10.3,11.88172,3.513871,16.5,2.21828,False
2016-02-28,14.1,7.5,11.961828,3.577957,16.8,2.138172,False
2016-02-29,11.7,5.3,12.006237,3.609516,16.905,-0.306237,False
2016-03-01,12.9,8.4,12.050645,3.641075,17.01,0.849355,False
2016-03-02,13.6,6.8,12.11914,3.67,17.1,1.48086,False
2016-03-03,15.8,8.7,12.194731,3.715376,17.1,3.605269,False
2016-03-04,15.9,4.4,12.289677,3.716022,17.3,3.610323,False
2016-03-05,16.3,9.6,12.404946,3.749892,17.6,3.895054,False
2016-03-06,14.1,8.4,12.510108,3.803441,17.7,1.589892,False
2016-03-07,11.3,6.0,12.613548,3.834731,17.7,-1.313548,False
2016-03-08,10.8,2.6,12.707204,3.88,17.8,-1.907204,False
2016-03-09,10.2,6.6,12.810215,3.930753,18.0,-2.610215,False
2016-03-10,12.7,9.7,12.906667,3.972151,18.1,-0.206667,False
2016-03-11,12.3,3.7,13.000108,4.036989,18.21,-0.700108,False
2016-03-12,10.3,5.8,13.085914,4.103978,18.3,-2.785914,False
2016-03-13,10.8,6.1,13.177097,4.178925,18.4,-2.377097,False
2016-03-14,9.7,4.5,13.32129,4.275269,18.5,-3.62129,False
2016-03-15,8.8,4.8,13.475054,4.363763,18.7,-4.675054,False
2016-03-16,12.0,6.5,13.60043,4.444409,19.1,-1.60043,False
2016-03-17,15.3,0.7,13.705269,4.49086,19.3,1.594731,False
2016-03-18,17.0,7.7,13.802796,4.530753,19.3,3.197204,False
2016-03-19,18.6,8.8,13.891075,4.547097,19.51,4.708925,False
2016-03-20,17.9,10.0,13.994946,4.597957,19.7,3.905054,False
2016-03-21,13.8,8.1,14.076237,4.646882,19.7,-0.276237,False
2016-03-22,12.6,6.1,14.162796,4.737634,19.81,-1.562796,False
2016-03-23,12.3,7.0,14.277957,4.835054,19.91,-1.977957,False
2016-03-24,12.2,7.2,14.357957,4.913226,20.01,-2.157957,False
2016-03-25,12.3,5.4,14.435269,4.965591,20.1,-2.135269,False
2016-03-26,14.1,4.5,14.496452,5.014086,20.11,-0.396452,False
2016-03-27,13.6,6.9,14.561505,5.060215,20.2,-0.961505,False
2016-03-28,12.2,3.4,14.612473,5.093763,20.2,-2.412473,False
2016-03-29,18.3,3.0,14.646559,5.118387,20.3,3.653441,False
2016-03-30,21.9,3.2,14.686022,5.098602,20.31,7.213978,False
2016-03-31,22.5,5.3,14.736237,5.113333,20.4,7.763763,False
2016-04-01,23.0,6.1,14.826989,5.15828,20.5,8.173011,False
2016-04-02,23.1,7.1,14.942903,5.225914,20.7,8.157097,False
2016-04-03,21.6,5.9,15.049677,5.269032,20.91,6.550323,False
2016-04-04,21.5,8.3,15.143871,5.322151,21.21,6.356129,False
2016-04-05,15.4,6.7,15.234839,5.376882,21.51,0.165161,False
2016-04-06,22.3,3.9,15.342366,5.435699,21.62,6.957634,False
2016-04-07,29.5,8.3,15.460645,5.496022,21.81,14.039355,False
2016-04-08,29.4,11.2,15.581398,5.562258,22.01,13.818602,False
2016-04-09,25.8,9.0,15.693763,5.626237,22.2,10.106237,False
2016-04-10,19.8,8.8,15.816667,5.695914,22.4,3.983333,False
2016-04-11,15.4,9.4,15.955161,5.764194,22.6,-0.555161,False
2016-04-12,16.2,9.7,16.105699,5.853548,22.7,0.094301,False
2016-04-13,14.2,7.0,16.220215,5.925484,22.8,-2.020215,False
2016-04-14,14.5,6.1,16.320968,5.991075,22.8,-1.820968,False
2016-04-15,15.7,5.6,16.397634,6.050323,22.8,-0.697634,False
2016-04-16,19.8,3.9,16.507419,6.079355,22.9,3.292581,False
2016-04-17,26.6,8.0,16.643548,6.15914,23.0,9.956452,False
2016-04-18,30.7,13.7,16.786129,6.241613,23.1,13.913871,False
2016-04-19,30.6,11.8,16.918172,6.335591,23.3,13.681828,False
2016-04-20,29.6,10.6,17.041505,6.441075,23.5,12.558495,False
2016-04-21,25.3,8.7,17.197849,6.53129,23.6,8.102151,False
2016-04-22,22.6,11.8,17.352043,6.584946,23.81,5.247957,False
2016-04-23,17.9,9.8,17.468817,6.627742,24.11,0.431183,False
2016-04-24,16.0,9.1,17.584731,6.665161,24.21,-1.584731,False
2016-04-25,14.6,4.2,17.716774,6.732258,24.52,-3.116774,False
2016-04-26,15.4,3.3,17.880215,6.808817,25.01,-2.480215,False
2016-04-27,15.1,8.7,18.013226,6.88129,25.32,-2.913226,False
2016-04-28,16.5,8.7,18.165376,6.958602,25.6,-1.665376,False
2016-04-29,16.2,9.8,18.376452,7.072903,25.8,-2.176452,False
2016-04-30,19.6,5.6,18.586452,7.215269,26.02,1.013548,False
2016-05-01,26.9,7.8,18.759892,7.336452,26.31,8.140108,True
2016-05-02,29.1,13.5,18.893548,7.439785,26.5,10.206452,True
2016-05-03,28.8,11.8,19.032581,7.537312,26.7,9.767419,True
2016-05-04,22.1,11.6,19.143871,7.642903,26.7,2.956129,False
2016-05-05,20.3,11.0,19.223763,7.756989,26.7,1.076237,False
2016-05-06,26.7,11.8,19.296344,7.837204,26.7,7.403656,False
2016-05-07,28.9,13.9,19.377419,7.920215,26.9,9.522581,False
2016-05-08,27.8,11.3,19.505484,8.02914,27.1,8.294516,False
2016-05-09,19.4,8.9,19.667097,8.138065,27.21,-0.267097,False
2016-05-10,25.5,7.3,19.807742,8.240645,27.3,5.692258,False
2016-05-11,28.4,9.7,19.916452,8.347957,27.3,8.483548,True
2016-05-12,28.7,9.7,20.023548,8.474624,27.3,8.676452,True
2016-05-13,29.6,10.5,20.122688,8.575914,27.41,9.477312,True
2016-05-14,30.2,12.5,20.245699,8.677634,27.8,9.954301,True
2016-05-15,14.4,12.0,20.38043,8.764086,27.9,-5.98043,False
2016-05-16,16.1,11.1,20.534409,8.882366,28.0,-4.434409,False
2016-05-17,23.4,9.5,20.664839,9.011183,28.22,2.735161,False
2016-05-18,23.9,11.8,20.757097,9.096452,28.22,3.142903,False
2016-05-19,19.6,9.7,20.889462,9.183656,28.4,-1.289462,False
2016-05-20,18.0,8.1,21.025699,9.286022,28.5,-3.025699,False
2016-05-21,18.1,10.0,21.145699,9.374409,28.51,-3.045699,False
2016-05-22,16.7,9.4,21.231075,9.454301,28.6,-4.531075,False
2016-05-23,18.8,10.6,21.296237,9.561505,28.6,-2.496237,False
2016-05-24,20.0,11.8,21.359032,9.650323,28.6,-1.359032,False
2016-05-25,19.9,11.3,21.446989,9.750538,28.6,-1.546989,False
2016-05-26,18.3,11.1,21.497419,9.82828,28.6,-3.197419,False
2016-05-27,16.8,10.0,21.547097,9.893441,28.51,-4.747097,False
2016-05-28,21.9,8.4,21.638172,9.967204,28.5,0.261828,False
2016-05-29,21.9,10.8,21.678172,10.065269,28.4,0.221828,False
2016-05-30,24.4,7.7,21.664194,10.101075,28.4,2.735806,False
2016-05-31,30.4,10.9,21.680645,10.133226,28.31,8.719355,False
2016-06-01,30.6,13.5,21.724301,10.17086,28.4,8.875699,False
2016-06-02,27.2,15.1,21.798602,10.213118,28.4,5.401398,False
2016-06-03,30.9,12.8,21.872366,10.277742,28.4,9.027634,True
2016-06-04,36.6,16.5,21.977419,10.301828,28.4,14.622581,True
2016-06-05,36.9,20.2,22.130968,10.367204,28.7,14.769032,True
2016-06-06,37.2,17.6,22.285914,10.462473,28.81,14.914086,True
2016-06-07,32.6,15.4,22.426452,10.533548,28.9,10.173548,True
2016-06-08,31.5,15.0,22.511935,10.590323,28.71,8.988065,True
2016-06-09,22.5,11.0,22.581935,10.659677,28.9,-0.081935,False
2016-06-10,16.8,9.2,22.694946,10.718925,29.1,-5.894946,False
2016-06-11,18.9,10.3,22.843978,10.793011,29.31,-3.943978,False
2016-06-12,23.7,8.2,23.000645,10.87086,29.8,0.699355,False
2016-06-13,24.0,10.0,23.14871,10.949892,29.9,0.85129,False
2016-06-14,17.6,9.0,23.294194,11.029785,30.01,-5.694194,False
2016-06-15,17.1,8.0,23.415161,11.118495,30.22,-6.315161,False
2016-06-16,18.9,8.1,23.519785,11.184946,30.41,-4.619785,False
2016-06-17,19.5,10.0,23.626989,11.256989,30.61,-4.126989,False
2016-06-18,19.6,11.2,23.747957,11.335914,30.8,-4.147957,False
2016-06-19,24.8,7.2,23.826452,11.397849,30.9,0.973548,False
2016-06-20,25.6,12.6,23.924624,11.445591,30.9,1.675376,False
2016-06-21,24.9,12.1,24.050323,11.49871,30.91,0.849677,False
2016-06-22,25.6,10.5,24.213333,11.563871,31.11,1.386667,False
2016-06-23,25.9,12.4,24.393333,11.631183,31.3,1.506667,False
2016-06-24,19.2,10.9,24.591613,11.724409,31.4,-5.391613,False
2016-06-25,25.0,10.0,24.774946,11.816667,31.61,0.225054,False
2016-06-26,31.0,12.4,24.977097,11.903011,31.71,6.022903,False
2016-06-27,31.2,16.0,25.169892,11.997742,31.81,6.030108,False
2016-06-28,29.9,12.1,25.332043,12.107097,31.91,4.567957,False
2016-06-29,26.8,12.8,25.516989,12.151398,32.0,1.283011,False
2016-06-30,25.0,12.5,25.750215,12.253978,32.0,-0.750215,False
2016-07-01,26.1,11.4,25.966237,12.367097,32.2,0.133763,False
2016-07-02,27.1,15.2,26.17086,12.480645,32.41,0.92914,False
2016-07-03,27.2,13.3,26.342151,12.574194,32.6,0.857849,False
2016-07-04,23.9,11.5,26.510108,12.654409,32.7,-2.610108,False
2016-07-05,22.2,11.4,26.672688,12.764409,32.9,-4.472688,False
2016-07-06,26.1,11.4,26.817527,12.847957,33.11,-0.717527,False
2016-07-07,26.1,14.8,26.988602,12.93828,33.4,-0.888602,False
2016-07-08,23.4,14.4,27.129462,13.043656,33.6,-3.729462,False
2016-07-09,22.1,13.0,27.295484,13.124624,33.71,-5.195484,False
2016-07-10,21.6,13.2,27.45043,13.176344,33.8,-5.85043,False
2016-07-11,22.6,13.6,27.588495,13.236452,33.8,-4.988495,False
2016-07-12,23.2,14.1,27.734194,13.290108,33.9,-4.534194,False
2016-07-13,25.7,13.7,27.866237,13.347634,33.9,-2.166237,False
2016-07-14,26.9,11.4,27.997527,13.390538,33.9,-1.097527,False
2016-07-15,26.7,11.1,28.122688,13.440538,34.0,-1.422688,False
2016-07-16,23.7,14.3,28.244086,13.467634,34.11,-4.544086,False
2016-07-17,23.1,13.9,28.348172,13.49828,34.01,-5.248172,False
2016-07-18,23.8,15.7,28.440753,13.526129,34.1,-4.640753,False
2016-07-19,24.1,15.5,28.54129,13.556989,34.11,-4.44129,False
2016-07-20,28.2,13.1,28.686452,13.622258,34.21,-0.486452,False
2016-07-21,29.4,14.4,28.813226,13.685914,34.43,0.586774,False
2016-07-22,29.2,15.9,28.870108,13.735806,34.43,0.329892,False
2016-07-23,24.1,14.0,28.884086,13.776559,34.43,-4.784086,False
2016-07-24,29.9,12.1,28.888495,13.806667,34.43,1.011505,False
2016-07-25,30.4,14.9,28.907419,13.831505,34.8,1.492581,False
2016-07-26,30.6,15.0,28.950753,13.858495,35.0,1.649247,False
2016-07-27,30.5,13.1,28.997849,13.891398,35.0,1.502151,False
2016-07-28,33.3,15.8,29.039462,13.90914,35.01,4.260538,False
2016-07-29,34.2,17.6,29.109032,13.915591,35.01,5.090968,False
2016-07-30,34.0,14.1,29.196774,13.968495,35.1,4.803226,False
2016-07-31,26.4,13.5,29.23086,13.995161,35.1,-2.83086,False
2016-08-01,26.4,10.6,29.251183,14.001613,35.2,-2.851183,False
2016-08-02,26.7,13.2,29.267849,14.008495,35.11,-2.567849,False
2016-08-03,26.3,11.3,29.310215,14.00871,35.11,-3.010215,False
2016-08-04,32.6,13.7,29.315269,14.015269,35.2,3.284731,False
2016-08-05,32.5,13.9,29.313763,14.01172,35.2,3.186237,False
2016-08-06,26.6,10.7,29.295054,14.001075,35.2,-2.695054,False
2016-08-07,24.2,11.5,29.219677,13.946667,35.1,-5.019677,False
2016-08-08,22.3,13.3,29.170538,13.894731,35.0,-6.870538,False
2016-08-09,20.8,12.8,29.106452,13.846774,35.0,-8.306452,False
2016-08-10,25.6,14.5,29.051183,13.816022,35.0,-3.451183,False
2016-08-11,30.8,13.7,29.00871,13.787742,34.9,1.79129,False
2016-08-12,36.1,17.2,28.934946,13.757742,34.7,7.165054,False
2016-08-13,36.2,18.7,28.880645,13.72129,34.7,7.319355,False
2016-08-14,34.0,15.4,28.824731,13.70914,34.6,5.175269,False
2016-08-15,30.8,14.1,28.723871,13.685591,34.5,2.076129,False
2016-08-16,30.1,13.2,28.606129,13.671075,34.31,1.493871,False
2016-08-17,29.1,13.0,28.515376,13.637204,34.21,0.584624,False
2016-08-18,36.6,14.3,28.454194,13.58957,34.21,8.145806,True
2016-08-19,38.1,17.9,28.393871,13.556667,34.31,9.706129,True
2016-08-20,37.7,17.0,28.283226,13.501075,34.3,9.416774,True
2016-08-21,37.7,13.8,28.164516,13.438925,34.2,9.535484,True
2016-08-22,26.0,11.2,28.093333,13.38086,34.2,-2.093333,False
2016-08-23,28.4,10.8,28.070538,13.333333,34.2,0.329462,False
2016-08-24,33.3,13.3,28.033978,13.297634,34.2,5.266022,False
2016-08-25,35.0,14.6,27.956129,13.244839,34.0,7.043871,True
2016-08-26,35.7,15.4,27.865914,13.18129,33.9,7.834086,True
2016-08-27,35.4,15.5,27.815161,13.127849,33.9,7.584839,True
2016-08-28,28.1,12.2,27.756129,13.058925,33.8,0.343871,False
2016-08-29,28.4,12.3,27.649032,12.97914,33.7,0.750968,False
2016-08-30,28.7,13.4,27.478602,12.89828,33.32,1.221398,False
2016-08-31,23.2,12.8,27.31,12.823548,33.11,-4.11,False
2016-09-01,21.2,13.7,27.141398,12.747204,33.0,-5.941398,False
2016-09-02,20.4,12.9,26.963978,12.666344,32.81,-6.563978,False
2016-09-03,20.3,10.6,26.765484,12.590215,32.7,-6.465484,False
2016-09-04,20.2,10.0,26.60086,12.510215,32.6,-6.40086,False
2016-09-05,21.0,11.4,26.42129,12.404409,32.5,-5.42129,False
2016-09-06,21.4,13.2,26.271075,12.304839,32.5,-4.871075,False
2016-09-07,22.0,13.7,26.169677,12.226022,32.41,-4.169677,False
2016-09-08,22.9,13.4,26.071828,12.12957,32.41,-3.171828,False
2016-09-09,27.5,9.0,25.973978,12.053978,32.4,1.526022,False
2016-09-10,28.2,10.2,25.85828,12.008065,32.4,2.34172,False
2016-09-11,28.2,12.0,25.710108,11.930645,32.3,2.489892,False
2016-09-12,26.1,8.0,25.593118,11.836237,32.2,0.506882,False
2016-09-13,26.9,8.5,25.475914,11.732258,32.01,1.424086,False
2016-09-14,26.7,7.8,25.346022,11.623656,31.91,1.353978,False
2016-09-15,26.7,10.2,25.217097,11.530323,31.9,1.482903,False
2016-09-16,27.7,8.5,25.071398,11.425376,31.9,2.628602,False
2016-09-17,28.3,14.6,24.871828,11.314731,31.7,3.428172,False
2016-09-18,21.8,15.5,24.626237,11.211613,31.51,-2.826237,False
2016-09-19,21.3,9.9,24.394946,11.083333,31.3,-3.094946,False
2016-09-20,21.1,8.6,24.196129,10.946129,30.81,-3.096129,False
2016-09-21,22.3,8.9,24.03043,10.842151,30.42,-1.73043,False
2016-09-22,21.8,7.2,23.845376,10.763226,30.2,-2.045376,False
2016-09-23,18.9,10.3,23.620753,10.667097,30.1,-4.720753,False
2016-09-24,20.6,8.0,23.386129,10.533656,29.91,-2.786129,False
2016-09-25,27.7,9.0,23.142903,10.400108,29.71,4.557097,False
2016-09-26,30.8,11.2,22.869892,10.246882,29.5,7.930108,False
2016-09-27,30.7,14.6,22.565161,10.093011,29.3,8.134839,False
2016-09-28,22.8,9.0,22.270645,9.977419,29.0,0.529355,False
2016-09-29,22.8,9.0,22.010968,9.846452,28.8,0.789032,False
2016-09-30,20.2,7.2,21.786452,9.696559,28.7,-1.586452,False
2016-10-01,19.6,10.5,21.586022,9.57043,28.41,-1.986022,False
2016-10-02,17.0,9.3,21.39172,9.443978,28.3,-4.39172,False
2016-10-03,15.8,7.8,21.21086,9.321183,28.0,-5.41086,False
2016-10-04,15.6,10.7,21.041505,9.226989,27.9,-5.441505,False
2016-10-05,16.4,11.8,20.845591,9.124946,27.8,-4.445591,False
2016-10-06,16.2,10.4,20.650538,9.048172,27.7,-4.450538,False
2016-10-07,16.8,12.1,20.443118,8.956559,27.5,-3.643118,False
2016-10-08,20.8,13.4,20.206344,8.837097,27.11,0.593656,False
2016-10-09,20.3,14.1,19.939892,8.736989,26.61,0.360108,False
2016-10-10,16.3,6.3,19.659462,8.611613,26.12,-3.359462,False
2016-10-11,17.7,3.9,19.367312,8.475376,25.8,-1.667312,False
2016-10-12,17.2,5.1,19.086452,8.319462,25.4,-1.886452,False
2016-10-13,16.3,11.5,18.767957,8.198925,24.91,-2.467957,False
2016-10-14,16.6,11.3,18.423226,8.086237,24.51,-1.823226,False
2016-10-15,15.7,11.8,18.087849,7.944624,23.71,-2.387849,False
2016-10-16,14.7,11.7,17.792043,7.802366,23.21,-3.092043,False
2016-10-17,15.5,10.8,17.527097,7.666989,23.0,-2.027097,False
2016-10-18,14.4,9.2,17.3,7.546022,22.51,-2.9,False
2016-10-19,14.1,6.6,17.094946,7.421613,22.4,-2.994946,False
2016-10-20,16.2,10.8,16.88,7.33086,22.3,-0.68,False
2016-10-21,16.1,11.1,16.642581,7.265054,21.81,-0.542581,False
2016-10-22,16.7,8.0,16.383333,7.177742,21.6,0.316667,False
2016-10-23,16.1,10.4,16.144731,7.052043,21.4,-0.044731,False
2016-10-24,15.3,10.9,15.903978,6.92172,21.11,-0.603978,False
2016-10-25,17.0,9.0,15.669355,6.792581,20.9,1.330645,False
2016-10-26,16.7,11.3,15.44957,6.693656,20.41,1.25043,False
2016-10-27,15.2,11.3,15.268387,6.617204,20.3,-0.068387,False
2016-10-28,18.2,9.8,15.067957,6.566129,20.11,3.132043,False
2016-10-29,17.4,11.2,14.871935,6.500215,19.8,2.528065,False
2016-10-30,15.5,7.5,14.660108,6.447527,19.6,0.839892,False
2016-10-31,13.8,10.9,14.464731,6.384516,19.3,-0.664731,False
2016-11-01,15.5,8.9,14.242688,6.286129,19.1,1.257312,False
2016-11-02,17.3,10.0,14.034086,6.216774,18.7,3.265914,False
2016-11-03,18.2,8.7,13.812796,6.105054,18.3,4.387204,False
2016-11-04,17.9,5.3,13.571075,5.99086,17.91,4.328925,False
2016-11-05,16.4,9.6,13.345484,5.86086,17.7,3.054516,False
2016-11-06,15.9,9.6,13.110323,5.709247,17.31,2.789677,False
2016-11-07,17.5,10.3,12.851935,5.564731,17.1,4.648065,False
2016-11-08,19.1,7.6,12.600968,5.45,16.7,6.499032,False
2016-11-09,17.8,9.7,12.379785,5.349462,16.4,5.420215,False
2016-11-10,17.3,8.4,12.194301,5.265914,16.2,5.105699,False
2016-11-11,16.0,10.0,12.022903,5.155484,16.0,3.977097,False
2016-11-12,15.5,12.3,11.837097,5.082473,15.7,3.662903,False
2016-11-13,14.5,7.9,11.656882,4.976452,15.51,2.843118,False
2016-11-14,13.4,11.6,11.480323,4.863978,15.4,1.919677,False
2016-11-15,13.4,10.5,11.323226,4.782796,15.3,2.076774,False
2016-11-16,10.3,6.4,11.176774,4.706344,15.2,-0.876774,False
2016-11-17,11.0,5.3,11.025484,4.65957,14.81,-0.025484,False
2016-11-18,10.3,4.3,10.864516,4.567204,14.61,-0.564516,False
2016-11-19,13.1,7.0,10.703441,4.468925,14.5,2.396559,False
2016-11-20,12.0,8.9,10.524946,4.325269,14.2,1.475054,False
2016-11-21,12.2,8.0,10.348495,4.200108,14.1,1.851505,False
2016-11-22,11.2,5.7,10.159247,4.069462,13.8,1.040753,False
2016-11-23,9.6,6.2,9.969247,3.947097,13.6,-0.369247,False
2016-11-24,9.7,7.9,9.811398,3.838817,13.5,-0.111398,False
2016-11-25,10.6,7.7,9.687204,3.773763,13.5,0.912796,False
2016-11-26,10.8,6.6,9.564946,3.707849,13.5,1.235054,False
2016-11-27,10.3,4.7,9.444516,3.662366,13.4,0.855484,False
2016-11-28,10.9,5.9,9.333333,3.572473,13.2,1.566667,False
2016-11-29,10.6,4.2,9.202688,3.444516,13.1,1.397312,False
2016-11-30,10.5,5.4,9.044731,3.331075,13.0,1.455269,False
2016-12-01,8.5,2.8,8.908172,3.242043,12.7,-0.408172,False
2016-12-02,7.3,5.0,8.794409,3.167957,12.6,-1.494409,False
2016-12-03,10.4,5.5,8.671183,3.06043,12.5,1.728817,False
2016-12-04,9.8,5.8,8.571183,2.995054,12.3,1.228817,False
2016-12-05,6.2,0.4,8.487849,2.952258,12.2,-2.287849,False
2016-12-06,4.5,1.9,8.405699,2.890215,12.01,-3.905699,False
2016-12-07,3.6,-2.4,8.32871,2.854839,12.0,-4.72871,False
2016-12-08,2.2,-1.6,8.276344,2.820968,11.9,-6.076344,False
2016-12-09,3.9,-3.0,8.222258,2.765161,11.9,-4.322258,False
2016-12-10,6.0,0.9,8.160215,2.708495,11.8,-2.160215,False
2016-12-11,7.0,4.0,8.072258,2.642366,11.7,-1.072258,False
2016-12-12,8.2,2.8,8.015054,2.629462,11.6,0.184946,False
2016-12-13,6.3,-0.4,7.973118,2.626237,11.51,-1.673118,False
2016-12-14,3.4,-0.9,7.928387,2.606452,11.5,-4.528387,False
2016-12-15,0.1,-3.2,7.879892,2.587312,11.5,-7.779892,False
2016-12-16,2.2,-6.7,7.819677,2.532258,11.4,-5.619677,False
2016-12-17,0.8,-5.9,7.767097,2.487742,11.4,-6.967097,False
2016-12-18,2.2,-2.8,7.73043,2.413763,11.4,-5.53043,False
2016-12-19,5.7,-2.1,7.699032,2.40172,11.4,-1.999032,False
2016-12-20,10.4,5.8,7.672473,2.406452,11.5,2.727527,False
2016-12-21,8.2,-1.0,7.653118,2.423118,11.5,0.546882,False
2016-12-22,5.3,-1.1,7.64172,2.402366,11.5,-2.34172,False
2016-12-23,6.9,2.4,7.661183,2.424086,11.5,-0.761183,False
2016-12-24,5.6,-0.9,7.688602,2.457312,11.51,-2.088602,False
2016-12-25,5.8,-0.8,7.706237,2.482043,11.5,-1.906237,False
2016-12-26,4.7,-1.1,7.714086,2.500753,11.5,-3.014086,False
2016-12-27,7.9,3.2,7.715699,2.495591,11.51,0.184301,False
2016-12-28,6.7,0.8,7.701183,2.461075,11.5,-1.001183,False
2016-12-29,6.9,0.6,7.694946,2.446344,11.6,-0.794946,False
2016-12-30,7.3,2.8,7.693333,2.455484,11.6,-0.393333,False
2016-12-31,6.6,-2.0,7.716344,2.440215,11.6,-1.116344,False
2017-01-01,3.4,1.1,7.713118,2.42828,11.6,-4.313118,False
2017-01-02,2.1,-1.1,7.717419,2.41,11.6,-5.617419,False
2017-01-03,1.1,-2.5,7.772903,2.444086,11.6,-6.672903,False
2017-01-04,0.7,-2.9,7.811935,2.478602,11.61,-7.111935,False
2017-01-05,1.7,-5.9,7.850538,2.467204,11.6,-6.150538,False
2017-01-06,2.3,-9.2,7.883011,2.480753,11.6,-5.583011,False
2017-01-07,0.7,-6.1,7.923226,2.497742,11.6,-7.223226,False
2017-01-08,1.1,-3.7,7.967742,2.537097,11.61,-6.867742,False
2017-01-09,3.9,-0.3,8.029677,2.589785,11.71,-4.129677,False
2017-01-10,5.4,2.0,8.11,2.629892,11.9,-2.71,False
2017-01-11,3.5,-2.5,8.18129,2.667742,11.9,-4.68129,False
2017-01-12,0.4,-8.9,8.213226,2.637957,12.0,-7.813226,False
2017-01-13,-0.1,-14.1,8.267204,2.646237,12.1,-8.367204,False
2017-01-14,-0.1,-10.4,8.334839,2.688387,12.1,-8.434839,False
2017-01-15,2.3,-6.9,8.407849,2.707527,12.1,-6.107849,False
2017-01-16,2.2,-4.4,8.485699,2.760753,12.2,-6.285699,False
2017-01-17,2.3,-1.3,8.565484,2.776882,12.21,-6.265484,False
2017-01-18,9.4,2.2,8.633763,2.808495,12.3,0.766237,False
2017-01-19,9.4,6.2,8.712796,2.823656,12.4,0.687204,False
2017-01-20,8.9,3.6,8.815591,2.850323,12.6,0.084409,False
2017-01-21,8.0,2.4,8.923333,2.879355,12.8,-0.923333,False
2017-01-22,8.9,4.0,9.015161,2.933118,12.8,-0.115161,False
2017-01-23,9.7,1.2,9.090538,2.943226,12.9,0.609462,False
2017-01-24,8.9,-3.0,9.14172,2.934946,13.0,-0.24172,False
2017-01-25,8.0,1.9,9.217097,2.922151,13.2,-1.217097,False
2017-01-26,9.5,3.0,9.283333,2.896344,13.2,0.216667,False
2017-01-27,9.4,-0.5,9.365376,2.902903,13.3,0.034624,False
2017-01-28,7.4,0.1,9.46871,2.922366,13.3,-2.06871,False
2017-01-29,7.4,1.4,9.547527,2.926344,13.31,-2.147527,False
2017-01-30,7.8,3.2,9.63914,2.945161,13.4,-1.83914,False
2017-01-31,8.0,4.9,9.752258,3.00129,13.5,-1.752258,False
2017-02-01,6.6,1.6,9.868387,3.06,13.7,-3.268387,False
2017-02-02,4.2,1.8,9.968925,3.114086,13.7,-5.768925,False
2017-02-03,3.1,-1.2,10.026129,3.105914,13.8,-6.926129,False
2017-02-04,9.1,1.3,10.077527,3.108602,13.8,-0.977527,False
2017-02-05,9.0,1.9,10.134516,3.099247,13.81,-1.134516,False
2017-02-06,5.1,1.3,10.202366,3.118602,14.0,-5.102366,False
2017-02-07,4.9,0.1,10.281935,3.136559,14.1,-5.381935,False
2017-02-08,4.7,2.3,10.348172,3.101183,14.1,-5.648172,False
2017-02-09,13.7,4.0,10.399462,3.072903,14.3,3.300538,False
2017-02-10,13.4,7.3,10.445914,3.048817,14.3,2.954086,False
2017-02-11,9.8,0.9,10.493548,3.026344,14.31,-0.693548,False
2017-02-12,10.1,-1.3,10.564086,3.037634,14.5,-0.464086,False
2017-02-13,13.3,-0.6,10.626882,3.026882,14.6,2.673118,False
2017-02-14,12.5,0.3,10.696667,3.025484,14.7,1.803333,False
2017-02-15,9.9,6.3,10.757634,3.046559,14.7,-0.857634,False
2017-02-16,11.5,8.6,10.835591,3.066989,14.71,0.664409,False
2017-02-17,13.5,6.1,10.908602,3.078602,14.8,2.591398,False
2017-02-18,12.9,6.9,10.976452,3.109785,14.9,1.923548,False
2017-02-19,9.4,5.7,11.054516,3.121613,15.1,-1.654516,False
2017-02-20,8.7,5.7,11.120645,3.122151,15.31,-2.420645,False
2017-02-21,9.1,6.4,11.202796,3.146882,15.41,-2.102796,False
2017-02-22,7.8,1.1,11.301505,3.174731,15.7,-3.501505,False
2017-02-23,6.8,-0.1,11.400323,3.22,15.8,-4.600323,False
2017-02-24,5.7,-1.4,11.533441,3.267957,15.91,-5.833441,False
2017-02-25,8.1,-0.1,11.664624,3.35172,16.11,-3.564624,False
2017-02-26,7.8,2.2,11.788817,3.432581,16.4,-3.988817,False
2017-02-27,6.1,1.7,11.88172,3.513871,16.5,-5.78172,False
2017-02-28,9.0,1.8,11.961828,3.577957,16.8,-2.961828,False
2017-03-01,11.1,5.2,12.050645,3.641075,17.01,-0.950645,False
2017-03-02,11.0,3.5,12.11914,3.67,17.1,-1.11914,False
2017-03-03,10.8,6.9,12.194731,3.715376,17.1,-1.394731,False
2017-03-04,9.7,2.4,12.289677,3.716022,17.3,-2.589677,False
2017-03-05,6.8,2.1,12.404946,3.749892,17.6,-5.604946,False
2017-03-06,6.6,0.8,12.510108,3.803441,17.7,-5.910108,False
2017-03-07,7.2,3.0,12.613548,3.834731,17.7,-5.413548,False
2017-03-08,9.4,6.8,12.707204,3.88,17.8,-3.307204,False
2017-03-09,12.3,7.7,12.810215,3.930753,18.0,-0.510215,False
2017-03-10,15.1,10.5,12.906667,3.972151,18.1,2.193333,False
2017-03-11,14.4,5.3,13.000108,4.036989,18.21,1.399892,False
2017-03-12,16.0,8.2,13.085914,4.103978,18.3,2.914086,False
2017-03-13,16.6,9.5,13.177097,4.178925,18.4,3.422903,False
2017-03-14,13.7,12.5,13.32129,4.275269,18.5,0.37871,False
2017-03-15,13.5,11.6,13.475054,4.363763,18.7,0.024946,False
2017-03-16,12.1,3.9,13.60043,4.444409,19.1,-1.50043,False
2017-03-17,12.2,1.8,13.705269,4.49086,19.3,-1.505269,False
2017-03-18,11.9,8.3,13.802796,4.530753,19.3,-1.902796,False
2017-03-19,13.3,-0.1,13.891075,4.547097,19.51,-0.591075,False
2017-03-20,13.2,4.7,13.994946,4.597957,19.7,-0.794946,False
2017-03-21,14.6,6.7,14.076237,4.646882,19.7,0.523763,False
2017-03-22,14.3,8.6,14.162796,4.737634,19.81,0.137204,False
2017-03-23,13.8,4.3,14.277957,4.835054,19.91,-0.477957,False
2017-03-24,13.6,8.1,14.357957,4.913226,20.01,-0.757957,False
2017-03-25,12.4,5.8,14.435269,4.965591,20.1,-2.035269,False
2017-03-26,11.0,6.8,14.496452,5.014086,20.11,-3.496452,False
2017-03-27,11.7,6.9,14.561505,5.060215,20.2,-2.861505,False
2017-03-28,14.4,7.5,14.612473,5.093763,20.2,-0.212473,False
2017-03-29,15.1,7.9,14.646559,5.118387,20.3,0.453441,False
2017-03-30,12.8,5.9,14.686022,5.098602,20.31,-1.886022,False
2017-03-31,14.3,4.4,14.736237,5.113333,20.4,-0.436237,False
2017-04-01,14.8,6.6,14.826989,5.15828,20.5,-0.026989,False
2017-04-02,13.7,5.0,14.942903,5.225914,20.7,-1.242903,False
2017-04-03,13.7,1.6,15.049677,5.269032,20.91,-1.349677,False
2017-04-04,14.8,5.4,15.143871,5.322151,21.21,-0.343871,False
2017-04-05,14.5,8.3,15.234839,5.376882,21.51,-0.734839,False
2017-04-06,15.7,9.0,15.342366,5.435699,21.62,0.357634,False
2017-04-07,15.5,10.3,15.460645,5.496022,21.81,0.039355,False
2017-04-08,11.1,5.0,15.581398,5.562258,22.01,-4.481398,False
2017-04-09,12.8,3.0,15.693763,5.626237,22.2,-2.893763,False
2017-04-10,12.6,5.6,15.816667,5.695914,22.4,-3.216667,False
2017-04-11,14.5,2.6,15.955161,5.764194,22.6,-1.455161,False
2017-04-12,14.0,7.9,16.105699,5.853548,22.7,-2.105699,False
2017-04-13,11.6,5.9,16.220215,5.925484,22.8,-4.620215,False
2017-04-14,11.6,5.3,16.320968,5.991075,22.8,-4.720968,False
2017-04-15,14.9,2.2,16.397634,6.050323,22.8,-1.497634,False
2017-04-16,18.1,4.3,16.507419,6.079355,22.9,1.592581,False
2017-04-17,17.8,8.4,16.643548,6.15914,23.0,1.156452,False
2017-04-18,16.5,9.8,16.786129,6.241613,23.1,-0.286129,False
2017-04-19,16.6,6.9,16.918172,6.335591,23.3,-0.318172,False
2017-04-20,14.0,7.2,17.041505,6.441075,23.5,-3.041505,False
2017-04-21,21.0,2.9,17.197849,6.53129,23.6,3.802151,False
2017-04-22,21.0,11.8,17.352043,6.584946,23.81,3.647957,False
2017-04-23,15.5,8.0,17.468817,6.627742,24.11,-1.968817,False
2017-04-24,11.7,7.2,17.584731,6.665161,24.21,-5.884731,False
2017-04-25,12.1,7.1,17.716774,6.732258,24.52,-5.616774,False
2017-04-26,13.9,9.0,17.880215,6.808817,25.01,-3.980215,False
2017-04-27,13.2,5.5,18.013226,6.88129,25.32,-4.813226,False
2017-04-28,14.6,3.1,18.165376,6.958602,25.6,-3.565376,False
2017-04-29,17.1,3.4,18.376452,7.072903,25.8,-1.276452,False
2017-04-30,17.5,9.8,18.586452,7.215269,26.02,-1.086452,False
2017-05-01,15.5,3.6,18.759892,7.336452,26.31,-3.259892,False
2017-05-02,16.8,9.7,18.893548,7.439785,26.5,-2.093548,False
2017-05-03,26.7,12.2,19.032581,7.537312,26.7,7.667419,False
2017-05-04,27.0,13.8,19.143871,7.642903,26.7,7.856129,False
2017-05-05,26.0,11.8,19.223763,7.756989,26.7,6.776237,False
2017-05-06,15.3,5.0,19.296344,7.837204,26.7,-3.996344,False
2017-05-07,18.3,6.6,19.377419,7.920215,26.9,-1.077419,False
2017-05-08,21.5,6.6,19.505484,8.02914,27.1,1.994516,False
2017-05-09,23.0,8.3,19.667097,8.138065,27.21,3.332903,False
2017-05-10,23.2,9.4,19.807742,8.240645,27.3,3.392258,False
2017-05-11,22.8,10.8,19.916452,8.347957,27.3,2.883548,False
2017-05-12,12.3,6.1,20.023548,8.474624,27.3,-7.723548,False
2017-05-13,12.3,6.7,20.122688,8.575914,27.41,-7.822688,False
2017-05-14,14.0,7.1,20.245699,8.677634,27.8,-6.245699,False
2017-05-15,14.5,5.5,20.38043,8.764086,27.9,-5.88043,False
2017-05-16,13.9,8.6,20.534409,8.882366,28.0,-6.634409,False
2017-05-17,15.0,8.1,20.664839,9.011183,28.22,-5.664839,False
2017-05-18,20.6,6.1,20.757097,9.096452,28.22,-0.157097,False
2017-05-19,23.1,10.9,20.889462,9.183656,28.4,2.210538,False
2017-05-20,23.2,11.1,21.025699,9.286022,28.5,2.174301,False
2017-05-21,28.0,9.7,21.145699,9.374409,28.51,6.854301,False
2017-05-22,31.8,13.2,21.231075,9.454301,28.6,10.568925,False
2017-05-23,32.0,15.9,21.296237,9.561505,28.6,10.703763,False
2017-05-24,24.9,7.4,21.359032,9.650323,28.6,3.540968,False
2017-05-25,21.7,7.6,21.446989,9.750538,28.6,0.253011,False
2017-05-26,27.3,8.8,21.497419,9.82828,28.6,5.802581,False
2017-05-27,30.5,12.2,21.547097,9.893441,28.51,8.952903,True
2017-05-28,30.7,12.7,21.638172,9.967204,28.5,9.061828,True
2017-05-29,28.9,12.3,21.678172,10.065269,28.4,7.221828,True
2017-05-30,23.3,12.6,21.664194,10.101075,28.4,1.635806,False
2017-05-31,22.4,10.9,21.680645,10.133226,28.31,0.719355,False
2017-06-01,21.5,14.6,21.724301,10.17086,28.4,-0.224301,False
2017-06-02,23.3,11.9,21.798602,10.213118,28.4,1.501398,False
2017-06-03,23.6,11.7,21.872366,10.277742,28.4,1.727634,False
2017-06-04,19.2,10.3,21.977419,10.301828,28.4,-2.777419,False
2017-06-05,24.0,7.2,22.130968,10.367204,28.7,1.869032,False
2017-06-06,28.2,11.5,22.285914,10.462473,28.81,5.914086,False
2017-06-07,28.6,11.7,22.426452,10.533548,28.9,6.173548,False
2017-06-08,24.1,13.1,22.511935,10.590323,28.71,1.588065,False
2017-06-09,16.2,10.2,22.581935,10.659677,28.9,-6.381935,False
2017-06-10,15.3,8.9,22.694946,10.718925,29.1,-7.394946,False
2017-06-11,19.1,9.4,22.843978,10.793011,29.31,-3.743978,False
2017-06-12,19.3,10.2,23.000645,10.87086,29.8,-3.700645,False
2017-06-13,16.6,10.7,23.14871,10.949892,29.9,-6.54871,False
2017-06-14,18.8,8.3,23.294194,11.029785,30.01,-4.494194,False
2017-06-15,19.4,12.0,23.415161,11.118495,30.22,-4.015161,False
2017-06-16,18.2,14.4,23.519785,11.184946,30.41,-5.319785,False
2017-06-17,20.3,11.4,23.626989,11.256989,30.61,-3.326989,False
2017-06-18,25.7,14.3,23.747957,11.335914,30.8,1.952043,False
2017-06-19,29.9,14.2,23.826452,11.397849,30.9,6.073548,False
2017-06-20,29.9,15.5,23.924624,11.445591,30.9,5.975376,False
2017-06-21,23.2,9.3,24.050323,11.49871,30.91,-0.850323,False
2017-06-22,26.7,8.8,24.213333,11.563871,31.11,2.486667,False
2017-06-23,31.9,11.0,24.393333,11.631183,31.3,7.506667,True
2017-06-24,35.8,13.6,24.591613,11.724409,31.4,11.208387,True
2017-06-25,36.2,16.0,24.774946,11.816667,31.61,11.425054,True
2017-06-26,35.7,15.1,24.977097,11.903011,31.71,10.722903,True
2017-06-27,23.9,13.8,25.169892,11.997742,31.81,-1.269892,False
2017-06-28,23.7,12.5,25.332043,12.107097,31.91,-1.632043,False
2017-06-29,25.9,10.7,25.516989,12.151398,32.0,0.383011,False
2017-06-30,29.3,13.9,25.750215,12.253978,32.0,3.549785,False
2017-07-01,29.2,14.3,25.966237,12.367097,32.2,3.233763,False
2017-07-02,27.1,11.9,26.17086,12.480645,32.41,0.92914,False
2017-07-03,27.3,13.1,26.342151,12.574194,32.6,0.957849,False
2017-07-04,27.5,11.0,26.510108,12.654409,32.7,0.989892,False
2017-07-05,31.7,12.2,26.672688,12.764409,32.9,5.027312,False
2017-07-06,31.7,12.7,26.817527,12.847957,33.11,4.882473,False
2017-07-07,31.8,13.4,26.988602,12.93828,33.4,4.811398,False
2017-07-08,29.2,10.2,27.129462,13.043656,33.6,2.070538,False
2017-07-09,29.4,13.1,27.295484,13.124624,33.71,2.104516,False
2017-07-10,28.6,14.0,27.45043,13.176344,33.8,1.14957,False
2017-07-11,25.1,9.7,27.588495,13.236452,33.8,-2.488495,False
2017-07-12,27.3,11.1,27.734194,13.290108,33.9,-0.434194,False
2017-07-13,27.7,13.2,27.866237,13.347634,33.9,-0.166237,False
2017-07-14,28.9,10.5,27.997527,13.390538,33.9,0.902473,False
2017-07-15,29.5,12.8,28.122688,13.440538,34.0,1.377312,False
2017-07-16,26.2,11.3,28.244086,13.467634,34.11,-2.044086,False
2017-07-17,27.0,10.6,28.348172,13.49828,34.01,-1.348172,False
2017-07-18,29.0,12.5,28.440753,13.526129,34.1,0.559247,False
2017-07-19,29.5,12.2,28.54129,13.556989,34.11,0.95871,False
2017-07-20,27.7,14.1,28.686452,13.622258,34.21,-0.986452,False
2017-07-21,28.0,11.9,28.813226,13.685914,34.43,-0.813226,False
2017-07-22,32.3,15.1,28.870108,13.735806,34.43,3.429892,False
2017-07-23,32.7,16.6,28.884086,13.776559,34.43,3.815914,False
2017-07-24,30.7,12.5,28.888495,13.806667,34.43,1.811505,False
2017-07-25,31.8,13.5,28.907419,13.831505,34.8,2.892581,False
2017-07-26,31.9,14.5,28.950753,13.858495,35.0,2.949247,False
2017-07-27,30.5,13.9,28.997849,13.891398,35.0,1.502151,False
2017-07-28,27.4,11.6,29.039462,13.90914,35.01,-1.639462,False
2017-07-29,29.4,11.6,29.109032,13.915591,35.01,0.290968,False
2017-07-30,30.6,14.5,29.196774,13.968495,35.1,1.403226,False
2017-07-31,32.9,12.8,29.23086,13.995161,35.1,3.66914,False
2017-08-01,35.8,16.2,29.251183,14.001613,35.2,6.548817,True
2017-08-02,39.8,17.3,29.267849,14.008495,35.11,10.532151,True
2017-08-03,39.3,17.8,29.310215,14.00871,35.11,9.989785,True
2017-08-04,39.7,17.4,29.315269,14.015269,35.2,10.384731,True
2017-08-05,35.2,13.1,29.313763,14.01172,35.2,5.886237,False
2017-08-06,30.9,13.9,29.295054,14.001075,35.2,1.604946,False
2017-08-07,31.9,16.5,29.219677,13.946667,35.1,2.680323,False
2017-08-08,32.8,15.3,29.170538,13.894731,35.0,3.629462,False
2017-08-09,34.2,16.4,29.106452,13.846774,35.0,5.093548,False
2017-08-10,34.5,16.6,29.051183,13.816022,35.0,5.448817,False
2017-08-11,33.0,16.2,29.00871,13.787742,34.9,3.99129,False
2017-08-12,29.3,16.3,28.934946,13.757742,34.7,0.365054,False
2017-08-13,26.8,15.3,28.880645,13.72129,34.7,-2.080645,False
2017-08-14,22.6,9.9,28.824731,13.70914,34.6,-6.224731,False
2017-08-15,26.3,10.3,28.723871,13.685591,34.5,-2.423871,False
2017-08-16,28.3,12.5,28.606129,13.671075,34.31,-0.306129,False
2017-08-17,28.4,14.9,28.515376,13.637204,34.21,-0.115376,False
2017-08-18,26.5,11.8,28.454194,13.58957,34.21,-1.954194,False
2017-08-19,26.0,13.2,28.393871,13.556667,34.31,-2.393871,False
2017-08-20,26.0,10.5,28.283226,13.501075,34.3,-2.283226,False
2017-08-21,31.3,13.3,28.164516,13.438925,34.2,3.135484,False
2017-08-22,31.7,14.4,28.093333,13.38086,34.2,3.606667,False
2017-08-23,30.6,15.2,28.070538,13.333333,34.2,2.529462,False
2017-08-24,26.8,15.3,28.033978,13.297634,34.2,-1.233978,False
2017-08-25,26.2,10.8,27.956129,13.244839,34.0,-1.756129,False
2017-08-26,32.0,11.1,27.865914,13.18129,33.9,4.134086,False
2017-08-27,33.7,12.0,27.815161,13.127849,33.9,5.884839,False
2017-08-28,35.8,15.7,27.756129,13.058925,33.8,8.043871,False
2017-08-29,35.5,16.4,27.649032,12.97914,33.7,7.850968,False
2017-08-30,31.3,13.3,27.478602,12.89828,33.32,3.821398,False
2017-08-31,27.0,15.7,27.31,12.823548,33.11,-0.31,False
2017-09-01,32.5,12.3,27.141398,12.747204,33.0,5.358602,False
2017-09-02,34.7,15.3,26.963978,12.666344,32.81,7.736022,True
2017-09-03,34.8,15.2,26.765484,12.590215,32.7,8.034516,True
2017-09-04,34.3,16.4,26.60086,12.510215,32.6,7.69914,True
2017-09-05,34.0,18.8,26.42129,12.404409,32.5,7.57871,True
2017-09-06,30.4,16.2,26.271075,12.304839,32.5,4.128925,False
2017-09-07,28.2,18.1,26.169677,12.226022,32.41,2.030323,False
2017-09-08,26.2,17.7,26.071828,12.12957,32.41,0.128172,False
2017-09-09,25.6,16.7,25.973978,12.053978,32.4,-0.373978,False
2017-09-10,25.5,14.3,25.85828,12.008065,32.4,-0.35828,False
2017-09-11,31.8,10.4,25.710108,11.930645,32.3,6.089892,False
2017-09-12,31.6,14.1,25.593118,11.836237,32.2,6.006882,False
2017-09-13,27.9,9.0,25.475914,11.732258,32.01,2.424086,False
2017-09-14,23.5,11.8,25.346022,11.623656,31.91,-1.846022,False
2017-09-15,25.5,8.2,25.217097,11.530323,31.9,0.282903,False
2017-09-16,25.7,9.4,25.071398,11.425376,31.9,0.628602,False
2017-09-17,24.4,11.3,24.871828,11.314731,31.7,-0.471828,False
2017-09-18,16.1,11.6,24.626237,11.211613,31.51,-8.526237,False
2017-09-19,16.3,10.4,24.394946,11.083333,31.3,-8.094946,False
2017-09-20,16.4,10.5,24.196129,10.946129,30.81,-7.796129,False
2017-09-21,16.1,7.5,24.03043,10.842151,30.42,-7.93043,False
2017-09-22,19.0,8.0,23.845376,10.763226,30.2,-4.845376,False
2017-09-23,20.5,9.6,23.620753,10.667097,30.1,-3.120753,False
2017-09-24,22.1,6.3,23.386129,10.533656,29.91,-1.286129,False
2017-09-25,22.1,11.8,23.142903,10.400108,29.71,-1.042903,False
2017-09-26,25.3,12.9,22.869892,10.246882,29.5,2.430108,False
2017-09-27,29.3,12.2,22.565161,10.093011,29.3,6.734839,False
2017-09-28,29.3,13.7,22.270645,9.977419,29.0,7.029355,False
2017-09-29,29.3,13.6,22.010968,9.846452,28.8,7.289032,False
2017-09-30,18.6,8.5,21.786452,9.696559,28.7,-3.186452,False
2017-10-01,17.8,9.3,21.586022,9.57043,28.41,-3.786022,False
2017-10-02,17.3,7.6,21.39172,9.443978,28.3,-4.09172,False
2017-10-03,21.4,5.1,21.21086,9.321183,28.0,0.18914,False
2017-10-04,21.5,4.8,21.041505,9.226989,27.9,0.458495,False
2017-10-05,22.3,3.0,20.845591,9.124946,27.8,1.454409,False
2017-10-06,22.0,4.0,20.650538,9.048172,27.7,1.349462,False
2017-10-07,21.4,12.0,20.443118,8.956559,27.5,0.956882,False
2017-10-08,17.4,7.5,20.206344,8.837097,27.11,-2.806344,False
2017-10-09,18.8,2.4,19.939892,8.736989,26.61,-1.139892,False
2017-10-10,18.5,5.0,19.659462,8.611613,26.12,-1.159462,False
2017-10-11,13.2,4.6,19.367312,8.475376,25.8,-6.167312,False
2017-10-12,12.5,6.2,19.086452,8.319462,25.4,-6.586452,False
2017-10-13,12.8,5.8,18.767957,8.198925,24.91,-5.967957,False
2017-10-14,14.2,0.1,18.423226,8.086237,24.51,-4.223226,False
2017-10-15,18.4,2.4,18.087849,7.944624,23.71,0.312151,False
2017-10-16,18.3,2.8,17.792043,7.802366,23.21,0.507957,False
2017-10-17,18.2,4.4,17.527097,7.666989,23.0,0.672903,False
2017-10-18,17.3,9.8,17.3,7.546022,22.51,0.0,False
2017-10-19,17.5,11.9,17.094946,7.421613,22.4,0.405054,False
2017-10-20,12.3,8.1,16.88,7.33086,22.3,-4.58,False
2017-10-21,13.2,8.0,16.642581,7.265054,21.81,-3.442581,False
2017-10-22,16.6,12.7,16.383333,7.177742,21.6,0.216667,False
2017-10-23,19.3,8.5,16.144731,7.052043,21.4,3.155269,False
2017-10-24,21.3,6.5,15.903978,6.92172,21.11,5.396022,False
2017-10-25,20.3,5.3,15.669355,6.792581,20.9,4.630645,False
2017-10-26,20.3,9.7,15.44957,6.693656,20.41,4.85043,False
2017-10-27,22.2,8.0,15.268387,6.617204,20.3,6.931613,False
2017-10-28,21.0,7.3,15.067957,6.566129,20.11,5.932043,False
2017-10-29,19.9,7.7,14.871935,6.500215,19.8,5.028065,False
2017-10-30,16.7,8.2,14.660108,6.447527,19.6,2.039892,False
2017-10-31,15.9,1.1,14.464731,6.384516,19.3,1.435269,False
2017-11-01,15.6,7.0,14.242688,6.286129,19.1,1.357312,False
2017-11-02,12.7,6.4,14.034086,6.216774,18.7,-1.334086,False
2017-11-03,9.5,3.9,13.812796,6.105054,18.3,-4.312796,False
2017-11-04,8.6,2.9,13.571075,5.99086,17.91,-4.971075,False
2017-11-05,8.9,5.4,13.345484,5.86086,17.7,-4.445484,False
2017-11-06,9.0,1.6,13.110323,5.709247,17.31,-4.110323,False
2017-11-07,8.7,2.3,12.851935,5.564731,17.1,-4.151935,False
2017-11-08,8.7,5.5,12.600968,5.45,16.7,-3.900968,False
2017-11-09,11.6,4.7,12.379785,5.349462,16.4,-0.779785,False
2017-11-10,11.1,6.8,12.194301,5.265914,16.2,-1.094301,False
2017-11-11,12.9,6.4,12.022903,5.155484,16.0,0.877097,False
2017-11-12,14.0,9.0,11.837097,5.082473,15.7,2.162903,False
2017-11-13,13.3,8.7,11.656882,4.976452,15.51,1.643118,False
2017-11-14,13.2,7.0,11.480323,4.863978,15.4,1.719677,False
2017-11-15,12.5,8.0,11.323226,4.782796,15.3,1.176774,False
2017-11-16,8.3,5.8,11.176774,4.706344,15.2,-2.876774,False
2017-11-17,10.3,4.0,11.025484,4.65957,14.81,-0.725484,False
2017-11-18,9.7,3.5,10.864516,4.567204,14.61,-1.164516,False
2017-11-19,8.9,0.0,10.703441,4.468925,14.5,-1.803441,False
2017-11-20,12.6,7.9,10.524946,4.325269,14.2,2.075054,False
2017-11-21,12.7,6.3,10.348495,4.200108,14.1,2.351505,False
2017-11-22,16.7,12.0,10.159247,4.069462,13.8,6.540753,False
2017-11-23,15.4,13.7,9.969247,3.947097,13.6,5.430753,False
2017-11-24,13.1,5.7,9.811398,3.838817,13.5,3.288602,False
2017-11-25,10.6,2.9,9.687204,3.773763,13.5,0.912796,False
2017-11-26,11.8,6.0,9.564946,3.707849,13.5,2.235054,False
2017-11-27,10.2,4.1,9.444516,3.662366,13.4,0.755484,False
2017-11-28,9.5,5.5,9.333333,3.572473,13.2,0.166667,False
2017-11-29,10.3,3.5,9.202688,3.444516,13.1,1.097312,False
2017-11-30,9.4,2.2,9.044731,3.331075,13.0,0.355269,False
2017-12-01,8.7,4.9,8.908172,3.242043,12.7,-0.208172,False
2017-12-02,8.3,6.2,8.794409,3.167957,12.6,-0.494409,False
2017-12-03,8.6,3.2,8.671183,3.06043,12.5,-0.071183,False
2017-12-04,8.0,-0.4,8.571183,2.995054,12.3,-0.571183,False
2017-12-05,9.6,-1.0,8.487849,2.952258,12.2,1.112151,False
2017-12-06,11.6,2.5,8.405699,2.890215,12.01,3.194301,False
2017-12-07,10.5,2.1,8.32871,2.854839,12.0,2.17129,False
2017-12-08,7.6,-0.6,8.276344,2.820968,11.9,-0.676344,False
2017-12-09,6.8,-1.1,8.222258,2.765161,11.9,-1.422258,False
2017-12-10,7.5,-1.2,8.160215,2.708495,11.8,-0.660215,False
2017-12-11,7.0,-2.0,8.072258,2.642366,11.7,-1.072258,False
2017-12-12,5.7,-3.0,8.015054,2.629462,11.6,-2.315054,False
2017-12-13,7.7,-2.2,7.973118,2.626237,11.51,-0.273118,False
2017-12-14,7.0,-0.3,7.928387,2.606452,11.5,-0.928387,False
2017-12-15,5.7,-0.4,7.879892,2.587312,11.5,-2.179892,False
2017-12-16,7.1,0.6,7.819677,2.532258,11.4,-0.719677,False
2017-12-17,8.2,3.3,7.767097,2.487742,11.4,0.432903,False
2017-12-18,10.2,6.1,7.73043,2.413763,11.4,2.46957,False
2017-12-19,10.3,6.8,7.699032,2.40172,11.4,2.600968,False
2017-12-20,7.3,2.7,7.672473,2.406452,11.5,-0.372473,False
2017-12-21,5.8,-4.8,7.653118,2.423118,11.5,-1.853118,False
2017-12-22,3.9,-0.4,7.64172,2.402366,11.5,-3.74172,False
2017-12-23,4.0,1.9,7.661183,2.424086,11.5,-3.661183,False
2017-12-24,2.8,-1.2,7.688602,2.457312,11.51,-4.888602,False
2017-12-25,4.5,-1.6,7.706237,2.482043,11.5,-3.206237,False
2017-12-26,2.8,-2.9,7.714086,2.500753,11.5,-4.914086,False
2017-12-27,5.2,-0.9,7.715699,2.495591,11.51,-2.515699,False
2017-12-28,6.2,3.4,7.701183,2.461075,11.5,-1.501183,False
2017-12-29,11.8,6.2,7.694946,2.446344,11.6,4.105054,False
2017-12-30,12.2,5.1,7.693333,2.455484,11.6,4.506667,False
2017-12-31,9.6,-0.6,7.716344,2.440215,11.6,1.883656,False
2018-01-01,7.2,-1.1,7.713118,2.42828,11.6,-0.513118,False
2018-01-02,6.8,0.7,7.717419,2.41,11.6,-0.917419,False
2018-01-03,8.1,1.0,7.772903,2.444086,11.6,0.327097,False
2018-01-04,7.9,2.7,7.811935,2.478602,11.61,0.088065,False
2018-01-05,8.9,4.8,7.850538,2.467204,11.6,1.049462,False
2018-01-06,10.4,5.4,7.883011,2.480753,11.6,2.516989,False
2018-01-07,8.6,3.2,7.923226,2.497742,11.6,0.676774,False
2018-01-08,7.5,3.7,7.967742,2.537097,11.61,-0.467742,False
2018-01-09,8.5,6.1,8.029677,2.589785,11.71,0.470323,False
2018-01-10,8.3,3.9,8.11,2.629892,11.9,0.19,False
2018-01-11,12.9,7.1,8.18129,2.667742,11.9,4.71871,False
2018-01-12,12.2,9.0,8.213226,2.637957,12.0,3.986774,False
2018-01-13,14.5,6.7,8.267204,2.646237,12.1,6.232796,False
2018-01-14,14.6,5.9,8.334839,2.688387,12.1,6.265161,False
2018-01-15,13.6,5.6,8.407849,2.707527,12.1,5.192151,False
2018-01-16,12.6,7.7,8.485699,2.760753,12.2,4.114301,False
2018-01-17,12.1,6.4,8.565484,2.776882,12.21,3.534516,False
2018-01-18,12.2,6.8,8.633763,2.808495,12.3,3.566237,False
2018-01-19,8.5,4.5,8.712796,2.823656,12.4,-0.212796,False
2018-01-20,9.6,4.6,8.815591,2.850323,12.6,0.784409,False
2018-01-21,9.3,7.9,8.923333,2.879355,12.8,0.376667,False
2018-01-22,9.6,4.2,9.015161,2.933118,12.8,0.584839,False
2018-01-23,8.7,4.2,9.090538,2.943226,12.9,-0.390538,False
2018-01-24,9.8,7.8,9.14172,2.934946,13.0,0.65828,False
2018-01-25,8.4,3.3,9.217097,2.922151,13.2,-0.817097,False
2018-01-26,7.6,3.0,9.283333,2.896344,13.2,-1.683333,False
2018-01-27,10.9,5.8,9.365376,2.902903,13.3,1.534624,False
2018-01-28,14.6,9.2,9.46871,2.922366,13.3,5.13129,False
2018-01-29,14.3,7.5,9.547527,2.926344,13.31,4.752473,False
2018-01-30,11.6,6.4,9.63914,2.945161,13.4,1.96086,False
2018-01-31,8.7,2.8,9.752258,3.00129,13.5,-1.052258,False
2018-02-01,8.2,4.3,9.868387,3.06,13.7,-1.668387,False
2018-02-02,13.9,8.2,9.968925,3.114086,13.7,3.931075,False
2018-02-03,14.3,8.5,10.026129,3.105914,13.8,4.273871,False
2018-02-04,14.7,9.7,10.077527,3.108602,13.8,4.622473,False
2018-02-05,14.5,8.2,10.134516,3.099247,13.81,4.365484,False
2018-02-06,13.2,3.8,10.202366,3.118602,14.0,2.997634,False
2018-02-07,14.0,3.1,10.281935,3.136559,14.1,3.718065,False
2018-02-08,14.1,4.1,10.348172,3.101183,14.1,3.751828,False
2018-02-09,13.5,4.8,10.399462,3.072903,14.3,3.100538,False
2018-02-10,9.7,2.6,10.445914,3.048817,14.3,-0.745914,False
2018-02-11,9.6,0.3,10.493548,3.026344,14.31,-0.893548,False
2018-02-12,8.8,0.9,10.564086,3.037634,14.5,-1.764086,False
2018-02-13,9.7,-3.7,10.626882,3.026882,14.6,-0.926882,False
2018-02-14,9.7,2.4,10.696667,3.025484,14.7,-0.996667,False
2018-02-15,9.2,1.4,10.757634,3.046559,14.7,-1.557634,False
2018-02-16,9.7,4.1,10.835591,3.066989,14.71,-1.135591,False
2018-02-17,10.8,7.0,10.908602,3.078602,14.8,-0.108602,False
2018-02-18,10.0,1.5,10.976452,3.109785,14.9,-0.976452,False
2018-02-19,3.9,-1.9,11.054516,3.121613,15.1,-7.154516,False
2018-02-20,3.5,-2.6,11.120645,3.122151,15.31,-7.620645,False
2018-02-21,2.5,-4.2,11.202796,3.146882,15.41,-8.702796,False
2018-02-22,3.8,-0.7,11.301505,3.174731,15.7,-7.501505,False
2018-02-23,3.7,-7.3,11.400323,3.22,15.8,-7.700323,False
2018-02-24,9.5,2.1,11.533441,3.267957,15.91,-2.033441,False
2018-02-25,9.0,4.4,11.664624,3.35172,16.11,-2.664624,False
2018-02-26,7.7,-1.6,11.788817,3.432581,16.4,-4.088817,False
2018-02-27,8.0,-0.4,11.88172,3.513871,16.5,-3.88172,False
2018-02-28,7.2,4.0,11.961828,3.577957,16.8,-4.761828,False
2018-03-01,8.9,2.8,12.050645,3.641075,17.01,-3.150645,False
2018-03-02,9.3,2.2,12.11914,3.67,17.1,-2.81914,False
2018-03-03,9.4,0.9,12.194731,3.715376,17.1,-2.794731,False
2018-03-04,9.7,-0.6,12.289677,3.716022,17.3,-2.589677,False
2018-03-05,10.1,2.6,12.404946,3.749892,17.6,-2.304946,False
2018-03-06,13.2,-1.9,12.510108,3.803441,17.7,0.689892,False
2018-03-07,13.6,0.2,12.613548,3.834731,17.7,0.986452,False
2018-03-08,12.5,4.6,12.707204,3.88,17.8,-0.207204,False
2018-03-09,12.4,5.7,12.810215,3.930753,18.0,-0.410215,False
2018-03-10,16.4,-0.8,12.906667,3.972151,18.1,3.493333,False
2018-03-11,19.3,4.2,13.000108,4.036989,18.21,6.299892,False
2018-03-12,20.8,6.9,13.085914,4.103978,18.3,7.714086,False
2018-03-13,20.3,9.0,13.177097,4.178925,18.4,7.122903,False
2018-03-14,11.7,5.9,13.32129,4.275269,18.5,-1.62129,False
2018-03-15,12.1,1.7,13.475054,4.363763,18.7,-1.375054,False
2018-03-16,12.3,3.1,13.60043,4.444409,19.1,-1.30043,False
2018-03-17,11.4,3.9,13.705269,4.49086,19.3,-2.305269,False
2018-03-18,11.6,4.0,13.802796,4.530753,19.3,-2.202796,False
2018-03-19,13.6,0.8,13.891075,4.547097,19.51,-0.291075,False
2018-03-20,15.4,-0.3,13.994946,4.597957,19.7,1.405054,False
2018-03-21,15.3,3.8,14.076237,4.646882,19.7,1.223763,False
2018-03-22,12.5,5.5,14.162796,4.737634,19.81,-1.662796,False
2018-03-23,8.2,2.9,14.277957,4.835054,19.91,-6.077957,False
2018-03-24,6.8,1.8,14.357957,4.913226,20.01,-7.557957,False
2018-03-25,11.2,3.2,14.435269,4.965591,20.1,-3.235269,False
2018-03-26,11.0,2.7,14.496452,5.014086,20.11,-3.496452,False
2018-03-27,12.3,6.7,14.561505,5.060215,20.2,-2.261505,False
2018-03-28,13.4,6.5,14.612473,5.093763,20.2,-1.212473,False
2018-03-29,15.5,3.2,14.646559,5.118387,20.3,0.853441,False
2018-03-30,15.8,6.3,14.686022,5.098602,20.31,1.113978,False
2018-03-31,16.3,6.4,14.736237,5.113333,20.4,1.563763,False
2018-04-01,16.7,3.7,14.826989,5.15828,20.5,1.873011,False
2018-04-02,11.0,2.3,14.942903,5.225914,20.7,-3.942903,False
2018-04-03,11.2,0.2,15.049677,5.269032,20.91,-3.849677,False
2018-04-04,14.9,6.9,15.143871,5.322151,21.21,-0.243871,False
2018-04-05,15.2,9.4,15.234839,5.376882,21.51,-0.034839,False
2018-04-06,20.0,11.2,15.342366,5.435699,21.62,4.657634,False
2018-04-07,20.1,11.0,15.460645,5.496022,21.81,4.639355,False
2018-04-08,11.4,8.7,15.581398,5.562258,22.01,-4.181398,False
2018-04-09,19.4,4.6,15.693763,5.626237,22.2,3.706237,False
2018-04-10,19.8,10.7,15.816667,5.695914,22.4,3.983333,False
2018-04-11,15.8,8.1,15.955161,5.764194,22.6,-0.155161,False
2018-04-12,9.8,4.8,16.105699,5.853548,22.7,-6.305699,False
2018-04-13,12.1,7.0,16.220215,5.925484,22.8,-4.120215,False
2018-04-14,14.2,8.8,16.320968,5.991075,22.8,-2.120968,False
2018-04-15,13.7,8.6,16.397634,6.050323,22.8,-2.697634,False
2018-04-16,9.6,4.4,16.507419,6.079355,22.9,-6.907419,False
2018-04-17,11.9,6.1,16.643548,6.15914,23.0,-4.743548,False
2018-04-18,15.9,4.8,16.786129,6.241613,23.1,-0.886129,False
2018-04-19,18.9,3.7,16.918172,6.335591,23.3,1.981828,False
2018-04-20,19.0,3.8,17.041505,6.441075,23.5,1.958495,False
2018-04-21,18.4,8.6,17.197849,6.53129,23.6,1.202151,False
2018-04-22,17.5,3.9,17.352043,6.584946,23.81,0.147957,False
2018-04-23,22.7,3.3,17.468817,6.627742,24.11,5.231183,False
2018-04-24,26.3,11.1,17.584731,6.665161,24.21,8.715269,False
2018-04-25,27.4,11.2,17.716774,6.732258,24.52,9.683226,False
2018-04-26,28.0,9.5,17.880215,6.808817,25.01,10.119785,False
2018-04-27,28.6,10.4,18.013226,6.88129,25.32,10.586774,False
2018-04-28,15.4,8.2,18.165376,6.958602,25.6,-2.765376,False
2018-04-29,14.4,7.9,18.376452,7.072903,25.8,-3.976452,False
2018-04-30,14.1,7.9,18.586452,7.215269,26.02,-4.486452,False
2018-05-01,14.0,8.2,18.759892,7.336452,26.31,-4.759892,False
2018-05-02,21.6,5.3,18.893548,7.439785,26.5,2.706452,False
2018-05-03,23.1,7.7,19.032581,7.537312,26.7,4.067419,False
2018-05-04,21.7,10.1,19.143871,7.642903,26.7,2.556129,False
2018-05-05,21.7,10.7,19.223763,7.756989,26.7,2.476237,False
2018-05-06,21.8,11.2,19.296344,7.837204,26.7,2.503656,False
2018-05-07,22.1,11.3,19.377419,7.920215,26.9,2.722581,False
2018-05-08,23.6,9.6,19.505484,8.02914,27.1,4.094516,False
2018-05-09,20.6,12.1,19.667097,8.138065,27.21,0.932903,False
2018-05-10,18.9,9.3,19.807742,8.240645,27.3,-0.907742,False
2018-05-11,19.2,8.3,19.916452,8.347957,27.3,-0.716452,False
2018-05-12,24.8,9.8,20.023548,8.474624,27.3,4.776452,False
2018-05-13,30.5,11.0,20.122688,8.575914,27.41,10.377312,True
2018-05-14,30.8,12.4,20.245699,8.677634,27.8,10.554301,True
2018-05-15,30.2,11.8,20.38043,8.764086,27.9,9.81957,True
2018-05-16,21.7,13.0,20.534409,8.882366,28.0,1.165591,False
2018-05-17,19.3,12.1,20.664839,9.011183,28.22,-1.364839,False
2018-05-18,20.0,9.6,20.757097,9.096452,28.22,-0.757097,False
2018-05-19,19.5,11.6,20.889462,9.183656,28.4,-1.389462,False
2018-05-20,20.4,12.3,21.025699,9.286022,28.5,-0.625699,False
2018-05-21,22.5,9.4,21.145699,9.374409,28.51,1.354301,False
2018-05-22,28.7,9.0,21.231075,9.454301,28.6,7.468925,False
2018-05-23,28.9,12.7,21.296237,9.561505,28.6,7.603763,False
2018-05-24,25.7,13.7,21.359032,9.650323,28.6,4.340968,False
2018-05-25,22.8,11.2,21.446989,9.750538,28.6,1.353011,False
2018-05-26,20.3,8.0,21.497419,9.82828,28.6,-1.197419,False
2018-05-27,24.7,8.7,21.547097,9.893441,28.51,3.152903,False
2018-05-28,25.2,8.9,21.638172,9.967204,28.5,3.561828,False
2018-05-29,22.0,7.5,21.678172,10.065269,28.4,0.321828,False
2018-05-30,19.3,5.6,21.664194,10.101075,28.4,-2.364194,False
2018-05-31,19.7,9.0,21.680645,10.133226,28.31,-1.980645,False
2018-06-01,20.4,6.1,21.724301,10.17086,28.4,-1.324301,False
2018-06-02,26.7,8.6,21.798602,10.213118,28.4,4.901398,False
2018-06-03,27.5,10.6,21.872366,10.277742,28.4,5.627634,False
2018-06-04,19.4,10.1,21.977419,10.301828,28.4,-2.577419,False
2018-06-05,22.2,7.1,22.130968,10.367204,28.7,0.069032,False
2018-06-06,25.6,8.5,22.285914,10.462473,28.81,3.314086,False
2018-06-07,26.2,11.9,22.426452,10.533548,28.9,3.773548,False
2018-06-08,22.0,11.8,22.511935,10.590323,28.71,-0.511935,False
2018-06-09,15.6,9.6,22.581935,10.659677,28.9,-6.981935,False
2018-06-10,14.7,7.7,22.694946,10.718925,29.1,-7.994946,False
2018-06-11,21.0,8.8,22.843978,10.793011,29.31,-1.843978,False
2018-06-12,26.0,6.4,23.000645,10.87086,29.8,2.999355,False
2018-06-13,26.1,12.7,23.14871,10.949892,29.9,2.95129,False
2018-06-14,19.0,11.1,23.294194,11.029785,30.01,-4.294194,False
2018-06-15,20.4,9.6,23.415161,11.118495,30.22,-3.015161,False
2018-06-16,24.4,12.0,23.519785,11.184946,30.41,0.880215,False
2018-06-17,30.9,12.4,23.626989,11.256989,30.61,7.273011,False
2018-06-18,31.1,14.7,23.747957,11.335914,30.8,7.352043,False
2018-06-19,30.9,13.5,23.826452,11.397849,30.9,7.073548,False
2018-06-20,32.7,16.7,23.924624,11.445591,30.9,8.775376,False
2018-06-21,30.9,15.2,24.050323,11.49871,30.91,6.849677,False
2018-06-22,23.7,13.9,24.213333,11.563871,31.11,-0.513333,False
2018-06-23,23.8,14.6,24.393333,11.631183,31.3,-0.593333,False
2018-06-24,30.8,11.6,24.591613,11.724409,31.4,6.208387,False
2018-06-25,32.2,14.2,24.774946,11.816667,31.61,7.425054,False
2018-06-26,23.6,9.2,24.977097,11.903011,31.71,-1.377097,False
2018-06-27,24.2,10.4,25.169892,11.997742,31.81,-0.969892,False
2018-06-28,22.9,11.0,25.332043,12.107097,31.91,-2.432043,False
2018-06-29,26.8,10.2,25.516989,12.151398,32.0,1.283011,False
2018-06-30,27.0,12.0,25.750215,12.253978,32.0,1.249785,False
2018-07-01,26.2,15.1,25.966237,12.367097,32.2,0.233763,False
2018-07-02,23.5,12.8,26.17086,12.480645,32.41,-2.67086,False
2018-07-03,24.2,9.2,26.342151,12.574194,32.6,-2.142151,False
2018-07-04,26.7,13.9,26.510108,12.654409,32.7,0.189892,False
2018-07-05,29.6,12.9,26.672688,12.764409,32.9,2.927312,False
2018-07-06,29.3,14.9,26.817527,12.847957,33.11,2.482473,False
2018-07-07,26.1,13.0,26.988602,12.93828,33.4,-0.888602,False
2018-07-08,29.9,11.4,27.129462,13.043656,33.6,2.770538,False
2018-07-09,30.2,13.3,27.295484,13.124624,33.71,2.904516,False
2018-07-10,23.9,13.8,27.45043,13.176344,33.8,-3.55043,False
2018-07-11,30.8,12.9,27.588495,13.236452,33.8,3.211505,False
2018-07-12,35.9,15.6,27.734194,13.290108,33.9,8.165806,False
2018-07-13,35.7,16.6,27.866237,13.347634,33.9,7.833763,False
2018-07-14,32.9,13.9,27.997527,13.390538,33.9,4.902473,False
2018-07-15,36.7,19.0,28.122688,13.440538,34.0,8.577312,True
2018-07-16,37.3,18.9,28.244086,13.467634,34.11,9.055914,True
2018-07-17,36.0,15.7,28.348172,13.49828,34.01,7.651828,True
2018-07-18,32.7,15.1,28.440753,13.526129,34.1,4.259247,False
2018-07-19,27.5,12.3,28.54129,13.556989,34.11,-1.04129,False
2018-07-20,25.2,9.4,28.686452,13.622258,34.21,-3.486452,False
2018-07-21,26.0,10.4,28.813226,13.685914,34.43,-2.813226,False
2018-07-22,33.6,11.9,28.870108,13.735806,34.43,4.729892,False
2018-07-23,34.1,16.5,28.884086,13.776559,34.43,5.215914,False
2018-07-24,34.1,14.8,28.888495,13.806667,34.43,5.211505,False
2018-07-25,34.7,15.0,28.907419,13.831505,34.8,5.792581,False
2018-07-26,35.3,17.2,28.950753,13.858495,35.0,6.349247,False
2018-07-27,35.0,14.8,28.997849,13.891398,35.0,6.002151,False
2018-07-28,33.4,14.1,29.039462,13.90914,35.01,4.360538,False
2018-07-29,36.4,16.1,29.109032,13.915591,35.01,7.290968,False
2018-07-30,37.4,18.0,29.196774,13.968495,35.1,8.203226,False
2018-07-31,33.9,16.6,29.23086,13.995161,35.1,4.66914,False
2018-08-01,32.3,15.1,29.251183,14.001613,35.2,3.048817,False
2018-08-02,30.5,14.7,29.267849,14.008495,35.11,1.232151,False
2018-08-03,24.2,15.8,29.310215,14.00871,35.11,-5.110215,False
2018-08-04,28.8,11.7,29.315269,14.015269,35.2,-0.515269,False
2018-08-05,31.5,13.1,29.313763,14.01172,35.2,2.186237,False
2018-08-06,32.2,15.6,29.295054,14.001075,35.2,2.904946,False
2018-08-07,34.2,15.5,29.219677,13.946667,35.1,4.980323,False
2018-08-08,35.1,17.7,29.170538,13.894731,35.0,5.929462,True
2018-08-09,35.7,16.6,29.106452,13.846774,35.0,6.593548,True
2018-08-10,35.9,18.0,29.051183,13.816022,35.0,6.848817,True
2018-08-11,32.1,17.1,29.00871,13.787742,34.9,3.09129,False
2018-08-12,25.8,13.4,28.934946,13.757742,34.7,-3.134946,False
2018-08-13,32.8,12.7,28.880645,13.72129,34.7,3.919355,False
2018-08-14,34.7,14.8,28.824731,13.70914,34.6,5.875269,False
2018-08-15,35.1,15.6,28.723871,13.685591,34.5,6.376129,False
2018-08-16,31.7,15.4,28.606129,13.671075,34.31,3.093871,False
2018-08-17,27.6,11.6,28.515376,13.637204,34.21,-0.915376,False
2018-08-18,29.4,10.5,28.454194,13.58957,34.21,0.945806,False
2018-08-19,30.3,14.0,28.393871,13.556667,34.31,1.906129,False
2018-08-20,30.5,14.5,28.283226,13.501075,34.3,2.216774,False
2018-08-21,33.6,15.9,28.164516,13.438925,34.2,5.435484,False
2018-08-22,33.9,14.3,28.093333,13.38086,34.2,5.806667,False
2018-08-23,33.1,13.6,28.070538,13.333333,34.2,5.029462,False
2018-08-24,21.9,13.0,28.033978,13.297634,34.2,-6.133978,False
2018-08-25,22.3,8.5,27.956129,13.244839,34.0,-5.656129,False
2018-08-26,22.3,14.8,27.865914,13.18129,33.9,-5.565914,False
2018-08-27,24.7,15.4,27.815161,13.127849,33.9,-3.115161,False
2018-08-28,31.1,10.7,27.756129,13.058925,33.8,3.343871,False
2018-08-29,31.3,11.1,27.649032,12.97914,33.7,3.650968,False
2018-08-30,28.7,15.0,27.478602,12.89828,33.32,1.221398,False
2018-08-31,23.6,15.9,27.31,12.823548,33.11,-3.71,False
2018-09-01,23.7,11.1,27.141398,12.747204,33.0,-3.441398,False
2018-09-02,26.5,9.8,26.963978,12.666344,32.81,-0.463978,False
2018-09-03,26.6,12.6,26.765484,12.590215,32.7,-0.165484,False
2018-09-04,28.0,8.4,26.60086,12.510215,32.6,1.39914,False
2018-09-05,32.0,10.6,26.42129,12.404409,32.5,5.57871,False
2018-09-06,32.1,12.7,26.271075,12.304839,32.5,5.828925,False
2018-09-07,30.8,10.9,26.169677,12.226022,32.41,4.630323,False
2018-09-08,27.2,14.9,26.071828,12.12957,32.41,1.128172,False
2018-09-09,25.8,10.1,25.973978,12.053978,32.4,-0.173978,False
2018-09-10,25.7,14.3,25.85828,12.008065,32.4,-0.15828,False
2018-09-11,21.5,12.3,25.710108,11.930645,32.3,-4.210108,False
2018-09-12,19.3,11.9,25.593118,11.836237,32.2,-6.293118,False
2018-09-13,19.6,9.3,25.475914,11.732258,32.01,-5.875914,False
2018-09-14,20.8,9.0,25.346022,11.623656,31.91,-4.546022,False
2018-09-15,20.8,8.6,25.217097,11.530323,31.9,-4.417097,False
2018-09-16,19.3,12.7,25.071398,11.425376,31.9,-5.771398,False
2018-09-17,20.0,7.6,24.871828,11.314731,31.7,-4.871828,False
2018-09-18,21.1,6.6,24.626237,11.211613,31.51,-3.526237,False
2018-09-19,21.7,6.5,24.394946,11.083333,31.3,-2.694946,False
2018-09-20,22.4,8.7,24.196129,10.946129,30.81,-1.796129,False
2018-09-21,24.0,10.0,24.03043,10.842151,30.42,-0.03043,False
2018-09-22,24.0,14.9,23.845376,10.763226,30.2,0.154624,False
2018-09-23,19.5,7.0,23.620753,10.667097,30.1,-4.120753,False
2018-09-24,22.1,5.9,23.386129,10.533656,29.91,-1.286129,False
2018-09-25,27.0,7.0,23.142903,10.400108,29.71,3.857097,False
2018-09-26,27.5,7.5,22.869892,10.246882,29.5,4.630108,False
2018-09-27,28.9,10.8,22.565161,10.093011,29.3,6.334839,False
2018-09-28,30.3,9.4,22.270645,9.977419,29.0,8.029355,False
2018-09-29,30.2,11.4,22.010968,9.846452,28.8,8.189032,False
2018-09-30,20.9,10.5,21.786452,9.696559,28.7,-0.886452,False
2018-10-01,22.1,13.6,21.586022,9.57043,28.41,0.513978,False
2018-10-02,21.1,13.0,21.39172,9.443978,28.3,-0.29172,False
2018-10-03,18.7,4.0,21.21086,9.321183,28.0,-2.51086,False
2018-10-04,18.4,7.3,21.041505,9.226989,27.9,-2.641505,False
2018-10-05,18.0,5.0,20.845591,9.124946,27.8,-2.845591,False
2018-10-06,16.9,11.5,20.650538,9.048172,27.7,-3.750538,False
2018-10-07,16.6,6.0,20.443118,8.956559,27.5,-3.843118,False
2018-10-08,15.9,11.2,20.206344,8.837097,27.11,-4.306344,False
2018-10-09,17.5,12.5,19.939892,8.736989,26.61,-2.439892,False
2018-10-10,18.4,8.7,19.659462,8.611613,26.12,-1.259462,False
2018-10-11,20.4,5.0,19.367312,8.475376,25.8,1.032688,False
2018-10-12,20.3,5.7,19.086452,8.319462,25.4,1.213548,False
2018-10-13,21.3,6.8,18.767957,8.198925,24.91,2.532043,False
2018-10-14,21.3,5.4,18.423226,8.086237,24.51,2.876774,False
2018-10-15,23.8,4.2,18.087849,7.944624,23.71,5.712151,False
2018-10-16,25.8,5.1,17.792043,7.802366,23.21,8.007957,False
2018-10-17,24.8,7.4,17.527097,7.666989,23.0,7.272903,False
2018-10-18,24.0,5.7,17.3,7.546022,22.51,6.7,False
2018-10-19,21.7,4.9,17.094946,7.421613,22.4,4.605054,False
2018-10-20,21.2,5.7,16.88,7.33086,22.3,4.32,False
2018-10-21,19.6,4.4,16.642581,7.265054,21.81,2.957419,False
2018-10-22,19.6,3.3,16.383333,7.177742,21.6,3.216667,False
2018-10-23,19.1,5.1,16.144731,7.052043,21.4,2.955269,False
2018-10-24,15.7,9.1,15.903978,6.92172,21.11,-0.203978,False
2018-10-25,15.7,10.0,15.669355,6.792581,20.9,0.030645,False
2018-10-26,16.6,11.9,15.44957,6.693656,20.41,1.15043,False
2018-10-27,16.1,10.2,15.268387,6.617204,20.3,0.831613,False
2018-10-28,15.7,11.9,15.067957,6.566129,20.11,0.632043,False
2018-10-29,14.1,8.0,14.871935,6.500215,19.8,-0.771935,False
2018-10-30,13.9,6.4,14.660108,6.447527,19.6,-0.760108,False
2018-10-31,13.5,10.1,14.464731,6.384516,19.3,-0.964731,False
2018-11-01,18.0,13.4,14.242688,6.286129,19.1,3.757312,False
2018-11-02,17.8,13.5,14.034086,6.216774,18.7,3.765914,False
2018-11-03,16.4,9.1,13.812796,6.105054,18.3,2.587204,False
2018-11-04,16.7,11.1,13.571075,5.99086,17.91,3.128925,False
2018-11-05,15.3,8.2,13.345484,5.86086,17.7,1.954516,False
2018-11-06,13.5,6.7,13.110323,5.709247,17.31,0.389677,False
2018-11-07,12.5,3.7,12.851935,5.564731,17.1,-0.351935,False
2018-11-08,12.4,0.1,12.600968,5.45,16.7,-0.200968,False
2018-11-09,11.7,-2.4,12.379785,5.349462,16.4,-0.679785,False
2018-11-10,11.3,2.2,12.194301,5.265914,16.2,-0.894301,False
2018-11-11,13.0,-0.9,12.022903,5.155484,16.0,0.977097,False
2018-11-12,12.2,4.8,11.837097,5.082473,15.7,0.362903,False
2018-11-13,10.1,1.1,11.656882,4.976452,15.51,-1.556882,False
2018-11-14,10.7,1.7,11.480323,4.863978,15.4,-0.780323,False
2018-11-15,13.2,5.6,11.323226,4.782796,15.3,1.876774,False
2018-11-16,13.2,5.9,11.176774,4.706344,15.2,2.023226,False
2018-11-17,14.3,6.3,11.025484,4.65957,14.81,3.274516,False
2018-11-18,13.2,0.6,10.864516,4.567204,14.61,2.335484,False
2018-11-19,12.5,0.1,10.703441,4.468925,14.5,1.796559,False
2018-11-20,11.1,-0.5,10.524946,4.325269,14.2,0.575054,False
2018-11-21,9.7,3.4,10.348495,4.200108,14.1,-0.648495,False
2018-11-22,9.4,6.2,10.159247,4.069462,13.8,-0.759247,False
2018-11-23,9.4,7.7,9.969247,3.947097,13.6,-0.569247,False
2018-11-24,9.0,1.3,9.811398,3.838817,13.5,-0.811398,False
2018-11-25,7.9,0.8,9.687204,3.773763,13.5,-1.787204,False
2018-11-26,11.7,5.4,9.564946,3.707849,13.5,2.135054,False
2018-11-27,13.6,10.5,9.444516,3.662366,13.4,4.155484,False
2018-11-28,11.9,9.2,9.333333,3.572473,13.2,2.566667,False
2018-11-29,11.0,6.2,9.202688,3.444516,13.1,1.797312,False
2018-11-30,9.7,5.3,9.044731,3.331075,13.0,0.655269,False
2018-12-01,7.4,4.5,8.908172,3.242043,12.7,-1.508172,False
2018-12-02,7.9,4.5,8.794409,3.167957,12.6,-0.894409,False
2018-12-03,8.2,0.2,8.671183,3.06043,12.5,-0.471183,False
2018-12-04,9.0,1.9,8.571183,2.995054,12.3,0.428817,False
2018-12-05,8.0,-1.6,8.487849,2.952258,12.2,-0.487849,False
2018-12-06,7.4,-1.1,8.405699,2.890215,12.01,-1.005699,False
2018-12-07,5.7,-2.5,8.32871,2.854839,12.0,-2.62871,False
2018-12-08,5.8,1.2,8.276344,2.820968,11.9,-2.476344,False
2018-12-09,5.6,3.2,8.222258,2.765161,11.9,-2.622258,False
2018-12-10,8.8,2.6,8.160215,2.708495,11.8,0.639785,False
2018-12-11,10.1,5.5,8.072258,2.642366,11.7,2.027742,False
2018-12-12,10.4,5.2,8.015054,2.629462,11.6,2.384946,False
2018-12-13,12.1,7.0,7.973118,2.626237,11.51,4.126882,False
2018-12-14,11.3,2.2,7.928387,2.606452,11.5,3.371613,False
2018-12-15,9.7,3.9,7.879892,2.587312,11.5,1.820108,False
2018-12-16,10.3,6.8,7.819677,2.532258,11.4,2.480323,False
2018-12-17,10.7,7.0,7.767097,2.487742,11.4,2.932903,False
2018-12-18,13.2,8.2,7.73043,2.413763,11.4,5.46957,False
2018-12-19,11.5,6.6,7.699032,2.40172,11.4,3.800968,False
2018-12-20,11.8,8.7,7.672473,2.406452,11.5,4.127527,False
2018-12-21,9.3,1.3,7.653118,2.423118,11.5,1.646882,False
2018-12-22,6.2,-0.1,7.64172,2.402366,11.5,-1.44172,False
2018-12-23,9.5,5.1,7.661183,2.424086,11.5,1.838817,False
2018-12-24,9.1,6.4,7.688602,2.457312,11.51,1.411398,False
2018-12-25,8.3,2.2,7.706237,2.482043,11.5,0.593763,False
2018-12-26,6.9,2.8,7.714086,2.500753,11.5,-0.814086,False
2018-12-27,8.5,2.9,7.715699,2.495591,11.51,0.784301,False
2018-12-28,7.8,4.3,7.701183,2.461075,11.5,0.098817,False
2018-12-29,11.1,7.0,7.694946,2.446344,11.6,3.405054,False
2018-12-30,10.7,5.8,7.693333,2.455484,11.6,3.006667,False
2018-12-31,8.2,0.4,7.716344,2.440215,11.6,0.483656,False
2019-01-01,6.2,-1.9,7.713118,2.42828,11.6,-1.513118,False
2019-01-02,6.0,-3.1,7.717419,2.41,11.6,-1.717419,False
2019-01-03,11.1,3.5,7.772903,2.444086,11.6,3.327097,False
2019-01-04,11.0,8.6,7.811935,2.478602,11.61,3.188065,False
2019-01-05,10.7,3.3,7.850538,2.467204,11.6,2.849462,False
2019-01-06,9.0,4.8,7.883011,2.480753,11.6,1.116989,False
2019-01-07,6.8,1.3,7.923226,2.497742,11.6,-1.123226,False
2019-01-08,8.0,2.9,7.967742,2.537097,11.61,0.032258,False
2019-01-09,9.7,4.7,8.029677,2.589785,11.71,1.670323,False
2019-01-10,12.6,8.3,8.11,2.629892,11.9,4.49,False
2019-01-11,12.3,6.2,8.18129,2.667742,11.9,4.11871,False
2019-01-12,11.4,2.2,8.213226,2.637957,12.0,3.186774,False
2019-01-13,10.8,1.7,8.267204,2.646237,12.1,2.532796,False
2019-01-14,9.2,1.7,8.334839,2.688387,12.1,0.865161,False
2019-01-15,7.8,0.9,8.407849,2.707527,12.1,-0.607849,False
2019-01-16,7.6,1.2,8.485699,2.760753,12.2,-0.885699,False
2019-01-17,10.3,3.6,8.565484,2.776882,12.21,1.734516,False
2019-01-18,9.5,6.4,8.633763,2.808495,12.3,0.866237,False
2019-01-19,11.1,7.2,8.712796,2.823656,12.4,2.387204,False
2019-01-20,10.2,5.1,8.815591,2.850323,12.6,1.384409,False
2019-01-21,8.8,2.1,8.923333,2.879355,12.8,-0.123333,False
2019-01-22,8.5,4.7,9.015161,2.933118,12.8,-0.515161,False
2019-01-23,12.3,6.3,9.090538,2.943226,12.9,3.209462,False
2019-01-24,11.7,5.0,9.14172,2.934946,13.0,2.55828,False
2019-01-25,9.8,3.6,9.217097,2.922151,13.2,0.582903,False
2019-01-26,9.9,-0.5,9.283333,2.896344,13.2,0.616667,False
2019-01-27,8.7,1.5,9.365376,2.902903,13.3,-0.665376,False
2019-01-28,11.8,2.4,9.46871,2.922366,13.3,2.33129,False
2019-01-29,11.9,0.9,9.547527,2.926344,13.31,2.352473,False
2019-01-30,11.2,-1.1,9.63914,2.945161,13.4,1.56086,False
2019-01-31,11.3,0.2,9.752258,3.00129,13.5,1.547742,False
2019-02-01,10.9,3.9,9.868387,3.06,13.7,1.031613,False
2019-02-02,9.8,6.5,9.968925,3.114086,13.7,-0.168925,False
2019-02-03,9.1,4.1,10.026129,3.105914,13.8,-0.926129,False
2019-02-04,5.8,0.4,10.077527,3.108602,13.8,-4.277527,False
2019-02-05,2.8,-2.7,10.134516,3.099247,13.81,-7.334516,False
2019-02-06,3.9,-3.2,10.202366,3.118602,14.0,-6.302366,False
2019-02-07,3.7,-5.1,10.281935,3.136559,14.1,-6.581935,False
2019-02-08,3.8,-2.7,10.348172,3.101183,14.1,-6.548172,False
2019-02-09,3.0,-0.3,10.399462,3.072903,14.3,-7.399462,False
2019-02-10,2.3,-3.5,10.445914,3.048817,14.3,-8.145914,False
2019-02-11,5.9,2.1,10.493548,3.026344,14.31,-4.593548,False
2019-02-12,6.7,3.6,10.564086,3.037634,14.5,-3.864086,False
2019-02-13,6.5,3.6,10.626882,3.026882,14.6,-4.126882,False
2019-02-14,6.4,3.0,10.696667,3.025484,14.7,-4.296667,False
2019-02-15,8.5,3.5,10.757634,3.046559,14.7,-2.257634,False
2019-02-16,8.1,3.9,10.835591,3.066989,14.71,-2.735591,False
2019-02-17,6.3,0.1,10.908602,3.078602,14.8,-4.608602,False
2019-02-18,7.4,-1.6,10.976452,3.109785,14.9,-3.576452,False
2019-02-19,7.4,1.8,11.054516,3.121613,15.1,-3.654516,False
2019-02-20,7.4,2.6,11.120645,3.122151,15.31,-3.720645,False
2019-02-21,9.0,-1.4,11.202796,3.146882,15.41,-2.202796,False
2019-02-22,8.8,-0.8,11.301505,3.174731,15.7,-2.501505,False
2019-02-23,8.1,0.4,11.400323,3.22,15.8,-3.300323,False
2019-02-24,7.7,3.4,11.533441,3.267957,15.91,-3.833441,False
2019-02-25,5.7,1.5,11.664624,3.35172,16.11,-5.964624,False
2019-02-26,3.7,-3.8,11.788817,3.432581,16.4,-8.088817,False
2019-02-27,2.1,-1.2,11.88172,3.513871,16.5,-9.78172,False
2019-02-28,6.9,-3.7,11.961828,3.577957,16.8,-5.061828,False
2019-03-01,10.5,1.7,12.050645,3.641075,17.01,-1.550645,False
2019-03-02,9.5,-0.3,12.11914,3.67,17.1,-2.61914,False
2019-03-03,7.7,0.7,12.194731,3.715376,17.1,-4.494731,False
2019-03-04,6.7,-2.2,12.289677,3.716022,17.3,-5.589677,False
2019-03-05,7.0,-2.9,12.404946,3.749892,17.6,-5.404946,False
2019-03-06,6.3,-0.1,12.510108,3.803441,17.7,-6.210108,False
2019-03-07,7.6,0.6,12.613548,3.834731,17.7,-5.013548,False
2019-03-08,6.7,-0.7,12.707204,3.88,17.8,-6.007204,False
2019-03-09,9.7,0.3,12.810215,3.930753,18.0,-3.110215,False
2019-03-10,11.5,-1.3,12.906667,3.972151,18.1,-1.406667,False
2019-03-11,13.9,-2.0,13.000108,4.036989,18.21,0.899892,False
2019-03-12,13.5,5.0,13.085914,4.103978,18.3,0.414086,False
2019-03-13,12.6,3.4,13.177097,4.178925,18.4,-0.577097,False
2019-03-14,13.9,1.4,13.32129,4.275269,18.5,0.57871,False
2019-03-15,17.3,0.9,13.475054,4.363763,18.7,3.824946,False
2019-03-16,17.4,3.6,13.60043,4.444409,19.1,3.79957,False
2019-03-17,19.6,2.9,13.705269,4.49086,19.3,5.894731,False
2019-03-18,20.1,7.4,13.802796,4.530753,19.3,6.297204,False
2019-03-19,21.6,8.9,13.891075,4.547097,19.51,7.708925,False
2019-03-20,23.7,10.4,13.994946,4.597957,19.7,9.705054,False
2019-03-21,23.1,8.1,14.076237,4.646882,19.7,9.023763,False
2019-03-22,14.0,4.9,14.162796,4.737634,19.81,-0.162796,False
2019-03-23,14.4,6.1,14.277957,4.835054,19.91,0.122043,False
2019-03-24,15.5,4.6,14.357957,4.913226,20.01,1.142043,False
2019-03-25,15.6,5.7,14.435269,4.965591,20.1,1.164731,False
2019-03-26,15.0,3.9,14.496452,5.014086,20.11,0.503548,False
2019-03-27,14.7,4.2,14.561505,5.060215,20.2,0.138495,False
2019-03-28,16.1,3.7,14.612473,5.093763,20.2,1.487527,False
2019-03-29,16.6,5.4,14.646559,5.118387,20.3,1.953441,False
2019-03-30,19.3,3.6,14.686022,5.098602,20.31,4.613978,False
2019-03-31,20.4,4.0,14.736237,5.113333,20.4,5.663763,False
2019-04-01,20.3,8.4,14.826989,5.15828,20.5,5.473011,False
2019-04-02,17.8,11.6,14.942903,5.225914,20.7,2.857097,False
2019-04-03,15.7,11.4,15.049677,5.269032,20.91,0.650323,False
2019-04-04,15.4,7.6,15.143871,5.322151,21.21,0.256129,False
2019-04-05,15.0,10.0,15.234839,5.376882,21.51,-0.234839,False
2019-04-06,13.9,7.4,15.342366,5.435699,21.62,-1.442366,False
2019-04-07,13.8,8.9,15.460645,5.496022,21.81,-1.660645,False
2019-04-08,14.0,9.0,15.581398,5.562258,22.01,-1.581398,False
2019-04-09,13.6,8.6,15.693763,5.626237,22.2,-2.093763,False
2019-04-10,13.3,7.6,15.816667,5.695914,22.4,-2.516667,False
2019-04-11,12.0,9.3,15.955161,5.764194,22.6,-3.955161,False
2019-04-12,15.6,7.2,16.105699,5.853548,22.7,-0.505699,False
2019-04-13,15.6,6.6,16.220215,5.925484,22.8,-0.620215,False
2019-04-14,10.9,4.6,16.320968,5.991075,22.8,-5.420968,False
2019-04-15,11.3,3.9,16.397634,6.050323,22.8,-5.097634,False
2019-04-16,16.0,7.6,16.507419,6.079355,22.9,-0.507419,False
2019-04-17,17.5,9.7,16.643548,6.15914,23.0,0.856452,False
2019-04-18,23.8,8.4,16.786129,6.241613,23.1,7.013871,False
2019-04-19,24.1,11.9,16.918172,6.335591,23.3,7.181828,False
2019-04-20,16.7,9.6,17.041505,6.441075,23.5,-0.341505,False
2019-04-21,16.8,8.0,17.197849,6.53129,23.6,-0.397849,False
2019-04-22,16.9,5.2,17.352043,6.584946,23.81,-0.452043,False
2019-04-23,18.0,11.5,17.468817,6.627742,24.11,0.531183,False
2019-04-24,18.3,5.9,17.584731,6.665161,24.21,0.715269,False
2019-04-25,21.7,4.6,17.716774,6.732258,24.52,3.983226,False
2019-04-26,21.1,8.3,17.880215,6.808817,25.01,3.219785,False
2019-04-27,17.7,6.1,18.013226,6.88129,25.32,-0.313226,False
2019-04-28,18.0,2.4,18.165376,6.958602,25.6,-0.165376,False
2019-04-29,18.7,3.9,18.376452,7.072903,25.8,0.323548,False
2019-04-30,20.0,4.1,18.586452,7.215269,26.02,1.413548,False
2019-05-01,20.2,2.9,18.759892,7.336452,26.31,1.440108,False
2019-05-02,19.1,4.4,18.893548,7.439785,26.5,0.206452,False
2019-05-03,18.8,4.9,19.032581,7.537312,26.7,-0.232581,False
2019-05-04,21.7,6.9,19.143871,7.642903,26.7,2.556129,False
2019-05-05,22.9,9.7,19.223763,7.756989,26.7,3.676237,False
2019-05-06,26.5,9.6,19.296344,7.837204,26.7,7.203656,False
2019-05-07,26.5,9.1,19.377419,7.920215,26.9,7.122581,False
2019-05-08,24.4,8.2,19.505484,8.02914,27.1,4.894516,False
2019-05-09,28.6,11.1,19.667097,8.138065,27.21,8.932903,True
2019-05-10,29.6,9.8,19.807742,8.240645,27.3,9.792258,True
2019-05-11,29.9,9.6,19.916452,8.347957,27.3,9.983548,True
2019-05-12,27.7,9.7,20.023548,8.474624,27.3,7.676452,True
2019-05-13,23.3,8.4,20.122688,8.575914,27.41,3.177312,False
2019-05-14,21.6,10.7,20.245699,8.677634,27.8,1.354301,False
2019-05-15,17.6,9.8,20.38043,8.764086,27.9,-2.78043,False
2019-05-16,15.9,11.6,20.534409,8.882366,28.0,-4.634409,False
2019-05-17,16.7,11.4,20.664839,9.011183,28.22,-3.964839,False
2019-05-18,21.6,10.2,20.757097,9.096452,28.22,0.842903,False
2019-05-19,20.5,11.0,20.889462,9.183656,28.4,-0.389462,False
2019-05-20,17.1,10.9,21.025699,9.286022,28.5,-3.925699,False
2019-05-21,17.5,10.3,21.145699,9.374409,28.51,-3.645699,False
2019-05-22,21.3,10.2,21.231075,9.454301,28.6,0.068925,False
2019-05-23,23.8,12.2,21.296237,9.561505,28.6,2.503763,False
2019-05-24,24.5,11.5,21.359032,9.650323,28.6,3.140968,False
2019-05-25,15.3,9.8,21.446989,9.750538,28.6,-6.146989,False
2019-05-26,21.1,8.8,21.497419,9.82828,28.6,-0.397419,False
2019-05-27,21.2,12.9,21.547097,9.893441,28.51,-0.347097,False
2019-05-28,19.5,12.4,21.638172,9.967204,28.5,-2.138172,False
2019-05-29,22.8,11.3,21.678172,10.065269,28.4,1.121828,False
2019-05-30,23.5,11.3,21.664194,10.101075,28.4,1.835806,False
2019-05-31,25.7,12.5,21.680645,10.133226,28.31,4.019355,False
2019-06-01,25.9,11.0,21.724301,10.17086,28.4,4.175699,False
2019-06-02,25.7,10.5,21.798602,10.213118,28.4,3.901398,False
2019-06-03,25.5,9.8,21.872366,10.277742,28.4,3.627634,False
2019-06-04,24.0,6.9,21.977419,10.301828,28.4,2.022581,False
2019-06-05,24.8,11.5,22.130968,10.367204,28.7,2.669032,False
2019-06-06,17.9,10.2,22.285914,10.462473,28.81,-4.385914,False
2019-06-07,16.9,9.1,22.426452,10.533548,28.9,-5.526452,False
2019-06-08,18.2,8.7,22.511935,10.590323,28.71,-4.311935,False
2019-06-09,25.9,7.3,22.581935,10.659677,28.9,3.318065,False
2019-06-10,28.4,11.4,22.694946,10.718925,29.1,5.705054,False
2019-06-11,34.5,14.0,22.843978,10.793011,29.31,11.656022,True
2019-06-12,35.3,17.4,23.000645,10.87086,29.8,12.299355,True
2019-06-13,35.9,16.8,23.14871,10.949892,29.9,12.75129,True
2019-06-14,27.6,11.1,23.294194,11.029785,30.01,4.305806,False
2019-06-15,24.5,9.6,23.415161,11.118495,30.22,1.084839,False
2019-06-16,25.8,11.3,23.519785,11.184946,30.41,2.280215,False
2019-06-17,25.8,12.5,23.626989,11.256989,30.61,2.173011,False
2019-06-18,25.8,13.9,23.747957,11.335914,30.8,2.052043,False
2019-06-19,21.9,8.9,23.826452,11.397849,30.9,-1.926452,False
2019-06-20,19.8,11.3,23.924624,11.445591,30.9,-4.124624,False
2019-06-21,20.7,11.4,24.050323,11.49871,30.91,-3.350323,False
2019-06-22,21.2,10.4,24.213333,11.563871,31.11,-3.013333,False
2019-06-23,21.6,13.0,24.393333,11.631183,31.3,-2.793333,False
2019-06-24,21.6,9.5,24.591613,11.724409,31.4,-2.991613,False
2019-06-25,22.4,10.5,24.774946,11.816667,31.61,-2.374946,False
2019-06-26,22.5,12.3,24.977097,11.903011,31.71,-2.477097,False
2019-06-27,20.7,11.8,25.169892,11.997742,31.81,-4.469892,False
2019-06-28,22.0,9.5,25.332043,12.107097,31.91,-3.332043,False
2019-06-29,25.5,11.2,25.516989,12.151398,32.0,-0.016989,False
2019-06-30,27.5,11.6,25.750215,12.253978,32.0,1.749785,False
2019-07-01,27.8,14.0,25.966237,12.367097,32.2,1.833763,False
2019-07-02,22.0,13.9,26.17086,12.480645,32.41,-4.17086,False
2019-07-03,21.4,13.5,26.342151,12.574194,32.6,-4.942151,False
2019-07-04,26.1,11.9,26.510108,12.654409,32.7,-0.410108,False
2019-07-05,26.1,12.6,26.672688,12.764409,32.9,-0.572688,False
2019-07-06,24.1,14.0,26.817527,12.847957,33.11,-2.717527,False
2019-07-07,22.1,12.7,26.988602,12.93828,33.4,-4.888602,False
2019-07-08,23.8,12.0,27.129462,13.043656,33.6,-3.329462,False
2019-07-09,24.3,13.1,27.295484,13.124624,33.71,-2.995484,False
2019-07-10,22.8,16.2,27.45043,13.176344,33.8,-4.65043,False
2019-07-11,25.6,16.3,27.588495,13.236452,33.8,-1.988495,False
2019-07-12,27.6,14.8,27.734194,13.290108,33.9,-0.134194,False
2019-07-13,27.8,16.3,27.866237,13.347634,33.9,-0.066237,False
2019-07-14,28.4,13.2,27.997527,13.390538,33.9,0.402473,False
2019-07-15,28.8,17.2,28.122688,13.440538,34.0,0.677312,False
2019-07-16,26.4,17.0,28.244086,13.467634,34.11,-1.844086,False
2019-07-17,26.1,15.7,28.348172,13.49828,34.01,-2.248172,False
2019-07-18,23.7,15.5,28.440753,13.526129,34.1,-4.740753,False
2019-07-19,23.6,12.3,28.54129,13.556989,34.11,-4.94129,False
2019-07-20,29.2,11.1,28.686452,13.622258,34.21,0.513548,False
2019-07-21,31.8,12.7,28.813226,13.685914,34.43,2.986774,False
2019-07-22,32.1,14.0,28.870108,13.735806,34.43,3.229892,False
2019-07-23,29.6,13.7,28.884086,13.776559,34.43,0.715914,False
2019-07-24,26.1,12.6,28.888495,13.806667,34.43,-2.788495,False
2019-07-25,31.7,12.6,28.907419,13.831505,34.8,2.792581,False
2019-07-26,32.4,16.6,28.950753,13.858495,35.0,3.449247,False
2019-07-27,32.4,16.4,28.997849,13.891398,35.0,3.402151,False
2019-07-28,28.5,12.3,29.039462,13.90914,35.01,-0.539462,False
2019-07-29,28.6,13.1,29.109032,13.915591,35.01,-0.509032,False
2019-07-30,27.6,13.6,29.196774,13.968495,35.1,-1.596774,False
2019-07-31,30.0,13.3,29.23086,13.995161,35.1,0.76914,False
2019-08-01,31.8,14.3,29.251183,14.001613,35.2,2.548817,False
2019-08-02,32.2,17.2,29.267849,14.008495,35.11,2.932151,False
2019-08-03,30.2,15.5,29.310215,14.00871,35.11,0.889785,False
2019-08-04,33.1,15.7,29.315269,14.015269,35.2,3.784731,False
2019-08-05,33.7,16.7,29.313763,14.01172,35.2,4.386237,False
2019-08-06,32.1,14.8,29.295054,14.001075,35.2,2.804946,False
2019-08-07,29.6,15.3,29.219677,13.946667,35.1,0.380323,False
2019-08-08,25.0,16.4,29.170538,13.894731,35.0,-4.170538,False
2019-08-09,24.5,14.6,29.106452,13.846774,35.0,-4.606452,False
2019-08-10,24.6,13.9,29.051183,13.816022,35.0,-4.451183,False
2019-08-11,23.4,14.9,29.00871,13.787742,34.9,-5.60871,False
2019-08-12,27.9,12.0,28.934946,13.757742,34.7,-1.034946,False
2019-08-13,31.3,12.9,28.880645,13.72129,34.7,2.419355,False
2019-08-14,31.7,14.9,28.824731,13.70914,34.6,2.875269,False
2019-08-15,29.5,13.8,28.723871,13.685591,34.5,0.776129,False
2019-08-16,27.0,14.6,28.606129,13.671075,34.31,-1.606129,False
2019-08-17,23.6,15.2,28.515376,13.637204,34.21,-4.915376,False
2019-08-18,25.5,13.4,28.454194,13.58957,34.21,-2.954194,False
2019-08-19,26.2,13.4,28.393871,13.556667,34.31,-2.193871,False
2019-08-20,29.0,12.4,28.283226,13.501075,34.3,0.716774,False
2019-08-21,28.7,12.8,28.164516,13.438925,34.2,0.535484,False
2019-08-22,22.6,10.9,28.093333,13.38086,34.2,-5.493333,False
2019-08-23,27.2,11.0,28.070538,13.333333,34.2,-0.870538,False
2019-08-24,27.5,13.2,28.033978,13.297634,34.2,-0.533978,False
2019-08-25,25.8,13.7,27.956129,13.244839,34.0,-2.156129,False
2019-08-26,29.6,11.2,27.865914,13.18129,33.9,1.734086,False
2019-08-27,35.5,13.3,27.815161,13.127849,33.9,7.684839,True
2019-08-28,35.7,15.1,27.756129,13.058925,33.8,7.943871,True
2019-08-29,35.9,18.0,27.649032,12.97914,33.7,8.250968,True
2019-08-30,27.9,18.4,27.478602,12.89828,33.32,0.421398,False
2019-08-31,27.8,12.8,27.31,12.823548,33.11,0.49,False
2019-09-01,27.9,17.9,27.141398,12.747204,33.0,0.758602,False
2019-09-02,27.7,14.4,26.963978,12.666344,32.81,0.736022,False
2019-09-03,27.8,13.9,26.765484,12.590215,32.7,1.034516,False
2019-09-04,27.5,14.9,26.60086,12.510215,32.6,0.89914,False
2019-09-05,31.3,14.0,26.42129,12.404409,32.5,4.87871,False
2019-09-06,31.8,16.8,26.271075,12.304839,32.5,5.528925,False
2019-09-07,26.6,16.2,26.169677,12.226022,32.41,0.430323,False
2019-09-08,21.7,15.6,26.071828,12.12957,32.41,-4.371828,False
2019-09-09,20.3,14.7,25.973978,12.053978,32.4,-5.673978,False
2019-09-10,20.1,13.8,25.85828,12.008065,32.4,-5.75828,False
2019-09-11,22.4,11.9,25.710108,11.930645,32.3,-3.310108,False
2019-09-12,27.4,10.2,25.593118,11.836237,32.2,1.806882,False
2019-09-13,27.3,16.0,25.475914,11.732258,32.01,1.824086,False
2019-09-14,23.9,13.5,25.346022,11.623656,31.91,-1.446022,False
2019-09-15,23.9,14.5,25.217097,11.530323,31.9,-1.317097,False
2019-09-16,19.0,12.2,25.071398,11.425376,31.9,-6.071398,False
2019-09-17,17.1,13.4,24.871828,11.314731,31.7,-7.771828,False
2019-09-18,18.2,12.6,24.626237,11.211613,31.51,-6.426237,False
2019-09-19,20.4,10.1,24.394946,11.083333,31.3,-3.994946,False
2019-09-20,20.7,13.2,24.196129,10.946129,30.81,-3.496129,False
2019-09-21,21.4,12.5,24.03043,10.842151,30.42,-2.63043,False
2019-09-22,21.3,12.5,23.845376,10.763226,30.2,-2.545376,False
2019-09-23,18.8,11.4,23.620753,10.667097,30.1,-4.820753,False
2019-09-24,23.0,14.9,23.386129,10.533656,29.91,-0.386129,False
2019-09-25,23.1,10.5,23.142903,10.400108,29.71,-0.042903,False
2019-09-26,21.2,11.7,22.869892,10.246882,29.5,-1.669892,False
2019-09-27,18.6,8.4,22.565161,10.093011,29.3,-3.965161,False
2019-09-28,14.9,7.0,22.270645,9.977419,29.0,-7.370645,False
2019-09-29,13.3,5.8,22.010968,9.846452,28.8,-8.710968,False
2019-09-30,15.0,4.8,21.786452,9.696559,28.7,-6.786452,False
2019-10-01,16.6,2.0,21.586022,9.57043,28.41,-4.986022,False
2019-10-02,16.7,2.7,21.39172,9.443978,28.3,-4.69172,False
2019-10-03,15.2,9.2,21.21086,9.321183,28.0,-6.01086,False
2019-10-04,16.0,8.1,21.041505,9.226989,27.9,-5.041505,False
2019-10-05,17.4,6.7,20.845591,9.124946,27.8,-3.445591,False
2019-10-06,20.5,4.7,20.650538,9.048172,27.7,-0.150538,False
2019-10-07,20.3,4.6,20.443118,8.956559,27.5,-0.143118,False
2019-10-08,18.9,10.5,20.206344,8.837097,27.11,-1.306344,False
2019-10-09,12.9,0.9,19.939892,8.736989,26.61,-7.039892,False
2019-10-10,16.1,-0.1,19.659462,8.611613,26.12,-3.559462,False
2019-10-11,18.0,3.5,19.367312,8.475376,25.8,-1.367312,False
2019-10-12,17.7,3.3,19.086452,8.319462,25.4,-1.386452,False
2019-10-13,17.0,8.7,18.767957,8.198925,24.91,-1.767957,False
2019-10-14,16.5,2.6,18.423226,8.086237,24.51,-1.923226,False
2019-10-15,16.4,3.5,18.087849,7.944624,23.71,-1.687849,False
2019-10-16,15.7,10.1,17.792043,7.802366,23.21,-2.092043,False
2019-10-17,13.9,9.8,17.527097,7.666989,23.0,-3.627097,False
2019-10-18,13.8,8.5,17.3,7.546022,22.51,-3.5,False
2019-10-19,13.4,9.7,17.094946,7.421613,22.4,-3.694946,False
2019-10-20,13.6,6.8,16.88,7.33086,22.3,-3.28,False
2019-10-21,16.0,10.3,16.642581,7.265054,21.81,-0.642581,False
2019-10-22,17.0,14.6,16.383333,7.177742,21.6,0.616667,False
2019-10-23,16.5,4.0,16.144731,7.052043,21.4,0.355269,False
2019-10-24,18.9,4.2,15.903978,6.92172,21.11,2.996022,False
2019-10-25,18.7,6.4,15.669355,6.792581,20.9,3.030645,False
2019-10-26,13.2,4.6,15.44957,6.693656,20.41,-2.24957,False
2019-10-27,13.7,0.9,15.268387,6.617204,20.3,-1.568387,False
2019-10-28,13.0,-1.8,15.067957,6.566129,20.11,-2.067957,False
2019-10-29,12.2,1.2,14.871935,6.500215,19.8,-2.671935,False
2019-10-30,12.2,-1.1,14.660108,6.447527,19.6,-2.460108,False
2019-10-31,11.9,-3.2,14.464731,6.384516,19.3,-2.564731,False
2019-11-01,15.4,-1.7,14.242688,6.286129,19.1,1.157312,False
2019-11-02,16.0,0.0,14.034086,6.216774,18.7,1.965914,False
2019-11-03,15.3,1.4,13.812796,6.105054,18.3,1.487204,False
2019-11-04,14.5,1.2,13.571075,5.99086,17.91,0.928925,False
2019-11-05,13.1,2.4,13.345484,5.86086,17.7,-0.245484,False
2019-11-06,15.4,5.8,13.110323,5.709247,17.31,2.289677,False
2019-11-07,15.4,2.2,12.851935,5.564731,17.1,2.548065,False
2019-11-08,15.9,1.4,12.600968,5.45,16.7,3.299032,False
2019-11-09,15.9,4.6,12.379785,5.349462,16.4,3.520215,False
2019-11-10,13.0,9.1,12.194301,5.265914,16.2,0.805699,False
2019-11-11,16.2,8.3,12.022903,5.155484,16.0,4.177097,False
2019-11-12,13.8,5.6,11.837097,5.082473,15.7,1.962903,False
2019-11-13,12.6,7.1,11.656882,4.976452,15.51,0.943118,False
2019-11-14,12.7,8.1,11.480323,4.863978,15.4,1.219677,False
2019-11-15,13.7,7.1,11.323226,4.782796,15.3,2.376774,False
2019-11-16,13.6,6.5,11.176774,4.706344,15.2,2.423226,False
2019-11-17,13.4,8.3,11.025484,4.65957,14.81,2.374516,False
2019-11-18,13.7,8.8,10.864516,4.567204,14.61,2.835484,False
2019-11-19,12.8,9.8,10.703441,4.468925,14.5,2.096559,False
2019-11-20,12.6,3.9,10.524946,4.325269,14.2,2.075054,False
2019-11-21,12.2,0.4,10.348495,4.200108,14.1,1.851505,False
2019-11-22,9.9,-2.5,10.159247,4.069462,13.8,-0.259247,False
2019-11-23,8.4,-1.9,9.969247,3.947097,13.6,-1.569247,False
2019-11-24,10.7,2.0,9.811398,3.838817,13.5,0.888602,False
2019-11-25,9.7,4.0,9.687204,3.773763,13.5,0.012796,False
2019-11-26,7.1,2.2,9.564946,3.707849,13.5,-2.464946,False
2019-11-27,7.5,3.4,9.444516,3.662366,13.4,-1.944516,False
2019-11-28,6.7,0.7,9.333333,3.572473,13.2,-2.633333,False
2019-11-29,6.3,-2.4,9.202688,3.444516,13.1,-2.902688,False
2019-11-30,5.8,-4.8,9.044731,3.331075,13.0,-3.244731,False
2019-12-01,5.8,1.7,8.908172,3.242043,12.7,-3.108172,False
2019-12-02,9.7,-0.4,8.794409,3.167957,12.6,0.905591,False
2019-12-03,7.9,-0.9,8.671183,3.06043,12.5,-0.771183,False
2019-12-04,7.9,2.6,8.571183,2.995054,12.3,-0.671183,False
2019-12-05,9.1,2.9,8.487849,2.952258,12.2,0.612151,False
2019-12-06,9.5,4.8,8.405699,2.890215,12.01,1.094301,False
2019-12-07,8.7,5.9,8.32871,2.854839,12.0,0.37129,False
2019-12-08,10.5,6.9,8.276344,2.820968,11.9,2.223656,False
2019-12-09,10.3,5.4,8.222258,2.765161,11.9,2.077742,False
2019-12-10,7.5,3.2,8.160215,2.708495,11.8,-0.660215,False
2019-12-11,9.3,6.0,8.072258,2.642366,11.7,1.227742,False
2019-12-12,10.2,8.0,8.015054,2.629462,11.6,2.184946,False
2019-12-13,9.7,5.5,7.973118,2.626237,11.51,1.726882,False
2019-12-14,8.6,3.5,7.928387,2.606452,11.5,0.671613,False
2019-12-15,6.6,2.6,7.879892,2.587312,11.5,-1.279892,False
2019-12-16,7.9,1.4,7.819677,2.532258,11.4,0.080323,False
2019-12-17,7.7,0.1,7.767097,2.487742,11.4,-0.067097,False
2019-12-18,4.8,-0.3,7.73043,2.413763,11.4,-2.93043,False
2019-12-19,9.9,2.9,7.699032,2.40172,11.4,2.200968,False
2019-12-20,13.5,10.6,7.672473,2.406452,11.5,5.827527,False
2019-12-21,12.9,7.9,7.653118,2.423118,11.5,5.246882,False
2019-12-22,8.2,5.2,7.64172,2.402366,11.5,0.55828,False
2019-12-23,8.0,4.6,7.661183,2.424086,11.5,0.338817,False
2019-12-24,7.3,0.9,7.688602,2.457312,11.51,-0.388602,False
2019-12-25,6.8,2.7,7.706237,2.482043,11.5,-0.906237,False
2019-12-26,6.0,-1.7,7.714086,2.500753,11.5,-1.714086,False
2019-12-27,6.2,0.7,7.715699,2.495591,11.51,-1.515699,False
2019-12-28,6.9,3.2,7.701183,2.461075,11.5,-0.801183,False
2019-12-29,7.5,4.1,7.694946,2.446344,11.6,-0.194946,False
2019-12-30,7.6,4.5,7.693333,2.455484,11.6,-0.093333,False
2019-12-31,9.0,4.2,7.716344,2.440215,11.6,1.283656,False
2020-01-01,12.1,9.3,7.713118,2.42828,11.6,4.386882,False
2020-01-02,10.4,6.4,7.717419,2.41,11.6,2.682581,False
2020-01-03,12.3,6.2,7.772903,2.444086,11.6,4.527097,False
2020-01-04,11.6,4.9,7.811935,2.478602,11.61,3.788065,False
2020-01-05,8.9,5.6,7.850538,2.467204,11.6,1.049462,False
2020-01-06,10.2,6.5,7.883011,2.480753,11.6,2.316989,False
2020-01-07,12.1,10.0,7.923226,2.497742,11.6,4.176774,False
2020-01-08,9.8,6.0,7.967742,2.537097,11.61,1.832258,False
2020-01-09,5.9,0.6,8.029677,2.589785,11.71,-2.129677,False
2020-01-10,7.9,2.9,8.11,2.629892,11.9,-0.21,False
2020-01-11,8.3,6.1,8.18129,2.667742,11.9,0.11871,False
2020-01-12,7.4,4.8,8.213226,2.637957,12.0,-0.813226,False
2020-01-13,5.4,2.4,8.267204,2.646237,12.1,-2.867204,False
2020-01-14,2.9,0.1,8.334839,2.688387,12.1,-5.434839,False
2020-01-15,3.8,-1.7,8.407849,2.707527,12.1,-4.607849,False
2020-01-16,6.0,2.2,8.485699,2.760753,12.2,-2.485699,False
2020-01-17,5.4,-0.6,8.565484,2.776882,12.21,-3.165484,False
2020-01-18,9.4,4.2,8.633763,2.808495,12.3,0.766237,False
2020-01-19,11.6,6.3,8.712796,2.823656,12.4,2.887204,False
2020-01-20,10.8,5.4,8.815591,2.850323,12.6,1.984409,False
2020-01-21,9.3,5.6,8.923333,2.879355,12.8,0.376667,False
2020-01-22,9.2,6.4,9.015161,2.933118,12.8,0.184839,False
2020-01-23,11.3,9.4,9.090538,2.943226,12.9,2.209462,False
2020-01-24,11.9,9.8,9.14172,2.934946,13.0,2.75828,False
2020-01-25,13.2,8.1,9.217097,2.922151,13.2,3.982903,False
2020-01-26,12.5,8.9,9.283333,2.896344,13.2,3.216667,False
2020-01-27,11.9,5.4,9.365376,2.902903,13.3,2.534624,False
2020-01-28,10.7,8.4,9.46871,2.922366,13.3,1.23129,False
2020-01-29,10.6,7.9,9.547527,2.926344,13.31,1.052473,False
2020-01-30,9.8,4.8,9.63914,2.945161,13.4,0.16086,False
2020-01-31,15.8,9.8,9.752258,3.00129,13.5,6.047742,False
2020-02-01,16.3,8.9,9.868387,3.06,13.7,6.431613,False
2020-02-02,8.2,0.5,9.968925,3.114086,13.7,-1.768925,False
2020-02-03,6.4,-1.3,10.026129,3.105914,13.8,-3.626129,False
2020-02-04,6.6,-4.7,10.077527,3.108602,13.8,-3.477527,False
2020-02-05,10.4,3.3,10.134516,3.099247,13.81,0.265484,False
2020-02-06,13.1,9.3,10.202366,3.118602,14.0,2.897634,False
2020-02-07,12.6,9.7,10.281935,3.136559,14.1,2.318065,False
2020-02-08,12.0,6.3,10.348172,3.101183,14.1,1.651828,False
2020-02-09,8.5,1.1,10.399462,3.072903,14.3,-1.899462,False
2020-02-10,10.0,-0.2,10.445914,3.048817,14.3,-0.445914,False
2020-02-11,10.1,-0.7,10.493548,3.026344,14.31,-0.393548,False
2020-02-12,9.2,4.2,10.564086,3.037634,14.5,-1.364086,False
2020-02-13,9.2,0.7,10.626882,3.026882,14.6,-1.426882,False
2020-02-14,9.3,4.0,10.696667,3.025484,14.7,-1.396667,False
2020-02-15,9.1,5.7,10.757634,3.046559,14.7,-1.657634,False
2020-02-16,9.9,3.4,10.835591,3.066989,14.71,-0.935591,False
2020-02-17,9.5,2.1,10.908602,3.078602,14.8,-1.408602,False
2020-02-18,10.8,-2.3,10.976452,3.109785,14.9,-0.176452,False
2020-02-19,13.8,0.1,11.054516,3.121613,15.1,2.745484,False
2020-02-20,13.4,1.5,11.120645,3.122151,15.31,2.279355,False
2020-02-21,13.8,-0.4,11.202796,3.146882,15.41,2.597204,False
2020-02-22,13.7,-0.7,11.301505,3.174731,15.7,2.398495,False
2020-02-23,11.5,4.0,11.400323,3.22,15.8,0.099677,False
2020-02-24,9.7,3.6,11.533441,3.267957,15.91,-1.833441,False
2020-02-25,12.9,-0.9,11.664624,3.35172,16.11,1.235376,False
2020-02-26,13.3,6.2,11.788817,3.432581,16.4,1.511183,False
2020-02-27,16.0,-0.3,11.88172,3.513871,16.5,4.11828,False
2020-02-28,16.3,1.2,11.961828,3.577957,16.8,4.338172,False
2020-02-29,12.1,4.4,12.006237,3.609516,16.905,0.093763,False
2020-03-01,8.8,-0.4,12.050645,3.641075,17.01,-3.250645,False
2020-03-02,8.9,4.2,12.11914,3.67,17.1,-3.21914,False
2020-03-03,14.6,7.9,12.194731,3.715376,17.1,2.405269,False
2020-03-04,14.0,5.6,12.289677,3.716022,17.3,1.710323,False
2020-03-05,14.5,1.1,12.404946,3.749892,17.6,2.095054,False
2020-03-06,14.4,5.7,12.510108,3.803441,17.7,1.889892,False
2020-03-07,7.7,3.5,12.613548,3.834731,17.7,-4.913548,False
2020-03-08,8.9,-0.3,12.707204,3.88,17.8,-3.807204,False
2020-03-09,12.5,-2.2,12.810215,3.930753,18.0,-0.310215,False
2020-03-10,15.4,-1.7,12.906667,3.972151,18.1,2.493333,False
2020-03-11,15.6,2.8,13.000108,4.036989,18.21,2.599892,False
2020-03-12,12.6,1.4,13.085914,4.103978,18.3,-0.485914,False
2020-03-13,12.2,1.8,13.177097,4.178925,18.4,-0.977097,False
2020-03-14,5.1,1.3,13.32129,4.275269,18.5,-8.22129,False
2020-03-15,8.3,0.0,13.475054,4.363763,18.7,-5.175054,False
2020-03-16,15.4,0.9,13.60043,4.444409,19.1,1.79957,False
2020-03-17,15.5,-0.5,13.705269,4.49086,19.3,1.794731,False
2020-03-18,15.1,2.5,13.802796,4.530753,19.3,1.297204,False
2020-03-19,16.7,-0.5,13.891075,4.547097,19.51,2.808925,False
2020-03-20,18.4,2.9,13.994946,4.597957,19.7,4.405054,False
2020-03-21,18.6,4.1,14.076237,4.646882,19.7,4.523763,False
2020-03-22,16.6,1.0,14.162796,4.737634,19.81,2.437204,False
2020-03-23,16.9,6.3,14.277957,4.835054,19.91,2.622043,False
2020-03-24,9.3,4.5,14.357957,4.913226,20.01,-5.057957,False
2020-03-25,10.3,1.8,14.435269,4.965591,20.1,-4.135269,False
2020-03-26,10.4,0.7,14.496452,5.014086,20.11,-4.096452,False
2020-03-27,10.1,4.8,14.561505,5.060215,20.2,-4.461505,False
2020-03-28,11.5,7.5,14.612473,5.093763,20.2,-3.112473,False
2020-03-29,13.6,9.0,14.646559,5.118387,20.3,-1.046559,False
2020-03-30,12.9,7.4,14.686022,5.098602,20.31,-1.786022,False
2020-03-31,10.3,4.3,14.736237,5.113333,20.4,-4.436237,False
2020-04-01,9.7,3.2,14.826989,5.15828,20.5,-5.126989,False
2020-04-02,9.7,2.5,14.942903,5.225914,20.7,-5.242903,False
2020-04-03,9.9,0.8,15.049677,5.269032,20.91,-5.149677,False
2020-04-04,11.3,2.1,15.143871,5.322151,21.21,-3.843871,False
2020-04-05,16.0,5.9,15.234839,5.376882,21.51,0.765161,False
2020-04-06,16.4,3.6,15.342366,5.435699,21.62,1.057634,False
2020-04-07,16.4,4.4,15.460645,5.496022,21.81,0.939355,False
2020-04-08,21.6,3.6,15.581398,5.562258,22.01,6.018602,False
2020-04-09,22.9,4.9,15.693763,5.626237,22.2,7.206237,False
2020-04-10,22.9,6.3,15.816667,5.695914,22.4,7.083333,False
2020-04-11,19.6,6.6,15.955161,5.764194,22.6,3.644839,False
2020-04-12,17.9,2.8,16.105699,5.853548,22.7,1.794301,False
2020-04-13,18.4,0.9,16.220215,5.925484,22.8,2.179785,False
2020-04-14,19.6,3.1,16.320968,5.991075,22.8,3.279032,False
2020-04-15,19.5,9.3,16.397634,6.050323,22.8,3.102366,False
2020-04-16,20.9,4.7,16.507419,6.079355,22.9,4.392581,False
2020-04-17,22.5,4.3,16.643548,6.15914,23.0,5.856452,False
2020-04-18,22.8,8.1,16.786129,6.241613,23.1,6.013871,False
2020-04-19,16.1,7.4,16.918172,6.335591,23.3,-0.818172,False
2020-04-20,20.7,3.9,17.041505,6.441075,23.5,3.658495,False
2020-04-21,21.0,8.7,17.197849,6.53129,23.6,3.802151,False
2020-04-22,15.6,8.2,17.352043,6.584946,23.81,-1.752043,False
2020-04-23,15.3,9.2,17.468817,6.627742,24.11,-2.168817,False
2020-04-24,16.4,9.2,17.584731,6.665161,24.21,-1.184731,False
2020-04-25,18.5,11.0,17.716774,6.732258,24.52,0.783226,False
2020-04-26,18.5,3.7,17.880215,6.808817,25.01,0.619785,False
2020-04-27,18.8,10.2,18.013226,6.88129,25.32,0.786774,False
2020-04-28,20.6,7.3,18.165376,6.958602,25.6,2.434624,False
2020-04-29,20.9,10.7,18.376452,7.072903,25.8,2.523548,False
2020-04-30,19.1,10.3,18.586452,7.215269,26.02,0.513548,False
2020-05-01,16.8,3.2,18.759892,7.336452,26.31,-1.959892,False
2020-05-02,16.8,10.1,18.893548,7.439785,26.5,-2.093548,False
2020-05-03,14.3,5.7,19.032581,7.537312,26.7,-4.732581,False
2020-05-04,19.9,2.2,19.143871,7.642903,26.7,0.756129,False
2020-05-05,22.4,9.2,19.223763,7.756989,26.7,3.176237,False
2020-05-06,22.0,7.9,19.296344,7.837204,26.7,2.703656,False
2020-05-07,22.7,4.0,19.377419,7.920215,26.9,3.322581,False
2020-05-08,26.9,12.3,19.505484,8.02914,27.1,7.394516,False
2020-05-09,30.3,14.8,19.667097,8.138065,27.21,10.632903,True
2020-05-10,30.0,13.4,19.807742,8.240645,27.3,10.192258,True
2020-05-11,30.1,12.7,19.916452,8.347957,27.3,10.183548,True
2020-05-12,16.7,9.6,20.023548,8.474624,27.3,-3.323548,False
2020-05-13,16.1,9.8,20.122688,8.575914,27.41,-4.022688,False
2020-05-14,16.4,10.1,20.245699,8.677634,27.8,-3.845699,False
2020-05-15,19.1,9.3,20.38043,8.764086,27.9,-1.28043,False
2020-05-16,20.3,11.9,20.534409,8.882366,28.0,-0.234409,False
2020-05-17,19.0,10.5,20.664839,9.011183,28.22,-1.664839,False
2020-05-18,18.3,10.7,20.757097,9.096452,28.22,-2.457097,False
2020-05-19,16.4,9.8,20.889462,9.183656,28.4,-4.489462,False
2020-05-20,16.6,10.3,21.025699,9.286022,28.5,-4.425699,False
2020-05-21,14.6,9.4,21.145699,9.374409,28.51,-6.545699,False
2020-05-22,15.9,7.3,21.231075,9.454301,28.6,-5.331075,False
2020-05-23,16.5,7.7,21.296237,9.561505,28.6,-4.796237,False
2020-05-24,22.3,8.0,21.359032,9.650323,28.6,0.940968,False
2020-05-25,22.3,11.5,21.446989,9.750538,28.6,0.853011,False
2020-05-26,22.2,12.8,21.497419,9.82828,28.6,0.702581,False
2020-05-27,27.1,10.7,21.547097,9.893441,28.51,5.552903,False
2020-05-28,31.7,12.5,21.638172,9.967204,28.5,10.061828,False
2020-05-29,31.9,13.9,21.678172,10.065269,28.4,10.221828,False
2020-05-30,26.4,12.7,21.664194,10.101075,28.4,4.735806,False
2020-05-31,17.5,10.6,21.680645,10.133226,28.31,-4.180645,False
2020-06-01,21.0,6.7,21.724301,10.17086,28.4,-0.724301,False
2020-06-02,23.9,8.5,21.798602,10.213118,28.4,2.101398,False
2020-06-03,23.7,9.4,21.872366,10.277742,28.4,1.827634,False
2020-06-04,22.3,10.7,21.977419,10.301828,28.4,0.322581,False
2020-06-05,21.7,11.1,22.130968,10.367204,28.7,-0.430968,False
2020-06-06,19.6,10.2,22.285914,10.462473,28.81,-2.685914,False
2020-06-07,15.4,8.0,22.426452,10.533548,28.9,-7.026452,False
2020-06-08,17.5,10.5,22.511935,10.590323,28.71,-5.011935,False
2020-06-09,17.8,10.6,22.581935,10.659677,28.9,-4.781935,False
2020-06-10,24.1,14.2,22.694946,10.718925,29.1,1.405054,False
2020-06-11,23.9,14.4,22.843978,10.793011,29.31,1.056022,False
2020-06-12,23.0,13.2,23.000645,10.87086,29.8,-0.000645,False
2020-06-13,14.5,10.4,23.14871,10.949892,29.9,-8.64871,False
2020-06-14,19.2,9.4,23.294194,11.029785,30.01,-4.094194,False
2020-06-15,19.3,12.2,23.415161,11.118495,30.22,-4.115161,False
2020-06-16,17.0,10.9,23.519785,11.184946,30.41,-6.519785,False
2020-06-17,21.2,10.0,23.626989,11.256989,30.61,-2.426989,False
2020-06-18,25.6,10.2,23.747957,11.335914,30.8,1.852043,False
2020-06-19,29.0,12.6,23.826452,11.397849,30.9,5.173548,False
2020-06-20,29.2,16.8,23.924624,11.445591,30.9,5.275376,False
2020-06-21,23.0,14.5,24.050323,11.49871,30.91,-1.050323,False
2020-06-22,27.8,9.7,24.213333,11.563871,31.11,3.586667,False
2020-06-23,32.1,16.0,24.393333,11.631183,31.3,7.706667,False
2020-06-24,31.6,16.3,24.591613,11.724409,31.4,7.008387,False
2020-06-25,27.3,13.6,24.774946,11.816667,31.61,2.525054,False
2020-06-26,29.5,15.0,24.977097,11.903011,31.71,4.522903,False
2020-06-27,29.1,15.4,25.169892,11.997742,31.81,3.930108,False
2020-06-28,20.3,13.0,25.332043,12.107097,31.91,-5.032043,False
2020-06-29,23.1,11.3,25.516989,12.151398,32.0,-2.416989,False
2020-06-30,23.3,13.6,25.750215,12.253978,32.0,-2.450215,False
2020-07-01,19.9,12.9,25.966237,12.367097,32.2,-6.066237,False
2020-07-02,22.6,12.1,26.17086,12.480645,32.41,-3.57086,False
2020-07-03,22.6,11.3,26.342151,12.574194,32.6,-3.742151,False
2020-07-04,22.8,12.1,26.510108,12.654409,32.7,-3.710108,False
2020-07-05,24.0,12.1,26.672688,12.764409,32.9,-2.672688,False
2020-07-06,24.1,13.3,26.817527,12.847957,33.11,-2.717527,False
2020-07-07,21.0,13.6,26.988602,12.93828,33.4,-5.988602,False
2020-07-08,23.3,12.9,27.129462,13.043656,33.6,-3.829462,False
2020-07-09,23.5,11.8,27.295484,13.124624,33.71,-3.795484,False
2020-07-10,25.6,13.0,27.45043,13.176344,33.8,-1.85043,False
2020-07-11,26.3,12.1,27.588495,13.236452,33.8,-1.288495,False
2020-07-12,23.6,13.9,27.734194,13.290108,33.9,-4.134194,False
2020-07-13,26.2,10.0,27.866237,13.347634,33.9,-1.666237,False
2020-07-14,28.7,13.2,27.997527,13.390538,33.9,0.702473,False
2020-07-15,30.3,15.6,28.122688,13.440538,34.0,2.177312,False
2020-07-16,30.3,15.3,28.244086,13.467634,34.11,2.055914,False
2020-07-17,28.5,16.4,28.348172,13.49828,34.01,0.151828,False
2020-07-18,28.6,11.7,28.440753,13.526129,34.1,0.159247,False
2020-07-19,31.6,15.7,28.54129,13.556989,34.11,3.05871,False
2020-07-20,33.4,17.2,28.686452,13.622258,34.21,4.713548,False
2020-07-21,33.9,16.5,28.813226,13.685914,34.43,5.086774,False
2020-07-22,31.1,16.8,28.870108,13.735806,34.43,2.229892,False
2020-07-23,26.5,14.6,28.884086,13.776559,34.43,-2.384086,False
2020-07-24,23.5,13.1,28.888495,13.806667,34.43,-5.388495,False
2020-07-25,26.7,10.5,28.907419,13.831505,34.8,-2.207419,False
2020-07-26,37.1,13.0,28.950753,13.858495,35.0,8.149247,True
2020-07-27,36.8,16.8,28.997849,13.891398,35.0,7.802151,True
2020-07-28,36.5,16.8,29.039462,13.90914,35.01,7.460538,True
2020-07-29,32.9,14.0,29.109032,13.915591,35.01,3.790968,False
2020-07-30,35.1,17.5,29.196774,13.968495,35.1,5.903226,False
2020-07-31,35.6,17.2,29.23086,13.995161,35.1,6.36914,False
2020-08-01,31.3,15.8,29.251183,14.001613,35.2,2.048817,False
2020-08-02,29.7,14.6,29.267849,14.008495,35.11,0.432151,False
2020-08-03,29.9,14.4,29.310215,14.00871,35.11,0.589785,False
2020-08-04,30.0,14.0,29.315269,14.015269,35.2,0.684731,False
2020-08-05,30.2,15.6,29.313763,14.01172,35.2,0.886237,False
2020-08-06,28.7,15.2,29.295054,14.001075,35.2,-0.595054,False
2020-08-07,25.4,12.0,29.219677,13.946667,35.1,-3.819677,False
2020-08-08,25.6,14.0,29.170538,13.894731,35.0,-3.570538,False
2020-08-09,28.0,11.5,29.106452,13.846774,35.0,-1.106452,False
2020-08-10,31.4,14.3,29.051183,13.816022,35.0,2.348817,False
2020-08-11,31.0,11.1,29.00871,13.787742,34.9,1.99129,False
2020-08-12,26.6,12.5,28.934946,13.757742,34.7,-2.334946,False
2020-08-13,25.0,9.0,28.880645,13.72129,34.7,-3.880645,False
2020-08-14,30.6,10.6,28.824731,13.70914,34.6,1.775269,False
2020-08-15,37.5,13.8,28.723871,13.685591,34.5,8.776129,False
2020-08-16,37.8,18.3,28.606129,13.671075,34.31,9.193871,False
2020-08-17,33.6,18.4,28.515376,13.637204,34.21,5.084624,False
2020-08-18,33.8,17.4,28.454194,13.58957,34.21,5.345806,False
2020-08-19,30.7,13.9,28.393871,13.556667,34.31,2.306129,False
2020-08-20,30.8,16.7,28.283226,13.501075,34.3,2.516774,False
2020-08-21,28.5,19.2,28.164516,13.438925,34.2,0.335484,False
2020-08-22,25.8,14.4,28.093333,13.38086,34.2,-2.293333,False
2020-08-23,28.0,12.3,28.070538,13.333333,34.2,-0.070538,False
2020-08-24,28.3,11.9,28.033978,13.297634,34.2,0.266022,False
2020-08-25,26.8,11.6,27.956129,13.244839,34.0,-1.156129,False
2020-08-26,27.6,12.2,27.865914,13.18129,33.9,-0.265914,False
2020-08-27,27.9,11.7,27.815161,13.127849,33.9,0.084839,False
2020-08-28,28.1,12.3,27.756129,13.058925,33.8,0.343871,False
2020-08-29,28.3,12.6,27.649032,12.97914,33.7,0.650968,False
2020-08-30,24.4,9.2,27.478602,12.89828,33.32,-3.078602,False
2020-08-31,24.4,14.8,27.31,12.823548,33.11,-2.91,False
2020-09-01,30.4,13.5,27.141398,12.747204,33.0,3.258602,False
2020-09-02,31.9,15.5,26.963978,12.666344,32.81,4.936022,False
2020-09-03,34.3,15.6,26.765484,12.590215,32.7,7.534516,False
2020-09-04,34.5,15.7,26.60086,12.510215,32.6,7.89914,False
2020-09-05,30.3,13.3,26.42129,12.404409,32.5,3.87871,False
2020-09-06,30.6,13.3,26.271075,12.304839,32.5,4.328925,False
2020-09-07,32.5,15.7,26.169677,12.226022,32.41,6.330323,False
2020-09-08,32.0,18.4,26.071828,12.12957,32.41,5.928172,False
2020-09-09,32.3,18.2,25.973978,12.053978,32.4,6.326022,False
2020-09-10,32.7,13.5,25.85828,12.008065,32.4,6.84172,False
2020-09-11,30.4,9.7,25.710108,11.930645,32.3,4.689892,False
2020-09-12,24.7,8.7,25.593118,11.836237,32.2,-0.893118,False
2020-09-13,24.3,8.8,25.475914,11.732258,32.01,-1.175914,False
2020-09-14,23.4,10.9,25.346022,11.623656,31.91,-1.946022,False
2020-09-15,24.1,13.2,25.217097,11.530323,31.9,-1.117097,False
2020-09-16,23.9,12.1,25.071398,11.425376,31.9,-1.171398,False
2020-09-17,23.3,11.6,24.871828,11.314731,31.7,-1.571828,False
2020-09-18,23.5,15.3,24.626237,11.211613,31.51,-1.126237,False
2020-09-19,22.0,14.0,24.394946,11.083333,31.3,-2.394946,False
2020-09-20,22.4,13.0,24.196129,10.946129,30.81,-1.796129,False
2020-09-21,22.2,10.2,24.03043,10.842151,30.42,-1.83043,False
2020-09-22,21.8,13.7,23.845376,10.763226,30.2,-2.045376,False
2020-09-23,21.4,15.1,23.620753,10.667097,30.1,-2.220753,False
2020-09-24,20.0,14.0,23.386129,10.533656,29.91,-3.386129,False
2020-09-25,19.5,14.1,23.142903,10.400108,29.71,-3.642903,False
2020-09-26,18.9,11.8,22.869892,10.246882,29.5,-3.969892,False
2020-09-27,22.4,10.2,22.565161,10.093011,29.3,-0.165161,False
2020-09-28,28.4,10.5,22.270645,9.977419,29.0,6.129355,False
2020-09-29,28.9,10.4,22.010968,9.846452,28.8,6.889032,False
2020-09-30,28.5,11.7,21.786452,9.696559,28.7,6.713548,False
2020-10-01,25.3,11.9,21.586022,9.57043,28.41,3.713978,False
2020-10-02,25.4,10.5,21.39172,9.443978,28.3,4.00828,False
2020-10-03,25.5,12.6,21.21086,9.321183,28.0,4.28914,False
2020-10-04,23.0,12.3,21.041505,9.226989,27.9,1.958495,False
2020-10-05,21.9,10.5,20.845591,9.124946,27.8,1.054409,False
2020-10-06,24.6,11.3,20.650538,9.048172,27.7,3.949462,False
2020-10-07,24.7,9.9,20.443118,8.956559,27.5,4.256882,False
2020-10-08,22.2,12.6,20.206344,8.837097,27.11,1.993656,False
2020-10-09,21.5,11.2,19.939892,8.736989,26.61,1.560108,False
2020-10-10,21.1,13.3,19.659462,8.611613,26.12,1.440538,False
2020-10-11,15.4,10.4,19.367312,8.475376,25.8,-3.967312,False
2020-10-12,17.5,13.1,19.086452,8.319462,25.4,-1.586452,False
2020-10-13,17.2,11.8,18.767957,8.198925,24.91,-1.567957,False
2020-10-14,17.2,9.8,18.423226,8.086237,24.51,-1.223226,False
2020-10-15,17.1,4.6,18.087849,7.944624,23.71,-0.987849,False
2020-10-16,19.4,5.5,17.792043,7.802366,23.21,1.607957,False
2020-10-17,19.1,12.1,17.527097,7.666989,23.0,1.572903,False
2020-10-18,18.5,11.4,17.3,7.546022,22.51,1.2,False
2020-10-19,18.4,11.0,17.094946,7.421613,22.4,1.305054,False
2020-10-20,16.0,8.1,16.88,7.33086,22.3,-0.88,False
2020-10-21,15.7,7.2,16.642581,7.265054,21.81,-0.942581,False
2020-10-22,13.0,0.3,16.383333,7.177742,21.6,-3.383333,False
2020-10-23,12.8,0.1,16.144731,7.052043,21.4,-3.344731,False
2020-10-24,12.4,8.8,15.903978,6.92172,21.11,-3.503978,False
2020-10-25,9.6,2.4,15.669355,6.792581,20.9,-6.069355,False
2020-10-26,12.0,-2.0,15.44957,6.693656,20.41,-3.44957,False
2020-10-27,14.3,0.7,15.268387,6.617204,20.3,-0.968387,False
2020-10-28,17.0,1.1,15.067957,6.566129,20.11,1.932043,False
2020-10-29,17.0,6.0,14.871935,6.500215,19.8,2.128065,False
2020-10-30,15.2,5.5,14.660108,6.447527,19.6,0.539892,False
2020-10-31,15.8,0.8,14.464731,6.384516,19.3,1.335269,False
2020-11-01,17.9,1.5,14.242688,6.286129,19.1,3.657312,False
2020-11-02,17.7,2.1,14.034086,6.216774,18.7,3.665914,False
2020-11-03,16.3,4.8,13.812796,6.105054,18.3,2.487204,False
2020-11-04,19.3,13.3,13.571075,5.99086,17.91,5.728925,False
2020-11-05,19.3,11.8,13.345484,5.86086,17.7,5.954516,False
2020-11-06,11.6,8.5,13.110323,5.709247,17.31,-1.510323,False
2020-11-07,9.1,0.6,12.851935,5.564731,17.1,-3.751935,False
2020-11-08,8.3,0.6,12.600968,5.45,16.7,-4.300968,False
2020-11-09,7.9,-4.9,12.379785,5.349462,16.4,-4.479785,False
2020-11-10,10.1,3.9,12.194301,5.265914,16.2,-2.094301,False
2020-11-11,9.7,2.1,12.022903,5.155484,16.0,-2.322903,False
2020-11-12,9.0,1.1,11.837097,5.082473,15.7,-2.837097,False
2020-11-13,11.2,7.4,11.656882,4.976452,15.51,-0.456882,False
2020-11-14,9.3,5.5,11.480323,4.863978,15.4,-2.180323,False
2020-11-15,13.0,7.5,11.323226,4.782796,15.3,1.676774,False
2020-11-16,12.9,7.5,11.176774,4.706344,15.2,1.723226,False
2020-11-17,13.0,7.5,11.025484,4.65957,14.81,1.974516,False
2020-11-18,11.9,7.7,10.864516,4.567204,14.61,1.035484,False
2020-11-19,9.5,6.1,10.703441,4.468925,14.5,-1.203441,False
2020-11-20,8.5,1.7,10.524946,4.325269,14.2,-2.024946,False
2020-11-21,8.4,1.9,10.348495,4.200108,14.1,-1.948495,False
2020-11-22,8.2,1.2,10.159247,4.069462,13.8,-1.959247,False
2020-11-23,10.0,5.2,9.969247,3.947097,13.6,0.030753,False
2020-11-24,10.0,5.3,9.811398,3.838817,13.5,0.188602,False
2020-11-25,9.9,4.9,9.687204,3.773763,13.5,0.212796,False
2020-11-26,10.1,5.7,9.564946,3.707849,13.5,0.535054,False
2020-11-27,9.5,2.6,9.444516,3.662366,13.4,0.055484,False
2020-11-28,7.1,2.6,9.333333,3.572473,13.2,-2.233333,False
2020-11-29,8.8,3.2,9.202688,3.444516,13.1,-0.402688,False
2020-11-30,10.5,2.0,9.044731,3.331075,13.0,1.455269,False
2020-12-01,9.5,-0.2,8.908172,3.242043,12.7,0.591828,False
2020-12-02,12.5,5.9,8.794409,3.167957,12.6,3.705591,False
2020-12-03,10.2,2.0,8.671183,3.06043,12.5,1.528817,False
2020-12-04,11.2,-1.4,8.571183,2.995054,12.3,2.628817,False
2020-12-05,9.7,0.9,8.487849,2.952258,12.2,1.212151,False
2020-12-06,10.3,4.7,8.405699,2.890215,12.01,1.894301,False
2020-12-07,9.5,2.9,8.32871,2.854839,12.0,1.17129,False
2020-12-08,10.6,3.2,8.276344,2.820968,11.9,2.323656,False
2020-12-09,10.9,6.3,8.222258,2.765161,11.9,2.677742,False
2020-12-10,9.8,1.6,8.160215,2.708495,11.8,1.639785,False
2020-12-11,5.6,2.6,8.072258,2.642366,11.7,-2.472258,False
2020-12-12,6.8,0.5,8.015054,2.629462,11.6,-1.215054,False
2020-12-13,7.5,3.5,7.973118,2.626237,11.51,-0.473118,False
2020-12-14,8.8,4.1,7.928387,2.606452,11.5,0.871613,False
2020-12-15,9.8,5.8,7.879892,2.587312,11.5,1.920108,False
2020-12-16,9.4,6.8,7.819677,2.532258,11.4,1.580323,False
2020-12-17,10.4,6.1,7.767097,2.487742,11.4,2.632903,False
2020-12-18,9.6,5.2,7.73043,2.413763,11.4,1.86957,False
2020-12-19,10.7,8.5,7.699032,2.40172,11.4,3.000968,False
2020-12-20,12.6,10.5,7.672473,2.406452,11.5,4.927527,False
2020-12-21,14.2,8.6,7.653118,2.423118,11.5,6.546882,False
2020-12-22,12.2,4.1,7.64172,2.402366,11.5,4.55828,False
2020-12-23,7.7,-0.1,7.661183,2.424086,11.5,0.038817,False
2020-12-24,7.0,-1.2,7.688602,2.457312,11.51,-0.688602,False
2020-12-25,4.1,0.6,7.706237,2.482043,11.5,-3.606237,False
2020-12-26,9.4,4.2,7.714086,2.500753,11.5,1.685914,False
2020-12-27,9.7,4.6,7.715699,2.495591,11.51,1.984301,False
2020-12-28,8.7,1.2,7.701183,2.461075,11.5,0.998817,False
2020-12-29,7.2,-1.2,7.694946,2.446344,11.6,-0.494946,False
2020-12-30,6.7,2.7,7.693333,2.455484,11.6,-0.993333,False
2020-12-31,10.1,7.3,7.716344,2.440215,11.6,2.383656,False
2021-01-01,10.5,8.0,7.713118,2.42828,11.6,2.786882,False
2021-01-02,10.0,8.1,7.717419,2.41,11.6,2.282581,False
2021-01-03,11.0,6.2,7.772903,2.444086,11.6,3.227097,False
2021-01-04,10.3,8.3,7.811935,2.478602,11.61,2.488065,False
2021-01-05,8.8,5.4,7.850538,2.467204,11.6,0.949462,False
2021-01-06,9.4,6.9,7.883011,2.480753,11.6,1.516989,False
2021-01-07,10.4,6.4,7.923226,2.497742,11.6,2.476774,False
2021-01-08,10.2,6.4,7.967742,2.537097,11.61,2.232258,False
2021-01-09,9.2,2.1,8.029677,2.589785,11.71,1.170323,False
2021-01-10,9.0,3.5,8.11,2.629892,11.9,0.89,False
2021-01-11,9.6,5.4,8.18129,2.667742,11.9,1.41871,False
2021-01-12,13.7,8.3,8.213226,2.637957,12.0,5.486774,False
2021-01-13,14.4,7.6,8.267204,2.646237,12.1,6.132796,False
2021-01-14,12.2,3.2,8.334839,2.688387,12.1,3.865161,False
2021-01-15,11.3,6.4,8.407849,2.707527,12.1,2.892151,False
2021-01-16,10.5,3.9,8.485699,2.760753,12.2,2.014301,False
2021-01-17,10.1,5.3,8.565484,2.776882,12.21,1.534516,False
2021-01-18,10.3,2.5,8.633763,2.808495,12.3,1.666237,False
2021-01-19,10.6,-0.1,8.712796,2.823656,12.4,1.887204,False
2021-01-20,9.8,-1.9,8.815591,2.850323,12.6,0.984409,False
2021-01-21,9.5,3.6,8.923333,2.879355,12.8,0.576667,False
2021-01-22,10.1,4.5,9.015161,2.933118,12.8,1.084839,False
2021-01-23,9.5,-2.2,9.090538,2.943226,12.9,0.409462,False
2021-01-24,6.8,2.3,9.14172,2.934946,13.0,-2.34172,False
2021-01-25,6.0,0.3,9.217097,2.922151,13.2,-3.217097,False
2021-01-26,5.7,0.2,9.283333,2.896344,13.2,-3.583333,False
2021-01-27,7.2,2.1,9.365376,2.902903,13.3,-2.165376,False
2021-01-28,8.4,4.5,9.46871,2.922366,13.3,-1.06871,False
2021-01-29,7.9,3.1,9.547527,2.926344,13.31,-1.647527,False
2021-01-30,9.3,5.1,9.63914,2.945161,13.4,-0.33914,False
2021-01-31,10.8,7.2,9.752258,3.00129,13.5,1.047742,False
2021-02-01,10.7,8.2,9.868387,3.06,13.7,0.831613,False
2021-02-02,9.4,7.0,9.968925,3.114086,13.7,-0.568925,False
2021-02-03,8.7,3.8,10.026129,3.105914,13.8,-1.326129,False
2021-02-04,8.5,3.2,10.077527,3.108602,13.8,-1.577527,False
2021-02-05,11.2,7.2,10.134516,3.099247,13.81,1.065484,False
2021-02-06,11.3,4.6,10.202366,3.118602,14.0,1.097634,False
2021-02-07,8.7,4.8,10.281935,3.136559,14.1,-1.581935,False
2021-02-08,8.5,1.7,10.348172,3.101183,14.1,-1.848172,False
2021-02-09,8.0,-0.2,10.399462,3.072903,14.3,-2.399462,False
2021-02-10,8.0,-2.8,10.445914,3.048817,14.3,-2.445914,False
2021-02-11,7.9,-0.5,10.493548,3.026344,14.31,-2.593548,False
2021-02-12,-1.3,-3.9,10.564086,3.037634,14.5,-11.864086,False
2021-02-13,3.3,-5.1,10.626882,3.026882,14.6,-7.326882,False
2021-02-14,3.7,-0.6,10.696667,3.025484,14.7,-6.996667,False
2021-02-15,8.0,1.9,10.757634,3.046559,14.7,-2.757634,False
2021-02-16,9.2,3.7,10.835591,3.066989,14.71,-1.635591,False
2021-02-17,9.2,1.8,10.908602,3.078602,14.8,-1.708602,False
2021-02-18,9.1,2.3,10.976452,3.109785,14.9,-1.876452,False
2021-02-19,8.9,4.6,11.054516,3.121613,15.1,-2.154516,False
2021-02-20,9.4,3.9,11.120645,3.122151,15.31,-1.720645,False
2021-02-21,9.8,6.0,11.202796,3.146882,15.41,-1.402796,False
2021-02-22,10.7,9.1,11.301505,3.174731,15.7,-0.601505,False
2021-02-23,11.3,3.1,11.400323,3.22,15.8,-0.100323,False
2021-02-24,8.7,-0.2,11.533441,3.267957,15.91,-2.833441,False
2021-02-25,8.9,1.2,11.664624,3.35172,16.11,-2.764624,False
2021-02-26,8.7,5.4,11.788817,3.432581,16.4,-3.088817,False
2021-02-27,10.2,3.2,11.88172,3.513871,16.5,-1.68172,False
2021-02-28,13.4,5.1,11.961828,3.577957,16.8,1.438172,False
2021-03-01,15.0,2.1,12.050645,3.641075,17.01,2.949355,False
2021-03-02,15.3,2.9,12.11914,3.67,17.1,3.18086,False
2021-03-03,14.3,-0.6,12.194731,3.715376,17.1,2.105269,False
2021-03-04,14.3,1.2,12.289677,3.716022,17.3,2.010323,False
2021-03-05,11.4,4.8,12.404946,3.749892,17.6,-1.004946,False
2021-03-06,10.8,4.7,12.510108,3.803441,17.7,-1.710108,False
2021-03-07,9.8,4.8,12.613548,3.834731,17.7,-2.813548,False
2021-03-08,10.8,0.5,12.707204,3.88,17.8,-1.907204,False
2021-03-09,11.4,2.7,12.810215,3.930753,18.0,-1.410215,False
2021-03-10,12.2,0.4,12.906667,3.972151,18.1,-0.706667,False
2021-03-11,14.5,1.1,13.000108,4.036989,18.21,1.499892,False
2021-03-12,15.5,-1.3,13.085914,4.103978,18.3,2.414086,False
2021-03-13,16.5,-1.1,13.177097,4.178925,18.4,3.322903,False
2021-03-14,16.7,5.2,13.32129,4.275269,18.5,3.37871,False
2021-03-15,8.2,-0.5,13.475054,4.363763,18.7,-5.275054,False
2021-03-16,11.3,-2.3,13.60043,4.444409,19.1,-2.30043,False
2021-03-17,15.4,-1.3,13.705269,4.49086,19.3,1.694731,False
2021-03-18,15.6,4.4,13.802796,4.530753,19.3,1.797204,False
2021-03-19,12.1,5.8,13.891075,4.547097,19.51,-1.791075,False
2021-03-20,11.0,6.2,13.994946,4.597957,19.7,-2.994946,False
2021-03-21,10.2,4.1,14.076237,4.646882,19.7,-3.876237,False
2021-03-22,10.7,5.7,14.162796,4.737634,19.81,-3.462796,False
2021-03-23,13.0,1.4,14.277957,4.835054,19.91,-1.277957,False
2021-03-24,13.3,5.1,14.357957,4.913226,20.01,-1.057957,False
2021-03-25,11.8,5.9,14.435269,4.965591,20.1,-2.635269,False
2021-03-26,12.4,2.8,14.496452,5.014086,20.11,-2.096452,False
2021-03-27,16.1,3.6,14.561505,5.060215,20.2,1.538495,False
2021-03-28,16.4,5.0,14.612473,5.093763,20.2,1.787527,False
2021-03-29,10.7,2.4,14.646559,5.118387,20.3,-3.946559,False
2021-03-30,12.0,-1.6,14.686022,5.098602,20.31,-2.686022,False
2021-03-31,20.1,-0.7,14.736237,5.113333,20.4,5.363763,False
2021-04-01,20.2,3.7,14.826989,5.15828,20.5,5.373011,False
2021-04-02,19.2,3.5,14.942903,5.225914,20.7,4.257097,False
2021-04-03,18.5,5.5,15.049677,5.269032,20.91,3.450323,False
2021-04-04,18.4,7.5,15.143871,5.322151,21.21,3.256129,False
2021-04-05,14.3,0.0,15.234839,5.376882,21.51,-0.934839,False
2021-04-06,16.9,1.5,15.342366,5.435699,21.62,1.557634,False
2021-04-07,17.5,3.5,15.460645,5.496022,21.81,2.039355,False
2021-04-08,12.4,5.0,15.581398,5.562258,22.01,-3.181398,False
2021-04-09,13.9,-0.3,15.693763,5.626237,22.2,-1.793763,False
2021-04-10,13.6,5.4,15.816667,5.695914,22.4,-2.216667,False
2021-04-11,14.2,0.6,15.955161,5.764194,22.6,-1.755161,False
2021-04-12,17.6,1.2,16.105699,5.853548,22.7,1.494301,False
2021-04-13,18.0,3.7,16.220215,5.925484,22.8,1.779785,False
2021-04-14,20.2,3.4,16.320968,5.991075,22.8,3.879032,False
2021-04-15,23.8,3.9,16.397634,6.050323,22.8,7.402366,False
2021-04-16,25.8,7.3,16.507419,6.079355,22.9,9.292581,False
2021-04-17,27.4,7.1,16.643548,6.15914,23.0,10.756452,False
2021-04-18,27.6,7.5,16.786129,6.241613,23.1,10.813871,False
2021-04-19,27.7,5.9,16.918172,6.335591,23.3,10.781828,False
2021-04-20,22.9,7.5,17.041505,6.441075,23.5,5.858495,False
2021-04-21,23.8,6.9,17.197849,6.53129,23.6,6.602151,False
2021-04-22,23.7,6.5,17.352043,6.584946,23.81,6.347957,False
2021-04-23,18.0,5.8,17.468817,6.627742,24.11,0.531183,False
2021-04-24,16.0,8.4,17.584731,6.665161,24.21,-1.584731,False
2021-04-25,14.2,7.2,17.716774,6.732258,24.52,-3.516774,False
2021-04-26,14.8,7.7,17.880215,6.808817,25.01,-3.080215,False
2021-04-27,18.1,5.2,18.013226,6.88129,25.32,0.086774,False
2021-04-28,21.8,6.4,18.165376,6.958602,25.6,3.634624,False
2021-04-29,25.7,8.8,18.376452,7.072903,25.8,7.323548,False
2021-04-30,25.4,9.7,18.586452,7.215269,26.02,6.813548,False
2021-05-01,18.7,9.4,18.759892,7.336452,26.31,-0.059892,False
2021-05-02,18.8,9.7,18.893548,7.439785,26.5,-0.093548,False
2021-05-03,18.9,7.6,19.032581,7.537312,26.7,-0.132581,False
2021-05-04,19.5,10.5,19.143871,7.642903,26.7,0.356129,False
2021-05-05,26.7,5.8,19.223763,7.756989,26.7,7.476237,False
2021-05-06,26.5,11.8,19.296344,7.837204,26.7,7.203656,False
2021-05-07,16.5,6.8,19.377419,7.920215,26.9,-2.877419,False
2021-05-08,14.9,3.7,19.505484,8.02914,27.1,-4.605484,False
2021-05-09,17.9,10.0,19.667097,8.138065,27.21,-1.767097,False
2021-05-10,20.8,8.1,19.807742,8.240645,27.3,0.992258,False
2021-05-11,22.9,8.3,19.916452,8.347957,27.3,2.983548,False
2021-05-12,25.2,10.7,20.023548,8.474624,27.3,5.176452,False
2021-05-13,25.4,9.8,20.122688,8.575914,27.41,5.277312,False
2021-05-14,26.3,11.6,20.245699,8.677634,27.8,6.054301,False
2021-05-15,25.9,8.6,20.38043,8.764086,27.9,5.51957,False
2021-05-16,27.2,10.6,20.534409,8.882366,28.0,6.665591,False
2021-05-17,27.1,10.5,20.664839,9.011183,28.22,6.435161,False
2021-05-18,17.1,8.0,20.757097,9.096452,28.22,-3.657097,False
2021-05-19,16.1,5.2,20.889462,9.183656,28.4,-4.789462,False
2021-05-20,14.8,5.5,21.025699,9.286022,28.5,-6.225699,False
2021-05-21,17.1,7.5,21.145699,9.374409,28.51,-4.045699,False
2021-05-22,19.8,8.6,21.231075,9.454301,28.6,-1.431075,False
2021-05-23,20.1,9.3,21.296237,9.561505,28.6,-1.196237,False
2021-05-24,17.0,11.1,21.359032,9.650323,28.6,-4.359032,False
2021-05-25,17.2,12.1,21.446989,9.750538,28.6,-4.246989,False
2021-05-26,21.5,8.8,21.497419,9.82828,28.6,0.002581,False
2021-05-27,22.2,10.8,21.547097,9.893441,28.51,0.652903,False
2021-05-28,18.9,10.4,21.638172,9.967204,28.5,-2.738172,False
2021-05-29,26.6,7.2,21.678172,10.065269,28.4,4.921828,False
2021-05-30,27.1,12.7,21.664194,10.101075,28.4,5.435806,False
2021-05-31,29.5,14.3,21.680645,10.133226,28.31,7.819355,True
2021-06-01,33.7,16.1,21.724301,10.17086,28.4,11.975699,True
2021-06-02,34.3,18.1,21.798602,10.213118,28.4,12.501398,True
2021-06-03,31.9,14.7,21.872366,10.277742,28.4,10.027634,True
2021-06-04,26.8,11.3,21.977419,10.301828,28.4,4.822581,False
2021-06-05,24.9,12.8,22.130968,10.367204,28.7,2.769032,False
2021-06-06,17.8,8.5,22.285914,10.462473,28.81,-4.485914,False
2021-06-07,17.4,8.8,22.426452,10.533548,28.9,-5.026452,False
2021-06-08,18.0,8.8,22.511935,10.590323,28.71,-4.511935,False
2021-06-09,19.3,7.3,22.581935,10.659677,28.9,-3.281935,False
2021-06-10,19.0,9.1,22.694946,10.718925,29.1,-3.694946,False
2021-06-11,19.0,11.4,22.843978,10.793011,29.31,-3.843978,False
2021-06-12,24.6,12.5,23.000645,10.87086,29.8,1.599355,False
2021-06-13,24.4,15.8,23.14871,10.949892,29.9,1.25129,False
2021-06-14,20.8,14.9,23.294194,11.029785,30.01,-2.494194,False
2021-06-15,21.1,11.8,23.415161,11.118495,30.22,-2.315161,False
2021-06-16,24.8,9.7,23.519785,11.184946,30.41,1.280215,False
2021-06-17,27.4,12.9,23.626989,11.256989,30.61,3.773011,False
2021-06-18,27.3,11.4,23.747957,11.335914,30.8,3.552043,False
2021-06-19,26.4,11.4,23.826452,11.397849,30.9,2.573548,False
2021-06-20,32.3,13.8,23.924624,11.445591,30.9,8.375376,True
2021-06-21,34.2,17.2,24.050323,11.49871,30.91,10.149677,True
2021-06-22,34.7,16.1,24.213333,11.563871,31.11,10.486667,True
2021-06-23,29.0,14.4,24.393333,11.631183,31.3,4.606667,False
2021-06-24,30.9,13.2,24.591613,11.724409,31.4,6.308387,False
2021-06-25,32.8,17.0,24.774946,11.816667,31.61,8.025054,True
2021-06-26,41.1,19.8,24.977097,11.903011,31.71,16.122903,True
2021-06-27,43.8,22.7,25.169892,11.997742,31.81,18.630108,True
2021-06-28,45.3,26.2,25.332043,12.107097,31.91,19.967957,True
2021-06-29,47.4,18.0,25.516989,12.151398,32.0,21.883011,True
2021-06-30,34.8,17.6,25.750215,12.253978,32.0,9.049785,True
2021-07-01,26.1,17.3,25.966237,12.367097,32.2,0.133763,False
2021-07-02,28.6,15.5,26.17086,12.480645,32.41,2.42914,False
2021-07-03,30.1,14.5,26.342151,12.574194,32.6,3.757849,False
2021-07-04,30.4,14.3,26.510108,12.654409,32.7,3.889892,False
2021-07-05,29.8,13.4,26.672688,12.764409,32.9,3.127312,False
2021-07-06,30.8,12.3,26.817527,12.847957,33.11,3.982473,False
2021-07-07,31.8,15.8,26.988602,12.93828,33.4,4.811398,False
2021-07-08,25.2,13.2,27.129462,13.043656,33.6,-1.929462,False
2021-07-09,30.1,12.0,27.295484,13.124624,33.71,2.804516,False
2021-07-10,30.6,14.4,27.45043,13.176344,33.8,3.14957,False
2021-07-11,29.5,12.8,27.588495,13.236452,33.8,1.911505,False
2021-07-12,29.2,12.8,27.734194,13.290108,33.9,1.465806,False
2021-07-13,29.0,12.9,27.866237,13.347634,33.9,1.133763,False
2021-07-14,28.6,12.4,27.997527,13.390538,33.9,0.602473,False
2021-07-15,26.5,12.9,28.122688,13.440538,34.0,-1.622688,False
2021-07-16,24.8,12.9,28.244086,13.467634,34.11,-3.444086,False
2021-07-17,26.6,13.2,28.348172,13.49828,34.01,-1.748172,False
2021-07-18,28.7,12.5,28.440753,13.526129,34.1,0.259247,False
2021-07-19,29.8,13.5,28.54129,13.556989,34.11,1.25871,False
2021-07-20,29.8,15.2,28.686452,13.622258,34.21,1.113548,False
2021-07-21,25.3,12.0,28.813226,13.685914,34.43,-3.513226,False
2021-07-22,26.1,10.1,28.870108,13.735806,34.43,-2.770108,False
2021-07-23,28.5,11.6,28.884086,13.776559,34.43,-0.384086,False
2021-07-24,31.4,14.5,28.888495,13.806667,34.43,2.511505,False
2021-07-25,31.4,15.6,28.907419,13.831505,34.8,2.492581,False
2021-07-26,31.0,14.0,28.950753,13.858495,35.0,2.049247,False
2021-07-27,30.7,15.7,28.997849,13.891398,35.0,1.702151,False
2021-07-28,32.6,14.8,29.039462,13.90914,35.01,3.560538,False
2021-07-29,34.9,16.2,29.109032,13.915591,35.01,5.790968,False
2021-07-30,34.9,18.3,29.196774,13.968495,35.1,5.703226,False
2021-07-31,33.3,21.1,29.23086,13.995161,35.1,4.06914,False
2021-08-01,30.4,16.6,29.251183,14.001613,35.2,1.148817,False
2021-08-02,31.8,15.2,29.267849,14.008495,35.11,2.532151,False
2021-08-03,32.7,16.9,29.310215,14.00871,35.11,3.389785,False
2021-08-04,33.1,15.0,29.315269,14.015269,35.2,3.784731,False
2021-08-05,33.6,16.9,29.313763,14.01172,35.2,4.286237,False
2021-08-06,27.1,18.0,29.295054,14.001075,35.2,-2.195054,False
2021-08-07,27.1,16.3,29.219677,13.946667,35.1,-2.119677,False
2021-08-08,25.8,13.2,29.170538,13.894731,35.0,-3.370538,False
2021-08-09,28.4,11.8,29.106452,13.846774,35.0,-0.706452,False
2021-08-10,32.2,16.5,29.051183,13.816022,35.0,3.148817,False
2021-08-11,37.4,18.6,29.00871,13.787742,34.9,8.39129,True
2021-08-12,38.4,20.6,28.934946,13.757742,34.7,9.465054,True
2021-08-13,38.8,21.6,28.880645,13.72129,34.7,9.919355,True
2021-08-14,36.6,19.0,28.824731,13.70914,34.6,7.775269,True
2021-08-15,34.3,18.5,28.723871,13.685591,34.5,5.576129,False
2021-08-16,34.4,16.4,28.606129,13.671075,34.31,5.793871,False
2021-08-17,28.8,14.1,28.515376,13.637204,34.21,0.284624,False
2021-08-18,26.6,12.2,28.454194,13.58957,34.21,-1.854194,False
2021-08-19,27.3,13.6,28.393871,13.556667,34.31,-1.093871,False
2021-08-20,26.5,14.3,28.283226,13.501075,34.3,-1.783226,False
2021-08-21,21.7,15.2,28.164516,13.438925,34.2,-6.464516,False
2021-08-22,21.4,15.0,28.093333,13.38086,34.2,-6.693333,False
2021-08-23,22.1,9.5,28.070538,13.333333,34.2,-5.970538,False
2021-08-24,29.4,9.3,28.033978,13.297634,34.2,1.366022,False
2021-08-25,29.5,10.9,27.956129,13.244839,34.0,1.543871,False
2021-08-26,26.0,15.4,27.865914,13.18129,33.9,-1.865914,False
2021-08-27,23.4,14.2,27.815161,13.127849,33.9,-4.415161,False
2021-08-28,29.7,9.8,27.756129,13.058925,33.8,1.943871,False
2021-08-29,29.7,14.7,27.649032,12.97914,33.7,2.050968,False
2021-08-30,29.6,11.0,27.478602,12.89828,33.32,2.121398,False
2021-08-31,20.5,11.2,27.31,12.823548,33.11,-6.81,False
2021-09-01,25.0,8.4,27.141398,12.747204,33.0,-2.141398,False
2021-09-02,28.4,10.2,26.963978,12.666344,32.81,1.436022,False
2021-09-03,28.4,11.5,26.765484,12.590215,32.7,1.634516,False
2021-09-04,28.7,10.7,26.60086,12.510215,32.6,2.09914,False
2021-09-05,29.3,14.8,26.42129,12.404409,32.5,2.87871,False
2021-09-06,28.8,14.4,26.271075,12.304839,32.5,2.528925,False
2021-09-07,30.7,13.2,26.169677,12.226022,32.41,4.530323,False
2021-09-08,31.1,14.9,26.071828,12.12957,32.41,5.028172,False
2021-09-09,29.9,13.7,25.973978,12.053978,32.4,3.926022,False
2021-09-10,28.7,16.5,25.85828,12.008065,32.4,2.84172,False
2021-09-11,26.1,11.9,25.710108,11.930645,32.3,0.389892,False
2021-09-12,26.4,14.3,25.593118,11.836237,32.2,0.806882,False
2021-09-13,23.2,10.4,25.475914,11.732258,32.01,-2.275914,False
2021-09-14,28.1,9.6,25.346022,11.623656,31.91,2.753978,False
2021-09-15,28.1,15.5,25.217097,11.530323,31.9,2.882903,False
2021-09-16,24.6,5.7,25.071398,11.425376,31.9,-0.471398,False
2021-09-17,24.6,11.7,24.871828,11.314731,31.7,-0.271828,False
2021-09-18,24.0,14.1,24.626237,11.211613,31.51,-0.626237,False
2021-09-19,18.6,11.9,24.394946,11.083333,31.3,-5.794946,False
2021-09-20,21.0,9.7,24.196129,10.946129,30.81,-3.196129,False
2021-09-21,28.9,9.3,24.03043,10.842151,30.42,4.86957,False
2021-09-22,28.4,13.5,23.845376,10.763226,30.2,4.554624,False
2021-09-23,22.4,13.5,23.620753,10.667097,30.1,-1.220753,False
2021-09-24,30.4,11.4,23.386129,10.533656,29.91,7.013871,False
2021-09-25,29.7,11.7,23.142903,10.400108,29.71,6.557097,False
2021-09-26,27.8,14.0,22.869892,10.246882,29.5,4.930108,False
2021-09-27,23.5,14.0,22.565161,10.093011,29.3,0.934839,False
2021-09-28,16.4,11.1,22.270645,9.977419,29.0,-5.870645,False
2021-09-29,18.6,9.0,22.010968,9.846452,28.8,-3.410968,False
2021-09-30,18.4,13.7,21.786452,9.696559,28.7,-3.386452,False
2021-10-01,18.6,8.8,21.586022,9.57043,28.41,-2.986022,False
2021-10-02,21.0,7.6,21.39172,9.443978,28.3,-0.39172,False
2021-10-03,21.2,8.7,21.21086,9.321183,28.0,-0.01086,False
2021-10-04,18.5,9.6,21.041505,9.226989,27.9,-2.541505,False
2021-10-05,18.3,11.5,20.845591,9.124946,27.8,-2.545591,False
2021-10-06,15.0,8.2,20.650538,9.048172,27.7,-5.650538,False
2021-10-07,15.1,5.5,20.443118,8.956559,27.5,-5.343118,False
2021-10-08,16.0,3.0,20.206344,8.837097,27.11,-4.206344,False
2021-10-09,16.8,5.0,19.939892,8.736989,26.61,-3.139892,False
2021-10-10,16.8,10.6,19.659462,8.611613,26.12,-2.859462,False
2021-10-11,13.8,4.9,19.367312,8.475376,25.8,-5.567312,False
2021-10-12,13.7,-0.2,19.086452,8.319462,25.4,-5.386452,False
2021-10-13,12.7,5.2,18.767957,8.198925,24.91,-6.067957,False
2021-10-14,14.0,8.4,18.423226,8.086237,24.51,-4.423226,False
2021-10-15,18.0,7.7,18.087849,7.944624,23.71,-0.087849,False
2021-10-16,18.7,5.4,17.792043,7.802366,23.21,0.907957,False
2021-10-17,18.4,7.5,17.527097,7.666989,23.0,0.872903,False
2021-10-18,14.0,8.7,17.3,7.546022,22.51,-3.3,False
2021-10-19,16.0,4.1,17.094946,7.421613,22.4,-1.094946,False
2021-10-20,16.1,10.6,16.88,7.33086,22.3,-0.78,False
2021-10-21,19.8,9.6,16.642581,7.265054,21.81,3.157419,False
2021-10-22,17.0,11.2,16.383333,7.177742,21.6,0.616667,False
2021-10-23,13.6,10.4,16.144731,7.052043,21.4,-2.544731,False
2021-10-24,14.3,11.1,15.903978,6.92172,21.11,-1.603978,False
2021-10-25,13.2,11.3,15.669355,6.792581,20.9,-2.469355,False
2021-10-26,13.8,9.8,15.44957,6.693656,20.41,-1.64957,False
2021-10-27,13.5,9.8,15.268387,6.617204,20.3,-1.768387,False
2021-10-28,19.1,10.9,15.067957,6.566129,20.11,4.032043,False
2021-10-29,18.3,10.2,14.871935,6.500215,19.8,3.428065,False
2021-10-30,14.6,5.3,14.660108,6.447527,19.6,-0.060108,False
2021-10-31,15.7,7.6,14.464731,6.384516,19.3,1.235269,False
2021-11-01,14.5,7.7,14.242688,6.286129,19.1,0.257312,False
2021-11-02,11.0,7.1,14.034086,6.216774,18.7,-3.034086,False
2021-11-03,14.9,8.4,13.812796,6.105054,18.3,1.087204,False
2021-11-04,14.5,11.5,13.571075,5.99086,17.91,0.928925,False
2021-11-05,12.2,8.9,13.345484,5.86086,17.7,-1.145484,False
2021-11-06,11.1,5.7,13.110323,5.709247,17.31,-2.010323,False
2021-11-07,9.6,5.3,12.851935,5.564731,17.1,-3.251935,False
2021-11-08,12.3,4.5,12.600968,5.45,16.7,-0.300968,False
2021-11-09,12.0,7.8,12.379785,5.349462,16.4,-0.379785,False
2021-11-10,11.8,5.7,12.194301,5.265914,16.2,-0.394301,False
2021-11-11,15.0,9.4,12.022903,5.155484,16.0,2.977097,False
2021-11-12,16.1,14.9,11.837097,5.082473,15.7,4.262903,False
2021-11-13,14.7,8.7,11.656882,4.976452,15.51,3.043118,False
2021-11-14,18.1,13.3,11.480323,4.863978,15.4,6.619677,False
2021-11-15,17.8,11.6,11.323226,4.782796,15.3,6.476774,False
2021-11-16,10.5,3.2,11.176774,4.706344,15.2,-0.676774,False
2021-11-17,10.8,0.7,11.025484,4.65957,14.81,-0.225484,False
2021-11-18,9.5,5.6,10.864516,4.567204,14.61,-1.364516,False
2021-11-19,11.0,8.3,10.703441,4.468925,14.5,0.296559,False
2021-11-20,9.9,3.4,10.524946,4.325269,14.2,-0.624946,False
2021-11-21,8.3,-1.4,10.348495,4.200108,14.1,-2.048495,False
2021-11-22,8.2,-0.8,10.159247,4.069462,13.8,-1.959247,False
2021-11-23,10.1,5.8,9.969247,3.947097,13.6,0.130753,False
2021-11-24,9.4,1.3,9.811398,3.838817,13.5,-0.411398,False
2021-11-25,11.2,4.1,9.687204,3.773763,13.5,1.512796,False
2021-11-26,12.3,7.9,9.564946,3.707849,13.5,2.735054,False
2021-11-27,14.7,10.5,9.444516,3.662366,13.4,5.255484,False
2021-11-28,15.7,13.2,9.333333,3.572473,13.2,6.366667,False
2021-11-29,15.0,11.6,9.202688,3.444516,13.1,5.797312,False
2021-11-30,14.9,8.7,9.044731,3.331075,13.0,5.855269,False
2021-12-01,15.8,7.3,8.908172,3.242043,12.7,6.891828,False
2021-12-02,15.8,9.5,8.794409,3.167957,12.6,7.005591,False
2021-12-03,9.9,1.9,8.671183,3.06043,12.5,1.228817,False
2021-12-04,9.7,1.7,8.571183,2.995054,12.3,1.128817,False
2021-12-05,10.2,1.1,8.487849,2.952258,12.2,1.712151,False
2021-12-06,7.9,3.4,8.405699,2.890215,12.01,-0.505699,False
2021-12-07,10.9,8.1,8.32871,2.854839,12.0,2.57129,False
2021-12-08,11.1,7.2,8.276344,2.820968,11.9,2.823656,False
2021-12-09,7.4,1.5,8.222258,2.765161,11.9,-0.822258,False
2021-12-10,7.4,3.0,8.160215,2.708495,11.8,-0.760215,False
2021-12-11,9.3,6.9,8.072258,2.642366,11.7,1.227742,False
2021-12-12,8.2,4.4,8.015054,2.629462,11.6,0.184946,False
2021-12-13,5.5,3.5,7.973118,2.626237,11.51,-2.473118,False
2021-12-14,5.7,0.1,7.928387,2.606452,11.5,-2.228387,False
2021-12-15,5.5,2.3,7.879892,2.587312,11.5,-2.379892,False
2021-12-16,7.6,3.2,7.819677,2.532258,11.4,-0.219677,False
2021-12-17,7.4,1.5,7.767097,2.487742,11.4,-0.367097,False
2021-12-18,10.8,4.6,7.73043,2.413763,11.4,3.06957,False
2021-12-19,9.7,0.6,7.699032,2.40172,11.4,2.000968,False
2021-12-20,5.2,3.2,7.672473,2.406452,11.5,-2.472473,False
2021-12-21,5.4,2.8,7.653118,2.423118,11.5,-2.253118,False
2021-12-22,8.8,4.8,7.64172,2.402366,11.5,1.15828,False
2021-12-23,8.6,5.5,7.661183,2.424086,11.5,0.938817,False
2021-12-24,6.2,3.6,7.688602,2.457312,11.51,-1.488602,False
2021-12-25,4.4,1.9,7.706237,2.482043,11.5,-3.306237,False
2021-12-26,3.3,-1.0,7.714086,2.500753,11.5,-4.414086,False
2021-12-27,0.9,-2.4,7.715699,2.495591,11.51,-6.815699,False
2021-12-28,1.6,-2.3,7.701183,2.461075,11.5,-6.101183,False
2021-12-29,1.7,-1.1,7.694946,2.446344,11.6,-5.994946,False
2021-12-30,5.7,-3.2,7.693333,2.455484,11.6,-1.993333,False
2021-12-31,5.1,-0.7,7.716344,2.440215,11.6,-2.616344,False
2022-01-01,1.7,-7.3,7.713118,2.42828,11.6,-6.013118,False
2022-01-02,6.6,-2.7,7.717419,2.41,11.6,-1.117419,False
2022-01-03,7.3,3.8,7.772903,2.444086,11.6,-0.472903,False
2022-01-04,6.2,1.7,7.811935,2.478602,11.61,-1.611935,False
2022-01-05,6.4,4.9,7.850538,2.467204,11.6,-1.450538,False
2022-01-06,12.5,4.6,7.883011,2.480753,11.6,4.616989,False
2022-01-07,12.0,7.5,7.923226,2.497742,11.6,4.076774,False
2022-01-08,9.5,3.9,7.967742,2.537097,11.61,1.532258,False
2022-01-09,10.0,-0.2,8.029677,2.589785,11.71,1.970323,False
2022-01-10,9.2,0.8,8.11,2.629892,11.9,1.09,False
2022-01-11,11.3,5.0,8.18129,2.667742,11.9,3.11871,False
2022-01-12,14.4,9.3,8.213226,2.637957,12.0,6.186774,False
2022-01-13,13.2,6.1,8.267204,2.646237,12.1,4.932796,False
2022-01-14,10.4,6.0,8.334839,2.688387,12.1,2.065161,False
2022-01-15,9.7,2.5,8.407849,2.707527,12.1,1.292151,False
2022-01-16,7.9,1.7,8.485699,2.760753,12.2,-0.585699,False
2022-01-17,7.8,3.4,8.565484,2.776882,12.21,-0.765484,False
2022-01-18,8.8,4.3,8.633763,2.808495,12.3,0.166237,False
2022-01-19,10.0,6.5,8.712796,2.823656,12.4,1.287204,False
2022-01-20,12.8,10.0,8.815591,2.850323,12.6,3.984409,False
2022-01-21,11.2,4.8,8.923333,2.879355,12.8,2.276667,False
2022-01-22,10.1,3.4,9.015161,2.933118,12.8,1.084839,False
2022-01-23,10.2,-0.7,9.090538,2.943226,12.9,1.109462,False
2022-01-24,8.0,-0.7,9.14172,2.934946,13.0,-1.14172,False
2022-01-25,8.6,0.5,9.217097,2.922151,13.2,-0.617097,False
2022-01-26,7.9,-2.1,9.283333,2.896344,13.2,-1.383333,False
2022-01-27,8.3,0.1,9.365376,2.902903,13.3,-1.065376,False
2022-01-28,9.2,-1.5,9.46871,2.922366,13.3,-0.26871,False
2022-01-29,9.6,-1.8,9.547527,2.926344,13.31,0.052473,False
2022-01-30,9.7,0.9,9.63914,2.945161,13.4,0.06086,False
2022-01-31,9.7,3.3,9.752258,3.00129,13.5,-0.052258,False
2022-02-01,7.6,0.1,9.868387,3.06,13.7,-2.268387,False
2022-02-02,7.5,2.4,9.968925,3.114086,13.7,-2.468925,False
2022-02-03,10.0,4.8,10.026129,3.105914,13.8,-0.026129,False
2022-02-04,10.2,0.9,10.077527,3.108602,13.8,0.122473,False
2022-02-05,10.1,4.6,10.134516,3.099247,13.81,-0.034516,False
2022-02-06,12.2,-0.2,10.202366,3.118602,14.0,1.997634,False
2022-02-07,11.5,-0.3,10.281935,3.136559,14.1,1.218065,False
2022-02-08,10.9,2.6,10.348172,3.101183,14.1,0.551828,False
2022-02-09,13.7,3.5,10.399462,3.072903,14.3,3.300538,False
2022-02-10,14.5,2.5,10.445914,3.048817,14.3,4.054086,False
2022-02-11,17.4,4.7,10.493548,3.026344,14.31,6.906452,False
2022-02-12,16.8,3.0,10.564086,3.037634,14.5,6.235914,False
2022-02-13,16.5,0.7,10.626882,3.026882,14.6,5.873118,False
2022-02-14,15.7,7.6,10.696667,3.025484,14.7,5.003333,False
2022-02-15,9.6,3.1,10.757634,3.046559,14.7,-1.157634,False
2022-02-16,11.5,6.5,10.835591,3.066989,14.71,0.664409,False
2022-02-17,11.4,2.6,10.908602,3.078602,14.8,0.491398,False
2022-02-18,12.8,3.2,10.976452,3.109785,14.9,1.823548,False
2022-02-19,13.1,2.5,11.054516,3.121613,15.1,2.045484,False
2022-02-20,9.4,5.3,11.120645,3.122151,15.31,-1.720645,False
2022-02-21,8.0,2.8,11.202796,3.146882,15.41,-3.202796,False
2022-02-22,4.7,-0.6,11.301505,3.174731,15.7,-6.601505,False
2022-02-23,3.6,-6.0,11.400323,3.22,15.8,-7.800323,False
2022-02-24,5.1,-2.7,11.533441,3.267957,15.91,-6.433441,False
2022-02-25,9.6,-5.8,11.664624,3.35172,16.11,-2.064624,False
2022-02-26,9.4,-1.3,11.788817,3.432581,16.4,-2.388817,False
2022-02-27,10.1,4.3,11.88172,3.513871,16.5,-1.78172,False
2022-02-28,14.5,9.9,11.961828,3.577957,16.8,2.538172,False
2022-03-01,14.9,11.9,12.050645,3.641075,17.01,2.849355,False
2022-03-02,13.3,10.3,12.11914,3.67,17.1,1.18086,False
2022-03-03,11.3,6.1,12.194731,3.715376,17.1,-0.894731,False
2022-03-04,10.6,4.4,12.289677,3.716022,17.3,-1.689677,False
2022-03-05,12.8,1.5,12.404946,3.749892,17.6,0.395054,False
2022-03-06,12.9,1.0,12.510108,3.803441,17.7,0.389892,False
2022-03-07,13.0,-0.5,12.613548,3.834731,17.7,0.386452,False
2022-03-08,13.5,4.6,12.707204,3.88,17.8,0.792796,False
2022-03-09,11.0,5.5,12.810215,3.930753,18.0,-1.810215,False
2022-03-10,10.9,-2.9,12.906667,3.972151,18.1,-2.006667,False
2022-03-11,15.2,-1.3,13.000108,4.036989,18.21,2.199892,False
2022-03-12,15.5,1.4,13.085914,4.103978,18.3,2.414086,False
2022-03-13,11.6,6.3,13.177097,4.178925,18.4,-1.577097,False
2022-03-14,11.5,7.6,13.32129,4.275269,18.5,-1.82129,False
2022-03-15,12.9,9.1,13.475054,4.363763,18.7,-0.575054,False
2022-03-16,13.2,4.1,13.60043,4.444409,19.1,-0.40043,False
2022-03-17,13.4,2.4,13.705269,4.49086,19.3,-0.305269,False
2022-03-18,14.6,8.0,13.802796,4.530753,19.3,0.797204,False
2022-03-19,14.6,8.6,13.891075,4.547097,19.51,0.708925,False
2022-03-20,10.3,2.7,13.994946,4.597957,19.7,-3.694946,False
2022-03-21,9.9,5.9,14.076237,4.646882,19.7,-4.176237,False
2022-03-22,19.3,9.7,14.162796,4.737634,19.81,5.137204,False
2022-03-23,19.3,8.5,14.277957,4.835054,19.91,5.022043,False
2022-03-24,17.5,2.8,14.357957,4.913226,20.01,3.142043,False
2022-03-25,17.9,6.2,14.435269,4.965591,20.1,3.464731,False
2022-03-26,18.0,8.1,14.496452,5.014086,20.11,3.503548,False
2022-03-27,19.6,7.8,14.561505,5.060215,20.2,5.038495,False
2022-03-28,19.4,11.9,14.612473,5.093763,20.2,4.787527,False
2022-03-29,15.3,7.4,14.646559,5.118387,20.3,0.653441,False
2022-03-30,15.2,7.2,14.686022,5.098602,20.31,0.513978,False
2022-03-31,13.2,4.0,14.736237,5.113333,20.4,-1.536237,False
2022-04-01,15.0,3.5,14.826989,5.15828,20.5,0.173011,False
2022-04-02,14.5,5.7,14.942903,5.225914,20.7,-0.442903,False
2022-04-03,14.2,5.2,15.049677,5.269032,20.91,-0.849677,False
2022-04-04,12.9,9.0,15.143871,5.322151,21.21,-2.243871,False
2022-04-05,12.1,3.6,15.234839,5.376882,21.51,-3.134839,False
2022-04-06,18.1,0.4,15.342366,5.435699,21.62,2.757634,False
2022-04-07,24.1,6.2,15.460645,5.496022,21.81,8.639355,False
2022-04-08,24.3,9.2,15.581398,5.562258,22.01,8.718602,False
2022-04-09,11.8,4.1,15.693763,5.626237,22.2,-3.893763,False
2022-04-10,10.4,4.3,15.816667,5.695914,22.4,-5.416667,False
2022-04-11,6.3,1.2,15.955161,5.764194,22.6,-9.655161,False
2022-04-12,8.7,0.9,16.105699,5.853548,22.7,-7.405699,False
2022-04-13,8.5,1.1,16.220215,5.925484,22.8,-7.720215,False
2022-04-14,8.5,-0.4,16.320968,5.991075,22.8,-7.820968,False
2022-04-15,11.4,-0.2,16.397634,6.050323,22.8,-4.997634,False
2022-04-16,11.5,2.2,16.507419,6.079355,22.9,-5.007419,False
2022-04-17,14.1,1.7,16.643548,6.15914,23.0,-2.543548,False
2022-04-18,14.1,7.4,16.786129,6.241613,23.1,-2.686129,False
2022-04-19,9.7,4.8,16.918172,6.335591,23.3,-7.218172,False
2022-04-20,11.0,5.0,17.041505,6.441075,23.5,-6.041505,False
2022-04-21,13.3,6.5,17.197849,6.53129,23.6,-3.897849,False
2022-04-22,15.7,4.3,17.352043,6.584946,23.81,-1.652043,False
2022-04-23,17.9,3.8,17.468817,6.627742,24.11,0.431183,False
2022-04-24,20.5,3.2,17.584731,6.665161,24.21,2.915269,False
2022-04-25,20.6,10.4,17.716774,6.732258,24.52,2.883226,False
2022-04-26,13.2,5.0,17.880215,6.808817,25.01,-4.680215,False
2022-04-27,13.0,6.2,18.013226,6.88129,25.32,-5.013226,False
2022-04-28,13.0,5.6,18.165376,6.958602,25.6,-5.165376,False
2022-04-29,14.6,6.4,18.376452,7.072903,25.8,-3.776452,False
2022-04-30,14.6,10.1,18.586452,7.215269,26.02,-3.986452,False
2022-05-01,17.0,6.6,18.759892,7.336452,26.31,-1.759892,False
2022-05-02,17.1,7.9,18.893548,7.439785,26.5,-1.793548,False
2022-05-03,15.2,8.8,19.032581,7.537312,26.7,-3.832581,False
2022-05-04,21.9,6.0,19.143871,7.642903,26.7,2.756129,False
2022-05-05,21.9,7.6,19.223763,7.756989,26.7,2.676237,False
2022-05-06,15.1,9.5,19.296344,7.837204,26.7,-4.196344,False
2022-05-07,14.5,9.2,19.377419,7.920215,26.9,-4.877419,False
2022-05-08,11.8,4.6,19.505484,8.02914,27.1,-7.705484,False
2022-05-09,11.8,3.6,19.667097,8.138065,27.21,-7.867097,False
2022-05-10,15.4,4.0,19.807742,8.240645,27.3,-4.407742,False
2022-05-11,15.8,3.1,19.916452,8.347957,27.3,-4.116452,False
2022-05-12,14.8,8.0,20.023548,8.474624,27.3,-5.223548,False
2022-05-13,13.4,3.7,20.122688,8.575914,27.41,-6.722688,False
2022-05-14,20.0,9.5,20.245699,8.677634,27.8,-0.245699,False
2022-05-15,19.7,13.2,20.38043,8.764086,27.9,-0.68043,False
2022-05-16,19.1,12.0,20.534409,8.882366,28.0,-1.434409,False
2022-05-17,18.2,5.9,20.664839,9.011183,28.22,-2.464839,False
2022-05-18,18.3,8.5,20.757097,9.096452,28.22,-2.457097,False
2022-05-19,15.8,8.1,20.889462,9.183656,28.4,-5.089462,False
2022-05-20,14.4,5.5,21.025699,9.286022,28.5,-6.625699,False
2022-05-21,20.9,6.1,21.145699,9.374409,28.51,-0.245699,False
2022-05-22,22.4,8.4,21.231075,9.454301,28.6,1.168925,False
2022-05-23,22.8,11.7,21.296237,9.561505,28.6,1.503763,False
2022-05-24,20.6,8.0,21.359032,9.650323,28.6,-0.759032,False
2022-05-25,21.7,12.1,21.446989,9.750538,28.6,0.253011,False
2022-05-26,21.7,11.9,21.497419,9.82828,28.6,0.202581,False
2022-05-27,20.0,12.8,21.547097,9.893441,28.51,-1.547097,False
2022-05-28,16.0,9.6,21.638172,9.967204,28.5,-5.638172,False
2022-05-29,14.8,10.1,21.678172,10.065269,28.4,-6.878172,False
2022-05-30,16.6,8.8,21.664194,10.101075,28.4,-5.064194,False
2022-05-31,23.3,9.6,21.680645,10.133226,28.31,1.619355,False
2022-06-01,24.0,12.1,21.724301,10.17086,28.4,2.275699,False
2022-06-02,24.6,12.4,21.798602,10.213118,28.4,2.801398,False
2022-06-03,24.7,14.2,21.872366,10.277742,28.4,2.827634,False
2022-06-04,17.2,12.3,21.977419,10.301828,28.4,-4.777419,False
2022-06-05,19.4,14.8,22.130968,10.367204,28.7,-2.730968,False
2022-06-06,18.3,10.5,22.285914,10.462473,28.81,-3.985914,False
2022-06-07,23.5,7.7,22.426452,10.533548,28.9,1.073548,False
2022-06-08,22.5,13.9,22.511935,10.590323,28.71,-0.011935,False
2022-06-09,23.1,13.1,22.581935,10.659677,28.9,0.518065,False
2022-06-10,21.7,16.2,22.694946,10.718925,29.1,-0.994946,False
2022-06-11,19.0,14.3,22.843978,10.793011,29.31,-3.843978,False
2022-06-12,19.2,11.9,23.000645,10.87086,29.8,-3.800645,False
2022-06-13,14.9,9.7,23.14871,10.949892,29.9,-8.24871,False
2022-06-14,17.6,10.1,23.294194,11.029785,30.01,-5.694194,False
2022-06-15,20.0,8.3,23.415161,11.118495,30.22,-3.415161,False
2022-06-16,19.9,11.8,23.519785,11.184946,30.41,-3.619785,False
2022-06-17,20.2,11.5,23.626989,11.256989,30.61,-3.426989,False
2022-06-18,17.2,10.6,23.747957,11.335914,30.8,-6.547957,False
2022-06-19,18.2,9.2,23.826452,11.397849,30.9,-5.626452,False
2022-06-20,20.0,11.6,23.924624,11.445591,30.9,-3.924624,False
2022-06-21,26.4,11.3,24.050323,11.49871,30.91,2.349677,False
2022-06-22,26.6,13.0,24.213333,11.563871,31.11,2.386667,False
2022-06-23,23.3,8.2,24.393333,11.631183,31.3,-1.093333,False
2022-06-24,27.5,11.0,24.591613,11.724409,31.4,2.908387,False
2022-06-25,32.8,12.9,24.774946,11.816667,31.61,8.025054,True
2022-06-26,36.0,16.1,24.977097,11.903011,31.71,11.022903,True
2022-06-27,36.1,16.7,25.169892,11.997742,31.81,10.930108,True
2022-06-28,32.9,13.2,25.332043,12.107097,31.91,7.567957,True
2022-06-29,24.3,12.4,25.516989,12.151398,32.0,-1.216989,False
2022-06-30,25.6,9.8,25.750215,12.253978,32.0,-0.150215,False
2022-07-01,26.2,13.2,25.966237,12.367097,32.2,0.233763,False
2022-07-02,24.3,12.1,26.17086,12.480645,32.41,-1.87086,False
2022-07-03,21.4,13.8,26.342151,12.574194,32.6,-4.942151,False
2022-07-04,23.8,10.8,26.510108,12.654409,32.7,-2.710108,False
2022-07-05,24.4,13.6,26.672688,12.764409,32.9,-2.272688,False
2022-07-06,23.6,16.3,26.817527,12.847957,33.11,-3.217527,False
2022-07-07,24.7,15.2,26.988602,12.93828,33.4,-2.288602,False
2022-07-08,26.7,14.6,27.129462,13.043656,33.6,-0.429462,False
2022-07-09,27.3,13.7,27.295484,13.124624,33.71,0.004516,False
2022-07-10,27.3,12.7,27.45043,13.176344,33.8,-0.15043,False
2022-07-11,34.9,14.4,27.588495,13.236452,33.8,7.311505,False
2022-07-12,35.0,17.7,27.734194,13.290108,33.9,7.265806,False
2022-07-13,31.2,12.7,27.866237,13.347634,33.9,3.333763,False
2022-07-14,28.6,11.9,27.997527,13.390538,33.9,0.602473,False
2022-07-15,29.3,11.6,28.122688,13.440538,34.0,1.177312,False
2022-07-16,28.7,15.6,28.244086,13.467634,34.11,0.455914,False
2022-07-17,23.9,14.2,28.348172,13.49828,34.01,-4.448172,False
2022-07-18,25.1,12.2,28.440753,13.526129,34.1,-3.340753,False
2022-07-19,31.8,13.9,28.54129,13.556989,34.11,3.25871,False
2022-07-20,32.8,16.3,28.686452,13.622258,34.21,4.113548,False
2022-07-21,33.0,14.3,28.813226,13.685914,34.43,4.186774,False
2022-07-22,30.1,14.7,28.870108,13.735806,34.43,1.229892,False
2022-07-23,24.8,12.2,28.884086,13.776559,34.43,-4.084086,False
2022-07-24,32.6,12.3,28.888495,13.806667,34.43,3.711505,False
2022-07-25,36.4,17.7,28.907419,13.831505,34.8,7.492581,True
2022-07-26,37.9,20.5,28.950753,13.858495,35.0,8.949247,True
2022-07-27,38.7,17.0,28.997849,13.891398,35.0,9.702151,True
2022-07-28,36.2,18.6,29.039462,13.90914,35.01,7.160538,True
2022-07-29,36.5,20.5,29.109032,13.915591,35.01,7.390968,True
2022-07-30,37.0,19.8,29.196774,13.968495,35.1,7.803226,True
2022-07-31,37.5,19.7,29.23086,13.995161,35.1,8.26914,True
2022-08-01,36.7,18.8,29.251183,14.001613,35.2,7.448817,True
2022-08-02,30.7,16.3,29.267849,14.008495,35.11,1.432151,False
2022-08-03,30.8,14.4,29.310215,14.00871,35.11,1.489785,False
2022-08-04,29.4,13.9,29.315269,14.015269,35.2,0.084731,False
2022-08-05,27.8,11.6,29.313763,14.01172,35.2,-1.513763,False
2022-08-06,32.8,13.5,29.295054,14.001075,35.2,3.504946,False
2022-08-07,37.5,15.8,29.219677,13.946667,35.1,8.280323,False
2022-08-08,37.6,16.4,29.170538,13.894731,35.0,8.429462,False
2022-08-09,30.5,16.2,29.106452,13.846774,35.0,1.393548,False
2022-08-10,29.5,16.1,29.051183,13.816022,35.0,0.448817,False
2022-08-11,30.2,13.7,29.00871,13.787742,34.9,1.19129,False
2022-08-12,31.1,14.4,28.934946,13.757742,34.7,2.165054,False
2022-08-13,26.8,14.1,28.880645,13.72129,34.7,-2.080645,False
2022-08-14,28.9,12.4,28.824731,13.70914,34.6,0.075269,False
2022-08-15,31.1,13.6,28.723871,13.685591,34.5,2.376129,False
2022-08-16,31.4,14.2,28.606129,13.671075,34.31,2.793871,False
2022-08-17,36.3,16.0,28.515376,13.637204,34.21,7.784624,False
2022-08-18,36.1,21.6,28.454194,13.58957,34.21,7.645806,False
2022-08-19,31.2,19.6,28.393871,13.556667,34.31,2.806129,False
2022-08-20,27.7,16.3,28.283226,13.501075,34.3,-0.583226,False
2022-08-21,30.9,14.1,28.164516,13.438925,34.2,2.735484,False
2022-08-22,31.0,16.4,28.093333,13.38086,34.2,2.906667,False
2022-08-23,30.8,15.0,28.070538,13.333333,34.2,2.729462,False
2022-08-24,32.8,15.7,28.033978,13.297634,34.2,4.766022,False
2022-08-25,33.2,17.2,27.956129,13.244839,34.0,5.243871,False
2022-08-26,33.4,15.7,27.865914,13.18129,33.9,5.534086,False
2022-08-27,24.4,15.7,27.815161,13.127849,33.9,-3.415161,False
2022-08-28,26.1,10.8,27.756129,13.058925,33.8,-1.656129,False
2022-08-29,33.8,12.6,27.649032,12.97914,33.7,6.150968,True
2022-08-30,36.4,16.3,27.478602,12.89828,33.32,8.921398,True
2022-08-31,37.0,17.5,27.31,12.823548,33.11,9.69,True
2022-09-01,32.7,14.7,27.141398,12.747204,33.0,5.558602,False
2022-09-02,31.4,15.5,26.963978,12.666344,32.81,4.436022,False
2022-09-03,30.8,15.7,26.765484,12.590215,32.7,4.034516,False
2022-09-04,29.2,11.0,26.60086,12.510215,32.6,2.59914,False
2022-09-05,29.3,13.2,26.42129,12.404409,32.5,2.87871,False
2022-09-06,31.8,11.5,26.271075,12.304839,32.5,5.528925,False
2022-09-07,31.8,14.3,26.169677,12.226022,32.41,5.630323,False
2022-09-08,27.3,10.3,26.071828,12.12957,32.41,1.228172,False
2022-09-09,30.3,11.6,25.973978,12.053978,32.4,4.326022,False
2022-09-10,32.6,21.1,25.85828,12.008065,32.4,6.74172,False
2022-09-11,32.5,17.0,25.710108,11.930645,32.3,6.789892,False
2022-09-12,26.2,16.0,25.593118,11.836237,32.2,0.606882,False
2022-09-13,24.3,15.7,25.475914,11.732258,32.01,-1.175914,False
2022-09-14,22.2,15.1,25.346022,11.623656,31.91,-3.146022,False
2022-09-15,22.1,15.1,25.217097,11.530323,31.9,-3.117097,False
2022-09-16,22.0,13.0,25.071398,11.425376,31.9,-3.071398,False
2022-09-17,21.0,9.3,24.871828,11.314731,31.7,-3.871828,False
2022-09-18,25.2,13.3,24.626237,11.211613,31.51,0.573763,False
2022-09-19,27.7,11.3,24.394946,11.083333,31.3,3.305054,False
2022-09-20,28.6,12.8,24.196129,10.946129,30.81,4.403871,False
2022-09-21,28.4,11.4,24.03043,10.842151,30.42,4.36957,False
2022-09-22,22.8,14.2,23.845376,10.763226,30.2,-1.045376,False
2022-09-23,23.6,9.2,23.620753,10.667097,30.1,-0.020753,False
2022-09-24,25.7,9.9,23.386129,10.533656,29.91,2.313871,False
2022-09-25,31.1,10.3,23.142903,10.400108,29.71,7.957097,True
2022-09-26,31.0,13.3,22.869892,10.246882,29.5,8.130108,True
2022-09-27,30.4,12.3,22.565161,10.093011,29.3,7.834839,True
2022-09-28,26.4,12.1,22.270645,9.977419,29.0,4.129355,False
2022-09-29,20.6,14.6,22.010968,9.846452,28.8,-1.410968,False
2022-09-30,22.0,11.1,21.786452,9.696559,28.7,0.213548,False
2022-10-01,28.9,10.8,21.586022,9.57043,28.41,7.313978,False
2022-10-02,30.2,11.7,21.39172,9.443978,28.3,8.80828,False
2022-10-03,30.2,11.9,21.21086,9.321183,28.0,8.98914,False
2022-10-04,27.4,11.4,21.041505,9.226989,27.9,6.358495,False
2022-10-05,21.6,12.8,20.845591,9.124946,27.8,0.754409,False
2022-10-06,26.7,12.5,20.650538,9.048172,27.7,6.049462,False
2022-10-07,27.3,10.5,20.443118,8.956559,27.5,6.856882,False
2022-10-08,28.8,10.3,20.206344,8.837097,27.11,8.593656,False
2022-10-09,28.4,10.7,19.939892,8.736989,26.61,8.460108,False
2022-10-10,28.0,11.2,19.659462,8.611613,26.12,8.340538,False
2022-10-11,23.4,10.1,19.367312,8.475376,25.8,4.032688,False
2022-10-12,26.4,9.2,19.086452,8.319462,25.4,7.313548,False
2022-10-13,28.0,7.6,18.767957,8.198925,24.91,9.232043,False
2022-10-14,27.5,8.1,18.423226,8.086237,24.51,9.076774,False
2022-10-15,29.4,9.9,18.087849,7.944624,23.71,11.312151,False
2022-10-16,28.9,14.1,17.792043,7.802366,23.21,11.107957,False
2022-10-17,26.9,9.6,17.527097,7.666989,23.0,9.372903,False
2022-10-18,22.5,8.3,17.3,7.546022,22.51,5.2,False
2022-10-19,23.6,8.7,17.094946,7.421613,22.4,6.505054,False
2022-10-20,23.1,6.9,16.88,7.33086,22.3,6.22,False
2022-10-21,18.6,7.2,16.642581,7.265054,21.81,1.957419,False
2022-10-22,13.5,7.9,16.383333,7.177742,21.6,-2.883333,False
2022-10-23,14.1,5.5,16.144731,7.052043,21.4,-2.044731,False
2022-10-24,13.8,8.5,15.903978,6.92172,21.11,-2.103978,False
2022-10-25,13.0,6.8,15.669355,6.792581,20.9,-2.669355,False
2022-10-26,12.5,6.4,15.44957,6.693656,20.41,-2.94957,False
2022-10-27,15.8,5.6,15.268387,6.617204,20.3,0.531613,False
2022-10-28,15.0,9.5,15.067957,6.566129,20.11,-0.067957,False
2022-10-29,13.9,10.3,14.871935,6.500215,19.8,-0.971935,False
2022-10-30,14.8,10.4,14.660108,6.447527,19.6,0.139892,False
2022-10-31,14.4,12.2,14.464731,6.384516,19.3,-0.064731,False
2022-11-01,12.1,7.2,14.242688,6.286129,19.1,-2.142688,False
2022-11-02,8.6,4.3,14.034086,6.216774,18.7,-5.434086,False
2022-11-03,8.0,3.9,13.812796,6.105054,18.3,-5.812796,False
2022-11-04,14.3,6.8,13.571075,5.99086,17.91,0.728925,False
2022-11-05,15.0,8.6,13.345484,5.86086,17.7,1.654516,False
2022-11-06,9.5,4.6,13.110323,5.709247,17.31,-3.610323,False
2022-11-07,7.4,2.0,12.851935,5.564731,17.1,-5.451935,False
2022-11-08,9.8,2.7,12.600968,5.45,16.7,-2.800968,False
2022-11-09,9.5,-1.4,12.379785,5.349462,16.4,-2.879785,False
2022-11-10,10.3,-0.2,12.194301,5.265914,16.2,-1.894301,False
2022-11-11,9.5,0.9,12.022903,5.155484,16.0,-2.522903,False
2022-11-12,10.7,3.0,11.837097,5.082473,15.7,-1.137097,False
2022-11-13,10.0,-1.8,11.656882,4.976452,15.51,-1.656882,False
2022-11-14,11.3,-0.3,11.480323,4.863978,15.4,-0.180323,False
2022-11-15,11.8,2.8,11.323226,4.782796,15.3,0.476774,False
2022-11-16,10.8,1.2,11.176774,4.706344,15.2,-0.376774,False
2022-11-17,8.4,0.6,11.025484,4.65957,14.81,-2.625484,False
2022-11-18,9.7,1.6,10.864516,4.567204,14.61,-1.164516,False
2022-11-19,9.3,-1.8,10.703441,4.468925,14.5,-1.403441,False
2022-11-20,8.4,-2.4,10.524946,4.325269,14.2,-2.124946,False
2022-11-21,9.3,0.8,10.348495,4.200108,14.1,-1.048495,False
2022-11-22,10.8,3.2,10.159247,4.069462,13.8,0.640753,False
2022-11-23,10.5,3.1,9.969247,3.947097,13.6,0.530753,False
2022-11-24,11.3,1.0,9.811398,3.838817,13.5,1.488602,False
2022-11-25,9.0,1.5,9.687204,3.773763,13.5,-0.687204,False
2022-11-26,8.2,1.4,9.564946,3.707849,13.5,-1.364946,False
2022-11-27,8.1,5.8,9.444516,3.662366,13.4,-1.344516,False
2022-11-28,7.4,3.0,9.333333,3.572473,13.2,-1.933333,False
2022-11-29,4.5,-0.3,9.202688,3.444516,13.1,-4.702688,False
2022-11-30,7.6,4.3,9.044731,3.331075,13.0,-1.444731,False
2022-12-01,5.5,1.5,8.908172,3.242043,12.7,-3.408172,False
2022-12-02,6.8,-0.6,8.794409,3.167957,12.6,-1.994409,False
2022-12-03,7.4,2.2,8.671183,3.06043,12.5,-1.271183,False
2022-12-04,5.6,0.5,8.571183,2.995054,12.3,-2.971183,False
2022-12-05,5.9,0.5,8.487849,2.952258,12.2,-2.587849,False
2022-12-06,5.8,1.5,8.405699,2.890215,12.01,-2.605699,False
2022-12-07,6.1,1.7,8.32871,2.854839,12.0,-2.22871,False
2022-12-08,5.4,4.1,8.276344,2.820968,11.9,-2.876344,False
2022-12-09,6.4,3.2,8.222258,2.765161,11.9,-1.822258,False
2022-12-10,9.5,5.7,8.160215,2.708495,11.8,1.339785,False
2022-12-11,8.7,5.5,8.072258,2.642366,11.7,0.627742,False
2022-12-12,7.9,3.6,8.015054,2.629462,11.6,-0.115054,False
2022-12-13,7.7,0.2,7.973118,2.626237,11.51,-0.273118,False
2022-12-14,7.5,0.9,7.928387,2.606452,11.5,-0.428387,False
2022-12-15,6.7,-1.6,7.879892,2.587312,11.5,-1.179892,False
2022-12-16,7.2,0.4,7.819677,2.532258,11.4,-0.619677,False
2022-12-17,5.7,-3.7,7.767097,2.487742,11.4,-2.067097,False
2022-12-18,6.1,2.0,7.73043,2.413763,11.4,-1.63043,False
2022-12-19,5.2,0.9,7.699032,2.40172,11.4,-2.499032,False
2022-12-20,7.9,1.3,7.672473,2.406452,11.5,0.227527,False
2022-12-21,8.3,0.0,7.653118,2.423118,11.5,0.646882,False
2022-12-22,1.6,-6.9,7.64172,2.402366,11.5,-6.04172,False
2022-12-23,-3.5,-7.5,7.661183,2.424086,11.5,-11.161183,False
2022-12-24,6.5,-3.4,7.688602,2.457312,11.51,-1.188602,False
2022-12-25,8.7,5.4,7.706237,2.482043,11.5,0.993763,False
2022-12-26,11.1,6.8,7.714086,2.500753,11.5,3.385914,False
2022-12-27,12.4,8.2,7.715699,2.495591,11.51,4.684301,False
2022-12-28,8.4,5.7,7.701183,2.461075,11.5,0.698817,False
2022-12-29,8.7,5.0,7.694946,2.446344,11.6,1.005054,False
2022-12-30,11.3,8.0,7.693333,2.455484,11.6,3.606667,False
2022-12-31,9.7,6.5,7.716344,2.440215,11.6,1.983656,False
2023-01-01,8.9,3.4,7.713118,2.42828,11.6,1.186882,False
2023-01-02,6.9,0.3,7.717419,2.41,11.6,-0.817419,False
2023-01-03,7.5,4.0,7.772903,2.444086,11.6,-0.272903,False
2023-01-04,7.6,3.7,7.811935,2.478602,11.61,-0.211935,False
2023-01-05,13.0,4.7,7.850538,2.467204,11.6,5.149462,False
2023-01-06,11.5,4.1,7.883011,2.480753,11.6,3.616989,False
2023-01-07,10.2,6.9,7.923226,2.497742,11.6,2.276774,False
2023-01-08,10.5,5.9,7.967742,2.537097,11.61,2.532258,False
2023-01-09,11.3,4.3,8.029677,2.589785,11.71,3.270323,False
2023-01-10,10.9,3.7,8.11,2.629892,11.9,2.79,False
2023-01-11,10.6,6.0,8.18129,2.667742,11.9,2.41871,False
2023-01-12,11.9,7.5,8.213226,2.637957,12.0,3.686774,False
2023-01-13,11.4,9.1,8.267204,2.646237,12.1,3.132796,False
2023-01-14,11.4,7.3,8.334839,2.688387,12.1,3.065161,False
2023-01-15,10.3,7.2,8.407849,2.707527,12.1,1.892151,False
2023-01-16,9.9,5.1,8.485699,2.760753,12.2,1.414301,False
2023-01-17,9.6,5.8,8.565484,2.776882,12.21,1.034516,False
2023-01-18,8.8,6.0,8.633763,2.808495,12.3,0.166237,False
2023-01-19,6.5,2.4,8.712796,2.823656,12.4,-2.212796,False
2023-01-20,6.7,0.0,8.815591,2.850323,12.6,-2.115591,False
2023-01-21,6.6,-0.7,8.923333,2.879355,12.8,-2.323333,False
2023-01-22,7.6,1.0,9.015161,2.933118,12.8,-1.415161,False
2023-01-23,8.9,1.2,9.090538,2.943226,12.9,-0.190538,False
2023-01-24,8.9,0.1,9.14172,2.934946,13.0,-0.24172,False
2023-01-25,8.3,4.0,9.217097,2.922151,13.2,-0.917097,False
2023-01-26,8.8,3.4,9.283333,2.896344,13.2,-0.483333,False
2023-01-27,10.7,5.9,9.365376,2.902903,13.3,1.334624,False
2023-01-28,10.5,5.1,9.46871,2.922366,13.3,1.03129,False
2023-01-29,7.1,-0.5,9.547527,2.926344,13.31,-2.447527,False
2023-01-30,4.6,-5.5,9.63914,2.945161,13.4,-5.03914,False
2023-01-31,4.6,-4.5,9.752258,3.00129,13.5,-5.152258,False
2023-02-01,8.6,-3.3,9.868387,3.06,13.7,-1.268387,False
2023-02-02,8.7,-3.6,9.968925,3.114086,13.7,-1.268925,False
2023-02-03,9.8,2.6,10.026129,3.105914,13.8,-0.226129,False
2023-02-04,10.5,5.9,10.077527,3.108602,13.8,0.422473,False
2023-02-05,9.4,6.8,10.134516,3.099247,13.81,-0.734516,False
2023-02-06,9.7,4.6,10.202366,3.118602,14.0,-0.502366,False
2023-02-07,10.0,6.2,10.281935,3.136559,14.1,-0.281935,False
2023-02-08,10.2,2.2,10.348172,3.101183,14.1,-0.148172,False
2023-02-09,14.5,2.4,10.399462,3.072903,14.3,4.100538,False
2023-02-10,14.6,6.7,10.445914,3.048817,14.3,4.154086,False
2023-02-11,11.8,1.6,10.493548,3.026344,14.31,1.306452,False
2023-02-12,10.3,-0.6,10.564086,3.037634,14.5,-0.264086,False
2023-02-13,10.6,5.4,10.626882,3.026882,14.6,-0.026882,False
2023-02-14,7.0,0.5,10.696667,3.025484,14.7,-3.696667,False
2023-02-15,7.5,-4.3,10.757634,3.046559,14.7,-3.257634,False
2023-02-16,8.0,-2.4,10.835591,3.066989,14.71,-2.835591,False
2023-02-17,10.6,0.5,10.908602,3.078602,14.8,-0.308602,False
2023-02-18,10.6,3.7,10.976452,3.109785,14.9,-0.376452,False
2023-02-19,9.8,3.1,11.054516,3.121613,15.1,-1.254516,False
2023-02-20,10.4,6.5,11.120645,3.122151,15.31,-0.720645,False
2023-02-21,10.2,5.0,11.202796,3.146882,15.41,-1.002796,False
2023-02-22,5.8,1.4,11.301505,3.174731,15.7,-5.501505,False
2023-02-23,2.2,-2.9,11.400323,3.22,15.8,-9.200323,False
2023-02-24,2.6,-5.9,11.533441,3.267957,15.91,-8.933441,False
2023-02-25,5.5,-8.8,11.664624,3.35172,16.11,-6.164624,False
2023-02-26,5.7,1.0,11.788817,3.432581,16.4,-6.088817,False
2023-02-27,6.6,0.9,11.88172,3.513871,16.5,-5.28172,False
2023-02-28,7.3,1.0,11.961828,3.577957,16.8,-4.661828,False
2023-03-01,7.9,-2.0,12.050645,3.641075,17.01,-4.150645,False
2023-03-02,8.7,3.9,12.11914,3.67,17.1,-3.41914,False
2023-03-03,7.4,1.3,12.194731,3.715376,17.1,-4.794731,False
2023-03-04,7.2,3.3,12.289677,3.716022,17.3,-5.089677,False
2023-03-05,6.6,-0.5,12.404946,3.749892,17.6,-5.804946,False
2023-03-06,9.4,1.2,12.510108,3.803441,17.7,-3.110108,False
2023-03-07,8.8,1.4,12.613548,3.834731,17.7,-3.813548,False
2023-03-08,8.5,-0.5,12.707204,3.88,17.8,-4.207204,False
2023-03-09,7.4,3.8,12.810215,3.930753,18.0,-5.410215,False
2023-03-10,8.7,2.9,12.906667,3.972151,18.1,-4.206667,False
2023-03-11,11.7,3.5,13.000108,4.036989,18.21,-1.300108,False
2023-03-12,11.0,0.9,13.085914,4.103978,18.3,-2.085914,False
2023-03-13,9.8,5.5,13.177097,4.178925,18.4,-3.377097,False
2023-03-14,11.6,1.1,13.32129,4.275269,18.5,-1.72129,False
2023-03-15,11.2,2.6,13.475054,4.363763,18.7,-2.275054,False
2023-03-16,15.1,-0.7,13.60043,4.444409,19.1,1.49957,False
2023-03-17,17.1,2.7,13.705269,4.49086,19.3,3.394731,False
2023-03-18,18.7,2.4,13.802796,4.530753,19.3,4.897204,False
2023-03-19,18.6,7.3,13.891075,4.547097,19.51,4.708925,False
2023-03-20,11.0,7.8,13.994946,4.597957,19.7,-2.994946,False
2023-03-21,16.4,4.1,14.076237,4.646882,19.7,2.323763,False
2023-03-22,16.8,2.8,14.162796,4.737634,19.81,2.637204,False
2023-03-23,14.7,6.0,14.277957,4.835054,19.91,0.422043,False
2023-03-24,8.0,1.9,14.357957,4.913226,20.01,-6.357957,False
2023-03-25,8.3,0.8,14.435269,4.965591,20.1,-6.135269,False
2023-03-26,8.4,1.7,14.496452,5.014086,20.11,-6.096452,False
2023-03-27,12.0,0.1,14.561505,5.060215,20.2,-2.561505,False
2023-03-28,11.6,6.7,14.612473,5.093763,20.2,-3.012473,False
2023-03-29,13.4,2.6,14.646559,5.118387,20.3,-1.246559,False
2023-03-30,13.0,5.2,14.686022,5.098602,20.31,-1.686022,False
2023-03-31,11.9,5.6,14.736237,5.113333,20.4,-2.836237,False
2023-04-01,9.5,4.7,14.826989,5.15828,20.5,-5.326989,False
2023-04-02,9.4,3.3,14.942903,5.225914,20.7,-5.542903,False
2023-04-03,9.2,1.1,15.049677,5.269032,20.91,-5.849677,False
2023-04-04,9.4,1.9,15.143871,5.322151,21.21,-5.743871,False
2023-04-05,11.2,2.0,15.234839,5.376882,21.51,-4.034839,False
2023-04-06,12.5,7.5,15.342366,5.435699,21.62,-2.842366,False
2023-04-07,12.8,9.5,15.460645,5.496022,21.81,-2.660645,False
2023-04-08,13.0,6.6,15.581398,5.562258,22.01,-2.581398,False
2023-04-09,13.0,8.9,15.693763,5.626237,22.2,-2.693763,False
2023-04-10,12.8,8.1,15.816667,5.695914,22.4,-3.016667,False
2023-04-11,11.1,4.4,15.955161,5.764194,22.6,-4.855161,False
2023-04-12,11.3,2.9,16.105699,5.853548,22.7,-4.805699,False
2023-04-13,11.2,1.3,16.220215,5.925484,22.8,-5.020215,False
2023-04-14,14.6,1.8,16.320968,5.991075,22.8,-1.720968,False
2023-04-15,15.2,3.5,16.397634,6.050323,22.8,-1.197634,False
2023-04-16,13.9,7.5,16.507419,6.079355,22.9,-2.607419,False
2023-04-17,10.7,3.7,16.643548,6.15914,23.0,-5.943548,False
2023-04-18,8.8,2.7,16.786129,6.241613,23.1,-7.986129,False
2023-04-19,9.4,3.9,16.918172,6.335591,23.3,-7.518172,False
2023-04-20,9.4,1.4,17.041505,6.441075,23.5,-7.641505,False
2023-04-21,13.9,7.2,17.197849,6.53129,23.6,-3.297849,False
2023-04-22,18.6,8.8,17.352043,6.584946,23.81,1.247957,False
2023-04-23,18.6,11.1,17.468817,6.627742,24.11,1.131183,False
2023-04-24,13.8,7.8,17.584731,6.665161,24.21,-3.784731,False
2023-04-25,18.1,5.2,17.716774,6.732258,24.52,0.383226,False
2023-04-26,23.4,7.5,17.880215,6.808817,25.01,5.519785,False
2023-04-27,25.2,10.6,18.013226,6.88129,25.32,7.186774,False
2023-04-28,31.1,11.4,18.165376,6.958602,25.6,12.934624,False
2023-04-29,31.1,11.5,18.376452,7.072903,25.8,12.723548,False
2023-04-30,26.3,9.9,18.586452,7.215269,26.02,7.713548,False
2023-05-01,16.6,9.5,18.759892,7.336452,26.31,-2.159892,False
2023-05-02,18.3,10.0,18.893548,7.439785,26.5,-0.593548,False
2023-05-03,22.5,8.6,19.032581,7.537312,26.7,3.467419,False
2023-05-04,22.0,9.5,19.143871,7.642903,26.7,2.856129,False
2023-05-05,13.2,8.4,19.223763,7.756989,26.7,-6.023763,False
2023-05-06,16.6,9.4,19.296344,7.837204,26.7,-2.696344,False
2023-05-07,17.1,8.1,19.377419,7.920215,26.9,-2.277419,False
2023-05-08,17.7,7.0,19.505484,8.02914,27.1,-1.805484,False
2023-05-09,17.2,8.0,19.667097,8.138065,27.21,-2.467097,False
2023-05-10,22.3,7.9,19.807742,8.240645,27.3,2.492258,False
2023-05-11,23.7,9.5,19.916452,8.347957,27.3,3.783548,False
2023-05-12,30.0,10.4,20.023548,8.474624,27.3,9.976452,True
2023-05-13,32.9,13.2,20.122688,8.575914,27.41,12.777312,True
2023-05-14,33.0,15.5,20.245699,8.677634,27.8,12.754301,True
2023-05-15,32.0,16.6,20.38043,8.764086,27.9,11.61957,True
2023-05-16,29.7,13.6,20.534409,8.882366,28.0,9.165591,True
2023-05-17,30.6,15.4,20.664839,9.011183,28.22,9.935161,True
2023-05-18,30.5,14.6,20.757097,9.096452,28.22,9.742903,True
2023-05-19,27.8,13.2,20.889462,9.183656,28.4,6.910538,False
2023-05-20,27.7,13.7,21.025699,9.286022,28.5,6.674301,False
2023-05-21,26.4,12.0,21.145699,9.374409,28.51,5.254301,False
2023-05-22,18.1,9.8,21.231075,9.454301,28.6,-3.131075,False
2023-05-23,18.7,7.1,21.296237,9.561505,28.6,-2.596237,False
2023-05-24,23.0,9.4,21.359032,9.650323,28.6,1.640968,False
2023-05-25,26.8,11.7,21.446989,9.750538,28.6,5.353011,False
2023-05-26,28.5,14.6,21.497419,9.82828,28.6,7.002581,False
2023-05-27,28.3,12.8,21.547097,9.893441,28.51,6.752903,False
2023-05-28,23.0,8.8,21.638172,9.967204,28.5,1.361828,False
2023-05-29,24.4,8.5,21.678172,10.065269,28.4,2.721828,False
2023-05-30,24.5,8.0,21.664194,10.101075,28.4,2.835806,False
2023-05-31,18.7,8.7,21.680645,10.133226,28.31,-2.980645,False
2023-06-01,21.5,7.5,21.724301,10.17086,28.4,-0.224301,False
2023-06-02,23.8,6.9,21.798602,10.213118,28.4,2.001398,False
2023-06-03,25.6,7.6,21.872366,10.277742,28.4,3.727634,False
2023-06-04,25.3,8.6,21.977419,10.301828,28.4,3.322581,False
2023-06-05,27.1,9.8,22.130968,10.367204,28.7,4.969032,False
2023-06-06,32.1,10.5,22.285914,10.462473,28.81,9.814086,False
2023-06-07,32.2,14.1,22.426452,10.533548,28.9,9.773548,False
2023-06-08,28.6,12.6,22.511935,10.590323,28.71,6.088065,False
2023-06-09,23.1,14.0,22.581935,10.659677,28.9,0.518065,False
2023-06-10,22.3,12.2,22.694946,10.718925,29.1,-0.394946,False
2023-06-11,25.9,10.6,22.843978,10.793011,29.31,3.056022,False
2023-06-12,31.1,13.5,23.000645,10.87086,29.8,8.099355,False
2023-06-13,31.1,14.3,23.14871,10.949892,29.9,7.95129,False
2023-06-14,21.7,11.3,23.294194,11.029785,30.01,-1.594194,False
2023-06-15,23.0,8.8,23.415161,11.118495,30.22,-0.415161,False
2023-06-16,26.7,11.1,23.519785,11.184946,30.41,3.180215,False
2023-06-17,26.6,14.2,23.626989,11.256989,30.61,2.973011,False
2023-06-18,18.8,10.4,23.747957,11.335914,30.8,-4.947957,False
2023-06-19,15.3,8.0,23.826452,11.397849,30.9,-8.526452,False
2023-06-20,18.6,9.3,23.924624,11.445591,30.9,-5.324624,False
2023-06-21,24.0,7.2,24.050323,11.49871,30.91,-0.050323,False
2023-06-22,29.3,10.9,24.213333,11.563871,31.11,5.086667,False
2023-06-23,29.2,14.2,24.393333,11.631183,31.3,4.806667,False
2023-06-24,26.4,11.0,24.591613,11.724409,31.4,1.808387,False
2023-06-25,27.5,10.7,24.774946,11.816667,31.61,2.725054,False
2023-06-26,27.5,11.5,24.977097,11.903011,31.71,2.522903,False
2023-06-27,26.2,12.7,25.169892,11.997742,31.81,1.030108,False
2023-06-28,29.0,13.5,25.332043,12.107097,31.91,3.667957,False
2023-06-29,30.8,13.9,25.516989,12.151398,32.0,5.283011,False
2023-06-30,30.8,14.5,25.750215,12.253978,32.0,5.049785,False
2023-07-01,28.8,11.6,25.966237,12.367097,32.2,2.833763,False
2023-07-02,29.1,11.8,26.17086,12.480645,32.41,2.92914,False
2023-07-03,31.1,14.0,26.342151,12.574194,32.6,4.757849,False
2023-07-04,34.4,14.8,26.510108,12.654409,32.7,7.889892,True
2023-07-05,35.8,16.7,26.672688,12.764409,32.9,9.127312,True
2023-07-06,35.8,16.9,26.817527,12.847957,33.11,8.982473,True
2023-07-07,31.3,13.2,26.988602,12.93828,33.4,4.311398,False
2023-07-08,26.9,13.1,27.129462,13.043656,33.6,-0.229462,False
2023-07-09,27.8,12.2,27.295484,13.124624,33.71,0.504516,False
2023-07-10,28.3,13.4,27.45043,13.176344,33.8,0.84957,False
2023-07-11,27.0,12.8,27.588495,13.236452,33.8,-0.588495,False
2023-07-12,28.7,14.3,27.734194,13.290108,33.9,0.965806,False
2023-07-13,29.7,13.7,27.866237,13.347634,33.9,1.833763,False
2023-07-14,32.4,15.5,27.997527,13.390538,33.9,4.402473,False
2023-07-15,35.0,17.6,28.122688,13.440538,34.0,6.877312,False
2023-07-16,34.9,15.3,28.244086,13.467634,34.11,6.655914,False
2023-07-17,32.2,15.4,28.348172,13.49828,34.01,3.851828,False
2023-07-18,30.3,11.6,28.440753,13.526129,34.1,1.859247,False
2023-07-19,35.2,16.9,28.54129,13.556989,34.11,6.65871,False
2023-07-20,35.8,15.4,28.686452,13.622258,34.21,7.113548,False
2023-07-21,30.6,15.2,28.813226,13.685914,34.43,1.786774,False
2023-07-22,30.9,15.2,28.870108,13.735806,34.43,2.029892,False
2023-07-23,31.0,15.3,28.884086,13.776559,34.43,2.115914,False
2023-07-24,31.0,13.3,28.888495,13.806667,34.43,2.111505,False
2023-07-25,26.3,16.4,28.907419,13.831505,34.8,-2.607419,False
2023-07-26,27.8,11.5,28.950753,13.858495,35.0,-1.150753,False
2023-07-27,28.1,14.2,28.997849,13.891398,35.0,-0.897849,False
2023-07-28,27.8,12.9,29.039462,13.90914,35.01,-1.239462,False
2023-07-29,27.8,12.8,29.109032,13.915591,35.01,-1.309032,False
2023-07-30,27.0,12.8,29.196774,13.968495,35.1,-2.196774,False
2023-07-31,27.9,11.7,29.23086,13.995161,35.1,-1.33086,False
2023-08-01,30.4,13.0,29.251183,14.001613,35.2,1.148817,False
2023-08-02,31.2,14.7,29.267849,14.008495,35.11,1.932151,False
2023-08-03,31.3,14.6,29.310215,14.00871,35.11,1.989785,False
2023-08-04,30.8,16.2,29.315269,14.015269,35.2,1.484731,False
2023-08-05,29.9,17.6,29.313763,14.01172,35.2,0.586237,False
2023-08-06,26.9,18.1,29.295054,14.001075,35.2,-2.395054,False
2023-08-07,27.1,17.4,29.219677,13.946667,35.1,-2.119677,False
2023-08-08,29.0,14.2,29.170538,13.894731,35.0,-0.170538,False
2023-08-09,29.7,15.9,29.106452,13.846774,35.0,0.593548,False
2023-08-10,27.3,15.6,29.051183,13.816022,35.0,-1.751183,False
2023-08-11,29.0,13.9,29.00871,13.787742,34.9,-0.00871,False
2023-08-12,31.6,15.2,28.934946,13.757742,34.7,2.665054,False
2023-08-13,38.3,16.9,28.880645,13.72129,34.7,9.419355,True
2023-08-14,41.3,19.3,28.824731,13.70914,34.6,12.475269,True
2023-08-15,41.4,22.1,28.723871,13.685591,34.5,12.676129,True
2023-08-16,39.3,22.1,28.606129,13.671075,34.31,10.693871,True
2023-08-17,39.3,20.9,28.515376,13.637204,34.21,10.784624,True
2023-08-18,33.4,15.0,28.454194,13.58957,34.21,4.945806,False
2023-08-19,30.6,9.3,28.393871,13.556667,34.31,2.206129,False
2023-08-20,30.6,15.4,28.283226,13.501075,34.3,2.316774,False
2023-08-21,30.5,12.4,28.164516,13.438925,34.2,2.335484,False
2023-08-22,26.8,12.1,28.093333,13.38086,34.2,-1.293333,False
2023-08-23,25.5,12.4,28.070538,13.333333,34.2,-2.570538,False
2023-08-24,32.6,11.0,28.033978,13.297634,34.2,4.566022,False
2023-08-25,33.4,20.4,27.956129,13.244839,34.0,5.443871,False
2023-08-26,33.9,16.3,27.865914,13.18129,33.9,6.034086,False
2023-08-27,33.3,16.4,27.815161,13.127849,33.9,5.484839,False
2023-08-28,30.0,17.0,27.756129,13.058925,33.8,2.243871,False
2023-08-29,23.2,15.5,27.649032,12.97914,33.7,-4.449032,False
2023-08-30,24.6,15.4,27.478602,12.89828,33.32,-2.878602,False
2023-08-31,25.1,15.7,27.31,12.823548,33.11,-2.21,False
2023-09-01,26.8,15.2,27.141398,12.747204,33.0,-0.341398,False
2023-09-02,30.6,14.9,26.963978,12.666344,32.81,3.636022,False
2023-09-03,30.4,16.1,26.765484,12.590215,32.7,3.634516,False
2023-09-04,21.9,13.1,26.60086,12.510215,32.6,-4.70086,False
2023-09-05,22.1,10.4,26.42129,12.404409,32.5,-4.32129,False
2023-09-06,25.3,9.2,26.271075,12.304839,32.5,-0.971075,False
2023-09-07,25.0,13.4,26.169677,12.226022,32.41,-1.169677,False
2023-09-08,25.5,10.2,26.071828,12.12957,32.41,-0.571828,False
2023-09-09,30.1,12.2,25.973978,12.053978,32.4,4.126022,False
2023-09-10,30.2,12.9,25.85828,12.008065,32.4,4.34172,False
2023-09-11,28.6,13.7,25.710108,11.930645,32.3,2.889892,False
2023-09-12,25.2,12.5,25.593118,11.836237,32.2,-0.393118,False
2023-09-13,26.6,14.7,25.475914,11.732258,32.01,1.124086,False
2023-09-14,31.6,12.4,25.346022,11.623656,31.91,6.253978,False
2023-09-15,33.4,11.1,25.217097,11.530323,31.9,8.182903,False
2023-09-16,33.6,13.4,25.071398,11.425376,31.9,8.528602,False
2023-09-17,29.3,11.2,24.871828,11.314731,31.7,4.428172,False
2023-09-18,22.7,14.1,24.626237,11.211613,31.51,-1.926237,False
2023-09-19,21.9,9.3,24.394946,11.083333,31.3,-2.494946,False
2023-09-20,21.9,12.2,24.196129,10.946129,30.81,-2.296129,False
2023-09-21,22.8,6.7,24.03043,10.842151,30.42,-1.23043,False
2023-09-22,24.5,8.0,23.845376,10.763226,30.2,0.654624,False
2023-09-23,24.5,12.6,23.620753,10.667097,30.1,0.879247,False
2023-09-24,17.3,10.9,23.386129,10.533656,29.91,-6.086129,False
2023-09-25,18.0,14.0,23.142903,10.400108,29.71,-5.142903,False
2023-09-26,18.1,12.5,22.869892,10.246882,29.5,-4.769892,False
2023-09-27,17.8,12.3,22.565161,10.093011,29.3,-4.765161,False
2023-09-28,17.9,11.7,22.270645,9.977419,29.0,-4.370645,False
2023-09-29,17.0,11.5,22.010968,9.846452,28.8,-5.010968,False
2023-09-30,19.3,9.2,21.786452,9.696559,28.7,-2.486452,False
2023-10-01,20.4,6.1,21.586022,9.57043,28.41,-1.186022,False
2023-10-02,20.4,9.1,21.39172,9.443978,28.3,-0.99172,False
2023-10-03,20.1,13.6,21.21086,9.321183,28.0,-1.11086,False
2023-10-04,20.4,11.9,21.041505,9.226989,27.9,-0.641505,False
2023-10-05,26.5,11.1,20.845591,9.124946,27.8,5.654409,False
2023-10-06,28.7,13.9,20.650538,9.048172,27.7,8.049462,False
2023-10-07,28.4,13.5,20.443118,8.956559,27.5,7.956882,False
2023-10-08,28.2,10.9,20.206344,8.837097,27.11,7.993656,False
2023-10-09,25.5,12.7,19.939892,8.736989,26.61,5.560108,False
2023-10-10,17.2,11.5,19.659462,8.611613,26.12,-2.459462,False
2023-10-11,16.7,11.5,19.367312,8.475376,25.8,-2.667312,False
2023-10-12,21.2,10.9,19.086452,8.319462,25.4,2.113548,False
2023-10-13,21.1,12.6,18.767957,8.198925,24.91,2.332043,False
2023-10-14,16.5,12.0,18.423226,8.086237,24.51,-1.923226,False
2023-10-15,20.4,11.2,18.087849,7.944624,23.71,2.312151,False
2023-10-16,19.3,12.7,17.792043,7.802366,23.21,1.507957,False
2023-10-17,17.7,8.9,17.527097,7.666989,23.0,0.172903,False
2023-10-18,22.0,7.9,17.3,7.546022,22.51,4.7,False
2023-10-19,21.8,7.5,17.094946,7.421613,22.4,4.705054,False
2023-10-20,20.8,12.9,16.88,7.33086,22.3,3.92,False
2023-10-21,19.2,11.2,16.642581,7.265054,21.81,2.557419,False
2023-10-22,16.5,12.4,16.383333,7.177742,21.6,0.116667,False
2023-10-23,16.2,9.7,16.144731,7.052043,21.4,0.055269,False
2023-10-24,13.8,7.2,15.903978,6.92172,21.11,-2.103978,False
2023-10-25,10.1,6.6,15.669355,6.792581,20.9,-5.569355,False
2023-10-26,10.7,4.7,15.44957,6.693656,20.41,-4.74957,False
2023-10-27,11.7,2.8,15.268387,6.617204,20.3,-3.568387,False
2023-10-28,12.5,-0.2,15.067957,6.566129,20.11,-2.567957,False
2023-10-29,14.3,0.6,14.871935,6.500215,19.8,-0.571935,False
2023-10-30,15.4,1.1,14.660108,6.447527,19.6,0.739892,False
2023-10-31,14.4,1.7,14.464731,6.384516,19.3,-0.064731,False
2023-11-01,13.1,7.1,14.242688,6.286129,19.1,-1.142688,False
2023-11-02,17.1,9.7,14.034086,6.216774,18.7,3.065914,False
2023-11-03,16.7,9.5,13.812796,6.105054,18.3,2.887204,False
2023-11-04,17.1,14.1,13.571075,5.99086,17.91,3.528925,False
2023-11-05,16.3,10.3,13.345484,5.86086,17.7,2.954516,False
2023-11-06,14.7,10.5,13.110323,5.709247,17.31,1.589677,False
2023-11-07,13.9,9.6,12.851935,5.564731,17.1,1.048065,False
2023-11-08,13.0,4.2,12.600968,5.45,16.7,0.399032,False
2023-11-09,11.0,2.1,12.379785,5.349462,16.4,-1.379785,False
2023-11-10,11.5,6.8,12.194301,5.265914,16.2,-0.694301,False
2023-11-11,12.7,10.1,12.022903,5.155484,16.0,0.677097,False
2023-11-12,13.4,7.9,11.837097,5.082473,15.7,1.562903,False
2023-11-13,13.1,8.0,11.656882,4.976452,15.51,1.443118,False
2023-11-14,12.0,3.4,11.480323,4.863978,15.4,0.519677,False
2023-11-15,11.4,6.4,11.323226,4.782796,15.3,0.076774,False
2023-11-16,11.3,3.3,11.176774,4.706344,15.2,0.123226,False
2023-11-17,12.2,3.9,11.025484,4.65957,14.81,1.174516,False
2023-11-18,11.4,5.3,10.864516,4.567204,14.61,0.535484,False
2023-11-19,11.7,6.8,10.703441,4.468925,14.5,0.996559,False
2023-11-20,11.3,1.7,10.524946,4.325269,14.2,0.775054,False
2023-11-21,12.0,3.6,10.348495,4.200108,14.1,1.651505,False
2023-11-22,12.4,8.3,10.159247,4.069462,13.8,2.240753,False
2023-11-23,10.5,3.3,9.969247,3.947097,13.6,0.530753,False
2023-11-24,10.0,-1.6,9.811398,3.838817,13.5,0.188602,False
2023-11-25,9.9,-2.7,9.687204,3.773763,13.5,0.212796,False
2023-11-26,10.0,-1.9,9.564946,3.707849,13.5,0.435054,False
2023-11-27,7.7,-1.7,9.444516,3.662366,13.4,-1.744516,False
2023-11-28,6.1,-2.6,9.333333,3.572473,13.2,-3.233333,False
2023-11-29,5.1,-3.1,9.202688,3.444516,13.1,-4.102688,False
2023-11-30,4.8,0.2,9.044731,3.331075,13.0,-4.244731,False
2023-12-01,10.5,3.3,8.908172,3.242043,12.7,1.591828,False
2023-12-02,11.0,7.7,8.794409,3.167957,12.6,2.205591,False
2023-12-03,14.4,8.0,8.671183,3.06043,12.5,5.728817,False
2023-12-04,16.4,10.9,8.571183,2.995054,12.3,7.828817,False
2023-12-05,16.7,13.7,8.487849,2.952258,12.2,8.212151,False
2023-12-06,14.4,9.4,8.405699,2.890215,12.01,5.994301,False
2023-12-07,9.2,7.5,8.32871,2.854839,12.0,0.87129,False
2023-12-08,8.0,3.0,8.276344,2.820968,11.9,-0.276344,False
2023-12-09,7.0,0.5,8.222258,2.765161,11.9,-1.222258,False
2023-12-10,11.3,5.0,8.160215,2.708495,11.8,3.139785,False
2023-12-11,11.3,8.8,8.072258,2.642366,11.7,3.227742,False
2023-12-12,10.4,4.4,8.015054,2.629462,11.6,2.384946,False
2023-12-13,10.4,4.6,7.973118,2.626237,11.51,2.426882,False
2023-12-14,9.1,5.6,7.928387,2.606452,11.5,1.171613,False
2023-12-15,9.4,4.5,7.879892,2.587312,11.5,1.520108,False
2023-12-16,8.5,1.0,7.819677,2.532258,11.4,0.680323,False
2023-12-17,8.9,0.2,7.767097,2.487742,11.4,1.132903,False
2023-12-18,8.5,4.2,7.73043,2.413763,11.4,0.76957,False
2023-12-19,11.5,6.2,7.699032,2.40172,11.4,3.800968,False
2023-12-20,11.6,3.7,7.672473,2.406452,11.5,3.927527,False
2023-12-21,9.5,3.3,7.653118,2.423118,11.5,1.846882,False
2023-12-22,7.9,4.5,7.64172,2.402366,11.5,0.25828,False
2023-12-23,7.3,0.2,7.661183,2.424086,11.5,-0.361183,False
2023-12-24,7.1,0.6,7.688602,2.457312,11.51,-0.588602,False
2023-12-25,7.0,5.0,7.706237,2.482043,11.5,-0.706237,False
2023-12-26,8.6,5.7,7.714086,2.500753,11.5,0.885914,False
2023-12-27,10.1,7.4,7.715699,2.495591,11.51,2.384301,False
2023-12-28,10.3,5.4,7.701183,2.461075,11.5,2.598817,False
2023-12-29,13.1,8.4,7.694946,2.446344,11.6,5.405054,False
2023-12-30,11.7,7.4,7.693333,2.455484,11.6,4.006667,False
2023-12-31,10.7,3.8,7.716344,2.440215,11.6,2.983656,False
2024-01-01,7.6,2.5,7.713118,2.42828,11.6,-0.113118,False
2024-01-02,6.3,4.5,7.717419,2.41,11.6,-1.417419,False
2024-01-03,8.7,3.1,7.772903,2.444086,11.6,0.927097,False
2024-01-04,9.6,6.7,7.811935,2.478602,11.61,1.788065,False
2024-01-05,9.6,3.2,7.850538,2.467204,11.6,1.749462,False
2024-01-06,9.0,5.3,7.883011,2.480753,11.6,1.116989,False
2024-01-07,8.2,3.3,7.923226,2.497742,11.6,0.276774,False
2024-01-08,7.1,3.6,7.967742,2.537097,11.61,-0.867742,False
2024-01-09,9.8,6.3,8.029677,2.589785,11.71,1.770323,False
2024-01-10,6.3,2.1,8.11,2.629892,11.9,-1.81,False
2024-01-11,6.8,2.3,8.18129,2.667742,11.9,-1.38129,False
2024-01-12,6.2,0.1,8.213226,2.637957,12.0,-2.013226,False
2024-01-13,-0.3,-9.9,8.267204,2.646237,12.1,-8.567204,False
2024-01-14,-4.3,-10.0,8.334839,2.688387,12.1,-12.634839,False
2024-01-15,-3.0,-8.6,8.407849,2.707527,12.1,-11.407849,False
2024-01-16,-2.1,-9.5,8.485699,2.760753,12.2,-10.585699,False
2024-01-17,5.8,-2.8,8.565484,2.776882,12.21,-2.765484,False
2024-01-18,4.6,1.5,8.633763,2.808495,12.3,-4.033763,False
2024-01-19,4.7,1.2,8.712796,2.823656,12.4,-4.012796,False
2024-01-20,5.3,1.3,8.815591,2.850323,12.6,-3.515591,False
2024-01-21,9.2,1.9,8.923333,2.879355,12.8,0.276667,False
2024-01-22,11.0,6.4,9.015161,2.933118,12.8,1.984839,False
2024-01-23,12.1,7.3,9.090538,2.943226,12.9,3.009462,False
2024-01-24,11.9,5.6,9.14172,2.934946,13.0,2.75828,False
2024-01-25,11.0,7.8,9.217097,2.922151,13.2,1.782903,False
2024-01-26,10.5,6.5,9.283333,2.896344,13.2,1.216667,False
2024-01-27,15.2,7.4,9.365376,2.902903,13.3,5.834624,False
2024-01-28,16.8,12.4,9.46871,2.922366,13.3,7.33129,False
2024-01-29,16.0,8.2,9.547527,2.926344,13.31,6.452473,False
2024-01-30,14.6,9.4,9.63914,2.945161,13.4,4.96086,False
2024-01-31,14.4,10.8,9.752258,3.00129,13.5,4.647742,False
2024-02-01,15.3,7.9,9.868387,3.06,13.7,5.431613,False
2024-02-02,14.6,7.6,9.968925,3.114086,13.7,4.631075,False
2024-02-03,11.9,1.0,10.026129,3.105914,13.8,1.873871,False
2024-02-04,12.1,-0.6,10.077527,3.108602,13.8,2.022473,False
2024-02-05,11.2,6.6,10.134516,3.099247,13.81,1.065484,False
2024-02-06,10.4,7.1,10.202366,3.118602,14.0,0.197634,False
2024-02-07,9.8,5.1,10.281935,3.136559,14.1,-0.481935,False
2024-02-08,9.5,3.0,10.348172,3.101183,14.1,-0.848172,False
2024-02-09,8.9,4.7,10.399462,3.072903,14.3,-1.499462,False
2024-02-10,11.4,2.7,10.445914,3.048817,14.3,0.954086,False
2024-02-11,12.2,4.9,10.493548,3.026344,14.31,1.706452,False
2024-02-12,11.9,7.0,10.564086,3.037634,14.5,1.335914,False
2024-02-13,11.4,2.1,10.626882,3.026882,14.6,0.773118,False
2024-02-14,10.0,1.5,10.696667,3.025484,14.7,-0.696667,False
2024-02-15,9.1,3.1,10.757634,3.046559,14.7,-1.657634,False
2024-02-16,8.1,2.9,10.835591,3.066989,14.71,-2.735591,False
2024-02-17,7.6,4.8,10.908602,3.078602,14.8,-3.308602,False
2024-02-18,10.2,3.5,10.976452,3.109785,14.9,-0.776452,False
2024-02-19,11.9,6.4,11.054516,3.121613,15.1,0.845484,False
2024-02-20,12.1,6.1,11.120645,3.122151,15.31,0.979355,False
2024-02-21,12.5,8.4,11.202796,3.146882,15.41,1.297204,False
2024-02-22,14.8,5.7,11.301505,3.174731,15.7,3.498495,False
2024-02-23,15.3,2.1,11.400323,3.22,15.8,3.899677,False
2024-02-24,15.1,4.5,11.533441,3.267957,15.91,3.566559,False
2024-02-25,12.2,7.1,11.664624,3.35172,16.11,0.535376,False
2024-02-26,11.2,3.6,11.788817,3.432581,16.4,-0.588817,False
2024-02-27,7.5,1.1,11.88172,3.513871,16.5,-4.38172,False
2024-02-28,11.3,7.4,11.961828,3.577957,16.8,-0.661828,False
2024-02-29,11.2,3.5,12.006237,3.609516,16.905,-0.806237,False
2024-03-01,6.7,2.9,12.050645,3.641075,17.01,-5.350645,False
2024-03-02,6.8,2.0,12.11914,3.67,17.1,-5.31914,False
2024-03-03,5.3,1.7,12.194731,3.715376,17.1,-6.894731,False
2024-03-04,5.5,1.7,12.289677,3.716022,17.3,-6.789677,False
2024-03-05,7.7,1.1,12.404946,3.749892,17.6,-4.704946,False
2024-03-06,8.6,-2.3,12.510108,3.803441,17.7,-3.910108,False
2024-03-07,9.6,-2.8,12.613548,3.834731,17.7,-3.013548,False
2024-03-08,14.5,-0.8,12.707204,3.88,17.8,1.792796,False
2024-03-09,14.5,3.3,12.810215,3.930753,18.0,1.689785,False
2024-03-10,10.5,5.5,12.906667,3.972151,18.1,-2.406667,False
2024-03-11,9.8,5.7,13.000108,4.036989,18.21,-3.200108,False
2024-03-12,10.7,7.6,13.085914,4.103978,18.3,-2.385914,False
2024-03-13,11.9,3.1,13.177097,4.178925,18.4,-1.277097,False
2024-03-14,17.3,-0.3,13.32129,4.275269,18.5,3.97871,False
2024-03-15,20.9,3.9,13.475054,4.363763,18.7,7.424946,False
2024-03-16,23.3,7.3,13.60043,4.444409,19.1,9.69957,False
2024-03-17,23.6,4.9,13.705269,4.49086,19.3,9.894731,False
2024-03-18,23.3,4.9,13.802796,4.530753,19.3,9.497204,False
2024-03-19,23.6,6.5,13.891075,4.547097,19.51,9.708925,False
2024-03-20,18.2,7.8,13.994946,4.597957,19.7,4.205054,False
2024-03-21,15.8,8.7,14.076237,4.646882,19.7,1.723763,False
2024-03-22,15.0,7.9,14.162796,4.737634,19.81,0.837204,False
2024-03-23,14.5,6.7,14.277957,4.835054,19.91,0.222043,False
2024-03-24,12.7,6.9,14.357957,4.913226,20.01,-1.657957,False
2024-03-25,13.2,6.8,14.435269,4.965591,20.1,-1.235269,False
2024-03-26,12.8,7.0,14.496452,5.014086,20.11,-1.696452,False
2024-03-27,13.0,8.1,14.561505,5.060215,20.2,-1.561505,False
2024-03-28,11.9,6.6,14.612473,5.093763,20.2,-2.712473,False
2024-03-29,16.2,4.2,14.646559,5.118387,20.3,1.553441,False
2024-03-30,18.5,4.4,14.686022,5.098602,20.31,3.813978,False
2024-03-31,17.9,2.9,14.736237,5.113333,20.4,3.163763,False
2024-04-01,19.8,3.9,14.826989,5.15828,20.5,4.973011,False
2024-04-02,23.9,6.2,14.942903,5.225914,20.7,8.957097,False
2024-04-03,23.0,6.0,15.049677,5.269032,20.91,7.950323,False
2024-04-04,10.3,4.5,15.143871,5.322151,21.21,-4.843871,False
2024-04-05,12.2,2.4,15.234839,5.376882,21.51,-3.034839,False
2024-04-06,10.7,4.5,15.342366,5.435699,21.62,-4.642366,False
2024-04-07,12.9,5.3,15.460645,5.496022,21.81,-2.560645,False
2024-04-08,12.5,4.7,15.581398,5.562258,22.01,-3.081398,False
2024-04-09,16.7,9.5,15.693763,5.626237,22.2,1.006237,False
2024-04-10,18.1,3.1,15.816667,5.695914,22.4,2.283333,False
2024-04-11,18.3,5.1,15.955161,5.764194,22.6,2.344839,False
2024-04-12,19.3,8.1,16.105699,5.853548,22.7,3.194301,False
2024-04-13,19.2,7.1,16.220215,5.925484,22.8,2.979785,False
2024-04-14,19.3,9.1,16.320968,5.991075,22.8,2.979032,False
2024-04-15,18.2,8.9,16.397634,6.050323,22.8,1.802366,False
2024-04-16,13.0,5.2,16.507419,6.079355,22.9,-3.507419,False
2024-04-17,17.0,1.4,16.643548,6.15914,23.0,0.356452,False
2024-04-18,20.5,2.2,16.786129,6.241613,23.1,3.713871,False
2024-04-19,21.0,6.4,16.918172,6.335591,23.3,4.081828,False
2024-04-20,20.9,5.9,17.041505,6.441075,23.5,3.858495,False
2024-04-21,15.6,4.0,17.197849,6.53129,23.6,-1.597849,False
2024-04-22,19.9,2.7,17.352043,6.584946,23.81,2.547957,False
2024-04-23,23.1,6.6,17.468817,6.627742,24.11,5.631183,False
2024-04-24,23.4,5.9,17.584731,6.665161,24.21,5.815269,False
2024-04-25,15.7,10.1,17.716774,6.732258,24.52,-2.016774,False
2024-04-26,15.0,10.0,17.880215,6.808817,25.01,-2.880215,False
2024-04-27,13.6,8.1,18.013226,6.88129,25.32,-4.413226,False
2024-04-28,12.9,8.4,18.165376,6.958602,25.6,-5.265376,False
2024-04-29,12.8,6.3,18.376452,7.072903,25.8,-5.576452,False
2024-04-30,12.1,4.5,18.586452,7.215269,26.02,-6.486452,False
2024-05-01,13.3,3.1,18.759892,7.336452,26.31,-5.459892,False
2024-05-02,16.2,6.6,18.893548,7.439785,26.5,-2.693548,False
2024-05-03,16.6,4.3,19.032581,7.537312,26.7,-2.432581,False
2024-05-04,13.1,9.4,19.143871,7.642903,26.7,-6.043871,False
2024-05-05,11.7,8.2,19.223763,7.756989,26.7,-7.523763,False
2024-05-06,13.0,8.2,19.296344,7.837204,26.7,-6.296344,False
2024-05-07,14.7,5.3,19.377419,7.920215,26.9,-4.677419,False
2024-05-08,19.5,3.1,19.505484,8.02914,27.1,-0.005484,False
2024-05-09,26.6,5.5,19.667097,8.138065,27.21,6.932903,False
2024-05-10,31.2,10.3,19.807742,8.240645,27.3,11.392258,True
2024-05-11,31.1,11.9,19.916452,8.347957,27.3,11.183548,True
2024-05-12,29.6,10.9,20.023548,8.474624,27.3,9.576452,True
2024-05-13,25.6,10.2,20.122688,8.575914,27.41,5.477312,False
2024-05-14,23.5,8.8,20.245699,8.677634,27.8,3.254301,False
2024-05-15,25.9,13.2,20.38043,8.764086,27.9,5.51957,False
2024-05-16,25.8,10.6,20.534409,8.882366,28.0,5.265591,False
2024-05-17,20.8,8.4,20.664839,9.011183,28.22,0.135161,False
2024-05-18,18.0,6.1,20.757097,9.096452,28.22,-2.757097,False
2024-05-19,16.3,6.9,20.889462,9.183656,28.4,-4.589462,False
2024-05-20,18.1,5.2,21.025699,9.286022,28.5,-2.925699,False
2024-05-21,18.4,7.6,21.145699,9.374409,28.51,-2.745699,False
2024-05-22,15.3,8.4,21.231075,9.454301,28.6,-5.931075,False
2024-05-23,16.7,7.9,21.296237,9.561505,28.6,-4.596237,False
2024-05-24,17.7,7.6,21.359032,9.650323,28.6,-3.659032,False
2024-05-25,17.0,8.9,21.446989,9.750538,28.6,-4.446989,False
2024-05-26,19.8,7.0,21.497419,9.82828,28.6,-1.697419,False
2024-05-27,22.8,8.9,21.547097,9.893441,28.51,1.252903,False
2024-05-28,23.1,10.9,21.638172,9.967204,28.5,1.461828,False
2024-05-29,17.4,9.4,21.678172,10.065269,28.4,-4.278172,False
2024-05-30,19.7,5.7,21.664194,10.101075,28.4,-1.964194,False
2024-05-31,24.4,8.1,21.680645,10.133226,28.31,2.719355,False
2024-06-01,24.7,11.8,21.724301,10.17086,28.4,2.975699,False
2024-06-02,21.2,14.2,21.798602,10.213118,28.4,-0.598602,False
2024-06-03,16.5,12.5,21.872366,10.277742,28.4,-5.372366,False
2024-06-04,17.9,11.5,21.977419,10.301828,28.4,-4.077419,False
2024-06-05,22.2,6.9,22.130968,10.367204,28.7,0.069032,False
2024-06-06,26.3,10.1,22.285914,10.462473,28.81,4.014086,False
2024-06-07,28.5,12.4,22.426452,10.533548,28.9,6.073548,False
2024-06-08,28.7,13.2,22.511935,10.590323,28.71,6.188065,False
2024-06-09,26.9,13.1,22.581935,10.659677,28.9,4.318065,False
2024-06-10,24.6,10.0,22.694946,10.718925,29.1,1.905054,False
2024-06-11,25.1,12.7,22.843978,10.793011,29.31,2.256022,False
2024-06-12,22.2,7.3,23.000645,10.87086,29.8,-0.800645,False
2024-06-13,22.7,9.5,23.14871,10.949892,29.9,-0.44871,False
2024-06-14,22.0,8.1,23.294194,11.029785,30.01,-1.294194,False
2024-06-15,20.0,10.5,23.415161,11.118495,30.22,-3.415161,False
2024-06-16,17.1,6.5,23.519785,11.184946,30.41,-6.419785,False
2024-06-17,16.9,8.4,23.626989,11.256989,30.61,-6.726989,False
2024-06-18,21.7,7.8,23.747957,11.335914,30.8,-2.047957,False
2024-06-19,28.6,9.0,23.826452,11.397849,30.9,4.773548,False
2024-06-20,30.6,14.5,23.924624,11.445591,30.9,6.675376,False
2024-06-21,31.0,14.8,24.050323,11.49871,30.91,6.949677,False
2024-06-22,31.1,13.7,24.213333,11.563871,31.11,6.886667,False
2024-06-23,28.4,14.6,24.393333,11.631183,31.3,4.006667,False
2024-06-24,23.6,9.7,24.591613,11.724409,31.4,-0.991613,False
2024-06-25,29.8,12.1,24.774946,11.816667,31.61,5.025054,False
2024-06-26,30.7,14.2,24.977097,11.903011,31.71,5.722903,False
2024-06-27,20.3,13.4,25.169892,11.997742,31.81,-4.869892,False
2024-06-28,25.3,11.3,25.332043,12.107097,31.91,-0.032043,False
2024-06-29,25.9,13.4,25.516989,12.151398,32.0,0.383011,False
2024-06-30,26.8,16.3,25.750215,12.253978,32.0,1.049785,False
2024-07-01,26.8,15.1,25.966237,12.367097,32.2,0.833763,False
2024-07-02,26.6,10.3,26.17086,12.480645,32.41,0.42914,False
2024-07-03,25.8,10.4,26.342151,12.574194,32.6,-0.542151,False
2024-07-04,32.1,13.8,26.510108,12.654409,32.7,5.589892,False
2024-07-05,36.7,14.2,26.672688,12.764409,32.9,10.027312,True
2024-07-06,37.0,16.7,26.817527,12.847957,33.11,10.182473,True
2024-07-07,37.3,15.4,26.988602,12.93828,33.4,10.311398,True
2024-07-08,38.5,19.6,27.129462,13.043656,33.6,11.370538,True
2024-07-09,39.2,19.4,27.295484,13.124624,33.71,11.904516,True
2024-07-10,39.6,19.5,27.45043,13.176344,33.8,12.14957,True
2024-07-11,32.8,14.5,27.588495,13.236452,33.8,5.211505,False
2024-07-12,29.6,13.1,27.734194,13.290108,33.9,1.865806,False
2024-07-13,33.5,14.6,27.866237,13.347634,33.9,5.633763,False
2024-07-14,33.9,17.5,27.997527,13.390538,33.9,5.902473,False
2024-07-15,31.1,13.7,28.122688,13.440538,34.0,2.977312,False
2024-07-16,34.9,13.6,28.244086,13.467634,34.11,6.655914,False
2024-07-17,34.9,16.8,28.348172,13.49828,34.01,6.551828,False
2024-07-18,30.7,13.6,28.440753,13.526129,34.1,2.259247,False
2024-07-19,31.9,14.4,28.54129,13.556989,34.11,3.35871,False
2024-07-20,33.7,16.1,28.686452,13.622258,34.21,5.013548,False
2024-07-21,33.9,17.4,28.813226,13.685914,34.43,5.086774,False
2024-07-22,26.2,14.3,28.870108,13.735806,34.43,-2.670108,False
2024-07-23,27.2,10.3,28.884086,13.776559,34.43,-1.684086,False
2024-07-24,27.6,11.6,28.888495,13.806667,34.43,-1.288495,False
2024-07-25,27.4,12.4,28.907419,13.831505,34.8,-1.507419,False
2024-07-26,27.6,10.4,28.950753,13.858495,35.0,-1.350753,False
2024-07-27,27.8,12.4,28.997849,13.891398,35.0,-1.197849,False
2024-07-28,27.7,13.8,29.039462,13.90914,35.01,-1.339462,False
2024-07-29,25.1,15.0,29.109032,13.915591,35.01,-4.009032,False
2024-07-30,26.6,16.9,29.196774,13.968495,35.1,-2.596774,False
2024-07-31,29.8,15.1,29.23086,13.995161,35.1,0.56914,False
2024-08-01,36.6,16.8,29.251183,14.001613,35.2,7.348817,False
2024-08-02,37.3,20.0,29.267849,14.008495,35.11,8.032151,False
2024-08-03,33.3,16.4,29.310215,14.00871,35.11,3.989785,False
2024-08-04,32.8,15.5,29.315269,14.015269,35.2,3.484731,False
2024-08-05,33.0,15.7,29.313763,14.01172,35.2,3.686237,False
2024-08-06,30.0,12.2,29.295054,14.001075,35.2,0.704946,False
2024-08-07,29.9,11.9,29.219677,13.946667,35.1,0.680323,False
2024-08-08,33.5,17.2,29.170538,13.894731,35.0,4.329462,False
2024-08-09,33.9,15.9,29.106452,13.846774,35.0,4.793548,False
2024-08-10,30.8,15.8,29.051183,13.816022,35.0,1.748817,False
2024-08-11,30.6,15.5,29.00871,13.787742,34.9,1.59129,False
2024-08-12,26.0,14.0,28.934946,13.757742,34.7,-2.934946,False
2024-08-13,22.6,14.7,28.880645,13.72129,34.7,-6.280645,False
2024-08-14,25.2,13.3,28.824731,13.70914,34.6,-3.624731,False
2024-08-15,25.5,16.1,28.723871,13.685591,34.5,-3.223871,False
2024-08-16,25.4,16.0,28.606129,13.671075,34.31,-3.206129,False
2024-08-17,27.7,13.4,28.515376,13.637204,34.21,-0.815376,False
2024-08-18,25.2,14.6,28.454194,13.58957,34.21,-3.254194,False
2024-08-19,25.7,13.7,28.393871,13.556667,34.31,-2.693871,False
2024-08-20,25.7,12.6,28.283226,13.501075,34.3,-2.583226,False
2024-08-21,25.4,13.1,28.164516,13.438925,34.2,-2.764516,False
2024-08-22,22.6,15.1,28.093333,13.38086,34.2,-5.493333,False
2024-08-23,19.8,13.4,28.070538,13.333333,34.2,-8.270538,False
2024-08-24,21.0,9.6,28.033978,13.297634,34.2,-7.033978,False
2024-08-25,25.5,12.2,27.956129,13.244839,34.0,-2.456129,False
2024-08-26,28.7,11.7,27.865914,13.18129,33.9,0.834086,False
2024-08-27,28.7,15.0,27.815161,13.127849,33.9,0.884839,False
2024-08-28,24.8,9.0,27.756129,13.058925,33.8,-2.956129,False
2024-08-29,33.4,10.1,27.649032,12.97914,33.7,5.750968,False
2024-08-30,34.7,11.6,27.478602,12.89828,33.32,7.221398,True
2024-08-31,36.8,14.9,27.31,12.823548,33.11,9.49,True
2024-09-01,36.5,15.7,27.141398,12.747204,33.0,9.358602,True
2024-09-02,29.1,15.6,26.963978,12.666344,32.81,2.136022,False
2024-09-03,25.2,15.3,26.765484,12.590215,32.7,-1.565484,False
2024-09-04,34.3,12.3,26.60086,12.510215,32.6,7.69914,True
2024-09-05,38.1,15.2,26.42129,12.404409,32.5,11.67871,True
2024-09-06,38.1,16.7,26.271075,12.304839,32.5,11.828925,True
2024-09-07,35.0,18.4,26.169677,12.226022,32.41,8.830323,True
2024-09-08,29.3,16.2,26.071828,12.12957,32.41,3.228172,False
2024-09-09,29.1,15.0,25.973978,12.053978,32.4,3.126022,False
2024-09-10,26.6,12.8,25.85828,12.008065,32.4,0.74172,False
2024-09-11,26.1,12.8,25.710108,11.930645,32.3,0.389892,False
2024-09-12,20.9,14.4,25.593118,11.836237,32.2,-4.693118,False
2024-09-13,22.9,9.3,25.475914,11.732258,32.01,-2.575914,False
2024-09-14,22.8,14.1,25.346022,11.623656,31.91,-2.546022,False
2024-09-15,21.3,11.7,25.217097,11.530323,31.9,-3.917097,False
2024-09-16,24.1,9.9,25.071398,11.425376,31.9,-0.971398,False
2024-09-17,24.2,10.4,24.871828,11.314731,31.7,-0.671828,False
2024-09-18,21.8,14.3,24.626237,11.211613,31.51,-2.826237,False
2024-09-19,23.5,11.8,24.394946,11.083333,31.3,-0.894946,False
2024-09-20,23.3,10.8,24.196129,10.946129,30.81,-0.896129,False
2024-09-21,25.0,8.4,24.03043,10.842151,30.42,0.96957,False
2024-09-22,25.6,8.9,23.845376,10.763226,30.2,1.754624,False
2024-09-23,27.1,14.5,23.620753,10.667097,30.1,3.479247,False
2024-09-24,32.2,14.4,23.386129,10.533656,29.91,8.813871,False
2024-09-25,32.6,15.6,23.142903,10.400108,29.71,9.457097,False
2024-09-26,20.3,10.4,22.869892,10.246882,29.5,-2.569892,False
2024-09-27,22.0,13.8,22.565161,10.093011,29.3,-0.565161,False
2024-09-28,23.4,9.5,22.270645,9.977419,29.0,1.129355,False
2024-09-29,22.8,8.2,22.010968,9.846452,28.8,0.789032,False
2024-09-30,23.8,5.6,21.786452,9.696559,28.7,2.013548,False
2024-10-01,25.6,5.9,21.586022,9.57043,28.41,4.013978,False
2024-10-02,25.5,8.6,21.39172,9.443978,28.3,4.10828,False
2024-10-03,24.9,5.1,21.21086,9.321183,28.0,3.68914,False
2024-10-04,24.5,6.9,21.041505,9.226989,27.9,3.458495,False
2024-10-05,21.1,8.0,20.845591,9.124946,27.8,0.254409,False
2024-10-06,22.7,5.8,20.650538,9.048172,27.7,2.049462,False
2024-10-07,26.8,6.2,20.443118,8.956559,27.5,6.356882,False
2024-10-08,27.1,10.8,20.206344,8.837097,27.11,6.893656,False
2024-10-09,21.1,14.3,19.939892,8.736989,26.61,1.160108,False
2024-10-10,20.2,5.7,19.659462,8.611613,26.12,0.540538,False
2024-10-11,20.0,6.3,19.367312,8.475376,25.8,0.632688,False
2024-10-12,23.9,7.1,19.086452,8.319462,25.4,4.813548,False
2024-10-13,24.2,6.4,18.767957,8.198925,24.91,5.432043,False
2024-10-14,24.1,9.7,18.423226,8.086237,24.51,5.676774,False
2024-10-15,21.3,14.5,18.087849,7.944624,23.71,3.212151,False
2024-10-16,17.4,12.4,17.792043,7.802366,23.21,-0.392043,False
2024-10-17,17.0,7.5,17.527097,7.666989,23.0,-0.527097,False
2024-10-18,14.6,4.9,17.3,7.546022,22.51,-2.7,False
2024-10-19,21.4,12.6,17.094946,7.421613,22.4,4.305054,False
2024-10-20,21.0,9.0,16.88,7.33086,22.3,4.12,False
2024-10-21,19.1,10.3,16.642581,7.265054,21.81,2.457419,False
2024-10-22,14.9,5.3,16.383333,7.177742,21.6,-1.483333,False
2024-10-23,13.9,3.8,16.144731,7.052043,21.4,-2.244731,False
2024-10-24,15.0,1.6,15.903978,6.92172,21.11,-0.903978,False
2024-10-25,17.6,3.0,15.669355,6.792581,20.9,1.930645,False
2024-10-26,17.3,11.5,15.44957,6.693656,20.41,1.85043,False
2024-10-27,16.9,10.9,15.268387,6.617204,20.3,1.631613,False
2024-10-28,13.6,8.1,15.067957,6.566129,20.11,-1.467957,False
2024-10-29,13.0,5.7,14.871935,6.500215,19.8,-1.871935,False
2024-10-30,12.6,4.9,14.660108,6.447527,19.6,-2.060108,False
2024-10-31,10.6,6.7,14.464731,6.384516,19.3,-3.864731,False
2024-11-01,13.3,10.1,14.242688,6.286129,19.1,-0.942688,False
2024-11-02,12.7,7.7,14.034086,6.216774,18.7,-1.334086,False
2024-11-03,13.8,9.0,13.812796,6.105054,18.3,-0.012796,False
2024-11-04,13.4,8.8,13.571075,5.99086,17.91,-0.171075,False
2024-11-05,12.7,7.1,13.345484,5.86086,17.7,-0.645484,False
2024-11-06,14.3,3.8,13.110323,5.709247,17.31,1.189677,False
2024-11-07,16.3,2.3,12.851935,5.564731,17.1,3.448065,False
2024-11-08,15.7,4.0,12.600968,5.45,16.7,3.099032,False
2024-11-09,13.3,5.0,12.379785,5.349462,16.4,0.920215,False
2024-11-10,12.7,6.2,12.194301,5.265914,16.2,0.505699,False
2024-11-11,12.6,9.8,12.022903,5.155484,16.0,0.577097,False
2024-11-12,12.3,7.9,11.837097,5.082473,15.7,0.462903,False
2024-11-13,12.6,9.8,11.656882,4.976452,15.51,0.943118,False
2024-11-14,11.8,8.9,11.480323,4.863978,15.4,0.319677,False
2024-11-15,9.6,2.5,11.323226,4.782796,15.3,-1.723226,False
2024-11-16,8.3,2.1,11.176774,4.706344,15.2,-2.876774,False
2024-11-17,10.9,6.9,11.025484,4.65957,14.81,-0.125484,False
2024-11-18,8.7,4.5,10.864516,4.567204,14.61,-2.164516,False
2024-11-19,7.6,3.8,10.703441,4.468925,14.5,-3.103441,False
2024-11-20,11.3,7.5,10.524946,4.325269,14.2,0.775054,False
2024-11-21,10.8,5.2,10.348495,4.200108,14.1,0.451505,False
2024-11-22,13.2,7.1,10.159247,4.069462,13.8,3.040753,False
2024-11-23,12.2,6.9,9.969247,3.947097,13.6,2.230753,False
2024-11-24,9.7,6.6,9.811398,3.838817,13.5,-0.111398,False
2024-11-25,10.2,6.8,9.687204,3.773763,13.5,0.512796,False
2024-11-26,9.3,3.3,9.564946,3.707849,13.5,-0.264946,False
2024-11-27,8.6,4.2,9.444516,3.662366,13.4,-0.844516,False
2024-11-28,6.6,1.2,9.333333,3.572473,13.2,-2.733333,False
2024-11-29,5.5,0.7,9.202688,3.444516,13.1,-3.702688,False
2024-11-30,6.6,1.9,9.044731,3.331075,13.0,-2.444731,False
2024-12-01,5.8,-2.1,8.908172,3.242043,12.7,-3.108172,False
2024-12-02,5.1,-1.7,8.794409,3.167957,12.6,-3.694409,False
2024-12-03,6.2,-1.4,8.671183,3.06043,12.5,-2.471183,False
2024-12-04,5.9,-0.5,8.571183,2.995054,12.3,-2.671183,False
2024-12-05,7.4,-1.0,8.487849,2.952258,12.2,-1.087849,False
2024-12-06,6.6,-0.8,8.405699,2.890215,12.01,-1.805699,False
2024-12-07,9.0,2.2,8.32871,2.854839,12.0,0.67129,False
2024-12-08,9.1,4.5,8.276344,2.820968,11.9,0.823656,False
2024-12-09,8.7,4.0,8.222258,2.765161,11.9,0.477742,False
2024-12-10,7.8,-0.3,8.160215,2.708495,11.8,-0.360215,False
2024-12-11,6.4,0.9,8.072258,2.642366,11.7,-1.672258,False
2024-12-12,5.3,3.0,8.015054,2.629462,11.6,-2.715054,False
2024-12-13,6.1,2.0,7.973118,2.626237,11.51,-1.873118,False
2024-12-14,9.5,6.2,7.928387,2.606452,11.5,1.571613,False
2024-12-15,9.1,4.2,7.879892,2.587312,11.5,1.220108,False
2024-12-16,9.9,5.4,7.819677,2.532258,11.4,2.080323,False
2024-12-17,11.2,7.2,7.767097,2.487742,11.4,3.432903,False
2024-12-18,13.7,10.5,7.73043,2.413763,11.4,5.96957,False
2024-12-19,12.8,8.1,7.699032,2.40172,11.4,5.100968,False
2024-12-20,11.1,7.4,7.672473,2.406452,11.5,3.427527,False
2024-12-21,11.4,7.5,7.653118,2.423118,11.5,3.746882,False
2024-12-22,9.8,7.2,7.64172,2.402366,11.5,2.15828,False
2024-12-23,11.0,5.8,7.661183,2.424086,11.5,3.338817,False
2024-12-24,11.2,8.6,7.688602,2.457312,11.51,3.511398,False
2024-12-25,8.8,4.6,7.706237,2.482043,11.5,1.093763,False
2024-12-26,11.5,6.8,7.714086,2.500753,11.5,3.785914,False
2024-12-27,10.9,7.5,7.715699,2.495591,11.51,3.184301,False
2024-12-28,11.4,8.5,7.701183,2.461075,11.5,3.698817,False
2024-12-29,11.1,6.9,7.694946,2.446344,11.6,3.405054,False
2024-12-30,8.7,3.8,7.693333,2.455484,11.6,1.006667,False
2024-12-31,8.1,1.1,7.716344,2.440215,11.6,0.383656,False
2025-01-01,7.3,3.7,7.713118,2.42828,11.6,-0.413118,False
2025-01-02,7.7,5.3,7.717419,2.41,11.6,-0.017419,False
2025-01-03,9.4,5.7,7.772903,2.444086,11.6,1.627097,False
2025-01-04,9.5,6.8,7.811935,2.478602,11.61,1.688065,False
2025-01-05,11.7,7.7,7.850538,2.467204,11.6,3.849462,False
2025-01-06,11.6,6.8,7.883011,2.480753,11.6,3.716989,False
2025-01-07,10.9,4.0,7.923226,2.497742,11.6,2.976774,False
2025-01-08,11.2,3.4,7.967742,2.537097,11.61,3.232258,False
2025-01-09,11.0,2.8,8.029677,2.589785,11.71,2.970323,False
2025-01-10,9.6,2.6,8.11,2.629892,11.9,1.49,False
2025-01-11,9.4,3.9,8.18129,2.667742,11.9,1.21871,False
2025-01-12,8.7,3.7,8.213226,2.637957,12.0,0.486774,False
2025-01-13,7.3,0.1,8.267204,2.646237,12.1,-0.967204,False
2025-01-14,5.2,-0.1,8.334839,2.688387,12.1,-3.134839,False
2025-01-15,7.0,0.2,8.407849,2.707527,12.1,-1.407849,False
2025-01-16,6.0,0.3,8.485699,2.760753,12.2,-2.485699,False
2025-01-17,5.1,-0.3,8.565484,2.776882,12.21,-3.465484,False
2025-01-18,8.5,-1.2,8.633763,2.808495,12.3,-0.133763,False
2025-01-19,8.0,-3.3,8.712796,2.823656,12.4,-0.712796,False
2025-01-20,8.2,-1.3,8.815591,2.850323,12.6,-0.615591,False
2025-01-21,7.9,-4.2,8.923333,2.879355,12.8,-1.023333,False
2025-01-22,9.3,-4.6,9.015161,2.933118,12.8,0.284839,False
2025-01-23,9.1,-4.4,9.090538,2.943226,12.9,0.009462,False
2025-01-24,8.9,1.1,9.14172,2.934946,13.0,-0.24172,False
2025-01-25,8.8,-3.3,9.217097,2.922151,13.2,-0.417097,False
2025-01-26,9.8,-3.6,9.283333,2.896344,13.2,0.516667,False
2025-01-27,10.6,-4.7,9.365376,2.902903,13.3,1.234624,False
2025-01-28,10.6,-4.9,9.46871,2.922366,13.3,1.13129,False
2025-01-29,10.8,-4.3,9.547527,2.926344,13.31,1.252473,False
2025-01-30,10.9,-3.9,9.63914,2.945161,13.4,1.26086,False
2025-01-31,11.0,3.3,9.752258,3.00129,13.5,1.247742,False
2025-02-01,11.0,2.2,9.868387,3.06,13.7,1.131613,False
2025-02-02,6.6,0.8,9.968925,3.114086,13.7,-3.368925,False
2025-02-03,4.9,0.1,10.026129,3.105914,13.8,-5.126129,False
2025-02-04,5.4,-2.3,10.077527,3.108602,13.8,-4.677527,False
2025-02-05,5.3,0.7,10.134516,3.099247,13.81,-4.834516,False
2025-02-06,6.5,0.7,10.202366,3.118602,14.0,-3.702366,False
2025-02-07,6.9,-0.7,10.281935,3.136559,14.1,-3.381935,False
2025-02-08,7.3,1.9,10.348172,3.101183,14.1,-3.048172,False
2025-02-09,7.2,0.6,10.399462,3.072903,14.3,-3.199462,False
2025-02-10,6.9,-1.8,10.445914,3.048817,14.3,-3.545914,False
2025-02-11,4.6,-3.3,10.493548,3.026344,14.31,-5.893548,False
2025-02-12,5.1,-4.6,10.564086,3.037634,14.5,-5.464086,False
2025-02-13,4.8,-2.3,10.626882,3.026882,14.6,-5.826882,False
2025-02-14,4.9,-1.4,10.696667,3.025484,14.7,-5.796667,False
2025-02-15,5.4,0.5,10.757634,3.046559,14.7,-5.357634,False
2025-02-16,10.1,4.4,10.835591,3.066989,14.71,-0.735591,False
2025-02-17,11.7,7.4,10.908602,3.078602,14.8,0.791398,False
2025-02-18,11.2,6.6,10.976452,3.109785,14.9,0.223548,False
2025-02-19,11.3,7.0,11.054516,3.121613,15.1,0.245484,False
2025-02-20,11.1,5.5,11.120645,3.122151,15.31,-0.020645,False
2025-02-21,11.1,2.9,11.202796,3.146882,15.41,-0.102796,False
2025-02-22,13.0,8.4,11.301505,3.174731,15.7,1.698495,False
2025-02-23,13.9,11.6,11.400323,3.22,15.8,2.499677,False
2025-02-24,14.2,7.1,11.533441,3.267957,15.91,2.666559,False
2025-02-25,12.7,8.0,11.664624,3.35172,16.11,1.035376,False
2025-02-26,15.7,1.6,11.788817,3.432581,16.4,3.911183,False
2025-02-27,18.2,1.7,11.88172,3.513871,16.5,6.31828,False
2025-02-28,18.7,2.4,11.961828,3.577957,16.8,6.738172,False
2025-03-01,18.5,2.8,12.050645,3.641075,17.01,6.449355,False
2025-03-02,17.0,8.4,12.11914,3.67,17.1,4.88086,False
2025-03-03,11.9,7.9,12.194731,3.715376,17.1,-0.294731,False
2025-03-04,12.9,5.5,12.289677,3.716022,17.3,0.610323,False
2025-03-05,12.9,2.6,12.404946,3.749892,17.6,0.495054,False
2025-03-06,13.6,2.8,12.510108,3.803441,17.7,1.089892,False
2025-03-07,13.7,0.6,12.613548,3.834731,17.7,1.086452,False
2025-03-08,15.0,4.5,12.707204,3.88,17.8,2.292796,False
2025-03-09,15.3,2.8,12.810215,3.930753,18.0,2.489785,False
2025-03-10,14.9,3.9,12.906667,3.972151,18.1,1.993333,False
2025-03-11,10.9,5.2,13.000108,4.036989,18.21,-2.100108,False
2025-03-12,11.1,7.4,13.085914,4.103978,18.3,-1.985914,False
2025-03-13,9.5,4.4,13.177097,4.178925,18.4,-3.677097,False
2025-03-14,8.0,1.0,13.32129,4.275269,18.5,-5.32129,False
2025-03-15,9.0,5.4,13.475054,4.363763,18.7,-4.475054,False
2025-03-16,9.0,4.8,13.60043,4.444409,19.1,-4.60043,False
2025-03-17,10.5,3.0,13.705269,4.49086,19.3,-3.205269,False
2025-03-18,10.6,2.6,13.802796,4.530753,19.3,-3.202796,False
2025-03-19,11.6,5.1,13.891075,4.547097,19.51,-2.291075,False
2025-03-20,11.5,5.9,13.994946,4.597957,19.7,-2.494946,False
2025-03-21,9.4,7.8,14.076237,4.646882,19.7,-4.676237,False
2025-03-22,12.3,4.6,14.162796,4.737634,19.81,-1.862796,False
2025-03-23,15.2,8.2,14.277957,4.835054,19.91,0.922043,False
2025-03-24,19.9,12.8,14.357957,4.913226,20.01,5.542043,False
2025-03-25,24.9,9.7,14.435269,4.965591,20.1,10.464731,False
2025-03-26,25.6,10.8,14.496452,5.014086,20.11,11.103548,False
2025-03-27,22.4,9.1,14.561505,5.060215,20.2,7.838495,False
2025-03-28,12.2,8.7,14.612473,5.093763,20.2,-2.412473,False
2025-03-29,13.6,5.6,14.646559,5.118387,20.3,-1.046559,False
2025-03-30,16.6,4.7,14.686022,5.098602,20.31,1.913978,False
2025-03-31,11.3,6.4,14.736237,5.113333,20.4,-3.436237,False
2025-04-01,12.0,2.4,14.826989,5.15828,20.5,-2.826989,False
2025-04-02,11.9,5.1,14.942903,5.225914,20.7,-3.042903,False
2025-04-03,13.6,4.0,15.049677,5.269032,20.91,-1.449677,False
2025-04-04,20.2,2.2,15.143871,5.322151,21.21,5.056129,False
2025-04-05,22.1,6.9,15.234839,5.376882,21.51,6.865161,False
2025-04-06,22.3,10.7,15.342366,5.435699,21.62,6.957634,False
2025-04-07,14.6,10.6,15.460645,5.496022,21.81,-0.860645,False
2025-04-08,13.3,8.3,15.581398,5.562258,22.01,-2.281398,False
2025-04-09,16.7,5.9,15.693763,5.626237,22.2,1.006237,False
2025-04-10,18.0,7.7,15.816667,5.695914,22.4,2.183333,False
2025-04-11,14.1,7.3,15.955161,5.764194,22.6,-1.855161,False
2025-04-12,13.8,4.5,16.105699,5.853548,22.7,-2.305699,False
2025-04-13,19.6,1.5,16.220215,5.925484,22.8,3.379785,False
2025-04-14,23.8,6.5,16.320968,5.991075,22.8,7.479032,False
2025-04-15,23.6,8.3,16.397634,6.050323,22.8,7.202366,False
2025-04-16,22.2,7.0,16.507419,6.079355,22.9,5.692581,False
2025-04-17,20.6,4.6,16.643548,6.15914,23.0,3.956452,False
2025-04-18,23.3,5.2,16.786129,6.241613,23.1,6.513871,False
2025-04-19,23.5,9.3,16.918172,6.335591,23.3,6.581828,False
2025-04-20,16.7,6.8,17.041505,6.441075,23.5,-0.341505,False
2025-04-21,14.5,6.9,17.197849,6.53129,23.6,-2.697849,False
2025-04-22,17.3,2.9,17.352043,6.584946,23.81,-0.052043,False
2025-04-23,21.4,5.2,17.468817,6.627742,24.11,3.931183,False
2025-04-24,24.0,5.0,17.584731,6.665161,24.21,6.415269,False
2025-04-25,24.0,8.0,17.716774,6.732258,24.52,6.283226,False
2025-04-26,21.8,9.9,17.880215,6.808817,25.01,3.919785,False
2025-04-27,18.4,7.3,18.013226,6.88129,25.32,0.386774,False
2025-04-28,17.3,8.7,18.165376,6.958602,25.6,-0.865376,False
2025-04-29,18.3,10.4,18.376452,7.072903,25.8,-0.076452,False
2025-04-30,18.6,5.6,18.586452,7.215269,26.02,0.013548,False
2025-05-01,26.6,5.9,18.759892,7.336452,26.31,7.840108,False
2025-05-02,27.1,8.6,18.893548,7.439785,26.5,8.206452,False
2025-05-03,20.3,9.3,19.032581,7.537312,26.7,1.267419,False
2025-05-04,18.2,4.2,19.143871,7.642903,26.7,-0.943871,False
2025-05-05,23.6,6.8,19.223763,7.756989,26.7,4.376237,False
2025-05-06,27.0,7.3,19.296344,7.837204,26.7,7.703656,False
2025-05-07,26.6,9.3,19.377419,7.920215,26.9,7.222581,False
2025-05-08,19.8,5.3,19.505484,8.02914,27.1,0.294516,False
2025-05-09,24.1,6.3,19.667097,8.138065,27.21,4.432903,False
2025-05-10,24.2,8.2,19.807742,8.240645,27.3,4.392258,False
2025-05-11,20.2,10.2,19.916452,8.347957,27.3,0.283548,False
2025-05-12,15.4,9.0,20.023548,8.474624,27.3,-4.623548,False
2025-05-13,16.2,8.7,20.122688,8.575914,27.41,-3.922688,False
2025-05-14,17.1,10.3,20.245699,8.677634,27.8,-3.145699,False
2025-05-15,16.7,8.1,20.38043,8.764086,27.9,-3.68043,False
2025-05-16,17.0,8.3,20.534409,8.882366,28.0,-3.534409,False
2025-05-17,17.3,11.8,20.664839,9.011183,28.22,-3.364839,False
2025-05-18,14.9,9.1,20.757097,9.096452,28.22,-5.857097,False
2025-05-19,18.0,9.8,20.889462,9.183656,28.4,-2.889462,False
2025-05-20,16.9,9.0,21.025699,9.286022,28.5,-4.125699,False
2025-05-21,19.3,6.9,21.145699,9.374409,28.51,-1.845699,False
2025-05-22,19.1,10.9,21.231075,9.454301,28.6,-2.131075,False
2025-05-23,19.6,9.3,21.296237,9.561505,28.6,-1.696237,False
2025-05-24,25.3,8.3,21.359032,9.650323,28.6,3.940968,False
2025-05-25,25.8,9.2,21.446989,9.750538,28.6,4.353011,False
2025-05-26,20.7,12.4,21.497419,9.82828,28.6,-0.797419,False
2025-05-27,27.4,7.8,21.547097,9.893441,28.51,5.852903,False
2025-05-28,28.1,12.5,21.638172,9.967204,28.5,6.461828,False
2025-05-29,26.8,12.4,21.678172,10.065269,28.4,5.121828,False
2025-05-30,28.5,7.6,21.664194,10.101075,28.4,6.835806,False
2025-05-31,28.4,11.1,21.680645,10.133226,28.31,6.719355,False
2025-06-01,22.4,6.9,21.724301,10.17086,28.4,0.675699,False
2025-06-02,23.6,8.7,21.798602,10.213118,28.4,1.801398,False
2025-06-03,24.7,8.6,21.872366,10.277742,28.4,2.827634,False
2025-06-04,24.4,12.5,21.977419,10.301828,28.4,2.422581,False
2025-06-05,25.1,10.4,22.130968,10.367204,28.7,2.969032,False
2025-06-06,28.2,13.7,22.285914,10.462473,28.81,5.914086,False
2025-06-07,29.7,11.6,22.426452,10.533548,28.9,7.273548,True
2025-06-08,34.7,16.3,22.511935,10.590323,28.71,12.188065,True
2025-06-09,35.1,18.4,22.581935,10.659677,28.9,12.518065,True
2025-06-10,34.0,11.6,22.694946,10.718925,29.1,11.305054,True
2025-06-11,29.9,10.8,22.843978,10.793011,29.31,7.056022,True
2025-06-12,24.1,9.6,23.000645,10.87086,29.8,1.099355,False
2025-06-13,21.7,8.7,23.14871,10.949892,29.9,-1.44871,False
2025-06-14,19.3,8.0,23.294194,11.029785,30.01,-3.994194,False
2025-06-15,23.8,6.4,23.415161,11.118495,30.22,0.384839,False
2025-06-16,24.9,9.6,23.519785,11.184946,30.41,1.380215,False
2025-06-17,25.7,9.0,23.626989,11.256989,30.61,2.073011,False
2025-06-18,26.4,13.9,23.747957,11.335914,30.8,2.652043,False
2025-06-19,22.1,8.4,23.826452,11.397849,30.9,-1.726452,False
2025-06-20,21.6,10.6,23.924624,11.445591,30.9,-2.324624,False
2025-06-21,16.3,9.8,24.050323,11.49871,30.91,-7.750323,False
2025-06-22,20.2,11.4,24.213333,11.563871,31.11,-4.013333,False
2025-06-23,26.1,10.2,24.393333,11.631183,31.3,1.706667,False
2025-06-24,28.6,14.8,24.591613,11.724409,31.4,4.008387,False
2025-06-25,28.1,12.8,24.774946,11.816667,31.61,3.325054,False
2025-06-26,21.9,12.4,24.977097,11.903011,31.71,-3.077097,False
2025-06-27,21.0,14.0,25.169892,11.997742,31.81,-4.169892,False
2025-06-28,24.3,13.5,25.332043,12.107097,31.91,-1.032043,False
2025-06-29,31.5,12.6,25.516989,12.151398,32.0,5.983011,False
2025-06-30,34.0,16.2,25.750215,12.253978,32.0,8.249785,False
2025-07-01,33.4,15.9,25.966237,12.367097,32.2,7.433763,False
2025-07-02,30.8,12.8,26.17086,12.480645,32.41,4.62914,False
2025-07-03,25.1,12.1,26.342151,12.574194,32.6,-1.242151,False
2025-07-04,24.0,12.0,26.510108,12.654409,32.7,-2.510108,False
2025-07-05,24.6,10.4,26.672688,12.764409,32.9,-2.072688,False
2025-07-06,28.9,11.4,26.817527,12.847957,33.11,2.082473,False
2025-07-07,31.2,13.5,26.988602,12.93828,33.4,4.211398,False
2025-07-08,32.3,15.1,27.129462,13.043656,33.6,5.170538,False
2025-07-09,32.3,14.7,27.295484,13.124624,33.71,5.004516,False
2025-07-10,25.7,16.6,27.45043,13.176344,33.8,-1.75043,False
2025-07-11,30.9,13.6,27.588495,13.236452,33.8,3.311505,False
2025-07-12,31.1,16.5,27.734194,13.290108,33.9,3.365806,False
2025-07-13,34.8,18.9,27.866237,13.347634,33.9,6.933763,False
2025-07-14,34.8,17.3,27.997527,13.390538,33.9,6.802473,False
2025-07-15,32.9,10.9,28.122688,13.440538,34.0,4.777312,False
2025-07-16,35.6,16.9,28.244086,13.467634,34.11,7.355914,False
2025-07-17,35.8,13.7,28.348172,13.49828,34.01,7.451828,False
2025-07-18,30.6,14.8,28.440753,13.526129,34.1,2.159247,False
2025-07-19,27.9,13.4,28.54129,13.556989,34.11,-0.64129,False
2025-07-20,26.2,12.6,28.686452,13.622258,34.21,-2.486452,False
2025-07-21,24.2,14.0,28.813226,13.685914,34.43,-4.613226,False
2025-07-22,28.2,12.5,28.870108,13.735806,34.43,-0.670108,False
2025-07-23,31.7,14.3,28.884086,13.776559,34.43,2.815914,False
2025-07-24,31.8,14.6,28.888495,13.806667,34.43,2.911505,False
2025-07-25,29.0,13.3,28.907419,13.831505,34.8,0.092581,False
2025-07-26,26.8,12.4,28.950753,13.858495,35.0,-2.150753,False
2025-07-27,26.2,11.1,28.997849,13.891398,35.0,-2.797849,False
2025-07-28,28.7,11.8,29.039462,13.90914,35.01,-0.339462,False
2025-07-29,32.0,13.9,29.109032,13.915591,35.01,2.890968,False
2025-07-30,32.3,15.3,29.196774,13.968495,35.1,3.103226,False
2025-07-31,28.8,16.2,29.23086,13.995161,35.1,-0.43086,False
2025-08-01,28.3,15.0,29.251183,14.001613,35.2,-0.951183,False
2025-08-02,28.4,14.2,29.267849,14.008495,35.11,-0.867849,False
2025-08-03,25.9,13.1,29.310215,14.00871,35.11,-3.410215,False
2025-08-04,22.8,13.8,29.315269,14.015269,35.2,-6.515269,False
2025-08-05,27.0,12.3,29.313763,14.01172,35.2,-2.313763,False
2025-08-06,27.6,16.5,29.295054,14.001075,35.2,-1.695054,False
2025-08-07,21.8,14.7,29.219677,13.946667,35.1,-7.419677,False
2025-08-08,26.0,11.1,29.170538,13.894731,35.0,-3.170538,False
2025-08-09,28.9,14.2,29.106452,13.846774,35.0,-0.206452,False
2025-08-10,36.3,15.8,29.051183,13.816022,35.0,7.248817,True
2025-08-11,36.2,18.6,29.00871,13.787742,34.9,7.19129,True
2025-08-12,36.4,19.5,28.934946,13.757742,34.7,7.465054,True
2025-08-13,36.4,17.2,28.880645,13.72129,34.7,7.519355,True
2025-08-14,28.5,17.2,28.824731,13.70914,34.6,-0.324731,False
2025-08-15,26.9,18.6,28.723871,13.685591,34.5,-1.823871,False
2025-08-16,24.0,17.2,28.606129,13.671075,34.31,-4.606129,False
2025-08-17,24.7,15.5,28.515376,13.637204,34.21,-3.815376,False
2025-08-18,25.1,16.1,28.454194,13.58957,34.21,-3.354194,False
2025-08-19,26.3,12.4,28.393871,13.556667,34.31,-2.093871,False
2025-08-20,26.7,15.1,28.283226,13.501075,34.3,-1.583226,False
2025-08-21,30.3,12.2,28.164516,13.438925,34.2,2.135484,False
2025-08-22,37.9,13.4,28.093333,13.38086,34.2,9.806667,True
2025-08-23,37.9,16.6,28.070538,13.333333,34.2,9.829462,True
2025-08-24,37.6,17.8,28.033978,13.297634,34.2,9.566022,True
2025-08-25,35.3,19.6,27.956129,13.244839,34.0,7.343871,True
2025-08-26,32.3,19.6,27.865914,13.18129,33.9,4.434086,False
2025-08-27,32.2,18.3,27.815161,13.127849,33.9,4.384839,False
2025-08-28,30.8,15.3,27.756129,13.058925,33.8,3.043871,False
2025-08-29,31.0,14.7,27.649032,12.97914,33.7,3.350968,False
2025-08-30,28.3,13.2,27.478602,12.89828,33.32,0.821398,False
2025-08-31,27.6,14.4,27.31,12.823548,33.11,0.29,False
2025-09-01,27.6,14.3,27.141398,12.747204,33.0,0.458602,False
2025-09-02,30.3,13.5,26.963978,12.666344,32.81,3.336022,False
2025-09-03,30.8,18.9,26.765484,12.590215,32.7,4.034516,False
2025-09-04,29.8,16.5,26.60086,12.510215,32.6,3.19914,False
2025-09-05,30.1,17.9,26.42129,12.404409,32.5,3.67871,False
2025-09-06,25.7,16.2,26.271075,12.304839,32.5,-0.571075,False
2025-09-07,23.5,15.6,26.169677,12.226022,32.41,-2.669677,False
2025-09-08,24.7,12.9,26.071828,12.12957,32.41,-1.371828,False
2025-09-09,25.1,16.2,25.973978,12.053978,32.4,-0.873978,False
2025-09-10,24.5,15.1,25.85828,12.008065,32.4,-1.35828,False
2025-09-11,23.9,15.5,25.710108,11.930645,32.3,-1.810108,False
2025-09-12,21.5,14.4,25.593118,11.836237,32.2,-4.093118,False
2025-09-13,26.5,12.5,25.475914,11.732258,32.01,1.024086,False
2025-09-14,26.5,15.1,25.346022,11.623656,31.91,1.153978,False
2025-09-15,23.1,9.4,25.217097,11.530323,31.9,-2.117097,False
2025-09-16,32.7,13.0,25.071398,11.425376,31.9,7.628602,False
2025-09-17,32.7,12.5,24.871828,11.314731,31.7,7.828172,False
2025-09-18,26.5,12.8,24.626237,11.211613,31.51,1.873763,False
2025-09-19,26.4,11.8,24.394946,11.083333,31.3,2.005054,False
2025-09-20,26.7,11.5,24.196129,10.946129,30.81,2.503871,False
2025-09-21,25.8,12.8,24.03043,10.842151,30.42,1.76957,False
2025-09-22,23.9,8.2,23.845376,10.763226,30.2,0.054624,False
2025-09-23,30.3,9.8,23.620753,10.667097,30.1,6.679247,False
2025-09-24,29.9,10.9,23.386129,10.533656,29.91,6.513871,False
2025-09-25,27.4,9.6,23.142903,10.400108,29.71,4.257097,False
2025-09-26,22.3,7.2,22.869892,10.246882,29.5,-0.569892,False
2025-09-27,25.7,8.8,22.565161,10.093011,29.3,3.134839,False
2025-09-28,25.9,9.5,22.270645,9.977419,29.0,3.629355,False
2025-09-29,22.9,13.9,22.010968,9.846452,28.8,0.889032,False
2025-09-30,20.6,10.2,21.786452,9.696559,28.7,-1.186452,False
2025-10-01,16.5,13.2,21.586022,9.57043,28.41,-5.086022,False
2025-10-02,18.0,10.4,21.39172,9.443978,28.3,-3.39172,False
2025-10-03,18.5,9.2,21.21086,9.321183,28.0,-2.71086,False
2025-10-04,18.5,13.2,21.041505,9.226989,27.9,-2.541505,False
2025-10-05,21.7,10.1,20.845591,9.124946,27.8,0.854409,False
2025-10-06,24.5,6.5,20.650538,9.048172,27.7,3.849462,False
2025-10-07,25.3,7.3,20.443118,8.956559,27.5,4.856882,False
2025-10-08,25.0,8.8,20.206344,8.837097,27.11,4.793656,False
2025-10-09,16.4,5.6,19.939892,8.736989,26.61,-3.539892,False
2025-10-10,15.9,10.2,19.659462,8.611613,26.12,-3.759462,False
2025-10-11,15.7,9.8,19.367312,8.475376,25.8,-3.667312,False
2025-10-12,13.7,9.9,19.086452,8.319462,25.4,-5.386452,False
2025-10-13,15.3,5.2,18.767957,8.198925,24.91,-3.467957,False
2025-10-14,17.0,4.6,18.423226,8.086237,24.51,-1.423226,False
2025-10-15,17.9,2.6,18.087849,7.944624,23.71,-0.187849,False
2025-10-16,18.0,2.3,17.792043,7.802366,23.21,0.207957,False
2025-10-17,16.3,10.1,17.527097,7.666989,23.0,-1.227097,False
2025-10-18,16.0,3.0,17.3,7.546022,22.51,-1.3,False
2025-10-19,16.2,10.1,17.094946,7.421613,22.4,-0.894946,False
2025-10-20,15.7,7.5,16.88,7.33086,22.3,-1.18,False
2025-10-21,17.3,5.0,16.642581,7.265054,21.81,0.657419,False
2025-10-22,17.2,4.8,16.383333,7.177742,21.6,0.816667,False
2025-10-23,17.2,8.5,16.144731,7.052043,21.4,1.055269,False
2025-10-24,17.0,9.5,15.903978,6.92172,21.11,1.096022,False
2025-10-25,13.0,7.4,15.669355,6.792581,20.9,-2.669355,False
2025-10-26,10.9,7.0,15.44957,6.693656,20.41,-4.54957,False
2025-10-27,12.6,5.0,15.268387,6.617204,20.3,-2.668387,False
2025-10-28,13.4,4.8,15.067957,6.566129,20.11,-1.667957,False
2025-10-29,14.8,7.0,14.871935,6.500215,19.8,-0.071935,False
2025-10-30,14.2,3.9,14.660108,6.447527,19.6,-0.460108,False
2025-10-31,14.3,4.6,14.464731,6.384516,19.3,-0.164731,False
2025-11-01,15.2,12.2,14.242688,6.286129,19.1,0.957312,False
2025-11-02,14.6,5.0,14.034086,6.216774,18.7,0.565914,False
2025-11-03,12.8,8.4,13.812796,6.105054,18.3,-1.012796,False
2025-11-04,12.8,7.0,13.571075,5.99086,17.91,-0.771075,False
2025-11-05,15.3,10.0,13.345484,5.86086,17.7,1.954516,False
2025-11-06,15.6,11.2,13.110323,5.709247,17.31,2.489677,False
2025-11-07,13.8,8.4,12.851935,5.564731,17.1,0.948065,False
2025-11-08,14.6,4.4,12.600968,5.45,16.7,1.999032,False
2025-11-09,15.9,5.6,12.379785,5.349462,16.4,3.520215,False
2025-11-10,15.2,7.3,12.194301,5.265914,16.2,3.005699,False
2025-11-11,13.7,6.7,12.022903,5.155484,16.0,1.677097,False
2025-11-12,14.8,8.7,11.837097,5.082473,15.7,2.962903,False
2025-11-13,14.1,10.5,11.656882,4.976452,15.51,2.443118,False
2025-11-14,14.2,9.9,11.480323,4.863978,15.4,2.719677,False
2025-11-15,15.1,11.6,11.323226,4.782796,15.3,3.776774,False
2025-11-16,14.8,8.4,11.176774,4.706344,15.2,3.623226,False
2025-11-17,12.0,8.3,11.025484,4.65957,14.81,0.974516,False
2025-11-18,10.0,1.7,10.864516,4.567204,14.61,-0.864516,False
2025-11-19,9.3,1.5,10.703441,4.468925,14.5,-1.403441,False
2025-11-20,11.9,6.4,10.524946,4.325269,14.2,1.375054,False
2025-11-21,10.6,1.7,10.348495,4.200108,14.1,0.251505,False
2025-11-22,8.8,2.3,10.159247,4.069462,13.8,-1.359247,False
2025-11-23,9.1,5.3,9.969247,3.947097,13.6,-0.869247,False
2025-11-24,9.6,4.0,9.811398,3.838817,13.5,-0.211398,False
2025-11-25,9.3,2.5,9.687204,3.773763,13.5,-0.387204,False
2025-11-26,10.2,6.7,9.564946,3.707849,13.5,0.635054,False
2025-11-27,11.9,7.2,9.444516,3.662366,13.4,2.455484,False
2025-11-28,12.2,10.3,9.333333,3.572473,13.2,2.866667,False
2025-11-29,11.7,4.2,9.202688,3.444516,13.1,2.497312,False
2025-11-30,9.2,3.3,9.044731,3.331075,13.0,0.155269,False
2025-12-01,8.2,-0.7,8.908172,3.242043,12.7,-0.708172,False
2025-12-02,9.6,3.6,8.794409,3.167957,12.6,0.805591,False
2025-12-03,9.3,3.5,8.671183,3.06043,12.5,0.628817,False
2025-12-04,7.0,2.1,8.571183,2.995054,12.3,-1.571183,False
2025-12-05,13.5,7.2,8.487849,2.952258,12.2,5.012151,False
2025-12-06,13.3,9.7,8.405699,2.890215,12.01,4.894301,False
2025-12-07,14.1,9.3,8.32871,2.854839,12.0,5.77129,False
2025-12-08,13.8,10.1,8.276344,2.820968,11.9,5.523656,False
2025-12-09,13.6,8.5,8.222258,2.765161,11.9,5.377742,False
2025-12-10,16.1,9.8,8.160215,2.708495,11.8,7.939785,False
2025-12-11,16.1,13.0,8.072258,2.642366,11.7,8.027742,False
2025-12-12,14.6,8.8,8.015054,2.629462,11.6,6.584946,False
2025-12-13,12.1,6.7,7.973118,2.626237,11.51,4.126882,False
2025-12-14,10.4,4.5,7.928387,2.606452,11.5,2.471613,False
2025-12-15,15.2,8.0,7.879892,2.587312,11.5,7.320108,False
2025-12-16,15.1,9.9,7.819677,2.532258,11.4,7.280323,False
2025-12-17,14.7,6.4,7.767097,2.487742,11.4,6.932903,False
2025-12-18,12.4,5.6,7.73043,2.413763,11.4,4.66957,False
2025-12-19,13.8,4.0,7.699032,2.40172,11.4,6.100968,False
2025-12-20,8.5,4.0,7.672473,2.406452,11.5,0.827527,False
2025-12-21,8.0,3.8,7.653118,2.423118,11.5,0.346882,False
2025-12-22,10.2,4.3,7.64172,2.402366,11.5,2.55828,False
2025-12-23,9.2,4.5,7.661183,2.424086,11.5,1.538817,False
2025-12-24,9.4,5.8,7.688602,2.457312,11.51,1.711398,False
2025-12-25,10.4,4.3,7.706237,2.482043,11.5,2.693763,False
2025-12-26,9.9,3.5,7.714086,2.500753,11.5,2.185914,False
2025-12-27,7.1,2.4,7.715699,2.495591,11.51,-0.615699,False
2025-12-28,6.3,-0.9,7.701183,2.461075,11.5,-1.401183,False
2025-12-29,7.5,1.0,7.694946,2.446344,11.6,-0.194946,False
2025-12-30,9.0,-0.8,7.693333,2.455484,11.6,1.306667,False
2025-12-31,8.5,-1.5,7.716344,2.440215,11.6,0.783656,False
